exp_a,exp_b,trial_id,expertise_a,expertise_b,score,source_file
10,87,5,low,high,45.61320677175498,Java_low_Java_high_results.csv
13,69,5,low,high,91.84196421468648,Java_low_Java_high_results.csv
13,80,5,low,high,78.4112626203743,Java_low_Java_high_results.csv
10,82,5,low,high,37.64910303467846,Java_low_Java_high_results.csv
10,86,5,low,high,46.458478856586346,Java_low_Java_high_results.csv
13,82,5,low,high,86.484190480492,Java_low_Java_high_results.csv
10,48,5,low,high,23.48520021795297,Java_low_Java_high_results.csv
21,48,5,low,high,41.02448754930423,Java_low_Java_high_results.csv
10,69,5,low,high,49.37333396335063,Java_low_Java_high_results.csv
10,118,5,low,high,24.820445886040535,Java_low_Java_high_results.csv
13,86,5,low,high,91.84112895309592,Java_low_Java_high_results.csv
10,80,5,low,high,21.452191543857737,Java_low_Java_high_results.csv
21,68,5,low,high,43.53188722443258,Java_low_Java_high_results.csv
13,48,5,low,high,78.36239899070883,Java_low_Java_high_results.csv
13,118,5,low,high,80.40747323572677,Java_low_Java_high_results.csv
10,178,5,low,high,23.489111443442408,Java_low_Java_high_results.csv
10,68,5,low,high,26.12901170375205,Java_low_Java_high_results.csv
13,178,5,low,high,77.19279763294297,Java_low_Java_high_results.csv
21,80,5,low,high,39.45871450536689,Java_low_Java_high_results.csv
13,87,5,low,high,91.67686698857705,Java_low_Java_high_results.csv
21,82,5,low,high,52.572228637565686,Java_low_Java_high_results.csv
13,68,5,low,high,78.4903092721875,Java_low_Java_high_results.csv
21,69,5,low,high,58.85165860176698,Java_low_Java_high_results.csv
27,80,5,low,high,15.265189506539832,Java_low_Java_high_results.csv
27,48,5,low,high,18.730842207974938,Java_low_Java_high_results.csv
27,68,5,low,high,23.625743725399253,Java_low_Java_high_results.csv
27,69,5,low,high,48.12977744118644,Java_low_Java_high_results.csv
21,118,5,low,high,45.02272654136975,Java_low_Java_high_results.csv
21,178,5,low,high,40.45331208035844,Java_low_Java_high_results.csv
27,82,5,low,high,32.794417549021155,Java_low_Java_high_results.csv
27,87,5,low,high,44.50005812577601,Java_low_Java_high_results.csv
27,86,5,low,high,47.14960672331048,Java_low_Java_high_results.csv
21,87,5,low,high,60.31307986755169,Java_low_Java_high_results.csv
27,118,5,low,high,24.148406308040126,Java_low_Java_high_results.csv
21,86,5,low,high,61.343525927272566,Java_low_Java_high_results.csv
27,178,5,low,high,20.29802247162641,Java_low_Java_high_results.csv
29,48,5,low,high,25.091664965800295,Java_low_Java_high_results.csv
29,80,5,low,high,22.97970278310368,Java_low_Java_high_results.csv
29,68,5,low,high,31.036853286250103,Java_low_Java_high_results.csv
29,82,5,low,high,36.24508860310561,Java_low_Java_high_results.csv
29,118,5,low,high,31.356902131861197,Java_low_Java_high_results.csv
29,69,5,low,high,54.661123941342304,Java_low_Java_high_results.csv
29,178,5,low,high,28.93179340070211,Java_low_Java_high_results.csv
29,86,5,low,high,53.47001920572541,Java_low_Java_high_results.csv
29,87,5,low,high,49.17869115279143,Java_low_Java_high_results.csv
31,48,5,low,high,33.234223693180375,Java_low_Java_high_results.csv
31,68,5,low,high,34.18395115589744,Java_low_Java_high_results.csv
31,80,5,low,high,31.776008861411505,Java_low_Java_high_results.csv
31,118,5,low,high,37.31180213933574,Java_low_Java_high_results.csv
31,82,5,low,high,46.23378408335193,Java_low_Java_high_results.csv
31,69,5,low,high,54.16235421189809,Java_low_Java_high_results.csv
34,48,5,low,high,36.45327192866755,Java_low_Java_high_results.csv
31,87,5,low,high,49.5901424049593,Java_low_Java_high_results.csv
31,178,5,low,high,31.69561044377644,Java_low_Java_high_results.csv
31,86,5,low,high,52.16014519780339,Java_low_Java_high_results.csv
34,68,5,low,high,41.82518946094172,Java_low_Java_high_results.csv
34,80,5,low,high,34.92273670358018,Java_low_Java_high_results.csv
34,82,5,low,high,46.05062434560151,Java_low_Java_high_results.csv
34,118,5,low,high,43.54523690171348,Java_low_Java_high_results.csv
34,178,5,low,high,40.00731691262077,Java_low_Java_high_results.csv
34,69,5,low,high,60.82470342605272,Java_low_Java_high_results.csv
35,48,5,low,high,53.59503913992473,Java_low_Java_high_results.csv
34,86,5,low,high,59.73936899005236,Java_low_Java_high_results.csv
34,87,5,low,high,56.471676149313375,Java_low_Java_high_results.csv
35,68,5,low,high,53.81986616169327,Java_low_Java_high_results.csv
35,80,5,low,high,52.11793206685015,Java_low_Java_high_results.csv
35,118,5,low,high,54.1554266643441,Java_low_Java_high_results.csv
35,82,5,low,high,61.65834657706592,Java_low_Java_high_results.csv
37,48,5,low,high,38.81515853187165,Java_low_Java_high_results.csv
35,178,5,low,high,52.178035494081946,Java_low_Java_high_results.csv
35,86,5,low,high,68.61053933920178,Java_low_Java_high_results.csv
35,69,5,low,high,67.81511325529384,Java_low_Java_high_results.csv
35,87,5,low,high,68.63114584766761,Java_low_Java_high_results.csv
37,68,5,low,high,39.8960037182807,Java_low_Java_high_results.csv
37,80,5,low,high,39.38659697186193,Java_low_Java_high_results.csv
37,118,5,low,high,43.294358125331605,Java_low_Java_high_results.csv
37,69,5,low,high,61.29702812583307,Java_low_Java_high_results.csv
37,178,5,low,high,38.30804465242221,Java_low_Java_high_results.csv
37,82,5,low,high,53.197110939986494,Java_low_Java_high_results.csv
41,48,5,low,high,39.52257613705133,Java_low_Java_high_results.csv
37,87,5,low,high,55.99486552437785,Java_low_Java_high_results.csv
37,86,5,low,high,60.87525147565366,Java_low_Java_high_results.csv
41,68,5,low,high,40.048665220667424,Java_low_Java_high_results.csv
41,80,5,low,high,38.74824281150912,Java_low_Java_high_results.csv
41,82,5,low,high,51.42873388149352,Java_low_Java_high_results.csv
41,118,5,low,high,43.555225102404094,Java_low_Java_high_results.csv
43,48,5,low,high,23.296063871612333,Java_low_Java_high_results.csv
41,69,5,low,high,58.507664915437225,Java_low_Java_high_results.csv
41,178,5,low,high,37.90534445317609,Java_low_Java_high_results.csv
43,68,5,low,high,29.42236093123963,Java_low_Java_high_results.csv
41,86,5,low,high,54.90841404599712,Java_low_Java_high_results.csv
41,87,5,low,high,53.77978443346755,Java_low_Java_high_results.csv
43,80,5,low,high,22.291062298473427,Java_low_Java_high_results.csv
43,82,5,low,high,36.121883912403,Java_low_Java_high_results.csv
43,118,5,low,high,30.257314219923188,Java_low_Java_high_results.csv
43,69,5,low,high,52.32330676710222,Java_low_Java_high_results.csv
43,178,5,low,high,27.207837552928936,Java_low_Java_high_results.csv
43,86,5,low,high,51.61743943151748,Java_low_Java_high_results.csv
43,87,5,low,high,47.11379637991792,Java_low_Java_high_results.csv
44,48,5,low,high,22.65579544770504,Java_low_Java_high_results.csv
44,68,5,low,high,28.249276403340733,Java_low_Java_high_results.csv
44,80,5,low,high,20.121749319693823,Java_low_Java_high_results.csv
44,82,5,low,high,32.5730429191393,Java_low_Java_high_results.csv
44,69,5,low,high,51.82017009586643,Java_low_Java_high_results.csv
44,118,5,low,high,28.61295186297265,Java_low_Java_high_results.csv
44,178,5,low,high,25.35159513890361,Java_low_Java_high_results.csv
44,87,5,low,high,46.7855722187702,Java_low_Java_high_results.csv
44,86,5,low,high,49.86751369537961,Java_low_Java_high_results.csv
56,48,5,low,high,28.57579987243749,Java_low_Java_high_results.csv
56,68,5,low,high,33.58245825341819,Java_low_Java_high_results.csv
56,80,5,low,high,25.630815818204415,Java_low_Java_high_results.csv
56,82,5,low,high,36.53116768870338,Java_low_Java_high_results.csv
56,118,5,low,high,32.98175969695058,Java_low_Java_high_results.csv
56,69,5,low,high,53.71279249303534,Java_low_Java_high_results.csv
56,178,5,low,high,31.259432833702075,Java_low_Java_high_results.csv
60,48,5,low,high,32.98195742892268,Java_low_Java_high_results.csv
56,86,5,low,high,52.18965203135586,Java_low_Java_high_results.csv
56,87,5,low,high,51.38886115655134,Java_low_Java_high_results.csv
60,68,5,low,high,39.24086795370663,Java_low_Java_high_results.csv
60,80,5,low,high,31.40678930544704,Java_low_Java_high_results.csv
60,118,5,low,high,40.18497860067163,Java_low_Java_high_results.csv
60,82,5,low,high,40.8902418406044,Java_low_Java_high_results.csv
60,178,5,low,high,36.46160191861826,Java_low_Java_high_results.csv
60,69,5,low,high,60.5393456261098,Java_low_Java_high_results.csv
60,87,5,low,high,56.36621083120764,Java_low_Java_high_results.csv
63,48,5,low,high,38.31874089843097,Java_low_Java_high_results.csv
60,86,5,low,high,59.19561437746618,Java_low_Java_high_results.csv
63,68,5,low,high,43.27846389373191,Java_low_Java_high_results.csv
63,80,5,low,high,36.24204467227376,Java_low_Java_high_results.csv
63,118,5,low,high,44.96262333944304,Java_low_Java_high_results.csv
63,82,5,low,high,48.90001349496787,Java_low_Java_high_results.csv
63,69,5,low,high,64.62610290583459,Java_low_Java_high_results.csv
63,178,5,low,high,41.10512336562298,Java_low_Java_high_results.csv
64,48,5,low,high,44.08122221836405,Java_low_Java_high_results.csv
63,87,5,low,high,58.90907016156672,Java_low_Java_high_results.csv
63,86,5,low,high,62.889787082848144,Java_low_Java_high_results.csv
64,68,5,low,high,50.3489525345068,Java_low_Java_high_results.csv
64,80,5,low,high,44.1758252224969,Java_low_Java_high_results.csv
64,118,5,low,high,51.9002253840376,Java_low_Java_high_results.csv
65,48,5,low,high,16.2525405158462,Java_low_Java_high_results.csv
64,178,5,low,high,47.46744889866554,Java_low_Java_high_results.csv
64,82,5,low,high,56.52588808040491,Java_low_Java_high_results.csv
65,68,5,low,high,21.222755809642077,Java_low_Java_high_results.csv
64,87,5,low,high,66.41782623339358,Java_low_Java_high_results.csv
64,69,5,low,high,68.68405826194429,Java_low_Java_high_results.csv
64,86,5,low,high,68.7338605483761,Java_low_Java_high_results.csv
65,80,5,low,high,14.07378893034922,Java_low_Java_high_results.csv
65,69,5,low,high,45.30310464687802,Java_low_Java_high_results.csv
65,82,5,low,high,31.91657138348327,Java_low_Java_high_results.csv
65,87,5,low,high,41.99484943714493,Java_low_Java_high_results.csv
65,86,5,low,high,44.51895724133248,Java_low_Java_high_results.csv
65,118,5,low,high,20.370240566816733,Java_low_Java_high_results.csv
65,178,5,low,high,17.687376225246112,Java_low_Java_high_results.csv
74,80,5,low,high,16.777025981644393,Java_low_Java_high_results.csv
74,48,5,low,high,18.91433888051366,Java_low_Java_high_results.csv
74,68,5,low,high,21.93218159945365,Java_low_Java_high_results.csv
74,69,5,low,high,44.461126609584106,Java_low_Java_high_results.csv
74,82,5,low,high,32.56993276976495,Java_low_Java_high_results.csv
74,118,5,low,high,22.440706808196037,Java_low_Java_high_results.csv
74,86,5,low,high,42.90805807752556,Java_low_Java_high_results.csv
74,87,5,low,high,40.60078578787218,Java_low_Java_high_results.csv
74,178,5,low,high,19.49244552586378,Java_low_Java_high_results.csv
77,48,5,low,high,44.84557335244182,Java_low_Java_high_results.csv
77,80,5,low,high,43.30006107794195,Java_low_Java_high_results.csv
77,68,5,low,high,49.941788328271706,Java_low_Java_high_results.csv
77,118,5,low,high,50.3621422233669,Java_low_Java_high_results.csv
77,82,5,low,high,54.93456666685433,Java_low_Java_high_results.csv
77,87,5,low,high,67.38514469389693,Java_low_Java_high_results.csv
77,69,5,low,high,69.94306779887782,Java_low_Java_high_results.csv
78,48,5,low,high,27.01258573353331,Java_low_Java_high_results.csv
78,68,5,low,high,34.60248840272248,Java_low_Java_high_results.csv
77,86,5,low,high,68.61722497803235,Java_low_Java_high_results.csv
77,178,5,low,high,48.581743260167066,Java_low_Java_high_results.csv
78,80,5,low,high,29.086030177134795,Java_low_Java_high_results.csv
78,69,5,low,high,55.52756274283705,Java_low_Java_high_results.csv
78,82,5,low,high,38.51398468607175,Java_low_Java_high_results.csv
78,118,5,low,high,35.6461550326412,Java_low_Java_high_results.csv
78,178,5,low,high,32.83985294440069,Java_low_Java_high_results.csv
79,48,5,low,high,30.5793509321781,Java_low_Java_high_results.csv
78,87,5,low,high,50.62877607664557,Java_low_Java_high_results.csv
78,86,5,low,high,53.76223551103956,Java_low_Java_high_results.csv
79,68,5,low,high,37.03369326590363,Java_low_Java_high_results.csv
79,80,5,low,high,30.662276314206267,Java_low_Java_high_results.csv
79,118,5,low,high,38.30889738361729,Java_low_Java_high_results.csv
79,82,5,low,high,40.55811162427264,Java_low_Java_high_results.csv
94,48,5,low,high,22.89518208525908,Java_low_Java_high_results.csv
79,69,5,low,high,55.59825331924287,Java_low_Java_high_results.csv
79,178,5,low,high,34.610539231730414,Java_low_Java_high_results.csv
79,87,5,low,high,54.876618713297646,Java_low_Java_high_results.csv
94,68,5,low,high,26.34305374010328,Java_low_Java_high_results.csv
79,86,5,low,high,55.66478978704412,Java_low_Java_high_results.csv
94,80,5,low,high,21.27693166451332,Java_low_Java_high_results.csv
94,82,5,low,high,37.92545935910904,Java_low_Java_high_results.csv
94,69,5,low,high,46.82046977501109,Java_low_Java_high_results.csv
94,86,5,low,high,48.22704115398687,Java_low_Java_high_results.csv
94,118,5,low,high,27.331329866042964,Java_low_Java_high_results.csv
94,178,5,low,high,23.06892711887628,Java_low_Java_high_results.csv
94,87,5,low,high,45.6510154051917,Java_low_Java_high_results.csv
99,48,5,low,high,33.68966470847956,Java_low_Java_high_results.csv
99,68,5,low,high,35.808352988782346,Java_low_Java_high_results.csv
99,80,5,low,high,31.58268626347404,Java_low_Java_high_results.csv
99,118,5,low,high,38.733422896936034,Java_low_Java_high_results.csv
99,82,5,low,high,45.24186239996428,Java_low_Java_high_results.csv
99,69,5,low,high,54.138548166527535,Java_low_Java_high_results.csv
99,86,5,low,high,51.43070774830076,Java_low_Java_high_results.csv
99,178,5,low,high,33.02944311866999,Java_low_Java_high_results.csv
99,87,5,low,high,53.97889030108177,Java_low_Java_high_results.csv
101,80,5,low,high,90.59637791596738,Java_low_Java_high_results.csv
101,48,5,low,high,91.31764251867368,Java_low_Java_high_results.csv
101,68,5,low,high,93.685472760572,Java_low_Java_high_results.csv
101,118,5,low,high,95.49887090210066,Java_low_Java_high_results.csv
104,48,5,low,high,24.894352791827675,Java_low_Java_high_results.csv
104,68,5,low,high,29.961483352320467,Java_low_Java_high_results.csv
101,82,5,low,high,100.20070009830226,Java_low_Java_high_results.csv
104,80,5,low,high,23.22026194480391,Java_low_Java_high_results.csv
101,178,5,low,high,91.46949472215093,Java_low_Java_high_results.csv
104,69,5,low,high,51.046490227853326,Java_low_Java_high_results.csv
104,82,5,low,high,39.61395082143695,Java_low_Java_high_results.csv
101,87,5,low,high,106.57232983408409,Java_low_Java_high_results.csv
101,86,5,low,high,103.50827529829348,Java_low_Java_high_results.csv
101,69,5,low,high,105.18449992205628,Java_low_Java_high_results.csv
104,118,5,low,high,28.964751090489173,Java_low_Java_high_results.csv
104,86,5,low,high,51.504561165688784,Java_low_Java_high_results.csv
104,87,5,low,high,49.50856101114107,Java_low_Java_high_results.csv
114,80,5,low,high,15.002357797042697,Java_low_Java_high_results.csv
114,48,5,low,high,16.703829027846524,Java_low_Java_high_results.csv
104,178,5,low,high,26.381765235148844,Java_low_Java_high_results.csv
114,68,5,low,high,19.88902300200371,Java_low_Java_high_results.csv
114,69,5,low,high,43.44942838551771,Java_low_Java_high_results.csv
114,82,5,low,high,30.80531193406585,Java_low_Java_high_results.csv
114,86,5,low,high,42.335819382779306,Java_low_Java_high_results.csv
114,87,5,low,high,39.254714141723056,Java_low_Java_high_results.csv
114,118,5,low,high,20.921374411657265,Java_low_Java_high_results.csv
114,178,5,low,high,17.85142645387344,Java_low_Java_high_results.csv
124,80,5,low,high,21.22920691270532,Java_low_Java_high_results.csv
124,48,5,low,high,21.44752185813801,Java_low_Java_high_results.csv
124,68,5,low,high,28.686523435980643,Java_low_Java_high_results.csv
124,82,5,low,high,35.9877697487644,Java_low_Java_high_results.csv
124,69,5,low,high,51.91959378082292,Java_low_Java_high_results.csv
124,118,5,low,high,30.451646314222867,Java_low_Java_high_results.csv
124,86,5,low,high,51.38654459448338,Java_low_Java_high_results.csv
124,87,5,low,high,47.12950617173899,Java_low_Java_high_results.csv
124,178,5,low,high,25.54126795822696,Java_low_Java_high_results.csv
126,48,5,low,high,35.44008538434402,Java_low_Java_high_results.csv
126,68,5,low,high,41.34891024584818,Java_low_Java_high_results.csv
126,80,5,low,high,33.52821645952915,Java_low_Java_high_results.csv
126,82,5,low,high,45.18157635813902,Java_low_Java_high_results.csv
126,118,5,low,high,42.23904195627049,Java_low_Java_high_results.csv
126,178,5,low,high,38.69866152471084,Java_low_Java_high_results.csv
126,69,5,low,high,59.96769582261979,Java_low_Java_high_results.csv
126,86,5,low,high,60.511539439766906,Java_low_Java_high_results.csv
126,87,5,low,high,59.48764524615433,Java_low_Java_high_results.csv
128,48,5,low,high,64.95422701323686,Java_low_Java_high_results.csv
128,68,5,low,high,64.43811383986653,Java_low_Java_high_results.csv
128,80,5,low,high,63.27389711356915,Java_low_Java_high_results.csv
128,82,5,low,high,74.06526225344602,Java_low_Java_high_results.csv
128,118,5,low,high,66.22728427786993,Java_low_Java_high_results.csv
132,48,5,low,high,30.658442054273817,Java_low_Java_high_results.csv
132,68,5,low,high,34.36058231984147,Java_low_Java_high_results.csv
128,178,5,low,high,64.57274319617247,Java_low_Java_high_results.csv
128,86,5,low,high,76.3363636618644,Java_low_Java_high_results.csv
128,87,5,low,high,81.26986321076807,Java_low_Java_high_results.csv
128,69,5,low,high,76.97817285689528,Java_low_Java_high_results.csv
132,80,5,low,high,28.352215968490093,Java_low_Java_high_results.csv
132,82,5,low,high,43.6625610624676,Java_low_Java_high_results.csv
132,118,5,low,high,36.4297475308724,Java_low_Java_high_results.csv
139,48,5,low,high,20.560404001786832,Java_low_Java_high_results.csv
132,69,5,low,high,54.84462285508472,Java_low_Java_high_results.csv
139,68,5,low,high,23.45408054100782,Java_low_Java_high_results.csv
132,86,5,low,high,54.14798814195432,Java_low_Java_high_results.csv
132,178,5,low,high,31.499341117590756,Java_low_Java_high_results.csv
132,87,5,low,high,52.73747827155027,Java_low_Java_high_results.csv
139,80,5,low,high,19.841348925011552,Java_low_Java_high_results.csv
139,69,5,low,high,44.07835145589531,Java_low_Java_high_results.csv
139,82,5,low,high,33.83361053592775,Java_low_Java_high_results.csv
139,118,5,low,high,25.21158608077497,Java_low_Java_high_results.csv
139,86,5,low,high,42.66218969931813,Java_low_Java_high_results.csv
139,178,5,low,high,21.599318778169405,Java_low_Java_high_results.csv
140,48,5,low,high,17.378912646151843,Java_low_Java_high_results.csv
139,87,5,low,high,42.07420316297057,Java_low_Java_high_results.csv
140,68,5,low,high,23.310848968969434,Java_low_Java_high_results.csv
140,80,5,low,high,16.29783955471795,Java_low_Java_high_results.csv
140,118,5,low,high,24.684912162981,Java_low_Java_high_results.csv
140,82,5,low,high,30.349216345983837,Java_low_Java_high_results.csv
140,69,5,low,high,47.99859817788438,Java_low_Java_high_results.csv
140,87,5,low,high,42.60913942317769,Java_low_Java_high_results.csv
140,178,5,low,high,20.717677125018504,Java_low_Java_high_results.csv
140,86,5,low,high,46.08355806928235,Java_low_Java_high_results.csv
164,48,5,low,high,22.71813595815365,Java_low_Java_high_results.csv
164,68,5,low,high,30.140313858458576,Java_low_Java_high_results.csv
164,80,5,low,high,22.230858999914936,Java_low_Java_high_results.csv
164,118,5,low,high,30.702266793367084,Java_low_Java_high_results.csv
164,82,5,low,high,37.48648290775732,Java_low_Java_high_results.csv
164,87,5,low,high,46.83469329376168,Java_low_Java_high_results.csv
164,69,5,low,high,52.35703505114602,Java_low_Java_high_results.csv
164,86,5,low,high,50.93434927922548,Java_low_Java_high_results.csv
164,178,5,low,high,26.302993376527123,Java_low_Java_high_results.csv
170,48,5,low,high,45.50598807231127,Java_low_Java_high_results.csv
170,68,5,low,high,45.2741861397013,Java_low_Java_high_results.csv
170,80,5,low,high,44.7527405408811,Java_low_Java_high_results.csv
170,118,5,low,high,48.58820566600431,Java_low_Java_high_results.csv
170,82,5,low,high,53.891936036445486,Java_low_Java_high_results.csv
170,178,5,low,high,45.54194498792795,Java_low_Java_high_results.csv
170,69,5,low,high,62.30846027931146,Java_low_Java_high_results.csv
170,86,5,low,high,62.365093449651,Java_low_Java_high_results.csv
170,87,5,low,high,59.659321856237575,Java_low_Java_high_results.csv
176,48,5,low,high,51.84341114437275,Java_low_Java_high_results.csv
176,68,5,low,high,52.95813268937288,Java_low_Java_high_results.csv
176,80,5,low,high,50.95781662342373,Java_low_Java_high_results.csv
176,118,5,low,high,54.69902131785999,Java_low_Java_high_results.csv
176,82,5,low,high,62.34504766102975,Java_low_Java_high_results.csv
176,178,5,low,high,51.56586712323005,Java_low_Java_high_results.csv
176,69,5,low,high,63.7452458216672,Java_low_Java_high_results.csv
176,87,5,low,high,68.49104852999757,Java_low_Java_high_results.csv
179,48,5,low,high,62.33333982390124,Java_low_Java_high_results.csv
176,86,5,low,high,64.99532234145181,Java_low_Java_high_results.csv
179,68,5,low,high,72.10343407826174,Java_low_Java_high_results.csv
179,80,5,low,high,65.02023529359025,Java_low_Java_high_results.csv
180,48,5,low,high,22.12403540886661,Java_low_Java_high_results.csv
179,82,5,low,high,72.46506059625261,Java_low_Java_high_results.csv
179,118,5,low,high,71.37404291011819,Java_low_Java_high_results.csv
180,68,5,low,high,27.861517139325716,Java_low_Java_high_results.csv
179,178,5,low,high,69.21123481888316,Java_low_Java_high_results.csv
179,69,5,low,high,85.58666408717531,Java_low_Java_high_results.csv
180,80,5,low,high,20.6253044325247,Java_low_Java_high_results.csv
180,69,5,low,high,50.610367084201606,Java_low_Java_high_results.csv
180,82,5,low,high,33.44598040615944,Java_low_Java_high_results.csv
179,87,5,low,high,83.94653608447445,Java_low_Java_high_results.csv
179,86,5,low,high,87.47128149442148,Java_low_Java_high_results.csv
180,86,5,low,high,49.05252792983743,Java_low_Java_high_results.csv
180,118,5,low,high,28.77565530591989,Java_low_Java_high_results.csv
180,87,5,low,high,46.6859060867364,Java_low_Java_high_results.csv
180,178,5,low,high,25.341230398710373,Java_low_Java_high_results.csv
182,48,5,low,high,30.51919402185393,Java_low_Java_high_results.csv
182,80,5,low,high,30.912298996437848,Java_low_Java_high_results.csv
182,68,5,low,high,37.340862820714605,Java_low_Java_high_results.csv
182,82,5,low,high,42.826820437555,Java_low_Java_high_results.csv
182,118,5,low,high,39.37635686822505,Java_low_Java_high_results.csv
182,69,5,low,high,59.02226012118065,Java_low_Java_high_results.csv
182,87,5,low,high,56.25597558230477,Java_low_Java_high_results.csv
182,178,5,low,high,35.64279071035483,Java_low_Java_high_results.csv
182,86,5,low,high,58.73557208120546,Java_low_Java_high_results.csv
200,48,5,low,high,29.435102795066527,Java_low_Java_high_results.csv
200,68,5,low,high,33.71357895549827,Java_low_Java_high_results.csv
200,80,5,low,high,26.40303729444119,Java_low_Java_high_results.csv
200,82,5,low,high,41.727844956637945,Java_low_Java_high_results.csv
200,118,5,low,high,35.51957638013179,Java_low_Java_high_results.csv
200,69,5,low,high,58.74494822092765,Java_low_Java_high_results.csv
200,178,5,low,high,31.00348772753228,Java_low_Java_high_results.csv
208,48,5,low,high,27.91903585746022,Java_low_Java_high_results.csv
200,87,5,low,high,53.99422936559623,Java_low_Java_high_results.csv
200,86,5,low,high,56.90140396345207,Java_low_Java_high_results.csv
208,68,5,low,high,35.44596455612351,Java_low_Java_high_results.csv
208,80,5,low,high,28.198599692460977,Java_low_Java_high_results.csv
208,82,5,low,high,41.04430507661104,Java_low_Java_high_results.csv
208,118,5,low,high,36.26965323195379,Java_low_Java_high_results.csv
208,69,5,low,high,55.335108636955205,Java_low_Java_high_results.csv
208,87,5,low,high,52.30068154101389,Java_low_Java_high_results.csv
208,178,5,low,high,32.26723531132014,Java_low_Java_high_results.csv
208,86,5,low,high,55.20173822010477,Java_low_Java_high_results.csv
6,178,5,medium,high,24.4311255729739,Java_medium_Java_high_results.csv
6,69,5,medium,high,50.4163527002881,Java_medium_Java_high_results.csv
4,178,5,medium,high,33.03224917569521,Java_medium_Java_high_results.csv
6,118,5,medium,high,26.49242188804692,Java_medium_Java_high_results.csv
6,87,5,medium,high,47.45089331389871,Java_medium_Java_high_results.csv
4,80,5,medium,high,30.198241913087184,Java_medium_Java_high_results.csv
6,82,5,medium,high,38.11888975104691,Java_medium_Java_high_results.csv
6,80,5,medium,high,22.392724243006874,Java_medium_Java_high_results.csv
6,48,5,medium,high,25.432470492270564,Java_medium_Java_high_results.csv
6,86,5,medium,high,47.82655549743061,Java_medium_Java_high_results.csv
4,86,5,medium,high,48.60237248962304,Java_medium_Java_high_results.csv
6,68,5,medium,high,28.00523630319212,Java_medium_Java_high_results.csv
4,48,5,medium,high,32.163776949126344,Java_medium_Java_high_results.csv
4,87,5,medium,high,50.43589316637403,Java_medium_Java_high_results.csv
4,82,5,medium,high,42.71544060292346,Java_medium_Java_high_results.csv
4,68,5,medium,high,35.18602857689738,Java_medium_Java_high_results.csv
4,69,5,medium,high,52.44498970376698,Java_medium_Java_high_results.csv
4,118,5,medium,high,35.40903603558324,Java_medium_Java_high_results.csv
16,80,5,medium,high,49.67932989306915,Java_medium_Java_high_results.csv
16,118,5,medium,high,53.5550322346313,Java_medium_Java_high_results.csv
16,68,5,medium,high,50.55832447481647,Java_medium_Java_high_results.csv
16,48,5,medium,high,49.89539181424275,Java_medium_Java_high_results.csv
16,82,5,medium,high,60.46710786324622,Java_medium_Java_high_results.csv
16,87,5,medium,high,62.06455936774,Java_medium_Java_high_results.csv
16,86,5,medium,high,63.65354817839937,Java_medium_Java_high_results.csv
16,69,5,medium,high,67.83069176702664,Java_medium_Java_high_results.csv
17,80,5,medium,high,36.97394099072293,Java_medium_Java_high_results.csv
17,48,5,medium,high,38.036341720349455,Java_medium_Java_high_results.csv
16,178,5,medium,high,48.0516859940304,Java_medium_Java_high_results.csv
17,68,5,medium,high,39.74221151791189,Java_medium_Java_high_results.csv
17,118,5,medium,high,42.37338456902069,Java_medium_Java_high_results.csv
17,69,5,medium,high,57.3785723335849,Java_medium_Java_high_results.csv
17,82,5,medium,high,50.25211945056712,Java_medium_Java_high_results.csv
19,48,5,medium,high,21.97230807307224,Java_medium_Java_high_results.csv
19,68,5,medium,high,26.67714463996573,Java_medium_Java_high_results.csv
17,86,5,medium,high,54.93791279258556,Java_medium_Java_high_results.csv
17,178,5,medium,high,37.27106346266057,Java_medium_Java_high_results.csv
17,87,5,medium,high,55.67676311280685,Java_medium_Java_high_results.csv
19,80,5,medium,high,19.573916604818773,Java_medium_Java_high_results.csv
19,82,5,medium,high,36.04960996384517,Java_medium_Java_high_results.csv
19,69,5,medium,high,49.61723138134922,Java_medium_Java_high_results.csv
19,118,5,medium,high,25.07350350693588,Java_medium_Java_high_results.csv
19,86,5,medium,high,48.20039508627941,Java_medium_Java_high_results.csv
19,178,5,medium,high,23.48370435771061,Java_medium_Java_high_results.csv
19,87,5,medium,high,45.50597463208662,Java_medium_Java_high_results.csv
20,48,5,medium,high,36.580712260473575,Java_medium_Java_high_results.csv
20,68,5,medium,high,36.10663732536551,Java_medium_Java_high_results.csv
20,80,5,medium,high,35.03238909722987,Java_medium_Java_high_results.csv
20,118,5,medium,high,39.28728034385887,Java_medium_Java_high_results.csv
20,82,5,medium,high,49.0613416979879,Java_medium_Java_high_results.csv
20,69,5,medium,high,58.82448556896116,Java_medium_Java_high_results.csv
20,178,5,medium,high,34.59123415623807,Java_medium_Java_high_results.csv
24,48,5,medium,high,30.119629552274606,Java_medium_Java_high_results.csv
20,87,5,medium,high,52.90085536230959,Java_medium_Java_high_results.csv
20,86,5,medium,high,56.35059954264485,Java_medium_Java_high_results.csv
24,68,5,medium,high,36.8206410854925,Java_medium_Java_high_results.csv
24,80,5,medium,high,31.23045483596074,Java_medium_Java_high_results.csv
24,82,5,medium,high,37.61983408385886,Java_medium_Java_high_results.csv
24,118,5,medium,high,38.09203068935932,Java_medium_Java_high_results.csv
24,178,5,medium,high,35.2174806039152,Java_medium_Java_high_results.csv
24,87,5,medium,high,53.59332807120964,Java_medium_Java_high_results.csv
24,69,5,medium,high,58.28114109098188,Java_medium_Java_high_results.csv
24,86,5,medium,high,56.19603241501315,Java_medium_Java_high_results.csv
25,48,5,medium,high,33.29497467797123,Java_medium_Java_high_results.csv
25,80,5,medium,high,32.05633873305507,Java_medium_Java_high_results.csv
25,68,5,medium,high,35.22086667717437,Java_medium_Java_high_results.csv
25,118,5,medium,high,37.947933875431936,Java_medium_Java_high_results.csv
25,82,5,medium,high,46.14754171009026,Java_medium_Java_high_results.csv
25,87,5,medium,high,52.0981423337771,Java_medium_Java_high_results.csv
25,178,5,medium,high,31.81732938246198,Java_medium_Java_high_results.csv
25,69,5,medium,high,54.73408069044821,Java_medium_Java_high_results.csv
25,86,5,medium,high,54.003014616822526,Java_medium_Java_high_results.csv
32,48,5,medium,high,32.70419026097282,Java_medium_Java_high_results.csv
32,68,5,medium,high,33.34701735217301,Java_medium_Java_high_results.csv
32,80,5,medium,high,31.306694711048934,Java_medium_Java_high_results.csv
32,82,5,medium,high,43.86538158188571,Java_medium_Java_high_results.csv
32,118,5,medium,high,35.72047510621804,Java_medium_Java_high_results.csv
33,48,5,medium,high,25.98995711370434,Java_medium_Java_high_results.csv
32,178,5,medium,high,31.0974630273062,Java_medium_Java_high_results.csv
32,69,5,medium,high,52.22631145889436,Java_medium_Java_high_results.csv
33,68,5,medium,high,31.31615147928116,Java_medium_Java_high_results.csv
32,86,5,medium,high,50.06585218656079,Java_medium_Java_high_results.csv
32,87,5,medium,high,47.51913529141228,Java_medium_Java_high_results.csv
33,80,5,medium,high,22.39581392561093,Java_medium_Java_high_results.csv
33,82,5,medium,high,35.18698507946477,Java_medium_Java_high_results.csv
33,86,5,medium,high,50.637693413512245,Java_medium_Java_high_results.csv
33,118,5,medium,high,30.280256215613434,Java_medium_Java_high_results.csv
33,69,5,medium,high,51.77931876016389,Java_medium_Java_high_results.csv
33,178,5,medium,high,28.33080001662262,Java_medium_Java_high_results.csv
33,87,5,medium,high,50.272919229037534,Java_medium_Java_high_results.csv
40,48,5,medium,high,27.98241371355812,Java_medium_Java_high_results.csv
40,68,5,medium,high,31.559357907257247,Java_medium_Java_high_results.csv
40,80,5,medium,high,25.446714571906337,Java_medium_Java_high_results.csv
40,118,5,medium,high,29.724469308991157,Java_medium_Java_high_results.csv
40,82,5,medium,high,40.82879684993877,Java_medium_Java_high_results.csv
40,69,5,medium,high,52.40832694962632,Java_medium_Java_high_results.csv
42,48,5,medium,high,12.446451906554737,Java_medium_Java_high_results.csv
40,86,5,medium,high,50.87443037448983,Java_medium_Java_high_results.csv
40,87,5,medium,high,49.55835649725476,Java_medium_Java_high_results.csv
40,178,5,medium,high,28.784499420456672,Java_medium_Java_high_results.csv
42,68,5,medium,high,18.2087064959694,Java_medium_Java_high_results.csv
42,80,5,medium,high,9.604111357943918,Java_medium_Java_high_results.csv
42,69,5,medium,high,43.41607770405612,Java_medium_Java_high_results.csv
42,82,5,medium,high,26.936136432073813,Java_medium_Java_high_results.csv
42,86,5,medium,high,41.62287520507835,Java_medium_Java_high_results.csv
42,118,5,medium,high,18.36430686132365,Java_medium_Java_high_results.csv
42,87,5,medium,high,39.20895950926193,Java_medium_Java_high_results.csv
42,178,5,medium,high,14.672060201094975,Java_medium_Java_high_results.csv
51,80,5,medium,high,18.237328608624782,Java_medium_Java_high_results.csv
51,48,5,medium,high,20.91837150907335,Java_medium_Java_high_results.csv
51,68,5,medium,high,26.151376570085056,Java_medium_Java_high_results.csv
51,82,5,medium,high,31.5651514269082,Java_medium_Java_high_results.csv
51,118,5,medium,high,26.8195821947132,Java_medium_Java_high_results.csv
51,69,5,medium,high,48.95750447275818,Java_medium_Java_high_results.csv
51,86,5,medium,high,47.18599586762427,Java_medium_Java_high_results.csv
51,87,5,medium,high,44.56603251024884,Java_medium_Java_high_results.csv
51,178,5,medium,high,23.029830582989945,Java_medium_Java_high_results.csv
53,48,5,medium,high,21.25842279027472,Java_medium_Java_high_results.csv
53,68,5,medium,high,24.47550601539405,Java_medium_Java_high_results.csv
53,80,5,medium,high,20.280829622645623,Java_medium_Java_high_results.csv
53,82,5,medium,high,36.33066141452209,Java_medium_Java_high_results.csv
53,69,5,medium,high,47.58511393546343,Java_medium_Java_high_results.csv
53,118,5,medium,high,23.85520910194277,Java_medium_Java_high_results.csv
53,87,5,medium,high,43.78932049322319,Java_medium_Java_high_results.csv
53,86,5,medium,high,46.73542850791264,Java_medium_Java_high_results.csv
53,178,5,medium,high,22.020896107837675,Java_medium_Java_high_results.csv
54,48,5,medium,high,58.72722528122444,Java_medium_Java_high_results.csv
54,68,5,medium,high,63.55542113685021,Java_medium_Java_high_results.csv
54,80,5,medium,high,55.38599463448137,Java_medium_Java_high_results.csv
54,82,5,medium,high,67.79804284065257,Java_medium_Java_high_results.csv
54,118,5,medium,high,63.22589508279365,Java_medium_Java_high_results.csv
54,69,5,medium,high,82.1447458111054,Java_medium_Java_high_results.csv
54,178,5,medium,high,61.43323497583356,Java_medium_Java_high_results.csv
54,86,5,medium,high,82.30023695262844,Java_medium_Java_high_results.csv
54,87,5,medium,high,81.1156605440869,Java_medium_Java_high_results.csv
55,48,5,medium,high,71.75089315611352,Java_medium_Java_high_results.csv
55,68,5,medium,high,71.89622100418678,Java_medium_Java_high_results.csv
55,80,5,medium,high,70.36244458040753,Java_medium_Java_high_results.csv
57,48,5,medium,high,23.52897000106371,Java_medium_Java_high_results.csv
55,118,5,medium,high,72.4233875965146,Java_medium_Java_high_results.csv
57,68,5,medium,high,26.944235879077745,Java_medium_Java_high_results.csv
55,82,5,medium,high,79.07423818086448,Java_medium_Java_high_results.csv
55,178,5,medium,high,70.47979377346003,Java_medium_Java_high_results.csv
55,69,5,medium,high,84.13155392333717,Java_medium_Java_high_results.csv
55,86,5,medium,high,80.06631959553133,Java_medium_Java_high_results.csv
55,87,5,medium,high,82.31277644872739,Java_medium_Java_high_results.csv
57,80,5,medium,high,22.33488549771096,Java_medium_Java_high_results.csv
57,82,5,medium,high,38.30921055294415,Java_medium_Java_high_results.csv
57,118,5,medium,high,28.17581207543932,Java_medium_Java_high_results.csv
57,69,5,medium,high,46.84508672953663,Java_medium_Java_high_results.csv
57,87,5,medium,high,46.30211372484134,Java_medium_Java_high_results.csv
57,86,5,medium,high,46.16566874412881,Java_medium_Java_high_results.csv
57,178,5,medium,high,24.276367779622365,Java_medium_Java_high_results.csv
61,48,5,medium,high,38.71093661489381,Java_medium_Java_high_results.csv
61,68,5,medium,high,44.469780337467725,Java_medium_Java_high_results.csv
61,80,5,medium,high,37.51977957442084,Java_medium_Java_high_results.csv
61,118,5,medium,high,45.51429549978275,Java_medium_Java_high_results.csv
61,82,5,medium,high,47.79150444285456,Java_medium_Java_high_results.csv
62,48,5,medium,high,18.6345556691962,Java_medium_Java_high_results.csv
62,68,5,medium,high,22.26651602288645,Java_medium_Java_high_results.csv
61,86,5,medium,high,60.6004308577085,Java_medium_Java_high_results.csv
61,178,5,medium,high,42.17429143520309,Java_medium_Java_high_results.csv
61,87,5,medium,high,62.09725048191426,Java_medium_Java_high_results.csv
61,69,5,medium,high,62.70071046475983,Java_medium_Java_high_results.csv
62,80,5,medium,high,16.459729497811033,Java_medium_Java_high_results.csv
62,69,5,medium,high,46.43172178246363,Java_medium_Java_high_results.csv
62,82,5,medium,high,32.973472208843425,Java_medium_Java_high_results.csv
62,86,5,medium,high,46.11835836052904,Java_medium_Java_high_results.csv
62,118,5,medium,high,21.826385311351206,Java_medium_Java_high_results.csv
62,87,5,medium,high,41.97766785878112,Java_medium_Java_high_results.csv
62,178,5,medium,high,18.90863947693557,Java_medium_Java_high_results.csv
66,48,5,medium,high,18.25755229045381,Java_medium_Java_high_results.csv
66,68,5,medium,high,23.791633649608457,Java_medium_Java_high_results.csv
66,80,5,medium,high,14.803781113010247,Java_medium_Java_high_results.csv
66,69,5,medium,high,46.81298104570231,Java_medium_Java_high_results.csv
66,82,5,medium,high,31.779491190119604,Java_medium_Java_high_results.csv
66,118,5,medium,high,23.350203137723387,Java_medium_Java_high_results.csv
66,178,5,medium,high,20.23025475467756,Java_medium_Java_high_results.csv
66,86,5,medium,high,45.57135982350067,Java_medium_Java_high_results.csv
66,87,5,medium,high,43.73464786586499,Java_medium_Java_high_results.csv
70,48,5,medium,high,16.2933806772033,Java_medium_Java_high_results.csv
70,68,5,medium,high,21.46818676394885,Java_medium_Java_high_results.csv
70,80,5,medium,high,15.868278708435268,Java_medium_Java_high_results.csv
70,69,5,medium,high,44.989823423882434,Java_medium_Java_high_results.csv
70,118,5,medium,high,23.3868481861614,Java_medium_Java_high_results.csv
70,82,5,medium,high,32.826555124696675,Java_medium_Java_high_results.csv
70,178,5,medium,high,18.107703091087835,Java_medium_Java_high_results.csv
70,86,5,medium,high,43.26775634532283,Java_medium_Java_high_results.csv
70,87,5,medium,high,39.81597192587621,Java_medium_Java_high_results.csv
73,48,5,medium,high,32.583566144229415,Java_medium_Java_high_results.csv
73,80,5,medium,high,32.24734551688015,Java_medium_Java_high_results.csv
73,68,5,medium,high,38.29798632810628,Java_medium_Java_high_results.csv
73,118,5,medium,high,39.88307042487875,Java_medium_Java_high_results.csv
73,82,5,medium,high,42.90347482565405,Java_medium_Java_high_results.csv
73,69,5,medium,high,59.50061950953869,Java_medium_Java_high_results.csv
73,87,5,medium,high,55.21285688832846,Java_medium_Java_high_results.csv
73,86,5,medium,high,58.78452752183665,Java_medium_Java_high_results.csv
75,48,5,medium,high,33.75186983383659,Java_medium_Java_high_results.csv
75,68,5,medium,high,39.368878206006,Java_medium_Java_high_results.csv
73,178,5,medium,high,36.46952571804752,Java_medium_Java_high_results.csv
75,80,5,medium,high,30.168741717861643,Java_medium_Java_high_results.csv
75,118,5,medium,high,39.04163356488572,Java_medium_Java_high_results.csv
81,48,5,medium,high,19.15689223611342,Java_medium_Java_high_results.csv
75,69,5,medium,high,58.958555553835694,Java_medium_Java_high_results.csv
75,82,5,medium,high,43.99189224578315,Java_medium_Java_high_results.csv
75,178,5,medium,high,36.520126670761606,Java_medium_Java_high_results.csv
81,68,5,medium,high,24.601611757576336,Java_medium_Java_high_results.csv
75,86,5,medium,high,58.4736667458485,Java_medium_Java_high_results.csv
75,87,5,medium,high,57.01679915574037,Java_medium_Java_high_results.csv
81,80,5,medium,high,17.09546226556165,Java_medium_Java_high_results.csv
81,82,5,medium,high,32.84147595962393,Java_medium_Java_high_results.csv
81,118,5,medium,high,25.95176975239553,Java_medium_Java_high_results.csv
81,69,5,medium,high,48.89360441019152,Java_medium_Java_high_results.csv
81,87,5,medium,high,44.34132466711082,Java_medium_Java_high_results.csv
81,86,5,medium,high,46.77217625664347,Java_medium_Java_high_results.csv
81,178,5,medium,high,21.798155619160376,Java_medium_Java_high_results.csv
83,48,5,medium,high,39.39696354692705,Java_medium_Java_high_results.csv
83,68,5,medium,high,45.86710060888741,Java_medium_Java_high_results.csv
83,80,5,medium,high,37.7921635406686,Java_medium_Java_high_results.csv
83,118,5,medium,high,45.85428200878188,Java_medium_Java_high_results.csv
83,82,5,medium,high,49.714788734793146,Java_medium_Java_high_results.csv
83,69,5,medium,high,63.82131902677466,Java_medium_Java_high_results.csv
84,48,5,medium,high,33.31368181989186,Java_medium_Java_high_results.csv
83,178,5,medium,high,42.87976919282721,Java_medium_Java_high_results.csv
83,86,5,medium,high,62.80094195372282,Java_medium_Java_high_results.csv
83,87,5,medium,high,62.8991705926562,Java_medium_Java_high_results.csv
84,68,5,medium,high,38.57148070698706,Java_medium_Java_high_results.csv
84,80,5,medium,high,29.89872843864414,Java_medium_Java_high_results.csv
88,48,5,medium,high,15.398359920259834,Java_medium_Java_high_results.csv
84,118,5,medium,high,37.67941379799924,Java_medium_Java_high_results.csv
84,82,5,medium,high,43.0508233443072,Java_medium_Java_high_results.csv
84,69,5,medium,high,58.44346819323994,Java_medium_Java_high_results.csv
88,68,5,medium,high,20.822712526809596,Java_medium_Java_high_results.csv
84,178,5,medium,high,35.60704228854766,Java_medium_Java_high_results.csv
84,87,5,medium,high,55.26209949010779,Java_medium_Java_high_results.csv
84,86,5,medium,high,56.22994775580735,Java_medium_Java_high_results.csv
88,80,5,medium,high,13.977107941281677,Java_medium_Java_high_results.csv
88,82,5,medium,high,31.86976615230527,Java_medium_Java_high_results.csv
88,69,5,medium,high,43.40325837745944,Java_medium_Java_high_results.csv
88,118,5,medium,high,21.702111503913105,Java_medium_Java_high_results.csv
88,87,5,medium,high,39.41930925107536,Java_medium_Java_high_results.csv
88,86,5,medium,high,43.27744559467043,Java_medium_Java_high_results.csv
88,178,5,medium,high,16.434683321377438,Java_medium_Java_high_results.csv
89,48,5,medium,high,35.84146402061773,Java_medium_Java_high_results.csv
89,68,5,medium,high,40.490931498584025,Java_medium_Java_high_results.csv
89,80,5,medium,high,34.11823289706799,Java_medium_Java_high_results.csv
89,82,5,medium,high,44.57647153504746,Java_medium_Java_high_results.csv
89,118,5,medium,high,41.22359827569723,Java_medium_Java_high_results.csv
89,69,5,medium,high,62.614097699711074,Java_medium_Java_high_results.csv
89,178,5,medium,high,38.922252803381554,Java_medium_Java_high_results.csv
89,87,5,medium,high,57.86114967403656,Java_medium_Java_high_results.csv
89,86,5,medium,high,59.77605763858977,Java_medium_Java_high_results.csv
91,48,5,medium,high,31.48513568083991,Java_medium_Java_high_results.csv
91,68,5,medium,high,36.254502146939885,Java_medium_Java_high_results.csv
91,80,5,medium,high,29.970520089865595,Java_medium_Java_high_results.csv
91,118,5,medium,high,37.12140802204824,Java_medium_Java_high_results.csv
91,69,5,medium,high,58.60487057061571,Java_medium_Java_high_results.csv
91,82,5,medium,high,38.9761689927131,Java_medium_Java_high_results.csv
91,178,5,medium,high,34.82855156551727,Java_medium_Java_high_results.csv
91,87,5,medium,high,51.38306110626951,Java_medium_Java_high_results.csv
91,86,5,medium,high,55.4868980431388,Java_medium_Java_high_results.csv
97,48,5,medium,high,25.45474458094732,Java_medium_Java_high_results.csv
97,68,5,medium,high,31.08405301160805,Java_medium_Java_high_results.csv
97,80,5,medium,high,23.5670860570984,Java_medium_Java_high_results.csv
97,118,5,medium,high,32.192124198718815,Java_medium_Java_high_results.csv
97,82,5,medium,high,36.422518705541975,Java_medium_Java_high_results.csv
105,48,5,medium,high,20.39758609745016,Java_medium_Java_high_results.csv
97,87,5,medium,high,49.30390503729555,Java_medium_Java_high_results.csv
97,178,5,medium,high,28.525585084198344,Java_medium_Java_high_results.csv
97,69,5,medium,high,52.22955278830613,Java_medium_Java_high_results.csv
97,86,5,medium,high,51.47513477707816,Java_medium_Java_high_results.csv
105,68,5,medium,high,26.098318092427085,Java_medium_Java_high_results.csv
105,80,5,medium,high,20.779424313814346,Java_medium_Java_high_results.csv
105,82,5,medium,high,36.31982571930535,Java_medium_Java_high_results.csv
105,118,5,medium,high,28.402474631052723,Java_medium_Java_high_results.csv
105,87,5,medium,high,43.52916965052267,Java_medium_Java_high_results.csv
105,178,5,medium,high,22.95749933782657,Java_medium_Java_high_results.csv
105,69,5,medium,high,49.91693401559458,Java_medium_Java_high_results.csv
108,48,5,medium,high,18.444240607281195,Java_medium_Java_high_results.csv
105,86,5,medium,high,49.15749445592673,Java_medium_Java_high_results.csv
108,68,5,medium,high,25.28443390710615,Java_medium_Java_high_results.csv
108,80,5,medium,high,17.60993398713902,Java_medium_Java_high_results.csv
108,118,5,medium,high,26.41381148943532,Java_medium_Java_high_results.csv
108,82,5,medium,high,33.088145344712245,Java_medium_Java_high_results.csv
108,69,5,medium,high,48.72100913999967,Java_medium_Java_high_results.csv
108,87,5,medium,high,44.783149112061146,Java_medium_Java_high_results.csv
108,178,5,medium,high,22.00098066107364,Java_medium_Java_high_results.csv
108,86,5,medium,high,47.78077266134501,Java_medium_Java_high_results.csv
115,48,5,medium,high,38.49976496508413,Java_medium_Java_high_results.csv
115,68,5,medium,high,41.35383596229144,Java_medium_Java_high_results.csv
115,80,5,medium,high,37.87006841253128,Java_medium_Java_high_results.csv
115,82,5,medium,high,50.25021949213205,Java_medium_Java_high_results.csv
115,118,5,medium,high,43.87673712559258,Java_medium_Java_high_results.csv
115,69,5,medium,high,58.62923616585162,Java_medium_Java_high_results.csv
115,86,5,medium,high,59.81730166492691,Java_medium_Java_high_results.csv
115,87,5,medium,high,57.63723099958715,Java_medium_Java_high_results.csv
117,48,5,medium,high,42.06696974331655,Java_medium_Java_high_results.csv
115,178,5,medium,high,39.736309928873816,Java_medium_Java_high_results.csv
117,68,5,medium,high,47.04093741110906,Java_medium_Java_high_results.csv
117,80,5,medium,high,39.87205098406165,Java_medium_Java_high_results.csv
117,118,5,medium,high,47.55907644140364,Java_medium_Java_high_results.csv
117,69,5,medium,high,65.03030506998384,Java_medium_Java_high_results.csv
117,178,5,medium,high,44.9712528799589,Java_medium_Java_high_results.csv
117,82,5,medium,high,52.357018853561605,Java_medium_Java_high_results.csv
121,48,5,medium,high,27.53708434135837,Java_medium_Java_high_results.csv
121,68,5,medium,high,32.97158622325534,Java_medium_Java_high_results.csv
117,86,5,medium,high,63.2730381512036,Java_medium_Java_high_results.csv
117,87,5,medium,high,63.98897291841398,Java_medium_Java_high_results.csv
121,80,5,medium,high,25.31125720578314,Java_medium_Java_high_results.csv
121,118,5,medium,high,32.613053237888145,Java_medium_Java_high_results.csv
121,82,5,medium,high,38.973740961473816,Java_medium_Java_high_results.csv
121,69,5,medium,high,53.16559221440721,Java_medium_Java_high_results.csv
121,87,5,medium,high,50.04794578070215,Java_medium_Java_high_results.csv
121,86,5,medium,high,51.74477758497537,Java_medium_Java_high_results.csv
121,178,5,medium,high,30.85838867572101,Java_medium_Java_high_results.csv
133,48,5,medium,high,24.40794639552336,Java_medium_Java_high_results.csv
133,68,5,medium,high,28.612816263588236,Java_medium_Java_high_results.csv
133,80,5,medium,high,24.373816531483325,Java_medium_Java_high_results.csv
133,118,5,medium,high,30.805017782742546,Java_medium_Java_high_results.csv
133,82,5,medium,high,38.97737041702826,Java_medium_Java_high_results.csv
133,69,5,medium,high,50.5207274196352,Java_medium_Java_high_results.csv
133,178,5,medium,high,24.94075790647756,Java_medium_Java_high_results.csv
133,87,5,medium,high,45.56702451225296,Java_medium_Java_high_results.csv
133,86,5,medium,high,49.16639853951442,Java_medium_Java_high_results.csv
135,48,5,medium,high,30.20749991268029,Java_medium_Java_high_results.csv
135,68,5,medium,high,32.268335685590635,Java_medium_Java_high_results.csv
135,80,5,medium,high,27.313721463729237,Java_medium_Java_high_results.csv
135,118,5,medium,high,33.74794816519161,Java_medium_Java_high_results.csv
135,82,5,medium,high,43.76430797667309,Java_medium_Java_high_results.csv
135,69,5,medium,high,53.22966727188985,Java_medium_Java_high_results.csv
135,178,5,medium,high,29.131988543739645,Java_medium_Java_high_results.csv
142,48,5,medium,high,44.356982906698754,Java_medium_Java_high_results.csv
135,87,5,medium,high,51.35910129519519,Java_medium_Java_high_results.csv
135,86,5,medium,high,52.38724148593892,Java_medium_Java_high_results.csv
142,68,5,medium,high,48.62501402184339,Java_medium_Java_high_results.csv
142,80,5,medium,high,43.309540426744846,Java_medium_Java_high_results.csv
142,82,5,medium,high,53.20035847061183,Java_medium_Java_high_results.csv
142,118,5,medium,high,50.72162234197761,Java_medium_Java_high_results.csv
143,48,5,medium,high,23.388601781096128,Java_medium_Java_high_results.csv
143,68,5,medium,high,28.126522555530343,Java_medium_Java_high_results.csv
142,178,5,medium,high,47.80659879856447,Java_medium_Java_high_results.csv
142,69,5,medium,high,67.77763082206555,Java_medium_Java_high_results.csv
142,87,5,medium,high,64.81846671062371,Java_medium_Java_high_results.csv
142,86,5,medium,high,67.73543595203078,Java_medium_Java_high_results.csv
143,80,5,medium,high,20.145938551561898,Java_medium_Java_high_results.csv
143,82,5,medium,high,33.643701803147536,Java_medium_Java_high_results.csv
143,69,5,medium,high,50.40049712949413,Java_medium_Java_high_results.csv
143,86,5,medium,high,49.123359410150464,Java_medium_Java_high_results.csv
143,118,5,medium,high,28.078880758388387,Java_medium_Java_high_results.csv
143,87,5,medium,high,46.6575669083065,Java_medium_Java_high_results.csv
143,178,5,medium,high,25.570698223356807,Java_medium_Java_high_results.csv
145,48,5,medium,high,25.859597147377738,Java_medium_Java_high_results.csv
145,80,5,medium,high,24.650526757974323,Java_medium_Java_high_results.csv
145,68,5,medium,high,27.930566187461533,Java_medium_Java_high_results.csv
145,82,5,medium,high,40.80218076121857,Java_medium_Java_high_results.csv
145,118,5,medium,high,30.920744153394207,Java_medium_Java_high_results.csv
145,69,5,medium,high,51.39183406077218,Java_medium_Java_high_results.csv
145,87,5,medium,high,45.39436401042327,Java_medium_Java_high_results.csv
147,48,5,medium,high,19.655394751129432,Java_medium_Java_high_results.csv
145,86,5,medium,high,49.96772582372097,Java_medium_Java_high_results.csv
147,68,5,medium,high,22.560151223266608,Java_medium_Java_high_results.csv
145,178,5,medium,high,25.39431535256312,Java_medium_Java_high_results.csv
147,80,5,medium,high,17.94563338888454,Java_medium_Java_high_results.csv
147,118,5,medium,high,24.789944491646477,Java_medium_Java_high_results.csv
147,82,5,medium,high,33.82470375297805,Java_medium_Java_high_results.csv
147,69,5,medium,high,45.87737920239893,Java_medium_Java_high_results.csv
147,178,5,medium,high,20.043152858080997,Java_medium_Java_high_results.csv
147,86,5,medium,high,44.57182916339021,Java_medium_Java_high_results.csv
147,87,5,medium,high,41.78296451283372,Java_medium_Java_high_results.csv
151,48,5,medium,high,73.70134525576043,Java_medium_Java_high_results.csv
151,80,5,medium,high,73.45540533378684,Java_medium_Java_high_results.csv
151,68,5,medium,high,75.42949630357559,Java_medium_Java_high_results.csv
151,118,5,medium,high,79.06500546305172,Java_medium_Java_high_results.csv
155,48,5,medium,high,22.38174548199617,Java_medium_Java_high_results.csv
151,82,5,medium,high,85.084793593996,Java_medium_Java_high_results.csv
155,68,5,medium,high,27.897021650838447,Java_medium_Java_high_results.csv
155,80,5,medium,high,19.61179682245857,Java_medium_Java_high_results.csv
151,178,5,medium,high,73.37701945709419,Java_medium_Java_high_results.csv
151,87,5,medium,high,90.1615280516601,Java_medium_Java_high_results.csv
155,69,5,medium,high,50.12513248122973,Java_medium_Java_high_results.csv
155,82,5,medium,high,32.831476445831925,Java_medium_Java_high_results.csv
151,69,5,medium,high,89.87357191573346,Java_medium_Java_high_results.csv
151,86,5,medium,high,91.29183661469914,Java_medium_Java_high_results.csv
155,86,5,medium,high,48.41412477750048,Java_medium_Java_high_results.csv
155,118,5,medium,high,28.23980043817227,Java_medium_Java_high_results.csv
155,87,5,medium,high,45.975877568745766,Java_medium_Java_high_results.csv
155,178,5,medium,high,25.28201175577942,Java_medium_Java_high_results.csv
158,80,5,medium,high,44.2867767640029,Java_medium_Java_high_results.csv
158,48,5,medium,high,45.02515052214284,Java_medium_Java_high_results.csv
158,68,5,medium,high,45.09608630674779,Java_medium_Java_high_results.csv
158,82,5,medium,high,54.451075437044885,Java_medium_Java_high_results.csv
158,118,5,medium,high,47.56267133166174,Java_medium_Java_high_results.csv
158,69,5,medium,high,60.68494621160101,Java_medium_Java_high_results.csv
166,48,5,medium,high,33.89500602685446,Java_medium_Java_high_results.csv
158,178,5,medium,high,43.78449146511929,Java_medium_Java_high_results.csv
158,86,5,medium,high,60.24076438647841,Java_medium_Java_high_results.csv
166,68,5,medium,high,37.08332754630416,Java_medium_Java_high_results.csv
158,87,5,medium,high,61.11128690456942,Java_medium_Java_high_results.csv
166,80,5,medium,high,32.56999377325379,Java_medium_Java_high_results.csv
166,118,5,medium,high,37.92849305088056,Java_medium_Java_high_results.csv
166,82,5,medium,high,49.22132159110599,Java_medium_Java_high_results.csv
168,48,5,medium,high,30.0830644505096,Java_medium_Java_high_results.csv
166,69,5,medium,high,60.553304371693,Java_medium_Java_high_results.csv
166,87,5,medium,high,56.55691241627438,Java_medium_Java_high_results.csv
166,178,5,medium,high,33.780175649929724,Java_medium_Java_high_results.csv
166,86,5,medium,high,60.48358878558142,Java_medium_Java_high_results.csv
168,68,5,medium,high,32.79472803156167,Java_medium_Java_high_results.csv
168,80,5,medium,high,28.526818056362803,Java_medium_Java_high_results.csv
168,118,5,medium,high,34.268293043296325,Java_medium_Java_high_results.csv
168,82,5,medium,high,43.532155550905614,Java_medium_Java_high_results.csv
168,69,5,medium,high,53.31526682303147,Java_medium_Java_high_results.csv
168,178,5,medium,high,30.733694705241668,Java_medium_Java_high_results.csv
169,48,5,medium,high,45.05760273996377,Java_medium_Java_high_results.csv
168,87,5,medium,high,52.293972934767645,Java_medium_Java_high_results.csv
168,86,5,medium,high,53.546642565145305,Java_medium_Java_high_results.csv
169,68,5,medium,high,49.69576738368807,Java_medium_Java_high_results.csv
169,80,5,medium,high,43.10689749284874,Java_medium_Java_high_results.csv
169,118,5,medium,high,50.98445821446137,Java_medium_Java_high_results.csv
169,82,5,medium,high,55.17601427647588,Java_medium_Java_high_results.csv
171,48,5,medium,high,29.818373379669826,Java_medium_Java_high_results.csv
169,178,5,medium,high,47.76936729684032,Java_medium_Java_high_results.csv
169,69,5,medium,high,70.53996473159367,Java_medium_Java_high_results.csv
169,87,5,medium,high,67.09283516781566,Java_medium_Java_high_results.csv
171,68,5,medium,high,35.60994674973306,Java_medium_Java_high_results.csv
169,86,5,medium,high,69.46582381715311,Java_medium_Java_high_results.csv
171,80,5,medium,high,28.83140120204385,Java_medium_Java_high_results.csv
171,69,5,medium,high,57.29243088201781,Java_medium_Java_high_results.csv
171,82,5,medium,high,39.50604924509511,Java_medium_Java_high_results.csv
171,118,5,medium,high,36.12309048150216,Java_medium_Java_high_results.csv
171,178,5,medium,high,33.11665603164753,Java_medium_Java_high_results.csv
171,86,5,medium,high,55.19998381192112,Java_medium_Java_high_results.csv
171,87,5,medium,high,52.41653740990059,Java_medium_Java_high_results.csv
192,48,5,medium,high,31.236582862639736,Java_medium_Java_high_results.csv
192,68,5,medium,high,32.53455722527345,Java_medium_Java_high_results.csv
192,80,5,medium,high,27.929816198339488,Java_medium_Java_high_results.csv
192,82,5,medium,high,42.5045884658836,Java_medium_Java_high_results.csv
192,118,5,medium,high,31.216896431479487,Java_medium_Java_high_results.csv
192,69,5,medium,high,53.188110725361625,Java_medium_Java_high_results.csv
192,87,5,medium,high,50.1097886514891,Java_medium_Java_high_results.csv
192,86,5,medium,high,51.61602664785947,Java_medium_Java_high_results.csv
192,178,5,medium,high,30.81137970179449,Java_medium_Java_high_results.csv
202,80,5,medium,high,26.276902094258453,Java_medium_Java_high_results.csv
202,48,5,medium,high,26.91627389574748,Java_medium_Java_high_results.csv
202,68,5,medium,high,32.587776981543755,Java_medium_Java_high_results.csv
202,82,5,medium,high,40.05446753848472,Java_medium_Java_high_results.csv
202,118,5,medium,high,34.979501670584206,Java_medium_Java_high_results.csv
202,69,5,medium,high,54.77016995535564,Java_medium_Java_high_results.csv
202,86,5,medium,high,55.16391728381231,Java_medium_Java_high_results.csv
203,48,5,medium,high,13.589376464874526,Java_medium_Java_high_results.csv
202,87,5,medium,high,48.75144494343889,Java_medium_Java_high_results.csv
203,68,5,medium,high,18.672706750027324,Java_medium_Java_high_results.csv
202,178,5,medium,high,29.95720693801141,Java_medium_Java_high_results.csv
203,69,5,medium,high,43.39240015688394,Java_medium_Java_high_results.csv
203,80,5,medium,high,10.79065846452756,Java_medium_Java_high_results.csv
203,82,5,medium,high,29.341631011678786,Java_medium_Java_high_results.csv
203,86,5,medium,high,41.95573604736219,Java_medium_Java_high_results.csv
203,87,5,medium,high,39.87765265495128,Java_medium_Java_high_results.csv
203,118,5,medium,high,18.475231181136586,Java_medium_Java_high_results.csv
203,178,5,medium,high,15.393907355689276,Java_medium_Java_high_results.csv
206,48,5,medium,high,41.94965996854952,Java_medium_Java_high_results.csv
206,80,5,medium,high,41.50277724900203,Java_medium_Java_high_results.csv
206,68,5,medium,high,48.63905135652276,Java_medium_Java_high_results.csv
206,118,5,medium,high,50.22959470460586,Java_medium_Java_high_results.csv
206,82,5,medium,high,52.81704882450426,Java_medium_Java_high_results.csv
206,87,5,medium,high,64.24207137884402,Java_medium_Java_high_results.csv
207,48,5,medium,high,41.2246776182707,Java_medium_Java_high_results.csv
206,69,5,medium,high,68.42394414009917,Java_medium_Java_high_results.csv
206,86,5,medium,high,67.83438005340192,Java_medium_Java_high_results.csv
206,178,5,medium,high,46.19862950231379,Java_medium_Java_high_results.csv
207,68,5,medium,high,46.94931304913072,Java_medium_Java_high_results.csv
207,80,5,medium,high,40.701959991685335,Java_medium_Java_high_results.csv
207,69,5,medium,high,68.32562242608587,Java_medium_Java_high_results.csv
210,48,5,medium,high,17.229232284023283,Java_medium_Java_high_results.csv
207,82,5,medium,high,49.52444660764495,Java_medium_Java_high_results.csv
207,118,5,medium,high,48.70750462124815,Java_medium_Java_high_results.csv
210,68,5,medium,high,23.433759160537743,Java_medium_Java_high_results.csv
207,178,5,medium,high,45.25574018117677,Java_medium_Java_high_results.csv
207,87,5,medium,high,63.20273869611606,Java_medium_Java_high_results.csv
207,86,5,medium,high,66.43600131391898,Java_medium_Java_high_results.csv
210,80,5,medium,high,15.444228481249656,Java_medium_Java_high_results.csv
210,69,5,medium,high,46.3693184987212,Java_medium_Java_high_results.csv
210,82,5,medium,high,30.377859792027767,Java_medium_Java_high_results.csv
210,118,5,medium,high,23.618789392141974,Java_medium_Java_high_results.csv
210,87,5,medium,high,41.4481519476886,Java_medium_Java_high_results.csv
210,178,5,medium,high,20.45656787603284,Java_medium_Java_high_results.csv
210,86,5,medium,high,45.15921438158106,Java_medium_Java_high_results.csv
214,80,5,medium,high,55.56654704256867,Java_medium_Java_high_results.csv
214,48,5,medium,high,57.94095356954477,Java_medium_Java_high_results.csv
214,68,5,medium,high,57.722854641251246,Java_medium_Java_high_results.csv
214,118,5,medium,high,60.89084260978564,Java_medium_Java_high_results.csv
214,82,5,medium,high,68.49317053595438,Java_medium_Java_high_results.csv
215,48,5,medium,high,25.273013325836995,Java_medium_Java_high_results.csv
215,68,5,medium,high,31.14404210407881,Java_medium_Java_high_results.csv
214,87,5,medium,high,74.69467465898522,Java_medium_Java_high_results.csv
214,69,5,medium,high,74.51077463485127,Java_medium_Java_high_results.csv
214,178,5,medium,high,57.07587579881432,Java_medium_Java_high_results.csv
215,80,5,medium,high,22.305892651881827,Java_medium_Java_high_results.csv
214,86,5,medium,high,72.90979087000638,Java_medium_Java_high_results.csv
215,69,5,medium,high,53.02814129965704,Java_medium_Java_high_results.csv
215,82,5,medium,high,35.84856975882486,Java_medium_Java_high_results.csv
215,118,5,medium,high,31.64786373646334,Java_medium_Java_high_results.csv
215,87,5,medium,high,51.17692291489706,Java_medium_Java_high_results.csv
215,86,5,medium,high,52.9349508047045,Java_medium_Java_high_results.csv
215,178,5,medium,high,28.0194430592625,Java_medium_Java_high_results.csv
4,78,5,medium,low,41.24560778211546,Java_medium_Java_low_results.csv
4,31,5,medium,low,42.74190193091909,Java_medium_Java_low_results.csv
4,104,5,medium,low,38.30905870401484,Java_medium_Java_low_results.csv
4,65,5,medium,low,31.459307686042827,Java_medium_Java_low_results.csv
4,21,5,medium,low,49.090146039260986,Java_medium_Java_low_results.csv
4,56,5,medium,low,40.233303215427206,Java_medium_Java_low_results.csv
4,41,5,medium,low,46.97154726694498,Java_medium_Java_low_results.csv
4,79,5,medium,low,44.54289531216468,Java_medium_Java_low_results.csv
4,64,5,medium,low,56.94006981171417,Java_medium_Java_low_results.csv
4,13,5,medium,low,82.31689591312183,Java_medium_Java_low_results.csv
4,43,5,medium,low,38.99540489978589,Java_medium_Java_low_results.csv
4,74,5,medium,low,30.988872951197504,Java_medium_Java_low_results.csv
4,126,5,medium,low,48.34976510284803,Java_medium_Java_low_results.csv
4,37,5,medium,low,51.77709163716452,Java_medium_Java_low_results.csv
4,94,5,medium,low,35.754438568658976,Java_medium_Java_low_results.csv
4,63,5,medium,low,48.9148760429398,Java_medium_Java_low_results.csv
4,35,5,medium,low,58.59101492248912,Java_medium_Java_low_results.csv
4,27,5,medium,low,33.52278690113851,Java_medium_Java_low_results.csv
4,124,5,medium,low,38.01529812055925,Java_medium_Java_low_results.csv
4,77,5,medium,low,55.94340398747357,Java_medium_Java_low_results.csv
4,99,5,medium,low,42.10876402264121,Java_medium_Java_low_results.csv
4,34,5,medium,low,46.981765408150615,Java_medium_Java_low_results.csv
4,44,5,medium,low,36.58071836857446,Java_medium_Java_low_results.csv
4,60,5,medium,low,45.86936105831294,Java_medium_Java_low_results.csv
4,29,5,medium,low,40.09293916116377,Java_medium_Java_low_results.csv
4,132,5,medium,low,40.40971180941421,Java_medium_Java_low_results.csv
4,114,5,medium,low,29.552980350823464,Java_medium_Java_low_results.csv
4,10,5,medium,low,34.748742676011815,Java_medium_Java_low_results.csv
4,128,5,medium,low,66.54259805817874,Java_medium_Java_low_results.csv
4,101,5,medium,low,92.60012046569308,Java_medium_Java_low_results.csv
4,139,5,medium,low,32.16938448933763,Java_medium_Java_low_results.csv
4,180,5,medium,low,36.55165740187712,Java_medium_Java_low_results.csv
4,140,5,medium,low,32.99136336406224,Java_medium_Java_low_results.csv
4,164,5,medium,low,37.90203050369835,Java_medium_Java_low_results.csv
4,170,5,medium,low,51.80273709389503,Java_medium_Java_low_results.csv
4,182,5,medium,low,47.0642348388152,Java_medium_Java_low_results.csv
6,10,5,medium,low,25.56088996142445,Java_medium_Java_low_results.csv
4,176,5,medium,low,55.89692823832491,Java_medium_Java_low_results.csv
4,179,5,medium,low,76.5744204939759,Java_medium_Java_low_results.csv
4,200,5,medium,low,43.63694785003681,Java_medium_Java_low_results.csv
4,208,5,medium,low,42.125919571654514,Java_medium_Java_low_results.csv
6,27,5,medium,low,25.78570555451237,Java_medium_Java_low_results.csv
6,29,5,medium,low,33.2571305960354,Java_medium_Java_low_results.csv
6,13,5,medium,low,82.39251415490897,Java_medium_Java_low_results.csv
6,31,5,medium,low,38.16511236453857,Java_medium_Java_low_results.csv
6,21,5,medium,low,45.33605360726732,Java_medium_Java_low_results.csv
6,34,5,medium,low,42.95166933823087,Java_medium_Java_low_results.csv
6,35,5,medium,low,58.50179509969696,Java_medium_Java_low_results.csv
6,37,5,medium,low,44.99899961451518,Java_medium_Java_low_results.csv
6,41,5,medium,low,43.77165124416274,Java_medium_Java_low_results.csv
6,43,5,medium,low,31.95564007136695,Java_medium_Java_low_results.csv
6,44,5,medium,low,29.32030542786477,Java_medium_Java_low_results.csv
6,56,5,medium,low,34.78240765408947,Java_medium_Java_low_results.csv
6,60,5,medium,low,40.532486489927614,Java_medium_Java_low_results.csv
6,65,5,medium,low,21.48810178187797,Java_medium_Java_low_results.csv
6,63,5,medium,low,45.34081878510251,Java_medium_Java_low_results.csv
6,74,5,medium,low,24.343675116967216,Java_medium_Java_low_results.csv
6,64,5,medium,low,52.26018371161148,Java_medium_Java_low_results.csv
6,78,5,medium,low,37.485657391184695,Java_medium_Java_low_results.csv
6,94,5,medium,low,29.08119490268985,Java_medium_Java_low_results.csv
6,79,5,medium,low,39.06865441469269,Java_medium_Java_low_results.csv
6,77,5,medium,low,52.62529241692637,Java_medium_Java_low_results.csv
6,99,5,medium,low,38.20992242836002,Java_medium_Java_low_results.csv
6,114,5,medium,low,22.84837337820501,Java_medium_Java_low_results.csv
6,104,5,medium,low,29.841223252187262,Java_medium_Java_low_results.csv
6,124,5,medium,low,31.099231677057556,Java_medium_Java_low_results.csv
6,139,5,medium,low,25.927385385850176,Java_medium_Java_low_results.csv
6,126,5,medium,low,42.60472585324369,Java_medium_Java_low_results.csv
6,140,5,medium,low,25.14269471776389,Java_medium_Java_low_results.csv
6,132,5,medium,low,36.08001891828102,Java_medium_Java_low_results.csv
6,164,5,medium,low,30.974877798317262,Java_medium_Java_low_results.csv
6,101,5,medium,low,94.75649489190104,Java_medium_Java_low_results.csv
6,128,5,medium,low,67.41641509303234,Java_medium_Java_low_results.csv
6,180,5,medium,low,30.09017960411757,Java_medium_Java_low_results.csv
6,170,5,medium,low,50.62754660508765,Java_medium_Java_low_results.csv
6,182,5,medium,low,40.572399836787135,Java_medium_Java_low_results.csv
6,176,5,medium,low,55.63336043842317,Java_medium_Java_low_results.csv
6,200,5,medium,low,36.59597449280204,Java_medium_Java_low_results.csv
6,179,5,medium,low,73.55753654969175,Java_medium_Java_low_results.csv
6,208,5,medium,low,36.72328338307006,Java_medium_Java_low_results.csv
16,27,5,medium,low,52.45837356115103,Java_medium_Java_low_results.csv
16,10,5,medium,low,51.78495748210718,Java_medium_Java_low_results.csv
16,29,5,medium,low,58.57652122616561,Java_medium_Java_low_results.csv
16,31,5,medium,low,55.89707150802112,Java_medium_Java_low_results.csv
16,34,5,medium,low,64.55490120233176,Java_medium_Java_low_results.csv
16,35,5,medium,low,74.30499581570463,Java_medium_Java_low_results.csv
16,21,5,medium,low,66.27920380524691,Java_medium_Java_low_results.csv
16,43,5,medium,low,56.26231328517719,Java_medium_Java_low_results.csv
16,37,5,medium,low,62.9913439048257,Java_medium_Java_low_results.csv
16,44,5,medium,low,55.02539966253573,Java_medium_Java_low_results.csv
16,56,5,medium,low,59.71238759671036,Java_medium_Java_low_results.csv
16,41,5,medium,low,59.15898170702217,Java_medium_Java_low_results.csv
16,13,5,medium,low,93.54593568323644,Java_medium_Java_low_results.csv
16,65,5,medium,low,49.74931770670701,Java_medium_Java_low_results.csv
16,60,5,medium,low,64.74344988111608,Java_medium_Java_low_results.csv
16,74,5,medium,low,48.31013365234584,Java_medium_Java_low_results.csv
16,63,5,medium,low,68.38863494587768,Java_medium_Java_low_results.csv
16,78,5,medium,low,58.923833636299975,Java_medium_Java_low_results.csv
16,64,5,medium,low,74.57984500053684,Java_medium_Java_low_results.csv
16,94,5,medium,low,53.93780045507152,Java_medium_Java_low_results.csv
16,79,5,medium,low,61.41903808166849,Java_medium_Java_low_results.csv
16,77,5,medium,low,74.53196499962623,Java_medium_Java_low_results.csv
16,114,5,medium,low,46.95754351972436,Java_medium_Java_low_results.csv
16,104,5,medium,low,55.88777022725001,Java_medium_Java_low_results.csv
16,99,5,medium,low,58.10285373664703,Java_medium_Java_low_results.csv
16,124,5,medium,low,56.15697670808114,Java_medium_Java_low_results.csv
16,139,5,medium,low,49.31090699940116,Java_medium_Java_low_results.csv
16,140,5,medium,low,51.33757591269328,Java_medium_Java_low_results.csv
16,126,5,medium,low,67.56970129789549,Java_medium_Java_low_results.csv
16,132,5,medium,low,59.50101732651071,Java_medium_Java_low_results.csv
16,164,5,medium,low,55.773131859322135,Java_medium_Java_low_results.csv
16,128,5,medium,low,81.42482602158695,Java_medium_Java_low_results.csv
16,180,5,medium,low,54.45110701685982,Java_medium_Java_low_results.csv
16,170,5,medium,low,66.00915743029611,Java_medium_Java_low_results.csv
16,182,5,medium,low,63.7913187447307,Java_medium_Java_low_results.csv
16,101,5,medium,low,109.6602691980702,Java_medium_Java_low_results.csv
17,10,5,medium,low,41.2025958327473,Java_medium_Java_low_results.csv
16,200,5,medium,low,61.96107050076492,Java_medium_Java_low_results.csv
16,176,5,medium,low,72.1905948309195,Java_medium_Java_low_results.csv
16,208,5,medium,low,59.548265559253,Java_medium_Java_low_results.csv
16,179,5,medium,low,92.48742647919384,Java_medium_Java_low_results.csv
17,27,5,medium,low,39.83894148090347,Java_medium_Java_low_results.csv
17,29,5,medium,low,46.34959929339543,Java_medium_Java_low_results.csv
17,34,5,medium,low,55.64689100840224,Java_medium_Java_low_results.csv
17,21,5,medium,low,57.08350460482845,Java_medium_Java_low_results.csv
17,31,5,medium,low,47.404472098767215,Java_medium_Java_low_results.csv
17,13,5,medium,low,86.74884025959139,Java_medium_Java_low_results.csv
17,37,5,medium,low,53.98069989260917,Java_medium_Java_low_results.csv
17,35,5,medium,low,64.26621369822713,Java_medium_Java_low_results.csv
17,43,5,medium,low,43.91265508502393,Java_medium_Java_low_results.csv
17,44,5,medium,low,43.36154478851146,Java_medium_Java_low_results.csv
17,41,5,medium,low,50.444401589974994,Java_medium_Java_low_results.csv
17,56,5,medium,low,48.511713151149664,Java_medium_Java_low_results.csv
17,60,5,medium,low,53.410577230610734,Java_medium_Java_low_results.csv
17,65,5,medium,low,37.29892061639055,Java_medium_Java_low_results.csv
17,74,5,medium,low,36.77992275681628,Java_medium_Java_low_results.csv
17,63,5,medium,low,58.11104225811109,Java_medium_Java_low_results.csv
17,79,5,medium,low,49.43073288880623,Java_medium_Java_low_results.csv
17,94,5,medium,low,41.54892786916175,Java_medium_Java_low_results.csv
17,78,5,medium,low,48.791056020175546,Java_medium_Java_low_results.csv
17,64,5,medium,low,63.31545173078141,Java_medium_Java_low_results.csv
17,77,5,medium,low,63.7009302596757,Java_medium_Java_low_results.csv
17,114,5,medium,low,35.25395637850906,Java_medium_Java_low_results.csv
17,99,5,medium,low,47.86345845642123,Java_medium_Java_low_results.csv
17,104,5,medium,low,44.095464068397,Java_medium_Java_low_results.csv
17,124,5,medium,low,44.342739044834445,Java_medium_Java_low_results.csv
17,126,5,medium,low,55.14951811786948,Java_medium_Java_low_results.csv
17,139,5,medium,low,38.90295221745231,Java_medium_Java_low_results.csv
17,140,5,medium,low,39.612367991679925,Java_medium_Java_low_results.csv
17,164,5,medium,low,43.2643378153473,Java_medium_Java_low_results.csv
17,132,5,medium,low,48.54852063176163,Java_medium_Java_low_results.csv
17,128,5,medium,low,72.24448430938227,Java_medium_Java_low_results.csv
17,170,5,medium,low,58.2011740248178,Java_medium_Java_low_results.csv
17,101,5,medium,low,103.05369507364642,Java_medium_Java_low_results.csv
17,180,5,medium,low,40.72578834065232,Java_medium_Java_low_results.csv
17,200,5,medium,low,49.65242837991221,Java_medium_Java_low_results.csv
17,176,5,medium,low,62.535646674288,Java_medium_Java_low_results.csv
17,182,5,medium,low,51.612074855539085,Java_medium_Java_low_results.csv
17,208,5,medium,low,49.52329241910713,Java_medium_Java_low_results.csv
19,10,5,medium,low,24.161053963498684,Java_medium_Java_low_results.csv
17,179,5,medium,low,81.24318509052469,Java_medium_Java_low_results.csv
19,21,5,medium,low,44.45474761664331,Java_medium_Java_low_results.csv
19,27,5,medium,low,22.070932840611203,Java_medium_Java_low_results.csv
19,29,5,medium,low,29.36754633698916,Java_medium_Java_low_results.csv
19,13,5,medium,low,81.50610983922287,Java_medium_Java_low_results.csv
19,31,5,medium,low,36.317959164959525,Java_medium_Java_low_results.csv
19,34,5,medium,low,41.10287973507014,Java_medium_Java_low_results.csv
19,35,5,medium,low,56.81669909569059,Java_medium_Java_low_results.csv
19,43,5,medium,low,27.960755642146214,Java_medium_Java_low_results.csv
19,37,5,medium,low,42.24264776441511,Java_medium_Java_low_results.csv
19,41,5,medium,low,43.006022535275456,Java_medium_Java_low_results.csv
19,44,5,medium,low,26.63422810505698,Java_medium_Java_low_results.csv
19,56,5,medium,low,32.003513022935394,Java_medium_Java_low_results.csv
19,60,5,medium,low,36.95552484165117,Java_medium_Java_low_results.csv
19,63,5,medium,low,42.01696333706212,Java_medium_Java_low_results.csv
19,65,5,medium,low,18.88402283238877,Java_medium_Java_low_results.csv
19,74,5,medium,low,22.15166815341274,Java_medium_Java_low_results.csv
19,64,5,medium,low,49.517752642582735,Java_medium_Java_low_results.csv
19,78,5,medium,low,34.47487122289196,Java_medium_Java_low_results.csv
19,77,5,medium,low,48.83307714167667,Java_medium_Java_low_results.csv
19,79,5,medium,low,35.20416422915237,Java_medium_Java_low_results.csv
19,94,5,medium,low,25.920753959340384,Java_medium_Java_low_results.csv
19,114,5,medium,low,20.54601782430408,Java_medium_Java_low_results.csv
19,104,5,medium,low,26.08821676993905,Java_medium_Java_low_results.csv
19,99,5,medium,low,37.05359608649346,Java_medium_Java_low_results.csv
19,124,5,medium,low,28.149838100450932,Java_medium_Java_low_results.csv
19,126,5,medium,low,39.0455682054391,Java_medium_Java_low_results.csv
19,139,5,medium,low,25.352024075450085,Java_medium_Java_low_results.csv
19,140,5,medium,low,22.9268445936962,Java_medium_Java_low_results.csv
19,132,5,medium,low,34.876281097833505,Java_medium_Java_low_results.csv
19,164,5,medium,low,28.900690948807203,Java_medium_Java_low_results.csv
19,128,5,medium,low,66.97976313719704,Java_medium_Java_low_results.csv
19,101,5,medium,low,95.61697948963604,Java_medium_Java_low_results.csv
19,170,5,medium,low,49.27909896225624,Java_medium_Java_low_results.csv
19,180,5,medium,low,26.704871996391603,Java_medium_Java_low_results.csv
19,176,5,medium,low,54.49766652185126,Java_medium_Java_low_results.csv
19,182,5,medium,low,37.35986424608077,Java_medium_Java_low_results.csv
19,200,5,medium,low,33.763970131747186,Java_medium_Java_low_results.csv
19,208,5,medium,low,32.88495778870079,Java_medium_Java_low_results.csv
20,10,5,medium,low,39.67545517582174,Java_medium_Java_low_results.csv
19,179,5,medium,low,67.27018175273338,Java_medium_Java_low_results.csv
20,27,5,medium,low,36.80584742410921,Java_medium_Java_low_results.csv
20,29,5,medium,low,43.597810568028414,Java_medium_Java_low_results.csv
20,21,5,medium,low,55.90894736957728,Java_medium_Java_low_results.csv
20,31,5,medium,low,45.31453356590631,Java_medium_Java_low_results.csv
20,34,5,medium,low,54.14606789126378,Java_medium_Java_low_results.csv
20,37,5,medium,low,52.460828668905,Java_medium_Java_low_results.csv
20,35,5,medium,low,63.80228649697983,Java_medium_Java_low_results.csv
20,13,5,medium,low,87.56217641783617,Java_medium_Java_low_results.csv
20,43,5,medium,low,42.67611111037433,Java_medium_Java_low_results.csv
20,41,5,medium,low,49.0189013942039,Java_medium_Java_low_results.csv
20,56,5,medium,low,45.91197272261062,Java_medium_Java_low_results.csv
20,44,5,medium,low,40.48372937275975,Java_medium_Java_low_results.csv
20,65,5,medium,low,35.41462327729934,Java_medium_Java_low_results.csv
20,60,5,medium,low,51.64214605234286,Java_medium_Java_low_results.csv
20,74,5,medium,low,34.70872401819987,Java_medium_Java_low_results.csv
20,64,5,medium,low,61.89499434720907,Java_medium_Java_low_results.csv
20,63,5,medium,low,54.43203466047902,Java_medium_Java_low_results.csv
20,94,5,medium,low,39.16097993766345,Java_medium_Java_low_results.csv
20,79,5,medium,low,50.05722449193377,Java_medium_Java_low_results.csv
20,78,5,medium,low,47.501509130745525,Java_medium_Java_low_results.csv
20,114,5,medium,low,33.11869693036208,Java_medium_Java_low_results.csv
20,77,5,medium,low,62.150001216565926,Java_medium_Java_low_results.csv
20,99,5,medium,low,46.80683447078202,Java_medium_Java_low_results.csv
20,104,5,medium,low,43.16662342823012,Java_medium_Java_low_results.csv
20,139,5,medium,low,36.73957232259503,Java_medium_Java_low_results.csv
20,124,5,medium,low,42.33686374121832,Java_medium_Java_low_results.csv
20,140,5,medium,low,37.206195665999545,Java_medium_Java_low_results.csv
20,126,5,medium,low,54.19456320553272,Java_medium_Java_low_results.csv
20,132,5,medium,low,47.6136041697018,Java_medium_Java_low_results.csv
20,164,5,medium,low,42.634649998746326,Java_medium_Java_low_results.csv
20,128,5,medium,low,75.1572520559102,Java_medium_Java_low_results.csv
20,101,5,medium,low,103.93409003273696,Java_medium_Java_low_results.csv
20,180,5,medium,low,41.29755467778774,Java_medium_Java_low_results.csv
20,170,5,medium,low,54.97893880581509,Java_medium_Java_low_results.csv
20,176,5,medium,low,63.53793128656381,Java_medium_Java_low_results.csv
20,200,5,medium,low,46.79825554426396,Java_medium_Java_low_results.csv
20,182,5,medium,low,50.76419230813969,Java_medium_Java_low_results.csv
24,10,5,medium,low,37.57028940638727,Java_medium_Java_low_results.csv
20,208,5,medium,low,47.85660475641765,Java_medium_Java_low_results.csv
20,179,5,medium,low,82.46545835648672,Java_medium_Java_low_results.csv
24,27,5,medium,low,33.39884725485245,Java_medium_Java_low_results.csv
24,29,5,medium,low,36.43276845458467,Java_medium_Java_low_results.csv
24,21,5,medium,low,54.9042209618852,Java_medium_Java_low_results.csv
24,13,5,medium,low,87.8897549315969,Java_medium_Java_low_results.csv
24,31,5,medium,low,46.399839287244646,Java_medium_Java_low_results.csv
24,34,5,medium,low,45.85460006665148,Java_medium_Java_low_results.csv
24,35,5,medium,low,63.544147161567096,Java_medium_Java_low_results.csv
24,37,5,medium,low,54.22932654941709,Java_medium_Java_low_results.csv
24,44,5,medium,low,32.71231440678508,Java_medium_Java_low_results.csv
24,43,5,medium,low,36.12479745789206,Java_medium_Java_low_results.csv
24,41,5,medium,low,51.77892083162735,Java_medium_Java_low_results.csv
24,56,5,medium,low,37.22927612128063,Java_medium_Java_low_results.csv
24,65,5,medium,low,33.15196983252372,Java_medium_Java_low_results.csv
24,60,5,medium,low,42.01470155219737,Java_medium_Java_low_results.csv
24,63,5,medium,low,49.28883976687274,Java_medium_Java_low_results.csv
24,74,5,medium,low,33.10949544971623,Java_medium_Java_low_results.csv
24,64,5,medium,low,54.14000267653287,Java_medium_Java_low_results.csv
24,94,5,medium,low,38.68246475801944,Java_medium_Java_low_results.csv
24,78,5,medium,low,37.47551868902663,Java_medium_Java_low_results.csv
24,79,5,medium,low,41.92308015554907,Java_medium_Java_low_results.csv
24,77,5,medium,low,56.07359158344144,Java_medium_Java_low_results.csv
24,114,5,medium,low,30.982656983164787,Java_medium_Java_low_results.csv
24,104,5,medium,low,41.59765022363813,Java_medium_Java_low_results.csv
24,99,5,medium,low,45.15752867963487,Java_medium_Java_low_results.csv
24,124,5,medium,low,35.793683791523286,Java_medium_Java_low_results.csv
24,139,5,medium,low,33.83391264107424,Java_medium_Java_low_results.csv
24,126,5,medium,low,46.59224926111269,Java_medium_Java_low_results.csv
24,140,5,medium,low,30.231958941124788,Java_medium_Java_low_results.csv
24,132,5,medium,low,44.535608376525175,Java_medium_Java_low_results.csv
24,164,5,medium,low,37.07191514164367,Java_medium_Java_low_results.csv
24,128,5,medium,low,75.9702249135055,Java_medium_Java_low_results.csv
24,101,5,medium,low,100.9995891291746,Java_medium_Java_low_results.csv
24,170,5,medium,low,54.68905377213926,Java_medium_Java_low_results.csv
24,180,5,medium,low,33.45974653628075,Java_medium_Java_low_results.csv
24,200,5,medium,low,41.52343224626968,Java_medium_Java_low_results.csv
24,182,5,medium,low,43.22455015933566,Java_medium_Java_low_results.csv
24,176,5,medium,low,62.88014262115305,Java_medium_Java_low_results.csv
24,208,5,medium,low,41.1269016076114,Java_medium_Java_low_results.csv
24,179,5,medium,low,73.74193038216792,Java_medium_Java_low_results.csv
25,10,5,medium,low,37.34799362056548,Java_medium_Java_low_results.csv
25,27,5,medium,low,34.232779824406606,Java_medium_Java_low_results.csv
25,29,5,medium,low,42.20326053655273,Java_medium_Java_low_results.csv
25,21,5,medium,low,50.97871419006175,Java_medium_Java_low_results.csv
25,31,5,medium,low,41.51832214803167,Java_medium_Java_low_results.csv
25,34,5,medium,low,49.51695181624567,Java_medium_Java_low_results.csv
25,35,5,medium,low,61.57313363119035,Java_medium_Java_low_results.csv
25,37,5,medium,low,49.73284716980943,Java_medium_Java_low_results.csv
25,13,5,medium,low,85.65377166649934,Java_medium_Java_low_results.csv
25,43,5,medium,low,39.569687020723975,Java_medium_Java_low_results.csv
25,41,5,medium,low,47.19492473042478,Java_medium_Java_low_results.csv
25,44,5,medium,low,38.18789511999653,Java_medium_Java_low_results.csv
25,56,5,medium,low,43.52504225906264,Java_medium_Java_low_results.csv
25,65,5,medium,low,31.808984430981297,Java_medium_Java_low_results.csv
25,74,5,medium,low,31.8636046955334,Java_medium_Java_low_results.csv
25,60,5,medium,low,47.86224062900673,Java_medium_Java_low_results.csv
25,63,5,medium,low,53.55508011600129,Java_medium_Java_low_results.csv
25,64,5,medium,low,59.02131185451936,Java_medium_Java_low_results.csv
25,78,5,medium,low,44.625534720315,Java_medium_Java_low_results.csv
25,94,5,medium,low,36.57040380920197,Java_medium_Java_low_results.csv
25,77,5,medium,low,60.15313047221316,Java_medium_Java_low_results.csv
25,79,5,medium,low,45.42578767856862,Java_medium_Java_low_results.csv
25,114,5,medium,low,30.7476941864989,Java_medium_Java_low_results.csv
25,99,5,medium,low,43.42916622344484,Java_medium_Java_low_results.csv
25,104,5,medium,low,40.05224040255956,Java_medium_Java_low_results.csv
25,124,5,medium,low,39.01302097102684,Java_medium_Java_low_results.csv
25,139,5,medium,low,34.13286155512118,Java_medium_Java_low_results.csv
25,126,5,medium,low,49.9025874239091,Java_medium_Java_low_results.csv
25,140,5,medium,low,34.00886089913902,Java_medium_Java_low_results.csv
25,132,5,medium,low,44.271435529478296,Java_medium_Java_low_results.csv
25,164,5,medium,low,38.82984452268626,Java_medium_Java_low_results.csv
25,180,5,medium,low,38.08018349905034,Java_medium_Java_low_results.csv
25,128,5,medium,low,73.5917117495439,Java_medium_Java_low_results.csv
25,170,5,medium,low,55.28727006447229,Java_medium_Java_low_results.csv
25,101,5,medium,low,98.87042030070488,Java_medium_Java_low_results.csv
25,176,5,medium,low,59.80872820001464,Java_medium_Java_low_results.csv
25,200,5,medium,low,44.96677190210652,Java_medium_Java_low_results.csv
25,182,5,medium,low,46.97308170149267,Java_medium_Java_low_results.csv
32,10,5,medium,low,35.58567675441535,Java_medium_Java_low_results.csv
25,179,5,medium,low,80.14784318976801,Java_medium_Java_low_results.csv
25,208,5,medium,low,44.827605582629744,Java_medium_Java_low_results.csv
32,27,5,medium,low,34.59870581513929,Java_medium_Java_low_results.csv
32,21,5,medium,low,51.48725854634474,Java_medium_Java_low_results.csv
32,29,5,medium,low,41.68589351110621,Java_medium_Java_low_results.csv
32,34,5,medium,low,48.859838817380016,Java_medium_Java_low_results.csv
32,31,5,medium,low,41.05372910682497,Java_medium_Java_low_results.csv
32,13,5,medium,low,83.52956692236518,Java_medium_Java_low_results.csv
32,35,5,medium,low,59.01092741693888,Java_medium_Java_low_results.csv
32,43,5,medium,low,39.357192676416005,Java_medium_Java_low_results.csv
32,44,5,medium,low,37.62421663332713,Java_medium_Java_low_results.csv
32,37,5,medium,low,49.9375489499251,Java_medium_Java_low_results.csv
32,41,5,medium,low,45.37011277530828,Java_medium_Java_low_results.csv
32,56,5,medium,low,41.39955983631682,Java_medium_Java_low_results.csv
32,60,5,medium,low,47.57186161055385,Java_medium_Java_low_results.csv
32,65,5,medium,low,31.82548340667178,Java_medium_Java_low_results.csv
32,63,5,medium,low,52.24859020964505,Java_medium_Java_low_results.csv
32,74,5,medium,low,31.1090705761019,Java_medium_Java_low_results.csv
32,78,5,medium,low,42.06242876260684,Java_medium_Java_low_results.csv
32,64,5,medium,low,57.48169792782095,Java_medium_Java_low_results.csv
32,94,5,medium,low,36.90399392413772,Java_medium_Java_low_results.csv
32,79,5,medium,low,44.3284185635366,Java_medium_Java_low_results.csv
32,77,5,medium,low,58.82069123873985,Java_medium_Java_low_results.csv
32,99,5,medium,low,42.23557175935832,Java_medium_Java_low_results.csv
32,114,5,medium,low,29.433215313409296,Java_medium_Java_low_results.csv
32,104,5,medium,low,39.98020571845202,Java_medium_Java_low_results.csv
32,124,5,medium,low,38.83785418642134,Java_medium_Java_low_results.csv
32,140,5,medium,low,34.12805485191022,Java_medium_Java_low_results.csv
32,139,5,medium,low,31.657800392687623,Java_medium_Java_low_results.csv
32,126,5,medium,low,49.957593733508624,Java_medium_Java_low_results.csv
32,132,5,medium,low,43.79873551821903,Java_medium_Java_low_results.csv
32,164,5,medium,low,38.70318227280048,Java_medium_Java_low_results.csv
32,128,5,medium,low,70.43014954891314,Java_medium_Java_low_results.csv
32,180,5,medium,low,37.49116762231452,Java_medium_Java_low_results.csv
32,101,5,medium,low,95.9926477829476,Java_medium_Java_low_results.csv
32,170,5,medium,low,53.3380684783252,Java_medium_Java_low_results.csv
32,182,5,medium,low,47.19859970686027,Java_medium_Java_low_results.csv
32,200,5,medium,low,44.36263663311243,Java_medium_Java_low_results.csv
33,10,5,medium,low,31.03277144352919,Java_medium_Java_low_results.csv
32,176,5,medium,low,57.26965902290259,Java_medium_Java_low_results.csv
32,208,5,medium,low,43.19103095477799,Java_medium_Java_low_results.csv
32,179,5,medium,low,78.58821691611638,Java_medium_Java_low_results.csv
33,27,5,medium,low,24.561586505835425,Java_medium_Java_low_results.csv
33,29,5,medium,low,30.51650042683206,Java_medium_Java_low_results.csv
33,21,5,medium,low,47.17882314801387,Java_medium_Java_low_results.csv
33,13,5,medium,low,84.78965399231127,Java_medium_Java_low_results.csv
33,31,5,medium,low,41.06556248046636,Java_medium_Java_low_results.csv
33,34,5,medium,low,42.51934656626957,Java_medium_Java_low_results.csv
33,35,5,medium,low,58.801125725465326,Java_medium_Java_low_results.csv
33,41,5,medium,low,47.09839111712058,Java_medium_Java_low_results.csv
33,37,5,medium,low,48.66141224431112,Java_medium_Java_low_results.csv
33,43,5,medium,low,31.692017128875268,Java_medium_Java_low_results.csv
33,44,5,medium,low,28.204031687822653,Java_medium_Java_low_results.csv
33,56,5,medium,low,33.77405158683366,Java_medium_Java_low_results.csv
33,60,5,medium,low,37.27396483050815,Java_medium_Java_low_results.csv
33,65,5,medium,low,24.391385845870424,Java_medium_Java_low_results.csv
33,74,5,medium,low,26.43360551502425,Java_medium_Java_low_results.csv
33,63,5,medium,low,43.71506517956818,Java_medium_Java_low_results.csv
33,78,5,medium,low,37.76440484495684,Java_medium_Java_low_results.csv
33,64,5,medium,low,50.672517847918726,Java_medium_Java_low_results.csv
33,79,5,medium,low,38.18203937842021,Java_medium_Java_low_results.csv
33,77,5,medium,low,49.32194382278302,Java_medium_Java_low_results.csv
33,94,5,medium,low,29.92393956402539,Java_medium_Java_low_results.csv
33,104,5,medium,low,32.65339317718164,Java_medium_Java_low_results.csv
33,99,5,medium,low,38.980928071257054,Java_medium_Java_low_results.csv
33,114,5,medium,low,24.536294963471637,Java_medium_Java_low_results.csv
33,124,5,medium,low,30.515708534996037,Java_medium_Java_low_results.csv
33,126,5,medium,low,39.78144474366252,Java_medium_Java_low_results.csv
33,139,5,medium,low,28.44168836741064,Java_medium_Java_low_results.csv
33,140,5,medium,low,25.244421245102885,Java_medium_Java_low_results.csv
33,132,5,medium,low,37.41089375895124,Java_medium_Java_low_results.csv
33,128,5,medium,low,70.10863854017472,Java_medium_Java_low_results.csv
33,164,5,medium,low,32.18691464674806,Java_medium_Java_low_results.csv
33,101,5,medium,low,97.1916660680754,Java_medium_Java_low_results.csv
33,170,5,medium,low,52.30921358304296,Java_medium_Java_low_results.csv
33,180,5,medium,low,28.21976232780043,Java_medium_Java_low_results.csv
33,200,5,medium,low,35.28121130190681,Java_medium_Java_low_results.csv
33,182,5,medium,low,37.7845060067345,Java_medium_Java_low_results.csv
40,10,5,medium,low,29.30371111476373,Java_medium_Java_low_results.csv
33,176,5,medium,low,57.44607270750801,Java_medium_Java_low_results.csv
33,208,5,medium,low,36.93742242631623,Java_medium_Java_low_results.csv
33,179,5,medium,low,71.21740035371505,Java_medium_Java_low_results.csv
40,27,5,medium,low,28.91847067137802,Java_medium_Java_low_results.csv
40,29,5,medium,low,35.95469987279055,Java_medium_Java_low_results.csv
40,34,5,medium,low,46.74166843763711,Java_medium_Java_low_results.csv
40,21,5,medium,low,47.834837100259854,Java_medium_Java_low_results.csv
40,35,5,medium,low,58.97254369425993,Java_medium_Java_low_results.csv
40,31,5,medium,low,40.3101413719933,Java_medium_Java_low_results.csv
40,37,5,medium,low,46.33170644068903,Java_medium_Java_low_results.csv
40,13,5,medium,low,84.61564810082616,Java_medium_Java_low_results.csv
40,43,5,medium,low,34.26118563740935,Java_medium_Java_low_results.csv
40,41,5,medium,low,46.16965597738094,Java_medium_Java_low_results.csv
40,44,5,medium,low,33.02154083659994,Java_medium_Java_low_results.csv
40,56,5,medium,low,38.17916300522156,Java_medium_Java_low_results.csv
40,65,5,medium,low,24.7098383553242,Java_medium_Java_low_results.csv
40,60,5,medium,low,44.60061646613501,Java_medium_Java_low_results.csv
40,63,5,medium,low,48.496567821021664,Java_medium_Java_low_results.csv
40,74,5,medium,low,27.03281205239604,Java_medium_Java_low_results.csv
40,64,5,medium,low,55.28450248789201,Java_medium_Java_low_results.csv
40,78,5,medium,low,40.300875331758064,Java_medium_Java_low_results.csv
40,79,5,medium,low,40.731028560965605,Java_medium_Java_low_results.csv
40,94,5,medium,low,30.342158068100527,Java_medium_Java_low_results.csv
40,77,5,medium,low,54.52790374772852,Java_medium_Java_low_results.csv
40,114,5,medium,low,25.20584632001552,Java_medium_Java_low_results.csv
40,99,5,medium,low,41.39200812873808,Java_medium_Java_low_results.csv
40,104,5,medium,low,32.71695957097324,Java_medium_Java_low_results.csv
40,124,5,medium,low,34.10861087276267,Java_medium_Java_low_results.csv
40,126,5,medium,low,46.12169724502681,Java_medium_Java_low_results.csv
40,140,5,medium,low,28.783054089726534,Java_medium_Java_low_results.csv
40,139,5,medium,low,30.17958539591925,Java_medium_Java_low_results.csv
40,132,5,medium,low,40.28339232062488,Java_medium_Java_low_results.csv
40,164,5,medium,low,33.982216755670315,Java_medium_Java_low_results.csv
40,128,5,medium,low,67.0745060093157,Java_medium_Java_low_results.csv
40,101,5,medium,low,100.02165114187866,Java_medium_Java_low_results.csv
40,170,5,medium,low,52.727041545903134,Java_medium_Java_low_results.csv
40,180,5,medium,low,32.243156798148924,Java_medium_Java_low_results.csv
40,182,5,medium,low,43.15112769782766,Java_medium_Java_low_results.csv
42,10,5,medium,low,18.423391973262653,Java_medium_Java_low_results.csv
40,176,5,medium,low,58.01218991538113,Java_medium_Java_low_results.csv
40,200,5,medium,low,40.00290430307522,Java_medium_Java_low_results.csv
40,208,5,medium,low,40.034598342008245,Java_medium_Java_low_results.csv
40,179,5,medium,low,73.9156132272183,Java_medium_Java_low_results.csv
42,21,5,medium,low,37.259037936703926,Java_medium_Java_low_results.csv
42,13,5,medium,low,76.71567257384625,Java_medium_Java_low_results.csv
42,27,5,medium,low,11.76203187038071,Java_medium_Java_low_results.csv
42,29,5,medium,low,20.319731274770383,Java_medium_Java_low_results.csv
42,31,5,medium,low,29.01790613210878,Java_medium_Java_low_results.csv
42,34,5,medium,low,32.32042627400234,Java_medium_Java_low_results.csv
42,35,5,medium,low,50.45976876045808,Java_medium_Java_low_results.csv
42,43,5,medium,low,18.618954147662148,Java_medium_Java_low_results.csv
42,37,5,medium,low,36.5370497062245,Java_medium_Java_low_results.csv
42,41,5,medium,low,36.64260725469969,Java_medium_Java_low_results.csv
42,44,5,medium,low,16.200500084828477,Java_medium_Java_low_results.csv
42,56,5,medium,low,22.557125162723857,Java_medium_Java_low_results.csv
42,60,5,medium,low,28.54667356473701,Java_medium_Java_low_results.csv
42,63,5,medium,low,34.29286688906112,Java_medium_Java_low_results.csv
42,65,5,medium,low,10.501279926546752,Java_medium_Java_low_results.csv
42,64,5,medium,low,41.1156708904896,Java_medium_Java_low_results.csv
42,74,5,medium,low,13.13083331968047,Java_medium_Java_low_results.csv
42,77,5,medium,low,41.14916567660805,Java_medium_Java_low_results.csv
42,78,5,medium,low,26.146062470686537,Java_medium_Java_low_results.csv
42,94,5,medium,low,17.97789432518736,Java_medium_Java_low_results.csv
42,79,5,medium,low,27.72461995403166,Java_medium_Java_low_results.csv
42,99,5,medium,low,28.937261993046764,Java_medium_Java_low_results.csv
42,104,5,medium,low,20.28992771567784,Java_medium_Java_low_results.csv
42,114,5,medium,low,11.081284499304488,Java_medium_Java_low_results.csv
42,124,5,medium,low,17.867982725270092,Java_medium_Java_low_results.csv
42,126,5,medium,low,30.87141512879449,Java_medium_Java_low_results.csv
42,101,5,medium,low,89.443989763124,Java_medium_Java_low_results.csv
42,128,5,medium,low,62.01002689855533,Java_medium_Java_low_results.csv
42,139,5,medium,low,16.371023122218524,Java_medium_Java_low_results.csv
42,140,5,medium,low,12.767654748662755,Java_medium_Java_low_results.csv
42,132,5,medium,low,26.09326880289716,Java_medium_Java_low_results.csv
42,164,5,medium,low,19.370804629465518,Java_medium_Java_low_results.csv
42,170,5,medium,low,42.63791509040298,Java_medium_Java_low_results.csv
42,180,5,medium,low,17.31471738864478,Java_medium_Java_low_results.csv
42,176,5,medium,low,48.82330285612501,Java_medium_Java_low_results.csv
42,179,5,medium,low,63.67074594797479,Java_medium_Java_low_results.csv
42,182,5,medium,low,26.986915345268866,Java_medium_Java_low_results.csv
42,200,5,medium,low,23.40255056366216,Java_medium_Java_low_results.csv
42,208,5,medium,low,25.36149100502081,Java_medium_Java_low_results.csv
51,27,5,medium,low,21.58040700407638,Java_medium_Java_low_results.csv
51,10,5,medium,low,26.090488265649736,Java_medium_Java_low_results.csv
51,29,5,medium,low,26.572349130998425,Java_medium_Java_low_results.csv
51,34,5,medium,low,37.48415181813714,Java_medium_Java_low_results.csv
51,31,5,medium,low,36.37124271927556,Java_medium_Java_low_results.csv
51,35,5,medium,low,56.070081776295446,Java_medium_Java_low_results.csv
51,21,5,medium,low,44.304882944101394,Java_medium_Java_low_results.csv
51,13,5,medium,low,80.44312600646344,Java_medium_Java_low_results.csv
51,43,5,medium,low,26.32510439822879,Java_medium_Java_low_results.csv
51,44,5,medium,low,24.076716631510017,Java_medium_Java_low_results.csv
51,37,5,medium,low,43.83204598993039,Java_medium_Java_low_results.csv
51,56,5,medium,low,28.96205578907397,Java_medium_Java_low_results.csv
51,41,5,medium,low,42.45734209530988,Java_medium_Java_low_results.csv
51,60,5,medium,low,33.90597744205989,Java_medium_Java_low_results.csv
51,63,5,medium,low,40.49686967427738,Java_medium_Java_low_results.csv
51,65,5,medium,low,20.437470354657957,Java_medium_Java_low_results.csv
51,74,5,medium,low,21.772025046590485,Java_medium_Java_low_results.csv
51,64,5,medium,low,46.47729744257886,Java_medium_Java_low_results.csv
51,78,5,medium,low,30.61032883330651,Java_medium_Java_low_results.csv
51,94,5,medium,low,26.977916846772704,Java_medium_Java_low_results.csv
51,79,5,medium,low,32.43038410799229,Java_medium_Java_low_results.csv
51,77,5,medium,low,47.45027201200556,Java_medium_Java_low_results.csv
51,99,5,medium,low,35.10356834746743,Java_medium_Java_low_results.csv
51,114,5,medium,low,19.719993807310317,Java_medium_Java_low_results.csv
51,104,5,medium,low,29.3172923993899,Java_medium_Java_low_results.csv
51,124,5,medium,low,25.036541226649547,Java_medium_Java_low_results.csv
51,126,5,medium,low,36.72689986203141,Java_medium_Java_low_results.csv
51,139,5,medium,low,23.39121925699246,Java_medium_Java_low_results.csv
51,132,5,medium,low,33.4772651828771,Java_medium_Java_low_results.csv
51,140,5,medium,low,19.36061282680216,Java_medium_Java_low_results.csv
51,128,5,medium,low,66.03267310033567,Java_medium_Java_low_results.csv
51,164,5,medium,low,26.677257921662484,Java_medium_Java_low_results.csv
51,101,5,medium,low,92.1548548795961,Java_medium_Java_low_results.csv
51,170,5,medium,low,46.78833617794255,Java_medium_Java_low_results.csv
51,180,5,medium,low,23.94707063105556,Java_medium_Java_low_results.csv
51,176,5,medium,low,53.868636063649625,Java_medium_Java_low_results.csv
51,182,5,medium,low,33.94122617249423,Java_medium_Java_low_results.csv
51,200,5,medium,low,30.689736907176847,Java_medium_Java_low_results.csv
53,10,5,medium,low,23.043325427269224,Java_medium_Java_low_results.csv
51,208,5,medium,low,31.52458284496697,Java_medium_Java_low_results.csv
51,179,5,medium,low,67.07524947452923,Java_medium_Java_low_results.csv
53,27,5,medium,low,22.796062697066063,Java_medium_Java_low_results.csv
53,29,5,medium,low,30.49258849855876,Java_medium_Java_low_results.csv
53,21,5,medium,low,43.71394625691632,Java_medium_Java_low_results.csv
53,13,5,medium,low,80.28197993998594,Java_medium_Java_low_results.csv
53,31,5,medium,low,35.12160453786202,Java_medium_Java_low_results.csv
53,34,5,medium,low,42.32827400446401,Java_medium_Java_low_results.csv
53,37,5,medium,low,40.394377968296205,Java_medium_Java_low_results.csv
53,35,5,medium,low,54.86646910306239,Java_medium_Java_low_results.csv
53,43,5,medium,low,28.63914429179032,Java_medium_Java_low_results.csv
53,56,5,medium,low,33.84491193646831,Java_medium_Java_low_results.csv
53,41,5,medium,low,41.608112149319794,Java_medium_Java_low_results.csv
53,44,5,medium,low,27.912601115001166,Java_medium_Java_low_results.csv
53,60,5,medium,low,39.67192944215255,Java_medium_Java_low_results.csv
53,65,5,medium,low,17.71551213911694,Java_medium_Java_low_results.csv
53,63,5,medium,low,43.36561232525893,Java_medium_Java_low_results.csv
53,64,5,medium,low,50.12728473243124,Java_medium_Java_low_results.csv
53,74,5,medium,low,21.76667738698773,Java_medium_Java_low_results.csv
53,78,5,medium,low,34.9208981363204,Java_medium_Java_low_results.csv
53,94,5,medium,low,25.083134666539188,Java_medium_Java_low_results.csv
53,77,5,medium,low,49.87795524963735,Java_medium_Java_low_results.csv
53,79,5,medium,low,37.16143478740166,Java_medium_Java_low_results.csv
53,99,5,medium,low,37.72098865464101,Java_medium_Java_low_results.csv
53,114,5,medium,low,19.42379058760956,Java_medium_Java_low_results.csv
53,104,5,medium,low,26.938047533938416,Java_medium_Java_low_results.csv
53,124,5,medium,low,27.9406314154425,Java_medium_Java_low_results.csv
53,126,5,medium,low,41.23385655199632,Java_medium_Java_low_results.csv
53,139,5,medium,low,23.91002060054996,Java_medium_Java_low_results.csv
53,132,5,medium,low,33.505030850071684,Java_medium_Java_low_results.csv
53,140,5,medium,low,23.204779137741838,Java_medium_Java_low_results.csv
53,128,5,medium,low,66.49568610897516,Java_medium_Java_low_results.csv
53,164,5,medium,low,28.36450379427995,Java_medium_Java_low_results.csv
53,101,5,medium,low,95.84129127287056,Java_medium_Java_low_results.csv
53,170,5,medium,low,47.67045524584195,Java_medium_Java_low_results.csv
53,180,5,medium,low,26.43273607951579,Java_medium_Java_low_results.csv
53,176,5,medium,low,54.77192722466906,Java_medium_Java_low_results.csv
53,182,5,medium,low,36.668631911182345,Java_medium_Java_low_results.csv
53,208,5,medium,low,34.38850891194099,Java_medium_Java_low_results.csv
53,200,5,medium,low,34.74951296331063,Java_medium_Java_low_results.csv
53,179,5,medium,low,71.15913560702951,Java_medium_Java_low_results.csv
54,10,5,medium,low,64.15151718438962,Java_medium_Java_low_results.csv
54,27,5,medium,low,55.39753016448325,Java_medium_Java_low_results.csv
54,29,5,medium,low,61.597691855551005,Java_medium_Java_low_results.csv
54,21,5,medium,low,78.36978105307723,Java_medium_Java_low_results.csv
54,31,5,medium,low,72.42711280069562,Java_medium_Java_low_results.csv
54,34,5,medium,low,72.66915679723698,Java_medium_Java_low_results.csv
54,35,5,medium,low,88.76820064889884,Java_medium_Java_low_results.csv
54,37,5,medium,low,79.8082530462132,Java_medium_Java_low_results.csv
54,13,5,medium,low,114.10518533251688,Java_medium_Java_low_results.csv
54,43,5,medium,low,63.642653363656265,Java_medium_Java_low_results.csv
54,56,5,medium,low,64.83012018521447,Java_medium_Java_low_results.csv
54,44,5,medium,low,58.66235132188995,Java_medium_Java_low_results.csv
54,41,5,medium,low,78.20460563339266,Java_medium_Java_low_results.csv
54,65,5,medium,low,57.99484993379409,Java_medium_Java_low_results.csv
54,74,5,medium,low,59.33924501734658,Java_medium_Java_low_results.csv
54,60,5,medium,low,68.03246437036522,Java_medium_Java_low_results.csv
54,63,5,medium,low,73.93873885301375,Java_medium_Java_low_results.csv
54,94,5,medium,low,62.3835587636364,Java_medium_Java_low_results.csv
54,64,5,medium,low,81.64028522859972,Java_medium_Java_low_results.csv
54,78,5,medium,low,67.61142554707328,Java_medium_Java_low_results.csv
54,79,5,medium,low,70.36969487926451,Java_medium_Java_low_results.csv
54,77,5,medium,low,77.24371582014888,Java_medium_Java_low_results.csv
54,99,5,medium,low,71.70559349330343,Java_medium_Java_low_results.csv
54,104,5,medium,low,65.18356307026407,Java_medium_Java_low_results.csv
54,114,5,medium,low,57.87462500391823,Java_medium_Java_low_results.csv
54,124,5,medium,low,62.09310725916408,Java_medium_Java_low_results.csv
54,139,5,medium,low,60.1528249400056,Java_medium_Java_low_results.csv
54,140,5,medium,low,56.93756315542455,Java_medium_Java_low_results.csv
54,126,5,medium,low,70.75460000267753,Java_medium_Java_low_results.csv
54,132,5,medium,low,69.19247112572164,Java_medium_Java_low_results.csv
54,164,5,medium,low,63.9118894958856,Java_medium_Java_low_results.csv
54,128,5,medium,low,101.35167332301312,Java_medium_Java_low_results.csv
54,180,5,medium,low,60.95704171869775,Java_medium_Java_low_results.csv
54,101,5,medium,low,125.51259701164793,Java_medium_Java_low_results.csv
54,170,5,medium,low,81.37210799102361,Java_medium_Java_low_results.csv
54,176,5,medium,low,86.34780420458644,Java_medium_Java_low_results.csv
54,200,5,medium,low,64.26334892914996,Java_medium_Java_low_results.csv
54,182,5,medium,low,69.32150656635548,Java_medium_Java_low_results.csv
55,10,5,medium,low,73.44383564437935,Java_medium_Java_low_results.csv
54,179,5,medium,low,100.96184796009216,Java_medium_Java_low_results.csv
54,208,5,medium,low,69.30869993967214,Java_medium_Java_low_results.csv
55,27,5,medium,low,73.69876856465008,Java_medium_Java_low_results.csv
55,29,5,medium,low,79.39940644166447,Java_medium_Java_low_results.csv
55,21,5,medium,low,84.98129992093699,Java_medium_Java_low_results.csv
55,31,5,medium,low,75.70151366424126,Java_medium_Java_low_results.csv
55,34,5,medium,low,82.71941238939765,Java_medium_Java_low_results.csv
55,35,5,medium,low,89.14252992688061,Java_medium_Java_low_results.csv
55,13,5,medium,low,109.1530234258494,Java_medium_Java_low_results.csv
55,43,5,medium,low,76.14791988800603,Java_medium_Java_low_results.csv
55,37,5,medium,low,86.49573861837332,Java_medium_Java_low_results.csv
55,44,5,medium,low,75.20627597534131,Java_medium_Java_low_results.csv
55,41,5,medium,low,81.8103879475859,Java_medium_Java_low_results.csv
55,56,5,medium,low,76.73604874577038,Java_medium_Java_low_results.csv
55,65,5,medium,low,70.6495148674672,Java_medium_Java_low_results.csv
55,74,5,medium,low,68.0062783232617,Java_medium_Java_low_results.csv
55,60,5,medium,low,83.97840770194574,Java_medium_Java_low_results.csv
55,63,5,medium,low,87.29870123091335,Java_medium_Java_low_results.csv
55,78,5,medium,low,78.55460134723123,Java_medium_Java_low_results.csv
55,94,5,medium,low,74.28682711684277,Java_medium_Java_low_results.csv
55,64,5,medium,low,94.29944270120907,Java_medium_Java_low_results.csv
55,79,5,medium,low,81.6050594008325,Java_medium_Java_low_results.csv
55,77,5,medium,low,92.57690788122144,Java_medium_Java_low_results.csv
55,99,5,medium,low,79.45997847890075,Java_medium_Java_low_results.csv
55,114,5,medium,low,68.36016811186761,Java_medium_Java_low_results.csv
55,104,5,medium,low,77.61456438232457,Java_medium_Java_low_results.csv
55,124,5,medium,low,76.82257688258163,Java_medium_Java_low_results.csv
55,139,5,medium,low,68.53070573388902,Java_medium_Java_low_results.csv
55,140,5,medium,low,71.86729611967115,Java_medium_Java_low_results.csv
55,126,5,medium,low,87.0639397886745,Java_medium_Java_low_results.csv
55,132,5,medium,low,79.14621363765055,Java_medium_Java_low_results.csv
55,164,5,medium,low,76.38463660896858,Java_medium_Java_low_results.csv
55,128,5,medium,low,97.7881770376394,Java_medium_Java_low_results.csv
55,180,5,medium,low,75.15351002994548,Java_medium_Java_low_results.csv
55,170,5,medium,low,86.18452519323776,Java_medium_Java_low_results.csv
55,101,5,medium,low,122.78542170607122,Java_medium_Java_low_results.csv
57,10,5,medium,low,27.6254344949269,Java_medium_Java_low_results.csv
55,182,5,medium,low,85.99332535839672,Java_medium_Java_low_results.csv
55,200,5,medium,low,82.80657431413994,Java_medium_Java_low_results.csv
55,176,5,medium,low,88.73431953502796,Java_medium_Java_low_results.csv
57,27,5,medium,low,25.19432572240054,Java_medium_Java_low_results.csv
55,208,5,medium,low,80.51579550756976,Java_medium_Java_low_results.csv
55,179,5,medium,low,112.66272417839498,Java_medium_Java_low_results.csv
57,21,5,medium,low,45.391797725394575,Java_medium_Java_low_results.csv
57,29,5,medium,low,32.623000302214926,Java_medium_Java_low_results.csv
57,13,5,medium,low,80.7353051190295,Java_medium_Java_low_results.csv
57,31,5,medium,low,36.53760576733569,Java_medium_Java_low_results.csv
57,34,5,medium,low,43.69251552005485,Java_medium_Java_low_results.csv
57,35,5,medium,low,56.44945989386828,Java_medium_Java_low_results.csv
57,37,5,medium,low,43.16739449419353,Java_medium_Java_low_results.csv
57,43,5,medium,low,30.736745280716782,Java_medium_Java_low_results.csv
57,44,5,medium,low,30.06167380843399,Java_medium_Java_low_results.csv
57,56,5,medium,low,35.41123195124263,Java_medium_Java_low_results.csv
57,41,5,medium,low,41.55406329581235,Java_medium_Java_low_results.csv
57,60,5,medium,low,40.75585288872244,Java_medium_Java_low_results.csv
57,65,5,medium,low,21.193437036995345,Java_medium_Java_low_results.csv
57,63,5,medium,low,45.28141017984443,Java_medium_Java_low_results.csv
57,74,5,medium,low,23.47601702358889,Java_medium_Java_low_results.csv
57,78,5,medium,low,37.27123226422235,Java_medium_Java_low_results.csv
57,64,5,medium,low,49.61152678656213,Java_medium_Java_low_results.csv
57,94,5,medium,low,27.74367633720698,Java_medium_Java_low_results.csv
57,77,5,medium,low,51.13528977768968,Java_medium_Java_low_results.csv
57,79,5,medium,low,37.962686301400495,Java_medium_Java_low_results.csv
57,104,5,medium,low,29.64056873943666,Java_medium_Java_low_results.csv
57,99,5,medium,low,36.761911783471206,Java_medium_Java_low_results.csv
57,114,5,medium,low,21.34552791563585,Java_medium_Java_low_results.csv
57,124,5,medium,low,29.78042767809167,Java_medium_Java_low_results.csv
57,126,5,medium,low,42.446148233867376,Java_medium_Java_low_results.csv
57,132,5,medium,low,34.946868369249366,Java_medium_Java_low_results.csv
57,140,5,medium,low,25.372177974827352,Java_medium_Java_low_results.csv
57,139,5,medium,low,26.631044433772644,Java_medium_Java_low_results.csv
57,164,5,medium,low,30.2177324649935,Java_medium_Java_low_results.csv
57,128,5,medium,low,64.72759662895469,Java_medium_Java_low_results.csv
57,180,5,medium,low,28.58472835987046,Java_medium_Java_low_results.csv
57,101,5,medium,low,94.48714841062905,Java_medium_Java_low_results.csv
57,170,5,medium,low,50.63328716024098,Java_medium_Java_low_results.csv
57,182,5,medium,low,37.535650409000446,Java_medium_Java_low_results.csv
57,200,5,medium,low,36.54919236014971,Java_medium_Java_low_results.csv
57,176,5,medium,low,54.44196459246227,Java_medium_Java_low_results.csv
57,179,5,medium,low,69.86531252641592,Java_medium_Java_low_results.csv
57,208,5,medium,low,35.53108625740742,Java_medium_Java_low_results.csv
61,27,5,medium,low,40.099133770293705,Java_medium_Java_low_results.csv
61,10,5,medium,low,45.02745778077532,Java_medium_Java_low_results.csv
61,29,5,medium,low,44.85606769955343,Java_medium_Java_low_results.csv
61,34,5,medium,low,54.50208223543351,Java_medium_Java_low_results.csv
61,31,5,medium,low,52.1538863424632,Java_medium_Java_low_results.csv
61,35,5,medium,low,71.22330321048382,Java_medium_Java_low_results.csv
61,21,5,medium,low,58.92981870018372,Java_medium_Java_low_results.csv
61,43,5,medium,low,45.23752417746268,Java_medium_Java_low_results.csv
61,37,5,medium,low,61.63979846824182,Java_medium_Java_low_results.csv
61,13,5,medium,low,93.77495512288166,Java_medium_Java_low_results.csv
61,41,5,medium,low,57.96655479770423,Java_medium_Java_low_results.csv
61,44,5,medium,low,41.40849760947982,Java_medium_Java_low_results.csv
61,56,5,medium,low,47.63240651107674,Java_medium_Java_low_results.csv
61,60,5,medium,low,50.45337110335592,Java_medium_Java_low_results.csv
61,65,5,medium,low,39.17237323949215,Java_medium_Java_low_results.csv
61,74,5,medium,low,40.94030515395045,Java_medium_Java_low_results.csv
61,63,5,medium,low,55.710701367005264,Java_medium_Java_low_results.csv
61,64,5,medium,low,61.98679054674253,Java_medium_Java_low_results.csv
61,78,5,medium,low,48.490077617507005,Java_medium_Java_low_results.csv
61,79,5,medium,low,49.01480336586431,Java_medium_Java_low_results.csv
61,94,5,medium,low,45.00248158361333,Java_medium_Java_low_results.csv
61,77,5,medium,low,61.11725459287011,Java_medium_Java_low_results.csv
61,114,5,medium,low,39.19487678034696,Java_medium_Java_low_results.csv
61,104,5,medium,low,45.98295043991535,Java_medium_Java_low_results.csv
61,99,5,medium,low,51.04322438751089,Java_medium_Java_low_results.csv
61,124,5,medium,low,43.2889687376704,Java_medium_Java_low_results.csv
61,139,5,medium,low,41.64044113072535,Java_medium_Java_low_results.csv
61,140,5,medium,low,38.90502940691936,Java_medium_Java_low_results.csv
61,132,5,medium,low,50.10100038878177,Java_medium_Java_low_results.csv
61,126,5,medium,low,53.65509544061421,Java_medium_Java_low_results.csv
61,164,5,medium,low,45.0120565370148,Java_medium_Java_low_results.csv
61,128,5,medium,low,80.96738620851995,Java_medium_Java_low_results.csv
61,180,5,medium,low,41.660515023862,Java_medium_Java_low_results.csv
61,101,5,medium,low,103.13753189784312,Java_medium_Java_low_results.csv
61,170,5,medium,low,62.0315478569155,Java_medium_Java_low_results.csv
61,182,5,medium,low,49.6990951060904,Java_medium_Java_low_results.csv
61,200,5,medium,low,49.98582262853903,Java_medium_Java_low_results.csv
62,10,5,medium,low,22.37238442438477,Java_medium_Java_low_results.csv
61,176,5,medium,low,66.45437094537772,Java_medium_Java_low_results.csv
62,21,5,medium,low,41.21671109633724,Java_medium_Java_low_results.csv
62,27,5,medium,low,18.23521044648424,Java_medium_Java_low_results.csv
61,208,5,medium,low,49.08304481312718,Java_medium_Java_low_results.csv
61,179,5,medium,low,81.36757607113942,Java_medium_Java_low_results.csv
62,29,5,medium,low,25.711120230252483,Java_medium_Java_low_results.csv
62,13,5,medium,low,78.754819478141,Java_medium_Java_low_results.csv
62,31,5,medium,low,33.34955018035512,Java_medium_Java_low_results.csv
62,34,5,medium,low,38.6490344442229,Java_medium_Java_low_results.csv
62,35,5,medium,low,52.77264509494055,Java_medium_Java_low_results.csv
62,43,5,medium,low,24.59493952511718,Java_medium_Java_low_results.csv
62,56,5,medium,low,28.83676107431714,Java_medium_Java_low_results.csv
62,37,5,medium,low,39.47838277356821,Java_medium_Java_low_results.csv
62,44,5,medium,low,22.740087026879014,Java_medium_Java_low_results.csv
62,41,5,medium,low,39.525385565714025,Java_medium_Java_low_results.csv
62,60,5,medium,low,34.99361487582935,Java_medium_Java_low_results.csv
62,63,5,medium,low,39.03756740350437,Java_medium_Java_low_results.csv
62,65,5,medium,low,15.531013307576538,Java_medium_Java_low_results.csv
62,74,5,medium,low,17.421157644042783,Java_medium_Java_low_results.csv
62,64,5,medium,low,46.771013610103786,Java_medium_Java_low_results.csv
62,78,5,medium,low,31.437296001012218,Java_medium_Java_low_results.csv
62,94,5,medium,low,23.01119345407842,Java_medium_Java_low_results.csv
62,79,5,medium,low,34.17395071966726,Java_medium_Java_low_results.csv
62,77,5,medium,low,46.19902158272005,Java_medium_Java_low_results.csv
62,99,5,medium,low,33.40856700803073,Java_medium_Java_low_results.csv
62,114,5,medium,low,15.661109580679552,Java_medium_Java_low_results.csv
62,104,5,medium,low,25.640670651953897,Java_medium_Java_low_results.csv
62,124,5,medium,low,23.789618128764356,Java_medium_Java_low_results.csv
62,126,5,medium,low,37.59766868573173,Java_medium_Java_low_results.csv
62,132,5,medium,low,31.33552125777965,Java_medium_Java_low_results.csv
62,140,5,medium,low,18.510958212002528,Java_medium_Java_low_results.csv
62,139,5,medium,low,21.619784472398127,Java_medium_Java_low_results.csv
62,128,5,medium,low,65.643341571416,Java_medium_Java_low_results.csv
62,101,5,medium,low,93.21276310142116,Java_medium_Java_low_results.csv
62,164,5,medium,low,25.25530688077772,Java_medium_Java_low_results.csv
62,180,5,medium,low,23.02861867220524,Java_medium_Java_low_results.csv
62,170,5,medium,low,44.34739962026689,Java_medium_Java_low_results.csv
62,176,5,medium,low,51.932210527718055,Java_medium_Java_low_results.csv
62,200,5,medium,low,28.900339460457555,Java_medium_Java_low_results.csv
62,182,5,medium,low,32.38760520846853,Java_medium_Java_low_results.csv
66,10,5,medium,low,23.096187443507283,Java_medium_Java_low_results.csv
62,179,5,medium,low,68.68842168008386,Java_medium_Java_low_results.csv
62,208,5,medium,low,31.043325546016312,Java_medium_Java_low_results.csv
66,27,5,medium,low,17.16340499813582,Java_medium_Java_low_results.csv
66,29,5,medium,low,24.129690916612866,Java_medium_Java_low_results.csv
66,21,5,medium,low,41.2032460164917,Java_medium_Java_low_results.csv
66,34,5,medium,low,35.86482352572405,Java_medium_Java_low_results.csv
66,31,5,medium,low,33.261797770180415,Java_medium_Java_low_results.csv
66,35,5,medium,low,54.303506158370816,Java_medium_Java_low_results.csv
66,13,5,medium,low,79.2545829023464,Java_medium_Java_low_results.csv
66,37,5,medium,low,41.04308258074534,Java_medium_Java_low_results.csv
66,43,5,medium,low,22.49937966196596,Java_medium_Java_low_results.csv
66,44,5,medium,low,21.083583715582563,Java_medium_Java_low_results.csv
66,41,5,medium,low,40.639074101192,Java_medium_Java_low_results.csv
66,56,5,medium,low,25.946182498898303,Java_medium_Java_low_results.csv
66,65,5,medium,low,16.313090343607236,Java_medium_Java_low_results.csv
66,60,5,medium,low,32.750389380929306,Java_medium_Java_low_results.csv
66,63,5,medium,low,38.29604189204236,Java_medium_Java_low_results.csv
66,64,5,medium,low,44.93728577980572,Java_medium_Java_low_results.csv
66,74,5,medium,low,18.614568677078065,Java_medium_Java_low_results.csv
66,94,5,medium,low,23.69263798439713,Java_medium_Java_low_results.csv
66,78,5,medium,low,30.13127768294838,Java_medium_Java_low_results.csv
66,79,5,medium,low,31.571120319305585,Java_medium_Java_low_results.csv
66,77,5,medium,low,43.984837860203385,Java_medium_Java_low_results.csv
66,99,5,medium,low,33.49132368621402,Java_medium_Java_low_results.csv
66,114,5,medium,low,16.455387206622852,Java_medium_Java_low_results.csv
66,104,5,medium,low,25.3311456366712,Java_medium_Java_low_results.csv
66,124,5,medium,low,22.467127882419003,Java_medium_Java_low_results.csv
66,126,5,medium,low,35.4138066584846,Java_medium_Java_low_results.csv
66,139,5,medium,low,21.49992634553235,Java_medium_Java_low_results.csv
66,140,5,medium,low,17.532153026882668,Java_medium_Java_low_results.csv
66,132,5,medium,low,30.00540893535307,Java_medium_Java_low_results.csv
66,128,5,medium,low,64.65817945122318,Java_medium_Java_low_results.csv
66,164,5,medium,low,23.758511075515237,Java_medium_Java_low_results.csv
66,101,5,medium,low,90.95596000028172,Java_medium_Java_low_results.csv
66,170,5,medium,low,46.18681168817275,Java_medium_Java_low_results.csv
66,180,5,medium,low,20.923447400092936,Java_medium_Java_low_results.csv
66,182,5,medium,low,32.46744921376155,Java_medium_Java_low_results.csv
70,10,5,medium,low,22.95064584033009,Java_medium_Java_low_results.csv
66,176,5,medium,low,52.24368775381789,Java_medium_Java_low_results.csv
66,200,5,medium,low,27.912096431212703,Java_medium_Java_low_results.csv
66,208,5,medium,low,29.72135472113908,Java_medium_Java_low_results.csv
66,179,5,medium,low,66.2723132927103,Java_medium_Java_low_results.csv
70,27,5,medium,low,18.83132422311692,Java_medium_Java_low_results.csv
70,29,5,medium,low,26.491433044196118,Java_medium_Java_low_results.csv
70,21,5,medium,low,39.46503094928198,Java_medium_Java_low_results.csv
70,31,5,medium,low,30.12825988817225,Java_medium_Java_low_results.csv
70,13,5,medium,low,78.13655743959113,Java_medium_Java_low_results.csv
70,34,5,medium,low,37.7993654117158,Java_medium_Java_low_results.csv
70,35,5,medium,low,52.50063768112808,Java_medium_Java_low_results.csv
70,37,5,medium,low,37.1314239688231,Java_medium_Java_low_results.csv
70,43,5,medium,low,23.72999694690938,Java_medium_Java_low_results.csv
70,56,5,medium,low,29.364054983796112,Java_medium_Java_low_results.csv
70,44,5,medium,low,23.564176250017454,Java_medium_Java_low_results.csv
70,41,5,medium,low,36.726001477004935,Java_medium_Java_low_results.csv
70,65,5,medium,low,15.169363160746483,Java_medium_Java_low_results.csv
70,60,5,medium,low,34.80431608538009,Java_medium_Java_low_results.csv
70,63,5,medium,low,38.83297936787046,Java_medium_Java_low_results.csv
70,74,5,medium,low,17.32658700379512,Java_medium_Java_low_results.csv
70,64,5,medium,low,44.92818508289443,Java_medium_Java_low_results.csv
70,94,5,medium,low,22.13199065523461,Java_medium_Java_low_results.csv
70,79,5,medium,low,32.597718900232714,Java_medium_Java_low_results.csv
70,78,5,medium,low,30.669877344998376,Java_medium_Java_low_results.csv
70,77,5,medium,low,46.09618177253127,Java_medium_Java_low_results.csv
70,99,5,medium,low,32.80682001741766,Java_medium_Java_low_results.csv
70,114,5,medium,low,15.226797219306064,Java_medium_Java_low_results.csv
70,104,5,medium,low,24.45066356421095,Java_medium_Java_low_results.csv
70,124,5,medium,low,22.89757780084462,Java_medium_Java_low_results.csv
70,139,5,medium,low,19.81383264225247,Java_medium_Java_low_results.csv
70,126,5,medium,low,36.649052460963794,Java_medium_Java_low_results.csv
70,140,5,medium,low,18.616552982113777,Java_medium_Java_low_results.csv
70,132,5,medium,low,29.90524463073684,Java_medium_Java_low_results.csv
70,128,5,medium,low,62.63935438135962,Java_medium_Java_low_results.csv
70,164,5,medium,low,22.688269836194305,Java_medium_Java_low_results.csv
70,101,5,medium,low,90.702170225354,Java_medium_Java_low_results.csv
70,170,5,medium,low,44.609314533432666,Java_medium_Java_low_results.csv
70,180,5,medium,low,22.887224261298883,Java_medium_Java_low_results.csv
70,176,5,medium,low,50.48251914851055,Java_medium_Java_low_results.csv
70,182,5,medium,low,32.4172144241963,Java_medium_Java_low_results.csv
70,200,5,medium,low,30.352856174329293,Java_medium_Java_low_results.csv
70,179,5,medium,low,65.6262747910305,Java_medium_Java_low_results.csv
70,208,5,medium,low,29.63808960087397,Java_medium_Java_low_results.csv
73,27,5,medium,low,34.19908277942474,Java_medium_Java_low_results.csv
73,10,5,medium,low,39.97997956796176,Java_medium_Java_low_results.csv
73,29,5,medium,low,39.13522448091359,Java_medium_Java_low_results.csv
73,34,5,medium,low,49.13664332012424,Java_medium_Java_low_results.csv
73,31,5,medium,low,48.32753766342221,Java_medium_Java_low_results.csv
73,21,5,medium,low,54.670487222191056,Java_medium_Java_low_results.csv
73,35,5,medium,low,67.36269386686834,Java_medium_Java_low_results.csv
73,43,5,medium,low,38.96668274626769,Java_medium_Java_low_results.csv
73,37,5,medium,low,54.58938260051426,Java_medium_Java_low_results.csv
73,13,5,medium,low,88.98525475837276,Java_medium_Java_low_results.csv
73,44,5,medium,low,36.10203940131288,Java_medium_Java_low_results.csv
73,56,5,medium,low,40.95299790616164,Java_medium_Java_low_results.csv
73,41,5,medium,low,54.46235963864239,Java_medium_Java_low_results.csv
73,63,5,medium,low,51.69815521664425,Java_medium_Java_low_results.csv
73,60,5,medium,low,45.3084173502464,Java_medium_Java_low_results.csv
73,65,5,medium,low,33.706083350028955,Java_medium_Java_low_results.csv
73,74,5,medium,low,34.876781832626,Java_medium_Java_low_results.csv
73,78,5,medium,low,41.02428756875187,Java_medium_Java_low_results.csv
73,79,5,medium,low,43.81232980280284,Java_medium_Java_low_results.csv
73,94,5,medium,low,38.58759066396775,Java_medium_Java_low_results.csv
73,64,5,medium,low,57.75637657461654,Java_medium_Java_low_results.csv
73,77,5,medium,low,55.97781308592634,Java_medium_Java_low_results.csv
73,99,5,medium,low,47.05074188365877,Java_medium_Java_low_results.csv
73,114,5,medium,low,33.28247393050772,Java_medium_Java_low_results.csv
73,104,5,medium,low,41.197861609643056,Java_medium_Java_low_results.csv
73,124,5,medium,low,37.07955774078276,Java_medium_Java_low_results.csv
73,139,5,medium,low,36.651256612083536,Java_medium_Java_low_results.csv
73,140,5,medium,low,32.88913066980452,Java_medium_Java_low_results.csv
73,126,5,medium,low,48.27784864297943,Java_medium_Java_low_results.csv
73,132,5,medium,low,45.97751461384102,Java_medium_Java_low_results.csv
73,164,5,medium,low,38.92202045178843,Java_medium_Java_low_results.csv
73,128,5,medium,low,77.640060522585,Java_medium_Java_low_results.csv
73,180,5,medium,low,36.34033895184997,Java_medium_Java_low_results.csv
73,101,5,medium,low,103.24588062991774,Java_medium_Java_low_results.csv
73,170,5,medium,low,57.837625315038885,Java_medium_Java_low_results.csv
73,182,5,medium,low,44.857304435468585,Java_medium_Java_low_results.csv
73,200,5,medium,low,43.25765265572856,Java_medium_Java_low_results.csv
73,176,5,medium,low,64.47660479248306,Java_medium_Java_low_results.csv
75,10,5,medium,low,38.61752448725602,Java_medium_Java_low_results.csv
73,208,5,medium,low,43.34469392479238,Java_medium_Java_low_results.csv
73,179,5,medium,low,75.08640367781183,Java_medium_Java_low_results.csv
75,27,5,medium,low,32.500703549691416,Java_medium_Java_low_results.csv
75,21,5,medium,low,54.91136188783615,Java_medium_Java_low_results.csv
75,29,5,medium,low,39.40472947712472,Java_medium_Java_low_results.csv
75,13,5,medium,low,90.82359994235334,Java_medium_Java_low_results.csv
75,31,5,medium,low,50.15677882473511,Java_medium_Java_low_results.csv
75,34,5,medium,low,50.2272731706749,Java_medium_Java_low_results.csv
75,35,5,medium,low,66.60142587159075,Java_medium_Java_low_results.csv
75,43,5,medium,low,37.91867392020667,Java_medium_Java_low_results.csv
75,44,5,medium,low,36.08547947205169,Java_medium_Java_low_results.csv
75,37,5,medium,low,55.15017400334443,Java_medium_Java_low_results.csv
75,41,5,medium,low,55.45877992565047,Java_medium_Java_low_results.csv
75,56,5,medium,low,40.90073844694634,Java_medium_Java_low_results.csv
75,60,5,medium,low,45.757822435657936,Java_medium_Java_low_results.csv
75,65,5,medium,low,33.14916461676842,Java_medium_Java_low_results.csv
75,63,5,medium,low,47.1942127972796,Java_medium_Java_low_results.csv
75,74,5,medium,low,34.683112570514496,Java_medium_Java_low_results.csv
75,64,5,medium,low,57.02740559497393,Java_medium_Java_low_results.csv
75,78,5,medium,low,44.499837606775,Java_medium_Java_low_results.csv
75,94,5,medium,low,37.84819484992297,Java_medium_Java_low_results.csv
75,77,5,medium,low,57.253762938015726,Java_medium_Java_low_results.csv
75,79,5,medium,low,45.10076839449146,Java_medium_Java_low_results.csv
75,104,5,medium,low,40.20272125252267,Java_medium_Java_low_results.csv
75,99,5,medium,low,46.35384731430445,Java_medium_Java_low_results.csv
75,114,5,medium,low,32.805231426145994,Java_medium_Java_low_results.csv
75,124,5,medium,low,37.65995558307119,Java_medium_Java_low_results.csv
75,139,5,medium,low,36.61683232854193,Java_medium_Java_low_results.csv
75,132,5,medium,low,45.54655894601204,Java_medium_Java_low_results.csv
75,126,5,medium,low,47.14503411329904,Java_medium_Java_low_results.csv
75,140,5,medium,low,32.61585914176289,Java_medium_Java_low_results.csv
75,164,5,medium,low,39.10924713275243,Java_medium_Java_low_results.csv
75,128,5,medium,low,76.86512766430897,Java_medium_Java_low_results.csv
75,101,5,medium,low,103.27814272661972,Java_medium_Java_low_results.csv
75,180,5,medium,low,36.77535663527066,Java_medium_Java_low_results.csv
75,170,5,medium,low,58.97280120156916,Java_medium_Java_low_results.csv
75,182,5,medium,low,46.283327910111446,Java_medium_Java_low_results.csv
75,176,5,medium,low,64.50710627028243,Java_medium_Java_low_results.csv
81,10,5,medium,low,25.459555715973572,Java_medium_Java_low_results.csv
75,200,5,medium,low,42.09636005790341,Java_medium_Java_low_results.csv
75,208,5,medium,low,43.0557470720652,Java_medium_Java_low_results.csv
75,179,5,medium,low,74.77819172898164,Java_medium_Java_low_results.csv
81,27,5,medium,low,19.046730161588545,Java_medium_Java_low_results.csv
81,29,5,medium,low,25.70043993766921,Java_medium_Java_low_results.csv
81,21,5,medium,low,43.74559727080411,Java_medium_Java_low_results.csv
81,31,5,medium,low,35.62580524443013,Java_medium_Java_low_results.csv
81,13,5,medium,low,81.67813225374405,Java_medium_Java_low_results.csv
81,34,5,medium,low,38.38330359519154,Java_medium_Java_low_results.csv
81,35,5,medium,low,56.45110008621005,Java_medium_Java_low_results.csv
81,37,5,medium,low,42.12025025286996,Java_medium_Java_low_results.csv
81,43,5,medium,low,25.62383257916493,Java_medium_Java_low_results.csv
81,44,5,medium,low,23.18389483394526,Java_medium_Java_low_results.csv
81,41,5,medium,low,42.469812092835554,Java_medium_Java_low_results.csv
81,56,5,medium,low,29.164869893848945,Java_medium_Java_low_results.csv
81,60,5,medium,low,33.62158666002135,Java_medium_Java_low_results.csv
81,63,5,medium,low,39.10631367516957,Java_medium_Java_low_results.csv
81,65,5,medium,low,18.511817004663616,Java_medium_Java_low_results.csv
81,74,5,medium,low,20.86874817627413,Java_medium_Java_low_results.csv
81,64,5,medium,low,47.02564242802397,Java_medium_Java_low_results.csv
81,78,5,medium,low,31.013930779387497,Java_medium_Java_low_results.csv
81,94,5,medium,low,25.01733509370204,Java_medium_Java_low_results.csv
81,79,5,medium,low,32.23287513221648,Java_medium_Java_low_results.csv
81,77,5,medium,low,46.614306327599714,Java_medium_Java_low_results.csv
81,99,5,medium,low,34.30895412185927,Java_medium_Java_low_results.csv
81,114,5,medium,low,18.88520131261397,Java_medium_Java_low_results.csv
81,104,5,medium,low,26.86265836620086,Java_medium_Java_low_results.csv
81,124,5,medium,low,24.66622072688638,Java_medium_Java_low_results.csv
81,126,5,medium,low,36.601576884584105,Java_medium_Java_low_results.csv
81,140,5,medium,low,18.94052483163994,Java_medium_Java_low_results.csv
81,139,5,medium,low,22.92571850557169,Java_medium_Java_low_results.csv
81,132,5,medium,low,32.86577652343219,Java_medium_Java_low_results.csv
81,128,5,medium,low,67.61661639637062,Java_medium_Java_low_results.csv
81,101,5,medium,low,93.7013690424958,Java_medium_Java_low_results.csv
81,164,5,medium,low,26.02806896209616,Java_medium_Java_low_results.csv
81,170,5,medium,low,47.16751224733135,Java_medium_Java_low_results.csv
81,180,5,medium,low,23.824509608764032,Java_medium_Java_low_results.csv
81,208,5,medium,low,30.51708365145455,Java_medium_Java_low_results.csv
81,182,5,medium,low,33.77854327064621,Java_medium_Java_low_results.csv
81,200,5,medium,low,29.592014912113907,Java_medium_Java_low_results.csv
81,176,5,medium,low,53.66921728047197,Java_medium_Java_low_results.csv
81,179,5,medium,low,66.80741721570958,Java_medium_Java_low_results.csv
83,10,5,medium,low,45.52057322343026,Java_medium_Java_low_results.csv
83,27,5,medium,low,40.35423006718738,Java_medium_Java_low_results.csv
83,29,5,medium,low,44.2563716755269,Java_medium_Java_low_results.csv
83,34,5,medium,low,53.43458725349358,Java_medium_Java_low_results.csv
83,31,5,medium,low,53.58300287521308,Java_medium_Java_low_results.csv
83,21,5,medium,low,59.40443104270757,Java_medium_Java_low_results.csv
83,37,5,medium,low,61.859040029648085,Java_medium_Java_low_results.csv
83,35,5,medium,low,71.77998038445504,Java_medium_Java_low_results.csv
83,43,5,medium,low,44.2775121831564,Java_medium_Java_low_results.csv
83,13,5,medium,low,94.13969454010444,Java_medium_Java_low_results.csv
83,44,5,medium,low,42.825880392982455,Java_medium_Java_low_results.csv
83,56,5,medium,low,47.26897888733434,Java_medium_Java_low_results.csv
83,41,5,medium,low,59.85704372481621,Java_medium_Java_low_results.csv
83,65,5,medium,low,39.937457359864126,Java_medium_Java_low_results.csv
83,74,5,medium,low,41.35409370624826,Java_medium_Java_low_results.csv
83,60,5,medium,low,48.32608554033663,Java_medium_Java_low_results.csv
83,63,5,medium,low,56.91646587256542,Java_medium_Java_low_results.csv
83,64,5,medium,low,61.96102086226748,Java_medium_Java_low_results.csv
83,78,5,medium,low,48.41741584263441,Java_medium_Java_low_results.csv
83,94,5,medium,low,45.10885117606481,Java_medium_Java_low_results.csv
83,79,5,medium,low,47.55248843025367,Java_medium_Java_low_results.csv
83,77,5,medium,low,58.80196641767144,Java_medium_Java_low_results.csv
83,114,5,medium,low,39.697524606944775,Java_medium_Java_low_results.csv
83,99,5,medium,low,52.14912072399959,Java_medium_Java_low_results.csv
83,104,5,medium,low,46.18319206114111,Java_medium_Java_low_results.csv
83,124,5,medium,low,43.91406100032428,Java_medium_Java_low_results.csv
83,139,5,medium,low,42.20281035858768,Java_medium_Java_low_results.csv
83,126,5,medium,low,51.66311065965522,Java_medium_Java_low_results.csv
83,140,5,medium,low,38.92576384612889,Java_medium_Java_low_results.csv
83,132,5,medium,low,50.866169162464445,Java_medium_Java_low_results.csv
83,164,5,medium,low,43.626834454847526,Java_medium_Java_low_results.csv
83,128,5,medium,low,80.68799005095913,Java_medium_Java_low_results.csv
83,180,5,medium,low,40.27170011420702,Java_medium_Java_low_results.csv
83,170,5,medium,low,63.78370297728031,Java_medium_Java_low_results.csv
83,101,5,medium,low,105.13595572891968,Java_medium_Java_low_results.csv
83,182,5,medium,low,48.30728454775638,Java_medium_Java_low_results.csv
83,200,5,medium,low,48.72946957742221,Java_medium_Java_low_results.csv
84,10,5,medium,low,38.26133569423118,Java_medium_Java_low_results.csv
83,176,5,medium,low,67.6713762009666,Java_medium_Java_low_results.csv
83,208,5,medium,low,48.39750565141984,Java_medium_Java_low_results.csv
83,179,5,medium,low,76.8720293117548,Java_medium_Java_low_results.csv
84,27,5,medium,low,33.79518171291999,Java_medium_Java_low_results.csv
84,29,5,medium,low,38.42722030959272,Java_medium_Java_low_results.csv
84,21,5,medium,low,52.29446035223631,Java_medium_Java_low_results.csv
84,34,5,medium,low,47.662599210103366,Java_medium_Java_low_results.csv
84,31,5,medium,low,47.44873762709321,Java_medium_Java_low_results.csv
84,13,5,medium,low,89.31446161541702,Java_medium_Java_low_results.csv
84,37,5,medium,low,55.11230868929135,Java_medium_Java_low_results.csv
84,35,5,medium,low,66.75298827567462,Java_medium_Java_low_results.csv
84,43,5,medium,low,38.09459022451853,Java_medium_Java_low_results.csv
84,44,5,medium,low,35.86990452723556,Java_medium_Java_low_results.csv
84,56,5,medium,low,38.36823870268058,Java_medium_Java_low_results.csv
84,41,5,medium,low,54.26092252837935,Java_medium_Java_low_results.csv
84,60,5,medium,low,44.09429076668586,Java_medium_Java_low_results.csv
84,65,5,medium,low,32.39354855293264,Java_medium_Java_low_results.csv
84,74,5,medium,low,34.31443598842957,Java_medium_Java_low_results.csv
84,63,5,medium,low,51.364528895692914,Java_medium_Java_low_results.csv
84,78,5,medium,low,42.21842542191396,Java_medium_Java_low_results.csv
84,94,5,medium,low,36.903265545562775,Java_medium_Java_low_results.csv
84,64,5,medium,low,56.81400146433808,Java_medium_Java_low_results.csv
84,79,5,medium,low,41.99504549855137,Java_medium_Java_low_results.csv
84,77,5,medium,low,56.792970575686624,Java_medium_Java_low_results.csv
84,99,5,medium,low,46.25248450012551,Java_medium_Java_low_results.csv
84,114,5,medium,low,32.246755487259826,Java_medium_Java_low_results.csv
84,104,5,medium,low,39.61613106026223,Java_medium_Java_low_results.csv
84,124,5,medium,low,36.76735112761207,Java_medium_Java_low_results.csv
84,126,5,medium,low,46.98541172991422,Java_medium_Java_low_results.csv
84,139,5,medium,low,36.2987851310525,Java_medium_Java_low_results.csv
84,140,5,medium,low,32.860898574770005,Java_medium_Java_low_results.csv
84,164,5,medium,low,37.42449941943618,Java_medium_Java_low_results.csv
84,132,5,medium,low,43.775578078095805,Java_medium_Java_low_results.csv
84,128,5,medium,low,74.00884207193515,Java_medium_Java_low_results.csv
84,180,5,medium,low,35.54329179131575,Java_medium_Java_low_results.csv
84,101,5,medium,low,99.16236073669889,Java_medium_Java_low_results.csv
84,170,5,medium,low,56.83850650198063,Java_medium_Java_low_results.csv
84,200,5,medium,low,43.77419709823578,Java_medium_Java_low_results.csv
88,10,5,medium,low,20.98262495613349,Java_medium_Java_low_results.csv
84,182,5,medium,low,46.07589691731835,Java_medium_Java_low_results.csv
84,176,5,medium,low,62.53253635516816,Java_medium_Java_low_results.csv
84,179,5,medium,low,74.66708146222409,Java_medium_Java_low_results.csv
88,27,5,medium,low,16.361955376429485,Java_medium_Java_low_results.csv
84,208,5,medium,low,41.69251532847717,Java_medium_Java_low_results.csv
88,21,5,medium,low,38.327986905398,Java_medium_Java_low_results.csv
88,13,5,medium,low,76.77557429358751,Java_medium_Java_low_results.csv
88,29,5,medium,low,25.163607869157893,Java_medium_Java_low_results.csv
88,31,5,medium,low,29.763528356989895,Java_medium_Java_low_results.csv
88,34,5,medium,low,37.340106991061305,Java_medium_Java_low_results.csv
88,37,5,medium,low,36.76953036812049,Java_medium_Java_low_results.csv
88,35,5,medium,low,51.30181587111544,Java_medium_Java_low_results.csv
88,43,5,medium,low,23.142243682660347,Java_medium_Java_low_results.csv
88,56,5,medium,low,28.04299310073503,Java_medium_Java_low_results.csv
88,44,5,medium,low,21.91973601379036,Java_medium_Java_low_results.csv
88,41,5,medium,low,36.481098898827945,Java_medium_Java_low_results.csv
88,60,5,medium,low,33.93755565669125,Java_medium_Java_low_results.csv
88,63,5,medium,low,38.09097563568537,Java_medium_Java_low_results.csv
88,65,5,medium,low,13.214443171284715,Java_medium_Java_low_results.csv
88,74,5,medium,low,16.36195901653427,Java_medium_Java_low_results.csv
88,78,5,medium,low,29.96897923158265,Java_medium_Java_low_results.csv
88,64,5,medium,low,44.56836731981237,Java_medium_Java_low_results.csv
88,79,5,medium,low,32.317832068268686,Java_medium_Java_low_results.csv
88,77,5,medium,low,45.379045726502845,Java_medium_Java_low_results.csv
88,94,5,medium,low,20.72087235384461,Java_medium_Java_low_results.csv
88,99,5,medium,low,31.484611075042217,Java_medium_Java_low_results.csv
88,104,5,medium,low,22.2663006142479,Java_medium_Java_low_results.csv
88,114,5,medium,low,14.219558472897182,Java_medium_Java_low_results.csv
88,124,5,medium,low,21.93911878760252,Java_medium_Java_low_results.csv
88,126,5,medium,low,35.44329893469782,Java_medium_Java_low_results.csv
88,139,5,medium,low,19.327314315948108,Java_medium_Java_low_results.csv
88,132,5,medium,low,28.654224780099515,Java_medium_Java_low_results.csv
88,140,5,medium,low,17.439893082130563,Java_medium_Java_low_results.csv
88,128,5,medium,low,61.63421176728029,Java_medium_Java_low_results.csv
88,101,5,medium,low,90.48027311829507,Java_medium_Java_low_results.csv
88,164,5,medium,low,22.72644905538953,Java_medium_Java_low_results.csv
88,170,5,medium,low,44.95442739241348,Java_medium_Java_low_results.csv
88,180,5,medium,low,21.60902155664997,Java_medium_Java_low_results.csv
88,176,5,medium,low,50.10540704751094,Java_medium_Java_low_results.csv
88,208,5,medium,low,28.62910119384889,Java_medium_Java_low_results.csv
88,200,5,medium,low,29.019166795553687,Java_medium_Java_low_results.csv
88,182,5,medium,low,31.352478315370146,Java_medium_Java_low_results.csv
88,179,5,medium,low,66.02271959480727,Java_medium_Java_low_results.csv
89,10,5,medium,low,41.30350112620343,Java_medium_Java_low_results.csv
89,27,5,medium,low,34.4603590764702,Java_medium_Java_low_results.csv
89,29,5,medium,low,39.18701771941669,Java_medium_Java_low_results.csv
89,21,5,medium,low,58.5063711969942,Java_medium_Java_low_results.csv
89,34,5,medium,low,48.76040035532657,Java_medium_Java_low_results.csv
89,35,5,medium,low,68.5377915093222,Java_medium_Java_low_results.csv
89,31,5,medium,low,51.09353909815892,Java_medium_Java_low_results.csv
89,37,5,medium,low,58.11701077463828,Java_medium_Java_low_results.csv
89,13,5,medium,low,92.24105737037786,Java_medium_Java_low_results.csv
89,43,5,medium,low,38.23934986134098,Java_medium_Java_low_results.csv
89,44,5,medium,low,36.71239402534077,Java_medium_Java_low_results.csv
89,41,5,medium,low,57.542239201850286,Java_medium_Java_low_results.csv
89,56,5,medium,low,39.87701900767453,Java_medium_Java_low_results.csv
89,65,5,medium,low,35.745737429012365,Java_medium_Java_low_results.csv
89,60,5,medium,low,45.114305239759865,Java_medium_Java_low_results.csv
89,74,5,medium,low,36.18115899699015,Java_medium_Java_low_results.csv
89,63,5,medium,low,53.33730834526508,Java_medium_Java_low_results.csv
89,64,5,medium,low,58.687145859520015,Java_medium_Java_low_results.csv
89,94,5,medium,low,42.13189674723832,Java_medium_Java_low_results.csv
89,78,5,medium,low,43.50978122873843,Java_medium_Java_low_results.csv
89,77,5,medium,low,57.9646834463948,Java_medium_Java_low_results.csv
89,79,5,medium,low,45.32255696052376,Java_medium_Java_low_results.csv
89,114,5,medium,low,34.900279903744405,Java_medium_Java_low_results.csv
89,99,5,medium,low,48.52516542487078,Java_medium_Java_low_results.csv
89,104,5,medium,low,45.164150203018295,Java_medium_Java_low_results.csv
89,124,5,medium,low,38.83465495859456,Java_medium_Java_low_results.csv
89,139,5,medium,low,38.65869832823692,Java_medium_Java_low_results.csv
89,140,5,medium,low,33.15940068562064,Java_medium_Java_low_results.csv
89,126,5,medium,low,48.42486530002212,Java_medium_Java_low_results.csv
89,132,5,medium,low,48.68987363855611,Java_medium_Java_low_results.csv
89,164,5,medium,low,41.04553329186513,Java_medium_Java_low_results.csv
89,128,5,medium,low,79.0162965735361,Java_medium_Java_low_results.csv
89,101,5,medium,low,104.44535953436484,Java_medium_Java_low_results.csv
89,180,5,medium,low,36.485722848553735,Java_medium_Java_low_results.csv
89,170,5,medium,low,58.14939085641375,Java_medium_Java_low_results.csv
89,182,5,medium,low,46.63207170784344,Java_medium_Java_low_results.csv
89,200,5,medium,low,43.942939141006114,Java_medium_Java_low_results.csv
89,176,5,medium,low,66.50086112034997,Java_medium_Java_low_results.csv
91,10,5,medium,low,38.00020073481912,Java_medium_Java_low_results.csv
89,208,5,medium,low,46.40118974557287,Java_medium_Java_low_results.csv
89,179,5,medium,low,78.42814513468926,Java_medium_Java_low_results.csv
91,21,5,medium,low,54.726816095869246,Java_medium_Java_low_results.csv
91,27,5,medium,low,32.308991983504605,Java_medium_Java_low_results.csv
91,29,5,medium,low,36.43478459299018,Java_medium_Java_low_results.csv
91,34,5,medium,low,45.891847218208405,Java_medium_Java_low_results.csv
91,13,5,medium,low,87.1216865978014,Java_medium_Java_low_results.csv
91,31,5,medium,low,46.274868765276096,Java_medium_Java_low_results.csv
91,43,5,medium,low,36.78591617579254,Java_medium_Java_low_results.csv
91,35,5,medium,low,63.02314621147174,Java_medium_Java_low_results.csv
91,37,5,medium,low,52.517586887853504,Java_medium_Java_low_results.csv
91,44,5,medium,low,33.96908274138805,Java_medium_Java_low_results.csv
91,41,5,medium,low,53.11626564096425,Java_medium_Java_low_results.csv
91,56,5,medium,low,38.71125739264856,Java_medium_Java_low_results.csv
91,60,5,medium,low,41.931559131711694,Java_medium_Java_low_results.csv
91,65,5,medium,low,32.63923415392624,Java_medium_Java_low_results.csv
91,63,5,medium,low,49.26342270280686,Java_medium_Java_low_results.csv
91,74,5,medium,low,32.13507989763458,Java_medium_Java_low_results.csv
91,64,5,medium,low,56.84399865919034,Java_medium_Java_low_results.csv
91,78,5,medium,low,37.91188717955824,Java_medium_Java_low_results.csv
91,77,5,medium,low,54.41799369676903,Java_medium_Java_low_results.csv
91,79,5,medium,low,42.65052761465862,Java_medium_Java_low_results.csv
91,94,5,medium,low,37.53226920063158,Java_medium_Java_low_results.csv
91,114,5,medium,low,30.51356686706928,Java_medium_Java_low_results.csv
91,104,5,medium,low,40.91316287358317,Java_medium_Java_low_results.csv
91,99,5,medium,low,45.44321487344193,Java_medium_Java_low_results.csv
91,124,5,medium,low,35.430825365003585,Java_medium_Java_low_results.csv
91,126,5,medium,low,46.2037136763131,Java_medium_Java_low_results.csv
91,132,5,medium,low,45.066452307762106,Java_medium_Java_low_results.csv
91,139,5,medium,low,33.50704557315184,Java_medium_Java_low_results.csv
91,140,5,medium,low,30.68966454172744,Java_medium_Java_low_results.csv
91,164,5,medium,low,37.99342925611965,Java_medium_Java_low_results.csv
91,128,5,medium,low,77.63056229332973,Java_medium_Java_low_results.csv
91,101,5,medium,low,103.0221945616008,Java_medium_Java_low_results.csv
91,170,5,medium,low,56.78885963694192,Java_medium_Java_low_results.csv
91,180,5,medium,low,35.30272824524723,Java_medium_Java_low_results.csv
91,182,5,medium,low,44.23117855280376,Java_medium_Java_low_results.csv
91,176,5,medium,low,63.29113582385566,Java_medium_Java_low_results.csv
97,10,5,medium,low,31.839198299126892,Java_medium_Java_low_results.csv
91,200,5,medium,low,41.55338030950544,Java_medium_Java_low_results.csv
91,208,5,medium,low,42.19670570767337,Java_medium_Java_low_results.csv
91,179,5,medium,low,75.86657069195486,Java_medium_Java_low_results.csv
97,27,5,medium,low,25.76487739663929,Java_medium_Java_low_results.csv
97,29,5,medium,low,31.325912642982505,Java_medium_Java_low_results.csv
97,21,5,medium,low,48.24841908178849,Java_medium_Java_low_results.csv
97,34,5,medium,low,42.1168171271804,Java_medium_Java_low_results.csv
97,31,5,medium,low,41.09727615281865,Java_medium_Java_low_results.csv
97,35,5,medium,low,60.34784081171081,Java_medium_Java_low_results.csv
97,37,5,medium,low,48.22648069298736,Java_medium_Java_low_results.csv
97,13,5,medium,low,84.88994961924357,Java_medium_Java_low_results.csv
97,41,5,medium,low,47.721997102987565,Java_medium_Java_low_results.csv
97,43,5,medium,low,31.25637215412424,Java_medium_Java_low_results.csv
97,44,5,medium,low,29.225044775730662,Java_medium_Java_low_results.csv
97,56,5,medium,low,33.213548591396304,Java_medium_Java_low_results.csv
97,65,5,medium,low,25.863163262621253,Java_medium_Java_low_results.csv
97,60,5,medium,low,38.01482610500409,Java_medium_Java_low_results.csv
97,74,5,medium,low,27.547112245964037,Java_medium_Java_low_results.csv
97,63,5,medium,low,44.59972486458274,Java_medium_Java_low_results.csv
97,64,5,medium,low,51.60947807771578,Java_medium_Java_low_results.csv
97,78,5,medium,low,35.40592929554747,Java_medium_Java_low_results.csv
97,94,5,medium,low,31.45041930219825,Java_medium_Java_low_results.csv
97,77,5,medium,low,49.77582802775598,Java_medium_Java_low_results.csv
97,79,5,medium,low,36.29021222089809,Java_medium_Java_low_results.csv
97,104,5,medium,low,33.44244534008721,Java_medium_Java_low_results.csv
97,99,5,medium,low,39.13250050874963,Java_medium_Java_low_results.csv
97,114,5,medium,low,24.95996929718599,Java_medium_Java_low_results.csv
97,124,5,medium,low,30.67930909916316,Java_medium_Java_low_results.csv
97,126,5,medium,low,40.506440389250784,Java_medium_Java_low_results.csv
97,139,5,medium,low,28.762531369030043,Java_medium_Java_low_results.csv
97,140,5,medium,low,24.92830416343137,Java_medium_Java_low_results.csv
97,132,5,medium,low,38.10185522040533,Java_medium_Java_low_results.csv
97,164,5,medium,low,30.491248126796325,Java_medium_Java_low_results.csv
97,128,5,medium,low,70.60355328986671,Java_medium_Java_low_results.csv
97,180,5,medium,low,28.57237811787355,Java_medium_Java_low_results.csv
97,170,5,medium,low,50.09014684592139,Java_medium_Java_low_results.csv
97,101,5,medium,low,95.55055709388888,Java_medium_Java_low_results.csv
97,182,5,medium,low,38.27860091971713,Java_medium_Java_low_results.csv
97,200,5,medium,low,35.731004348583184,Java_medium_Java_low_results.csv
105,10,5,medium,low,27.2099905317391,Java_medium_Java_low_results.csv
97,176,5,medium,low,56.52812830971853,Java_medium_Java_low_results.csv
97,208,5,medium,low,35.733697598643786,Java_medium_Java_low_results.csv
97,179,5,medium,low,67.57347588722115,Java_medium_Java_low_results.csv
105,27,5,medium,low,22.812624353647635,Java_medium_Java_low_results.csv
105,21,5,medium,low,44.18795860750332,Java_medium_Java_low_results.csv
105,29,5,medium,low,29.585260552853427,Java_medium_Java_low_results.csv
105,34,5,medium,low,41.26069799818045,Java_medium_Java_low_results.csv
105,31,5,medium,low,35.26055325800659,Java_medium_Java_low_results.csv
105,13,5,medium,low,79.32242659039596,Java_medium_Java_low_results.csv
105,35,5,medium,low,55.54026454975618,Java_medium_Java_low_results.csv
105,37,5,medium,low,40.06504932041887,Java_medium_Java_low_results.csv
105,43,5,medium,low,26.802244530602863,Java_medium_Java_low_results.csv
105,44,5,medium,low,27.694229218000228,Java_medium_Java_low_results.csv
105,41,5,medium,low,41.65923822779857,Java_medium_Java_low_results.csv
105,56,5,medium,low,33.18839699502954,Java_medium_Java_low_results.csv
105,65,5,medium,low,20.75115092437169,Java_medium_Java_low_results.csv
105,60,5,medium,low,38.23000483105618,Java_medium_Java_low_results.csv
105,63,5,medium,low,41.59437824044238,Java_medium_Java_low_results.csv
105,74,5,medium,low,22.545388968053096,Java_medium_Java_low_results.csv
105,64,5,medium,low,48.33966346383023,Java_medium_Java_low_results.csv
105,94,5,medium,low,27.051284962276544,Java_medium_Java_low_results.csv
105,78,5,medium,low,33.77405602803694,Java_medium_Java_low_results.csv
105,79,5,medium,low,35.8375373725489,Java_medium_Java_low_results.csv
105,77,5,medium,low,49.09999885456969,Java_medium_Java_low_results.csv
105,114,5,medium,low,19.89667933585845,Java_medium_Java_low_results.csv
105,99,5,medium,low,37.20177853339627,Java_medium_Java_low_results.csv
105,104,5,medium,low,28.928593642939077,Java_medium_Java_low_results.csv
105,124,5,medium,low,27.16986630739413,Java_medium_Java_low_results.csv
105,139,5,medium,low,24.98080123874324,Java_medium_Java_low_results.csv
105,126,5,medium,low,39.83036393582017,Java_medium_Java_low_results.csv
105,140,5,medium,low,23.24366303735804,Java_medium_Java_low_results.csv
105,132,5,medium,low,34.22383718609077,Java_medium_Java_low_results.csv
105,128,5,medium,low,66.72089261907281,Java_medium_Java_low_results.csv
105,164,5,medium,low,26.580788563503106,Java_medium_Java_low_results.csv
105,101,5,medium,low,93.85039979101472,Java_medium_Java_low_results.csv
105,180,5,medium,low,26.04757934444437,Java_medium_Java_low_results.csv
105,170,5,medium,low,47.58827704351391,Java_medium_Java_low_results.csv
105,176,5,medium,low,53.162439255206806,Java_medium_Java_low_results.csv
105,182,5,medium,low,36.51484257409348,Java_medium_Java_low_results.csv
105,200,5,medium,low,33.801500835660576,Java_medium_Java_low_results.csv
108,10,5,medium,low,25.647743971600256,Java_medium_Java_low_results.csv
105,208,5,medium,low,32.92075573497666,Java_medium_Java_low_results.csv
105,179,5,medium,low,68.2854496556279,Java_medium_Java_low_results.csv
108,27,5,medium,low,18.6405393932002,Java_medium_Java_low_results.csv
108,29,5,medium,low,24.86154139719766,Java_medium_Java_low_results.csv
108,21,5,medium,low,43.778742016913256,Java_medium_Java_low_results.csv
108,31,5,medium,low,36.55618717353094,Java_medium_Java_low_results.csv
108,34,5,medium,low,38.29069425066798,Java_medium_Java_low_results.csv
108,13,5,medium,low,81.5664807668131,Java_medium_Java_low_results.csv
108,35,5,medium,low,56.62623817968415,Java_medium_Java_low_results.csv
108,37,5,medium,low,42.535218954269546,Java_medium_Java_low_results.csv
108,43,5,medium,low,25.911572630322937,Java_medium_Java_low_results.csv
108,41,5,medium,low,41.81185279851723,Java_medium_Java_low_results.csv
108,44,5,medium,low,22.90959379464983,Java_medium_Java_low_results.csv
108,56,5,medium,low,30.21485342038878,Java_medium_Java_low_results.csv
108,65,5,medium,low,18.319920771206323,Java_medium_Java_low_results.csv
108,60,5,medium,low,34.03201414210586,Java_medium_Java_low_results.csv
108,74,5,medium,low,21.11306980545946,Java_medium_Java_low_results.csv
108,63,5,medium,low,39.65162313285893,Java_medium_Java_low_results.csv
108,64,5,medium,low,46.28238320058282,Java_medium_Java_low_results.csv
108,78,5,medium,low,31.020410079936887,Java_medium_Java_low_results.csv
108,94,5,medium,low,24.7805716872631,Java_medium_Java_low_results.csv
108,77,5,medium,low,45.24215065913195,Java_medium_Java_low_results.csv
108,79,5,medium,low,32.09558944003569,Java_medium_Java_low_results.csv
108,114,5,medium,low,18.628147311838465,Java_medium_Java_low_results.csv
108,104,5,medium,low,27.011258299383627,Java_medium_Java_low_results.csv
108,99,5,medium,low,35.1805600822838,Java_medium_Java_low_results.csv
108,124,5,medium,low,22.63434930987807,Java_medium_Java_low_results.csv
108,139,5,medium,low,23.63515650589266,Java_medium_Java_low_results.csv
108,126,5,medium,low,35.33293109054919,Java_medium_Java_low_results.csv
108,140,5,medium,low,18.45367345261019,Java_medium_Java_low_results.csv
108,132,5,medium,low,32.66188818877928,Java_medium_Java_low_results.csv
108,164,5,medium,low,25.863448965112145,Java_medium_Java_low_results.csv
108,101,5,medium,low,94.4214634400671,Java_medium_Java_low_results.csv
108,128,5,medium,low,67.57160746044914,Java_medium_Java_low_results.csv
108,170,5,medium,low,47.75660968694147,Java_medium_Java_low_results.csv
108,180,5,medium,low,23.42875668863663,Java_medium_Java_low_results.csv
108,200,5,medium,low,28.978134577860672,Java_medium_Java_low_results.csv
108,182,5,medium,low,31.870865256547468,Java_medium_Java_low_results.csv
108,208,5,medium,low,30.98210406428728,Java_medium_Java_low_results.csv
108,176,5,medium,low,54.10422522223247,Java_medium_Java_low_results.csv
108,179,5,medium,low,67.26170607530433,Java_medium_Java_low_results.csv
115,10,5,medium,low,43.30351535531171,Java_medium_Java_low_results.csv
115,27,5,medium,low,40.43905163480366,Java_medium_Java_low_results.csv
115,29,5,medium,low,46.21806361032316,Java_medium_Java_low_results.csv
115,34,5,medium,low,53.83207386737694,Java_medium_Java_low_results.csv
115,21,5,medium,low,55.91262282843868,Java_medium_Java_low_results.csv
115,35,5,medium,low,66.81070229743442,Java_medium_Java_low_results.csv
115,31,5,medium,low,49.48744409098749,Java_medium_Java_low_results.csv
115,43,5,medium,low,44.73771701340294,Java_medium_Java_low_results.csv
115,37,5,medium,low,55.91080630728997,Java_medium_Java_low_results.csv
115,13,5,medium,low,90.85219196229814,Java_medium_Java_low_results.csv
115,41,5,medium,low,55.1519946569254,Java_medium_Java_low_results.csv
115,44,5,medium,low,43.9020338007122,Java_medium_Java_low_results.csv
115,56,5,medium,low,46.13749045417695,Java_medium_Java_low_results.csv
115,65,5,medium,low,38.64110484883481,Java_medium_Java_low_results.csv
115,74,5,medium,low,38.213456116256914,Java_medium_Java_low_results.csv
115,60,5,medium,low,52.57082227285865,Java_medium_Java_low_results.csv
115,63,5,medium,low,56.87655979947814,Java_medium_Java_low_results.csv
115,78,5,medium,low,49.18097571712546,Java_medium_Java_low_results.csv
115,64,5,medium,low,62.973665067937134,Java_medium_Java_low_results.csv
115,94,5,medium,low,42.36837517820831,Java_medium_Java_low_results.csv
115,79,5,medium,low,50.929252531173226,Java_medium_Java_low_results.csv
115,77,5,medium,low,63.95832933739116,Java_medium_Java_low_results.csv
115,114,5,medium,low,37.42377710826547,Java_medium_Java_low_results.csv
115,99,5,medium,low,50.0225596738754,Java_medium_Java_low_results.csv
115,104,5,medium,low,45.67594676472915,Java_medium_Java_low_results.csv
115,124,5,medium,low,44.322832425831216,Java_medium_Java_low_results.csv
115,139,5,medium,low,39.790664005033214,Java_medium_Java_low_results.csv
115,126,5,medium,low,55.8115831282034,Java_medium_Java_low_results.csv
115,140,5,medium,low,39.38224008581075,Java_medium_Java_low_results.csv
115,132,5,medium,low,48.97627639893936,Java_medium_Java_low_results.csv
115,164,5,medium,low,43.24448264153511,Java_medium_Java_low_results.csv
115,128,5,medium,low,77.19840603150105,Java_medium_Java_low_results.csv
115,180,5,medium,low,42.92685965085818,Java_medium_Java_low_results.csv
115,170,5,medium,low,59.03176825743705,Java_medium_Java_low_results.csv
115,101,5,medium,low,100.72310849733051,Java_medium_Java_low_results.csv
115,200,5,medium,low,50.89341144790652,Java_medium_Java_low_results.csv
115,182,5,medium,low,53.46129491324978,Java_medium_Java_low_results.csv
115,176,5,medium,low,64.44196895946202,Java_medium_Java_low_results.csv
117,10,5,medium,low,46.89297782384889,Java_medium_Java_low_results.csv
115,208,5,medium,low,49.82161071195445,Java_medium_Java_low_results.csv
115,179,5,medium,low,83.16916318701612,Java_medium_Java_low_results.csv
117,27,5,medium,low,41.895076991551775,Java_medium_Java_low_results.csv
117,29,5,medium,low,46.15483132774448,Java_medium_Java_low_results.csv
117,21,5,medium,low,61.59472125518781,Java_medium_Java_low_results.csv
117,31,5,medium,low,56.011224734150034,Java_medium_Java_low_results.csv
117,34,5,medium,low,53.93951967072727,Java_medium_Java_low_results.csv
117,35,5,medium,low,72.92836549313843,Java_medium_Java_low_results.csv
117,13,5,medium,low,94.85088693476143,Java_medium_Java_low_results.csv
117,37,5,medium,low,63.26386172149785,Java_medium_Java_low_results.csv
117,43,5,medium,low,46.47204666790503,Java_medium_Java_low_results.csv
117,44,5,medium,low,44.13675138649412,Java_medium_Java_low_results.csv
117,56,5,medium,low,47.83228871896435,Java_medium_Java_low_results.csv
117,41,5,medium,low,61.135610853667536,Java_medium_Java_low_results.csv
117,65,5,medium,low,41.58068797774897,Java_medium_Java_low_results.csv
117,74,5,medium,low,42.64875152181037,Java_medium_Java_low_results.csv
117,60,5,medium,low,51.60459811369334,Java_medium_Java_low_results.csv
117,63,5,medium,low,55.49563795310196,Java_medium_Java_low_results.csv
117,94,5,medium,low,47.03198689198791,Java_medium_Java_low_results.csv
117,64,5,medium,low,64.90036654221808,Java_medium_Java_low_results.csv
117,78,5,medium,low,51.7652149962371,Java_medium_Java_low_results.csv
117,79,5,medium,low,52.4743826830157,Java_medium_Java_low_results.csv
117,77,5,medium,low,63.59362277464852,Java_medium_Java_low_results.csv
117,114,5,medium,low,41.04995064662486,Java_medium_Java_low_results.csv
117,99,5,medium,low,53.83424837860146,Java_medium_Java_low_results.csv
117,104,5,medium,low,49.119833838156765,Java_medium_Java_low_results.csv
117,124,5,medium,low,45.02769585509717,Java_medium_Java_low_results.csv
117,139,5,medium,low,44.6228079450835,Java_medium_Java_low_results.csv
117,126,5,medium,low,57.0128618627902,Java_medium_Java_low_results.csv
117,140,5,medium,low,40.06629576675967,Java_medium_Java_low_results.csv
117,132,5,medium,low,52.71197647038497,Java_medium_Java_low_results.csv
117,164,5,medium,low,47.06490593967833,Java_medium_Java_low_results.csv
117,128,5,medium,low,82.67967835473074,Java_medium_Java_low_results.csv
117,180,5,medium,low,43.791866525858254,Java_medium_Java_low_results.csv
117,170,5,medium,low,64.26438907167757,Java_medium_Java_low_results.csv
117,101,5,medium,low,106.97128324926445,Java_medium_Java_low_results.csv
117,182,5,medium,low,52.30019338199113,Java_medium_Java_low_results.csv
117,200,5,medium,low,50.284090097984645,Java_medium_Java_low_results.csv
117,176,5,medium,low,70.79138666763527,Java_medium_Java_low_results.csv
117,179,5,medium,low,84.1522456857401,Java_medium_Java_low_results.csv
117,208,5,medium,low,51.10467881700325,Java_medium_Java_low_results.csv
121,10,5,medium,low,32.53397935273532,Java_medium_Java_low_results.csv
121,27,5,medium,low,28.459237773685278,Java_medium_Java_low_results.csv
121,29,5,medium,low,33.60528461033209,Java_medium_Java_low_results.csv
121,21,5,medium,low,48.55673246753675,Java_medium_Java_low_results.csv
121,31,5,medium,low,42.62406644849736,Java_medium_Java_low_results.csv
121,34,5,medium,low,42.80553400688601,Java_medium_Java_low_results.csv
121,43,5,medium,low,32.552148667184646,Java_medium_Java_low_results.csv
121,13,5,medium,low,85.19608771045691,Java_medium_Java_low_results.csv
121,37,5,medium,low,49.413867638145526,Java_medium_Java_low_results.csv
121,35,5,medium,low,60.94806500511445,Java_medium_Java_low_results.csv
121,44,5,medium,low,31.58031075502181,Java_medium_Java_low_results.csv
121,41,5,medium,low,47.76803107189726,Java_medium_Java_low_results.csv
121,56,5,medium,low,35.88176008858604,Java_medium_Java_low_results.csv
121,60,5,medium,low,40.90874964738562,Java_medium_Java_low_results.csv
121,65,5,medium,low,27.276933269788323,Java_medium_Java_low_results.csv
121,74,5,medium,low,28.534921954557465,Java_medium_Java_low_results.csv
121,63,5,medium,low,45.52852423249733,Java_medium_Java_low_results.csv
121,78,5,medium,low,37.92381943844776,Java_medium_Java_low_results.csv
121,64,5,medium,low,52.60486508926344,Java_medium_Java_low_results.csv
121,77,5,medium,low,52.43961061856409,Java_medium_Java_low_results.csv
121,94,5,medium,low,33.30018162195634,Java_medium_Java_low_results.csv
121,79,5,medium,low,39.55999405308014,Java_medium_Java_low_results.csv
121,99,5,medium,low,42.273177647682736,Java_medium_Java_low_results.csv
121,114,5,medium,low,26.919117455410827,Java_medium_Java_low_results.csv
121,104,5,medium,low,34.87191885434239,Java_medium_Java_low_results.csv
121,124,5,medium,low,32.95620498826281,Java_medium_Java_low_results.csv
121,126,5,medium,low,43.6924925007933,Java_medium_Java_low_results.csv
121,140,5,medium,low,28.16224107724375,Java_medium_Java_low_results.csv
121,139,5,medium,low,30.31767315569491,Java_medium_Java_low_results.csv
121,132,5,medium,low,39.22540398613111,Java_medium_Java_low_results.csv
121,128,5,medium,low,69.90318004110877,Java_medium_Java_low_results.csv
121,101,5,medium,low,96.50632420718388,Java_medium_Java_low_results.csv
121,164,5,medium,low,32.37864982060258,Java_medium_Java_low_results.csv
121,170,5,medium,low,52.87124583245172,Java_medium_Java_low_results.csv
121,180,5,medium,low,30.913963458555752,Java_medium_Java_low_results.csv
121,182,5,medium,low,39.89388022085401,Java_medium_Java_low_results.csv
121,176,5,medium,low,57.596507041859205,Java_medium_Java_low_results.csv
121,200,5,medium,low,38.42795359915577,Java_medium_Java_low_results.csv
121,208,5,medium,low,38.152399832536936,Java_medium_Java_low_results.csv
121,179,5,medium,low,72.77392163516085,Java_medium_Java_low_results.csv
133,10,5,medium,low,30.10945840488455,Java_medium_Java_low_results.csv
133,27,5,medium,low,26.993116182521,Java_medium_Java_low_results.csv
133,29,5,medium,low,33.90081972945654,Java_medium_Java_low_results.csv
133,21,5,medium,low,45.59620093189107,Java_medium_Java_low_results.csv
133,31,5,medium,low,35.978304446141,Java_medium_Java_low_results.csv
133,34,5,medium,low,44.46681225390776,Java_medium_Java_low_results.csv
133,35,5,medium,low,58.0298934312474,Java_medium_Java_low_results.csv
133,37,5,medium,low,42.21055718217631,Java_medium_Java_low_results.csv
133,43,5,medium,low,31.166126806816763,Java_medium_Java_low_results.csv
133,13,5,medium,low,80.16972709607766,Java_medium_Java_low_results.csv
133,41,5,medium,low,42.07076901995252,Java_medium_Java_low_results.csv
133,56,5,medium,low,36.37331638344509,Java_medium_Java_low_results.csv
133,44,5,medium,low,31.071008551960727,Java_medium_Java_low_results.csv
133,65,5,medium,low,23.71366428056293,Java_medium_Java_low_results.csv
133,60,5,medium,low,40.68346028314569,Java_medium_Java_low_results.csv
133,63,5,medium,low,45.93434374333962,Java_medium_Java_low_results.csv
133,74,5,medium,low,25.483689128554865,Java_medium_Java_low_results.csv
133,64,5,medium,low,50.81910213117756,Java_medium_Java_low_results.csv
133,78,5,medium,low,36.72260719975895,Java_medium_Java_low_results.csv
133,94,5,medium,low,30.36726784154624,Java_medium_Java_low_results.csv
133,79,5,medium,low,37.56873275214516,Java_medium_Java_low_results.csv
133,77,5,medium,low,52.57984155913552,Java_medium_Java_low_results.csv
133,99,5,medium,low,37.521533874360536,Java_medium_Java_low_results.csv
133,104,5,medium,low,32.30494789587622,Java_medium_Java_low_results.csv
133,114,5,medium,low,23.029455479878237,Java_medium_Java_low_results.csv
133,124,5,medium,low,30.359256298153287,Java_medium_Java_low_results.csv
133,139,5,medium,low,27.080155571611904,Java_medium_Java_low_results.csv
133,140,5,medium,low,25.890545585747123,Java_medium_Java_low_results.csv
133,126,5,medium,low,42.37913354359163,Java_medium_Java_low_results.csv
133,132,5,medium,low,36.78616264305662,Java_medium_Java_low_results.csv
133,164,5,medium,low,30.748950395067123,Java_medium_Java_low_results.csv
133,128,5,medium,low,67.58108326929278,Java_medium_Java_low_results.csv
133,180,5,medium,low,30.162922319094765,Java_medium_Java_low_results.csv
133,101,5,medium,low,93.79049777585148,Java_medium_Java_low_results.csv
133,170,5,medium,low,48.78648203514023,Java_medium_Java_low_results.csv
133,176,5,medium,low,53.55732061182273,Java_medium_Java_low_results.csv
133,182,5,medium,low,39.098756270023074,Java_medium_Java_low_results.csv
133,200,5,medium,low,36.739495761136205,Java_medium_Java_low_results.csv
135,10,5,medium,low,33.60731990278645,Java_medium_Java_low_results.csv
133,208,5,medium,low,37.21592254517962,Java_medium_Java_low_results.csv
133,179,5,medium,low,72.06712665750827,Java_medium_Java_low_results.csv
135,27,5,medium,low,29.636432867434923,Java_medium_Java_low_results.csv
135,29,5,medium,low,37.77552931124873,Java_medium_Java_low_results.csv
135,21,5,medium,low,45.9891661680391,Java_medium_Java_low_results.csv
135,31,5,medium,low,41.06594471613086,Java_medium_Java_low_results.csv
135,34,5,medium,low,46.395535664895725,Java_medium_Java_low_results.csv
135,13,5,medium,low,83.84980177556608,Java_medium_Java_low_results.csv
135,37,5,medium,low,49.00084948377387,Java_medium_Java_low_results.csv
135,35,5,medium,low,60.291499011594986,Java_medium_Java_low_results.csv
135,43,5,medium,low,36.010222834083145,Java_medium_Java_low_results.csv
135,44,5,medium,low,34.88689141143854,Java_medium_Java_low_results.csv
135,41,5,medium,low,47.690318224899656,Java_medium_Java_low_results.csv
135,56,5,medium,low,38.70391825433186,Java_medium_Java_low_results.csv
135,65,5,medium,low,27.54836555069017,Java_medium_Java_low_results.csv
135,74,5,medium,low,29.139127392415823,Java_medium_Java_low_results.csv
135,60,5,medium,low,44.8077282484324,Java_medium_Java_low_results.csv
135,63,5,medium,low,49.32137227663078,Java_medium_Java_low_results.csv
135,64,5,medium,low,55.11301770340703,Java_medium_Java_low_results.csv
135,78,5,medium,low,41.39628791924515,Java_medium_Java_low_results.csv
135,94,5,medium,low,32.180630738051576,Java_medium_Java_low_results.csv
135,79,5,medium,low,43.414088029457496,Java_medium_Java_low_results.csv
135,77,5,medium,low,56.1651563447058,Java_medium_Java_low_results.csv
135,99,5,medium,low,39.37681760053442,Java_medium_Java_low_results.csv
135,114,5,medium,low,27.900060515399726,Java_medium_Java_low_results.csv
135,104,5,medium,low,35.80416675616281,Java_medium_Java_low_results.csv
135,124,5,medium,low,35.71706748037294,Java_medium_Java_low_results.csv
135,139,5,medium,low,31.29658925906251,Java_medium_Java_low_results.csv
135,126,5,medium,low,45.89019593187792,Java_medium_Java_low_results.csv
135,140,5,medium,low,29.708539169400773,Java_medium_Java_low_results.csv
135,132,5,medium,low,39.36710208263237,Java_medium_Java_low_results.csv
135,164,5,medium,low,35.42701936829244,Java_medium_Java_low_results.csv
135,128,5,medium,low,70.17724086893655,Java_medium_Java_low_results.csv
135,180,5,medium,low,33.633195561879,Java_medium_Java_low_results.csv
135,170,5,medium,low,52.82890123927784,Java_medium_Java_low_results.csv
135,101,5,medium,low,94.98950134220144,Java_medium_Java_low_results.csv
135,182,5,medium,low,43.94834555957908,Java_medium_Java_low_results.csv
135,176,5,medium,low,55.929955634546126,Java_medium_Java_low_results.csv
135,200,5,medium,low,40.43275632005453,Java_medium_Java_low_results.csv
142,10,5,medium,low,50.24329266046791,Java_medium_Java_low_results.csv
135,208,5,medium,low,41.31347024583494,Java_medium_Java_low_results.csv
135,179,5,medium,low,76.38915872727182,Java_medium_Java_low_results.csv
142,27,5,medium,low,44.83691551388564,Java_medium_Java_low_results.csv
142,29,5,medium,low,46.90649261237151,Java_medium_Java_low_results.csv
142,21,5,medium,low,65.12005628693083,Java_medium_Java_low_results.csv
142,34,5,medium,low,56.87426671471026,Java_medium_Java_low_results.csv
142,31,5,medium,low,57.96372324134232,Java_medium_Java_low_results.csv
142,37,5,medium,low,66.19950829741596,Java_medium_Java_low_results.csv
142,35,5,medium,low,76.36347618400538,Java_medium_Java_low_results.csv
142,13,5,medium,low,98.78453539289065,Java_medium_Java_low_results.csv
142,43,5,medium,low,49.93760322290898,Java_medium_Java_low_results.csv
142,41,5,medium,low,64.73591927135193,Java_medium_Java_low_results.csv
142,44,5,medium,low,46.45731255268402,Java_medium_Java_low_results.csv
142,56,5,medium,low,52.25392836290735,Java_medium_Java_low_results.csv
142,74,5,medium,low,46.6017661607464,Java_medium_Java_low_results.csv
142,65,5,medium,low,45.587710217308015,Java_medium_Java_low_results.csv
142,60,5,medium,low,55.02304302024132,Java_medium_Java_low_results.csv
142,63,5,medium,low,61.08670349568055,Java_medium_Java_low_results.csv
142,78,5,medium,low,53.12148170574694,Java_medium_Java_low_results.csv
142,64,5,medium,low,66.15479728029322,Java_medium_Java_low_results.csv
142,94,5,medium,low,50.57123372722052,Java_medium_Java_low_results.csv
142,79,5,medium,low,52.84495811082189,Java_medium_Java_low_results.csv
142,77,5,medium,low,65.00197087119817,Java_medium_Java_low_results.csv
142,99,5,medium,low,57.02805096833721,Java_medium_Java_low_results.csv
142,114,5,medium,low,44.708436072603405,Java_medium_Java_low_results.csv
142,104,5,medium,low,52.03198667159097,Java_medium_Java_low_results.csv
142,124,5,medium,low,48.911899864118254,Java_medium_Java_low_results.csv
142,139,5,medium,low,47.4815106262916,Java_medium_Java_low_results.csv
142,126,5,medium,low,58.60440641141897,Java_medium_Java_low_results.csv
142,140,5,medium,low,43.40894525998111,Java_medium_Java_low_results.csv
142,132,5,medium,low,55.78349809825937,Java_medium_Java_low_results.csv
142,164,5,medium,low,49.82884182563312,Java_medium_Java_low_results.csv
142,128,5,medium,low,86.50431423972991,Java_medium_Java_low_results.csv
142,180,5,medium,low,47.09470270296836,Java_medium_Java_low_results.csv
142,101,5,medium,low,110.74878697750988,Java_medium_Java_low_results.csv
142,170,5,medium,low,64.79098568793651,Java_medium_Java_low_results.csv
143,10,5,medium,low,28.083593508144503,Java_medium_Java_low_results.csv
142,182,5,medium,low,54.47686046317792,Java_medium_Java_low_results.csv
142,200,5,medium,low,52.92420752494266,Java_medium_Java_low_results.csv
142,176,5,medium,low,72.42963737238053,Java_medium_Java_low_results.csv
143,27,5,medium,low,22.440337279194488,Java_medium_Java_low_results.csv
143,21,5,medium,low,45.62134324581948,Java_medium_Java_low_results.csv
142,208,5,medium,low,53.78672803999331,Java_medium_Java_low_results.csv
143,29,5,medium,low,27.9052216766452,Java_medium_Java_low_results.csv
143,13,5,medium,low,82.17797922835105,Java_medium_Java_low_results.csv
142,179,5,medium,low,84.2849122265839,Java_medium_Java_low_results.csv
143,31,5,medium,low,38.60208346827358,Java_medium_Java_low_results.csv
143,34,5,medium,low,37.417263506457694,Java_medium_Java_low_results.csv
143,35,5,medium,low,57.61981903666816,Java_medium_Java_low_results.csv
143,37,5,medium,low,45.82529112713677,Java_medium_Java_low_results.csv
143,41,5,medium,low,45.88968487367996,Java_medium_Java_low_results.csv
143,43,5,medium,low,27.670103153344925,Java_medium_Java_low_results.csv
143,56,5,medium,low,28.853378700963145,Java_medium_Java_low_results.csv
143,44,5,medium,low,24.589354423998824,Java_medium_Java_low_results.csv
143,60,5,medium,low,35.47763766216112,Java_medium_Java_low_results.csv
143,63,5,medium,low,41.82955662029241,Java_medium_Java_low_results.csv
143,65,5,medium,low,22.24251059352237,Java_medium_Java_low_results.csv
143,74,5,medium,low,23.32802318873952,Java_medium_Java_low_results.csv
143,78,5,medium,low,33.142778173664894,Java_medium_Java_low_results.csv
143,77,5,medium,low,48.02806862661711,Java_medium_Java_low_results.csv
143,64,5,medium,low,48.165348000271415,Java_medium_Java_low_results.csv
143,94,5,medium,low,28.23473226135211,Java_medium_Java_low_results.csv
143,79,5,medium,low,35.51023544470677,Java_medium_Java_low_results.csv
143,99,5,medium,low,37.17142560607186,Java_medium_Java_low_results.csv
143,104,5,medium,low,30.95306430770352,Java_medium_Java_low_results.csv
143,114,5,medium,low,21.84622466722511,Java_medium_Java_low_results.csv
143,124,5,medium,low,27.57599890269913,Java_medium_Java_low_results.csv
143,126,5,medium,low,39.55769394700295,Java_medium_Java_low_results.csv
143,132,5,medium,low,35.789133748643,Java_medium_Java_low_results.csv
143,139,5,medium,low,25.14000823871909,Java_medium_Java_low_results.csv
143,140,5,medium,low,21.86347176861596,Java_medium_Java_low_results.csv
143,128,5,medium,low,69.05185849020988,Java_medium_Java_low_results.csv
143,101,5,medium,low,95.24689552203552,Java_medium_Java_low_results.csv
143,164,5,medium,low,29.319841022191248,Java_medium_Java_low_results.csv
143,180,5,medium,low,26.64560451146024,Java_medium_Java_low_results.csv
143,170,5,medium,low,49.42935163540214,Java_medium_Java_low_results.csv
143,176,5,medium,low,56.20001226014836,Java_medium_Java_low_results.csv
143,179,5,medium,low,69.87823032149636,Java_medium_Java_low_results.csv
143,200,5,medium,low,33.24506484285747,Java_medium_Java_low_results.csv
143,182,5,medium,low,37.323756227693146,Java_medium_Java_low_results.csv
143,208,5,medium,low,34.46999721770373,Java_medium_Java_low_results.csv
145,10,5,medium,low,30.22333437526013,Java_medium_Java_low_results.csv
145,27,5,medium,low,27.615273493963564,Java_medium_Java_low_results.csv
145,29,5,medium,low,35.10401538232104,Java_medium_Java_low_results.csv
145,21,5,medium,low,43.0543622987307,Java_medium_Java_low_results.csv
145,34,5,medium,low,45.22197321255391,Java_medium_Java_low_results.csv
145,31,5,medium,low,35.49368709223454,Java_medium_Java_low_results.csv
145,35,5,medium,low,57.20042956307276,Java_medium_Java_low_results.csv
145,37,5,medium,low,43.86060258938672,Java_medium_Java_low_results.csv
145,13,5,medium,low,80.76640780322936,Java_medium_Java_low_results.csv
145,43,5,medium,low,31.88875351712544,Java_medium_Java_low_results.csv
145,41,5,medium,low,41.06033073131517,Java_medium_Java_low_results.csv
145,44,5,medium,low,31.214484711396192,Java_medium_Java_low_results.csv
145,56,5,medium,low,36.91077813439456,Java_medium_Java_low_results.csv
145,60,5,medium,low,42.367395571572445,Java_medium_Java_low_results.csv
145,65,5,medium,low,24.43357984301912,Java_medium_Java_low_results.csv
145,74,5,medium,low,26.115522968454588,Java_medium_Java_low_results.csv
145,63,5,medium,low,46.74374845426174,Java_medium_Java_low_results.csv
145,64,5,medium,low,52.31168905751782,Java_medium_Java_low_results.csv
145,94,5,medium,low,28.70832428232441,Java_medium_Java_low_results.csv
145,78,5,medium,low,37.68849089652954,Java_medium_Java_low_results.csv
145,79,5,medium,low,40.29668354036345,Java_medium_Java_low_results.csv
145,99,5,medium,low,38.8195953376709,Java_medium_Java_low_results.csv
145,77,5,medium,low,53.29693895681776,Java_medium_Java_low_results.csv
145,104,5,medium,low,33.1629942880808,Java_medium_Java_low_results.csv
145,114,5,medium,low,23.691715795644136,Java_medium_Java_low_results.csv
145,124,5,medium,low,30.692486147415536,Java_medium_Java_low_results.csv
145,139,5,medium,low,28.33803375325689,Java_medium_Java_low_results.csv
145,140,5,medium,low,26.8336842873899,Java_medium_Java_low_results.csv
145,126,5,medium,low,43.46332556164474,Java_medium_Java_low_results.csv
145,164,5,medium,low,31.428688525272825,Java_medium_Java_low_results.csv
145,132,5,medium,low,36.70588377446912,Java_medium_Java_low_results.csv
145,128,5,medium,low,68.95789197544492,Java_medium_Java_low_results.csv
145,170,5,medium,low,47.091040706774265,Java_medium_Java_low_results.csv
145,101,5,medium,low,94.64500420405872,Java_medium_Java_low_results.csv
145,180,5,medium,low,31.468325010279383,Java_medium_Java_low_results.csv
145,200,5,medium,low,38.606090163090286,Java_medium_Java_low_results.csv
145,182,5,medium,low,41.4877398553966,Java_medium_Java_low_results.csv
145,176,5,medium,low,54.7325262782192,Java_medium_Java_low_results.csv
147,10,5,medium,low,24.37742202093141,Java_medium_Java_low_results.csv
145,179,5,medium,low,72.66409031196032,Java_medium_Java_low_results.csv
145,208,5,medium,low,38.22854523880376,Java_medium_Java_low_results.csv
147,27,5,medium,low,20.841026173263344,Java_medium_Java_low_results.csv
147,29,5,medium,low,28.04393860234485,Java_medium_Java_low_results.csv
147,21,5,medium,low,40.15760601475712,Java_medium_Java_low_results.csv
147,34,5,medium,low,38.54360397591434,Java_medium_Java_low_results.csv
147,31,5,medium,low,32.34150380581477,Java_medium_Java_low_results.csv
147,13,5,medium,low,78.01393184138027,Java_medium_Java_low_results.csv
147,35,5,medium,low,54.00368827302916,Java_medium_Java_low_results.csv
147,43,5,medium,low,26.061469184559545,Java_medium_Java_low_results.csv
147,37,5,medium,low,39.91465961159836,Java_medium_Java_low_results.csv
147,44,5,medium,low,24.69954793879973,Java_medium_Java_low_results.csv
147,41,5,medium,low,37.9990186726214,Java_medium_Java_low_results.csv
147,56,5,medium,low,29.88105538210369,Java_medium_Java_low_results.csv
147,60,5,medium,low,35.9365631429748,Java_medium_Java_low_results.csv
147,65,5,medium,low,17.81354801462605,Java_medium_Java_low_results.csv
147,74,5,medium,low,19.559221739174323,Java_medium_Java_low_results.csv
147,63,5,medium,low,41.26916454900812,Java_medium_Java_low_results.csv
147,64,5,medium,low,46.51273856250619,Java_medium_Java_low_results.csv
147,94,5,medium,low,24.529749483698115,Java_medium_Java_low_results.csv
147,78,5,medium,low,32.473973651086254,Java_medium_Java_low_results.csv
147,77,5,medium,low,47.00945707952783,Java_medium_Java_low_results.csv
147,79,5,medium,low,33.47302589757335,Java_medium_Java_low_results.csv
147,104,5,medium,low,26.86910152267469,Java_medium_Java_low_results.csv
147,99,5,medium,low,32.59792551154531,Java_medium_Java_low_results.csv
147,114,5,medium,low,17.058215155735333,Java_medium_Java_low_results.csv
147,124,5,medium,low,24.99730650879283,Java_medium_Java_low_results.csv
147,126,5,medium,low,37.9970780602397,Java_medium_Java_low_results.csv
147,140,5,medium,low,20.14940691386801,Java_medium_Java_low_results.csv
147,139,5,medium,low,20.994675016228413,Java_medium_Java_low_results.csv
147,132,5,medium,low,30.79529090072457,Java_medium_Java_low_results.csv
147,128,5,medium,low,63.17185699178879,Java_medium_Java_low_results.csv
147,164,5,medium,low,25.18792631249306,Java_medium_Java_low_results.csv
147,101,5,medium,low,89.69004517850644,Java_medium_Java_low_results.csv
147,180,5,medium,low,24.47547426521144,Java_medium_Java_low_results.csv
147,170,5,medium,low,44.52756970340395,Java_medium_Java_low_results.csv
147,182,5,medium,low,34.452359793013,Java_medium_Java_low_results.csv
147,176,5,medium,low,50.14956926758892,Java_medium_Java_low_results.csv
147,200,5,medium,low,31.207733493107146,Java_medium_Java_low_results.csv
147,179,5,medium,low,68.46614242313103,Java_medium_Java_low_results.csv
147,208,5,medium,low,32.159774168070435,Java_medium_Java_low_results.csv
151,10,5,medium,low,77.8651749459172,Java_medium_Java_low_results.csv
151,27,5,medium,low,76.64948644296986,Java_medium_Java_low_results.csv
151,29,5,medium,low,82.23648583570227,Java_medium_Java_low_results.csv
151,34,5,medium,low,88.70664945715609,Java_medium_Java_low_results.csv
151,35,5,medium,low,99.75782449100682,Java_medium_Java_low_results.csv
151,31,5,medium,low,82.63492457354951,Java_medium_Java_low_results.csv
151,21,5,medium,low,87.4884499239681,Java_medium_Java_low_results.csv
151,37,5,medium,low,87.8046777994935,Java_medium_Java_low_results.csv
151,43,5,medium,low,79.12762938425287,Java_medium_Java_low_results.csv
151,41,5,medium,low,87.18379303387135,Java_medium_Java_low_results.csv
151,56,5,medium,low,82.50432930160086,Java_medium_Java_low_results.csv
151,44,5,medium,low,80.3647306972809,Java_medium_Java_low_results.csv
151,13,5,medium,low,118.32298306570289,Java_medium_Java_low_results.csv
151,65,5,medium,low,73.61836431078281,Java_medium_Java_low_results.csv
151,60,5,medium,low,87.52584592504911,Java_medium_Java_low_results.csv
151,74,5,medium,low,73.6397332205888,Java_medium_Java_low_results.csv
151,63,5,medium,low,90.50310974142394,Java_medium_Java_low_results.csv
151,94,5,medium,low,74.88902721964133,Java_medium_Java_low_results.csv
151,78,5,medium,low,84.41377518424584,Java_medium_Java_low_results.csv
151,64,5,medium,low,94.20718824052658,Java_medium_Java_low_results.csv
151,79,5,medium,low,83.21783157285205,Java_medium_Java_low_results.csv
151,77,5,medium,low,97.53354544141808,Java_medium_Java_low_results.csv
151,114,5,medium,low,72.24067644416971,Java_medium_Java_low_results.csv
151,104,5,medium,low,79.246250323134,Java_medium_Java_low_results.csv
151,99,5,medium,low,82.76894022406599,Java_medium_Java_low_results.csv
151,124,5,medium,low,79.00917423341004,Java_medium_Java_low_results.csv
151,139,5,medium,low,75.47531782609057,Java_medium_Java_low_results.csv
151,126,5,medium,low,87.02763612332815,Java_medium_Java_low_results.csv
151,140,5,medium,low,75.69680638734467,Java_medium_Java_low_results.csv
151,164,5,medium,low,77.54475551574862,Java_medium_Java_low_results.csv
151,132,5,medium,low,82.30681022133645,Java_medium_Java_low_results.csv
151,180,5,medium,low,76.8361395469287,Java_medium_Java_low_results.csv
151,128,5,medium,low,104.93640740321617,Java_medium_Java_low_results.csv
151,170,5,medium,low,93.34589220068938,Java_medium_Java_low_results.csv
155,10,5,medium,low,27.493840639252905,Java_medium_Java_low_results.csv
151,101,5,medium,low,131.3967601495464,Java_medium_Java_low_results.csv
151,176,5,medium,low,93.91131758337744,Java_medium_Java_low_results.csv
151,200,5,medium,low,85.63289330299418,Java_medium_Java_low_results.csv
151,182,5,medium,low,84.4055443400823,Java_medium_Java_low_results.csv
155,21,5,medium,low,45.37707898239512,Java_medium_Java_low_results.csv
155,27,5,medium,low,22.31129405115156,Java_medium_Java_low_results.csv
155,13,5,medium,low,81.87095482471969,Java_medium_Java_low_results.csv
155,29,5,medium,low,27.27771029643209,Java_medium_Java_low_results.csv
155,31,5,medium,low,37.9545012631688,Java_medium_Java_low_results.csv
151,208,5,medium,low,82.63197855284203,Java_medium_Java_low_results.csv
151,179,5,medium,low,107.91130563537924,Java_medium_Java_low_results.csv
155,34,5,medium,low,38.45649158121504,Java_medium_Java_low_results.csv
155,43,5,medium,low,26.6981444821256,Java_medium_Java_low_results.csv
155,37,5,medium,low,45.520170531280726,Java_medium_Java_low_results.csv
155,35,5,medium,low,57.6034254790903,Java_medium_Java_low_results.csv
155,44,5,medium,low,24.71638619268811,Java_medium_Java_low_results.csv
155,56,5,medium,low,29.84198707002206,Java_medium_Java_low_results.csv
155,41,5,medium,low,44.48407487122713,Java_medium_Java_low_results.csv
155,60,5,medium,low,35.83798648123434,Java_medium_Java_low_results.csv
155,63,5,medium,low,40.009217361090165,Java_medium_Java_low_results.csv
155,65,5,medium,low,21.77537423154312,Java_medium_Java_low_results.csv
155,74,5,medium,low,23.33959376497013,Java_medium_Java_low_results.csv
155,94,5,medium,low,28.273770324232263,Java_medium_Java_low_results.csv
155,64,5,medium,low,49.11716423358515,Java_medium_Java_low_results.csv
155,78,5,medium,low,32.256502804547,Java_medium_Java_low_results.csv
155,79,5,medium,low,34.79791609386072,Java_medium_Java_low_results.csv
155,77,5,medium,low,46.61135033241016,Java_medium_Java_low_results.csv
155,99,5,medium,low,36.87350078627058,Java_medium_Java_low_results.csv
155,104,5,medium,low,29.62888152974764,Java_medium_Java_low_results.csv
155,114,5,medium,low,21.748595648799927,Java_medium_Java_low_results.csv
155,124,5,medium,low,27.899382688411254,Java_medium_Java_low_results.csv
155,139,5,medium,low,25.6594214366654,Java_medium_Java_low_results.csv
155,126,5,medium,low,38.86500735950868,Java_medium_Java_low_results.csv
155,140,5,medium,low,21.021191639377044,Java_medium_Java_low_results.csv
155,132,5,medium,low,34.89981389116618,Java_medium_Java_low_results.csv
155,164,5,medium,low,28.015871060216607,Java_medium_Java_low_results.csv
155,128,5,medium,low,67.61266581140146,Java_medium_Java_low_results.csv
155,101,5,medium,low,93.6172173389582,Java_medium_Java_low_results.csv
155,180,5,medium,low,24.67296494943092,Java_medium_Java_low_results.csv
155,170,5,medium,low,48.26455467317062,Java_medium_Java_low_results.csv
155,176,5,medium,low,55.44025036105439,Java_medium_Java_low_results.csv
155,200,5,medium,low,31.998873566286026,Java_medium_Java_low_results.csv
155,182,5,medium,low,34.43957784398918,Java_medium_Java_low_results.csv
158,10,5,medium,low,47.33787070172077,Java_medium_Java_low_results.csv
155,179,5,medium,low,67.98976266480345,Java_medium_Java_low_results.csv
155,208,5,medium,low,32.75823319733162,Java_medium_Java_low_results.csv
158,27,5,medium,low,46.51703132022564,Java_medium_Java_low_results.csv
158,29,5,medium,low,52.71528460237607,Java_medium_Java_low_results.csv
158,21,5,medium,low,60.74071274171053,Java_medium_Java_low_results.csv
158,34,5,medium,low,59.50554704231158,Java_medium_Java_low_results.csv
158,31,5,medium,low,53.54283730270578,Java_medium_Java_low_results.csv
158,35,5,medium,low,65.79353552140972,Java_medium_Java_low_results.csv
158,37,5,medium,low,59.46312907222453,Java_medium_Java_low_results.csv
158,13,5,medium,low,89.2729129354641,Java_medium_Java_low_results.csv
158,43,5,medium,low,50.95126467586191,Java_medium_Java_low_results.csv
158,41,5,medium,low,57.02446587260097,Java_medium_Java_low_results.csv
158,44,5,medium,low,48.63093702343038,Java_medium_Java_low_results.csv
158,56,5,medium,low,52.73444911987335,Java_medium_Java_low_results.csv
158,60,5,medium,low,58.16323729167329,Java_medium_Java_low_results.csv
158,65,5,medium,low,43.745853987344745,Java_medium_Java_low_results.csv
158,74,5,medium,low,42.86227688756807,Java_medium_Java_low_results.csv
158,63,5,medium,low,63.177626741360505,Java_medium_Java_low_results.csv
158,64,5,medium,low,68.85637434383156,Java_medium_Java_low_results.csv
158,78,5,medium,low,53.946902213136326,Java_medium_Java_low_results.csv
158,94,5,medium,low,48.11873160350868,Java_medium_Java_low_results.csv
158,79,5,medium,low,56.39803088741689,Java_medium_Java_low_results.csv
158,77,5,medium,low,67.8720328793268,Java_medium_Java_low_results.csv
158,114,5,medium,low,41.3649940108272,Java_medium_Java_low_results.csv
158,99,5,medium,low,55.448511942026,Java_medium_Java_low_results.csv
158,104,5,medium,low,50.37015474940908,Java_medium_Java_low_results.csv
158,124,5,medium,low,50.53183355575233,Java_medium_Java_low_results.csv
158,139,5,medium,low,43.25172714064279,Java_medium_Java_low_results.csv
158,126,5,medium,low,60.86367380826673,Java_medium_Java_low_results.csv
158,140,5,medium,low,45.42680151775152,Java_medium_Java_low_results.csv
158,132,5,medium,low,53.44500409956613,Java_medium_Java_low_results.csv
158,164,5,medium,low,50.79303419233818,Java_medium_Java_low_results.csv
158,128,5,medium,low,77.58273151147415,Java_medium_Java_low_results.csv
158,180,5,medium,low,48.761851162511405,Java_medium_Java_low_results.csv
158,101,5,medium,low,105.44776044735474,Java_medium_Java_low_results.csv
158,170,5,medium,low,58.6229713941343,Java_medium_Java_low_results.csv
158,200,5,medium,low,56.13877219506087,Java_medium_Java_low_results.csv
158,182,5,medium,low,57.66737213277352,Java_medium_Java_low_results.csv
158,176,5,medium,low,64.75246612952036,Java_medium_Java_low_results.csv
166,10,5,medium,low,37.36161866765451,Java_medium_Java_low_results.csv
158,179,5,medium,low,87.30853664476606,Java_medium_Java_low_results.csv
158,208,5,medium,low,54.84540776374014,Java_medium_Java_low_results.csv
166,27,5,medium,low,33.8676403720561,Java_medium_Java_low_results.csv
166,29,5,medium,low,41.21317186833923,Java_medium_Java_low_results.csv
166,21,5,medium,low,55.53092786919372,Java_medium_Java_low_results.csv
166,31,5,medium,low,48.1712030564528,Java_medium_Java_low_results.csv
166,34,5,medium,low,54.89408069092055,Java_medium_Java_low_results.csv
166,35,5,medium,low,67.4212827799825,Java_medium_Java_low_results.csv
166,37,5,medium,low,52.0315685030542,Java_medium_Java_low_results.csv
166,13,5,medium,low,91.95072803638064,Java_medium_Java_low_results.csv
166,43,5,medium,low,41.18942270559068,Java_medium_Java_low_results.csv
166,44,5,medium,low,39.77659663273318,Java_medium_Java_low_results.csv
166,41,5,medium,low,53.380425690266726,Java_medium_Java_low_results.csv
166,56,5,medium,low,45.96336848047555,Java_medium_Java_low_results.csv
166,65,5,medium,low,30.79975191966124,Java_medium_Java_low_results.csv
166,74,5,medium,low,34.44064122480034,Java_medium_Java_low_results.csv
166,60,5,medium,low,51.19661523324648,Java_medium_Java_low_results.csv
166,63,5,medium,low,54.01941169888597,Java_medium_Java_low_results.csv
166,78,5,medium,low,47.98570945054811,Java_medium_Java_low_results.csv
166,64,5,medium,low,62.37635443953697,Java_medium_Java_low_results.csv
166,94,5,medium,low,37.960499895523824,Java_medium_Java_low_results.csv
166,79,5,medium,low,49.201411156687065,Java_medium_Java_low_results.csv
166,77,5,medium,low,60.88467355492956,Java_medium_Java_low_results.csv
166,99,5,medium,low,48.35273133032593,Java_medium_Java_low_results.csv
166,104,5,medium,low,38.78132205616287,Java_medium_Java_low_results.csv
166,114,5,medium,low,32.429178551874095,Java_medium_Java_low_results.csv
166,124,5,medium,low,39.23544181818251,Java_medium_Java_low_results.csv
166,139,5,medium,low,37.70509389759854,Java_medium_Java_low_results.csv
166,140,5,medium,low,35.507152093047914,Java_medium_Java_low_results.csv
166,126,5,medium,low,53.43725526963346,Java_medium_Java_low_results.csv
166,132,5,medium,low,45.06921755644292,Java_medium_Java_low_results.csv
166,164,5,medium,low,40.674326306155045,Java_medium_Java_low_results.csv
166,128,5,medium,low,77.55475023051592,Java_medium_Java_low_results.csv
166,180,5,medium,low,39.091122243125135,Java_medium_Java_low_results.csv
166,170,5,medium,low,60.97426187238913,Java_medium_Java_low_results.csv
166,101,5,medium,low,107.05063888073316,Java_medium_Java_low_results.csv
166,200,5,medium,low,45.47286801660726,Java_medium_Java_low_results.csv
166,182,5,medium,low,48.451415384082985,Java_medium_Java_low_results.csv
166,176,5,medium,low,67.26619053356879,Java_medium_Java_low_results.csv
168,10,5,medium,low,32.83910387537843,Java_medium_Java_low_results.csv
166,179,5,medium,low,82.79504233054455,Java_medium_Java_low_results.csv
166,208,5,medium,low,45.69786984174091,Java_medium_Java_low_results.csv
168,27,5,medium,low,30.38077030623125,Java_medium_Java_low_results.csv
168,29,5,medium,low,37.73377104378696,Java_medium_Java_low_results.csv
168,31,5,medium,low,42.10723939514206,Java_medium_Java_low_results.csv
168,34,5,medium,low,48.30951921580447,Java_medium_Java_low_results.csv
168,21,5,medium,low,50.47967696862368,Java_medium_Java_low_results.csv
168,13,5,medium,low,85.25189827842271,Java_medium_Java_low_results.csv
168,35,5,medium,low,61.037928096177446,Java_medium_Java_low_results.csv
168,37,5,medium,low,48.811259023958975,Java_medium_Java_low_results.csv
168,43,5,medium,low,35.861128868349965,Java_medium_Java_low_results.csv
168,41,5,medium,low,48.95567283289896,Java_medium_Java_low_results.csv
168,44,5,medium,low,34.542303383369884,Java_medium_Java_low_results.csv
168,56,5,medium,low,40.357147264142576,Java_medium_Java_low_results.csv
168,65,5,medium,low,27.87095150406774,Java_medium_Java_low_results.csv
168,60,5,medium,low,45.80817772750324,Java_medium_Java_low_results.csv
168,74,5,medium,low,29.54545659164557,Java_medium_Java_low_results.csv
168,63,5,medium,low,50.08353736581125,Java_medium_Java_low_results.csv
168,78,5,medium,low,41.58588585729841,Java_medium_Java_low_results.csv
168,64,5,medium,low,55.05801662715111,Java_medium_Java_low_results.csv
168,94,5,medium,low,33.46012647366057,Java_medium_Java_low_results.csv
168,79,5,medium,low,43.31796791106864,Java_medium_Java_low_results.csv
168,77,5,medium,low,56.3565285248792,Java_medium_Java_low_results.csv
168,99,5,medium,low,43.102658577408775,Java_medium_Java_low_results.csv
168,114,5,medium,low,27.666695911338003,Java_medium_Java_low_results.csv
168,104,5,medium,low,34.89512552092381,Java_medium_Java_low_results.csv
168,124,5,medium,low,35.47886390323113,Java_medium_Java_low_results.csv
168,126,5,medium,low,47.501906294690585,Java_medium_Java_low_results.csv
168,139,5,medium,low,30.69821917739357,Java_medium_Java_low_results.csv
168,140,5,medium,low,30.731024188523858,Java_medium_Java_low_results.csv
168,132,5,medium,low,39.42098749064809,Java_medium_Java_low_results.csv
168,164,5,medium,low,35.92652692393133,Java_medium_Java_low_results.csv
168,128,5,medium,low,69.20109641686598,Java_medium_Java_low_results.csv
168,180,5,medium,low,33.575784065195975,Java_medium_Java_low_results.csv
168,101,5,medium,low,98.11541603446882,Java_medium_Java_low_results.csv
168,170,5,medium,low,54.64893616107792,Java_medium_Java_low_results.csv
168,182,5,medium,low,43.866131467116695,Java_medium_Java_low_results.csv
168,200,5,medium,low,41.68475914440003,Java_medium_Java_low_results.csv
168,176,5,medium,low,57.051934865132,Java_medium_Java_low_results.csv
169,10,5,medium,low,49.869088176628274,Java_medium_Java_low_results.csv
168,179,5,medium,low,76.32710851835888,Java_medium_Java_low_results.csv
168,208,5,medium,low,41.14617301326008,Java_medium_Java_low_results.csv
169,27,5,medium,low,44.53263386928533,Java_medium_Java_low_results.csv
169,29,5,medium,low,50.37803561675996,Java_medium_Java_low_results.csv
169,21,5,medium,low,65.56454914407965,Java_medium_Java_low_results.csv
169,31,5,medium,low,60.68671510938884,Java_medium_Java_low_results.csv
169,34,5,medium,low,58.95835052823439,Java_medium_Java_low_results.csv
169,13,5,medium,low,100.38044440865,Java_medium_Java_low_results.csv
169,35,5,medium,low,77.07046747991322,Java_medium_Java_low_results.csv
169,37,5,medium,low,66.01991840166347,Java_medium_Java_low_results.csv
169,43,5,medium,low,50.32129647468968,Java_medium_Java_low_results.csv
169,41,5,medium,low,65.64729910260239,Java_medium_Java_low_results.csv
169,44,5,medium,low,48.09358665674195,Java_medium_Java_low_results.csv
169,56,5,medium,low,53.28496698847943,Java_medium_Java_low_results.csv
169,65,5,medium,low,44.761610223940565,Java_medium_Java_low_results.csv
169,74,5,medium,low,46.69136308898236,Java_medium_Java_low_results.csv
169,60,5,medium,low,56.17574993351855,Java_medium_Java_low_results.csv
169,63,5,medium,low,59.00033711687861,Java_medium_Java_low_results.csv
169,94,5,medium,low,48.38827922419236,Java_medium_Java_low_results.csv
169,78,5,medium,low,54.73487543868209,Java_medium_Java_low_results.csv
169,64,5,medium,low,69.33548547651372,Java_medium_Java_low_results.csv
169,77,5,medium,low,67.19185724369922,Java_medium_Java_low_results.csv
169,79,5,medium,low,56.39371980850337,Java_medium_Java_low_results.csv
169,114,5,medium,low,45.06005634763208,Java_medium_Java_low_results.csv
169,99,5,medium,low,57.45322417565836,Java_medium_Java_low_results.csv
169,104,5,medium,low,51.996402551121314,Java_medium_Java_low_results.csv
169,124,5,medium,low,47.95684252222865,Java_medium_Java_low_results.csv
169,139,5,medium,low,48.31093849271317,Java_medium_Java_low_results.csv
169,126,5,medium,low,58.16777485639831,Java_medium_Java_low_results.csv
169,140,5,medium,low,44.97313577558541,Java_medium_Java_low_results.csv
169,132,5,medium,low,56.83361901619313,Java_medium_Java_low_results.csv
169,164,5,medium,low,50.892648239775056,Java_medium_Java_low_results.csv
169,128,5,medium,low,87.19441608883203,Java_medium_Java_low_results.csv
169,180,5,medium,low,47.0905814272619,Java_medium_Java_low_results.csv
169,170,5,medium,low,70.13730415531386,Java_medium_Java_low_results.csv
169,101,5,medium,low,112.97038053811052,Java_medium_Java_low_results.csv
169,176,5,medium,low,76.1774271784995,Java_medium_Java_low_results.csv
169,200,5,medium,low,53.26007812328984,Java_medium_Java_low_results.csv
169,182,5,medium,low,57.94304283114092,Java_medium_Java_low_results.csv
171,10,5,medium,low,36.35586349653569,Java_medium_Java_low_results.csv
169,179,5,medium,low,86.30253599109845,Java_medium_Java_low_results.csv
169,208,5,medium,low,53.546468626414494,Java_medium_Java_low_results.csv
171,27,5,medium,low,30.87960909159777,Java_medium_Java_low_results.csv
171,29,5,medium,low,35.460759945809485,Java_medium_Java_low_results.csv
171,21,5,medium,low,53.02531926218038,Java_medium_Java_low_results.csv
171,31,5,medium,low,44.89897583265349,Java_medium_Java_low_results.csv
171,13,5,medium,low,87.39976157795985,Java_medium_Java_low_results.csv
171,34,5,medium,low,43.33829020032286,Java_medium_Java_low_results.csv
171,35,5,medium,low,63.69088524186669,Java_medium_Java_low_results.csv
171,37,5,medium,low,52.33008973567059,Java_medium_Java_low_results.csv
171,43,5,medium,low,33.95941535559963,Java_medium_Java_low_results.csv
171,44,5,medium,low,32.726720505895486,Java_medium_Java_low_results.csv
171,56,5,medium,low,36.57149308032515,Java_medium_Java_low_results.csv
171,41,5,medium,low,51.72280702113782,Java_medium_Java_low_results.csv
171,60,5,medium,low,41.20229874548826,Java_medium_Java_low_results.csv
171,63,5,medium,low,49.11715043974862,Java_medium_Java_low_results.csv
171,65,5,medium,low,30.661340953886107,Java_medium_Java_low_results.csv
171,74,5,medium,low,31.078058796279045,Java_medium_Java_low_results.csv
171,64,5,medium,low,55.235155254962265,Java_medium_Java_low_results.csv
171,79,5,medium,low,41.47894391208243,Java_medium_Java_low_results.csv
171,78,5,medium,low,38.24583086894782,Java_medium_Java_low_results.csv
171,94,5,medium,low,35.993246673075895,Java_medium_Java_low_results.csv
171,77,5,medium,low,53.27580034097095,Java_medium_Java_low_results.csv
171,99,5,medium,low,43.79948462140237,Java_medium_Java_low_results.csv
171,114,5,medium,low,29.395668362257855,Java_medium_Java_low_results.csv
171,104,5,medium,low,39.27641310126353,Java_medium_Java_low_results.csv
171,124,5,medium,low,34.913793972798835,Java_medium_Java_low_results.csv
171,139,5,medium,low,32.30799045066606,Java_medium_Java_low_results.csv
171,126,5,medium,low,42.97141478147927,Java_medium_Java_low_results.csv
171,140,5,medium,low,29.60312255200499,Java_medium_Java_low_results.csv
171,132,5,medium,low,43.31678161072567,Java_medium_Java_low_results.csv
171,101,5,medium,low,100.90586162032628,Java_medium_Java_low_results.csv
171,164,5,medium,low,35.74002172156873,Java_medium_Java_low_results.csv
171,128,5,medium,low,75.97666791921117,Java_medium_Java_low_results.csv
171,180,5,medium,low,33.20234960244145,Java_medium_Java_low_results.csv
171,170,5,medium,low,55.30442501256536,Java_medium_Java_low_results.csv
171,182,5,medium,low,41.79691555325174,Java_medium_Java_low_results.csv
171,176,5,medium,low,62.09598877907551,Java_medium_Java_low_results.csv
171,179,5,medium,low,74.37771705955696,Java_medium_Java_low_results.csv
171,208,5,medium,low,41.41805303977796,Java_medium_Java_low_results.csv
171,200,5,medium,low,40.25772256568407,Java_medium_Java_low_results.csv
192,27,5,medium,low,30.54374646009264,Java_medium_Java_low_results.csv
192,10,5,medium,low,30.721190112959587,Java_medium_Java_low_results.csv
192,29,5,medium,low,37.9864371578696,Java_medium_Java_low_results.csv
192,34,5,medium,low,46.98485856535101,Java_medium_Java_low_results.csv
192,31,5,medium,low,41.97271499270373,Java_medium_Java_low_results.csv
192,35,5,medium,low,59.63351040780234,Java_medium_Java_low_results.csv
192,21,5,medium,low,49.6326158006349,Java_medium_Java_low_results.csv
192,13,5,medium,low,85.52184280642194,Java_medium_Java_low_results.csv
192,43,5,medium,low,36.80641607870842,Java_medium_Java_low_results.csv
192,37,5,medium,low,50.27606373319429,Java_medium_Java_low_results.csv
192,44,5,medium,low,35.056540751648086,Java_medium_Java_low_results.csv
192,56,5,medium,low,39.18947965078842,Java_medium_Java_low_results.csv
192,41,5,medium,low,48.41442728397158,Java_medium_Java_low_results.csv
192,60,5,medium,low,45.42908663832508,Java_medium_Java_low_results.csv
192,63,5,medium,low,49.542160751902806,Java_medium_Java_low_results.csv
192,65,5,medium,low,27.831537768973885,Java_medium_Java_low_results.csv
192,74,5,medium,low,29.448136888199272,Java_medium_Java_low_results.csv
192,64,5,medium,low,57.52792091021316,Java_medium_Java_low_results.csv
192,78,5,medium,low,41.3692516990461,Java_medium_Java_low_results.csv
192,94,5,medium,low,34.25848185539349,Java_medium_Java_low_results.csv
192,77,5,medium,low,57.47066728903213,Java_medium_Java_low_results.csv
192,79,5,medium,low,44.48843526648229,Java_medium_Java_low_results.csv
192,99,5,medium,low,42.496220174561,Java_medium_Java_low_results.csv
192,104,5,medium,low,36.242566407855065,Java_medium_Java_low_results.csv
192,114,5,medium,low,27.08443419543617,Java_medium_Java_low_results.csv
192,124,5,medium,low,36.86174900926699,Java_medium_Java_low_results.csv
192,126,5,medium,low,48.6302921671829,Java_medium_Java_low_results.csv
192,139,5,medium,low,30.243017798041,Java_medium_Java_low_results.csv
192,132,5,medium,low,41.017314553785866,Java_medium_Java_low_results.csv
192,140,5,medium,low,31.104274536401288,Java_medium_Java_low_results.csv
192,164,5,medium,low,37.237351390940695,Java_medium_Java_low_results.csv
192,128,5,medium,low,71.6079025781206,Java_medium_Java_low_results.csv
192,101,5,medium,low,97.7207696655896,Java_medium_Java_low_results.csv
192,170,5,medium,low,53.99606689367136,Java_medium_Java_low_results.csv
192,180,5,medium,low,35.38541571109498,Java_medium_Java_low_results.csv
192,182,5,medium,low,46.02075230187933,Java_medium_Java_low_results.csv
192,176,5,medium,low,56.910765267314815,Java_medium_Java_low_results.csv
192,200,5,medium,low,40.648204004814005,Java_medium_Java_low_results.csv
192,179,5,medium,low,77.34679717647359,Java_medium_Java_low_results.csv
192,208,5,medium,low,42.68988267517072,Java_medium_Java_low_results.csv
202,10,5,medium,low,34.28902082787798,Java_medium_Java_low_results.csv
202,27,5,medium,low,27.55310376577266,Java_medium_Java_low_results.csv
202,29,5,medium,low,33.122466819230105,Java_medium_Java_low_results.csv
202,31,5,medium,low,43.84485137970783,Java_medium_Java_low_results.csv
202,35,5,medium,low,62.72460135945358,Java_medium_Java_low_results.csv
202,34,5,medium,low,44.72112746242595,Java_medium_Java_low_results.csv
202,21,5,medium,low,50.90568218061885,Java_medium_Java_low_results.csv
202,43,5,medium,low,32.720923427001495,Java_medium_Java_low_results.csv
202,13,5,medium,low,86.57728921434192,Java_medium_Java_low_results.csv
202,37,5,medium,low,47.78175455538008,Java_medium_Java_low_results.csv
202,41,5,medium,low,49.2810614707372,Java_medium_Java_low_results.csv
202,44,5,medium,low,31.68941703293598,Java_medium_Java_low_results.csv
202,56,5,medium,low,36.97192083028931,Java_medium_Java_low_results.csv
202,60,5,medium,low,41.742007700561246,Java_medium_Java_low_results.csv
202,65,5,medium,low,27.121194230360192,Java_medium_Java_low_results.csv
202,63,5,medium,low,45.49228249474007,Java_medium_Java_low_results.csv
202,74,5,medium,low,29.246365405177706,Java_medium_Java_low_results.csv
202,78,5,medium,low,38.13662811124612,Java_medium_Java_low_results.csv
202,64,5,medium,low,53.04177423148855,Java_medium_Java_low_results.csv
202,79,5,medium,low,41.25106267261748,Java_medium_Java_low_results.csv
202,94,5,medium,low,32.28459523749337,Java_medium_Java_low_results.csv
202,77,5,medium,low,53.13767293835293,Java_medium_Java_low_results.csv
202,104,5,medium,low,35.899906479399334,Java_medium_Java_low_results.csv
202,114,5,medium,low,26.768171743106155,Java_medium_Java_low_results.csv
202,99,5,medium,low,42.75036818363921,Java_medium_Java_low_results.csv
202,124,5,medium,low,30.64696690696491,Java_medium_Java_low_results.csv
202,126,5,medium,low,44.86473191562879,Java_medium_Java_low_results.csv
202,139,5,medium,low,31.19261407632007,Java_medium_Java_low_results.csv
202,132,5,medium,low,40.48214237531158,Java_medium_Java_low_results.csv
202,140,5,medium,low,26.98304602041096,Java_medium_Java_low_results.csv
202,128,5,medium,low,74.18969107763803,Java_medium_Java_low_results.csv
202,164,5,medium,low,33.035254257508655,Java_medium_Java_low_results.csv
202,101,5,medium,low,101.18052700062265,Java_medium_Java_low_results.csv
202,180,5,medium,low,31.62401867686718,Java_medium_Java_low_results.csv
202,170,5,medium,low,53.76555818748667,Java_medium_Java_low_results.csv
202,182,5,medium,low,39.99232550804793,Java_medium_Java_low_results.csv
203,10,5,medium,low,17.666859829342688,Java_medium_Java_low_results.csv
202,176,5,medium,low,61.56372959984815,Java_medium_Java_low_results.csv
202,200,5,medium,low,36.95291245365356,Java_medium_Java_low_results.csv
202,208,5,medium,low,37.15280738016918,Java_medium_Java_low_results.csv
202,179,5,medium,low,72.4800134845344,Java_medium_Java_low_results.csv
203,21,5,medium,low,37.66579733516119,Java_medium_Java_low_results.csv
203,13,5,medium,low,77.13125167930676,Java_medium_Java_low_results.csv
203,27,5,medium,low,13.243682971733117,Java_medium_Java_low_results.csv
203,29,5,medium,low,21.66200770241634,Java_medium_Java_low_results.csv
203,31,5,medium,low,30.18996179845744,Java_medium_Java_low_results.csv
203,35,5,medium,low,50.84640740267948,Java_medium_Java_low_results.csv
203,34,5,medium,low,34.4759855711415,Java_medium_Java_low_results.csv
203,37,5,medium,low,35.85807488987385,Java_medium_Java_low_results.csv
203,43,5,medium,low,20.279972912126468,Java_medium_Java_low_results.csv
203,44,5,medium,low,19.08115399927714,Java_medium_Java_low_results.csv
203,56,5,medium,low,24.742862337973264,Java_medium_Java_low_results.csv
203,41,5,medium,low,36.76988842388113,Java_medium_Java_low_results.csv
203,60,5,medium,low,31.337888381816757,Java_medium_Java_low_results.csv
203,65,5,medium,low,10.47646218922211,Java_medium_Java_low_results.csv
203,63,5,medium,low,35.26829530390968,Java_medium_Java_low_results.csv
203,64,5,medium,low,43.138342056939074,Java_medium_Java_low_results.csv
203,78,5,medium,low,28.102881622986374,Java_medium_Java_low_results.csv
203,74,5,medium,low,13.979844718011549,Java_medium_Java_low_results.csv
203,79,5,medium,low,29.49673992579449,Java_medium_Java_low_results.csv
203,77,5,medium,low,42.60835327078734,Java_medium_Java_low_results.csv
203,94,5,medium,low,18.153806715255637,Java_medium_Java_low_results.csv
203,99,5,medium,low,29.868869134383647,Java_medium_Java_low_results.csv
203,104,5,medium,low,20.262270624672304,Java_medium_Java_low_results.csv
203,114,5,medium,low,11.849156413861836,Java_medium_Java_low_results.csv
203,124,5,medium,low,20.138022380252224,Java_medium_Java_low_results.csv
203,126,5,medium,low,33.32004209673616,Java_medium_Java_low_results.csv
203,101,5,medium,low,90.0775277571884,Java_medium_Java_low_results.csv
203,132,5,medium,low,26.87718845936781,Java_medium_Java_low_results.csv
203,128,5,medium,low,61.47336796709525,Java_medium_Java_low_results.csv
203,139,5,medium,low,17.17474997473146,Java_medium_Java_low_results.csv
203,140,5,medium,low,14.472124228025049,Java_medium_Java_low_results.csv
203,164,5,medium,low,20.45795902653224,Java_medium_Java_low_results.csv
203,170,5,medium,low,43.31632867646202,Java_medium_Java_low_results.csv
203,180,5,medium,low,18.00406765456724,Java_medium_Java_low_results.csv
203,176,5,medium,low,49.3742153840663,Java_medium_Java_low_results.csv
203,182,5,medium,low,29.713552908242196,Java_medium_Java_low_results.csv
203,179,5,medium,low,64.8023297948527,Java_medium_Java_low_results.csv
203,200,5,medium,low,25.089694811260003,Java_medium_Java_low_results.csv
203,208,5,medium,low,26.51531339315111,Java_medium_Java_low_results.csv
206,10,5,medium,low,48.93305258375839,Java_medium_Java_low_results.csv
206,27,5,medium,low,44.45775296289426,Java_medium_Java_low_results.csv
206,29,5,medium,low,47.20836630992526,Java_medium_Java_low_results.csv
206,34,5,medium,low,55.64569059582134,Java_medium_Java_low_results.csv
206,31,5,medium,low,57.872345502016266,Java_medium_Java_low_results.csv
206,35,5,medium,low,75.41229763686543,Java_medium_Java_low_results.csv
206,21,5,medium,low,62.7815994361702,Java_medium_Java_low_results.csv
206,37,5,medium,low,63.926178275801306,Java_medium_Java_low_results.csv
206,43,5,medium,low,46.47688788744456,Java_medium_Java_low_results.csv
206,56,5,medium,low,49.69715123098582,Java_medium_Java_low_results.csv
206,13,5,medium,low,98.57524366275447,Java_medium_Java_low_results.csv
206,41,5,medium,low,63.495574945161096,Java_medium_Java_low_results.csv
206,44,5,medium,low,45.01926647883328,Java_medium_Java_low_results.csv
206,60,5,medium,low,54.03545177220025,Java_medium_Java_low_results.csv
206,65,5,medium,low,43.79718865778378,Java_medium_Java_low_results.csv
206,74,5,medium,low,44.95975298345412,Java_medium_Java_low_results.csv
206,63,5,medium,low,58.311641649608845,Java_medium_Java_low_results.csv
206,78,5,medium,low,51.53359942212696,Java_medium_Java_low_results.csv
206,94,5,medium,low,48.48857009412909,Java_medium_Java_low_results.csv
206,79,5,medium,low,54.08992615362624,Java_medium_Java_low_results.csv
206,64,5,medium,low,63.04474534540063,Java_medium_Java_low_results.csv
206,77,5,medium,low,65.30650769217281,Java_medium_Java_low_results.csv
206,114,5,medium,low,42.70971207687779,Java_medium_Java_low_results.csv
206,99,5,medium,low,55.193134315912566,Java_medium_Java_low_results.csv
206,104,5,medium,low,50.36875261943696,Java_medium_Java_low_results.csv
206,124,5,medium,low,43.94462908497529,Java_medium_Java_low_results.csv
206,140,5,medium,low,42.027347226319385,Java_medium_Java_low_results.csv
206,139,5,medium,low,46.204243170282375,Java_medium_Java_low_results.csv
206,126,5,medium,low,55.89887896736229,Java_medium_Java_low_results.csv
206,132,5,medium,low,53.3561256512473,Java_medium_Java_low_results.csv
206,164,5,medium,low,46.59649412655934,Java_medium_Java_low_results.csv
206,128,5,medium,low,84.02375044159517,Java_medium_Java_low_results.csv
206,180,5,medium,low,46.87069068167583,Java_medium_Java_low_results.csv
206,170,5,medium,low,67.06683163498796,Java_medium_Java_low_results.csv
206,101,5,medium,low,108.0920727327146,Java_medium_Java_low_results.csv
206,182,5,medium,low,55.16512497867862,Java_medium_Java_low_results.csv
206,200,5,medium,low,52.47373518441355,Java_medium_Java_low_results.csv
207,10,5,medium,low,46.99380343761601,Java_medium_Java_low_results.csv
206,176,5,medium,low,72.73241573366928,Java_medium_Java_low_results.csv
206,208,5,medium,low,49.20913746335908,Java_medium_Java_low_results.csv
207,27,5,medium,low,42.5050334922728,Java_medium_Java_low_results.csv
206,179,5,medium,low,84.23185117289194,Java_medium_Java_low_results.csv
207,29,5,medium,low,43.73274066628073,Java_medium_Java_low_results.csv
207,21,5,medium,low,63.959507361314834,Java_medium_Java_low_results.csv
207,31,5,medium,low,57.77858886993606,Java_medium_Java_low_results.csv
207,13,5,medium,low,97.90487914568725,Java_medium_Java_low_results.csv
207,34,5,medium,low,54.24962188154655,Java_medium_Java_low_results.csv
207,43,5,medium,low,46.1445597891295,Java_medium_Java_low_results.csv
207,35,5,medium,low,74.31854360201817,Java_medium_Java_low_results.csv
207,37,5,medium,low,63.516870256166975,Java_medium_Java_low_results.csv
207,44,5,medium,low,43.40099447572575,Java_medium_Java_low_results.csv
207,41,5,medium,low,62.62460592045911,Java_medium_Java_low_results.csv
207,56,5,medium,low,47.97529084052986,Java_medium_Java_low_results.csv
207,65,5,medium,low,43.13981086002646,Java_medium_Java_low_results.csv
207,74,5,medium,low,43.67788120096213,Java_medium_Java_low_results.csv
207,60,5,medium,low,50.482391567934805,Java_medium_Java_low_results.csv
207,63,5,medium,low,58.199281902139234,Java_medium_Java_low_results.csv
207,78,5,medium,low,49.039201470273305,Java_medium_Java_low_results.csv
207,94,5,medium,low,48.05598822836282,Java_medium_Java_low_results.csv
207,77,5,medium,low,62.35208542105361,Java_medium_Java_low_results.csv
207,79,5,medium,low,51.644807873821215,Java_medium_Java_low_results.csv
207,64,5,medium,low,64.85389393318526,Java_medium_Java_low_results.csv
207,104,5,medium,low,51.292526169512655,Java_medium_Java_low_results.csv
207,99,5,medium,low,54.23765878319785,Java_medium_Java_low_results.csv
207,114,5,medium,low,42.005277886288106,Java_medium_Java_low_results.csv
207,124,5,medium,low,44.97577841895487,Java_medium_Java_low_results.csv
207,139,5,medium,low,44.770926282884574,Java_medium_Java_low_results.csv
207,126,5,medium,low,54.94504893878026,Java_medium_Java_low_results.csv
207,132,5,medium,low,55.31202336094594,Java_medium_Java_low_results.csv
207,140,5,medium,low,40.5542822593227,Java_medium_Java_low_results.csv
207,164,5,medium,low,47.57913641162753,Java_medium_Java_low_results.csv
207,128,5,medium,low,85.98801433883744,Java_medium_Java_low_results.csv
207,180,5,medium,low,43.47365783092282,Java_medium_Java_low_results.csv
207,101,5,medium,low,111.61500526539469,Java_medium_Java_low_results.csv
207,170,5,medium,low,65.1082122075375,Java_medium_Java_low_results.csv
207,182,5,medium,low,51.28354662784969,Java_medium_Java_low_results.csv
207,200,5,medium,low,49.32646643480212,Java_medium_Java_low_results.csv
210,10,5,medium,low,23.68840808954545,Java_medium_Java_low_results.csv
207,176,5,medium,low,72.63972897663056,Java_medium_Java_low_results.csv
210,27,5,medium,low,18.86483635590368,Java_medium_Java_low_results.csv
207,179,5,medium,low,80.27768806134532,Java_medium_Java_low_results.csv
207,208,5,medium,low,51.44850285397801,Java_medium_Java_low_results.csv
210,21,5,medium,low,40.83857351896578,Java_medium_Java_low_results.csv
210,29,5,medium,low,24.724622143217477,Java_medium_Java_low_results.csv
210,13,5,medium,low,78.15853183266469,Java_medium_Java_low_results.csv
210,31,5,medium,low,32.99269535510995,Java_medium_Java_low_results.csv
210,34,5,medium,low,34.38053303347933,Java_medium_Java_low_results.csv
210,35,5,medium,low,53.89839056543072,Java_medium_Java_low_results.csv
210,37,5,medium,low,40.40434243772428,Java_medium_Java_low_results.csv
210,43,5,medium,low,23.570476156430903,Java_medium_Java_low_results.csv
210,41,5,medium,low,40.25291917885797,Java_medium_Java_low_results.csv
210,44,5,medium,low,22.25507672869519,Java_medium_Java_low_results.csv
210,56,5,medium,low,26.597044157288853,Java_medium_Java_low_results.csv
210,60,5,medium,low,32.414973646090004,Java_medium_Java_low_results.csv
210,65,5,medium,low,17.097714747572958,Java_medium_Java_low_results.csv
210,74,5,medium,low,18.599196697380695,Java_medium_Java_low_results.csv
210,63,5,medium,low,39.14736936715863,Java_medium_Java_low_results.csv
210,64,5,medium,low,44.713747647380494,Java_medium_Java_low_results.csv
210,77,5,medium,low,44.982703900599255,Java_medium_Java_low_results.csv
210,78,5,medium,low,28.91877036229816,Java_medium_Java_low_results.csv
210,79,5,medium,low,30.9211087245539,Java_medium_Java_low_results.csv
210,94,5,medium,low,23.894863635922565,Java_medium_Java_low_results.csv
210,104,5,medium,low,26.03094604016893,Java_medium_Java_low_results.csv
210,99,5,medium,low,32.42865092969761,Java_medium_Java_low_results.csv
210,114,5,medium,low,16.302708707401287,Java_medium_Java_low_results.csv
210,124,5,medium,low,22.36780123705516,Java_medium_Java_low_results.csv
210,126,5,medium,low,34.7226442556384,Java_medium_Java_low_results.csv
210,140,5,medium,low,17.407583254374533,Java_medium_Java_low_results.csv
210,139,5,medium,low,21.23271973053475,Java_medium_Java_low_results.csv
210,132,5,medium,low,30.82625327976505,Java_medium_Java_low_results.csv
210,128,5,medium,low,64.2921336959688,Java_medium_Java_low_results.csv
210,164,5,medium,low,23.08650322340235,Java_medium_Java_low_results.csv
210,101,5,medium,low,89.95846230693337,Java_medium_Java_low_results.csv
210,180,5,medium,low,21.59021746817968,Java_medium_Java_low_results.csv
210,170,5,medium,low,44.89910450316326,Java_medium_Java_low_results.csv
210,182,5,medium,low,30.68150720744797,Java_medium_Java_low_results.csv
210,200,5,medium,low,29.107467565534144,Java_medium_Java_low_results.csv
210,176,5,medium,low,51.30027603455374,Java_medium_Java_low_results.csv
210,208,5,medium,low,29.21854199299342,Java_medium_Java_low_results.csv
210,179,5,medium,low,64.42902040661414,Java_medium_Java_low_results.csv
214,27,5,medium,low,57.72689271126285,Java_medium_Java_low_results.csv
214,10,5,medium,low,60.686577029652845,Java_medium_Java_low_results.csv
214,29,5,medium,low,64.66727036033788,Java_medium_Java_low_results.csv
214,34,5,medium,low,70.52776607471463,Java_medium_Java_low_results.csv
214,31,5,medium,low,64.46946573868671,Java_medium_Java_low_results.csv
214,35,5,medium,low,83.94991086683787,Java_medium_Java_low_results.csv
214,21,5,medium,low,68.57278909787767,Java_medium_Java_low_results.csv
214,43,5,medium,low,63.68883948715344,Java_medium_Java_low_results.csv
214,37,5,medium,low,73.75259106112318,Java_medium_Java_low_results.csv
214,44,5,medium,low,60.91201791436392,Java_medium_Java_low_results.csv
214,56,5,medium,low,64.51922892365869,Java_medium_Java_low_results.csv
214,41,5,medium,low,69.87934111028362,Java_medium_Java_low_results.csv
214,13,5,medium,low,105.57080146695893,Java_medium_Java_low_results.csv
214,65,5,medium,low,56.40559225991831,Java_medium_Java_low_results.csv
214,60,5,medium,low,70.54923644070772,Java_medium_Java_low_results.csv
214,74,5,medium,low,56.43980036347027,Java_medium_Java_low_results.csv
214,63,5,medium,low,74.30244764716674,Java_medium_Java_low_results.csv
214,94,5,medium,low,57.414511974148624,Java_medium_Java_low_results.csv
214,64,5,medium,low,79.65525075373426,Java_medium_Java_low_results.csv
214,78,5,medium,low,66.61057682117824,Java_medium_Java_low_results.csv
214,79,5,medium,low,69.0194642994864,Java_medium_Java_low_results.csv
214,77,5,medium,low,80.87000874958562,Java_medium_Java_low_results.csv
214,114,5,medium,low,54.47534742460133,Java_medium_Java_low_results.csv
214,99,5,medium,low,63.94534530857158,Java_medium_Java_low_results.csv
214,104,5,medium,low,63.06555417335836,Java_medium_Java_low_results.csv
214,124,5,medium,low,61.661197526611176,Java_medium_Java_low_results.csv
214,139,5,medium,low,57.12109411652701,Java_medium_Java_low_results.csv
214,140,5,medium,low,57.6882524492581,Java_medium_Java_low_results.csv
214,126,5,medium,low,72.79438811246924,Java_medium_Java_low_results.csv
214,132,5,medium,low,65.23083135212406,Java_medium_Java_low_results.csv
214,164,5,medium,low,63.56052669532163,Java_medium_Java_low_results.csv
214,180,5,medium,low,61.95400380934255,Java_medium_Java_low_results.csv
214,128,5,medium,low,93.51860738123412,Java_medium_Java_low_results.csv
214,170,5,medium,low,76.82972094941718,Java_medium_Java_low_results.csv
214,101,5,medium,low,111.78737899664156,Java_medium_Java_low_results.csv
215,10,5,medium,low,31.33865984265103,Java_medium_Java_low_results.csv
214,200,5,medium,low,68.17989186772118,Java_medium_Java_low_results.csv
214,182,5,medium,low,70.30921339984994,Java_medium_Java_low_results.csv
214,176,5,medium,low,76.6813845031671,Java_medium_Java_low_results.csv
215,27,5,medium,low,23.50461327644743,Java_medium_Java_low_results.csv
214,179,5,medium,low,101.13129160692618,Java_medium_Java_low_results.csv
215,13,5,medium,low,86.5801196396233,Java_medium_Java_low_results.csv
215,21,5,medium,low,47.0129264050996,Java_medium_Java_low_results.csv
214,208,5,medium,low,66.82527827326795,Java_medium_Java_low_results.csv
215,29,5,medium,low,28.33263118976012,Java_medium_Java_low_results.csv
215,31,5,medium,low,41.6822221429579,Java_medium_Java_low_results.csv
215,34,5,medium,low,42.35296209794936,Java_medium_Java_low_results.csv
215,35,5,medium,low,60.89892590890957,Java_medium_Java_low_results.csv
215,43,5,medium,low,29.88258177102411,Java_medium_Java_low_results.csv
215,37,5,medium,low,48.29614246734391,Java_medium_Java_low_results.csv
215,44,5,medium,low,27.78299705675912,Java_medium_Java_low_results.csv
215,56,5,medium,low,33.63379545865989,Java_medium_Java_low_results.csv
215,41,5,medium,low,48.73052060264499,Java_medium_Java_low_results.csv
215,60,5,medium,low,36.45880908896153,Java_medium_Java_low_results.csv
215,65,5,medium,low,24.14321809998056,Java_medium_Java_low_results.csv
215,74,5,medium,low,26.547755356121964,Java_medium_Java_low_results.csv
215,63,5,medium,low,43.57549515618524,Java_medium_Java_low_results.csv
215,78,5,medium,low,35.96244314064615,Java_medium_Java_low_results.csv
215,64,5,medium,low,49.25802925170833,Java_medium_Java_low_results.csv
215,79,5,medium,low,36.2582875328872,Java_medium_Java_low_results.csv
215,77,5,medium,low,49.50703663133482,Java_medium_Java_low_results.csv
215,94,5,medium,low,30.117211054602148,Java_medium_Java_low_results.csv
215,104,5,medium,low,32.236044436423214,Java_medium_Java_low_results.csv
215,114,5,medium,low,24.57801865833367,Java_medium_Java_low_results.csv
215,99,5,medium,low,39.66522866190548,Java_medium_Java_low_results.csv
215,124,5,medium,low,29.32267527907463,Java_medium_Java_low_results.csv
215,139,5,medium,low,29.112191665132222,Java_medium_Java_low_results.csv
215,126,5,medium,low,36.83795421732032,Java_medium_Java_low_results.csv
215,140,5,medium,low,23.13666089863493,Java_medium_Java_low_results.csv
215,132,5,medium,low,36.662640737917,Java_medium_Java_low_results.csv
215,164,5,medium,low,31.192799498666616,Java_medium_Java_low_results.csv
215,128,5,medium,low,71.70802907635941,Java_medium_Java_low_results.csv
215,180,5,medium,low,28.00967939020439,Java_medium_Java_low_results.csv
215,101,5,medium,low,98.36860845344054,Java_medium_Java_low_results.csv
215,170,5,medium,low,50.89045420483719,Java_medium_Java_low_results.csv
215,176,5,medium,low,57.35121916874638,Java_medium_Java_low_results.csv
215,200,5,medium,low,34.19321818076752,Java_medium_Java_low_results.csv
215,182,5,medium,low,37.38875499718112,Java_medium_Java_low_results.csv
215,179,5,medium,low,68.92609116105386,Java_medium_Java_low_results.csv
215,208,5,medium,low,35.426863467892446,Java_medium_Java_low_results.csv
12,48,5,none,high,22.08840003275893,Java_none_Java_high_results.csv
3,68,5,none,high,23.61638047302369,Java_none_Java_high_results.csv
3,80,5,none,high,16.818823723268714,Java_none_Java_high_results.csv
12,118,5,none,high,29.763909844412925,Java_none_Java_high_results.csv
12,82,5,none,high,35.647943603967285,Java_none_Java_high_results.csv
3,178,5,none,high,21.32228661759104,Java_none_Java_high_results.csv
5,178,5,none,high,21.425415465756853,Java_none_Java_high_results.csv
5,82,5,none,high,35.616840197796186,Java_none_Java_high_results.csv
3,82,5,none,high,30.960029065946703,Java_none_Java_high_results.csv
3,118,5,none,high,25.70106707819652,Java_none_Java_high_results.csv
5,118,5,none,high,26.189992797929907,Java_none_Java_high_results.csv
5,69,5,none,high,46.42505371602102,Java_none_Java_high_results.csv
3,69,5,none,high,48.195217556967584,Java_none_Java_high_results.csv
3,87,5,none,high,42.87016871279703,Java_none_Java_high_results.csv
3,48,5,none,high,17.091190910480343,Java_none_Java_high_results.csv
5,87,5,none,high,42.36094277743085,Java_none_Java_high_results.csv
12,86,5,none,high,51.24220912291677,Java_none_Java_high_results.csv
5,68,5,none,high,23.431273938474693,Java_none_Java_high_results.csv
5,86,5,none,high,45.969186381449326,Java_none_Java_high_results.csv
3,86,5,none,high,46.65850928985046,Java_none_Java_high_results.csv
12,68,5,none,high,28.89106996798387,Java_none_Java_high_results.csv
12,80,5,none,high,21.248471339375584,Java_none_Java_high_results.csv
5,80,5,none,high,20.556733820414383,Java_none_Java_high_results.csv
12,69,5,none,high,51.97628631266544,Java_none_Java_high_results.csv
12,87,5,none,high,47.26710886455135,Java_none_Java_high_results.csv
5,48,5,none,high,21.9362200086912,Java_none_Java_high_results.csv
28,80,5,none,high,22.221334397502627,Java_none_Java_high_results.csv
28,48,5,none,high,23.177711822269053,Java_none_Java_high_results.csv
28,68,5,none,high,25.063827289662697,Java_none_Java_high_results.csv
28,82,5,none,high,36.3887899371368,Java_none_Java_high_results.csv
12,178,5,none,high,26.33297542547342,Java_none_Java_high_results.csv
28,87,5,none,high,41.54846420170784,Java_none_Java_high_results.csv
28,86,5,none,high,45.85838321651469,Java_none_Java_high_results.csv
28,69,5,none,high,45.63143604969064,Java_none_Java_high_results.csv
28,118,5,none,high,26.49604801502882,Java_none_Java_high_results.csv
28,178,5,none,high,22.7988892288491,Java_none_Java_high_results.csv
30,80,5,none,high,19.6801773710466,Java_none_Java_high_results.csv
30,68,5,none,high,27.64049892441292,Java_none_Java_high_results.csv
30,48,5,none,high,19.908315235305054,Java_none_Java_high_results.csv
30,69,5,none,high,50.495921968941815,Java_none_Java_high_results.csv
30,82,5,none,high,33.29933380994926,Java_none_Java_high_results.csv
30,86,5,none,high,48.80796489487789,Java_none_Java_high_results.csv
36,48,5,none,high,17.207004786764088,Java_none_Java_high_results.csv
30,118,5,none,high,28.24069017990764,Java_none_Java_high_results.csv
30,87,5,none,high,45.46981027449088,Java_none_Java_high_results.csv
30,178,5,none,high,23.928268643781724,Java_none_Java_high_results.csv
36,68,5,none,high,23.128853629668065,Java_none_Java_high_results.csv
36,80,5,none,high,16.572489700889143,Java_none_Java_high_results.csv
36,82,5,none,high,32.9374005445821,Java_none_Java_high_results.csv
36,69,5,none,high,46.0620045779346,Java_none_Java_high_results.csv
36,118,5,none,high,23.766265525863144,Java_none_Java_high_results.csv
36,178,5,none,high,18.78339038629634,Java_none_Java_high_results.csv
36,87,5,none,high,40.77145302226353,Java_none_Java_high_results.csv
36,86,5,none,high,45.43966446607908,Java_none_Java_high_results.csv
93,68,5,none,high,22.313572577831557,Java_none_Java_high_results.csv
93,48,5,none,high,16.1766473217031,Java_none_Java_high_results.csv
93,80,5,none,high,15.439737475050112,Java_none_Java_high_results.csv
93,69,5,none,high,46.85390580460508,Java_none_Java_high_results.csv
93,82,5,none,high,31.642896380784528,Java_none_Java_high_results.csv
93,118,5,none,high,23.204455498576653,Java_none_Java_high_results.csv
93,87,5,none,high,41.836429851394,Java_none_Java_high_results.csv
93,86,5,none,high,45.67966797196321,Java_none_Java_high_results.csv
93,178,5,none,high,19.05619758699981,Java_none_Java_high_results.csv
96,48,5,none,high,41.61795773830252,Java_none_Java_high_results.csv
96,68,5,none,high,46.273364127707126,Java_none_Java_high_results.csv
96,80,5,none,high,39.74659177620365,Java_none_Java_high_results.csv
96,82,5,none,high,49.70971928040249,Java_none_Java_high_results.csv
96,118,5,none,high,46.85965579899545,Java_none_Java_high_results.csv
96,69,5,none,high,67.67049028494333,Java_none_Java_high_results.csv
96,87,5,none,high,63.75536892174404,Java_none_Java_high_results.csv
96,178,5,none,high,44.86654516828269,Java_none_Java_high_results.csv
96,86,5,none,high,66.04803883267145,Java_none_Java_high_results.csv
110,48,5,none,high,19.65507945672362,Java_none_Java_high_results.csv
110,68,5,none,high,21.959464330963403,Java_none_Java_high_results.csv
110,80,5,none,high,18.486329118769778,Java_none_Java_high_results.csv
110,69,5,none,high,45.30216839933641,Java_none_Java_high_results.csv
110,82,5,none,high,33.18590169566424,Java_none_Java_high_results.csv
110,87,5,none,high,38.79752706602808,Java_none_Java_high_results.csv
110,118,5,none,high,24.048967260327306,Java_none_Java_high_results.csv
110,86,5,none,high,42.61843437490555,Java_none_Java_high_results.csv
110,178,5,none,high,19.27824978885141,Java_none_Java_high_results.csv
154,48,5,none,high,39.21721224450237,Java_none_Java_high_results.csv
154,80,5,none,high,38.29270289436772,Java_none_Java_high_results.csv
154,68,5,none,high,43.41773526230499,Java_none_Java_high_results.csv
154,118,5,none,high,47.58701709691756,Java_none_Java_high_results.csv
154,82,5,none,high,49.47069357291999,Java_none_Java_high_results.csv
163,48,5,none,high,22.157294538831117,Java_none_Java_high_results.csv
154,69,5,none,high,65.39713080890883,Java_none_Java_high_results.csv
163,68,5,none,high,27.736593475757697,Java_none_Java_high_results.csv
154,87,5,none,high,60.13580109486024,Java_none_Java_high_results.csv
154,86,5,none,high,64.89064003767149,Java_none_Java_high_results.csv
154,178,5,none,high,42.1698202721137,Java_none_Java_high_results.csv
163,80,5,none,high,21.35487388581444,Java_none_Java_high_results.csv
163,82,5,none,high,36.29494178534947,Java_none_Java_high_results.csv
163,69,5,none,high,51.98029439352849,Java_none_Java_high_results.csv
163,118,5,none,high,29.17551678019999,Java_none_Java_high_results.csv
163,178,5,none,high,24.90228736403629,Java_none_Java_high_results.csv
181,48,5,none,high,22.807546016056413,Java_none_Java_high_results.csv
163,87,5,none,high,46.96312507678032,Java_none_Java_high_results.csv
163,86,5,none,high,50.34418578330807,Java_none_Java_high_results.csv
181,68,5,none,high,25.49025569870896,Java_none_Java_high_results.csv
181,80,5,none,high,21.147534449673643,Java_none_Java_high_results.csv
181,82,5,none,high,36.048545481,Java_none_Java_high_results.csv
181,69,5,none,high,48.97220439321456,Java_none_Java_high_results.csv
181,118,5,none,high,27.2287546056773,Java_none_Java_high_results.csv
181,178,5,none,high,22.150908120886527,Java_none_Java_high_results.csv
181,87,5,none,high,42.482393932503335,Java_none_Java_high_results.csv
181,86,5,none,high,46.34112628239168,Java_none_Java_high_results.csv
189,48,5,none,high,27.608604774050207,Java_none_Java_high_results.csv
189,68,5,none,high,33.397032308954266,Java_none_Java_high_results.csv
189,80,5,none,high,26.2030231976559,Java_none_Java_high_results.csv
189,82,5,none,high,37.86073216122112,Java_none_Java_high_results.csv
189,118,5,none,high,34.198182549788946,Java_none_Java_high_results.csv
189,178,5,none,high,30.8610032968696,Java_none_Java_high_results.csv
189,69,5,none,high,56.57036025238681,Java_none_Java_high_results.csv
189,87,5,none,high,51.03752987801749,Java_none_Java_high_results.csv
189,86,5,none,high,54.62515386805642,Java_none_Java_high_results.csv
196,48,5,none,high,64.97434070928395,Java_none_Java_high_results.csv
196,80,5,none,high,62.02427909820747,Java_none_Java_high_results.csv
196,68,5,none,high,69.77498605132227,Java_none_Java_high_results.csv
196,118,5,none,high,70.088075602716,Java_none_Java_high_results.csv
201,48,5,none,high,17.8296180470594,Java_none_Java_high_results.csv
201,68,5,none,high,21.942776526875686,Java_none_Java_high_results.csv
196,82,5,none,high,72.675588804588,Java_none_Java_high_results.csv
201,80,5,none,high,15.635001630920364,Java_none_Java_high_results.csv
201,69,5,none,high,44.71946875589541,Java_none_Java_high_results.csv
201,82,5,none,high,31.189723270371832,Java_none_Java_high_results.csv
196,87,5,none,high,87.52242418800435,Java_none_Java_high_results.csv
196,86,5,none,high,85.082714365517,Java_none_Java_high_results.csv
196,69,5,none,high,86.51010011169883,Java_none_Java_high_results.csv
196,178,5,none,high,67.26852373156638,Java_none_Java_high_results.csv
201,86,5,none,high,41.78556544037678,Java_none_Java_high_results.csv
201,87,5,none,high,39.54615544041397,Java_none_Java_high_results.csv
201,118,5,none,high,22.422960260086185,Java_none_Java_high_results.csv
204,48,5,none,high,13.231489264578991,Java_none_Java_high_results.csv
204,68,5,none,high,18.762673625303453,Java_none_Java_high_results.csv
201,178,5,none,high,19.195172820318504,Java_none_Java_high_results.csv
204,80,5,none,high,9.662945662109111,Java_none_Java_high_results.csv
204,82,5,none,high,28.65917491007052,Java_none_Java_high_results.csv
204,69,5,none,high,43.938592970302224,Java_none_Java_high_results.csv
204,86,5,none,high,42.55798136972901,Java_none_Java_high_results.csv
204,87,5,none,high,39.9297722563547,Java_none_Java_high_results.csv
204,118,5,none,high,18.960669672128613,Java_none_Java_high_results.csv
204,178,5,none,high,15.054462785958522,Java_none_Java_high_results.csv
211,80,5,none,high,29.670051679662524,Java_none_Java_high_results.csv
211,48,5,none,high,30.97261231906989,Java_none_Java_high_results.csv
211,68,5,none,high,32.68603119773487,Java_none_Java_high_results.csv
211,69,5,none,high,48.54142345550392,Java_none_Java_high_results.csv
211,82,5,none,high,42.72368879762929,Java_none_Java_high_results.csv
211,118,5,none,high,33.22148571458669,Java_none_Java_high_results.csv
211,87,5,none,high,48.281916123241416,Java_none_Java_high_results.csv
211,86,5,none,high,50.07239762122365,Java_none_Java_high_results.csv
211,178,5,none,high,29.648871599887016,Java_none_Java_high_results.csv
3,21,5,none,low,42.47493242766389,Java_none_Java_low_results.csv
3,35,5,none,low,55.14997005895272,Java_none_Java_low_results.csv
3,101,5,none,low,91.9433761200216,Java_none_Java_low_results.csv
3,60,5,none,low,33.016445693710686,Java_none_Java_low_results.csv
3,65,5,none,low,17.84321877044244,Java_none_Java_low_results.csv
3,132,5,none,low,31.37875509601245,Java_none_Java_low_results.csv
3,63,5,none,low,37.62408208354684,Java_none_Java_low_results.csv
3,99,5,none,low,33.51681145030948,Java_none_Java_low_results.csv
3,64,5,none,low,44.411970211374936,Java_none_Java_low_results.csv
3,31,5,none,low,35.26284993145513,Java_none_Java_low_results.csv
3,126,5,none,low,35.7330670579201,Java_none_Java_low_results.csv
3,139,5,none,low,21.67933546371416,Java_none_Java_low_results.csv
3,37,5,none,low,41.18765552668714,Java_none_Java_low_results.csv
3,41,5,none,low,41.03326450462981,Java_none_Java_low_results.csv
3,29,5,none,low,23.5840243939345,Java_none_Java_low_results.csv
3,43,5,none,low,24.076810260271277,Java_none_Java_low_results.csv
3,104,5,none,low,26.661251689240284,Java_none_Java_low_results.csv
3,74,5,none,low,19.736711721259383,Java_none_Java_low_results.csv
3,78,5,none,low,28.106278781237783,Java_none_Java_low_results.csv
3,44,5,none,low,22.0539333007494,Java_none_Java_low_results.csv
3,56,5,none,low,27.11950395198973,Java_none_Java_low_results.csv
3,124,5,none,low,21.871391209674567,Java_none_Java_low_results.csv
3,128,5,none,low,66.63806506967876,Java_none_Java_low_results.csv
3,13,5,none,low,80.26918022417651,Java_none_Java_low_results.csv
3,94,5,none,low,24.8562173324124,Java_none_Java_low_results.csv
3,79,5,none,low,31.66399621017616,Java_none_Java_low_results.csv
3,77,5,none,low,45.04740579828214,Java_none_Java_low_results.csv
3,114,5,none,low,17.273512921602105,Java_none_Java_low_results.csv
3,27,5,none,low,18.49319210523588,Java_none_Java_low_results.csv
3,10,5,none,low,24.88553668710235,Java_none_Java_low_results.csv
3,34,5,none,low,35.01559043181475,Java_none_Java_low_results.csv
3,140,5,none,low,16.113924441376106,Java_none_Java_low_results.csv
3,180,5,none,low,21.37584353409722,Java_none_Java_low_results.csv
3,164,5,none,low,24.115635252719148,Java_none_Java_low_results.csv
3,200,5,none,low,28.76307527259201,Java_none_Java_low_results.csv
3,182,5,none,low,31.05866741377874,Java_none_Java_low_results.csv
3,170,5,none,low,45.8167043424844,Java_none_Java_low_results.csv
3,176,5,none,low,52.82389784112096,Java_none_Java_low_results.csv
3,179,5,none,low,65.15690239078167,Java_none_Java_low_results.csv
5,10,5,none,low,26.574831661478,Java_none_Java_low_results.csv
3,208,5,none,low,28.76634982649123,Java_none_Java_low_results.csv
5,27,5,none,low,22.56099993094409,Java_none_Java_low_results.csv
5,29,5,none,low,29.335334330786907,Java_none_Java_low_results.csv
5,31,5,none,low,33.3905637085329,Java_none_Java_low_results.csv
5,34,5,none,low,42.328392067865614,Java_none_Java_low_results.csv
5,21,5,none,low,42.26781667022789,Java_none_Java_low_results.csv
5,13,5,none,low,77.7487419284787,Java_none_Java_low_results.csv
5,37,5,none,low,39.42301245778693,Java_none_Java_low_results.csv
5,35,5,none,low,52.46935690325612,Java_none_Java_low_results.csv
5,43,5,none,low,28.64638737833763,Java_none_Java_low_results.csv
5,41,5,none,low,39.08737061856612,Java_none_Java_low_results.csv
5,44,5,none,low,27.7808809114849,Java_none_Java_low_results.csv
5,56,5,none,low,32.66761202795342,Java_none_Java_low_results.csv
5,60,5,none,low,38.22088059509765,Java_none_Java_low_results.csv
5,65,5,none,low,19.85785179146593,Java_none_Java_low_results.csv
5,74,5,none,low,20.960519473730933,Java_none_Java_low_results.csv
5,63,5,none,low,42.423625073248544,Java_none_Java_low_results.csv
5,64,5,none,low,49.2182819256358,Java_none_Java_low_results.csv
5,78,5,none,low,35.06463574542814,Java_none_Java_low_results.csv
5,94,5,none,low,25.72732640166184,Java_none_Java_low_results.csv
5,77,5,none,low,49.635969143008005,Java_none_Java_low_results.csv
5,79,5,none,low,36.17010812339513,Java_none_Java_low_results.csv
5,99,5,none,low,35.05209239504351,Java_none_Java_low_results.csv
5,104,5,none,low,27.96300300405189,Java_none_Java_low_results.csv
5,114,5,none,low,18.684291815667937,Java_none_Java_low_results.csv
5,124,5,none,low,26.754969509816423,Java_none_Java_low_results.csv
5,139,5,none,low,23.560279138709348,Java_none_Java_low_results.csv
5,126,5,none,low,41.11635136993968,Java_none_Java_low_results.csv
5,140,5,none,low,22.89899758901284,Java_none_Java_low_results.csv
5,132,5,none,low,33.31411255318628,Java_none_Java_low_results.csv
5,164,5,none,low,28.91602686828736,Java_none_Java_low_results.csv
5,101,5,none,low,94.24069258413049,Java_none_Java_low_results.csv
5,128,5,none,low,64.38708633457333,Java_none_Java_low_results.csv
5,180,5,none,low,27.76953287047393,Java_none_Java_low_results.csv
5,170,5,none,low,45.84428032517664,Java_none_Java_low_results.csv
12,10,5,none,low,28.98980626992202,Java_none_Java_low_results.csv
5,182,5,none,low,36.58205752293317,Java_none_Java_low_results.csv
5,176,5,none,low,51.925449893344464,Java_none_Java_low_results.csv
5,200,5,none,low,33.570072348645006,Java_none_Java_low_results.csv
5,179,5,none,low,70.77756409702683,Java_none_Java_low_results.csv
5,208,5,none,low,34.410399307391145,Java_none_Java_low_results.csv
12,27,5,none,low,22.831354731540976,Java_none_Java_low_results.csv
12,29,5,none,low,27.69769849755323,Java_none_Java_low_results.csv
12,21,5,none,low,46.91394863170598,Java_none_Java_low_results.csv
12,31,5,none,low,39.45326670077396,Java_none_Java_low_results.csv
12,13,5,none,low,84.77768974440387,Java_none_Java_low_results.csv
12,34,5,none,low,38.60303499392104,Java_none_Java_low_results.csv
12,35,5,none,low,59.76279023071827,Java_none_Java_low_results.csv
12,37,5,none,low,44.2441780292306,Java_none_Java_low_results.csv
12,43,5,none,low,26.463002210865387,Java_none_Java_low_results.csv
12,44,5,none,low,26.55470164940421,Java_none_Java_low_results.csv
12,41,5,none,low,46.19324510743713,Java_none_Java_low_results.csv
12,56,5,none,low,30.65946586052151,Java_none_Java_low_results.csv
12,60,5,none,low,35.802104591121946,Java_none_Java_low_results.csv
12,65,5,none,low,22.62991951896847,Java_none_Java_low_results.csv
12,63,5,none,low,40.73391857428208,Java_none_Java_low_results.csv
12,74,5,none,low,24.312047678934476,Java_none_Java_low_results.csv
12,64,5,none,low,47.86895971260255,Java_none_Java_low_results.csv
12,94,5,none,low,28.45089158753872,Java_none_Java_low_results.csv
12,78,5,none,low,33.03840879870051,Java_none_Java_low_results.csv
12,79,5,none,low,35.72069611884847,Java_none_Java_low_results.csv
12,77,5,none,low,48.37444742348482,Java_none_Java_low_results.csv
12,99,5,none,low,38.560131119767846,Java_none_Java_low_results.csv
12,114,5,none,low,21.633480306615954,Java_none_Java_low_results.csv
12,104,5,none,low,30.99252408287065,Java_none_Java_low_results.csv
12,124,5,none,low,25.897858694055543,Java_none_Java_low_results.csv
12,126,5,none,low,38.23892466507412,Java_none_Java_low_results.csv
12,139,5,none,low,26.594326195154053,Java_none_Java_low_results.csv
12,132,5,none,low,35.723073004796404,Java_none_Java_low_results.csv
12,140,5,none,low,21.511743159963824,Java_none_Java_low_results.csv
12,101,5,none,low,95.51818834476704,Java_none_Java_low_results.csv
12,128,5,none,low,68.7353143313464,Java_none_Java_low_results.csv
12,164,5,none,low,28.3603554733464,Java_none_Java_low_results.csv
12,170,5,none,low,49.04161055169266,Java_none_Java_low_results.csv
12,180,5,none,low,25.147936479488976,Java_none_Java_low_results.csv
28,10,5,none,low,25.76370395418755,Java_none_Java_low_results.csv
12,176,5,none,low,56.36761585084585,Java_none_Java_low_results.csv
12,182,5,none,low,35.494216528309224,Java_none_Java_low_results.csv
12,200,5,none,low,32.48881211434791,Java_none_Java_low_results.csv
12,179,5,none,low,66.75871273571097,Java_none_Java_low_results.csv
12,208,5,none,low,32.64857994071509,Java_none_Java_low_results.csv
28,27,5,none,low,24.54118574061805,Java_none_Java_low_results.csv
28,21,5,none,low,44.40988839961266,Java_none_Java_low_results.csv
28,29,5,none,low,31.69910103078808,Java_none_Java_low_results.csv
28,13,5,none,low,78.24328034094046,Java_none_Java_low_results.csv
28,31,5,none,low,34.56420058241646,Java_none_Java_low_results.csv
28,35,5,none,low,51.56715145286467,Java_none_Java_low_results.csv
28,34,5,none,low,42.23729572552888,Java_none_Java_low_results.csv
28,37,5,none,low,40.094107740476105,Java_none_Java_low_results.csv
28,44,5,none,low,29.367672172732544,Java_none_Java_low_results.csv
28,43,5,none,low,30.347883084884288,Java_none_Java_low_results.csv
28,41,5,none,low,39.96909304805753,Java_none_Java_low_results.csv
28,56,5,none,low,34.18671749229106,Java_none_Java_low_results.csv
28,63,5,none,low,43.8543887552412,Java_none_Java_low_results.csv
28,65,5,none,low,21.779502969544005,Java_none_Java_low_results.csv
28,60,5,none,low,40.591025465758285,Java_none_Java_low_results.csv
28,74,5,none,low,22.56544782426256,Java_none_Java_low_results.csv
28,64,5,none,low,50.08977676655915,Java_none_Java_low_results.csv
28,78,5,none,low,34.95409015753483,Java_none_Java_low_results.csv
28,77,5,none,low,51.41873557232692,Java_none_Java_low_results.csv
28,94,5,none,low,26.14371335182544,Java_none_Java_low_results.csv
28,79,5,none,low,38.30820238139832,Java_none_Java_low_results.csv
28,114,5,none,low,20.41305149924661,Java_none_Java_low_results.csv
28,104,5,none,low,30.21874531916373,Java_none_Java_low_results.csv
28,99,5,none,low,37.50194145781944,Java_none_Java_low_results.csv
28,124,5,none,low,29.945637040002865,Java_none_Java_low_results.csv
28,126,5,none,low,42.60474363142432,Java_none_Java_low_results.csv
28,139,5,none,low,23.824069571292632,Java_none_Java_low_results.csv
28,140,5,none,low,25.045081642335276,Java_none_Java_low_results.csv
28,132,5,none,low,34.74625715431359,Java_none_Java_low_results.csv
28,101,5,none,low,94.5760887374972,Java_none_Java_low_results.csv
28,128,5,none,low,63.56680982364812,Java_none_Java_low_results.csv
28,164,5,none,low,30.351579620125847,Java_none_Java_low_results.csv
28,170,5,none,low,46.18269995326364,Java_none_Java_low_results.csv
28,176,5,none,low,53.05426671283525,Java_none_Java_low_results.csv
28,180,5,none,low,28.09859374667569,Java_none_Java_low_results.csv
30,10,5,none,low,27.81804927345089,Java_none_Java_low_results.csv
28,208,5,none,low,35.69177417389905,Java_none_Java_low_results.csv
28,182,5,none,low,38.88310056289227,Java_none_Java_low_results.csv
28,200,5,none,low,35.42878408372657,Java_none_Java_low_results.csv
28,179,5,none,low,71.00635486844735,Java_none_Java_low_results.csv
30,27,5,none,low,21.16873093466349,Java_none_Java_low_results.csv
30,29,5,none,low,27.65353884736401,Java_none_Java_low_results.csv
30,34,5,none,low,38.85522201166096,Java_none_Java_low_results.csv
30,31,5,none,low,37.70913945939299,Java_none_Java_low_results.csv
30,21,5,none,low,44.8922104762724,Java_none_Java_low_results.csv
30,35,5,none,low,58.15892383521751,Java_none_Java_low_results.csv
30,13,5,none,low,81.9801337800192,Java_none_Java_low_results.csv
30,37,5,none,low,43.80691281908825,Java_none_Java_low_results.csv
30,43,5,none,low,27.49030648273831,Java_none_Java_low_results.csv
30,56,5,none,low,31.239599220621216,Java_none_Java_low_results.csv
30,41,5,none,low,43.49173973165964,Java_none_Java_low_results.csv
30,44,5,none,low,24.603217727889877,Java_none_Java_low_results.csv
30,60,5,none,low,34.282929000815855,Java_none_Java_low_results.csv
30,65,5,none,low,20.95280094350617,Java_none_Java_low_results.csv
30,63,5,none,low,41.18423354136,Java_none_Java_low_results.csv
30,74,5,none,low,22.888161093466607,Java_none_Java_low_results.csv
30,64,5,none,low,47.24084931669268,Java_none_Java_low_results.csv
30,94,5,none,low,26.260551104975512,Java_none_Java_low_results.csv
30,78,5,none,low,32.07395168696827,Java_none_Java_low_results.csv
30,79,5,none,low,33.72985844931389,Java_none_Java_low_results.csv
30,77,5,none,low,46.27833418171496,Java_none_Java_low_results.csv
30,99,5,none,low,36.65721931309605,Java_none_Java_low_results.csv
30,104,5,none,low,29.59888237116259,Java_none_Java_low_results.csv
30,114,5,none,low,21.210772038767427,Java_none_Java_low_results.csv
30,124,5,none,low,25.821162348774106,Java_none_Java_low_results.csv
30,126,5,none,low,36.44139876723031,Java_none_Java_low_results.csv
30,139,5,none,low,24.83027617052129,Java_none_Java_low_results.csv
30,140,5,none,low,21.317653031820416,Java_none_Java_low_results.csv
30,132,5,none,low,35.22264665601469,Java_none_Java_low_results.csv
30,164,5,none,low,27.29833283446422,Java_none_Java_low_results.csv
30,128,5,none,low,68.8789134249515,Java_none_Java_low_results.csv
30,101,5,none,low,95.94956621758584,Java_none_Java_low_results.csv
30,180,5,none,low,25.421247982862013,Java_none_Java_low_results.csv
30,170,5,none,low,49.35310050795355,Java_none_Java_low_results.csv
36,10,5,none,low,22.05723094175605,Java_none_Java_low_results.csv
30,200,5,none,low,31.93830648898996,Java_none_Java_low_results.csv
30,176,5,none,low,56.12543184551949,Java_none_Java_low_results.csv
30,182,5,none,low,34.48718179657689,Java_none_Java_low_results.csv
30,208,5,none,low,32.59931748096048,Java_none_Java_low_results.csv
30,179,5,none,low,68.25781256484261,Java_none_Java_low_results.csv
36,21,5,none,low,41.44240838645995,Java_none_Java_low_results.csv
36,27,5,none,low,18.43234641654533,Java_none_Java_low_results.csv
36,29,5,none,low,25.96833446518616,Java_none_Java_low_results.csv
36,13,5,none,low,78.44192811025357,Java_none_Java_low_results.csv
36,34,5,none,low,38.53346821489066,Java_none_Java_low_results.csv
36,31,5,none,low,33.11006181148055,Java_none_Java_low_results.csv
36,35,5,none,low,52.888404862808464,Java_none_Java_low_results.csv
36,37,5,none,low,37.84572008953434,Java_none_Java_low_results.csv
36,43,5,none,low,24.700458860798783,Java_none_Java_low_results.csv
36,41,5,none,low,38.868396715642106,Java_none_Java_low_results.csv
36,44,5,none,low,23.497384340002405,Java_none_Java_low_results.csv
36,56,5,none,low,29.7540811109554,Java_none_Java_low_results.csv
36,65,5,none,low,15.573547031027838,Java_none_Java_low_results.csv
36,60,5,none,low,35.29246511464603,Java_none_Java_low_results.csv
36,63,5,none,low,39.12328654560079,Java_none_Java_low_results.csv
36,74,5,none,low,18.15734460424764,Java_none_Java_low_results.csv
36,64,5,none,low,46.41424984607914,Java_none_Java_low_results.csv
36,78,5,none,low,31.521726158675868,Java_none_Java_low_results.csv
36,79,5,none,low,34.21869209264136,Java_none_Java_low_results.csv
36,77,5,none,low,46.49191277171602,Java_none_Java_low_results.csv
36,94,5,none,low,22.64737950833228,Java_none_Java_low_results.csv
36,99,5,none,low,34.10752417366886,Java_none_Java_low_results.csv
36,114,5,none,low,15.824810220957096,Java_none_Java_low_results.csv
36,104,5,none,low,24.514127072238928,Java_none_Java_low_results.csv
36,124,5,none,low,23.910527513017435,Java_none_Java_low_results.csv
36,126,5,none,low,36.82786288482088,Java_none_Java_low_results.csv
36,140,5,none,low,18.988339619695747,Java_none_Java_low_results.csv
36,132,5,none,low,30.384623163167483,Java_none_Java_low_results.csv
36,139,5,none,low,21.669539615279767,Java_none_Java_low_results.csv
36,128,5,none,low,64.50860037094655,Java_none_Java_low_results.csv
36,164,5,none,low,24.40557745597895,Java_none_Java_low_results.csv
36,101,5,none,low,92.2638789825598,Java_none_Java_low_results.csv
36,170,5,none,low,45.34987345370679,Java_none_Java_low_results.csv
36,180,5,none,low,23.45830777646901,Java_none_Java_low_results.csv
36,200,5,none,low,29.786861941390807,Java_none_Java_low_results.csv
36,182,5,none,low,33.33423961883007,Java_none_Java_low_results.csv
36,176,5,none,low,51.549491743527696,Java_none_Java_low_results.csv
36,208,5,none,low,30.52603427163773,Java_none_Java_low_results.csv
36,179,5,none,low,67.258592187249,Java_none_Java_low_results.csv
93,10,5,none,low,22.583588879876498,Java_none_Java_low_results.csv
93,27,5,none,low,16.58129286740418,Java_none_Java_low_results.csv
93,29,5,none,low,24.315687271119845,Java_none_Java_low_results.csv
93,31,5,none,low,33.836446815457286,Java_none_Java_low_results.csv
93,34,5,none,low,37.07890179642418,Java_none_Java_low_results.csv
93,21,5,none,low,41.3727000546833,Java_none_Java_low_results.csv
93,13,5,none,low,79.76911779593192,Java_none_Java_low_results.csv
93,35,5,none,low,54.10544543752339,Java_none_Java_low_results.csv
93,37,5,none,low,39.302538440317214,Java_none_Java_low_results.csv
93,43,5,none,low,23.828511890337342,Java_none_Java_low_results.csv
93,56,5,none,low,27.96066267191173,Java_none_Java_low_results.csv
93,44,5,none,low,22.283536996530177,Java_none_Java_low_results.csv
93,41,5,none,low,39.857029993342366,Java_none_Java_low_results.csv
93,60,5,none,low,34.106950377729355,Java_none_Java_low_results.csv
93,63,5,none,low,37.74249046903043,Java_none_Java_low_results.csv
93,64,5,none,low,45.11300812907817,Java_none_Java_low_results.csv
93,65,5,none,low,15.536129933108263,Java_none_Java_low_results.csv
93,74,5,none,low,18.56216879083293,Java_none_Java_low_results.csv
93,78,5,none,low,30.006879493230937,Java_none_Java_low_results.csv
93,94,5,none,low,22.18900997534939,Java_none_Java_low_results.csv
93,79,5,none,low,32.43781169373642,Java_none_Java_low_results.csv
93,77,5,none,low,45.07282350462068,Java_none_Java_low_results.csv
93,104,5,none,low,23.890002416205995,Java_none_Java_low_results.csv
93,99,5,none,low,33.982745851125216,Java_none_Java_low_results.csv
93,114,5,none,low,16.268987473647286,Java_none_Java_low_results.csv
93,124,5,none,low,22.041962787917203,Java_none_Java_low_results.csv
93,126,5,none,low,35.942893170082954,Java_none_Java_low_results.csv
93,132,5,none,low,30.44979512700341,Java_none_Java_low_results.csv
93,139,5,none,low,20.918867793121496,Java_none_Java_low_results.csv
93,128,5,none,low,65.24325558267154,Java_none_Java_low_results.csv
93,140,5,none,low,17.499589775814886,Java_none_Java_low_results.csv
93,101,5,none,low,93.02550296351724,Java_none_Java_low_results.csv
93,164,5,none,low,23.536307249818368,Java_none_Java_low_results.csv
93,170,5,none,low,45.208764029918896,Java_none_Java_low_results.csv
93,180,5,none,low,21.653688889905556,Java_none_Java_low_results.csv
93,176,5,none,low,53.12071287991118,Java_none_Java_low_results.csv
93,200,5,none,low,27.84272165346912,Java_none_Java_low_results.csv
93,182,5,none,low,32.0604826361289,Java_none_Java_low_results.csv
93,208,5,none,low,28.92769331682109,Java_none_Java_low_results.csv
96,10,5,none,low,46.64751982656602,Java_none_Java_low_results.csv
93,179,5,none,low,65.99147924860742,Java_none_Java_low_results.csv
96,27,5,none,low,41.99283791312234,Java_none_Java_low_results.csv
96,29,5,none,low,44.09529685314946,Java_none_Java_low_results.csv
96,34,5,none,low,55.52566280158465,Java_none_Java_low_results.csv
96,21,5,none,low,64.77672072099044,Java_none_Java_low_results.csv
96,31,5,none,low,57.12081356127436,Java_none_Java_low_results.csv
96,37,5,none,low,62.89017145067373,Java_none_Java_low_results.csv
96,35,5,none,low,73.70701658550281,Java_none_Java_low_results.csv
96,13,5,none,low,97.87658402259038,Java_none_Java_low_results.csv
96,43,5,none,low,43.672955298159934,Java_none_Java_low_results.csv
96,41,5,none,low,62.97556368354452,Java_none_Java_low_results.csv
96,56,5,none,low,45.62208842724427,Java_none_Java_low_results.csv
96,44,5,none,low,42.87694946057506,Java_none_Java_low_results.csv
96,65,5,none,low,41.43635066080868,Java_none_Java_low_results.csv
96,60,5,none,low,52.51974181809489,Java_none_Java_low_results.csv
96,74,5,none,low,42.1885321492063,Java_none_Java_low_results.csv
96,63,5,none,low,57.6757008867075,Java_none_Java_low_results.csv
96,64,5,none,low,64.42493888105386,Java_none_Java_low_results.csv
96,94,5,none,low,47.27643045564984,Java_none_Java_low_results.csv
96,78,5,none,low,49.15025334739063,Java_none_Java_low_results.csv
96,79,5,none,low,50.94440446934687,Java_none_Java_low_results.csv
96,77,5,none,low,61.62857696287225,Java_none_Java_low_results.csv
96,114,5,none,low,40.08702787629776,Java_none_Java_low_results.csv
96,104,5,none,low,50.21841778472479,Java_none_Java_low_results.csv
96,99,5,none,low,55.30593687052181,Java_none_Java_low_results.csv
96,124,5,none,low,45.33786147348528,Java_none_Java_low_results.csv
96,139,5,none,low,43.5495398221447,Java_none_Java_low_results.csv
96,126,5,none,low,56.00826696854634,Java_none_Java_low_results.csv
96,140,5,none,low,39.90190557800746,Java_none_Java_low_results.csv
96,132,5,none,low,53.94039115914151,Java_none_Java_low_results.csv
96,164,5,none,low,46.2871286886149,Java_none_Java_low_results.csv
96,128,5,none,low,83.60477002551406,Java_none_Java_low_results.csv
96,180,5,none,low,42.0821027828355,Java_none_Java_low_results.csv
96,101,5,none,low,110.7468385447207,Java_none_Java_low_results.csv
96,170,5,none,low,64.53659907469712,Java_none_Java_low_results.csv
96,182,5,none,low,52.74853728242295,Java_none_Java_low_results.csv
96,200,5,none,low,49.76078441588786,Java_none_Java_low_results.csv
96,176,5,none,low,72.26891586635027,Java_none_Java_low_results.csv
96,179,5,none,low,81.90301346658958,Java_none_Java_low_results.csv
96,208,5,none,low,50.167236785791495,Java_none_Java_low_results.csv
110,10,5,none,low,23.15919630654264,Java_none_Java_low_results.csv
110,27,5,none,low,20.781452874492388,Java_none_Java_low_results.csv
110,21,5,none,low,40.171968869032064,Java_none_Java_low_results.csv
110,29,5,none,low,28.720327679286296,Java_none_Java_low_results.csv
110,34,5,none,low,39.13349004781364,Java_none_Java_low_results.csv
110,31,5,none,low,29.79160927385946,Java_none_Java_low_results.csv
110,13,5,none,low,76.69892838259369,Java_none_Java_low_results.csv
110,35,5,none,low,51.24669941033379,Java_none_Java_low_results.csv
110,37,5,none,low,38.43336243052968,Java_none_Java_low_results.csv
110,43,5,none,low,27.08874249365193,Java_none_Java_low_results.csv
110,44,5,none,low,24.941726986225436,Java_none_Java_low_results.csv
110,41,5,none,low,36.14563634888746,Java_none_Java_low_results.csv
110,56,5,none,low,30.16773603930031,Java_none_Java_low_results.csv
110,60,5,none,low,37.06984902569484,Java_none_Java_low_results.csv
110,65,5,none,low,18.160573981305685,Java_none_Java_low_results.csv
110,74,5,none,low,18.363198043571963,Java_none_Java_low_results.csv
110,63,5,none,low,40.35135896833104,Java_none_Java_low_results.csv
110,64,5,none,low,47.10492952612498,Java_none_Java_low_results.csv
110,78,5,none,low,31.548943767456183,Java_none_Java_low_results.csv
110,79,5,none,low,34.94708898659986,Java_none_Java_low_results.csv
110,77,5,none,low,48.12592364979529,Java_none_Java_low_results.csv
110,94,5,none,low,23.995552490397635,Java_none_Java_low_results.csv
110,99,5,none,low,32.34811379315628,Java_none_Java_low_results.csv
110,114,5,none,low,17.08097175927375,Java_none_Java_low_results.csv
110,104,5,none,low,27.12346852656856,Java_none_Java_low_results.csv
110,124,5,none,low,26.23734854961292,Java_none_Java_low_results.csv
110,140,5,none,low,20.71556763316036,Java_none_Java_low_results.csv
110,126,5,none,low,39.074034119619895,Java_none_Java_low_results.csv
110,139,5,none,low,21.056207480006204,Java_none_Java_low_results.csv
110,132,5,none,low,31.83521210246124,Java_none_Java_low_results.csv
110,164,5,none,low,26.66234832563927,Java_none_Java_low_results.csv
110,101,5,none,low,90.5754091861666,Java_none_Java_low_results.csv
110,128,5,none,low,61.7498917499948,Java_none_Java_low_results.csv
110,170,5,none,low,43.46008708404369,Java_none_Java_low_results.csv
110,180,5,none,low,25.14952017233755,Java_none_Java_low_results.csv
110,182,5,none,low,35.55392869577484,Java_none_Java_low_results.csv
110,200,5,none,low,32.14595327918115,Java_none_Java_low_results.csv
110,176,5,none,low,49.415693209693536,Java_none_Java_low_results.csv
110,179,5,none,low,68.91610604864945,Java_none_Java_low_results.csv
110,208,5,none,low,32.79051743164264,Java_none_Java_low_results.csv
154,27,5,none,low,39.03720314008633,Java_none_Java_low_results.csv
154,10,5,none,low,45.96879692177595,Java_none_Java_low_results.csv
154,29,5,none,low,43.425491615979695,Java_none_Java_low_results.csv
154,34,5,none,low,53.62806440820617,Java_none_Java_low_results.csv
154,35,5,none,low,74.3743042292164,Java_none_Java_low_results.csv
154,31,5,none,low,54.34606281930782,Java_none_Java_low_results.csv
154,21,5,none,low,62.23166753956984,Java_none_Java_low_results.csv
154,43,5,none,low,44.77178791564562,Java_none_Java_low_results.csv
154,37,5,none,low,60.87360701331723,Java_none_Java_low_results.csv
154,44,5,none,low,42.046581599550905,Java_none_Java_low_results.csv
154,13,5,none,low,96.67812758270138,Java_none_Java_low_results.csv
154,56,5,none,low,46.83746822309718,Java_none_Java_low_results.csv
154,41,5,none,low,58.84201539545387,Java_none_Java_low_results.csv
154,60,5,none,low,49.2486398297047,Java_none_Java_low_results.csv
154,65,5,none,low,40.27868465332862,Java_none_Java_low_results.csv
154,63,5,none,low,55.40903729811109,Java_none_Java_low_results.csv
154,74,5,none,low,41.11812454250685,Java_none_Java_low_results.csv
154,78,5,none,low,47.69474887992668,Java_none_Java_low_results.csv
154,64,5,none,low,63.10612455137456,Java_none_Java_low_results.csv
154,94,5,none,low,45.81907884950896,Java_none_Java_low_results.csv
154,77,5,none,low,62.66513312693802,Java_none_Java_low_results.csv
154,79,5,none,low,48.644192705107066,Java_none_Java_low_results.csv
154,104,5,none,low,47.67588876952534,Java_none_Java_low_results.csv
154,99,5,none,low,52.49453603372868,Java_none_Java_low_results.csv
154,114,5,none,low,39.79695061708595,Java_none_Java_low_results.csv
154,124,5,none,low,41.40078761299765,Java_none_Java_low_results.csv
154,139,5,none,low,42.928727205932695,Java_none_Java_low_results.csv
154,140,5,none,low,37.26601066898424,Java_none_Java_low_results.csv
154,126,5,none,low,52.46106867448568,Java_none_Java_low_results.csv
154,132,5,none,low,51.40046586994615,Java_none_Java_low_results.csv
154,164,5,none,low,45.40026303350143,Java_none_Java_low_results.csv
154,170,5,none,low,63.61139603499382,Java_none_Java_low_results.csv
154,128,5,none,low,83.98641766420975,Java_none_Java_low_results.csv
154,180,5,none,low,42.08998021189583,Java_none_Java_low_results.csv
154,101,5,none,low,108.2208991810862,Java_none_Java_low_results.csv
163,10,5,none,low,28.38206893480524,Java_none_Java_low_results.csv
154,182,5,none,low,50.72961675319368,Java_none_Java_low_results.csv
154,200,5,none,low,46.93716839498608,Java_none_Java_low_results.csv
154,176,5,none,low,70.408866052013,Java_none_Java_low_results.csv
163,27,5,none,low,22.71102299394515,Java_none_Java_low_results.csv
163,29,5,none,low,29.095520366838212,Java_none_Java_low_results.csv
154,179,5,none,low,81.23792855092994,Java_none_Java_low_results.csv
154,208,5,none,low,48.53679117159721,Java_none_Java_low_results.csv
163,13,5,none,low,84.3226958872214,Java_none_Java_low_results.csv
163,21,5,none,low,47.49089823741444,Java_none_Java_low_results.csv
163,31,5,none,low,39.21686986552717,Java_none_Java_low_results.csv
163,34,5,none,low,41.52653366369989,Java_none_Java_low_results.csv
163,43,5,none,low,29.1051202917042,Java_none_Java_low_results.csv
163,35,5,none,low,58.82418375639045,Java_none_Java_low_results.csv
163,37,5,none,low,44.87699041272945,Java_none_Java_low_results.csv
163,44,5,none,low,26.598376749585075,Java_none_Java_low_results.csv
163,56,5,none,low,32.73442952221991,Java_none_Java_low_results.csv
163,41,5,none,low,45.047933744646514,Java_none_Java_low_results.csv
163,60,5,none,low,37.95763660555266,Java_none_Java_low_results.csv
163,63,5,none,low,42.003566362384426,Java_none_Java_low_results.csv
163,74,5,none,low,24.10648181509187,Java_none_Java_low_results.csv
163,65,5,none,low,22.19053809791272,Java_none_Java_low_results.csv
163,78,5,none,low,33.62801955958745,Java_none_Java_low_results.csv
163,64,5,none,low,50.45468192321955,Java_none_Java_low_results.csv
163,94,5,none,low,28.340091804814232,Java_none_Java_low_results.csv
163,79,5,none,low,36.31845135120807,Java_none_Java_low_results.csv
163,77,5,none,low,49.81572298404296,Java_none_Java_low_results.csv
163,99,5,none,low,39.11600857842616,Java_none_Java_low_results.csv
163,104,5,none,low,30.24149178568272,Java_none_Java_low_results.csv
163,114,5,none,low,21.85674650812358,Java_none_Java_low_results.csv
163,124,5,none,low,27.91260513382896,Java_none_Java_low_results.csv
163,126,5,none,low,40.70043479752104,Java_none_Java_low_results.csv
163,132,5,none,low,36.62946609490397,Java_none_Java_low_results.csv
163,139,5,none,low,26.253401312462987,Java_none_Java_low_results.csv
163,140,5,none,low,22.67257979134376,Java_none_Java_low_results.csv
163,128,5,none,low,69.65038499915833,Java_none_Java_low_results.csv
163,164,5,none,low,29.185469905654934,Java_none_Java_low_results.csv
163,101,5,none,low,96.58528302728088,Java_none_Java_low_results.csv
163,170,5,none,low,50.06287533483134,Java_none_Java_low_results.csv
163,180,5,none,low,27.24803986365132,Java_none_Java_low_results.csv
181,10,5,none,low,26.3618460993093,Java_none_Java_low_results.csv
163,182,5,none,low,37.14905590862216,Java_none_Java_low_results.csv
163,176,5,none,low,56.86876149569596,Java_none_Java_low_results.csv
163,200,5,none,low,32.63350145724477,Java_none_Java_low_results.csv
163,208,5,none,low,33.41353904423948,Java_none_Java_low_results.csv
163,179,5,none,low,70.23741065360808,Java_none_Java_low_results.csv
181,27,5,none,low,22.914194522768423,Java_none_Java_low_results.csv
181,21,5,none,low,44.37578530488323,Java_none_Java_low_results.csv
181,29,5,none,low,30.23178896161649,Java_none_Java_low_results.csv
181,34,5,none,low,42.39767220529768,Java_none_Java_low_results.csv
181,31,5,none,low,33.537752203696215,Java_none_Java_low_results.csv
181,13,5,none,low,77.91999643287113,Java_none_Java_low_results.csv
181,35,5,none,low,53.78388630510951,Java_none_Java_low_results.csv
181,37,5,none,low,40.36335925133966,Java_none_Java_low_results.csv
181,43,5,none,low,29.377255318320262,Java_none_Java_low_results.csv
181,44,5,none,low,28.076760587813016,Java_none_Java_low_results.csv
181,56,5,none,low,33.388106032587544,Java_none_Java_low_results.csv
181,41,5,none,low,39.01706628149938,Java_none_Java_low_results.csv
181,60,5,none,low,38.786331096754,Java_none_Java_low_results.csv
181,63,5,none,low,43.21520710702811,Java_none_Java_low_results.csv
181,65,5,none,low,20.828621207503083,Java_none_Java_low_results.csv
181,74,5,none,low,21.31440487787899,Java_none_Java_low_results.csv
181,64,5,none,low,49.57278973730183,Java_none_Java_low_results.csv
181,94,5,none,low,25.43160352525732,Java_none_Java_low_results.csv
181,78,5,none,low,34.56574813544804,Java_none_Java_low_results.csv
181,77,5,none,low,49.46999063612103,Java_none_Java_low_results.csv
181,79,5,none,low,37.54205489840677,Java_none_Java_low_results.csv
181,99,5,none,low,35.7840575013832,Java_none_Java_low_results.csv
181,114,5,none,low,20.09294115864804,Java_none_Java_low_results.csv
181,104,5,none,low,30.387734425992186,Java_none_Java_low_results.csv
181,124,5,none,low,28.78672813674568,Java_none_Java_low_results.csv
181,126,5,none,low,41.75891744274293,Java_none_Java_low_results.csv
181,139,5,none,low,24.259282175035175,Java_none_Java_low_results.csv
181,140,5,none,low,23.530383824435617,Java_none_Java_low_results.csv
181,132,5,none,low,34.909055008195665,Java_none_Java_low_results.csv
181,164,5,none,low,29.289364850715533,Java_none_Java_low_results.csv
181,128,5,none,low,65.29451716257542,Java_none_Java_low_results.csv
181,101,5,none,low,94.90321486674208,Java_none_Java_low_results.csv
181,170,5,none,low,46.514560849860125,Java_none_Java_low_results.csv
181,180,5,none,low,27.42644289735193,Java_none_Java_low_results.csv
189,10,5,none,low,33.86386904579929,Java_none_Java_low_results.csv
181,182,5,none,low,37.73324917287167,Java_none_Java_low_results.csv
181,200,5,none,low,33.950328596161896,Java_none_Java_low_results.csv
181,176,5,none,low,52.856736585240014,Java_none_Java_low_results.csv
181,208,5,none,low,35.179449404934445,Java_none_Java_low_results.csv
181,179,5,none,low,71.41275000829067,Java_none_Java_low_results.csv
189,27,5,none,low,27.58255933733173,Java_none_Java_low_results.csv
189,29,5,none,low,31.760432853694805,Java_none_Java_low_results.csv
189,21,5,none,low,50.90597822526883,Java_none_Java_low_results.csv
189,31,5,none,low,42.82671702100732,Java_none_Java_low_results.csv
189,34,5,none,low,42.26307710141775,Java_none_Java_low_results.csv
189,35,5,none,low,63.14128013381808,Java_none_Java_low_results.csv
189,13,5,none,low,87.73676219522747,Java_none_Java_low_results.csv
189,37,5,none,low,49.79267961740476,Java_none_Java_low_results.csv
189,44,5,none,low,29.22419999564489,Java_none_Java_low_results.csv
189,43,5,none,low,31.17766718323421,Java_none_Java_low_results.csv
189,41,5,none,low,50.760041272841725,Java_none_Java_low_results.csv
189,56,5,none,low,33.15707949156889,Java_none_Java_low_results.csv
189,65,5,none,low,27.67263432750345,Java_none_Java_low_results.csv
189,60,5,none,low,38.388182385025296,Java_none_Java_low_results.csv
189,74,5,none,low,28.18836414385084,Java_none_Java_low_results.csv
189,63,5,none,low,45.88943687601012,Java_none_Java_low_results.csv
189,64,5,none,low,52.40965261941425,Java_none_Java_low_results.csv
189,94,5,none,low,33.52901906357451,Java_none_Java_low_results.csv
189,77,5,none,low,52.42395759545544,Java_none_Java_low_results.csv
189,78,5,none,low,37.35967662430396,Java_none_Java_low_results.csv
189,79,5,none,low,38.44803490580134,Java_none_Java_low_results.csv
189,114,5,none,low,26.24697357430366,Java_none_Java_low_results.csv
189,99,5,none,low,41.493738130088616,Java_none_Java_low_results.csv
189,104,5,none,low,36.65034417198054,Java_none_Java_low_results.csv
189,124,5,none,low,31.1519419522594,Java_none_Java_low_results.csv
189,126,5,none,low,41.329405384453565,Java_none_Java_low_results.csv
189,139,5,none,low,30.87192053935088,Java_none_Java_low_results.csv
189,140,5,none,low,25.556903925812595,Java_none_Java_low_results.csv
189,132,5,none,low,40.812722087939214,Java_none_Java_low_results.csv
189,164,5,none,low,32.88886866757066,Java_none_Java_low_results.csv
189,128,5,none,low,74.79639308488744,Java_none_Java_low_results.csv
189,101,5,none,low,100.00702013598688,Java_none_Java_low_results.csv
189,170,5,none,low,52.08368610276907,Java_none_Java_low_results.csv
189,180,5,none,low,29.15803202192616,Java_none_Java_low_results.csv
189,182,5,none,low,38.046554255288974,Java_none_Java_low_results.csv
189,200,5,none,low,34.859983613019864,Java_none_Java_low_results.csv
189,176,5,none,low,59.90843404280539,Java_none_Java_low_results.csv
189,179,5,none,low,70.02974433907404,Java_none_Java_low_results.csv
189,208,5,none,low,38.018225124371625,Java_none_Java_low_results.csv
196,10,5,none,low,69.89717702650427,Java_none_Java_low_results.csv
196,27,5,none,low,63.36277869255479,Java_none_Java_low_results.csv
196,29,5,none,low,68.59351998731638,Java_none_Java_low_results.csv
196,34,5,none,low,75.17759846272048,Java_none_Java_low_results.csv
196,31,5,none,low,78.83255682935676,Java_none_Java_low_results.csv
196,21,5,none,low,82.09041821056984,Java_none_Java_low_results.csv
196,35,5,none,low,95.65080362179314,Java_none_Java_low_results.csv
196,37,5,none,low,86.1982124915896,Java_none_Java_low_results.csv
196,43,5,none,low,67.98490960829619,Java_none_Java_low_results.csv
196,44,5,none,low,65.90760026795442,Java_none_Java_low_results.csv
196,56,5,none,low,68.05930753113347,Java_none_Java_low_results.csv
196,13,5,none,low,117.03135759225351,Java_none_Java_low_results.csv
196,41,5,none,low,85.30578545745767,Java_none_Java_low_results.csv
196,65,5,none,low,64.436973346782,Java_none_Java_low_results.csv
196,60,5,none,low,72.80474679324898,Java_none_Java_low_results.csv
196,74,5,none,low,65.53221065461975,Java_none_Java_low_results.csv
196,63,5,none,low,78.24022618327587,Java_none_Java_low_results.csv
196,64,5,none,low,81.66587401636568,Java_none_Java_low_results.csv
196,94,5,none,low,68.7068306091517,Java_none_Java_low_results.csv
196,78,5,none,low,72.91472847259745,Java_none_Java_low_results.csv
196,79,5,none,low,73.91523956081714,Java_none_Java_low_results.csv
196,77,5,none,low,85.32690107763214,Java_none_Java_low_results.csv
196,114,5,none,low,64.38193640165898,Java_none_Java_low_results.csv
196,99,5,none,low,74.52055585185533,Java_none_Java_low_results.csv
196,104,5,none,low,71.61959166717976,Java_none_Java_low_results.csv
196,124,5,none,low,66.44290142419914,Java_none_Java_low_results.csv
196,139,5,none,low,67.2017570181602,Java_none_Java_low_results.csv
196,126,5,none,low,74.64542381419172,Java_none_Java_low_results.csv
196,140,5,none,low,62.84513650755653,Java_none_Java_low_results.csv
196,164,5,none,low,68.18382034712063,Java_none_Java_low_results.csv
196,132,5,none,low,73.44910168605838,Java_none_Java_low_results.csv
196,180,5,none,low,65.8691862442868,Java_none_Java_low_results.csv
196,128,5,none,low,102.64562911316816,Java_none_Java_low_results.csv
196,170,5,none,low,87.31338630549318,Java_none_Java_low_results.csv
201,10,5,none,low,22.25375012360017,Java_none_Java_low_results.csv
196,101,5,none,low,122.17966381396823,Java_none_Java_low_results.csv
196,200,5,none,low,72.8519637493951,Java_none_Java_low_results.csv
196,182,5,none,low,74.31417534684705,Java_none_Java_low_results.csv
201,13,5,none,low,76.82139576293578,Java_none_Java_low_results.csv
201,21,5,none,low,39.60914763690612,Java_none_Java_low_results.csv
196,176,5,none,low,89.77978203807828,Java_none_Java_low_results.csv
201,27,5,none,low,19.20394289569866,Java_none_Java_low_results.csv
201,29,5,none,low,25.864008899502444,Java_none_Java_low_results.csv
201,31,5,none,low,30.92338599175048,Java_none_Java_low_results.csv
196,208,5,none,low,72.67299669331297,Java_none_Java_low_results.csv
201,34,5,none,low,35.73329897070119,Java_none_Java_low_results.csv
201,35,5,none,low,50.56713589585437,Java_none_Java_low_results.csv
201,37,5,none,low,38.52757342355678,Java_none_Java_low_results.csv
201,43,5,none,low,23.228419157656184,Java_none_Java_low_results.csv
196,179,5,none,low,102.9025459853288,Java_none_Java_low_results.csv
201,41,5,none,low,38.094525453193775,Java_none_Java_low_results.csv
201,44,5,none,low,22.40802837098649,Java_none_Java_low_results.csv
201,56,5,none,low,26.92752884342967,Java_none_Java_low_results.csv
201,60,5,none,low,33.92678360718028,Java_none_Java_low_results.csv
201,63,5,none,low,38.09410031104238,Java_none_Java_low_results.csv
201,65,5,none,low,16.39323462174522,Java_none_Java_low_results.csv
201,74,5,none,low,17.83602777500135,Java_none_Java_low_results.csv
201,64,5,none,low,43.8878378503438,Java_none_Java_low_results.csv
201,78,5,none,low,29.057784388384697,Java_none_Java_low_results.csv
201,77,5,none,low,45.20223050182587,Java_none_Java_low_results.csv
201,79,5,none,low,31.186434728254184,Java_none_Java_low_results.csv
201,94,5,none,low,22.626753084419004,Java_none_Java_low_results.csv
201,104,5,none,low,25.606295130611127,Java_none_Java_low_results.csv
201,99,5,none,low,31.44559881003805,Java_none_Java_low_results.csv
201,114,5,none,low,15.843425723538124,Java_none_Java_low_results.csv
201,126,5,none,low,35.73582071761985,Java_none_Java_low_results.csv
201,124,5,none,low,23.51067390338724,Java_none_Java_low_results.csv
201,132,5,none,low,29.608762184638227,Java_none_Java_low_results.csv
201,139,5,none,low,18.974394065342533,Java_none_Java_low_results.csv
201,140,5,none,low,17.752367135601002,Java_none_Java_low_results.csv
201,101,5,none,low,88.88792961141839,Java_none_Java_low_results.csv
201,128,5,none,low,61.84705371451263,Java_none_Java_low_results.csv
201,164,5,none,low,23.32521799254217,Java_none_Java_low_results.csv
201,170,5,none,low,42.052220491803645,Java_none_Java_low_results.csv
201,180,5,none,low,21.405227459204497,Java_none_Java_low_results.csv
201,176,5,none,low,47.86204139551972,Java_none_Java_low_results.csv
204,10,5,none,low,18.405582172121317,Java_none_Java_low_results.csv
201,182,5,none,low,33.20443355329504,Java_none_Java_low_results.csv
201,200,5,none,low,29.72440702278165,Java_none_Java_low_results.csv
201,208,5,none,low,29.57217611263998,Java_none_Java_low_results.csv
201,179,5,none,low,64.54356779274511,Java_none_Java_low_results.csv
204,13,5,none,low,77.87577198164338,Java_none_Java_low_results.csv
204,27,5,none,low,11.16984283732258,Java_none_Java_low_results.csv
204,21,5,none,low,38.32904416073752,Java_none_Java_low_results.csv
204,29,5,none,low,20.126522561576905,Java_none_Java_low_results.csv
204,31,5,none,low,30.23767807352338,Java_none_Java_low_results.csv
204,34,5,none,low,33.6563697223514,Java_none_Java_low_results.csv
204,37,5,none,low,37.12224726519544,Java_none_Java_low_results.csv
204,35,5,none,low,51.27513857591404,Java_none_Java_low_results.csv
204,41,5,none,low,37.01861816051574,Java_none_Java_low_results.csv
204,43,5,none,low,19.27810729002401,Java_none_Java_low_results.csv
204,44,5,none,low,17.771813574897518,Java_none_Java_low_results.csv
204,56,5,none,low,23.64448861036058,Java_none_Java_low_results.csv
204,60,5,none,low,29.88767757335369,Java_none_Java_low_results.csv
204,65,5,none,low,10.704910776116703,Java_none_Java_low_results.csv
204,63,5,none,low,34.202841684394386,Java_none_Java_low_results.csv
204,64,5,none,low,42.019094196726485,Java_none_Java_low_results.csv
204,74,5,none,low,14.069316984719563,Java_none_Java_low_results.csv
204,78,5,none,low,27.272465946691945,Java_none_Java_low_results.csv
204,77,5,none,low,41.67884735501871,Java_none_Java_low_results.csv
204,94,5,none,low,18.26363229083082,Java_none_Java_low_results.csv
204,79,5,none,low,28.90001438197301,Java_none_Java_low_results.csv
204,99,5,none,low,29.76581655267086,Java_none_Java_low_results.csv
204,104,5,none,low,20.572572368499717,Java_none_Java_low_results.csv
204,114,5,none,low,11.736270232202004,Java_none_Java_low_results.csv
204,101,5,none,low,90.53080119988128,Java_none_Java_low_results.csv
204,124,5,none,low,18.923678785992184,Java_none_Java_low_results.csv
204,126,5,none,low,32.29782967587062,Java_none_Java_low_results.csv
204,132,5,none,low,27.32243871442436,Java_none_Java_low_results.csv
204,139,5,none,low,17.204170904923732,Java_none_Java_low_results.csv
204,128,5,none,low,62.95175337507021,Java_none_Java_low_results.csv
204,140,5,none,low,13.251142238475287,Java_none_Java_low_results.csv
204,164,5,none,low,20.24070222270187,Java_none_Java_low_results.csv
204,170,5,none,low,43.310942452420846,Java_none_Java_low_results.csv
204,176,5,none,low,49.79423491792677,Java_none_Java_low_results.csv
204,180,5,none,low,17.664625381156487,Java_none_Java_low_results.csv
204,179,5,none,low,64.3089416834897,Java_none_Java_low_results.csv
204,182,5,none,low,28.02515719712882,Java_none_Java_low_results.csv
204,208,5,none,low,26.30940171234562,Java_none_Java_low_results.csv
204,200,5,none,low,23.070140916631477,Java_none_Java_low_results.csv
211,10,5,none,low,33.38616966752208,Java_none_Java_low_results.csv
211,27,5,none,low,32.284946965692654,Java_none_Java_low_results.csv
211,29,5,none,low,38.41822579740066,Java_none_Java_low_results.csv
211,31,5,none,low,38.296954567608594,Java_none_Java_low_results.csv
211,34,5,none,low,47.79889945953967,Java_none_Java_low_results.csv
211,35,5,none,low,55.408486293179344,Java_none_Java_low_results.csv
211,21,5,none,low,46.45846110890361,Java_none_Java_low_results.csv
211,37,5,none,low,46.63833627820199,Java_none_Java_low_results.csv
211,13,5,none,low,79.97570102185902,Java_none_Java_low_results.csv
211,43,5,none,low,37.60422880532785,Java_none_Java_low_results.csv
211,41,5,none,low,45.06953060530618,Java_none_Java_low_results.csv
211,44,5,none,low,36.50861757799623,Java_none_Java_low_results.csv
211,56,5,none,low,39.9418932204266,Java_none_Java_low_results.csv
211,60,5,none,low,45.98585594452703,Java_none_Java_low_results.csv
211,65,5,none,low,29.383386102250817,Java_none_Java_low_results.csv
211,74,5,none,low,28.127330843858783,Java_none_Java_low_results.csv
211,63,5,none,low,50.99915388798347,Java_none_Java_low_results.csv
211,64,5,none,low,57.31306475300845,Java_none_Java_low_results.csv
211,78,5,none,low,41.28152029671188,Java_none_Java_low_results.csv
211,94,5,none,low,32.05202658539755,Java_none_Java_low_results.csv
211,77,5,none,low,55.31418344526359,Java_none_Java_low_results.csv
211,79,5,none,low,43.379105134843456,Java_none_Java_low_results.csv
211,114,5,none,low,26.94785289840791,Java_none_Java_low_results.csv
211,104,5,none,low,36.17416055424044,Java_none_Java_low_results.csv
211,99,5,none,low,42.0613504974996,Java_none_Java_low_results.csv
211,124,5,none,low,36.7588766653002,Java_none_Java_low_results.csv
211,139,5,none,low,30.45239521980582,Java_none_Java_low_results.csv
211,140,5,none,low,32.136724940358825,Java_none_Java_low_results.csv
211,126,5,none,low,47.859458381565176,Java_none_Java_low_results.csv
211,132,5,none,low,40.12470706403252,Java_none_Java_low_results.csv
211,164,5,none,low,37.10180921295454,Java_none_Java_low_results.csv
211,128,5,none,low,65.9395534526778,Java_none_Java_low_results.csv
211,101,5,none,low,94.9573405079568,Java_none_Java_low_results.csv
211,180,5,none,low,35.38711441672739,Java_none_Java_low_results.csv
211,170,5,none,low,49.27803164391317,Java_none_Java_low_results.csv
211,176,5,none,low,54.1317830475839,Java_none_Java_low_results.csv
211,200,5,none,low,43.28598550241672,Java_none_Java_low_results.csv
211,182,5,none,low,44.84243046620673,Java_none_Java_low_results.csv
211,208,5,none,low,41.67022691785852,Java_none_Java_low_results.csv
211,179,5,none,low,75.99856545091077,Java_none_Java_low_results.csv
3,62,5,none,medium,19.03866330635233,Java_none_Java_medium_results.csv
3,25,5,none,medium,35.00470336306749,Java_none_Java_medium_results.csv
3,57,5,none,medium,25.5998190208576,Java_none_Java_medium_results.csv
3,24,5,none,medium,30.329594785438257,Java_none_Java_medium_results.csv
3,32,5,none,medium,34.41705578862529,Java_none_Java_medium_results.csv
3,75,5,none,medium,33.915407616775504,Java_none_Java_medium_results.csv
3,89,5,none,medium,34.85039309864392,Java_none_Java_medium_results.csv
3,54,5,none,medium,57.82187412235307,Java_none_Java_medium_results.csv
3,70,5,none,medium,18.857408692212232,Java_none_Java_medium_results.csv
3,4,5,none,medium,33.300052559218784,Java_none_Java_medium_results.csv
3,53,5,none,medium,23.327430026799963,Java_none_Java_medium_results.csv
3,84,5,none,medium,33.64421388583537,Java_none_Java_medium_results.csv
3,83,5,none,medium,38.72167397772901,Java_none_Java_medium_results.csv
3,66,5,none,medium,17.65409001894898,Java_none_Java_medium_results.csv
3,19,5,none,medium,23.0408252322818,Java_none_Java_medium_results.csv
3,40,5,none,medium,29.144514653812752,Java_none_Java_medium_results.csv
3,42,5,none,medium,13.239565123422956,Java_none_Java_medium_results.csv
3,55,5,none,medium,72.01773681919565,Java_none_Java_medium_results.csv
3,20,5,none,medium,37.18887498042115,Java_none_Java_medium_results.csv
3,6,5,none,medium,26.123596129068712,Java_none_Java_medium_results.csv
3,81,5,none,medium,19.058460377281087,Java_none_Java_medium_results.csv
3,33,5,none,medium,26.54940379744807,Java_none_Java_medium_results.csv
3,88,5,none,medium,17.75060099229958,Java_none_Java_medium_results.csv
3,51,5,none,medium,19.492708299614424,Java_none_Java_medium_results.csv
3,61,5,none,medium,39.13908954025497,Java_none_Java_medium_results.csv
3,17,5,none,medium,39.54198440593186,Java_none_Java_medium_results.csv
3,16,5,none,medium,51.54486275331132,Java_none_Java_medium_results.csv
3,91,5,none,medium,30.94408807985607,Java_none_Java_medium_results.csv
3,73,5,none,medium,32.91156386854012,Java_none_Java_medium_results.csv
3,108,5,none,medium,18.76784765844145,Java_none_Java_medium_results.csv
3,97,5,none,medium,25.30938532191278,Java_none_Java_medium_results.csv
3,105,5,none,medium,22.866662943191173,Java_none_Java_medium_results.csv
3,135,5,none,medium,30.55602207879524,Java_none_Java_medium_results.csv
3,121,5,none,medium,28.148257889032653,Java_none_Java_medium_results.csv
3,115,5,none,medium,39.65183655437768,Java_none_Java_medium_results.csv
3,117,5,none,medium,40.341379975306914,Java_none_Java_medium_results.csv
3,133,5,none,medium,26.447248307563108,Java_none_Java_medium_results.csv
3,143,5,none,medium,22.337535585352917,Java_none_Java_medium_results.csv
3,147,5,none,medium,20.887776385481907,Java_none_Java_medium_results.csv
3,142,5,none,medium,43.02083611325407,Java_none_Java_medium_results.csv
3,145,5,none,medium,27.65986349289992,Java_none_Java_medium_results.csv
3,155,5,none,medium,22.029911662749107,Java_none_Java_medium_results.csv
3,158,5,none,medium,46.14654468087504,Java_none_Java_medium_results.csv
3,166,5,none,medium,35.42042772369203,Java_none_Java_medium_results.csv
3,168,5,none,medium,30.74269792952932,Java_none_Java_medium_results.csv
3,151,5,none,medium,75.846360723418,Java_none_Java_medium_results.csv
3,171,5,none,medium,30.17791531737191,Java_none_Java_medium_results.csv
3,192,5,none,medium,31.842407839128278,Java_none_Java_medium_results.csv
3,203,5,none,medium,14.866299358652816,Java_none_Java_medium_results.csv
3,169,5,none,medium,45.08956031590042,Java_none_Java_medium_results.csv
3,202,5,none,medium,26.21198462346008,Java_none_Java_medium_results.csv
3,210,5,none,medium,18.034220531747103,Java_none_Java_medium_results.csv
3,206,5,none,medium,41.924312663704406,Java_none_Java_medium_results.csv
3,215,5,none,medium,23.64249744031526,Java_none_Java_medium_results.csv
3,207,5,none,medium,38.96580434662014,Java_none_Java_medium_results.csv
5,4,5,none,medium,35.60374808250498,Java_none_Java_medium_results.csv
5,6,5,none,medium,27.47548268839432,Java_none_Java_medium_results.csv
3,214,5,none,medium,58.672887168469785,Java_none_Java_medium_results.csv
5,16,5,none,medium,49.25504268989478,Java_none_Java_medium_results.csv
5,19,5,none,medium,25.527829458951807,Java_none_Java_medium_results.csv
5,17,5,none,medium,39.13042449932942,Java_none_Java_medium_results.csv
5,24,5,none,medium,36.85523705809357,Java_none_Java_medium_results.csv
5,20,5,none,medium,35.461573712146325,Java_none_Java_medium_results.csv
5,32,5,none,medium,33.26709798504842,Java_none_Java_medium_results.csv
5,42,5,none,medium,17.362273736634442,Java_none_Java_medium_results.csv
5,25,5,none,medium,32.55432720483777,Java_none_Java_medium_results.csv
5,33,5,none,medium,30.036111082195852,Java_none_Java_medium_results.csv
5,40,5,none,medium,29.645727710659067,Java_none_Java_medium_results.csv
5,51,5,none,medium,25.84501881386471,Java_none_Java_medium_results.csv
5,53,5,none,medium,24.7477294913369,Java_none_Java_medium_results.csv
5,54,5,none,medium,62.374663780991945,Java_none_Java_medium_results.csv
5,62,5,none,medium,21.167459063194865,Java_none_Java_medium_results.csv
5,57,5,none,medium,26.176356550084588,Java_none_Java_medium_results.csv
5,66,5,none,medium,23.32966729398841,Java_none_Java_medium_results.csv
5,70,5,none,medium,20.173512707179537,Java_none_Java_medium_results.csv
5,55,5,none,medium,73.35047234833347,Java_none_Java_medium_results.csv
5,61,5,none,medium,43.63884350759806,Java_none_Java_medium_results.csv
5,73,5,none,medium,38.15318276600529,Java_none_Java_medium_results.csv
5,81,5,none,medium,24.095734335885044,Java_none_Java_medium_results.csv
5,88,5,none,medium,19.085192492050727,Java_none_Java_medium_results.csv
5,75,5,none,medium,38.2121883030395,Java_none_Java_medium_results.csv
5,84,5,none,medium,38.30867899382211,Java_none_Java_medium_results.csv
5,91,5,none,medium,35.90199911473256,Java_none_Java_medium_results.csv
5,89,5,none,medium,40.42873351026904,Java_none_Java_medium_results.csv
5,83,5,none,medium,44.66500867738143,Java_none_Java_medium_results.csv
5,105,5,none,medium,24.19827182071711,Java_none_Java_medium_results.csv
5,97,5,none,medium,30.14340552168733,Java_none_Java_medium_results.csv
5,108,5,none,medium,23.07351846252028,Java_none_Java_medium_results.csv
5,121,5,none,medium,32.481105112682215,Java_none_Java_medium_results.csv
5,115,5,none,medium,41.583730848555575,Java_none_Java_medium_results.csv
5,117,5,none,medium,45.997119734683686,Java_none_Java_medium_results.csv
5,143,5,none,medium,27.96664074537161,Java_none_Java_medium_results.csv
5,133,5,none,medium,26.522855325289225,Java_none_Java_medium_results.csv
5,135,5,none,medium,31.94666356509446,Java_none_Java_medium_results.csv
5,145,5,none,medium,26.713251794081074,Java_none_Java_medium_results.csv
5,142,5,none,medium,48.30978349206046,Java_none_Java_medium_results.csv
5,147,5,none,medium,21.346131452685373,Java_none_Java_medium_results.csv
5,155,5,none,medium,27.453543248892007,Java_none_Java_medium_results.csv
5,158,5,none,medium,44.04516091646581,Java_none_Java_medium_results.csv
5,168,5,none,medium,32.005707615364734,Java_none_Java_medium_results.csv
5,166,5,none,medium,35.79216945735704,Java_none_Java_medium_results.csv
5,171,5,none,medium,35.82952891500784,Java_none_Java_medium_results.csv
5,192,5,none,medium,32.14951491544087,Java_none_Java_medium_results.csv
5,151,5,none,medium,75.65200384542985,Java_none_Java_medium_results.csv
5,169,5,none,medium,50.0636586274377,Java_none_Java_medium_results.csv
5,202,5,none,medium,31.798863185696455,Java_none_Java_medium_results.csv
5,203,5,none,medium,18.48201298991141,Java_none_Java_medium_results.csv
5,210,5,none,medium,22.29376552264464,Java_none_Java_medium_results.csv
5,207,5,none,medium,46.77875996717548,Java_none_Java_medium_results.csv
5,206,5,none,medium,47.93181052818426,Java_none_Java_medium_results.csv
5,215,5,none,medium,29.708466974092268,Java_none_Java_medium_results.csv
12,6,5,none,medium,30.728991647256493,Java_none_Java_medium_results.csv
12,4,5,none,medium,38.02280702132935,Java_none_Java_medium_results.csv
5,214,5,none,medium,57.60976267105518,Java_none_Java_medium_results.csv
12,16,5,none,medium,55.67956928783935,Java_none_Java_medium_results.csv
12,17,5,none,medium,43.787719357548575,Java_none_Java_medium_results.csv
12,19,5,none,medium,26.313919591905066,Java_none_Java_medium_results.csv
12,24,5,none,medium,34.77366343474924,Java_none_Java_medium_results.csv
12,20,5,none,medium,41.862037931521,Java_none_Java_medium_results.csv
12,32,5,none,medium,39.31405340112495,Java_none_Java_medium_results.csv
12,25,5,none,medium,39.351251274134135,Java_none_Java_medium_results.csv
12,42,5,none,medium,17.577466495175766,Java_none_Java_medium_results.csv
12,33,5,none,medium,30.33967791861664,Java_none_Java_medium_results.csv
12,40,5,none,medium,33.005220087110004,Java_none_Java_medium_results.csv
12,51,5,none,medium,24.1016641518258,Java_none_Java_medium_results.csv
12,53,5,none,medium,27.91317526917312,Java_none_Java_medium_results.csv
12,62,5,none,medium,23.625006532455792,Java_none_Java_medium_results.csv
12,54,5,none,medium,60.807714056076186,Java_none_Java_medium_results.csv
12,66,5,none,medium,21.64947786914606,Java_none_Java_medium_results.csv
12,57,5,none,medium,29.9757850905093,Java_none_Java_medium_results.csv
12,70,5,none,medium,23.870378422369114,Java_none_Java_medium_results.csv
12,55,5,none,medium,76.54197276966582,Java_none_Java_medium_results.csv
12,61,5,none,medium,44.49043813986388,Java_none_Java_medium_results.csv
12,73,5,none,medium,37.31093081365462,Java_none_Java_medium_results.csv
12,81,5,none,medium,23.699025737055365,Java_none_Java_medium_results.csv
12,88,5,none,medium,22.30261234143465,Java_none_Java_medium_results.csv
12,75,5,none,medium,36.46878265230002,Java_none_Java_medium_results.csv
12,84,5,none,medium,36.79556509431718,Java_none_Java_medium_results.csv
12,89,5,none,medium,36.6200348162075,Java_none_Java_medium_results.csv
12,91,5,none,medium,35.79943243893354,Java_none_Java_medium_results.csv
12,83,5,none,medium,42.418347010523874,Java_none_Java_medium_results.csv
12,105,5,none,medium,26.79827364360399,Java_none_Java_medium_results.csv
12,108,5,none,medium,23.885227224214365,Java_none_Java_medium_results.csv
12,97,5,none,medium,29.48517578371338,Java_none_Java_medium_results.csv
12,115,5,none,medium,43.7321100324742,Java_none_Java_medium_results.csv
12,121,5,none,medium,32.15977005444206,Java_none_Java_medium_results.csv
12,117,5,none,medium,43.90769754201074,Java_none_Java_medium_results.csv
12,133,5,none,medium,31.13563462779154,Java_none_Java_medium_results.csv
12,135,5,none,medium,35.06758185041386,Java_none_Java_medium_results.csv
12,143,5,none,medium,25.78736986324696,Java_none_Java_medium_results.csv
12,145,5,none,medium,31.407320778253894,Java_none_Java_medium_results.csv
12,147,5,none,medium,25.224035333913555,Java_none_Java_medium_results.csv
12,142,5,none,medium,48.239263535837175,Java_none_Java_medium_results.csv
12,155,5,none,medium,26.226525239775864,Java_none_Java_medium_results.csv
12,158,5,none,medium,50.632073749291074,Java_none_Java_medium_results.csv
12,168,5,none,medium,34.57642155012415,Java_none_Java_medium_results.csv
12,166,5,none,medium,39.57551814750311,Java_none_Java_medium_results.csv
12,171,5,none,medium,32.5579927234338,Java_none_Java_medium_results.csv
12,192,5,none,medium,35.65114556117693,Java_none_Java_medium_results.csv
12,151,5,none,medium,79.05959319314364,Java_none_Java_medium_results.csv
12,169,5,none,medium,47.71637485807706,Java_none_Java_medium_results.csv
12,203,5,none,medium,19.24742351955194,Java_none_Java_medium_results.csv
12,202,5,none,medium,31.606475770764465,Java_none_Java_medium_results.csv
12,210,5,none,medium,22.258163742881727,Java_none_Java_medium_results.csv
12,207,5,none,medium,44.01671352965469,Java_none_Java_medium_results.csv
12,215,5,none,medium,28.621135447797,Java_none_Java_medium_results.csv
12,206,5,none,medium,45.02720192692915,Java_none_Java_medium_results.csv
28,4,5,none,medium,35.109149413393425,Java_none_Java_medium_results.csv
28,6,5,none,medium,29.22611300111376,Java_none_Java_medium_results.csv
28,16,5,none,medium,48.57443600955805,Java_none_Java_medium_results.csv
12,214,5,none,medium,62.287304427531375,Java_none_Java_medium_results.csv
28,19,5,none,medium,26.525622478700885,Java_none_Java_medium_results.csv
28,17,5,none,medium,38.2259524585204,Java_none_Java_medium_results.csv
28,24,5,none,medium,37.06680809482513,Java_none_Java_medium_results.csv
28,20,5,none,medium,37.79088739624982,Java_none_Java_medium_results.csv
28,25,5,none,medium,36.47873469075332,Java_none_Java_medium_results.csv
28,32,5,none,medium,33.02048359507654,Java_none_Java_medium_results.csv
28,42,5,none,medium,19.03565147314444,Java_none_Java_medium_results.csv
28,33,5,none,medium,31.668674822987533,Java_none_Java_medium_results.csv
28,40,5,none,medium,30.63955026517016,Java_none_Java_medium_results.csv
28,51,5,none,medium,26.83490358682293,Java_none_Java_medium_results.csv
28,53,5,none,medium,23.66990331885289,Java_none_Java_medium_results.csv
28,54,5,none,medium,63.52062698594023,Java_none_Java_medium_results.csv
28,57,5,none,medium,27.378943962912807,Java_none_Java_medium_results.csv
28,62,5,none,medium,22.53043042830751,Java_none_Java_medium_results.csv
28,66,5,none,medium,24.17367307537964,Java_none_Java_medium_results.csv
28,55,5,none,medium,71.19185790780784,Java_none_Java_medium_results.csv
28,70,5,none,medium,22.540301319893107,Java_none_Java_medium_results.csv
28,61,5,none,medium,45.89853714163922,Java_none_Java_medium_results.csv
28,73,5,none,medium,39.114836392611565,Java_none_Java_medium_results.csv
28,81,5,none,medium,25.87910804456103,Java_none_Java_medium_results.csv
28,75,5,none,medium,38.66097787810984,Java_none_Java_medium_results.csv
28,88,5,none,medium,21.13600892580369,Java_none_Java_medium_results.csv
28,84,5,none,medium,39.24649137416414,Java_none_Java_medium_results.csv
28,91,5,none,medium,36.77264713667859,Java_none_Java_medium_results.csv
28,83,5,none,medium,45.71297155117399,Java_none_Java_medium_results.csv
28,89,5,none,medium,41.73681642307939,Java_none_Java_medium_results.csv
28,97,5,none,medium,31.987473757685557,Java_none_Java_medium_results.csv
28,105,5,none,medium,25.322741163364046,Java_none_Java_medium_results.csv
28,108,5,none,medium,26.14991732938609,Java_none_Java_medium_results.csv
28,115,5,none,medium,42.16597610557098,Java_none_Java_medium_results.csv
28,121,5,none,medium,32.982388003869765,Java_none_Java_medium_results.csv
28,117,5,none,medium,47.16633375387267,Java_none_Java_medium_results.csv
28,133,5,none,medium,30.020188517570794,Java_none_Java_medium_results.csv
28,143,5,none,medium,29.10833655641637,Java_none_Java_medium_results.csv
28,135,5,none,medium,33.83689412419104,Java_none_Java_medium_results.csv
28,145,5,none,medium,29.10322144350747,Java_none_Java_medium_results.csv
28,142,5,none,medium,50.45526836773873,Java_none_Java_medium_results.csv
28,155,5,none,medium,28.493760393602816,Java_none_Java_medium_results.csv
28,147,5,none,medium,24.48681937840789,Java_none_Java_medium_results.csv
28,158,5,none,medium,44.75538219967337,Java_none_Java_medium_results.csv
28,168,5,none,medium,32.756033453063615,Java_none_Java_medium_results.csv
28,166,5,none,medium,38.1301646250601,Java_none_Java_medium_results.csv
28,171,5,none,medium,36.27922006683148,Java_none_Java_medium_results.csv
28,151,5,none,medium,76.83375562449964,Java_none_Java_medium_results.csv
28,192,5,none,medium,32.784927422981056,Java_none_Java_medium_results.csv
28,169,5,none,medium,50.18990819047451,Java_none_Java_medium_results.csv
28,202,5,none,medium,33.532478709268894,Java_none_Java_medium_results.csv
28,203,5,none,medium,18.937157972218987,Java_none_Java_medium_results.csv
28,210,5,none,medium,24.008526296915417,Java_none_Java_medium_results.csv
28,207,5,none,medium,47.18645702249593,Java_none_Java_medium_results.csv
28,215,5,none,medium,32.33507620516623,Java_none_Java_medium_results.csv
30,6,5,none,medium,29.48088376342197,Java_none_Java_medium_results.csv
28,206,5,none,medium,50.01058601449213,Java_none_Java_medium_results.csv
30,4,5,none,medium,36.16127673190627,Java_none_Java_medium_results.csv
28,214,5,none,medium,60.858475764353805,Java_none_Java_medium_results.csv
30,16,5,none,medium,54.264948096773445,Java_none_Java_medium_results.csv
30,17,5,none,medium,42.86518687635477,Java_none_Java_medium_results.csv
30,19,5,none,medium,25.9985590818215,Java_none_Java_medium_results.csv
30,20,5,none,medium,40.124115835043305,Java_none_Java_medium_results.csv
30,24,5,none,medium,33.88603355362883,Java_none_Java_medium_results.csv
30,32,5,none,medium,36.80827209083057,Java_none_Java_medium_results.csv
30,25,5,none,medium,37.06261305124901,Java_none_Java_medium_results.csv
30,33,5,none,medium,27.700554852285563,Java_none_Java_medium_results.csv
30,42,5,none,medium,16.235440008395507,Java_none_Java_medium_results.csv
30,51,5,none,medium,23.95697849251325,Java_none_Java_medium_results.csv
30,40,5,none,medium,31.448097627716777,Java_none_Java_medium_results.csv
30,53,5,none,medium,26.5835344530828,Java_none_Java_medium_results.csv
30,62,5,none,medium,22.569422572417672,Java_none_Java_medium_results.csv
30,57,5,none,medium,28.165519129059756,Java_none_Java_medium_results.csv
30,54,5,none,medium,58.63409102084153,Java_none_Java_medium_results.csv
30,66,5,none,medium,21.033122824805567,Java_none_Java_medium_results.csv
30,55,5,none,medium,75.31604223768632,Java_none_Java_medium_results.csv
30,70,5,none,medium,22.13563600349142,Java_none_Java_medium_results.csv
30,61,5,none,medium,41.46107514017503,Java_none_Java_medium_results.csv
30,73,5,none,medium,35.18574032952819,Java_none_Java_medium_results.csv
30,81,5,none,medium,22.578320605075653,Java_none_Java_medium_results.csv
30,75,5,none,medium,36.56449578489732,Java_none_Java_medium_results.csv
30,88,5,none,medium,20.464688928173263,Java_none_Java_medium_results.csv
30,91,5,none,medium,33.300714713237674,Java_none_Java_medium_results.csv
30,89,5,none,medium,38.65662332325025,Java_none_Java_medium_results.csv
30,84,5,none,medium,35.95507168514001,Java_none_Java_medium_results.csv
30,83,5,none,medium,40.97287619965166,Java_none_Java_medium_results.csv
30,97,5,none,medium,29.9420188409578,Java_none_Java_medium_results.csv
30,108,5,none,medium,21.38700056421127,Java_none_Java_medium_results.csv
30,105,5,none,medium,26.225462035575188,Java_none_Java_medium_results.csv
30,115,5,none,medium,42.28145301828588,Java_none_Java_medium_results.csv
30,121,5,none,medium,31.393817567005048,Java_none_Java_medium_results.csv
30,143,5,none,medium,25.71569195036981,Java_none_Java_medium_results.csv
30,117,5,none,medium,43.61023914201398,Java_none_Java_medium_results.csv
30,133,5,none,medium,29.74676122885498,Java_none_Java_medium_results.csv
30,135,5,none,medium,33.70345523428595,Java_none_Java_medium_results.csv
30,145,5,none,medium,30.493216915668537,Java_none_Java_medium_results.csv
30,142,5,none,medium,46.33057390949204,Java_none_Java_medium_results.csv
30,147,5,none,medium,24.12186118576548,Java_none_Java_medium_results.csv
30,155,5,none,medium,25.80374023164048,Java_none_Java_medium_results.csv
30,168,5,none,medium,34.75302889868936,Java_none_Java_medium_results.csv
30,166,5,none,medium,37.93060077034183,Java_none_Java_medium_results.csv
30,158,5,none,medium,49.44973093212764,Java_none_Java_medium_results.csv
30,171,5,none,medium,31.258328963009824,Java_none_Java_medium_results.csv
30,169,5,none,medium,47.00871846699693,Java_none_Java_medium_results.csv
30,151,5,none,medium,77.30771921755029,Java_none_Java_medium_results.csv
30,192,5,none,medium,35.28828661398792,Java_none_Java_medium_results.csv
30,203,5,none,medium,18.327447013014623,Java_none_Java_medium_results.csv
30,202,5,none,medium,30.06858210488896,Java_none_Java_medium_results.csv
30,210,5,none,medium,21.590015346738603,Java_none_Java_medium_results.csv
30,207,5,none,medium,42.49472462565756,Java_none_Java_medium_results.csv
30,206,5,none,medium,45.13467377622192,Java_none_Java_medium_results.csv
36,6,5,none,medium,24.73273608424428,Java_none_Java_medium_results.csv
36,4,5,none,medium,32.35852120223596,Java_none_Java_medium_results.csv
30,215,5,none,medium,27.203338812828,Java_none_Java_medium_results.csv
36,16,5,none,medium,49.1698134317381,Java_none_Java_medium_results.csv
36,19,5,none,medium,20.434245102054245,Java_none_Java_medium_results.csv
36,17,5,none,medium,37.04485402285324,Java_none_Java_medium_results.csv
30,214,5,none,medium,60.41690506812946,Java_none_Java_medium_results.csv
36,20,5,none,medium,35.240976321687725,Java_none_Java_medium_results.csv
36,24,5,none,medium,32.76883986961219,Java_none_Java_medium_results.csv
36,25,5,none,medium,33.558711879368005,Java_none_Java_medium_results.csv
36,32,5,none,medium,33.40104419769282,Java_none_Java_medium_results.csv
36,33,5,none,medium,26.78925138549611,Java_none_Java_medium_results.csv
36,42,5,none,medium,13.605932458633534,Java_none_Java_medium_results.csv
36,40,5,none,medium,26.639616319566333,Java_none_Java_medium_results.csv
36,51,5,none,medium,22.22536892890449,Java_none_Java_medium_results.csv
36,53,5,none,medium,20.873176098703105,Java_none_Java_medium_results.csv
36,62,5,none,medium,17.78393660631505,Java_none_Java_medium_results.csv
36,57,5,none,medium,23.401460227373743,Java_none_Java_medium_results.csv
36,54,5,none,medium,59.21248439814279,Java_none_Java_medium_results.csv
36,66,5,none,medium,18.971908431646742,Java_none_Java_medium_results.csv
36,55,5,none,medium,71.56004407487178,Java_none_Java_medium_results.csv
36,70,5,none,medium,17.66976547292097,Java_none_Java_medium_results.csv
36,61,5,none,medium,40.88913500370268,Java_none_Java_medium_results.csv
36,73,5,none,medium,34.26097547753253,Java_none_Java_medium_results.csv
36,81,5,none,medium,20.238408467152837,Java_none_Java_medium_results.csv
36,75,5,none,medium,34.79722880336685,Java_none_Java_medium_results.csv
36,88,5,none,medium,15.862851965869408,Java_none_Java_medium_results.csv
36,84,5,none,medium,34.06045359801954,Java_none_Java_medium_results.csv
36,91,5,none,medium,33.22758372161823,Java_none_Java_medium_results.csv
36,83,5,none,medium,40.66808335448563,Java_none_Java_medium_results.csv
36,89,5,none,medium,36.95358548745519,Java_none_Java_medium_results.csv
36,97,5,none,medium,26.50891666636255,Java_none_Java_medium_results.csv
36,105,5,none,medium,20.873484001819037,Java_none_Java_medium_results.csv
36,108,5,none,medium,19.88729652677251,Java_none_Java_medium_results.csv
36,121,5,none,medium,29.317974578913283,Java_none_Java_medium_results.csv
36,117,5,none,medium,42.86348473090763,Java_none_Java_medium_results.csv
36,115,5,none,medium,39.60428329124041,Java_none_Java_medium_results.csv
36,133,5,none,medium,25.298199048014425,Java_none_Java_medium_results.csv
36,143,5,none,medium,24.282508283179663,Java_none_Java_medium_results.csv
36,135,5,none,medium,30.00602792169184,Java_none_Java_medium_results.csv
36,145,5,none,medium,26.22726686378768,Java_none_Java_medium_results.csv
36,142,5,none,medium,46.0699903131981,Java_none_Java_medium_results.csv
36,147,5,none,medium,20.02014504579433,Java_none_Java_medium_results.csv
36,155,5,none,medium,23.180618241937967,Java_none_Java_medium_results.csv
36,166,5,none,medium,31.829857891261582,Java_none_Java_medium_results.csv
36,158,5,none,medium,44.345636269640885,Java_none_Java_medium_results.csv
36,168,5,none,medium,29.88315372221768,Java_none_Java_medium_results.csv
36,171,5,none,medium,31.789461303241264,Java_none_Java_medium_results.csv
36,169,5,none,medium,45.503395933053085,Java_none_Java_medium_results.csv
36,151,5,none,medium,74.78259100371423,Java_none_Java_medium_results.csv
36,192,5,none,medium,29.95857973106363,Java_none_Java_medium_results.csv
36,202,5,none,medium,28.034895505074697,Java_none_Java_medium_results.csv
36,203,5,none,medium,13.215326366214097,Java_none_Java_medium_results.csv
36,210,5,none,medium,19.39458217662176,Java_none_Java_medium_results.csv
36,207,5,none,medium,42.6754497734328,Java_none_Java_medium_results.csv
36,206,5,none,medium,44.42455774897574,Java_none_Java_medium_results.csv
36,215,5,none,medium,25.963561265077203,Java_none_Java_medium_results.csv
36,214,5,none,medium,58.1705559298483,Java_none_Java_medium_results.csv
93,19,5,none,medium,20.9253378882277,Java_none_Java_medium_results.csv
93,6,5,none,medium,24.565932384923283,Java_none_Java_medium_results.csv
93,4,5,none,medium,32.40409113293891,Java_none_Java_medium_results.csv
93,24,5,none,medium,31.496267795984327,Java_none_Java_medium_results.csv
93,20,5,none,medium,35.84884198436677,Java_none_Java_medium_results.csv
93,16,5,none,medium,50.19790870254435,Java_none_Java_medium_results.csv
93,17,5,none,medium,37.83464426020555,Java_none_Java_medium_results.csv
93,25,5,none,medium,34.04087351928657,Java_none_Java_medium_results.csv
93,33,5,none,medium,25.32718163430997,Java_none_Java_medium_results.csv
93,42,5,none,medium,11.800075201472003,Java_none_Java_medium_results.csv
93,32,5,none,medium,33.83852075492202,Java_none_Java_medium_results.csv
93,40,5,none,medium,27.6530664043712,Java_none_Java_medium_results.csv
93,51,5,none,medium,20.53466315538423,Java_none_Java_medium_results.csv
93,53,5,none,medium,20.7912578738204,Java_none_Java_medium_results.csv
93,54,5,none,medium,57.39280699802857,Java_none_Java_medium_results.csv
93,57,5,none,medium,23.554269967556,Java_none_Java_medium_results.csv
93,62,5,none,medium,17.549157516694063,Java_none_Java_medium_results.csv
93,70,5,none,medium,17.387543566608876,Java_none_Java_medium_results.csv
93,55,5,none,medium,72.20881246544972,Java_none_Java_medium_results.csv
93,66,5,none,medium,17.396489082051968,Java_none_Java_medium_results.csv
93,61,5,none,medium,39.87349467452474,Java_none_Java_medium_results.csv
93,73,5,none,medium,33.000455502527835,Java_none_Java_medium_results.csv
93,75,5,none,medium,33.04667098909407,Java_none_Java_medium_results.csv
93,81,5,none,medium,17.841912200607062,Java_none_Java_medium_results.csv
93,88,5,none,medium,15.84571195467079,Java_none_Java_medium_results.csv
93,84,5,none,medium,32.48451936194619,Java_none_Java_medium_results.csv
93,89,5,none,medium,35.33142407223694,Java_none_Java_medium_results.csv
93,83,5,none,medium,39.76027186406636,Java_none_Java_medium_results.csv
93,91,5,none,medium,31.95364992882225,Java_none_Java_medium_results.csv
93,97,5,none,medium,25.45133000089326,Java_none_Java_medium_results.csv
93,105,5,none,medium,20.801972181108265,Java_none_Java_medium_results.csv
93,108,5,none,medium,18.1458102551676,Java_none_Java_medium_results.csv
93,117,5,none,medium,41.28931632716053,Java_none_Java_medium_results.csv
93,121,5,none,medium,27.549852814494574,Java_none_Java_medium_results.csv
93,115,5,none,medium,39.31377741494543,Java_none_Java_medium_results.csv
93,133,5,none,medium,26.12713568145572,Java_none_Java_medium_results.csv
93,143,5,none,medium,22.27139973045031,Java_none_Java_medium_results.csv
93,135,5,none,medium,29.9121161286199,Java_none_Java_medium_results.csv
93,142,5,none,medium,44.1638428568768,Java_none_Java_medium_results.csv
93,145,5,none,medium,26.520056716347703,Java_none_Java_medium_results.csv
93,147,5,none,medium,19.934298180717928,Java_none_Java_medium_results.csv
93,155,5,none,medium,21.660384349400204,Java_none_Java_medium_results.csv
93,158,5,none,medium,44.6326932691318,Java_none_Java_medium_results.csv
93,166,5,none,medium,32.582761241186,Java_none_Java_medium_results.csv
93,168,5,none,medium,29.57240729283198,Java_none_Java_medium_results.csv
93,171,5,none,medium,30.539004066106997,Java_none_Java_medium_results.csv
93,169,5,none,medium,43.2435320122193,Java_none_Java_medium_results.csv
93,151,5,none,medium,74.71561225401688,Java_none_Java_medium_results.csv
93,192,5,none,medium,30.105195193297195,Java_none_Java_medium_results.csv
93,203,5,none,medium,11.914231851300316,Java_none_Java_medium_results.csv
93,202,5,none,medium,26.279328060344717,Java_none_Java_medium_results.csv
93,210,5,none,medium,17.941396976401872,Java_none_Java_medium_results.csv
93,207,5,none,medium,41.5293855242254,Java_none_Java_medium_results.csv
93,206,5,none,medium,43.54528856678664,Java_none_Java_medium_results.csv
93,215,5,none,medium,23.948048566750323,Java_none_Java_medium_results.csv
93,214,5,none,medium,58.39946354450681,Java_none_Java_medium_results.csv
96,6,5,none,medium,49.16405882420588,Java_none_Java_medium_results.csv
96,4,5,none,medium,54.32893341004371,Java_none_Java_medium_results.csv
96,19,5,none,medium,44.75114722487582,Java_none_Java_medium_results.csv
96,16,5,none,medium,70.52091450632979,Java_none_Java_medium_results.csv
96,24,5,none,medium,49.01657538940101,Java_none_Java_medium_results.csv
96,20,5,none,medium,58.32482031362305,Java_none_Java_medium_results.csv
96,17,5,none,medium,59.93553958783229,Java_none_Java_medium_results.csv
96,25,5,none,medium,56.89501278469066,Java_none_Java_medium_results.csv
96,33,5,none,medium,47.79160782452454,Java_none_Java_medium_results.csv
96,42,5,none,medium,37.218019203217445,Java_none_Java_medium_results.csv
96,32,5,none,medium,55.25356894957219,Java_none_Java_medium_results.csv
96,40,5,none,medium,49.99344049021536,Java_none_Java_medium_results.csv
96,51,5,none,medium,41.89961979434295,Java_none_Java_medium_results.csv
96,53,5,none,medium,46.25351786010339,Java_none_Java_medium_results.csv
96,54,5,none,medium,76.56488406509361,Java_none_Java_medium_results.csv
96,66,5,none,medium,40.77468266617151,Java_none_Java_medium_results.csv
96,62,5,none,medium,42.72411508061696,Java_none_Java_medium_results.csv
96,57,5,none,medium,47.77500173907919,Java_none_Java_medium_results.csv
96,70,5,none,medium,42.580462250739046,Java_none_Java_medium_results.csv
96,61,5,none,medium,59.24538849903908,Java_none_Java_medium_results.csv
96,55,5,none,medium,90.28322339492868,Java_none_Java_medium_results.csv
96,73,5,none,medium,53.135425971757,Java_none_Java_medium_results.csv
96,81,5,none,medium,41.04377703076797,Java_none_Java_medium_results.csv
96,75,5,none,medium,53.58979511276572,Java_none_Java_medium_results.csv
96,88,5,none,medium,41.86871866992944,Java_none_Java_medium_results.csv
96,84,5,none,medium,52.89728659971395,Java_none_Java_medium_results.csv
96,83,5,none,medium,58.914448713518304,Java_none_Java_medium_results.csv
96,91,5,none,medium,48.932753591894425,Java_none_Java_medium_results.csv
96,89,5,none,medium,49.998163295110864,Java_none_Java_medium_results.csv
96,105,5,none,medium,45.83878090363435,Java_none_Java_medium_results.csv
96,97,5,none,medium,46.5441916726104,Java_none_Java_medium_results.csv
96,108,5,none,medium,42.45402039609857,Java_none_Java_medium_results.csv
96,121,5,none,medium,49.128385309329246,Java_none_Java_medium_results.csv
96,115,5,none,medium,59.98644429331872,Java_none_Java_medium_results.csv
96,117,5,none,medium,59.36876061605518,Java_none_Java_medium_results.csv
96,143,5,none,medium,42.36906003327152,Java_none_Java_medium_results.csv
96,133,5,none,medium,50.18769605844953,Java_none_Java_medium_results.csv
96,135,5,none,medium,53.58220541968396,Java_none_Java_medium_results.csv
96,142,5,none,medium,62.62491961514348,Java_none_Java_medium_results.csv
96,145,5,none,medium,51.16806783621475,Java_none_Java_medium_results.csv
96,147,5,none,medium,44.20830364338985,Java_none_Java_medium_results.csv
96,155,5,none,medium,43.51836945182495,Java_none_Java_medium_results.csv
96,158,5,none,medium,65.2463305841679,Java_none_Java_medium_results.csv
96,171,5,none,medium,49.99316565622577,Java_none_Java_medium_results.csv
96,166,5,none,medium,57.22171791952686,Java_none_Java_medium_results.csv
96,168,5,none,medium,51.2055838747262,Java_none_Java_medium_results.csv
96,169,5,none,medium,63.06474351505216,Java_none_Java_medium_results.csv
96,192,5,none,medium,52.8956406564448,Java_none_Java_medium_results.csv
96,203,5,none,medium,38.41254182918566,Java_none_Java_medium_results.csv
96,202,5,none,medium,47.89877944777433,Java_none_Java_medium_results.csv
96,151,5,none,medium,94.11828181623702,Java_none_Java_medium_results.csv
96,210,5,none,medium,40.37896502518189,Java_none_Java_medium_results.csv
96,207,5,none,medium,57.51158030409975,Java_none_Java_medium_results.csv
96,215,5,none,medium,45.742217982944986,Java_none_Java_medium_results.csv
96,206,5,none,medium,62.3769269506651,Java_none_Java_medium_results.csv
110,6,5,none,medium,25.496060309770385,Java_none_Java_medium_results.csv
110,4,5,none,medium,31.48566432726653,Java_none_Java_medium_results.csv
110,19,5,none,medium,23.30508534161292,Java_none_Java_medium_results.csv
110,17,5,none,medium,36.8312299946593,Java_none_Java_medium_results.csv
96,214,5,none,medium,79.31841005627572,Java_none_Java_medium_results.csv
110,16,5,none,medium,46.937114193016974,Java_none_Java_medium_results.csv
110,20,5,none,medium,33.067745223196795,Java_none_Java_medium_results.csv
110,24,5,none,medium,33.879842842478446,Java_none_Java_medium_results.csv
110,33,5,none,medium,28.230615371280784,Java_none_Java_medium_results.csv
110,42,5,none,medium,15.228509580441902,Java_none_Java_medium_results.csv
110,25,5,none,medium,30.62169129446375,Java_none_Java_medium_results.csv
110,32,5,none,medium,30.43488977006468,Java_none_Java_medium_results.csv
110,40,5,none,medium,27.32846579699201,Java_none_Java_medium_results.csv
110,51,5,none,medium,23.739987062938543,Java_none_Java_medium_results.csv
110,53,5,none,medium,22.6807014286516,Java_none_Java_medium_results.csv
110,57,5,none,medium,25.325757062457345,Java_none_Java_medium_results.csv
110,54,5,none,medium,60.43535476929859,Java_none_Java_medium_results.csv
110,62,5,none,medium,19.68968361194799,Java_none_Java_medium_results.csv
110,66,5,none,medium,21.058382533908627,Java_none_Java_medium_results.csv
110,70,5,none,medium,18.0960760593919,Java_none_Java_medium_results.csv
110,61,5,none,medium,42.30670677451026,Java_none_Java_medium_results.csv
110,73,5,none,medium,36.97926613059048,Java_none_Java_medium_results.csv
110,55,5,none,medium,68.6803083650783,Java_none_Java_medium_results.csv
110,81,5,none,medium,22.22653931944685,Java_none_Java_medium_results.csv
110,88,5,none,medium,17.395393978203053,Java_none_Java_medium_results.csv
110,75,5,none,medium,35.80436521014184,Java_none_Java_medium_results.csv
110,84,5,none,medium,35.4816386561161,Java_none_Java_medium_results.csv
110,83,5,none,medium,42.716551821341554,Java_none_Java_medium_results.csv
110,91,5,none,medium,33.255474743852936,Java_none_Java_medium_results.csv
110,97,5,none,medium,28.87331450575541,Java_none_Java_medium_results.csv
110,89,5,none,medium,38.179288746704,Java_none_Java_medium_results.csv
110,105,5,none,medium,23.34831586788932,Java_none_Java_medium_results.csv
110,108,5,none,medium,22.54131730862865,Java_none_Java_medium_results.csv
110,115,5,none,medium,38.83514094561013,Java_none_Java_medium_results.csv
110,121,5,none,medium,30.02952633453339,Java_none_Java_medium_results.csv
110,133,5,none,medium,25.535595040354007,Java_none_Java_medium_results.csv
110,117,5,none,medium,45.3905137387765,Java_none_Java_medium_results.csv
110,143,5,none,medium,25.40795163499913,Java_none_Java_medium_results.csv
110,135,5,none,medium,29.34889359325793,Java_none_Java_medium_results.csv
110,142,5,none,medium,47.07465809636372,Java_none_Java_medium_results.csv
110,145,5,none,medium,25.02071537366048,Java_none_Java_medium_results.csv
110,147,5,none,medium,19.596123063230607,Java_none_Java_medium_results.csv
110,155,5,none,medium,25.006011576884564,Java_none_Java_medium_results.csv
110,158,5,none,medium,42.811881584938135,Java_none_Java_medium_results.csv
110,168,5,none,medium,30.519408197765912,Java_none_Java_medium_results.csv
110,166,5,none,medium,34.82823317271208,Java_none_Java_medium_results.csv
110,171,5,none,medium,33.103680997227315,Java_none_Java_medium_results.csv
110,169,5,none,medium,47.4546693529244,Java_none_Java_medium_results.csv
110,192,5,none,medium,28.852318364257147,Java_none_Java_medium_results.csv
110,203,5,none,medium,15.655302076391855,Java_none_Java_medium_results.csv
110,151,5,none,medium,72.82471435303286,Java_none_Java_medium_results.csv
110,202,5,none,medium,30.739069786632665,Java_none_Java_medium_results.csv
110,210,5,none,medium,20.4191194553696,Java_none_Java_medium_results.csv
110,207,5,none,medium,44.828228686149615,Java_none_Java_medium_results.csv
110,215,5,none,medium,28.543051387688315,Java_none_Java_medium_results.csv
110,206,5,none,medium,46.46035625348351,Java_none_Java_medium_results.csv
110,214,5,none,medium,54.76902025847089,Java_none_Java_medium_results.csv
154,19,5,none,medium,43.41723207247784,Java_none_Java_medium_results.csv
154,24,5,none,medium,46.47477020881501,Java_none_Java_medium_results.csv
154,6,5,none,medium,47.06777401580132,Java_none_Java_medium_results.csv
154,4,5,none,medium,52.6717613242337,Java_none_Java_medium_results.csv
154,17,5,none,medium,58.51520809313422,Java_none_Java_medium_results.csv
154,20,5,none,medium,55.73535032358112,Java_none_Java_medium_results.csv
154,42,5,none,medium,35.97246367552173,Java_none_Java_medium_results.csv
154,25,5,none,medium,53.90317953654442,Java_none_Java_medium_results.csv
154,16,5,none,medium,68.18847513343454,Java_none_Java_medium_results.csv
154,32,5,none,medium,53.5211798856903,Java_none_Java_medium_results.csv
154,33,5,none,medium,47.24044431577846,Java_none_Java_medium_results.csv
154,53,5,none,medium,45.67759106469212,Java_none_Java_medium_results.csv
154,40,5,none,medium,50.35316239261982,Java_none_Java_medium_results.csv
154,51,5,none,medium,39.63134592569836,Java_none_Java_medium_results.csv
154,62,5,none,medium,41.82018407645328,Java_none_Java_medium_results.csv
154,66,5,none,medium,39.081215312951954,Java_none_Java_medium_results.csv
154,57,5,none,medium,46.36156712547912,Java_none_Java_medium_results.csv
154,70,5,none,medium,40.82574724076007,Java_none_Java_medium_results.csv
154,54,5,none,medium,74.67392291746833,Java_none_Java_medium_results.csv
154,55,5,none,medium,90.47558339063154,Java_none_Java_medium_results.csv
154,73,5,none,medium,51.00060839757904,Java_none_Java_medium_results.csv
154,61,5,none,medium,57.90177776196954,Java_none_Java_medium_results.csv
154,81,5,none,medium,38.73956401553083,Java_none_Java_medium_results.csv
154,75,5,none,medium,52.69269373561641,Java_none_Java_medium_results.csv
154,88,5,none,medium,39.459304643066574,Java_none_Java_medium_results.csv
154,91,5,none,medium,50.00074372720828,Java_none_Java_medium_results.csv
154,84,5,none,medium,51.58178968378216,Java_none_Java_medium_results.csv
154,83,5,none,medium,57.49646996620068,Java_none_Java_medium_results.csv
154,89,5,none,medium,50.09306661567656,Java_none_Java_medium_results.csv
154,105,5,none,medium,44.31194433307013,Java_none_Java_medium_results.csv
154,108,5,none,medium,38.74325593174636,Java_none_Java_medium_results.csv
154,97,5,none,medium,43.30039655075601,Java_none_Java_medium_results.csv
154,115,5,none,medium,58.24119283463012,Java_none_Java_medium_results.csv
154,143,5,none,medium,42.382678028702834,Java_none_Java_medium_results.csv
154,121,5,none,medium,48.16666416425343,Java_none_Java_medium_results.csv
154,133,5,none,medium,46.09719012632498,Java_none_Java_medium_results.csv
154,117,5,none,medium,57.08127771306292,Java_none_Java_medium_results.csv
154,135,5,none,medium,51.51025837976947,Java_none_Java_medium_results.csv
154,145,5,none,medium,48.44344163055651,Java_none_Java_medium_results.csv
154,142,5,none,medium,59.97129802519972,Java_none_Java_medium_results.csv
154,155,5,none,medium,41.52094634538431,Java_none_Java_medium_results.csv
154,147,5,none,medium,41.84973359832132,Java_none_Java_medium_results.csv
154,171,5,none,medium,50.09407714512805,Java_none_Java_medium_results.csv
154,158,5,none,medium,64.11431819867039,Java_none_Java_medium_results.csv
154,168,5,none,medium,51.58434148464618,Java_none_Java_medium_results.csv
154,166,5,none,medium,55.72176576477177,Java_none_Java_medium_results.csv
154,169,5,none,medium,62.61310722284108,Java_none_Java_medium_results.csv
154,192,5,none,medium,52.44458503484255,Java_none_Java_medium_results.csv
154,202,5,none,medium,44.78778627735712,Java_none_Java_medium_results.csv
154,203,5,none,medium,38.063796897483904,Java_none_Java_medium_results.csv
154,151,5,none,medium,92.34392175503626,Java_none_Java_medium_results.csv
154,210,5,none,medium,40.34997430332528,Java_none_Java_medium_results.csv
163,4,5,none,medium,37.13202076538919,Java_none_Java_medium_results.csv
163,6,5,none,medium,30.84319294754141,Java_none_Java_medium_results.csv
154,215,5,none,medium,41.40865733885671,Java_none_Java_medium_results.csv
154,207,5,none,medium,54.92075670266519,Java_none_Java_medium_results.csv
154,206,5,none,medium,58.23783737445395,Java_none_Java_medium_results.csv
163,19,5,none,medium,26.740702857755604,Java_none_Java_medium_results.csv
163,17,5,none,medium,43.32821941652557,Java_none_Java_medium_results.csv
163,16,5,none,medium,55.17709276363066,Java_none_Java_medium_results.csv
163,20,5,none,medium,41.060468921915934,Java_none_Java_medium_results.csv
163,24,5,none,medium,35.348220542462215,Java_none_Java_medium_results.csv
163,25,5,none,medium,39.0419630785974,Java_none_Java_medium_results.csv
163,33,5,none,medium,30.94645647696093,Java_none_Java_medium_results.csv
163,42,5,none,medium,18.063842075030514,Java_none_Java_medium_results.csv
163,40,5,none,medium,33.014217198520306,Java_none_Java_medium_results.csv
163,32,5,none,medium,37.99903766616643,Java_none_Java_medium_results.csv
154,214,5,none,medium,74.88995243361987,Java_none_Java_medium_results.csv
163,51,5,none,medium,25.488615112366755,Java_none_Java_medium_results.csv
163,53,5,none,medium,27.313687081723327,Java_none_Java_medium_results.csv
163,62,5,none,medium,23.819658226573047,Java_none_Java_medium_results.csv
163,66,5,none,medium,23.70014776989489,Java_none_Java_medium_results.csv
163,57,5,none,medium,29.59085238601094,Java_none_Java_medium_results.csv
163,54,5,none,medium,60.22308787668253,Java_none_Java_medium_results.csv
163,70,5,none,medium,23.555716625502505,Java_none_Java_medium_results.csv
163,61,5,none,medium,44.58800147505786,Java_none_Java_medium_results.csv
163,55,5,none,medium,76.72422307742431,Java_none_Java_medium_results.csv
163,73,5,none,medium,37.577898203452605,Java_none_Java_medium_results.csv
163,81,5,none,medium,23.071771684143265,Java_none_Java_medium_results.csv
163,75,5,none,medium,37.32414096163488,Java_none_Java_medium_results.csv
163,88,5,none,medium,21.864755407593293,Java_none_Java_medium_results.csv
163,84,5,none,medium,37.83919968056647,Java_none_Java_medium_results.csv
163,91,5,none,medium,36.4985154360564,Java_none_Java_medium_results.csv
163,83,5,none,medium,45.44731939767517,Java_none_Java_medium_results.csv
163,89,5,none,medium,38.757316942185206,Java_none_Java_medium_results.csv
163,97,5,none,medium,30.476380359521784,Java_none_Java_medium_results.csv
163,105,5,none,medium,26.60450820499808,Java_none_Java_medium_results.csv
163,108,5,none,medium,23.939304987680792,Java_none_Java_medium_results.csv
163,115,5,none,medium,45.08067168754581,Java_none_Java_medium_results.csv
163,121,5,none,medium,32.97617108305692,Java_none_Java_medium_results.csv
163,143,5,none,medium,27.079838440118365,Java_none_Java_medium_results.csv
163,117,5,none,medium,46.79699882297855,Java_none_Java_medium_results.csv
163,133,5,none,medium,31.26155914621265,Java_none_Java_medium_results.csv
163,135,5,none,medium,35.37381288034987,Java_none_Java_medium_results.csv
163,145,5,none,medium,31.933513195411617,Java_none_Java_medium_results.csv
163,142,5,none,medium,48.71466160549672,Java_none_Java_medium_results.csv
163,147,5,none,medium,25.754017221346437,Java_none_Java_medium_results.csv
163,155,5,none,medium,26.74717734926609,Java_none_Java_medium_results.csv
163,166,5,none,medium,39.357118214126174,Java_none_Java_medium_results.csv
163,158,5,none,medium,50.0393836640658,Java_none_Java_medium_results.csv
163,168,5,none,medium,35.08234802371737,Java_none_Java_medium_results.csv
163,171,5,none,medium,35.150970509556096,Java_none_Java_medium_results.csv
163,192,5,none,medium,35.606557066483674,Java_none_Java_medium_results.csv
163,169,5,none,medium,49.09226741625665,Java_none_Java_medium_results.csv
163,202,5,none,medium,31.54871573323071,Java_none_Java_medium_results.csv
163,151,5,none,medium,79.72727509433619,Java_none_Java_medium_results.csv
163,203,5,none,medium,18.67746330471168,Java_none_Java_medium_results.csv
163,210,5,none,medium,23.861600511767595,Java_none_Java_medium_results.csv
163,207,5,none,medium,45.7858208087044,Java_none_Java_medium_results.csv
163,206,5,none,medium,47.6771134856628,Java_none_Java_medium_results.csv
163,215,5,none,medium,29.786248748236083,Java_none_Java_medium_results.csv
181,6,5,none,medium,29.16793056437924,Java_none_Java_medium_results.csv
181,4,5,none,medium,35.405750288324526,Java_none_Java_medium_results.csv
181,19,5,none,medium,25.84656597094492,Java_none_Java_medium_results.csv
181,16,5,none,medium,49.70959046376361,Java_none_Java_medium_results.csv
163,214,5,none,medium,62.915582632377706,Java_none_Java_medium_results.csv
181,17,5,none,medium,39.52850294885033,Java_none_Java_medium_results.csv
181,24,5,none,medium,36.6202771870032,Java_none_Java_medium_results.csv
181,20,5,none,medium,35.96354704706066,Java_none_Java_medium_results.csv
181,25,5,none,medium,34.62494835369238,Java_none_Java_medium_results.csv
181,32,5,none,medium,33.79312488897607,Java_none_Java_medium_results.csv
181,42,5,none,medium,18.262962239001325,Java_none_Java_medium_results.csv
181,33,5,none,medium,30.740208024666387,Java_none_Java_medium_results.csv
181,40,5,none,medium,30.37974498552072,Java_none_Java_medium_results.csv
181,51,5,none,medium,26.13281303879805,Java_none_Java_medium_results.csv
181,53,5,none,medium,24.98526534491975,Java_none_Java_medium_results.csv
181,57,5,none,medium,28.17266143646533,Java_none_Java_medium_results.csv
181,54,5,none,medium,63.36155019336756,Java_none_Java_medium_results.csv
181,62,5,none,medium,22.08023706844855,Java_none_Java_medium_results.csv
181,66,5,none,medium,22.82836421378007,Java_none_Java_medium_results.csv
181,70,5,none,medium,21.892351488761413,Java_none_Java_medium_results.csv
181,61,5,none,medium,44.507118135303664,Java_none_Java_medium_results.csv
181,55,5,none,medium,71.63854588607845,Java_none_Java_medium_results.csv
181,73,5,none,medium,39.22761033487387,Java_none_Java_medium_results.csv
181,81,5,none,medium,25.166260580729123,Java_none_Java_medium_results.csv
181,75,5,none,medium,38.8660451895913,Java_none_Java_medium_results.csv
181,88,5,none,medium,20.67047609681752,Java_none_Java_medium_results.csv
181,84,5,none,medium,38.39478161643692,Java_none_Java_medium_results.csv
181,91,5,none,medium,35.75783481830804,Java_none_Java_medium_results.csv
181,89,5,none,medium,40.994384077512,Java_none_Java_medium_results.csv
181,83,5,none,medium,45.079644079921046,Java_none_Java_medium_results.csv
181,97,5,none,medium,31.59434214459247,Java_none_Java_medium_results.csv
181,108,5,none,medium,24.7492724315371,Java_none_Java_medium_results.csv
181,105,5,none,medium,25.027615237642284,Java_none_Java_medium_results.csv
181,115,5,none,medium,42.78809528618076,Java_none_Java_medium_results.csv
181,121,5,none,medium,32.59537942268535,Java_none_Java_medium_results.csv
181,117,5,none,medium,46.95616746827132,Java_none_Java_medium_results.csv
181,143,5,none,medium,27.97786344271347,Java_none_Java_medium_results.csv
181,133,5,none,medium,28.223976744838456,Java_none_Java_medium_results.csv
181,135,5,none,medium,31.851389340861648,Java_none_Java_medium_results.csv
181,145,5,none,medium,27.41534873609812,Java_none_Java_medium_results.csv
181,142,5,none,medium,49.43976797976796,Java_none_Java_medium_results.csv
181,147,5,none,medium,22.35442605499911,Java_none_Java_medium_results.csv
181,155,5,none,medium,27.59713209287285,Java_none_Java_medium_results.csv
181,158,5,none,medium,47.06532092486664,Java_none_Java_medium_results.csv
181,168,5,none,medium,32.82042631713908,Java_none_Java_medium_results.csv
181,166,5,none,medium,37.38079227246162,Java_none_Java_medium_results.csv
181,171,5,none,medium,35.76740365281787,Java_none_Java_medium_results.csv
181,169,5,none,medium,50.35490763454304,Java_none_Java_medium_results.csv
181,151,5,none,medium,75.54845032540882,Java_none_Java_medium_results.csv
181,192,5,none,medium,32.60668965456566,Java_none_Java_medium_results.csv
181,203,5,none,medium,18.18931715511648,Java_none_Java_medium_results.csv
181,202,5,none,medium,33.259689731653914,Java_none_Java_medium_results.csv
181,210,5,none,medium,23.663788520673315,Java_none_Java_medium_results.csv
181,207,5,none,medium,46.760438932079786,Java_none_Java_medium_results.csv
181,215,5,none,medium,31.359625311901148,Java_none_Java_medium_results.csv
181,206,5,none,medium,48.9932587595804,Java_none_Java_medium_results.csv
189,4,5,none,medium,42.00374306242555,Java_none_Java_medium_results.csv
189,6,5,none,medium,35.25159179559072,Java_none_Java_medium_results.csv
181,214,5,none,medium,59.40882143792615,Java_none_Java_medium_results.csv
189,19,5,none,medium,31.640592132382704,Java_none_Java_medium_results.csv
189,16,5,none,medium,59.55691469503997,Java_none_Java_medium_results.csv
189,17,5,none,medium,48.016197289391016,Java_none_Java_medium_results.csv
189,24,5,none,medium,36.80805099145982,Java_none_Java_medium_results.csv
189,20,5,none,medium,45.4041504490826,Java_none_Java_medium_results.csv
189,42,5,none,medium,22.639707594066305,Java_none_Java_medium_results.csv
189,32,5,none,medium,43.00381093323889,Java_none_Java_medium_results.csv
189,33,5,none,medium,34.221211300814915,Java_none_Java_medium_results.csv
189,40,5,none,medium,38.26972677775733,Java_none_Java_medium_results.csv
189,25,5,none,medium,43.48983949386463,Java_none_Java_medium_results.csv
189,51,5,none,medium,28.14092192002284,Java_none_Java_medium_results.csv
189,53,5,none,medium,32.90099991651308,Java_none_Java_medium_results.csv
189,54,5,none,medium,64.03083532363952,Java_none_Java_medium_results.csv
189,62,5,none,medium,27.864511820878107,Java_none_Java_medium_results.csv
189,66,5,none,medium,27.26384920668157,Java_none_Java_medium_results.csv
189,70,5,none,medium,28.57329854566024,Java_none_Java_medium_results.csv
189,57,5,none,medium,35.29596739526895,Java_none_Java_medium_results.csv
189,73,5,none,medium,40.65507313743848,Java_none_Java_medium_results.csv
189,61,5,none,medium,47.34694771901312,Java_none_Java_medium_results.csv
189,55,5,none,medium,79.80177956292677,Java_none_Java_medium_results.csv
189,81,5,none,medium,28.3435484706764,Java_none_Java_medium_results.csv
189,88,5,none,medium,27.955066315825544,Java_none_Java_medium_results.csv
189,75,5,none,medium,41.27267992362535,Java_none_Java_medium_results.csv
189,84,5,none,medium,40.34937013597233,Java_none_Java_medium_results.csv
189,83,5,none,medium,47.29467770338726,Java_none_Java_medium_results.csv
189,91,5,none,medium,37.71617150149619,Java_none_Java_medium_results.csv
189,89,5,none,medium,38.76652808869285,Java_none_Java_medium_results.csv
189,97,5,none,medium,32.78999194081256,Java_none_Java_medium_results.csv
189,108,5,none,medium,28.57467243435486,Java_none_Java_medium_results.csv
189,105,5,none,medium,31.5900831487863,Java_none_Java_medium_results.csv
189,115,5,none,medium,48.52688611878854,Java_none_Java_medium_results.csv
189,121,5,none,medium,36.74842115501176,Java_none_Java_medium_results.csv
189,117,5,none,medium,47.25063018536412,Java_none_Java_medium_results.csv
189,143,5,none,medium,30.03351477088367,Java_none_Java_medium_results.csv
189,133,5,none,medium,35.36897333683194,Java_none_Java_medium_results.csv
189,135,5,none,medium,39.82011215306214,Java_none_Java_medium_results.csv
189,145,5,none,medium,36.67486879077638,Java_none_Java_medium_results.csv
189,147,5,none,medium,30.10780077452469,Java_none_Java_medium_results.csv
189,142,5,none,medium,50.49432570444748,Java_none_Java_medium_results.csv
189,155,5,none,medium,29.781664678516176,Java_none_Java_medium_results.csv
189,158,5,none,medium,53.5125314956985,Java_none_Java_medium_results.csv
189,168,5,none,medium,40.04614338613995,Java_none_Java_medium_results.csv
189,166,5,none,medium,44.60221297420976,Java_none_Java_medium_results.csv
189,171,5,none,medium,35.35011370678471,Java_none_Java_medium_results.csv
189,192,5,none,medium,40.4733477963971,Java_none_Java_medium_results.csv
189,169,5,none,medium,52.501196320851776,Java_none_Java_medium_results.csv
189,202,5,none,medium,35.83521794917497,Java_none_Java_medium_results.csv
189,203,5,none,medium,24.620552376194503,Java_none_Java_medium_results.csv
189,151,5,none,medium,83.85549066841335,Java_none_Java_medium_results.csv
189,210,5,none,medium,27.005583780155263,Java_none_Java_medium_results.csv
189,207,5,none,medium,45.283441251065824,Java_none_Java_medium_results.csv
189,215,5,none,medium,31.280137318858625,Java_none_Java_medium_results.csv
189,206,5,none,medium,49.89092314002363,Java_none_Java_medium_results.csv
189,214,5,none,medium,66.30602167553195,Java_none_Java_medium_results.csv
196,6,5,none,medium,69.46156845245775,Java_none_Java_medium_results.csv
196,4,5,none,medium,72.96169323048316,Java_none_Java_medium_results.csv
196,19,5,none,medium,67.974052673158,Java_none_Java_medium_results.csv
196,24,5,none,medium,73.06023536431726,Java_none_Java_medium_results.csv
196,20,5,none,medium,81.82617306802973,Java_none_Java_medium_results.csv
196,17,5,none,medium,82.95312968145677,Java_none_Java_medium_results.csv
196,16,5,none,medium,92.64111610385764,Java_none_Java_medium_results.csv
196,42,5,none,medium,60.27930906960487,Java_none_Java_medium_results.csv
196,33,5,none,medium,67.6724980539212,Java_none_Java_medium_results.csv
196,40,5,none,medium,74.19676188488981,Java_none_Java_medium_results.csv
196,32,5,none,medium,77.28705343668938,Java_none_Java_medium_results.csv
196,25,5,none,medium,78.71833218444377,Java_none_Java_medium_results.csv
196,53,5,none,medium,69.65222525635316,Java_none_Java_medium_results.csv
196,51,5,none,medium,63.34228082686148,Java_none_Java_medium_results.csv
196,62,5,none,medium,65.82991101656683,Java_none_Java_medium_results.csv
196,66,5,none,medium,62.28098143955734,Java_none_Java_medium_results.csv
196,70,5,none,medium,65.75447834900498,Java_none_Java_medium_results.csv
196,57,5,none,medium,70.23577176664982,Java_none_Java_medium_results.csv
196,54,5,none,medium,97.3260020424958,Java_none_Java_medium_results.csv
196,55,5,none,medium,108.726158269757,Java_none_Java_medium_results.csv
196,81,5,none,medium,64.33485389875625,Java_none_Java_medium_results.csv
196,73,5,none,medium,75.8438522789723,Java_none_Java_medium_results.csv
196,61,5,none,medium,79.43096749833295,Java_none_Java_medium_results.csv
196,75,5,none,medium,75.41907486586709,Java_none_Java_medium_results.csv
196,88,5,none,medium,64.69417231066232,Java_none_Java_medium_results.csv
196,84,5,none,medium,70.83776123460346,Java_none_Java_medium_results.csv
196,91,5,none,medium,76.24043791885799,Java_none_Java_medium_results.csv
196,89,5,none,medium,76.18431911379476,Java_none_Java_medium_results.csv
196,108,5,none,medium,65.09315902322852,Java_none_Java_medium_results.csv
196,83,5,none,medium,79.35116550545219,Java_none_Java_medium_results.csv
196,105,5,none,medium,69.26153615585514,Java_none_Java_medium_results.csv
196,97,5,none,medium,67.56516684527267,Java_none_Java_medium_results.csv
196,115,5,none,medium,80.78842042404041,Java_none_Java_medium_results.csv
196,121,5,none,medium,69.39239598258578,Java_none_Java_medium_results.csv
196,143,5,none,medium,65.3140946065223,Java_none_Java_medium_results.csv
196,117,5,none,medium,79.35295518219424,Java_none_Java_medium_results.csv
196,133,5,none,medium,71.88121871548903,Java_none_Java_medium_results.csv
196,145,5,none,medium,72.35450045263029,Java_none_Java_medium_results.csv
196,135,5,none,medium,71.84552399349008,Java_none_Java_medium_results.csv
196,147,5,none,medium,66.30759803008445,Java_none_Java_medium_results.csv
196,155,5,none,medium,65.50859809478149,Java_none_Java_medium_results.csv
196,142,5,none,medium,83.9927284076242,Java_none_Java_medium_results.csv
196,171,5,none,medium,73.95300966255974,Java_none_Java_medium_results.csv
196,158,5,none,medium,87.16498246570792,Java_none_Java_medium_results.csv
196,192,5,none,medium,73.53107423021802,Java_none_Java_medium_results.csv
196,168,5,none,medium,74.57285300878193,Java_none_Java_medium_results.csv
196,166,5,none,medium,80.45967307217255,Java_none_Java_medium_results.csv
196,202,5,none,medium,71.2673193558081,Java_none_Java_medium_results.csv
196,203,5,none,medium,61.639262976432136,Java_none_Java_medium_results.csv
196,169,5,none,medium,85.61477338459372,Java_none_Java_medium_results.csv
201,4,5,none,medium,29.41666916945204,Java_none_Java_medium_results.csv
201,6,5,none,medium,23.99091482305772,Java_none_Java_medium_results.csv
196,210,5,none,medium,63.76598189230249,Java_none_Java_medium_results.csv
196,151,5,none,medium,112.95089292658864,Java_none_Java_medium_results.csv
201,17,5,none,medium,35.57046931869976,Java_none_Java_medium_results.csv
196,215,5,none,medium,66.54890683333008,Java_none_Java_medium_results.csv
201,16,5,none,medium,47.12744927029769,Java_none_Java_medium_results.csv
201,19,5,none,medium,21.892336723025053,Java_none_Java_medium_results.csv
196,207,5,none,medium,82.268985243272,Java_none_Java_medium_results.csv
201,20,5,none,medium,35.04148653941292,Java_none_Java_medium_results.csv
201,24,5,none,medium,31.230861371701003,Java_none_Java_medium_results.csv
201,32,5,none,medium,30.310069956372462,Java_none_Java_medium_results.csv
201,33,5,none,medium,25.016176382215097,Java_none_Java_medium_results.csv
201,25,5,none,medium,31.31550482890573,Java_none_Java_medium_results.csv
196,206,5,none,medium,81.86662819531666,Java_none_Java_medium_results.csv
201,40,5,none,medium,26.52398371256642,Java_none_Java_medium_results.csv
201,42,5,none,medium,12.778037379095531,Java_none_Java_medium_results.csv
201,51,5,none,medium,20.295360208455406,Java_none_Java_medium_results.csv
201,53,5,none,medium,21.162769620325072,Java_none_Java_medium_results.csv
201,54,5,none,medium,58.11387745164136,Java_none_Java_medium_results.csv
201,57,5,none,medium,24.161733826031742,Java_none_Java_medium_results.csv
201,62,5,none,medium,18.41544839133148,Java_none_Java_medium_results.csv
201,55,5,none,medium,67.44796711247776,Java_none_Java_medium_results.csv
201,61,5,none,medium,39.33562173824912,Java_none_Java_medium_results.csv
201,66,5,none,medium,17.303219800466156,Java_none_Java_medium_results.csv
201,70,5,none,medium,17.22444629813537,Java_none_Java_medium_results.csv
201,81,5,none,medium,20.010026255874504,Java_none_Java_medium_results.csv
201,75,5,none,medium,32.50656201633596,Java_none_Java_medium_results.csv
201,73,5,none,medium,34.64741709110881,Java_none_Java_medium_results.csv
201,88,5,none,medium,16.226572403199803,Java_none_Java_medium_results.csv
201,83,5,none,medium,39.24509519443579,Java_none_Java_medium_results.csv
201,84,5,none,medium,31.110182331700763,Java_none_Java_medium_results.csv
196,214,5,none,medium,95.58969315531093,Java_none_Java_medium_results.csv
201,89,5,none,medium,34.401160096932976,Java_none_Java_medium_results.csv
201,91,5,none,medium,30.94048069141385,Java_none_Java_medium_results.csv
201,105,5,none,medium,21.54008081975436,Java_none_Java_medium_results.csv
201,97,5,none,medium,26.09070220565823,Java_none_Java_medium_results.csv
201,108,5,none,medium,20.73727229604703,Java_none_Java_medium_results.csv
201,117,5,none,medium,41.9047066118215,Java_none_Java_medium_results.csv
201,115,5,none,medium,37.1201732096356,Java_none_Java_medium_results.csv
201,121,5,none,medium,25.671926791379125,Java_none_Java_medium_results.csv
201,133,5,none,medium,24.835048564008947,Java_none_Java_medium_results.csv
201,143,5,none,medium,21.77954884494154,Java_none_Java_medium_results.csv
201,135,5,none,medium,27.371691862144157,Java_none_Java_medium_results.csv
201,142,5,none,medium,44.96719314760208,Java_none_Java_medium_results.csv
201,145,5,none,medium,23.17763964889385,Java_none_Java_medium_results.csv
201,147,5,none,medium,18.37970789997894,Java_none_Java_medium_results.csv
201,155,5,none,medium,22.211623173775116,Java_none_Java_medium_results.csv
201,158,5,none,medium,41.39678917619349,Java_none_Java_medium_results.csv
201,166,5,none,medium,35.49779429250058,Java_none_Java_medium_results.csv
201,168,5,none,medium,28.890703732462995,Java_none_Java_medium_results.csv
201,171,5,none,medium,30.040667802667407,Java_none_Java_medium_results.csv
201,151,5,none,medium,72.36046486803167,Java_none_Java_medium_results.csv
201,192,5,none,medium,29.1118194203506,Java_none_Java_medium_results.csv
201,169,5,none,medium,45.49626954505887,Java_none_Java_medium_results.csv
201,202,5,none,medium,29.089554015862944,Java_none_Java_medium_results.csv
201,203,5,none,medium,13.421925408442576,Java_none_Java_medium_results.csv
201,210,5,none,medium,16.819946488682113,Java_none_Java_medium_results.csv
201,207,5,none,medium,42.299032139462085,Java_none_Java_medium_results.csv
204,4,5,none,medium,28.826920376592582,Java_none_Java_medium_results.csv
201,206,5,none,medium,43.20021949809134,Java_none_Java_medium_results.csv
204,6,5,none,medium,19.944294776807727,Java_none_Java_medium_results.csv
201,215,5,none,medium,25.50367317048287,Java_none_Java_medium_results.csv
204,16,5,none,medium,48.11290876711615,Java_none_Java_medium_results.csv
201,214,5,none,medium,55.97640888153797,Java_none_Java_medium_results.csv
204,17,5,none,medium,35.36418189340094,Java_none_Java_medium_results.csv
204,19,5,none,medium,17.135874566448287,Java_none_Java_medium_results.csv
204,24,5,none,medium,29.08883502507416,Java_none_Java_medium_results.csv
204,20,5,none,medium,32.68232668375114,Java_none_Java_medium_results.csv
204,25,5,none,medium,29.823930683690843,Java_none_Java_medium_results.csv
204,32,5,none,medium,29.99187441703233,Java_none_Java_medium_results.csv
204,33,5,none,medium,20.035771835681896,Java_none_Java_medium_results.csv
204,42,5,none,medium,5.986814452426975,Java_none_Java_medium_results.csv
204,40,5,none,medium,23.437555033132767,Java_none_Java_medium_results.csv
204,51,5,none,medium,16.457884659693732,Java_none_Java_medium_results.csv
204,53,5,none,medium,17.060504551537893,Java_none_Java_medium_results.csv
204,54,5,none,medium,52.75584793565208,Java_none_Java_medium_results.csv
204,55,5,none,medium,69.38117562096829,Java_none_Java_medium_results.csv
204,57,5,none,medium,19.71911544032109,Java_none_Java_medium_results.csv
204,62,5,none,medium,12.944981974552103,Java_none_Java_medium_results.csv
204,66,5,none,medium,12.146127204167913,Java_none_Java_medium_results.csv
204,61,5,none,medium,36.40632354962431,Java_none_Java_medium_results.csv
204,70,5,none,medium,12.97767462518941,Java_none_Java_medium_results.csv
204,73,5,none,medium,30.440430492951347,Java_none_Java_medium_results.csv
204,75,5,none,medium,28.52980507858013,Java_none_Java_medium_results.csv
204,81,5,none,medium,13.37838874634594,Java_none_Java_medium_results.csv
204,83,5,none,medium,36.18290807858221,Java_none_Java_medium_results.csv
204,88,5,none,medium,11.073363273731111,Java_none_Java_medium_results.csv
204,84,5,none,medium,28.930408997862514,Java_none_Java_medium_results.csv
204,89,5,none,medium,31.40968596589231,Java_none_Java_medium_results.csv
204,91,5,none,medium,27.8087012381547,Java_none_Java_medium_results.csv
204,97,5,none,medium,21.82039922383506,Java_none_Java_medium_results.csv
204,108,5,none,medium,14.512454987905768,Java_none_Java_medium_results.csv
204,105,5,none,medium,18.307497119830188,Java_none_Java_medium_results.csv
204,115,5,none,medium,36.58732003238368,Java_none_Java_medium_results.csv
204,117,5,none,medium,37.952352663746325,Java_none_Java_medium_results.csv
204,121,5,none,medium,23.72522351551212,Java_none_Java_medium_results.csv
204,133,5,none,medium,21.887295263938245,Java_none_Java_medium_results.csv
204,135,5,none,medium,25.654833718865053,Java_none_Java_medium_results.csv
204,142,5,none,medium,41.4978469101203,Java_none_Java_medium_results.csv
204,143,5,none,medium,17.459250776784234,Java_none_Java_medium_results.csv
204,145,5,none,medium,22.774647471573296,Java_none_Java_medium_results.csv
204,147,5,none,medium,15.41018505958235,Java_none_Java_medium_results.csv
204,155,5,none,medium,17.66189590191298,Java_none_Java_medium_results.csv
204,158,5,none,medium,42.83107124714655,Java_none_Java_medium_results.csv
204,166,5,none,medium,29.277920866633508,Java_none_Java_medium_results.csv
204,151,5,none,medium,72.64574034090684,Java_none_Java_medium_results.csv
204,169,5,none,medium,41.22965375340642,Java_none_Java_medium_results.csv
204,168,5,none,medium,25.75113659042666,Java_none_Java_medium_results.csv
204,171,5,none,medium,26.50993654652055,Java_none_Java_medium_results.csv
204,192,5,none,medium,25.535862730731896,Java_none_Java_medium_results.csv
204,203,5,none,medium,7.216072113413631,Java_none_Java_medium_results.csv
204,202,5,none,medium,23.432610598944933,Java_none_Java_medium_results.csv
204,207,5,none,medium,38.81239106014804,Java_none_Java_medium_results.csv
204,206,5,none,medium,40.49793011653131,Java_none_Java_medium_results.csv
204,210,5,none,medium,13.467282131713162,Java_none_Java_medium_results.csv
204,215,5,none,medium,19.592249415490816,Java_none_Java_medium_results.csv
204,214,5,none,medium,54.55452643288252,Java_none_Java_medium_results.csv
211,6,5,none,medium,35.054056920908394,Java_none_Java_medium_results.csv
211,4,5,none,medium,38.50224858281815,Java_none_Java_medium_results.csv
211,19,5,none,medium,33.09134480967856,Java_none_Java_medium_results.csv
211,20,5,none,medium,43.370922573113056,Java_none_Java_medium_results.csv
211,24,5,none,medium,43.93611062568051,Java_none_Java_medium_results.csv
211,17,5,none,medium,44.95179908435225,Java_none_Java_medium_results.csv
211,16,5,none,medium,55.391207766075546,Java_none_Java_medium_results.csv
211,25,5,none,medium,40.973661143498,Java_none_Java_medium_results.csv
211,42,5,none,medium,27.29099114339191,Java_none_Java_medium_results.csv
211,33,5,none,medium,37.69970098684078,Java_none_Java_medium_results.csv
211,40,5,none,medium,36.99047072764341,Java_none_Java_medium_results.csv
211,32,5,none,medium,38.38274452866816,Java_none_Java_medium_results.csv
211,53,5,none,medium,31.9286777888925,Java_none_Java_medium_results.csv
211,51,5,none,medium,34.09652289801429,Java_none_Java_medium_results.csv
211,57,5,none,medium,34.57422074236923,Java_none_Java_medium_results.csv
211,62,5,none,medium,30.440862236268167,Java_none_Java_medium_results.csv
211,54,5,none,medium,69.22725361525501,Java_none_Java_medium_results.csv
211,66,5,none,medium,31.117453019807822,Java_none_Java_medium_results.csv
211,70,5,none,medium,29.36289704807058,Java_none_Java_medium_results.csv
211,61,5,none,medium,50.24555841736573,Java_none_Java_medium_results.csv
211,55,5,none,medium,72.36026921857716,Java_none_Java_medium_results.csv
211,73,5,none,medium,45.43823846182181,Java_none_Java_medium_results.csv
211,81,5,none,medium,33.29763245490816,Java_none_Java_medium_results.csv
211,75,5,none,medium,46.27778453318599,Java_none_Java_medium_results.csv
211,88,5,none,medium,28.58127736619783,Java_none_Java_medium_results.csv
211,84,5,none,medium,43.4137829039805,Java_none_Java_medium_results.csv
211,91,5,none,medium,42.80798481766194,Java_none_Java_medium_results.csv
211,83,5,none,medium,50.74781516004172,Java_none_Java_medium_results.csv
211,89,5,none,medium,47.634487372221486,Java_none_Java_medium_results.csv
211,97,5,none,medium,37.63438539352259,Java_none_Java_medium_results.csv
211,105,5,none,medium,33.50323747836855,Java_none_Java_medium_results.csv
211,108,5,none,medium,34.0228563172057,Java_none_Java_medium_results.csv
211,121,5,none,medium,38.49695399764134,Java_none_Java_medium_results.csv
211,115,5,none,medium,46.586093546295714,Java_none_Java_medium_results.csv
211,117,5,none,medium,53.1997382765563,Java_none_Java_medium_results.csv
211,133,5,none,medium,36.5425224354312,Java_none_Java_medium_results.csv
211,143,5,none,medium,35.649938627262095,Java_none_Java_medium_results.csv
211,135,5,none,medium,37.73213008083537,Java_none_Java_medium_results.csv
211,145,5,none,medium,35.19218130406377,Java_none_Java_medium_results.csv
211,142,5,none,medium,54.79990870498974,Java_none_Java_medium_results.csv
211,147,5,none,medium,30.8516703557778,Java_none_Java_medium_results.csv
211,155,5,none,medium,35.356198711776216,Java_none_Java_medium_results.csv
211,158,5,none,medium,48.381902255624745,Java_none_Java_medium_results.csv
211,166,5,none,medium,45.01787224997798,Java_none_Java_medium_results.csv
211,168,5,none,medium,39.30141645819575,Java_none_Java_medium_results.csv
211,171,5,none,medium,43.7961255214843,Java_none_Java_medium_results.csv
211,192,5,none,medium,39.16516615300394,Java_none_Java_medium_results.csv
211,169,5,none,medium,57.24916571289646,Java_none_Java_medium_results.csv
211,151,5,none,medium,81.41497825110191,Java_none_Java_medium_results.csv
211,203,5,none,medium,27.17543795686342,Java_none_Java_medium_results.csv
211,202,5,none,medium,41.87908197852896,Java_none_Java_medium_results.csv
211,210,5,none,medium,30.67298431334973,Java_none_Java_medium_results.csv
211,207,5,none,medium,53.60696383238589,Java_none_Java_medium_results.csv
211,215,5,none,medium,38.70213682602456,Java_none_Java_medium_results.csv
211,206,5,none,medium,55.53836043345951,Java_none_Java_medium_results.csv
211,214,5,none,medium,62.961397567664,Java_none_Java_medium_results.csv
