exp_a,exp_b,trial_id,expertise_a,expertise_b,Shape,Length,Direction,Position,Duration
4,6,2,medium,medium,0.1143588842565382,-0.0734365985637117,0.1199345195134993,0.1809289170823248,-0.1778995542871434
4,14,2,medium,medium,0.1138046598586181,-0.0958633397233691,0.1067046581115144,0.1676800914899394,-0.1726783514145842
4,15,2,medium,medium,0.1121545723097671,0.0148827202342934,0.1123589747428679,0.1038882113670924,-0.152531603191444
4,16,2,medium,medium,0.1190232553044412,-0.0638818276116895,0.1014070593207173,0.1737844321043548,-0.1952961023113599
4,17,2,medium,medium,0.1133961314680944,-0.072665571900058,0.1037882950178139,0.168952023273369,-0.2120350795608996
4,18,2,medium,medium,0.1074212911174182,-0.0258608935975472,0.1000415267708511,0.1390460614908052,-0.1797876627264749
4,20,2,medium,medium,0.1129325607454521,-0.0989978645985645,0.1001851575825608,0.1531020466912644,-0.2159810013857104
4,24,2,medium,medium,0.1118644341610043,0.0254204070029928,0.1076514532641745,0.1545359208359056,-0.2028179709788156
4,25,2,medium,medium,0.1151833136991105,-0.0566425591132763,0.1202895256894468,0.1358728155297842,-0.1657497250256977
4,32,2,medium,medium,0.1107666591793612,0.0279002074025594,0.0973066705230669,0.1637146461769928,-0.2316054922244467
4,33,2,medium,medium,0.1208068605102226,0.0053119674200518,0.1074543400507029,0.1168004020114147,-0.1904703458280505
4,40,2,medium,medium,0.1090442685043652,-0.0861447665824711,0.1029184741969729,0.1493412022687158,-0.1764020206106833
4,42,2,medium,medium,0.114937832445499,0.0236552079365809,0.1247257748118397,0.1742239409800285,-0.1979479744009514
4,50,2,medium,medium,0.1185409230022875,-0.0517417193655115,0.1334416517450863,0.1463226131485063,-0.1865050552703364
4,51,2,medium,medium,0.1145125942837509,-0.0093502895044642,0.1020614657993834,0.1594192064632759,-0.1787211152857271
4,53,2,medium,medium,0.1162382966675695,-0.049164652874021,0.1004618592663401,0.1572666455437469,-0.2085210780784496
4,54,2,medium,medium,0.1115062534120985,-0.0096593856316603,0.1074982629448075,0.1244839582446719,-0.245161532231169
4,55,2,medium,medium,0.1184945535452931,-0.0213891705095561,0.1495056214194089,0.189505808995251,-0.213214051098555
4,57,2,medium,medium,0.110058148408811,-0.060638650986603,0.1058289121686609,0.1472615959489782,-0.2147552843482489
4,58,2,medium,medium,0.1186019707163203,-0.1257428281386645,0.1107343654304806,0.1543463582472174,-0.2527433511711663
4,61,2,medium,medium,0.1203085897503387,-0.0600186111113427,0.1373087002188177,0.1520698049341979,-0.1403526715689579
4,62,2,medium,medium,0.1126811378690618,-0.0436443552709632,0.1080515808990556,0.1814135882232671,-0.1877976910063091
4,66,2,medium,medium,0.1138855911694327,0.0493728768917112,0.1448275302062441,0.1564105435211105,-0.1463274917731385
4,72,2,medium,medium,0.1146458391598568,-0.0481992327393411,0.1069395804632292,0.1367851731984598,-0.1351028082852974
4,73,2,medium,medium,0.1074446083417687,-0.1074594375142075,0.1040601703729321,0.1321112418842017,-0.2057197186257084
4,75,2,medium,medium,0.1038892143140265,-0.0323392594512275,0.1040926684948818,0.135425876210649,-0.1980850093600403
4,81,2,medium,medium,0.1167097097271709,-0.077323048281405,0.1259561324414779,0.1350821114554273,-0.190660775418141
4,83,2,medium,medium,0.1165783364258844,0.0100485221378693,0.1044976420103783,0.1333211727125374,-0.1663795188550404
4,84,2,medium,medium,0.1060253988721017,-0.0758684134411624,0.096067766602596,0.1643704120903126,-0.185963756313656
4,88,2,medium,medium,0.1334927926490589,0.0585225762660464,0.1485658823366167,0.2357351944515767,-0.1571484045905424
4,89,2,medium,medium,0.1141854654039845,-0.0520553301557568,0.1143332516660193,0.1235592731368053,-0.1924336721156163
4,91,2,medium,medium,0.1066972718430354,0.027652425767871,0.1142009135885312,0.1334545638229778,-0.2356601527825333
4,97,2,medium,medium,0.1168204783926856,-0.0038340894451327,0.1292216462578079,0.1360823341194799,-0.2086074499166612
4,105,2,medium,medium,0.1232539815978961,-0.0904458384878358,0.1130329731753175,0.1560431420415901,-0.2517235347376477
4,108,2,medium,medium,0.128718548355144,-0.0310269699000345,0.1172240132184414,0.1273835563221469,-0.2232706519091731
4,112,2,medium,medium,0.1052881831156206,-0.0792594441289443,0.0955392731224302,0.1330867379196562,-0.2079469514806311
4,115,2,medium,medium,0.1197223607870907,-0.0895757953264003,0.1309624916213057,0.1619984431939823,-0.1324678815879965
4,117,2,medium,medium,0.1214806156980068,-0.0717067642720913,0.1120975837433935,0.1690916845790065,-0.1521633986263256
4,120,2,medium,medium,0.1157249129962102,-0.0709391233880381,0.1066257049023257,0.1305822925547909,-0.1755643516916427
4,125,2,medium,medium,0.1114657310136003,-0.1102542068027209,0.1129811648141538,0.1494252862456481,-0.2128039484650856
4,135,2,medium,medium,0.1124686903034722,-0.0813782776647674,0.1294390196442587,0.1349947298927366,-0.1726017907641321
4,142,2,medium,medium,0.1200833567917476,0.0184726818012942,0.1050668097571072,0.1497510011890155,-0.1657303937712598
4,143,2,medium,medium,0.1123996238808363,0.0621608517313174,0.0948017699059543,0.135529366753756,-0.2580763479747394
4,145,2,medium,medium,0.1131574535056416,-0.0758943588118845,0.1094999130354482,0.1923433785693454,-0.2091494237906095
4,147,2,medium,medium,0.116707074917753,-0.0548236799494079,0.1150397147106179,0.1504048614559339,-0.1660596943256682
4,151,2,medium,medium,0.1167073911328302,-0.0309511895258363,0.1155544758349579,0.1631565064143789,-0.1432631858044438
4,155,2,medium,medium,0.1146788386222479,-0.0077951159706887,0.106353708140006,0.1475422817189943,-0.1822828848014261
4,158,2,medium,medium,0.1107678107645222,-0.014179489932951,0.1228354626390009,0.1617452909323857,-0.1671644838821496
4,168,2,medium,medium,0.1172110371581354,-0.0427944862366582,0.1288276807669999,0.1750190553916514,-0.1658944163515752
4,169,2,medium,medium,0.1137035720472239,-0.0138499893765311,0.106625242786684,0.1704787867549134,-0.2089840141225759
4,171,2,medium,medium,0.1092782903577841,-0.0060531524535866,0.0952293359303395,0.1196185544952126,-0.252004990626784
4,185,2,medium,medium,0.1266826438440725,-0.0746813899908557,0.1215335046433694,0.1765866533839014,-0.195193188457019
4,190,2,medium,medium,0.1178409512177546,0.0845898135291863,0.1165956661210365,0.1915344703467364,-0.2268419211255079
4,191,2,medium,medium,0.1197691591538127,-0.0641032695396426,0.1188091556737805,0.1433360230977609,-0.1937215157215323
4,192,2,medium,medium,0.1079740945326347,-0.0959995882599923,0.1014420340834942,0.1256552137250518,-0.1703006324683577
4,194,2,medium,medium,0.1219992200183475,-0.039200985290578,0.1324922608808963,0.1816522077872228,-0.1681864615280119
4,197,2,medium,medium,0.1109114079825434,-0.1291368485501983,0.0921322091426665,0.1469379739481823,-0.2255538800107582
4,202,2,medium,medium,0.1220707733376602,-0.0359957484115732,0.1294188741984722,0.1529872110782634,-0.2008596946500712
4,203,2,medium,medium,0.1164671114336683,-0.1121076002988119,0.1209396413845952,0.1039284096581816,-0.1628984984147081
4,206,2,medium,medium,0.1269534772274999,-0.0820632349810792,0.1158504658405299,0.1595952621264619,-0.1819685384863056
4,207,2,medium,medium,0.1249643194547425,-0.0557818230894102,0.1316202192330803,0.1306072487436195,-0.2283494928794718
4,210,2,medium,medium,0.1164030298685837,-0.1211182719998498,0.1029479697825219,0.1587510345563961,-0.1779856523743983
4,212,2,medium,medium,0.1050396516917593,-0.0781596098379101,0.10580503983902,0.1459137688911275,-0.1589472928859819
4,214,2,medium,medium,0.1142777105502337,-0.0718525317512656,0.1272128737484315,0.1230065083244841,-0.195620685876112
4,215,2,medium,medium,0.1097427016504799,-0.054626303131705,0.1079615029060221,0.1509337228984767,-0.1337348707928711
6,14,2,medium,medium,0.1180494738471836,-0.0758036315205061,0.1218691906641804,0.1528979557349205,-0.1338683224959966
6,15,2,medium,medium,0.1120264276350422,-0.0731324595088749,0.1228008922616755,0.1655961152040534,-0.1374248894771609
6,16,2,medium,medium,0.1187585733309987,-0.0258867032177851,0.1285833929761696,0.1656311457957757,-0.174271696242246
6,17,2,medium,medium,0.1193303958875232,-0.0996692556556866,0.1383208244059744,0.1472849773692893,-0.1453055246164596
6,18,2,medium,medium,0.1188284171680841,-0.0018284851513604,0.1267602128802115,0.1948646964072163,-0.1525905174040934
6,20,2,medium,medium,0.1261080032749035,-0.0730780077588497,0.1173047053546011,0.1452873328538079,-0.1864577131172463
6,24,2,medium,medium,0.1110468337838367,-0.0718145069261061,0.1129459859767478,0.1708088186572633,-0.2244584867608057
6,25,2,medium,medium,0.1109997419616916,-0.0821450750410379,0.1200362229448052,0.1567291590863411,-0.1450836826480991
6,32,2,medium,medium,0.1199849108898828,-0.0762571172786149,0.1251306879431521,0.1587356949448439,-0.1709550367718464
6,33,2,medium,medium,0.1146767338181445,-0.0442638025838558,0.1430271500755948,0.1379064686101476,-0.187501105404202
6,40,2,medium,medium,0.1165123335348425,-0.0604516228098227,0.1112915813307149,0.1479627935337647,-0.1779472674787071
6,42,2,medium,medium,0.1080883031479281,-0.0407909089382836,0.1080572077169208,0.1363787252823944,-0.1203011859184002
6,50,2,medium,medium,0.114808853615413,-0.0050729043016267,0.1176583476947211,0.1546326873737816,-0.1202657273747642
6,51,2,medium,medium,0.1149912746233753,-0.0287552038385778,0.0953709663136394,0.123713335833638,-0.1590926427892558
6,53,2,medium,medium,0.0967392595565351,-0.0580970489447774,0.0934443500484616,0.140396906211501,-0.111064174446575
6,54,2,medium,medium,0.113712333040663,-0.0369343994314085,0.1158498693580645,0.135832689786475,-0.1853728255825888
6,55,2,medium,medium,0.1214152948137951,0.0042215039618377,0.1389454675497012,0.154524493843293,-0.2560952616682441
6,57,2,medium,medium,0.1208411540579822,-0.0235948780296415,0.1144694598401004,0.1286956238496162,-0.0876866765640729
6,58,2,medium,medium,0.1091241413767065,-0.1251767068893815,0.1014816341913605,0.1598589447063032,-0.2045980359094352
6,61,2,medium,medium,0.1044295548625976,-0.0402980635276105,0.1067964075025622,0.1538336799800541,-0.1607954367168127
6,62,2,medium,medium,0.1334297599333914,-0.1244240759857302,0.1234432005188423,0.143713523325268,-0.1406548839294851
6,66,2,medium,medium,0.1163458418337529,-0.0402867249152323,0.1192031215269873,0.1220212643640936,-0.1113678343183502
6,72,2,medium,medium,0.1219983041205762,0.0099164941028748,0.1335165630383874,0.1736290061828307,-0.1041439900377594
6,73,2,medium,medium,0.1232317889237699,-0.0424036816024792,0.1408484455240333,0.1780880986705337,-0.121512267411877
6,75,2,medium,medium,0.124671989925602,0.000649151405875,0.1148511031003878,0.1298814370522116,-0.217798754830762
6,81,2,medium,medium,0.1327415552588443,-0.0599721864944868,0.140847907655869,0.1495030696015243,-0.0933820598505285
6,83,2,medium,medium,0.1191027346010787,-0.0625107574271741,0.1382626208008019,0.1475555372621581,-0.1417245747256914
6,84,2,medium,medium,0.113775410220329,-0.069807636891936,0.1253201008321748,0.1347287295433058,-0.1089674453929797
6,88,2,medium,medium,0.1186727832581389,-0.0026946850084372,0.1332113732835499,0.15322707276847,-0.0701240266244858
6,89,2,medium,medium,0.1231629913382081,-0.0328962809171818,0.1360662034610051,0.1470068283726869,-0.1887474855183797
6,91,2,medium,medium,0.1100189985936863,-0.0342881796194989,0.0950319370154382,0.1585601861697457,-0.2867154005923985
6,97,2,medium,medium,0.1199089495558545,-0.0360225750211977,0.1213883558119649,0.1320373231870935,-0.1874684346888782
6,105,2,medium,medium,0.1046062632863226,-0.1618795100856849,0.1043247161686732,0.1805725772758232,-0.0844832475942496
6,108,2,medium,medium,0.1134219794295502,-0.1118500882188459,0.1082944406152841,0.145492713785393,-0.1253821857926423
6,112,2,medium,medium,0.1094562791968408,-0.1072283326453965,0.118627242484131,0.1294844142039554,-0.1106959947416296
6,115,2,medium,medium,0.1227046419215408,-0.0392641269957734,0.1134583596040089,0.1660891790095675,-0.2059133574394505
6,117,2,medium,medium,0.11960800690278,-0.0359474155989912,0.1167645374090717,0.1505303602632609,-0.2023056655268675
6,120,2,medium,medium,0.1122314648936845,-0.0795322960114324,0.1246711039549149,0.1701646810016421,-0.1240387102092054
6,125,2,medium,medium,0.1081473309919883,-0.1356136059036372,0.1006490086140184,0.1486779050161524,-0.0878521821688449
6,135,2,medium,medium,0.1228968700390737,-0.0670384927902514,0.1330526041719918,0.1651426939420415,-0.0877645927518374
6,142,2,medium,medium,0.1214356802856351,-0.023790767345303,0.1230524350163689,0.1344837973328874,-0.1511264174773789
6,143,2,medium,medium,0.1102272428965622,-0.0850381849853713,0.1032117280382317,0.1384688203247075,-0.3069051382500565
6,145,2,medium,medium,0.106454529950747,-0.0622006615504531,0.1050674273653575,0.1395078213005464,-0.1071877203721037
6,147,2,medium,medium,0.1240074267413551,-0.0594226533299726,0.1081851877895052,0.1732839709547632,-0.0943937177144077
6,151,2,medium,medium,0.1293893438762868,-0.0202662691546684,0.1540734162316671,0.1982556667106282,-0.151912768819392
6,155,2,medium,medium,0.1218104203612301,-0.0658388974131324,0.1281956413664229,0.1617139675913749,-0.1038860741307979
6,158,2,medium,medium,0.1086149295055376,-0.0305468592001897,0.1022679177709309,0.1616890383871957,-0.2241136343829293
6,168,2,medium,medium,0.1233022653734925,-0.0017150313084332,0.14312404568331,0.1795534901199682,-0.1373396026396782
6,169,2,medium,medium,0.1267470841993075,-0.0553892249405687,0.1142720565229132,0.1560418304538249,-0.1376879310166731
6,171,2,medium,medium,0.1157975157639277,-0.0232476081729362,0.1254003579171524,0.180317234356517,-0.2499488557951683
6,185,2,medium,medium,0.1375284898997393,-0.1020449327353441,0.1334975877658131,0.1645702421857866,-0.1578762424670083
6,190,2,medium,medium,0.1207473902103188,-0.0791911648249847,0.1227350937390479,0.1060639647713698,-0.2124893798460601
6,191,2,medium,medium,0.115488226233281,-0.0472832602706119,0.1234102907540457,0.1351573043373052,-0.2033886283349953
6,192,2,medium,medium,0.128290748498939,-0.0538986337104423,0.1343924660984112,0.1612346024058426,-0.1793698032762202
6,194,2,medium,medium,0.1249251211879829,-0.0428126507587545,0.1403655713129975,0.1929098582737201,-0.1216445088417933
6,197,2,medium,medium,0.1103155734946492,-0.0745473935704862,0.1095762580709286,0.1703108637890261,-0.1837139314943686
6,202,2,medium,medium,0.1327781337388166,0.0095350364025109,0.1581107819503748,0.171482247540654,-0.1865215372892001
6,203,2,medium,medium,0.121874472376579,-0.0518740486972171,0.1007781434494726,0.1715184801642053,-0.1334787931768581
6,206,2,medium,medium,0.125769277636969,-0.0489197393895954,0.1205474414607893,0.1739023505130881,-0.0763843937579021
6,207,2,medium,medium,0.1248589886599632,-0.0535703734771397,0.1270905381991969,0.1581344494953697,-0.1423793414518632
6,210,2,medium,medium,0.1124200749240061,-0.0911842232774602,0.1223977045591439,0.1760518291236733,-0.1139343023658017
6,212,2,medium,medium,0.1148366546927421,-0.2072801134293086,0.1410999572927688,0.1710369040548284,-0.096064529108095
6,214,2,medium,medium,0.1236803780018139,-0.0387660724676136,0.1113159402462385,0.1888304888815176,-0.09391693603422
6,215,2,medium,medium,0.117404630941628,-0.0465707447294054,0.1227989279552426,0.0985513235435449,-0.1784495136094888
14,15,2,medium,medium,0.1229814962085233,-0.1580826655879442,0.1226075175749026,0.1197655085022098,-0.1856005402952684
14,16,2,medium,medium,0.112917789674477,-0.1075587317687394,0.0946719799019567,0.1829983079411078,-0.2096528507564719
14,17,2,medium,medium,0.1128676200796905,-0.1050351884684501,0.1205153398647786,0.1471633447627874,-0.1285022313977658
14,18,2,medium,medium,0.1082917055352011,-0.067538688209438,0.1045918487517842,0.1166606349474881,-0.2033689435842886
14,20,2,medium,medium,0.1058772405902951,-0.0915432506166971,0.106347818299,0.1758867377561233,-0.2093969412267584
14,24,2,medium,medium,0.115364059989292,-0.0497018055851401,0.1042951920653829,0.1274515350755698,-0.2489302218777368
14,25,2,medium,medium,0.1107663953181864,-0.0802052127769032,0.1187674551651462,0.1632326648813146,-0.1580844236955585
14,32,2,medium,medium,0.1277948227792047,-0.085093206374703,0.1182392652288526,0.1802211421044645,-0.1838383702991994
14,33,2,medium,medium,0.1146405531041202,-0.1043504986886948,0.1145736862460069,0.1184094912448785,-0.1796709353345966
14,40,2,medium,medium,0.1228187625871831,-0.0308522516984248,0.1076933006308741,0.1519442228156922,-0.1715240629283513
14,42,2,medium,medium,0.1191285908271074,-0.0386754989268086,0.1058687755684721,0.140140500127244,-0.1688139102617718
14,50,2,medium,medium,0.1262375664722993,-0.0639016665254504,0.1254626260704967,0.1249711428651676,-0.1136468722796579
14,51,2,medium,medium,0.1274500066261357,-0.0464021447912015,0.1256854581029749,0.1327200304297329,-0.2339255343491477
14,53,2,medium,medium,0.1080305471199697,-0.0796219160401263,0.1216082245774312,0.1285088023242167,-0.1547884174248663
14,54,2,medium,medium,0.1064696581570814,-0.0584051813509408,0.0951292191385728,0.1091856565954564,-0.1946971796297208
14,55,2,medium,medium,0.1098469591128853,0.013491023231939,0.1313067047878583,0.1824244562759573,-0.2175831384589738
14,57,2,medium,medium,0.1118349133464735,-0.0312088787812121,0.1049394773359811,0.0597226570405395,-0.1683196835911966
14,58,2,medium,medium,0.1135183364064136,-0.1719386886618428,0.1267439908960211,0.1285861904684929,-0.2624502434475166
14,61,2,medium,medium,0.1207548155387648,-0.1005685639292066,0.1030914494563691,0.1372542127991095,-0.1555528444014804
14,62,2,medium,medium,0.1234139105156278,-0.1902467621541864,0.1191478762762817,0.1507218949368393,-0.1317232233568263
14,66,2,medium,medium,0.1294932353567869,-0.0715776286766942,0.1293825666616641,0.1482085857383182,-0.1427327280194557
14,72,2,medium,medium,0.1139234918053865,-0.0805948463564142,0.1177070068633644,0.1452602906263645,-0.1436121929592489
14,73,2,medium,medium,0.1206163157240743,-0.0812956409216472,0.1255568472522789,0.1729010355507622,-0.1462106115076011
14,75,2,medium,medium,0.1054508388587319,-0.0806692483541517,0.1124785404375634,0.1455642556763381,-0.1879829047532695
14,81,2,medium,medium,0.1157262725676125,-0.1168650362334621,0.1196006196146997,0.1644539310888526,-0.1992884968780393
14,83,2,medium,medium,0.111429132796838,-0.0981926093210555,0.1262042258151476,0.1516218661930847,-0.1764417408461411
14,84,2,medium,medium,0.1122674401815333,-0.1321205567755091,0.0927069478341585,0.1445510212461047,-0.1913668713500704
14,88,2,medium,medium,0.1071387757404762,-0.1010644435133858,0.092170295896189,0.1891879493208657,-0.1279791653899074
14,89,2,medium,medium,0.1234362610549058,-0.0690582786040362,0.1246789575620079,0.1833712443065239,-0.1805165583076446
14,91,2,medium,medium,0.109429888962732,-0.1047337607159801,0.1090394211700168,0.1514855562401952,-0.2560336515525248
14,97,2,medium,medium,0.1179136431154737,-0.1190471506966948,0.1000816370729975,0.1450513549950487,-0.1776035226839232
14,105,2,medium,medium,0.1100087971964181,-0.0997590037460394,0.1135220400674267,0.1853889630853502,-0.1403900514976156
14,108,2,medium,medium,0.1281476393336378,-0.0374546797700601,0.1171260155864155,0.1228352383923331,-0.2134335123839714
14,112,2,medium,medium,0.1123293587523811,-0.1211705893553474,0.1087922515787948,0.1547922752011201,-0.1787661922362755
14,115,2,medium,medium,0.1263007100683186,-0.0610082443812698,0.1128844165388125,0.2091078810088723,-0.1508536857860265
14,117,2,medium,medium,0.1106941509024269,-0.1281007028079749,0.1306560835070912,0.1666087530583369,-0.2323221064435336
14,120,2,medium,medium,0.1192113799604088,-0.0753449328828508,0.1107997886393761,0.1540477291661426,-0.1840767912794743
14,125,2,medium,medium,0.1099788833649751,-0.1432601403429328,0.0927125037799506,0.1602752221586864,-0.1124062607864042
14,135,2,medium,medium,0.1143779096880347,-0.0790320378374324,0.1270388974358345,0.169990077108423,-0.1447159461172726
14,142,2,medium,medium,0.1165660245576755,-0.0226932098495813,0.1157799570966424,0.1339133605671847,-0.1323639457257264
14,143,2,medium,medium,0.1322268165540321,-0.0325493364175963,0.1188753105869312,0.153935700731676,-0.2192917301339426
14,145,2,medium,medium,0.1227491751031399,-0.0205550923399058,0.1324718628377821,0.0999133422765742,-0.1758088987319808
14,147,2,medium,medium,0.1283423451231676,-0.1264644481838968,0.1194327690977832,0.1850172510463663,-0.2005823001744722
14,151,2,medium,medium,0.1219721951018394,-0.0725212931625198,0.147473712011266,0.1689487902445819,-0.1815641857495303
14,155,2,medium,medium,0.1154014850627734,-0.0717393754077545,0.1188321856192966,0.1452840817083379,-0.1783986291356892
14,158,2,medium,medium,0.1082649692076808,-0.0891664506244958,0.1025843309348351,0.1761744371300786,-0.2034352169567196
14,168,2,medium,medium,0.1287301795291479,-0.0719339245885519,0.1406978604757167,0.173577815866016,-0.1739353858924092
14,169,2,medium,medium,0.1165208538297685,-0.1069001459660416,0.1311838345543524,0.1486477724669695,-0.1497298204259149
14,171,2,medium,medium,0.1221834608078041,-0.0947966899690831,0.1181762306115722,0.1278129182311864,-0.2348125078625508
14,185,2,medium,medium,0.1205834481322108,-0.0408427144618175,0.1207632243680056,0.1608586964135738,-0.1789974136715372
14,190,2,medium,medium,0.1205803197000688,-0.0703409438491191,0.1065031605074229,0.1463226578066356,-0.1711130107482195
14,191,2,medium,medium,0.1121155168008116,-0.0052844409871194,0.089804002547612,0.1528196471224869,-0.1730615729094284
14,192,2,medium,medium,0.1220552369743337,-0.1411749931005459,0.1308711277570063,0.1580855692185826,-0.1782117742088664
14,194,2,medium,medium,0.1234127808056279,-0.0467637236394096,0.1538018463698439,0.2015256562948604,-0.1586751141402141
14,197,2,medium,medium,0.1274920730668652,-0.0968072110648935,0.1113817567260223,0.1669575061923922,-0.2136719081977574
14,202,2,medium,medium,0.1240983246945525,-0.0121581194247214,0.1794416089417482,0.2109756157847097,-0.1681428387901785
14,203,2,medium,medium,0.1115958537597253,-0.163566215892549,0.1265399726320596,0.1154807375612277,-0.1672847949212468
14,206,2,medium,medium,0.1114732781199486,-0.066389404658535,0.1065674724574606,0.1792285405822472,-0.1327776646267907
14,207,2,medium,medium,0.1226841697037648,-0.120144799542267,0.1239756101187751,0.148215783475905,-0.1497944167861208
14,210,2,medium,medium,0.1167215635719317,-0.0923215281458045,0.1249169743873855,0.1612565467044111,-0.1249839666869889
14,212,2,medium,medium,0.1153183120390941,-0.1494683886787209,0.1288397262853,0.171036077227012,-0.1959971951876561
14,214,2,medium,medium,0.1228610167360153,-0.0554882265753482,0.1077945350911558,0.1548307827207126,-0.1511574624456252
14,215,2,medium,medium,0.1170210412528255,-0.1231434279556145,0.1318832799076824,0.0879943286720507,-0.1624535620010677
15,16,2,medium,medium,0.1263244143160725,-0.0525992808735836,0.1159398575740391,0.1172115765492818,-0.1624286172174679
15,17,2,medium,medium,0.1088753096510419,-0.0120940286784149,0.1011860368978325,0.0803848291676655,-0.1558499186340286
15,18,2,medium,medium,0.11425486929145,-0.0536283539946144,0.1190361022160509,0.1412271118144038,-0.1584011444177644
15,20,2,medium,medium,0.1096241436769132,-0.0449024473205009,0.1220516302065846,0.0781081160279543,-0.1965766771438704
15,24,2,medium,medium,0.1201744910672626,-0.0543174752910015,0.110784958441908,0.094441249852148,-0.232626451050227
15,25,2,medium,medium,0.1275291200171683,-0.1160585609822025,0.1555437730492388,0.1490328934168026,-0.1431070058995009
15,32,2,medium,medium,0.1151701068555048,-0.0400349576817771,0.1203303696024731,0.1363212314558901,-0.1242936762746674
15,33,2,medium,medium,0.1217603302105402,-0.048562903771246,0.1280846607809717,0.111512546992973,-0.1830030073010498
15,40,2,medium,medium,0.1149151114150189,-0.1139251493522112,0.1170314961912082,0.1004169906807243,-0.1422654528287773
15,42,2,medium,medium,0.1040666319891789,-0.1342713910199243,0.1127411164544044,0.0955091043921617,-0.1423103503140598
15,50,2,medium,medium,0.1102458490377276,-0.0712737819886976,0.1121887158065026,0.0916044646820017,-0.1333233428715913
15,51,2,medium,medium,0.1216166720488272,-0.1175817737333499,0.1266391143885129,0.106516379433595,-0.2323185143352143
15,53,2,medium,medium,0.1090329171585531,-0.0679565723400927,0.1001797135030014,0.1459443102321116,-0.1364283229875431
15,54,2,medium,medium,0.110371509449657,-0.0047482324457249,0.0963333302179028,0.0861695017594688,-0.1859738087243061
15,55,2,medium,medium,0.1244701761672418,-0.0263444578749878,0.1243214707229684,0.1671333088257427,-0.2298417956247728
15,57,2,medium,medium,0.1110576274561849,-0.0412071870657377,0.1008304042133109,0.1336058246138498,-0.1034991606502069
15,58,2,medium,medium,0.1143104178171668,-0.0915462342465066,0.1045873786156443,0.098392263284714,-0.2021034108364068
15,61,2,medium,medium,0.1162122026290695,-0.0791088600105008,0.1333015798482012,0.1319480712523032,-0.0997283012404004
15,62,2,medium,medium,0.1174768561395813,-0.0556688448190699,0.1116557506464005,0.1600949776970296,-0.1366821017127083
15,66,2,medium,medium,0.1093419884552842,-0.0406762296083266,0.1328632653721008,0.092322643133329,-0.1796384582534583
15,72,2,medium,medium,0.1136803951944284,-0.0768662910661053,0.1242646604821297,0.1296658201139556,-0.1315663640457677
15,73,2,medium,medium,0.1142670273023074,-0.1498574067758944,0.1195011240529656,0.1285928498365938,-0.1089319765646742
15,75,2,medium,medium,0.1115584649604024,-0.0526214828939366,0.1204565775699505,0.1270625828732677,-0.217799857890505
15,81,2,medium,medium,0.1104843559791645,-0.0482421743995078,0.1105016356310992,0.0895435954921218,-0.1667026944424419
15,83,2,medium,medium,0.1206999627086464,-0.043783805515613,0.1065215715415091,0.1149876530784448,-0.1151502320349784
15,84,2,medium,medium,0.114098431946665,-0.0685083662082779,0.0992055631073178,0.1229706970443611,-0.1459350170775277
15,88,2,medium,medium,0.1162608050471438,-0.0132025072300074,0.1364779801678564,0.1253029262779984,-0.1301437313003388
15,89,2,medium,medium,0.1225385762184934,-0.002735630658845,0.1430418682909094,0.1208965304383005,-0.167796027589575
15,91,2,medium,medium,0.1187193958243206,0.0036044730741918,0.1066136701350415,0.1431923480921749,-0.2525533757207022
15,97,2,medium,medium,0.108463973444562,-0.0444324991281689,0.1127287975258529,0.1402236011371048,-0.2031254294897635
15,105,2,medium,medium,0.1047904107789752,-0.1144748312652652,0.0962329644355208,0.1260043247995425,-0.1317015968907497
15,108,2,medium,medium,0.1280689457837355,-0.0620544356452164,0.1306531972926472,0.156009128395438,-0.1795570160844698
15,112,2,medium,medium,0.1179480414003143,-0.1295709499097986,0.1013203653598546,0.1572031372785708,-0.1513695784848381
15,115,2,medium,medium,0.1111467824407972,-0.1234560191803162,0.11460492779734,0.1132872627374821,-0.1432928182274366
15,117,2,medium,medium,0.1063754546480471,-0.0752408124695754,0.1084794009413657,0.137898792458512,-0.20098326838844
15,120,2,medium,medium,0.1031140389039283,-0.1106352393500954,0.1050758103459682,0.2028812964655605,-0.1395021180208192
15,125,2,medium,medium,0.1138608778540447,-0.0664719368453111,0.116803609227117,0.1023005917011532,-0.0836612817463047
15,135,2,medium,medium,0.1175405642380587,-0.0871278483492077,0.1155641194470499,0.1367512501864435,-0.1800739562668185
15,142,2,medium,medium,0.1158550245735533,-0.10935038158187,0.10216841784132,0.1287033849528656,-0.1369803144345475
15,143,2,medium,medium,0.1157132289423594,0.0074860725870627,0.103262369599828,0.0695204957311338,-0.3549874227119343
15,145,2,medium,medium,0.1031225768818493,-0.1398954569040279,0.1107046428776461,0.1535915263941683,-0.1325207187885718
15,147,2,medium,medium,0.1130742150901114,-0.082505371676388,0.1183755680358319,0.1199441767180068,-0.1286030193519843
15,151,2,medium,medium,0.1277749813868295,-0.0625502984741288,0.1257059013875033,0.1524049093407378,-0.1662470484913054
15,155,2,medium,medium,0.1194339220712682,-0.0560692324952069,0.0985054145651497,0.1363579681114322,-0.1375939591984195
15,158,2,medium,medium,0.1257376002520609,-0.0937313506531893,0.1274131313541685,0.1393824657257394,-0.2205766718313681
15,168,2,medium,medium,0.1155053188254234,-0.0857529450259443,0.1378913464358755,0.1544793339684762,-0.1553583102174535
15,169,2,medium,medium,0.1130737257726263,-0.0930811773582047,0.114293098696103,0.1478008124973131,-0.1448493869872631
15,171,2,medium,medium,0.1129040261181084,-0.0662859606243378,0.1129164990553117,0.1170556827260955,-0.2424335768456726
15,185,2,medium,medium,0.1160726827644226,-0.0702537778978065,0.1255019235979115,0.1987295316514659,-0.1599277673697404
15,190,2,medium,medium,0.1255424562540888,-0.0381667819747324,0.1264625394281079,0.0524646255670558,-0.2366911229379446
15,191,2,medium,medium,0.1155912323183606,0.0044406723339296,0.1060388738799866,0.0913237995266134,-0.1796218891782282
15,192,2,medium,medium,0.121702445308489,-0.0804057481746265,0.1244628235059452,0.1173815018854176,-0.196947538636834
15,194,2,medium,medium,0.1242448196776171,-0.0752408453713731,0.1552423976728646,0.148398377772845,-0.1187346276120657
15,197,2,medium,medium,0.1105039821753954,-0.030130337521152,0.1090435941813849,0.0967152992795117,-0.2116596469788786
15,202,2,medium,medium,0.125038442086078,-0.0084559912250657,0.1445795490783983,0.097135936533202,-0.1770152276481231
15,203,2,medium,medium,0.107036715712803,-0.0860297847660525,0.1311532576847631,0.1473945054844861,-0.1302661506433875
15,206,2,medium,medium,0.1097262743317999,-0.104716137638947,0.1073307326886787,0.1351948194984453,-0.1249970528065912
15,207,2,medium,medium,0.1040474615934891,-0.1176184873820396,0.12597657866597,0.131711298311597,-0.1826955500198419
15,210,2,medium,medium,0.1058115380788815,-0.0874378984362487,0.1230375631387747,0.1257752619865482,-0.1799499451606457
15,212,2,medium,medium,0.111126754605774,-0.0987401810462829,0.121833974514966,0.1702117418811544,-0.1283644069296438
15,214,2,medium,medium,0.1175171790296341,-0.0631964702691996,0.1307674771858168,0.1251027456904093,-0.1045317759674734
15,215,2,medium,medium,0.1123928641204391,-0.0564309824761576,0.1037456467592585,0.1056870211675428,-0.168022834955084
16,17,2,medium,medium,0.1129745671028036,-0.1316833358937125,0.1178542730951536,0.1552624140946472,-0.1593527610645804
16,18,2,medium,medium,0.1177324922280602,-0.0997599524441779,0.1216558011787055,0.1439035028089296,-0.1791049260728222
16,20,2,medium,medium,0.1164730901894272,-0.0615971146645192,0.1049765505000239,0.1716401001425427,-0.1693906076055787
16,24,2,medium,medium,0.1211635467221938,-0.093840833742685,0.1192976297259974,0.1141943734729149,-0.2121884531614492
16,25,2,medium,medium,0.1116427259997424,-0.1119902542612965,0.106769711120327,0.1762013336499964,-0.1868241884702095
16,32,2,medium,medium,0.119185187929333,-0.0315624060085775,0.1157568013106459,0.1812732446225413,-0.1559901357243349
16,33,2,medium,medium,0.1067860041993049,-0.0793289375014598,0.1047832641239489,0.1549464883601642,-0.21297045003039
16,40,2,medium,medium,0.1135582898749082,-0.08795125866016,0.1004444112232236,0.1705027437144509,-0.1708532343526647
16,42,2,medium,medium,0.1144337218296099,-0.1135382558060406,0.115761268882053,0.1638855099523133,-0.1385779594471939
16,50,2,medium,medium,0.1099420501530191,-0.0611949265668723,0.119312432018071,0.1169460968414088,-0.1295357572223566
16,51,2,medium,medium,0.1149706856152714,-0.0816831573789828,0.1341960999985891,0.178636319427265,-0.2334660246263529
16,53,2,medium,medium,0.1100216528799716,-0.0772726337871156,0.1085188519994175,0.1596875908162618,-0.1825889013097723
16,54,2,medium,medium,0.1039545093429983,-0.0868722038067894,0.1126857344095229,0.1258568739728521,-0.1961160303691966
16,55,2,medium,medium,0.1105729708805968,-0.032032720025436,0.1224831934444744,0.1900622868270174,-0.2638960676196721
16,57,2,medium,medium,0.1210239263535992,-0.1095957119009046,0.1248600489465324,0.1209392595210607,-0.1520184213738036
16,58,2,medium,medium,0.1350958124755488,-0.0661335939130449,0.1226420882458625,0.1687163608484146,-0.2148656515982453
16,61,2,medium,medium,0.1144261745673446,-0.1096045402887113,0.1176951616940292,0.1345273203702379,-0.1659457597989467
16,62,2,medium,medium,0.1127785847674092,-0.1016389101621326,0.1195370253549844,0.1616391569798951,-0.1914224934523976
16,66,2,medium,medium,0.1112361052546802,-0.0245844941522711,0.1604072451363047,0.1985465852122114,-0.2131444465777954
16,72,2,medium,medium,0.1172782864263075,-0.0667237947620235,0.1076097092490454,0.1476457735063485,-0.1297128304388126
16,73,2,medium,medium,0.1181504829559186,-0.083948914699341,0.1048930660341127,0.1411622443610661,-0.1545638893142149
16,75,2,medium,medium,0.1100662147439737,-0.0553654188887338,0.1187059765683866,0.1410465302278801,-0.1849958897335643
16,81,2,medium,medium,0.1209516084606012,-0.0685296791661715,0.1304791415633649,0.1292386688572013,-0.1700900566359626
16,83,2,medium,medium,0.111624755473388,-0.0680902101407372,0.0978222864789333,0.1495327484031118,-0.1321982294879146
16,84,2,medium,medium,0.1181342286682972,-0.0957811145437741,0.1229353972665854,0.1517125620116326,-0.1749399974004233
16,88,2,medium,medium,0.1206499301951178,-0.1388807457728881,0.1583379826315161,0.1895837674884526,-0.1733600472647949
16,89,2,medium,medium,0.1146057773967145,-0.0790240246963794,0.1198413899972057,0.164516843366286,-0.2437901492194412
16,91,2,medium,medium,0.1096972247197031,-0.0666985949245586,0.1019198606368809,0.1460538488765806,-0.2479884983841722
16,97,2,medium,medium,0.1253974782159836,-0.0673481843754668,0.1085142570772101,0.1675048619456975,-0.2065323452342756
16,105,2,medium,medium,0.1174250357906186,-0.1037577308338411,0.1147619522679113,0.1785607451580296,-0.1550495765528994
16,108,2,medium,medium,0.1155816876051827,0.027779097428267,0.1259612132881602,0.1719611972058616,-0.1502145503638825
16,112,2,medium,medium,0.1077866698714132,-0.1432238381980102,0.1262501024161979,0.1453793607559399,-0.1649480579455328
16,115,2,medium,medium,0.1086189435868432,-0.0809756945852067,0.1110788223010478,0.1778022795924866,-0.1875919651440047
16,117,2,medium,medium,0.1197746295715899,-0.0811912985845225,0.1080846183337561,0.135135872361883,-0.1682562474122403
16,120,2,medium,medium,0.1146367712354647,-0.073664814681306,0.116527029424285,0.1590578683987662,-0.132856323732848
16,125,2,medium,medium,0.118294710861463,-0.1351437457655382,0.1295753411301478,0.2056477066886035,-0.1466711084317936
16,135,2,medium,medium,0.114863200031483,-0.0992097646241551,0.1314679624058267,0.1322909014240402,-0.1527760665302212
16,142,2,medium,medium,0.1163541511863356,-0.0870167112806857,0.1149011681880936,0.1459842111515004,-0.1877857542846248
16,143,2,medium,medium,0.1041453885340267,-0.1222510778100302,0.1308014939447139,0.1463955849197424,-0.2621622183769879
16,145,2,medium,medium,0.1169325787915752,-0.0630305618416275,0.1115247380416003,0.1067705057704793,-0.1815480451558599
16,147,2,medium,medium,0.1069217906118386,-0.0711415824868932,0.1091334759116553,0.1623270979983246,-0.1812552885296907
16,151,2,medium,medium,0.12039273993272,-0.0643260989225142,0.1519229471253579,0.1729268552761729,-0.1983100013146183
16,155,2,medium,medium,0.1141370624820548,-0.0591088165044887,0.1213401564120351,0.150615087174827,-0.1255858301719268
16,158,2,medium,medium,0.1120794507250547,-0.0891106907957177,0.1009674459194776,0.1699731369960297,-0.2025948285813503
16,168,2,medium,medium,0.1143995323979623,-0.1377458070378829,0.1101505588367037,0.1654166011328413,-0.1680274574217692
16,169,2,medium,medium,0.1235896557435154,-0.0325582602221474,0.0981520989878528,0.1423084906631284,-0.2075778920498
16,171,2,medium,medium,0.1128548055725996,-0.1518542415706583,0.1067793038091563,0.1512250306997102,-0.2608025888490666
16,185,2,medium,medium,0.1081440294230567,-0.113250209590837,0.1089430405377706,0.1460188527875544,-0.2225013569831577
16,190,2,medium,medium,0.1142987018072734,-0.1267466934176486,0.1060960608445572,0.168823017957483,-0.2136809634560895
16,191,2,medium,medium,0.1093955071874587,-0.115075534897225,0.1145378608859695,0.1738466264302883,-0.1935043625630129
16,192,2,medium,medium,0.1169778706118425,-0.0640929173449552,0.1094811747838879,0.1260029702244353,-0.1577505080790835
16,194,2,medium,medium,0.1202450783132248,-0.0500336050312948,0.1235932770912023,0.1439057725053234,-0.1697819006901524
16,197,2,medium,medium,0.1143062621119699,-0.0747756458579225,0.1186449126298976,0.1440802276004398,-0.2103434444720647
16,202,2,medium,medium,0.1197674353766969,-0.0351680452812319,0.1393462619997636,0.1634723961370187,-0.1458829745432305
16,203,2,medium,medium,0.1159617502235614,-0.0514267239602692,0.1477765364409928,0.142316961851402,-0.139658878195527
16,206,2,medium,medium,0.1161881470574063,-0.078150915180675,0.1071366430877239,0.1459130521053954,-0.1385899025838057
16,207,2,medium,medium,0.118677988761092,-0.1057068011277082,0.1164936978885486,0.1628138623309165,-0.1872691185443036
16,210,2,medium,medium,0.1152499743836744,-0.0894908509534312,0.1139313581612946,0.1553387995505259,-0.1540280371741621
16,212,2,medium,medium,0.1179642285721361,-0.0913380160864267,0.116284013105131,0.139787412745302,-0.1737577181312781
16,214,2,medium,medium,0.1142062466981437,-0.0646970482763834,0.109765945903253,0.1618258137175546,-0.1480525046311432
16,215,2,medium,medium,0.1196237152035063,-0.0514746969534387,0.1128686067767085,0.1155331341291667,-0.1805336400280138
17,18,2,medium,medium,0.1145268389941438,-0.0767844048261754,0.1137103263976609,0.1441590553963952,-0.139856550640846
17,20,2,medium,medium,0.1102921894501782,-0.0874805622023272,0.1158303341229043,0.1697037381546998,-0.2076044330752743
17,24,2,medium,medium,0.1180530310925346,-0.0510811897220371,0.1106205212124666,0.1649486588006101,-0.2436920128132131
17,25,2,medium,medium,0.1150680410447387,-0.0712043001826399,0.1241407266741341,0.1127296332714148,-0.1294197616790516
17,32,2,medium,medium,0.1290506441199757,-0.0259867967357766,0.1044104650906599,0.1775401327321979,-0.2006479883478394
17,33,2,medium,medium,0.1195291331845173,-0.0709927871943973,0.1150819592174851,0.1354163260876241,-0.1941453942818484
17,40,2,medium,medium,0.1193264912775675,-0.0167809282874323,0.1226890279025785,0.1762443382581985,-0.1401181240695891
17,42,2,medium,medium,0.1054966915719249,-0.0416484884212031,0.1176972836087943,0.1471073070137857,-0.1005923062779081
17,50,2,medium,medium,0.110153461981921,-0.0593906633975849,0.1093415154269464,0.1335911556129935,-0.1416685794149846
17,51,2,medium,medium,0.1281914747164124,0.0337096255988158,0.1177185123624011,0.1714899745719279,-0.1816182981257019
17,53,2,medium,medium,0.1144717662137795,-0.0428437157539907,0.1110416257496192,0.1513295531198939,-0.1129305063983514
17,54,2,medium,medium,0.111544017267312,-0.0267127355112247,0.1008859432318349,0.1378813654539352,-0.1802436423293394
17,55,2,medium,medium,0.1216177521321606,-9.156814937671952e-05,0.1120639296119014,0.1767287483086257,-0.2565440898111001
17,57,2,medium,medium,0.1150633045278867,0.0191588615175393,0.1241057490716291,0.1761685456684713,-0.1212331032961439
17,58,2,medium,medium,0.114302995124733,-0.1276766900265311,0.1127599721549126,0.1425046196125038,-0.163058440786483
17,61,2,medium,medium,0.1192533246491753,-0.1334852332847191,0.1183224005563829,0.1115460408364512,-0.1228958946901129
17,62,2,medium,medium,0.1024423992206913,-0.1045039778026142,0.0963094293363441,0.1154693442437027,-0.1307411000620238
17,66,2,medium,medium,0.123120510944169,0.05583957377821,0.1314810247876811,0.1983368459671233,-0.1467188429439888
17,72,2,medium,medium,0.1093001231391627,-0.0893685609574486,0.1110051627798145,0.1298716557902817,-0.1063766483735102
17,73,2,medium,medium,0.1172796444212186,-0.1238409012268975,0.114073459968257,0.130619224644467,-0.1532366013878384
17,75,2,medium,medium,0.1051778834525574,-0.0572272414316263,0.1061588723442605,0.1059254569469837,-0.2249750289072352
17,81,2,medium,medium,0.1141126438956058,0.009599793998345,0.1123771645706768,0.1490043097316773,-0.1825207114542505
17,83,2,medium,medium,0.119973778265661,-0.063054829615502,0.1135448760882145,0.1498823892263348,-0.1248726420981715
17,84,2,medium,medium,0.1069269209815915,-0.1142476688996151,0.1169137419539039,0.1574708457308062,-0.1483372879515614
17,88,2,medium,medium,0.1196282355093749,0.005628382308348,0.1260590040896287,0.1558503011268727,-0.0890440219253738
17,89,2,medium,medium,0.1139666462978463,-0.0956538773385659,0.1129118689824791,0.1173045757858076,-0.1961296243104453
17,91,2,medium,medium,0.1159429176583433,-0.0800397345097804,0.1100892741569337,0.12473118689007,-0.2461807476410742
17,97,2,medium,medium,0.1157035275918876,-0.0337496352262601,0.1057503251472684,0.1341473649623006,-0.1779198680671442
17,105,2,medium,medium,0.1124467652188685,-0.1840474953440614,0.1071683730118214,0.1374202958452774,-0.1018204328671018
17,108,2,medium,medium,0.1253999561966914,-0.1469944530828028,0.1371534039318804,0.1614965744313448,-0.1267569082253679
17,112,2,medium,medium,0.1144320491542598,-0.102538229774047,0.1050057403487253,0.1018054464873757,-0.1444929793703899
17,115,2,medium,medium,0.1035530234087368,-0.1462520420347077,0.1052745891281862,0.1630863444363302,-0.1960840149703562
17,117,2,medium,medium,0.1124014033317906,-0.0815858275196393,0.1209448237168319,0.1450715857027275,-0.1685293287544667
17,120,2,medium,medium,0.1190085251680521,-0.0075838257459048,0.1054794961172661,0.1462979176834338,-0.1725024357556506
17,125,2,medium,medium,0.1237560610983231,-0.0641004658290903,0.1250671070177289,0.1886897125794696,-0.1490649681489246
17,135,2,medium,medium,0.1188475212264845,-0.0871318667943527,0.1031307107659974,0.1340475190029327,-0.1234817974872947
17,142,2,medium,medium,0.1165204962179908,-0.0790330040960639,0.1076696647624261,0.1393387992202807,-0.1733443662370106
17,143,2,medium,medium,0.1044581762242871,-0.1300419141056371,0.1137761861650821,0.1362531778251414,-0.2744240469866037
17,145,2,medium,medium,0.1070647893675935,-0.1052209958335352,0.1094134378457,0.205848565155913,-0.1022154767128216
17,147,2,medium,medium,0.1141660390416994,-0.0101906741853828,0.1102656870122098,0.1285752735371834,-0.1208520897370005
17,151,2,medium,medium,0.1193580197687521,-0.0949127885907811,0.1311455126948546,0.1488054160950609,-0.1172529266313263
17,155,2,medium,medium,0.1082984590276593,-0.0434226444704183,0.1041998242112297,0.1438428721153122,-0.1276620720823011
17,158,2,medium,medium,0.1112168384916483,-0.0756539754685232,0.1047173173670074,0.1800961329937026,-0.2268700331556913
17,168,2,medium,medium,0.1182804878982342,-0.0032106734402775,0.1358103579166436,0.157095405756251,-0.0920087609608931
17,169,2,medium,medium,0.1067935396587783,-0.0840663290855429,0.1156995429524567,0.1188608032927123,-0.1368145706804799
17,171,2,medium,medium,0.1137608735592746,-0.0382104822127968,0.1152851779701256,0.1310831949216979,-0.2628157841504701
17,185,2,medium,medium,0.1180746326693548,-0.1144894208649108,0.1206829004734033,0.1731536239422111,-0.1740648605795945
17,190,2,medium,medium,0.120969764495444,-0.0476291386608651,0.1180727728957735,0.2034515714402835,-0.2061753160445149
17,191,2,medium,medium,0.1269626093166665,-0.0648722783237141,0.1291598747540379,0.1151231167640934,-0.158655692725477
17,192,2,medium,medium,0.1197287526700943,-0.0177529186412318,0.1185790643251609,0.1150666998529595,-0.1738475505176985
17,194,2,medium,medium,0.1130690014779691,-0.0564548115334967,0.1225020044883838,0.1166700571087645,-0.1409244975702593
17,197,2,medium,medium,0.1091127374178249,-0.1148715124856394,0.1102077435623291,0.1438341351124568,-0.2045311458261339
17,202,2,medium,medium,0.1129611511481289,-0.0412079288475288,0.1354291361692206,0.1364689721844284,-0.177701932346275
17,203,2,medium,medium,0.1197693456815665,-0.138138081313531,0.1167983280017755,0.1009009796295876,-0.1279829291834161
17,206,2,medium,medium,0.1107938254316897,-0.0940792008906983,0.1096558835401898,0.1269292527429514,-0.090293115873786
17,207,2,medium,medium,0.1138442103647576,-0.1112362621399045,0.110925847633462,0.1272827970330818,-0.1767678388909628
17,210,2,medium,medium,0.1185876537808949,-0.1142237453036015,0.1088523636605244,0.1578198408816111,-0.1755642086143867
17,212,2,medium,medium,0.1158168548126731,-0.0656622025908687,0.1190761169918972,0.1662704620745075,-0.1270676535414197
17,214,2,medium,medium,0.1098771397561029,-0.1306054494011979,0.1193725821988448,0.118362553359159,-0.1201501223144719
17,215,2,medium,medium,0.1133825858474939,-0.0279735502831783,0.106715379795269,0.1446369224933653,-0.1520602434991657
18,20,2,medium,medium,0.1143661303990728,-0.078874359331133,0.1148149149328141,0.1082764611443063,-0.176680707482187
18,24,2,medium,medium,0.1161409163282405,-0.070467776555564,0.1062472804984334,0.185452427658008,-0.2299246879739789
18,25,2,medium,medium,0.1074194700524461,-0.0714572853164676,0.1046404871447631,0.0886067747164518,-0.1558977353985314
18,32,2,medium,medium,0.1184682463751425,-0.0950446610849142,0.106240296230636,0.1783958801432295,-0.1400873902078498
18,33,2,medium,medium,0.1130517062940292,-0.1033304342384232,0.1075339224597505,0.1360979283682651,-0.1525091186899092
18,40,2,medium,medium,0.1015627857147248,-0.0363298178950357,0.1228981304365285,0.1485786031563636,-0.1459775314762487
18,42,2,medium,medium,0.1207272411398923,-0.0092535210608463,0.141649966928559,0.1907154046516156,-0.1414691011334136
18,50,2,medium,medium,0.1189969415101086,-0.0793678635072357,0.1020719809526778,0.1382992389222571,-0.1258772091646215
18,51,2,medium,medium,0.123016622751276,-0.0472734062291344,0.1510211695273251,0.1594048742435846,-0.1842872106670612
18,53,2,medium,medium,0.1067920336761154,-0.0776258742888262,0.1034150633083813,0.1647078999032942,-0.1522542146825251
18,54,2,medium,medium,0.1161582419988375,-0.1130612686165344,0.117655058881845,0.1544355737693589,-0.2087477806471586
18,55,2,medium,medium,0.1092470118724427,-0.037846893212641,0.1094216591458072,0.1307075832681116,-0.259599768241429
18,57,2,medium,medium,0.1298574685394115,-0.0341625655880473,0.1289130216651828,0.1448641437122062,-0.1114383648034493
18,58,2,medium,medium,0.1173909184629975,-0.0707495979081956,0.1183556140329674,0.1719057099124571,-0.2006206051719551
18,61,2,medium,medium,0.1173987419379177,-0.0815142609004355,0.1080768523948628,0.1526982175371604,-0.1846822075984164
18,62,2,medium,medium,0.1299624589261409,-0.0732834712263306,0.125808004196964,0.1645954940263019,-0.146974819623801
18,66,2,medium,medium,0.1344465699031066,-0.0264500788620054,0.15653948183818,0.1919008839134279,-0.052808529845913
18,72,2,medium,medium,0.1114192669960014,-0.1059695921454182,0.1110759634098251,0.1228818263449686,-0.1456139106655363
18,73,2,medium,medium,0.110563159534796,-0.1419329942714993,0.1119692356899078,0.1268923472129035,-0.1357651443516226
18,75,2,medium,medium,0.1057936258856007,-0.0985288077470721,0.1054458774864257,0.1312876515099885,-0.2183819583715895
18,81,2,medium,medium,0.1161354112000249,-0.0939263681337977,0.1109874384379271,0.1566258560475127,-0.1530556620214025
18,83,2,medium,medium,0.1086937266644444,-0.0482538413509245,0.1144282624975416,0.1548226230725452,-0.1120404332835268
18,84,2,medium,medium,0.1230357812314829,-0.0400224510400165,0.1154652191366096,0.1562848667314875,-0.1129205737637621
18,88,2,medium,medium,0.1276127393484677,0.020665732713311,0.1411832832573138,0.2050879641789681,-0.1141441405133795
18,89,2,medium,medium,0.1075026904039074,-0.0978272849722315,0.1074131984842465,0.1121144647719224,-0.2163300724586563
18,91,2,medium,medium,0.1081234372568782,-0.056679320281702,0.1057049507608303,0.1446703775112037,-0.2926075681492848
18,97,2,medium,medium,0.1076992952907498,-0.1069769357605548,0.1022434269208582,0.1386540909826364,-0.138439033958255
18,105,2,medium,medium,0.1123464923349206,-0.0379151192964203,0.1236141608911824,0.1358668865348204,-0.1558291276859441
18,108,2,medium,medium,0.1209007882703877,0.0095108923268661,0.1176462791880031,0.2297595546368245,-0.1105799179841342
18,112,2,medium,medium,0.1104025230550037,-0.0716905301850913,0.1097259041630952,0.1082880899765679,-0.1561989682590275
18,115,2,medium,medium,0.1190579550800658,-0.0396484574061799,0.1089144121669268,0.1356342241555793,-0.1854435449034487
18,117,2,medium,medium,0.1009275753605133,-0.0785335060730367,0.1091004358813085,0.1454623624365969,-0.1975422724813429
18,120,2,medium,medium,0.1019326973102361,-0.0661566067225212,0.1003659814690118,0.1406251347745142,-0.1417625101787922
18,125,2,medium,medium,0.1049204880531387,-0.1177305257357258,0.1293693449868426,0.1648598806266833,-0.0965183172185492
18,135,2,medium,medium,0.1118364401703615,-0.1010873975510915,0.1109097547901628,0.1143597279402925,-0.1061798508934641
18,142,2,medium,medium,0.1072540558356733,-0.0878444417863468,0.1184714775477274,0.1138278526875513,-0.172520696797792
18,143,2,medium,medium,0.1183457155626795,-0.1213382040718145,0.1150840453570494,0.1831126675566353,-0.273284485687511
18,145,2,medium,medium,0.1298956526684707,-0.0550615631986732,0.1253855623332471,0.1547340066922048,-0.1451826223873349
18,147,2,medium,medium,0.1107346105084043,-0.0694194311001842,0.1112602782241166,0.1303450078752247,-0.1329798134841341
18,151,2,medium,medium,0.1074256812286152,-0.1261105183159382,0.1053480289789974,0.1470279086996704,-0.1811039793267914
18,155,2,medium,medium,0.1082849379891485,-0.0645965234717627,0.1132856327965309,0.1492781021509474,-0.1230675330208412
18,158,2,medium,medium,0.1141856603784527,-0.0593422139735028,0.1227565831247977,0.1698194804762358,-0.218454286695616
18,168,2,medium,medium,0.1206844612413647,-0.1040797571023668,0.1135955252137137,0.1292223344411182,-0.1602127365478848
18,169,2,medium,medium,0.1084329436161617,-0.109286055744859,0.1132174496203779,0.166636345996532,-0.1469274896432163
18,171,2,medium,medium,0.1202907515114358,-0.0730766908773286,0.1118034549586041,0.1368947107089719,-0.2804269516547042
18,185,2,medium,medium,0.1230715831156062,-0.0350623320934697,0.1336712563273058,0.1702253083633902,-0.1498705802690294
18,190,2,medium,medium,0.1217068923530896,0.003592124757782,0.1322568890497916,0.1999022260598525,-0.1351070505707192
18,191,2,medium,medium,0.1085521520319046,-0.0779318749274592,0.1010841889902537,0.1483111297568811,-0.1887878660230184
18,192,2,medium,medium,0.1076870171404678,-0.1176155110053771,0.1082635919689544,0.1038654402902979,-0.1702033789195122
18,194,2,medium,medium,0.1153952246571903,-0.069727902842383,0.1086233844801041,0.1123751434532767,-0.1451765225143324
18,197,2,medium,medium,0.1099353771987698,-0.055861088513932,0.114507520133255,0.1317888183833276,-0.1892505082147062
18,202,2,medium,medium,0.1141695051994255,-0.0481214648104328,0.1138013537274343,0.1352506265219611,-0.1702416921167913
18,203,2,medium,medium,0.1165566063791919,-0.0756235001412326,0.1571603152471199,0.1505438942297979,-0.1255585700742985
18,206,2,medium,medium,0.1130582713356136,-0.1297288653265944,0.1231064690246566,0.115107676395651,-0.1024410231600253
18,207,2,medium,medium,0.1131239065582834,-0.0887127378920517,0.1148659485306528,0.1170347236027066,-0.1523782502545324
18,210,2,medium,medium,0.1172327730000487,-0.0717484984047929,0.1071712847872718,0.1519638128203181,-0.1324692345895521
18,212,2,medium,medium,0.1174177386538376,-0.1056502495278237,0.1199930748284032,0.1597577491667646,-0.1496420322910469
18,214,2,medium,medium,0.1162076282002682,-0.1156354096452577,0.1153074919160974,0.1112548115284484,-0.1219550698126449
18,215,2,medium,medium,0.1100759341364778,-0.1007891166418946,0.1096071487305034,0.1134911557472231,-0.1598398318644279
20,24,2,medium,medium,0.1116446432667186,-0.1083268031465657,0.1064287320988148,0.144756387250541,-0.2111063369183318
20,25,2,medium,medium,0.1180050295547815,-0.0794112295784075,0.1141552478749258,0.1263714986790151,-0.2031810053483912
20,32,2,medium,medium,0.1053177177543845,-0.0999577353495301,0.0967799415300393,0.1948372458287308,-0.1978427652361821
20,33,2,medium,medium,0.1122513168229032,-0.0969975646744025,0.1113031635107049,0.1137629882472874,-0.2268804939037487
20,40,2,medium,medium,0.1112678365905508,-0.1564300929047355,0.1303713909254031,0.1382128716632114,-0.1683578940395298
20,42,2,medium,medium,0.1165987736753427,-0.1240716151233071,0.1403133354691444,0.1765294709689184,-0.2110977388641199
20,50,2,medium,medium,0.1099178452155055,-0.1251089982097991,0.109355717368853,0.1162735752146466,-0.2058570457987494
20,51,2,medium,medium,0.1132521027709564,-0.0566523729255865,0.1155083709225607,0.2153742168697389,-0.2237115694689223
20,53,2,medium,medium,0.1135574250877469,-0.1119598144778067,0.1197147520610113,0.1296360047672441,-0.2989073220105704
20,54,2,medium,medium,0.107961158204264,-0.0888694693464796,0.1117028828719103,0.1565451162517322,-0.2547141613089847
20,55,2,medium,medium,0.1150508818469902,-0.0367494717727804,0.1320252235624427,0.1618925313476619,-0.2302006338402145
20,57,2,medium,medium,0.1149454934381919,0.0252046420364103,0.1155960886872043,0.1664657038191024,-0.2647502630573837
20,58,2,medium,medium,0.1116200798493408,-0.0907346228018465,0.1234930300679897,0.1472387916626661,-0.1682774703290551
20,61,2,medium,medium,0.1135790518579348,-0.126170722075446,0.1114138591404996,0.1377648121082919,-0.213964623877621
20,62,2,medium,medium,0.1138533068782129,-0.0547916231092847,0.1164926468277166,0.1530313903741917,-0.2239938505900097
20,66,2,medium,medium,0.1320604564477824,-0.0484593773122667,0.1400922714660974,0.1593311747859942,-0.2023660319658387
20,72,2,medium,medium,0.1176273400256482,-0.1230771260449898,0.1285770417486856,0.1432725939416922,-0.1992210245261978
20,73,2,medium,medium,0.1138203112315431,-0.0468843404803019,0.1144319121186396,0.1344194945095237,-0.203979732669466
20,75,2,medium,medium,0.1097824003805425,-0.0602325523898862,0.1242288670004972,0.1264579631442771,-0.18829826363311
20,81,2,medium,medium,0.1093384543065861,-0.1076962866168764,0.1015334185685455,0.1095995640994023,-0.2165398144483983
20,83,2,medium,medium,0.1091822315982168,-0.0304803546032398,0.0933868113868159,0.1553356011141657,-0.2168772248875137
20,84,2,medium,medium,0.1145035444378206,-0.0621365231525307,0.1085332601588352,0.1525055104234014,-0.2124091621017352
20,88,2,medium,medium,0.1227840931437238,-0.0939460108165911,0.1458768725607345,0.1980172359903215,-0.2785469602631215
20,89,2,medium,medium,0.1164290939558627,-0.0496910482170607,0.1181752787865927,0.1534230427242008,-0.1958920787108549
20,91,2,medium,medium,0.1099623894790854,-0.0817541650060097,0.0949839720310852,0.1568853958551649,-0.2236834007483668
20,97,2,medium,medium,0.1149914221401645,-0.0891553028043636,0.1232691253538783,0.1412207766232381,-0.2382199446142969
20,105,2,medium,medium,0.112736068891282,-0.0784417754298322,0.1236176184922243,0.1464310386377936,-0.1899649273039763
20,108,2,medium,medium,0.1259108210646806,0.0439449878763066,0.1137207010113221,0.1518331135301249,-0.1989487260198758
20,112,2,medium,medium,0.1187510734063652,-0.0778154464334218,0.1119171924798203,0.1090515613152848,-0.193036503683494
20,115,2,medium,medium,0.1175660953799849,-0.0766380144928788,0.1339241238996258,0.1545103642703676,-0.1781566128328492
20,117,2,medium,medium,0.1212809531859594,-0.1098730255571078,0.1300250895955763,0.1565686821312568,-0.1870561456854373
20,120,2,medium,medium,0.1021952395119588,-0.0795013746120655,0.1060607100270464,0.1041359829049999,-0.185099241287737
20,125,2,medium,medium,0.1125684710699405,-0.0594379202968101,0.127724726033372,0.1356565918957506,-0.2245289959097379
20,135,2,medium,medium,0.1096078620042013,-0.1088124223009816,0.1138293609787217,0.1265191868186985,-0.253149875022398
20,142,2,medium,medium,0.1147588958798051,-0.0780684949508937,0.1288899096970267,0.1472686748583167,-0.2022600645663735
20,143,2,medium,medium,0.1168624477016361,-0.0252127666284579,0.111424356577212,0.1719240907667413,-0.1600610847101344
20,145,2,medium,medium,0.121388145924839,-0.06183077736949,0.1064216793923141,0.1715583801533741,-0.2452795770777087
20,147,2,medium,medium,0.1116042878400768,-0.0832555061226489,0.1151992894600407,0.1500974257344091,-0.2388745558568038
20,151,2,medium,medium,0.1225477463708408,-0.0740054093863247,0.1165926959836699,0.149175090728457,-0.21718980584652
20,155,2,medium,medium,0.1194547244230455,-0.0915484584308238,0.1170605969103064,0.1507039467270403,-0.2500041265844493
20,158,2,medium,medium,0.1235191735070757,-0.0977565492049425,0.1177100319052013,0.1533075855580074,-0.1570036384139586
20,168,2,medium,medium,0.115952656114824,-0.0437336170684501,0.1058018320188259,0.1506399265952719,-0.2236439167593811
20,169,2,medium,medium,0.1049437748609823,-0.1040934434519811,0.1041131440647069,0.1359211143646479,-0.1992026584550242
20,171,2,medium,medium,0.115471697477572,-0.0485483087121213,0.1112255916753994,0.1128411381912887,-0.1930612110549131
20,185,2,medium,medium,0.1194489354677595,-0.0702113503916646,0.1055776216960405,0.1471233493386724,-0.1504953908061882
20,190,2,medium,medium,0.1289093089327287,-0.0119746704779358,0.1277495300573395,0.1504534220258589,-0.2814267577701358
20,191,2,medium,medium,0.1095849281251251,-0.0829080664501756,0.1156342947927164,0.1710927117792448,-0.1843405113038481
20,192,2,medium,medium,0.1151313138967458,-0.0558319633398938,0.1264473142430988,0.1230335393160428,-0.1916726965537581
20,194,2,medium,medium,0.1155958229329768,-0.0362484299689224,0.1427403528040108,0.1437832264547247,-0.1747408438676081
20,197,2,medium,medium,0.1077080635046842,-0.0726723787507299,0.1045762484188669,0.1359200098673657,-0.2153763092099543
20,202,2,medium,medium,0.1124997992413675,-0.0426792980063162,0.1177901333503224,0.158237173745482,-0.2299352295027049
20,203,2,medium,medium,0.1083661407111299,-0.0655174208074551,0.1132653305189871,0.1206093632345186,-0.2932661229413165
20,206,2,medium,medium,0.1221904164546653,-0.0773077980554092,0.125051373087914,0.1801991712285668,-0.2128620523593034
20,207,2,medium,medium,0.1091263941481429,-0.0599200442717031,0.1126509764968597,0.1441946133815561,-0.1868999483107978
20,210,2,medium,medium,0.1179964607622368,-0.0834559088501311,0.1092811277069114,0.1567259444180903,-0.19275002104641
20,212,2,medium,medium,0.1178666887600848,-0.0872977557878508,0.1174875501788753,0.1411693946846025,-0.2055593347543914
20,214,2,medium,medium,0.1066208687736189,-0.0396402943394419,0.103905130869331,0.1565809912688355,-0.1899138711192556
20,215,2,medium,medium,0.1092463328544202,-0.0697203510551635,0.1073500726262254,0.0959972905978919,-0.2201921138038158
24,25,2,medium,medium,0.12116162159574,-0.0729734278324221,0.1194063381092206,0.084161011960505,-0.249189329113612
24,32,2,medium,medium,0.1194732278286645,-0.0195983680365466,0.120692961244286,0.124922092461237,-0.236305403238735
24,33,2,medium,medium,0.111774266886935,-0.0518807583052297,0.1111354805114506,0.0780396568108159,-0.2419824766542233
24,40,2,medium,medium,0.1078041426636118,-0.1285606749307613,0.1133334219974827,0.1068333255373373,-0.2806152223954919
24,42,2,medium,medium,0.1190482192889345,0.019174516598142,0.1315468009438989,0.1471329539674692,-0.2915929869597341
24,50,2,medium,medium,0.115729068746565,-0.0965466631224931,0.1023310612380011,0.148986496579957,-0.262482941522917
24,51,2,medium,medium,0.1171148557408842,-0.0390010828188212,0.1286146339708705,0.1602271271272823,-0.2359131547160662
24,53,2,medium,medium,0.1114281164746039,-0.0155685477622089,0.1106526283357832,0.1181939149939969,-0.3197025487014492
24,54,2,medium,medium,0.1205007867395631,0.0566071961685632,0.1153743854457444,0.1341824006850146,-0.2707264496537107
24,55,2,medium,medium,0.1148896502843004,0.0016839972949981,0.1061301052553829,0.1713033833287425,-0.23277034600534
24,57,2,medium,medium,0.1321939783882476,-0.0433237170825864,0.1339216157407845,0.1751432383226625,-0.280593317133518
24,58,2,medium,medium,0.1172674406894539,-0.1190697448725839,0.1263100361737837,0.1711514908615047,-0.2348812526329278
24,61,2,medium,medium,0.1143060822849809,-0.0468736194929401,0.1070685900625473,0.1275478109862569,-0.2621136269571741
24,62,2,medium,medium,0.1198014804417884,-0.1292427769457438,0.1268654203743977,0.137870730583421,-0.247080790998704
24,66,2,medium,medium,0.1235293197208949,-0.0494408888564683,0.1593737962863854,0.168388214569562,-0.3017670048050833
24,72,2,medium,medium,0.1118336212568652,-0.05236199005125,0.1214149332648777,0.133001037652954,-0.2448417492269845
24,73,2,medium,medium,0.1132358299434865,-0.1489583470059152,0.1065576085726129,0.1018173698933994,-0.2566436071011785
24,75,2,medium,medium,0.1102055332022381,-0.0749836884488504,0.1011922431189651,0.1149020509523539,-0.2674332171982664
24,81,2,medium,medium,0.1072963243086119,0.0019475245011121,0.1129211243712742,0.1303237390976853,-0.2860710004769847
24,83,2,medium,medium,0.1117113467726235,-0.0232879466786873,0.1006706680194711,0.1171692915114906,-0.2865014184980614
24,84,2,medium,medium,0.1127976183507674,-0.0471210717205986,0.1086088333185986,0.144888687226195,-0.2580785249475587
24,88,2,medium,medium,0.1274207667817636,-0.0874060676875947,0.1207942900472868,0.1821836505660848,-0.2721595647138871
24,89,2,medium,medium,0.1146540086288405,-0.0188794687527041,0.1143408799918015,0.1368329749587424,-0.242898159429839
24,91,2,medium,medium,0.1093291250672168,-0.059510310290695,0.1025665131326852,0.162476749256851,-0.1720402077986608
24,97,2,medium,medium,0.1236594632077168,0.0193505577255226,0.1186537282002173,0.1563148404923066,-0.1618400343471282
24,105,2,medium,medium,0.1174397119628831,0.0147127276746077,0.1087718528517511,0.0994941950299094,-0.2694717519832437
24,108,2,medium,medium,0.1274405183982968,0.0400172263948913,0.1511360479386398,0.2320816019345185,-0.315652664850271
24,112,2,medium,medium,0.112682119542232,-0.1396354383727629,0.1123030548952925,0.0859116920056817,-0.2489060675406763
24,115,2,medium,medium,0.1148452029583848,-0.0502194725637924,0.1066642156440549,0.1480540930393451,-0.2495168321971534
24,117,2,medium,medium,0.109308788691426,-0.0191815463985454,0.1000297626694873,0.1504546388210328,-0.2274072387697462
24,120,2,medium,medium,0.1093859933447062,-0.1244357226224811,0.1120075824542847,0.1113621187467097,-0.2578300657468871
24,125,2,medium,medium,0.10446254161224,-0.0365553616569898,0.1259686377754016,0.1110803013476107,-0.2629086174389338
24,135,2,medium,medium,0.1114163059277822,-0.0506891995563361,0.1228092175526462,0.1125898962737969,-0.2806850843504849
24,142,2,medium,medium,0.1102381833425554,-0.0679783638294728,0.1254229184000872,0.1072705396238639,-0.2370027373407823
24,143,2,medium,medium,0.1198056007321007,0.0868924449298278,0.084874074003386,0.1748725457870192,-0.2052324391691651
24,145,2,medium,medium,0.1163824200383187,-0.0631305618562477,0.1082457110183617,0.1655466180488426,-0.3105450062914224
24,147,2,medium,medium,0.1099525696469644,-0.0353476261901778,0.1247346895998916,0.1177557289863154,-0.3057092749111421
24,151,2,medium,medium,0.1203982391499338,-0.0824150735038192,0.1297048175376721,0.1443971968333355,-0.2448448735651833
24,155,2,medium,medium,0.1101268216211439,-0.0650109282906546,0.1091452093538553,0.1481801923661296,-0.2864283348933777
24,158,2,medium,medium,0.1276300477459668,-0.0302803472613817,0.1289487149493352,0.1629969059473734,-0.1843084666917578
24,168,2,medium,medium,0.1222978619676071,0.0059674667045287,0.1215638911106795,0.1471222435996035,-0.2704593636692713
24,169,2,medium,medium,0.1039535420637555,-0.0454767435911649,0.1134150686199823,0.1649568344039687,-0.2711822440490542
24,171,2,medium,medium,0.1119634847023607,-0.0076185059335865,0.1030187333935449,0.1179573696472779,-0.2529401718415152
24,185,2,medium,medium,0.1167051927651778,-0.0751649646416475,0.1217991467049794,0.1400401692605736,-0.2551111692374976
24,190,2,medium,medium,0.1190785346627281,0.0285051013476983,0.1308662937910664,0.2021313535030325,-0.2856351791268605
24,191,2,medium,medium,0.1146561374196648,-0.0443117928137692,0.1098474675078297,0.1363247180802679,-0.2088977966821877
24,192,2,medium,medium,0.1145209576970018,-0.0759762342839049,0.1154951609943719,0.0913839830860647,-0.2142151548132594
24,194,2,medium,medium,0.1205370364627067,-0.0683792176871009,0.1274779447010582,0.1266359754446923,-0.2853928093399314
24,197,2,medium,medium,0.1102193784877559,-0.0843392736279027,0.1136485716236384,0.114593391571297,-0.2732679234355977
24,202,2,medium,medium,0.1138213678940952,-0.0164427396418074,0.1401810699059537,0.1493462480499604,-0.2497445949308598
24,203,2,medium,medium,0.1254222194250577,-0.0826072463831877,0.1170642352186513,0.0944812555256554,-0.3452738588941981
24,206,2,medium,medium,0.1262502505427426,-0.0467915405967735,0.1280277567090079,0.0993132022919417,-0.2436485425167538
24,207,2,medium,medium,0.1245616561095916,-0.0364520500489241,0.1223002219162597,0.1321507673254508,-0.2371358816964539
24,210,2,medium,medium,0.1168165719675177,-0.0007606615330612,0.1269514041539452,0.1189322460863019,-0.2581810687269728
24,212,2,medium,medium,0.1107230043929807,-0.0631240871943743,0.1093857731863581,0.1220822854336753,-0.3013105680135235
24,214,2,medium,medium,0.1097770833887199,-0.1813708259254912,0.1092866258026882,0.1051868848807675,-0.2221033632515597
24,215,2,medium,medium,0.120998523182519,-0.0908159727819628,0.1190212168127211,0.1453320051215353,-0.2615218438407241
25,32,2,medium,medium,0.1235676531474794,-0.0494647495117297,0.1386488291070591,0.1702673643712473,-0.1555648147074247
25,33,2,medium,medium,0.1085249782370648,-0.0945795783839358,0.1187399832248511,0.127332490292077,-0.1739657583913219
25,40,2,medium,medium,0.1217149961221022,-0.0153589917873933,0.1333297325188156,0.1470160326823022,-0.1990869958171272
25,42,2,medium,medium,0.1308876142865412,-0.0607717457388843,0.1608861185563305,0.1551715017047018,-0.1294810951418297
25,50,2,medium,medium,0.1126752747399946,-0.1496116082751355,0.114272146084648,0.0934590756926087,-0.1286752842076377
25,51,2,medium,medium,0.1278280768004132,-0.0258957349653039,0.1439661825746592,0.117174138455662,-0.2057218981923365
25,53,2,medium,medium,0.1174859106789546,-0.1260313384588415,0.1386858582498377,0.1087247208886472,-0.1318668653836301
25,54,2,medium,medium,0.1201394622856263,-0.0686466862260122,0.1139994083885947,0.1292238425000205,-0.1952002745610712
25,55,2,medium,medium,0.1161862522217376,-0.0170076368875226,0.1244731537269818,0.1247768365897548,-0.2508831179643644
25,57,2,medium,medium,0.1263579216597951,-0.0656979574858807,0.1579931003259577,0.1219079305110716,-0.1259264356522087
25,58,2,medium,medium,0.1130720030049945,-0.0514434976969955,0.1138771598250153,0.1396309521881584,-0.1945388521723743
25,61,2,medium,medium,0.115247588987547,-0.0541007647668941,0.1230660882634704,0.1485865408045288,-0.1391630186089478
25,62,2,medium,medium,0.1142132806706548,-0.1121304545598411,0.138593321679638,0.1771272051314262,-0.1247558524844238
25,66,2,medium,medium,0.1371102570834708,-0.089860746737244,0.1859845675163701,0.1341052573778589,-0.109484752402304
25,72,2,medium,medium,0.112715634686509,-0.1277781046457002,0.10369337603154,0.1285987155324441,-0.0923599957771348
25,73,2,medium,medium,0.1133434227924331,-0.1177934797022416,0.1151569895744233,0.1589912083585807,-0.1187819949303927
25,75,2,medium,medium,0.1060277258180132,-0.110092206935086,0.0990995589123127,0.1187704394411792,-0.2034683736350989
25,81,2,medium,medium,0.1161498663934573,-0.0959121606324651,0.1055965878506367,0.110980092813103,-0.154465561288241
25,83,2,medium,medium,0.1130913402955207,-0.0394197138629551,0.107565107323828,0.1175349481609844,-0.1082080142610188
25,84,2,medium,medium,0.117589115309758,-0.0666118694824554,0.1414538861558433,0.1234063900041344,-0.1354849996417808
25,88,2,medium,medium,0.129551858457368,-0.0184447014174086,0.1876881246748997,0.1904149424941084,-0.1126056459631517
25,89,2,medium,medium,0.1125991760201329,-0.0805677290604003,0.1023359398696719,0.1462444818718101,-0.189622161708676
25,91,2,medium,medium,0.1160371850257701,-0.0083752030584157,0.0979592992670715,0.1340841422230225,-0.2752369942702817
25,97,2,medium,medium,0.1101504915861867,-0.037812088454687,0.1017328999420217,0.1385471685220451,-0.1990227300461664
25,105,2,medium,medium,0.1232430231212022,-0.0378431364910474,0.1404321228080872,0.2054144949811568,-0.1299865825762033
25,108,2,medium,medium,0.1384063126228475,-0.0147607360311998,0.1717586976145753,0.2084422218678963,-0.14749008828782
25,112,2,medium,medium,0.1171465689759094,-0.0645213629367782,0.1225683681556156,0.152898836481522,-0.1249976700407067
25,115,2,medium,medium,0.1162651282124902,-0.0441221648606545,0.1185414625665213,0.1935025254969118,-0.1551071034607922
25,117,2,medium,medium,0.1192602796412529,-0.0835876099498442,0.1173411712332237,0.1419053831859394,-0.1969568354064588
25,120,2,medium,medium,0.1159400612855837,-0.0936274538171894,0.1242423411861753,0.134076320907994,-0.1446844455073209
25,125,2,medium,medium,0.1258902088382683,-0.078370835908946,0.1309563401601438,0.1414639218598863,-0.098810204356548
25,135,2,medium,medium,0.1131937435649477,-0.0915798822325661,0.1143916387018173,0.1440624297415788,-0.1003434677931913
25,142,2,medium,medium,0.1174147841860027,-0.1119417444940047,0.117505195724859,0.1440622127520846,-0.1297680849559994
25,143,2,medium,medium,0.1267652973201311,-0.0198235679478051,0.1368167019172547,0.1551062030977087,-0.2515794810485863
25,145,2,medium,medium,0.1123986297629887,-0.0964780974430505,0.1187713518229184,0.1388820256309356,-0.1238463534032958
25,147,2,medium,medium,0.1156852970746304,-0.0221458262208226,0.1088437740831478,0.1675355766904905,-0.0889027559179902
25,151,2,medium,medium,0.1179160439649081,-0.0952176864834725,0.1073051839832169,0.1727203406852819,-0.1293795268632017
25,155,2,medium,medium,0.1117896795377518,-0.086145600313417,0.1199078355026678,0.131184638504764,-0.1350561501644908
25,158,2,medium,medium,0.1126576563483966,-0.0866912291722621,0.1317955691439997,0.1774414420825476,-0.1814593360994922
25,168,2,medium,medium,0.1168729470100063,-0.071383259343695,0.111381335503477,0.148695750521431,-0.1207935943065788
25,169,2,medium,medium,0.1236192517632746,-0.1069834641666251,0.1308933425269473,0.1238633499951824,-0.1656816171814942
25,171,2,medium,medium,0.1101299795561928,-0.0687891367731382,0.1062199149185256,0.1385528332097227,-0.2579810639058268
25,185,2,medium,medium,0.1288302760426067,-0.0291268970303729,0.1331007737427312,0.1954062767014805,-0.1348699957609322
25,190,2,medium,medium,0.1281711012596382,0.0068098425892684,0.1592162276740925,0.164533072569144,-0.2228267586132263
25,191,2,medium,medium,0.1137680681898841,-0.1001228000728905,0.1055607354244684,0.1369371577678947,-0.1455021074969438
25,192,2,medium,medium,0.1117070184360222,-0.0871923931003427,0.1009432476930893,0.1621671134864718,-0.1785098575747392
25,194,2,medium,medium,0.1178871558206569,-0.0917992872110285,0.1180176334793309,0.1487465140618589,-0.1436277066185705
25,197,2,medium,medium,0.1034393204050734,-0.0906811547004218,0.1025685915950066,0.1347263358003388,-0.2146487288918095
25,202,2,medium,medium,0.1176965201339526,-0.0454478040919624,0.1069166276468626,0.1450457240084395,-0.1502799794731669
25,203,2,medium,medium,0.130171534889817,-0.0388210205002361,0.152645372337049,0.1909540894775042,-0.1222775060481142
25,206,2,medium,medium,0.1139452342711638,-0.0940567121217283,0.1092174715294487,0.1517656234984812,-0.159422953851525
25,207,2,medium,medium,0.1174873703277779,-0.1257982621083087,0.1032332837562253,0.129017025919881,-0.2136813774509169
25,210,2,medium,medium,0.1169103501373981,-0.0443817342430851,0.1501198524272562,0.1668449363464832,-0.1065802331252978
25,212,2,medium,medium,0.1190079340930947,-0.0614481200286153,0.1325466323653756,0.2000689001098157,-0.1348351738099888
25,214,2,medium,medium,0.1159682716609168,-0.0454593654263373,0.1081776260131327,0.1816872645242221,-0.1165232440201199
25,215,2,medium,medium,0.1102066709066799,-0.1467533110433829,0.1147601168677275,0.0747581777736867,-0.1363301097319474
32,33,2,medium,medium,0.1066212285242088,-0.0881908706588302,0.1024595337662487,0.1383459312045176,-0.191799558493722
32,40,2,medium,medium,0.1121390049855681,-0.0273249019032073,0.1188291338666168,0.1834004406579186,-0.1892552873126601
32,42,2,medium,medium,0.1148551544803877,-0.0125298585287729,0.1122943174846551,0.1590615325951355,-0.1761561064563429
32,50,2,medium,medium,0.1159614327376235,-0.0612271394608585,0.1314816434183676,0.1341769178358034,-0.2157430938232656
32,51,2,medium,medium,0.1028436921550107,-0.1039040356268272,0.1119208377342148,0.1330301616248632,-0.1993214203059371
32,53,2,medium,medium,0.1043537922992366,-0.0095222584164991,0.0925390313465153,0.1101393729717566,-0.1684773669650194
32,54,2,medium,medium,0.1074634357810421,-0.0190033782174577,0.1062107666716062,0.1453883845495284,-0.1981769771062208
32,55,2,medium,medium,0.127833260449123,0.0134802329037451,0.1445039101528247,0.1729881258400377,-0.2142965904049469
32,57,2,medium,medium,0.1058255211302562,-0.0440111713125752,0.1127357186029829,0.1221279053095859,-0.1623501704498126
32,58,2,medium,medium,0.110161260756233,-0.0799891973875118,0.1201838202241836,0.1959306137461779,-0.2066064350304025
32,61,2,medium,medium,0.128708137578792,-0.0463225878416712,0.1204891075584712,0.1842575246857585,-0.1863179452044837
32,62,2,medium,medium,0.116332046805138,-0.0897140626850964,0.1022172985078349,0.1687398554916064,-0.1201514241865445
32,66,2,medium,medium,0.1166298051163436,-0.041820670419059,0.1092009607638534,0.1064603091679261,-0.2584676716345453
32,72,2,medium,medium,0.1254661054345249,-0.1132037311702031,0.1250179896914596,0.1851918124590401,-0.1900067625959616
32,73,2,medium,medium,0.128159689077714,-0.1319630096722721,0.1595827838905945,0.1694924453740119,-0.1546303289100796
32,75,2,medium,medium,0.1138348685624384,-0.082945854089429,0.1218898966585803,0.1668601025349029,-0.1772932465008323
32,81,2,medium,medium,0.1197379194283235,-0.0749282561356226,0.1410186253711247,0.1544105927224084,-0.1706226054076813
32,83,2,medium,medium,0.1116326231849149,-0.0273727165600875,0.140330183920589,0.1853560449034647,-0.1555563403106277
32,84,2,medium,medium,0.1021713035745937,-0.0319806345691118,0.1054357887125372,0.1768567165629022,-0.1970790472560843
32,88,2,medium,medium,0.1331533564276297,-0.0233616361252015,0.1381170996209804,0.2123236964097734,-0.2108940723747447
32,89,2,medium,medium,0.1257627580827759,-0.0822331653021625,0.1509164222293485,0.1558598239464075,-0.1745499238993364
32,91,2,medium,medium,0.1257191977569537,0.0118617068782005,0.118603322239539,0.1743759918709511,-0.2360643903372024
32,97,2,medium,medium,0.1111742937747474,0.0027902163139514,0.132478053621485,0.1835178266360697,-0.2051119638607536
32,105,2,medium,medium,0.1231554256836856,-0.0336772928793249,0.1266641859385905,0.1571542426497956,-0.1677438579636085
32,108,2,medium,medium,0.1104641813559449,-0.0453552842628544,0.1060604884750898,0.1687034806713176,-0.1372194387562805
32,112,2,medium,medium,0.1231386680084973,-0.1425369574020106,0.136979425500983,0.1580164688194556,-0.1673241173815768
32,115,2,medium,medium,0.1119525543041115,-0.0187054571451227,0.1059686222209381,0.174800392532665,-0.1481773298596932
32,117,2,medium,medium,0.1284737071418557,-0.0180540115337801,0.1192103106595624,0.1355180766621622,-0.1645155096524885
32,120,2,medium,medium,0.1146310883603708,-0.0651507798309996,0.1229728520154799,0.1485145061718684,-0.1627655347559303
32,125,2,medium,medium,0.1003564270094409,-0.1200179380815478,0.1021661983854236,0.1616275374481877,-0.1358596334744179
32,135,2,medium,medium,0.124212644659333,0.0198530687660525,0.1499528350510522,0.1604291392775422,-0.1284723764599571
32,142,2,medium,medium,0.1194839565414465,-0.1280803018011562,0.1292833324790365,0.1950646152670113,-0.1780061032540828
32,143,2,medium,medium,0.1135074744412254,-0.0369359461029393,0.1189078265083888,0.1608032551574411,-0.2296688293542389
32,145,2,medium,medium,0.1111380815898425,-0.0684738700277085,0.1254851155015864,0.1669597763727608,-0.2056530031925119
32,147,2,medium,medium,0.1171917894988835,-0.0713158001122813,0.1266230497625242,0.1729524121125986,-0.1571785305347932
32,151,2,medium,medium,0.1251037245653459,-0.0362816895789923,0.1533275569202495,0.2104478204893044,-0.1893840067931838
32,155,2,medium,medium,0.1178115420395401,-0.081409692586681,0.1211306862052251,0.1653759733796961,-0.1648294855117406
32,158,2,medium,medium,0.1108936907021818,-0.0109209333704327,0.113070546957442,0.1551691720874364,-0.2022661191349396
32,168,2,medium,medium,0.1212509220843661,-0.052146050633878,0.1433646449772235,0.1385665756815061,-0.1778399939195711
32,169,2,medium,medium,0.1197190347231089,-0.0458770487741596,0.1100300531744843,0.1437257767614883,-0.1856102393455322
32,171,2,medium,medium,0.1090539168575709,-0.0867769890928332,0.1179222196389029,0.1534247041057014,-0.2399797326813348
32,185,2,medium,medium,0.1202900698719665,-0.0003504334787639,0.1080314786480751,0.2156012342210984,-0.1205301862820422
32,190,2,medium,medium,0.1110737303483015,0.0424337816441902,0.1049025752378345,0.1433218211880585,-0.2381949963783215
32,191,2,medium,medium,0.1141444074683968,-0.0620314720132965,0.1346967102172552,0.1756851115493527,-0.1805401602944852
32,192,2,medium,medium,0.1078030143691148,-0.0311713037848289,0.1206601589478687,0.1481078184661438,-0.1987539413954905
32,194,2,medium,medium,0.1234345154519221,-0.0827215820432116,0.1428524446671073,0.1839842652929821,-0.125774403786532
32,197,2,medium,medium,0.1128787137323774,-0.0569479201498031,0.1220055456254135,0.1775683539880574,-0.182719163620541
32,202,2,medium,medium,0.1152071528405244,-0.0472267742387735,0.1571564119635021,0.1393222731444386,-0.1562703788041757
32,203,2,medium,medium,0.1199273415383943,-0.1251404722206932,0.0998487301458419,0.145950539213974,-0.1555095503855071
32,206,2,medium,medium,0.1136825810371102,-0.0542485273496881,0.1143567329908563,0.1650664760113109,-0.1741018087255791
32,207,2,medium,medium,0.1192145091356178,-0.0686353372631984,0.1202402823140044,0.1724573603862537,-0.2025050700657831
32,210,2,medium,medium,0.1056133093333869,-0.0620689268611652,0.0904532513809364,0.1550037868590558,-0.1158512900187594
32,212,2,medium,medium,0.10923851386528,-0.1112582596279034,0.1108694144935681,0.1751730711832798,-0.1918314304289136
32,214,2,medium,medium,0.1185212252482903,-0.059079330933018,0.1122511506752443,0.1405865993107256,-0.1854667611841658
32,215,2,medium,medium,0.1142797755866446,-0.1540078045949497,0.1255446712221133,0.120511544571358,-0.1658685669610887
33,40,2,medium,medium,0.1018510597116412,-0.0705002787710705,0.1067662513669553,0.1425287314057863,-0.2019023353040331
33,42,2,medium,medium,0.1062513503512296,-0.0957604639679577,0.1257314925809352,0.1469771015984969,-0.157022709136677
33,50,2,medium,medium,0.1044360625536914,-0.0226668549548654,0.109266336592033,0.0979262039343871,-0.1845300539309685
33,51,2,medium,medium,0.125405282703456,-0.0856175458938244,0.1577045225271468,0.1381623812939532,-0.209353176483803
33,53,2,medium,medium,0.1088436269424496,-0.075764317066347,0.1078882493521971,0.0977165869156445,-0.1950864353684078
33,54,2,medium,medium,0.1136431952111159,-0.1101086239024986,0.1125086091216457,0.1541068398304085,-0.2027390197536642
33,55,2,medium,medium,0.1201997119566964,-0.0652068088228122,0.1336333304266095,0.1189213608980541,-0.2429749982239647
33,57,2,medium,medium,0.1111156887707397,-0.0221404524216184,0.1206096715532182,0.1152566402553993,-0.1716787534710606
33,58,2,medium,medium,0.117299933543693,-0.1031471134236313,0.1375604882777725,0.1306826033296564,-0.2575982720540671
33,61,2,medium,medium,0.1082004933675456,-0.067698711090438,0.1107868594509995,0.1575099670764302,-0.1913291038985632
33,62,2,medium,medium,0.124843199685713,-0.0776305191731367,0.1372171117448809,0.1377929955265809,-0.1979874430286161
33,66,2,medium,medium,0.1327920578171114,-0.1060502919684075,0.1450191440573467,0.1351900427304821,-0.2240114632462996
33,72,2,medium,medium,0.1008265377786604,-0.0896358275088279,0.1011388460993022,0.1354268998064649,-0.1469281972561748
33,73,2,medium,medium,0.1108556124334111,-0.0939485562978443,0.116112946507533,0.1416667696399057,-0.1592441338705968
33,75,2,medium,medium,0.1041858107082487,-0.0351592370714005,0.0968597474226203,0.1470134415568705,-0.2088426898159188
33,81,2,medium,medium,0.119321792906255,-0.0806058037355081,0.1165622250679927,0.139206328944284,-0.1685952753775373
33,83,2,medium,medium,0.1161425336748107,-0.0619636361587976,0.1055786063930283,0.1427238189432785,-0.1464010184604477
33,84,2,medium,medium,0.1191951117679787,-0.1130279703314524,0.0975558003714904,0.1486928473820509,-0.1504567118150572
33,88,2,medium,medium,0.13064301749623,-0.0731593274045276,0.1460413320923276,0.1746846354329448,-0.1989452817751826
33,89,2,medium,medium,0.1126141063677528,-0.0893435553898127,0.1072515292950033,0.0973683621435553,-0.2140161539021592
33,91,2,medium,medium,0.1050651741781014,-0.0961634302286952,0.1057488779544566,0.13966904145471,-0.2589997190933805
33,97,2,medium,medium,0.1197536914208133,-0.0960037623872643,0.1161037084385802,0.139642012887142,-0.1607469903979714
33,105,2,medium,medium,0.1180485740370635,-0.083029994402862,0.1032101910893673,0.1252475814653593,-0.1819445994783949
33,108,2,medium,medium,0.1165573996371788,-0.0855112449995642,0.1267486687921141,0.1762477886144844,-0.2281816113278684
33,112,2,medium,medium,0.1226978130562573,-0.1385014387781271,0.1201060688900018,0.1377287941057261,-0.1485204251941251
33,115,2,medium,medium,0.1049536102772435,-0.0862476904272782,0.1159257936834937,0.1241985122152761,-0.1807297622749973
33,117,2,medium,medium,0.1276179294842268,-0.0664570139137156,0.1207624633343742,0.1517298503707945,-0.2117587433404225
33,120,2,medium,medium,0.1076852968716094,-0.0767069573265046,0.1048271185828332,0.1244565548309259,-0.1587645067902482
33,125,2,medium,medium,0.1231360986210677,-0.058153979413553,0.1338318855081274,0.1340080668836194,-0.1692139006869542
33,135,2,medium,medium,0.10952177717232,-0.118900761410957,0.1091550646310054,0.1091928690137196,-0.1766165159014514
33,142,2,medium,medium,0.1200905100417973,-0.0079547537064849,0.126927946497696,0.165600986122569,-0.1669313104921336
33,143,2,medium,medium,0.1160700358318772,-0.0326201644349768,0.1111951353907251,0.142308734844039,-0.2240999909551697
33,145,2,medium,medium,0.1082250341824742,-0.0742076023495763,0.1274331438887276,0.1464291242484593,-0.1737482622403779
33,147,2,medium,medium,0.1092350775323449,-0.0447868585902082,0.1203163008679175,0.0993040339098966,-0.2229558155708408
33,151,2,medium,medium,0.1186111033159653,-0.07048165362868,0.1160835308906635,0.1170264401761607,-0.1512762017449372
33,155,2,medium,medium,0.1132303814834287,-0.1007666911225946,0.1057820582227091,0.162606829497812,-0.1505640074520617
33,158,2,medium,medium,0.1087280580917158,-0.0994342711634291,0.1063917355133305,0.1052251503249561,-0.2081929260222488
33,168,2,medium,medium,0.1131431660089677,-0.0635955743425121,0.1119745254960518,0.120265061696302,-0.2089064787463757
33,169,2,medium,medium,0.1138297214021157,-0.1298677237711183,0.1273257237812253,0.1705852725850114,-0.1582987672920075
33,171,2,medium,medium,0.1137028915183708,-0.0590709125664236,0.1181990159322597,0.1540967531784979,-0.2274557777800416
33,185,2,medium,medium,0.1147874682849898,0.0217255789691641,0.1220873704383244,0.1334397218183659,-0.1680645920455918
33,190,2,medium,medium,0.1238240313777926,0.0384000676155732,0.1372829545411574,0.1858434162721171,-0.204657242722735
33,191,2,medium,medium,0.1150464788394962,-0.0713361389186688,0.1067104090925076,0.1285536499964964,-0.154662024363274
33,192,2,medium,medium,0.1239913583112708,-0.0807961947085079,0.1181291446562555,0.1092456460988988,-0.1952471023252238
33,194,2,medium,medium,0.1129488444434789,-0.0732326874790627,0.1108241087696784,0.1061760914456054,-0.1683571734939094
33,197,2,medium,medium,0.1106462057987431,-0.0936833400083703,0.129877713206875,0.1421605548871205,-0.1899923183175923
33,202,2,medium,medium,0.1117129387475164,-0.0732864194443774,0.1170071531138909,0.1168711700514004,-0.1960941788374837
33,203,2,medium,medium,0.1271508449187037,-0.0414998378432406,0.1768292722659744,0.1613182457184324,-0.1545155509427725
33,206,2,medium,medium,0.1056963206678183,-0.0587575910268045,0.110987520946254,0.1495959069745938,-0.1494303559299175
33,207,2,medium,medium,0.1095679846436906,-0.0640950536239004,0.1118595415594413,0.1478484883145292,-0.1623557590564918
33,210,2,medium,medium,0.1185088463444065,-0.0439509971767055,0.1076112539107589,0.1306040726807134,-0.181273749628322
33,212,2,medium,medium,0.1152740042055791,-0.046616358577194,0.1078478061975722,0.1537854660634094,-0.1683205596680583
33,214,2,medium,medium,0.1043345128495298,-0.1705205702372934,0.1082326471374588,0.1079545962222142,-0.1509664625290843
33,215,2,medium,medium,0.1091284045747852,-0.0988272596957329,0.0982210296839108,0.0959948390121241,-0.1754122875885968
40,42,2,medium,medium,0.1057394903587679,-0.0218010783248376,0.109540004353785,0.1438120852114021,-0.0968827224213306
40,50,2,medium,medium,0.1110941441622711,-0.0752321966007445,0.1499473863768798,0.1164241051953516,-0.118032888698509
40,51,2,medium,medium,0.122560771688936,-0.0714920842730689,0.0986707668464303,0.1514143260213755,-0.235201153234544
40,53,2,medium,medium,0.1006251121021,-0.0104593961603979,0.1075617650794945,0.1567291313651815,-0.1485788879477209
40,54,2,medium,medium,0.1093870736483479,-0.0446029459043851,0.1149424762593485,0.1318481675815204,-0.2614537230685809
40,55,2,medium,medium,0.1194697292017995,-0.0757861801348334,0.1292190495591524,0.1715074170279298,-0.2561810117450949
40,57,2,medium,medium,0.1111262683745936,-0.0738781286157438,0.1102633771447798,0.0980686746299491,-0.1294908087704187
40,58,2,medium,medium,0.1204960374629942,-0.0528674493906817,0.1139999497707633,0.1267598483702789,-0.1778705889535897
40,61,2,medium,medium,0.1191669896072166,-0.0402685648758482,0.1287567172041523,0.1508893049446628,-0.0967076569678192
40,62,2,medium,medium,0.1173148573900454,-0.1661908176330213,0.1157892200368742,0.1382385115210684,-0.1254801022724037
40,66,2,medium,medium,0.1036559908588068,-0.0594983438521314,0.1292397517963189,0.1221545867942436,-0.1290648632415851
40,72,2,medium,medium,0.1148694593307497,-0.1102006159028539,0.125673374257366,0.1419512314266319,-0.1337996484466517
40,73,2,medium,medium,0.1106716657206566,-0.1458007152325717,0.1061854487004918,0.1284822093221994,-0.2090493416699231
40,75,2,medium,medium,0.102901135063643,-0.0773207698347441,0.111665271111575,0.1425336284859859,-0.2389676034723178
40,81,2,medium,medium,0.1124856644737097,-0.081676749859211,0.102466378994671,0.1664537886765167,-0.1481960189127076
40,83,2,medium,medium,0.1147800205078352,-0.0398331751199808,0.1215843487166215,0.1457313020737444,-0.1455367589708369
40,84,2,medium,medium,0.1043970582192349,-0.1261847049928118,0.1053695368463268,0.1523702952182324,-0.1193611288151543
40,88,2,medium,medium,0.1177292325072827,-0.0414554200425622,0.1443619413608831,0.1458590714075269,-0.0758174587079801
40,89,2,medium,medium,0.1182087414915757,-0.0625252635958203,0.120746681135759,0.1285082349572717,-0.192235753208949
40,91,2,medium,medium,0.1172344441396147,-0.0496090235461393,0.0904972169582382,0.1601143343020047,-0.3002012574626911
40,97,2,medium,medium,0.1120907624265451,-0.027504762977027,0.1219642982840624,0.1245693828913873,-0.2542908187725754
40,105,2,medium,medium,0.1049838407127782,-0.0700489097182776,0.1093354029216403,0.1366496718857307,-0.0837629005874683
40,108,2,medium,medium,0.1069786806149987,-0.0800400009591805,0.114146809477526,0.144647203150522,-0.0819207387448831
40,112,2,medium,medium,0.1202179064020909,-0.0818528201015005,0.1171962892331003,0.1696034672419841,-0.1536107755135797
40,115,2,medium,medium,0.1139023026421566,-0.0694868834240182,0.1284581044969337,0.1476078589741418,-0.1697890894997329
40,117,2,medium,medium,0.1159473055255139,-0.0691068788979317,0.117065352459161,0.1492900490298693,-0.2001370994700695
40,120,2,medium,medium,0.1108105169198278,-0.0782842529182512,0.1076382504385493,0.1435577909811561,-0.1492885871346849
40,125,2,medium,medium,0.1115411294834557,-0.0947184249598561,0.1010617486817823,0.151018359554835,-0.1425332888155808
40,135,2,medium,medium,0.1157651673123346,-0.0708834092415504,0.1138908758441457,0.1744196723800997,-0.0779459345952694
40,142,2,medium,medium,0.1159757250208043,-0.0929672727796939,0.113941019029503,0.148879885566612,-0.1633270840372218
40,143,2,medium,medium,0.1072287408417753,0.0707489739304282,0.1205212832884776,0.1512282165016167,-0.2680629296574613
40,145,2,medium,medium,0.1091230088925599,-0.0882774025111484,0.1077928807779349,0.1565357707468287,-0.1198168915411795
40,147,2,medium,medium,0.1249725345035679,-0.0995076961059623,0.1193079260041392,0.1488747655345276,-0.1196363985010111
40,151,2,medium,medium,0.114000194977434,-0.0644132345994269,0.1334956054924875,0.1495187120208783,-0.1737702148941928
40,155,2,medium,medium,0.1244635548295611,-0.0699705300852975,0.1193222323734183,0.1534410856757793,-0.1242646692160532
40,158,2,medium,medium,0.1146032074188032,0.0012700657862841,0.1146406771317606,0.1288924463135446,-0.2404929049141253
40,168,2,medium,medium,0.1232089623436061,-0.0954499491294675,0.1345336934021239,0.1364943062351797,-0.1258896962040404
40,169,2,medium,medium,0.1122178851704621,-0.0994237555703182,0.1033036770649582,0.1096240955033207,-0.1565406716931632
40,171,2,medium,medium,0.1159180089518581,-0.0463033662529976,0.1188319149780483,0.1587836651243923,-0.258971326975129
40,185,2,medium,medium,0.1352796211551817,-0.0057869610210415,0.1245423255090125,0.1681531695366783,-0.197290376991033
40,190,2,medium,medium,0.1154391130656831,0.0088492245174758,0.1104971601957871,0.1021728839129244,-0.320451414036236
40,191,2,medium,medium,0.1135474712328831,-0.0454549602586219,0.0996151432024897,0.1590958403970628,-0.1626064994463676
40,192,2,medium,medium,0.1096480309385147,-0.0678137242180731,0.1088368310310219,0.1431951468974959,-0.2438305542311399
40,194,2,medium,medium,0.1163441043021143,-0.0767213702061397,0.1338410647653087,0.1761793984196862,-0.150237301072881
40,197,2,medium,medium,0.1057807524972545,-0.0934745547420407,0.1092861208566532,0.1717589633074587,-0.1842284790609906
40,202,2,medium,medium,0.1224902596491729,-0.0528138777045172,0.1315650595518882,0.1502221716057966,-0.167314145621533
40,203,2,medium,medium,0.1067793352052122,-0.0999986584455409,0.0896957988199255,0.1207269730242196,-0.1383605600855548
40,206,2,medium,medium,0.1074459459946803,-0.0650723212607908,0.0896498947885754,0.1656460122558051,-0.1694177483699095
40,207,2,medium,medium,0.1135630054529884,-0.0491446504576629,0.1227690639568906,0.1452852640264211,-0.2026691931431362
40,210,2,medium,medium,0.0985529190173126,-0.0904542980842209,0.1168830481889636,0.1707297648242458,-0.1355111388889498
40,212,2,medium,medium,0.1012201181211157,-0.1063856033792683,0.1000959573052067,0.1375651939453818,-0.1434829956178102
40,214,2,medium,medium,0.11513118073902,-0.0991933919805094,0.1140444749758702,0.14362615042007,-0.1310957635318789
40,215,2,medium,medium,0.1170180696633407,-0.048400039218986,0.1129696890867411,0.1018445399905867,-0.1116617938781546
42,50,2,medium,medium,0.1181549244375619,-0.0439515792029165,0.1328849999341068,0.1276688247247722,-0.058536392737007
42,51,2,medium,medium,0.1235668416350123,0.0099054158478139,0.1282003123060335,0.1646122995762957,-0.1449902223869694
42,53,2,medium,medium,0.1059165621770418,-0.0133646144270584,0.1022606955921288,0.1395673408401079,-0.082167444204934
42,54,2,medium,medium,0.1211000041831311,-0.1214469575617011,0.1206927162334943,0.1126738162550775,-0.2839798621697311
42,55,2,medium,medium,0.1238973111070561,0.0075132251066264,0.1373877379912398,0.1600964403207785,-0.345561022347773
42,57,2,medium,medium,0.1153492404001904,-0.0084621852396613,0.0942817382466845,0.1017907722188635,-0.0835828304794643
42,58,2,medium,medium,0.1222078186917706,-0.0789150737344922,0.120720855531004,0.2077341708842985,-0.2165715784820965
42,61,2,medium,medium,0.1227044839319584,-0.1099122860725003,0.1333469144502934,0.144479424668143,-0.1257596566274688
42,62,2,medium,medium,0.1057187335040558,-0.0461607642712728,0.0872662490181038,0.0909613198598886,-0.1095704256941432
42,66,2,medium,medium,0.1028239980930487,0.0311090057020847,0.1191098026295996,0.1091468777599148,0.0200634267900263
42,72,2,medium,medium,0.1235638909620693,-0.0056032736407198,0.1392684495043914,0.1311637536736625,-0.0902456734997098
42,73,2,medium,medium,0.1324361959623105,-0.023752348701866,0.1357097900306999,0.1496287650098906,-0.1376245922204438
42,75,2,medium,medium,0.1058682336155761,-0.0444757048113515,0.1338329772816574,0.1452580559528852,-0.2146390547006222
42,81,2,medium,medium,0.1267641104378363,0.0074887756112073,0.1371217012137143,0.1632765882681209,-0.1470796763670614
42,83,2,medium,medium,0.1123613079726443,-0.0535028591542987,0.1307091227935718,0.1598395285486368,-0.1228688383059207
42,84,2,medium,medium,0.1048504958785104,-0.0372778809260756,0.1211185094515591,0.137483150583819,-0.1130605257563842
42,88,2,medium,medium,0.1104636710719089,-0.0156508526887109,0.1114795887551749,0.1577354946376571,-0.0346378851761994
42,89,2,medium,medium,0.1249326022362916,-0.0077642190835973,0.1668568630140213,0.210420241893584,-0.1967034524964507
42,91,2,medium,medium,0.1039519796195246,0.0212530873300706,0.1149104240591424,0.1665527423378892,-0.3437348776891775
42,97,2,medium,medium,0.1138210153346145,-0.0660203965084483,0.1139139739317139,0.1424393632485738,-0.200750958944093
42,105,2,medium,medium,0.1148369498476971,-0.071690371760771,0.0877451272119098,0.1086379848359283,-0.0560306522074437
42,108,2,medium,medium,0.1112343304346225,-0.017624481719131,0.0998204091100164,0.1598468079622573,-0.066142585308496
42,112,2,medium,medium,0.1110069626862017,-0.1703650619273043,0.1291242853941959,0.105539199073714,-0.1346364842280067
42,115,2,medium,medium,0.1161468238483279,-0.0702964032106319,0.0989807107795841,0.1688864320486861,-0.230410830961272
42,117,2,medium,medium,0.1170633521557881,-0.0358110177361605,0.1180038903498361,0.1508390486781559,-0.1788196376041773
42,120,2,medium,medium,0.1123509343130578,-0.0414958657700932,0.1240950123532398,0.1676409656036492,-0.1446853977978084
42,125,2,medium,medium,0.1097104882318273,0.0089348660886728,0.1002205289806369,0.1340935841803685,-0.106036117777008
42,135,2,medium,medium,0.1164035116344773,-0.0394288897370089,0.1236660751007321,0.1624619471022924,-0.047336528628944
42,142,2,medium,medium,0.1186105040222775,-0.1153086274531268,0.0952952982217448,0.1593936986332893,-0.1472057946010873
42,143,2,medium,medium,0.1218577572934619,-0.0418892788568857,0.1028957168515759,0.1643168760016979,-0.3140741175248557
42,145,2,medium,medium,0.1140295485985438,-0.0935315958195566,0.1121347402771586,0.1435770997411813,-0.0699963583609285
42,147,2,medium,medium,0.1204123937790877,-0.1066826240625188,0.1134121039336691,0.1263695996869722,-0.0950518877146189
42,151,2,medium,medium,0.131250421161353,-0.0372533625396335,0.150520978736634,0.1878686383257517,-0.1407089060160264
42,155,2,medium,medium,0.1047086917210659,-0.1130367834440189,0.1120120703241043,0.1508845492876449,-0.0616230599499783
42,158,2,medium,medium,0.1154758595258913,0.0064455275504641,0.1151655729256341,0.1401793157740241,-0.1961191488052448
42,168,2,medium,medium,0.1283361049344396,-0.0528134217394182,0.1792327352675589,0.125687862942928,-0.1552238502075787
42,169,2,medium,medium,0.1114942604211159,-0.0874086879742891,0.1088457802478931,0.0978975770993186,-0.1305067409916663
42,171,2,medium,medium,0.1143034120517324,-0.1278971020903002,0.1329566905489757,0.1453867434073751,-0.2737953698549893
42,185,2,medium,medium,0.1214651783902486,-0.0153272777552025,0.0995817558778412,0.1432433897004333,-0.2147040973359147
42,190,2,medium,medium,0.1099740145265787,-0.0459526253513372,0.130878731298395,0.1310363522512095,-0.1862546648041155
42,191,2,medium,medium,0.121096799124014,-0.0125793233171183,0.1256857543887605,0.1530044384808982,-0.1917770791672494
42,192,2,medium,medium,0.1228373167675028,-0.0860489435754466,0.1544233849782749,0.1590440963265953,-0.2139076918294511
42,194,2,medium,medium,0.1290018618047976,0.021665390989883,0.1755916396763857,0.1805184879049676,-0.1472465033055808
42,197,2,medium,medium,0.1302862468584245,-0.0332580328197722,0.1440758031545925,0.160675326134144,-0.2311336237930676
42,202,2,medium,medium,0.1243106330136986,0.0021242385108443,0.1642205456647384,0.1736160276327152,-0.200661109260646
42,203,2,medium,medium,0.1200135556593308,-0.0712906207856771,0.1242389177059383,0.1245866191446045,-0.121700854946124
42,206,2,medium,medium,0.1241061057450239,-0.0830484419564376,0.1436871134154282,0.1640049063907978,-0.1454173761654469
42,207,2,medium,medium,0.1139092909530338,-0.0448523921117131,0.136167480135058,0.1184749857456614,-0.1360795339245446
42,210,2,medium,medium,0.1129300420159271,-0.030372761001129,0.1204619124685481,0.1162803194749387,-0.0852752891516226
42,212,2,medium,medium,0.1202948469288991,-0.0899744062463457,0.1149961881448474,0.1311878668290288,-0.0954887599574022
42,214,2,medium,medium,0.109472724086982,-0.1367442585592172,0.1166126932389052,0.1556525833755443,-0.1320136576034359
42,215,2,medium,medium,0.1089617668074723,-0.0693539256792814,0.1251371572783376,0.1432964177554183,-0.1106216839082118
50,51,2,medium,medium,0.123275823266042,-0.0094272978360804,0.1313305516350348,0.1802491199998157,-0.1675222963541733
50,53,2,medium,medium,0.1111833366292233,-0.087916283671212,0.1100834056121322,0.1269040781042558,-0.1062023253198295
50,54,2,medium,medium,0.1172719305405922,-0.0708051115761134,0.1243496174997215,0.1380428598826814,-0.1707529944151217
50,55,2,medium,medium,0.1114993381441069,-0.0340576003249766,0.1033602592688732,0.1464750542960898,-0.2609763541947207
50,57,2,medium,medium,0.1189288075440109,-0.0213812230683267,0.1398078201820619,0.1895522202588418,-0.0274123603522233
50,58,2,medium,medium,0.1228446799105544,-0.0297392347679876,0.1461443293666214,0.1249184204538672,-0.2718184561197752
50,61,2,medium,medium,0.1136542778757999,-0.0300568990406036,0.1075403928416554,0.1133523248513168,-0.1529198045130209
50,62,2,medium,medium,0.117416495998888,-0.0910413668535842,0.1224146921694419,0.1146115467932283,-0.1409428438956504
50,66,2,medium,medium,0.1332699255443661,0.0028527283032731,0.2025216443328625,0.2092169431601424,-0.0656941699965433
50,72,2,medium,medium,0.1065796217728882,-0.1085300439862398,0.1124125852249118,0.1121839424121085,-0.0477376858371038
50,73,2,medium,medium,0.1059130598084993,-0.0825280823535465,0.1075523357700698,0.1364566965218392,-0.1539346293629292
50,75,2,medium,medium,0.1131363599765165,-0.0279487529204862,0.1051929063963136,0.1246695175436199,-0.2338887427215821
50,81,2,medium,medium,0.1131580230570979,-0.0882149749629632,0.1196973315369649,0.0976633863408403,-0.1349794938661722
50,83,2,medium,medium,0.1161689550936476,-0.1014681182251697,0.1010558912304847,0.1335995652779522,-0.1114403813292929
50,84,2,medium,medium,0.1009338066110572,-0.0662929544704529,0.0983249944920579,0.1083578703352157,-0.0922195267746559
50,88,2,medium,medium,0.1203762536626164,0.0268042062099331,0.1555934554481671,0.1453855011317451,-0.0634418892685787
50,89,2,medium,medium,0.1155896548379732,-0.0649928071683122,0.1002537471542389,0.1452059902301796,-0.1872908242149492
50,91,2,medium,medium,0.1105762251744659,-0.0519359751849221,0.1079790082105547,0.071044436074066,-0.3256611023958842
50,97,2,medium,medium,0.1177123159124851,-0.08509969564499,0.1174512593920507,0.121213887206828,-0.1997063143726681
50,105,2,medium,medium,0.1119927833862179,-0.0988309272162188,0.1166532802328224,0.1037913017311392,-0.052793782073949
50,108,2,medium,medium,0.1172723696986108,-0.0229798086776285,0.1428830532418356,0.1305455152488388,-0.0429403896009584
50,112,2,medium,medium,0.1090044509536279,-0.1217913103607191,0.1178899355248022,0.0815114512734649,-0.1573769182952452
50,115,2,medium,medium,0.1148377988696036,-0.0769931572358866,0.1322537793830235,0.1725647133732305,-0.1329822706268683
50,117,2,medium,medium,0.1127951936054285,-0.0579894946510861,0.118664144073795,0.1297933807883378,-0.1792583800494417
50,120,2,medium,medium,0.1115950467946467,-0.0705955270101146,0.1113950497677209,0.0891776676641743,-0.0988107596374718
50,125,2,medium,medium,0.1252007621602808,-0.057067288990978,0.1343992129412362,0.149085456172191,-0.0784371111212413
50,135,2,medium,medium,0.1104779486433372,-0.0396374404184259,0.1018269072013876,0.1063088516799257,-0.0783109876923466
50,142,2,medium,medium,0.112357963521667,-0.0130821739182158,0.1055710611626272,0.085635870568119,-0.1496733589078906
50,143,2,medium,medium,0.1126805532037851,-0.064229511581714,0.1259404287115491,0.1618803766757593,-0.2616007071576269
50,145,2,medium,medium,0.1092773776314592,-0.0404496899669724,0.1289396811351234,0.1850109197794104,-0.062302241160286
50,147,2,medium,medium,0.1114019841562146,-0.0915102439343923,0.0999252067047864,0.1044056799634374,-0.0456493338941741
50,151,2,medium,medium,0.1198988004835873,-0.060122282328766,0.1068582709373164,0.0867933969878119,-0.1112479117670555
50,155,2,medium,medium,0.1071807607574294,-0.0532083758354609,0.0989668930330798,0.0922127941972172,-0.0494965816521444
50,158,2,medium,medium,0.1146855134631762,-0.0861560070616942,0.1158959554547109,0.1096798745093066,-0.2290751093534315
50,168,2,medium,medium,0.114344398008595,-0.0668295900255906,0.1216418798685475,0.1338707624864791,-0.1371937710739944
50,169,2,medium,medium,0.1126754205349952,-0.0980373388129468,0.1046459511236627,0.1185599571564148,-0.0647274512111205
50,171,2,medium,medium,0.1077196288918176,-0.1095112612155509,0.1089811114515335,0.1080632885991869,-0.2797345743617148
50,185,2,medium,medium,0.1101896847934515,-0.049246921340019,0.1312554640558991,0.1200164528779084,-0.1545937763326937
50,190,2,medium,medium,0.1231365247790774,-0.0601537354106491,0.1517885225675044,0.132602454399603,-0.098456555375602
50,191,2,medium,medium,0.1044437625910614,-0.1053170775847573,0.1034353605051182,0.1018489217082423,-0.1752706427891474
50,192,2,medium,medium,0.1081899186604807,-0.0794553655274795,0.114415662814119,0.1126836464483063,-0.1711937656035229
50,194,2,medium,medium,0.1061509438441011,-0.0686208116448273,0.1052439186163305,0.1107034540974283,-0.1379930206110426
50,197,2,medium,medium,0.115589298917789,-0.0716635409844979,0.1194383876165431,0.1006886832340069,-0.1570054468384814
50,202,2,medium,medium,0.1112795662069385,-0.0606012666801412,0.1158229724544711,0.1379458468831423,-0.1815182528225684
50,203,2,medium,medium,0.1270685872623663,-0.041189613171999,0.1394319000520871,0.1674479894026358,-0.088356540732106
50,206,2,medium,medium,0.1127520006279823,-0.0707500297539447,0.0999153846016543,0.1113139051068441,-0.1304258552443244
50,207,2,medium,medium,0.120486592385011,-0.0465324152817506,0.122400117252362,0.0981095097490762,-0.1907625364565033
50,210,2,medium,medium,0.1157037132818415,-0.0845691233386902,0.137613084071806,0.0916590558523919,-0.1047310809705147
50,212,2,medium,medium,0.1169424438973902,-0.0718462387408525,0.1276615174425577,0.0855715612708697,-0.0846979637400856
50,214,2,medium,medium,0.1087881553401788,-0.0603826877092744,0.1011188028722536,0.120215021060993,-0.1105062611138294
50,215,2,medium,medium,0.1137127592031089,-0.0827282157586675,0.1247391161001753,0.1716147747489113,-0.1293399354817097
51,53,2,medium,medium,0.1104418239464783,-0.0590111755516638,0.1038423720557529,0.1232814509585009,-0.1912685768906953
51,54,2,medium,medium,0.1198749199202963,-0.0240410244433866,0.1027469908137462,0.1967688716626369,-0.2712055139478037
51,55,2,medium,medium,0.1298150925504189,-0.0462341456503194,0.1806719160047183,0.2122591925739597,-0.316672893754132
51,57,2,medium,medium,0.1131844710207484,-0.0299639937461047,0.0989171677128272,0.1692157382666255,-0.1662148352725906
51,58,2,medium,medium,0.1193175816985264,-0.0782735766254145,0.1265444303285237,0.185919202321225,-0.1883619152555123
51,61,2,medium,medium,0.1156694681765072,-0.018268753824612,0.1137185688572118,0.2024009022973896,-0.1862873274114385
51,62,2,medium,medium,0.1203971972018476,-0.132471171723456,0.1159769416951687,0.176691356051877,-0.1599141188426354
51,66,2,medium,medium,0.1068409876209934,-0.1657377866651699,0.120571259873747,0.1400690530549637,-0.1924269327442733
51,72,2,medium,medium,0.1207173192378029,-0.0160952703938028,0.1464840110816272,0.1726077268613002,-0.1651217198041141
51,73,2,medium,medium,0.1315803525988722,-0.0309465200838081,0.1625600550696636,0.1858204334607052,-0.2257013498145952
51,75,2,medium,medium,0.1238173951620813,0.0110367996507168,0.1100811626246655,0.1146234222480818,-0.2296053722796567
51,81,2,medium,medium,0.1232259600420986,-0.0603989473200166,0.1392237536089853,0.1828638876477092,-0.2329433728227115
51,83,2,medium,medium,0.1289733895641192,-0.0319315007409972,0.1859429320307786,0.1747037421614309,-0.2016234108536043
51,84,2,medium,medium,0.1177468896544643,0.0131664109747808,0.1087589433598701,0.198087903345279,-0.2279514004617256
51,88,2,medium,medium,0.1181736322281072,-0.0188414422788356,0.089421094121038,0.1765729147909522,-0.1894740252835749
51,89,2,medium,medium,0.1272744277631783,-0.0114844910919406,0.1637539089814714,0.1321607123828881,-0.206262832347302
51,91,2,medium,medium,0.1221968884061807,-0.0452732794143592,0.1147610362046652,0.1695374573078851,-0.2550755888325468
51,97,2,medium,medium,0.1258904225978477,-0.0029229531205401,0.1387308729036611,0.1215520767006931,-0.2301319314791453
51,105,2,medium,medium,0.1210029024083111,-0.0534294524572552,0.127293369979568,0.1055902508299438,-0.2274315451894575
51,108,2,medium,medium,0.0939673845590003,-0.060893184113383,0.0943439466068866,0.1021692463985726,-0.2152386309918996
51,112,2,medium,medium,0.1200663783824007,-0.082977565930036,0.1128317152498837,0.108931676921457,-0.2016882088308373
51,115,2,medium,medium,0.1305828136591962,-0.079063652935128,0.1147957439088336,0.1384571736040396,-0.1873762474286884
51,117,2,medium,medium,0.1252278521816942,-0.0374752745855988,0.1227701539220917,0.2038757459618532,-0.156118977120795
51,120,2,medium,medium,0.1169627027163845,-0.084169070316364,0.142598106655555,0.1024912041385037,-0.204252452634825
51,125,2,medium,medium,0.0973366973311772,-0.0554202994260694,0.1067900195960976,0.135772112413981,-0.2096218554406264
51,135,2,medium,medium,0.1259276071683014,-0.0287128388460449,0.1592393681061752,0.1328810826171315,-0.154378139521909
51,142,2,medium,medium,0.1265820741953467,0.0024865778772529,0.137222036940485,0.1927337385446714,-0.2094974898297494
51,143,2,medium,medium,0.1147777226804009,0.0468868649047418,0.1086021480831567,0.193279564496444,-0.2755370825938076
51,145,2,medium,medium,0.1218429311994858,-0.082997106543048,0.1412073014512445,0.1718839242852783,-0.1804641515697209
51,147,2,medium,medium,0.125290991722655,-0.1073087594557172,0.1336527641965996,0.1614996180480223,-0.2233048899778292
51,151,2,medium,medium,0.1340061874830782,-0.0369482862203669,0.20797897024499,0.1480082310587596,-0.1739877839909678
51,155,2,medium,medium,0.1087600309335129,-0.0829378254656921,0.0948638621371079,0.1800452667147254,-0.1992109157192411
51,158,2,medium,medium,0.1389543161896573,-0.0145350224127718,0.1208780726898076,0.151674256337347,-0.2154329455539129
51,168,2,medium,medium,0.1419118486808395,-0.0018777737032777,0.1944333720766498,0.2304793733385727,-0.1479303699695915
51,169,2,medium,medium,0.1156938512823749,-0.0364646844494549,0.1164447608006138,0.1851030386712066,-0.2128724150332704
51,171,2,medium,medium,0.1333573801398578,-0.0971765519007541,0.1598114223048505,0.1076106919248193,-0.2926050930524225
51,185,2,medium,medium,0.1148754791905153,-0.0283375430811403,0.1168311771419564,0.1548743893888348,-0.1824166451442862
51,190,2,medium,medium,0.1184088151676588,-0.0974362806493955,0.1232188486104077,0.1735983019440484,-0.3251883793754753
51,191,2,medium,medium,0.1095936120875584,-0.0167760356160053,0.1073040853585463,0.1762439043345247,-0.2222056366810629
51,192,2,medium,medium,0.1239451537383483,0.0385106342866342,0.1787704436456685,0.1816203790314833,-0.1968561578916768
51,194,2,medium,medium,0.1244932708942732,-0.0175348267259998,0.1809572298576106,0.189807995789017,-0.1378664423435587
51,197,2,medium,medium,0.1331424132363489,-0.0246246872408519,0.1609043798979154,0.206723740289825,-0.2407956689496473
51,202,2,medium,medium,0.127900215608712,0.0048003018386513,0.1782073606529709,0.1811178318929707,-0.1577919974169078
51,203,2,medium,medium,0.1063095508849608,-0.0130602770238279,0.0787330801391383,0.1009925707380507,-0.1827071103745816
51,206,2,medium,medium,0.1267775283477248,-0.0395693852690576,0.1512098388079747,0.1462971034827384,-0.1751099214481211
51,207,2,medium,medium,0.1216099202348455,-0.0271696572379067,0.1510052016141008,0.1746494075299698,-0.1730466798708917
51,210,2,medium,medium,0.1120812830432279,-0.1069967854469152,0.1168838237540104,0.1707966582314547,-0.1805760771097539
51,212,2,medium,medium,0.1143402330316293,-0.1011343596099775,0.1244349894416397,0.168063897788175,-0.179831986674256
51,214,2,medium,medium,0.1187294811106064,0.0022835253424233,0.1318727856829942,0.152512483286359,-0.1541320034937178
51,215,2,medium,medium,0.1125232974175395,-0.1384244355784597,0.1311473260054156,0.1853056876252425,-0.1519242594435105
53,54,2,medium,medium,0.1157611933503778,-0.0730646241538464,0.1158424519203664,0.0869860012622362,-0.260425485197335
53,55,2,medium,medium,0.1213925787080895,-0.0327214135617437,0.1252822526198375,0.1578261662116313,-0.2998998314497455
53,57,2,medium,medium,0.1064150921578123,-0.1046130753998124,0.1086815576471388,0.1047009131290932,-0.1373281172122971
53,58,2,medium,medium,0.1013147860779638,-0.0835525229055719,0.1102955028324146,0.1008785472239248,-0.2043625018385015
53,61,2,medium,medium,0.1209787703323758,-0.0312056730537614,0.1219955381913948,0.1456974311073089,-0.1360554245748434
53,62,2,medium,medium,0.1052832663643764,-0.0776445799805178,0.0984557764762026,0.1095989847011742,-0.1378038366398263
53,66,2,medium,medium,0.1255340488296173,-0.0521212212243693,0.1137738162344059,0.1971590698985722,-0.140266345096759
53,72,2,medium,medium,0.1134554723863024,-0.0637752933328905,0.0992906130746772,0.1435343350982223,-0.1015946091443632
53,73,2,medium,medium,0.1147693448175314,-0.0585300179781475,0.1152206351253074,0.1297225462278068,-0.1532153117084185
53,75,2,medium,medium,0.1158370865615103,-0.0847255626142863,0.1327337102447295,0.1330326614501952,-0.2401716872727162
53,81,2,medium,medium,0.1109702408196547,-0.0722263376944442,0.1108183154407553,0.1352966680885172,-0.1687848012207236
53,83,2,medium,medium,0.1129456443834698,-0.051116648982163,0.1300478302678315,0.1334118064809019,-0.1492883553993107
53,84,2,medium,medium,0.1205381318349327,-0.1194075790400966,0.1108481878183665,0.0981306664332114,-0.0861565746534843
53,88,2,medium,medium,0.118104184617086,-0.0451531124456079,0.1413491226820107,0.1880726604612832,-0.0992102944161952
53,89,2,medium,medium,0.1264914950762182,-0.0419484571270951,0.1330342640703203,0.1418366530427327,-0.275259559099053
53,91,2,medium,medium,0.0969567798658754,-0.0492385829891448,0.0937303616925435,0.1137595043322777,-0.3513687880778047
53,97,2,medium,medium,0.1080398333352347,-0.0868529533581309,0.1027086469680286,0.1287385652802093,-0.1841511323023585
53,105,2,medium,medium,0.1178260711637155,-0.1279287354363283,0.1107630787749535,0.1522032106680287,-0.1035332227388764
53,108,2,medium,medium,0.1095409026684876,0.0146693773290826,0.1128288423412946,0.1571625675299133,-0.1138882974360548
53,112,2,medium,medium,0.1156182174434614,-0.1090791785775895,0.1026429814683197,0.1419622507980907,-0.131301797425513
53,115,2,medium,medium,0.110138364255083,-0.0748547869451645,0.1180481552210516,0.1357028764433406,-0.2439101517715529
53,117,2,medium,medium,0.1184798092226507,-0.0561768906942676,0.1140162706380695,0.128399129885765,-0.2064051470462811
53,120,2,medium,medium,0.1201903140615344,-0.065017327195931,0.1015479886721608,0.1628532694543195,-0.1366349497906243
53,125,2,medium,medium,0.1090111786624096,0.0114849047556252,0.1144192649097759,0.1079243687347959,-0.1486980029842002
53,135,2,medium,medium,0.1089520615945809,-0.0553818944518846,0.1212008547278717,0.0976909680152788,-0.0997269840831047
53,142,2,medium,medium,0.1093613715374657,-0.0865902984721975,0.1095485505262535,0.1476769002074867,-0.1668185289632661
53,143,2,medium,medium,0.1106915504833206,-0.0644836148584047,0.1203841760104925,0.1235191674937165,-0.3573396797480617
53,145,2,medium,medium,0.1084005444344288,-0.0410743469663574,0.1027009633199245,0.1340683882008897,-0.0639049995348014
53,147,2,medium,medium,0.1108104920788449,-0.0799099177876376,0.1194356056781094,0.1434515049299368,-0.0727067582117905
53,151,2,medium,medium,0.1191487358712549,-0.0538582078046945,0.1418829364016958,0.1444169019274966,-0.1686508905908749
53,155,2,medium,medium,0.1170530650346273,-0.0924791136493232,0.1130147463348887,0.1115990170271643,-0.1164197138216784
53,158,2,medium,medium,0.1115242456520823,-0.0572008488113868,0.0998703630507032,0.1488549501507978,-0.2312117904801486
53,168,2,medium,medium,0.1251871354627171,-0.0532765394127058,0.1278795137247703,0.1450471041873424,-0.1235612025435339
53,169,2,medium,medium,0.0999215974262045,-0.0315038372401162,0.1025684660357999,0.1725526453163144,-0.1602565095464133
53,171,2,medium,medium,0.1063776971864701,-0.1454390361988834,0.0961880118266644,0.1260829949072918,-0.2434648350337531
53,185,2,medium,medium,0.1072391000787259,-0.0826864099226597,0.1029375471897028,0.1152654521438791,-0.1862645552803125
53,190,2,medium,medium,0.1091205675360489,-0.0789864745138165,0.1061635953822233,0.1454672468828497,-0.1748635223908664
53,191,2,medium,medium,0.1063909977638125,-0.0898966577790065,0.0938278507382956,0.1156739480218705,-0.2089749992141487
53,192,2,medium,medium,0.1194486867042412,-0.0556351427079055,0.1159344877657679,0.0959459143162889,-0.2332190787273368
53,194,2,medium,medium,0.1220155530998293,-0.0657038566695842,0.1298961981625486,0.1641617710773834,-0.1192008992876531
53,197,2,medium,medium,0.098041096132349,-0.0255430319300246,0.1026265558668928,0.1071238967904038,-0.2043613868798898
53,202,2,medium,medium,0.115332656840019,0.0094714301314924,0.1395787804052545,0.1290482120222814,-0.2003142158102168
53,203,2,medium,medium,0.1040411378027359,-0.1227366893872561,0.1145200643527066,0.1306606056735286,-0.1449150916633119
53,206,2,medium,medium,0.1142567288684818,-0.0982239225454375,0.127572132919327,0.1180024182572188,-0.1451483154325976
53,207,2,medium,medium,0.1234759983277781,-0.03578872878146,0.1278379325613635,0.1651249172004384,-0.2106569560685234
53,210,2,medium,medium,0.1060094787710512,-0.0732663502396692,0.0918589574048347,0.1081347346658518,-0.1492247925800847
53,212,2,medium,medium,0.1170604957117432,-0.1335880349526284,0.1067248626996564,0.1222440528514186,-0.1073188843721852
53,214,2,medium,medium,0.1076033052107519,-0.0425203965964978,0.10118749313237,0.1129730387952172,-0.1244181777148041
53,215,2,medium,medium,0.1124755573868193,-0.1441117146244278,0.127909883684589,0.1192690512222326,-0.1431997553944906
54,55,2,medium,medium,0.1239977263714233,-0.038306191369181,0.1336849220596898,0.1711296176319591,-0.2587963010901448
54,57,2,medium,medium,0.1049086509201072,0.0708520612340199,0.076395292563594,0.0958602995485397,-0.2292509484232499
54,58,2,medium,medium,0.1303281555263991,-0.1009708388504891,0.1096058931411684,0.1162080612911475,-0.2469831237353804
54,61,2,medium,medium,0.1114652506032327,-0.0145038275403439,0.1146808695798512,0.1829390275828977,-0.2197916951943122
54,62,2,medium,medium,0.1207138981986555,-0.0890753257020581,0.1200700695079869,0.1164302420356119,-0.1980262703519713
54,66,2,medium,medium,0.1337697940121154,-0.0411736884960728,0.1253757245620332,0.1263680922864039,-0.2796692662626407
54,72,2,medium,medium,0.115334426774413,-0.0906736412940465,0.1150893400638554,0.1324946777413522,-0.1880380331318306
54,73,2,medium,medium,0.1205069212343479,-0.0815311514576274,0.1377048249898469,0.0911529272151163,-0.2840590979828251
54,75,2,medium,medium,0.1083766360230935,0.0094192981986777,0.0991200736122047,0.0890733458348569,-0.1960518727627211
54,81,2,medium,medium,0.1097373511806278,-0.127811869341921,0.1163175015987192,0.1958779034876494,-0.2358700043655631
54,83,2,medium,medium,0.1154331467571858,-0.0848991694076624,0.1138283241920213,0.1346346349531754,-0.1860207021477029
54,84,2,medium,medium,0.1056316903215681,-0.0133553094456849,0.1097564152440108,0.1438512864936798,-0.1466661231432228
54,88,2,medium,medium,0.1191351979827815,-0.0723609182002953,0.1045153146202368,0.135470681184411,-0.2727700926188086
54,89,2,medium,medium,0.1225175075656995,-0.0732432728433878,0.1473759392992742,0.118857495798501,-0.1538988092667227
54,91,2,medium,medium,0.1128618154760783,-0.01941264068641,0.1408494300073673,0.1423735949640112,-0.2216624304193363
54,97,2,medium,medium,0.1060015722720515,0.0252709847236018,0.1180098279827073,0.0900679368231438,-0.164430152699744
54,105,2,medium,medium,0.1157310276423109,-0.0867838969991794,0.0915076670654403,0.1187587225376142,-0.2526038023450458
54,108,2,medium,medium,0.1169746369611117,-0.1025085706417856,0.1413527794965674,0.1149661883630892,-0.2263981094381904
54,112,2,medium,medium,0.1120416049617409,-0.1112072334008424,0.1040216939987865,0.0783273065815138,-0.1798129408346069
54,115,2,medium,medium,0.1121945874437946,0.010909533690124,0.0943869960110792,0.0741166397070116,-0.2423837512306382
54,117,2,medium,medium,0.1111189770045015,-0.0682548811774875,0.1025019119736139,0.1783998672758454,-0.2293512468368812
54,120,2,medium,medium,0.1152807861767314,0.0045175126448294,0.1251618708752526,0.1243421279147771,-0.2398738033079493
54,125,2,medium,medium,0.1049350407520159,-0.0470032010639259,0.0899669981850715,0.1030831658593187,-0.2248694959817085
54,135,2,medium,medium,0.1150082341410506,-0.0554382198241107,0.1226641384656385,0.1289303237720583,-0.1937803458323344
54,142,2,medium,medium,0.1142523948735609,0.0385921015501515,0.1171765385436536,0.1041993824326356,-0.1807800385381329
54,143,2,medium,medium,0.1137670020608164,-0.0035737165074026,0.1039778529386348,0.1361922887418623,-0.2738432226572939
54,145,2,medium,medium,0.1195660429966573,-0.0974684164278156,0.1100263077397885,0.1501702359462251,-0.2930562743744909
54,147,2,medium,medium,0.1135452304303072,-0.0386997597501596,0.1303801237659889,0.1330053938566282,-0.2280702816651056
54,151,2,medium,medium,0.1278009891714915,-0.0345009713303621,0.1574069391945463,0.1675826071670815,-0.1825992624639068
54,155,2,medium,medium,0.120853873258187,-0.1072911356251243,0.1036417012888558,0.1801923066648124,-0.2314969600596569
54,158,2,medium,medium,0.1191312492497747,-0.049791582530558,0.1079070439423912,0.1252097115685539,-0.1840406494924378
54,168,2,medium,medium,0.1250783762674264,-0.071790869356201,0.1448414154378786,0.1342273853616467,-0.186174809160064
54,169,2,medium,medium,0.1036731042891246,-0.0323801208121066,0.1125715723446152,0.1752972198244283,-0.2679153359999561
54,171,2,medium,medium,0.1229990257439279,-0.0211183955553512,0.1346607289040194,0.119504553819855,-0.2234153385575359
54,185,2,medium,medium,0.1133732522082117,-0.0692226193347042,0.1093791187694052,0.1243647592672142,-0.2234049915697679
54,190,2,medium,medium,0.1126311612251624,-0.0114093735333219,0.1060930831569674,0.1992556973473546,-0.1681966363525772
54,191,2,medium,medium,0.1117971693299787,0.0111341884918343,0.1148373003019858,0.1837949915579114,-0.2319970629687339
54,192,2,medium,medium,0.1234718689006174,0.0328079915860852,0.1232499158559925,0.0970727572008156,-0.1936322704602506
54,194,2,medium,medium,0.1204581087189251,-0.0312953213161476,0.1353739811538016,0.1479130387043046,-0.1887305965911805
54,197,2,medium,medium,0.1116014685027502,-0.0412546467189678,0.1115347375935197,0.1443200308864718,-0.2675312599284403
54,202,2,medium,medium,0.1197337005409323,-0.0610466788579995,0.137545888156787,0.1136369803180702,-0.2222430440764409
54,203,2,medium,medium,0.109988045231956,-0.0594917454349688,0.0994348920452913,0.1027014622637364,-0.2755330290919511
54,206,2,medium,medium,0.1083477782985701,-0.0534750472410726,0.1225844916676368,0.1472378412929648,-0.1760405422358062
54,207,2,medium,medium,0.1130113893996223,-0.0381640689783878,0.1151355503027576,0.1622078875737286,-0.1906818260924991
54,210,2,medium,medium,0.1132234569466585,-0.0765690735255087,0.1074175709033561,0.1549940288146024,-0.2390169186830301
54,212,2,medium,medium,0.1177161313642816,-0.1224781195017743,0.1221833179082815,0.1292597086083208,-0.2952659203828351
54,214,2,medium,medium,0.118963995420568,-0.0493521662964887,0.1343527748893233,0.110954524801539,-0.1851956546120337
54,215,2,medium,medium,0.117733646440112,-0.1434409463425011,0.1223897321753184,0.1170145809156915,-0.1865443181948485
55,57,2,medium,medium,0.1273720699421072,0.1118244809046272,0.1939616250438669,0.1220545372044905,-0.3108661357126324
55,58,2,medium,medium,0.110324015392255,-0.0404322407131912,0.1386415835385659,0.1838665909784925,-0.2639307767426673
55,61,2,medium,medium,0.1137491045364376,-0.0442293338111388,0.1291451623512647,0.1562975210756885,-0.2247874542555862
55,62,2,medium,medium,0.1156594948554819,0.007443462267016,0.1116121452774092,0.1728526505498501,-0.2512407529668126
55,66,2,medium,medium,0.1262973483105718,-0.0577511872988156,0.1522880757259358,0.1696491483194068,-0.3601422418249959
55,72,2,medium,medium,0.1157814893286958,-0.0989463230079816,0.1241265217973176,0.135747258476479,-0.2944841621532104
55,73,2,medium,medium,0.1199315883946591,-0.0929696491250507,0.1128303217611476,0.1453185612315097,-0.2690107982691055
55,75,2,medium,medium,0.1100447803509976,-0.0762459109273256,0.0950507602810933,0.1502015077354699,-0.2218702474534321
55,81,2,medium,medium,0.1108521669863649,-0.0462871109123845,0.1269985021536785,0.1349850752780316,-0.2169716170044161
55,83,2,medium,medium,0.1074939287242254,-0.0493186770425911,0.0950829479401283,0.1250736095981993,-0.2470424065497837
55,84,2,medium,medium,0.1122016858476757,-0.0596722642393282,0.1086082008019055,0.1548818062404987,-0.2915161068706741
55,88,2,medium,medium,0.1285998295581646,0.0095412607588759,0.1553783596492051,0.1588949775258092,-0.3310085952372911
55,89,2,medium,medium,0.1177163196651639,-0.0358373419236491,0.1099975899405989,0.111099997538185,-0.2101524290214838
55,91,2,medium,medium,0.1158152991563505,-0.0607184306903616,0.1161677231254857,0.1933974990802068,-0.2686467664143522
55,97,2,medium,medium,0.1147265885094516,-0.0256008819120779,0.1158684494551494,0.1408912993260533,-0.2562873522702815
55,105,2,medium,medium,0.122162593208384,0.049948034029963,0.1345470078339122,0.1565576684327849,-0.2703541656450655
55,108,2,medium,medium,0.126501609056404,-0.0337971105233605,0.1531098802372694,0.2064468125924449,-0.3380094317024993
55,112,2,medium,medium,0.1117318640620875,-0.0144127528174253,0.1052107536434087,0.1451939743805355,-0.2712303045908369
55,115,2,medium,medium,0.1256543382974304,-0.0244399909851326,0.1391899089003461,0.1721096639513191,-0.2014917513007672
55,117,2,medium,medium,0.1152289177346833,-0.070107153996772,0.1118387906044848,0.150345975156648,-0.2439431117387448
55,120,2,medium,medium,0.1146026131435723,-0.0628469476963514,0.1124530164763494,0.1758937108708282,-0.2646205010115332
55,125,2,medium,medium,0.122698668187472,0.0448699679006461,0.1284266058797436,0.1751216615689753,-0.275190278452293
55,135,2,medium,medium,0.1081562447339936,-0.0335399201232522,0.1066647180267031,0.1230076288620046,-0.3215192354742489
55,142,2,medium,medium,0.1184661482824134,-0.0270943419824857,0.1165398252600147,0.1390413817711515,-0.2332517546114133
55,143,2,medium,medium,0.1224742197855526,-0.0037667683990643,0.1583036665535563,0.1804332593545795,-0.3197655101223069
55,145,2,medium,medium,0.1175405689026927,0.0262007476931374,0.1270042754787221,0.1963359111890132,-0.2977688559920015
55,147,2,medium,medium,0.1137028072766804,-0.0240277644337746,0.104874830298084,0.1661175082510259,-0.2621728278855086
55,151,2,medium,medium,0.1124478405054962,-0.1201472289049025,0.1082074056717189,0.1477759145790006,-0.2558715547620226
55,155,2,medium,medium,0.1123497954983394,0.0042979084806076,0.1289898239789687,0.1528981497322352,-0.3121616622359995
55,158,2,medium,medium,0.1174660754944285,-0.0671620039773041,0.1038385133090565,0.1657497196708127,-0.2126598815326116
55,168,2,medium,medium,0.1138177320649305,-0.0717272995670816,0.1077888385384665,0.1407140818954574,-0.2840067571453331
55,169,2,medium,medium,0.1112817059606933,-0.0487814132324011,0.1244011950997292,0.161167550290293,-0.2572381616277751
55,171,2,medium,medium,0.1147256370452523,-0.0157644871072593,0.109180116324642,0.1414145421515968,-0.2350319730609221
55,185,2,medium,medium,0.1190351407702752,0.013350028732229,0.1331212727087614,0.1819472244499868,-0.2585687895228554
55,190,2,medium,medium,0.1225078912418032,0.0390252980740519,0.1415571135347786,0.2316009102342897,-0.2771337837993199
55,191,2,medium,medium,0.118990678430924,-0.032486350840884,0.1122701266239117,0.1615148811253737,-0.2255766043049492
55,192,2,medium,medium,0.1177611934665948,-0.0473816460150898,0.1132759714967787,0.1417830274590185,-0.241330364290878
55,194,2,medium,medium,0.1172992685638621,-0.0697005194428593,0.1144933468295644,0.1228045594433238,-0.2078163471645892
55,197,2,medium,medium,0.1202808901750448,-0.0648618448192116,0.1160328691030211,0.1545864282190849,-0.2393048123294415
55,202,2,medium,medium,0.1089098753793637,-0.0348232603557269,0.1107259646152565,0.136594068585743,-0.2366072234715073
55,203,2,medium,medium,0.1317785264452489,-0.0597965110701417,0.1504075274924049,0.1699876688817052,-0.3201022380673232
55,206,2,medium,medium,0.1097006654274104,-0.0555597105687729,0.1047134436032825,0.1642066687658852,-0.2481665966639551
55,207,2,medium,medium,0.1076378224217919,-0.0654366306255441,0.1190567506334726,0.1473346829177368,-0.2459577097991735
55,210,2,medium,medium,0.124124174739196,-0.0130755089818934,0.1509276015731468,0.1877141595195578,-0.3333359032010936
55,212,2,medium,medium,0.117920257703992,-0.0007119193986362,0.1320174416553453,0.187549628395174,-0.2785923902380716
55,214,2,medium,medium,0.108090140611655,-0.0294580687963162,0.1012530237896172,0.1599182968588779,-0.2372604743369025
55,215,2,medium,medium,0.1138999568710095,-0.0412036674593541,0.1152753809934611,0.1330989771091825,-0.2631938479097846
57,58,2,medium,medium,0.1171473416483347,-0.0778724254859288,0.1280870978054056,0.141499130122876,-0.231030777458413
57,61,2,medium,medium,0.1205576273459754,-0.0989128246466117,0.1122401128637401,0.1296453981983053,-0.1235023046879005
57,62,2,medium,medium,0.1202908679772786,-0.0482419718792657,0.1114723374932483,0.1388602215459732,-0.1762449290889181
57,66,2,medium,medium,0.1041599087166517,-0.0909591495952818,0.0945561120130115,0.1392206014854381,-0.1586705041578497
57,72,2,medium,medium,0.1287889230725719,-0.0421367144653939,0.1809062478825774,0.1266179287299196,-0.0507197936117609
57,73,2,medium,medium,0.1252557440566311,-0.0397202661877402,0.1604026654758857,0.1645619173496093,-0.1413823577205445
57,75,2,medium,medium,0.1344005168041918,0.0553381068687932,0.1162713090294316,0.1618193592159671,-0.2321406359082304
57,81,2,medium,medium,0.1360254083750837,-0.0195054359426204,0.1555032057015295,0.1719189781912272,-0.1243133683302932
57,83,2,medium,medium,0.132048356721842,-0.0145018096490199,0.1745234859779233,0.139631379252768,-0.129020046742787
57,84,2,medium,medium,0.1118532948223967,-0.0234334973453537,0.1336660315616396,0.1286454340529944,-0.1201159393102091
57,88,2,medium,medium,0.1192788656819245,-0.0308540723418155,0.1267592840204191,0.1162956178454327,-0.0631494343388153
57,89,2,medium,medium,0.1332381391023852,-0.05672116972087,0.1763741327254063,0.1788662985004495,-0.1637581859319542
57,91,2,medium,medium,0.1101550150856249,0.0823178847116007,0.1208120954121263,0.1563672374964833,-0.3185550327706528
57,97,2,medium,medium,0.13504563526356,-0.0316962498827271,0.1540434333728341,0.1638016213623987,-0.1447548761937379
57,105,2,medium,medium,0.1102860512209946,-0.0751445609023986,0.1167662358199184,0.0752407669397715,-0.0648643366678471
57,108,2,medium,medium,0.1178498693916904,-0.0822423897607297,0.1231666567729988,0.0750352072922958,-0.0850265076790298
57,112,2,medium,medium,0.1279897285122779,-0.0467247504228848,0.1161781313492105,0.132855468983458,-0.1504702120936045
57,115,2,medium,medium,0.1208276721831327,-0.0241769621345152,0.110263012695047,0.1080238023810957,-0.1129926298408331
57,117,2,medium,medium,0.1268122573098368,-0.0352117846792676,0.1354417472330719,0.2062140219323787,-0.2141460387490177
57,120,2,medium,medium,0.1192472734669033,-0.0086347442490213,0.1575751115539894,0.1430486755401557,-0.1763816199684896
57,125,2,medium,medium,0.1104236461199082,-0.0484777920273296,0.0990113050618927,0.1276314934814146,-0.1458216714408554
57,135,2,medium,medium,0.1348740014021054,-0.03797596397212,0.1440954968491786,0.1088351602558004,-0.0452679345200541
57,142,2,medium,medium,0.1132562586506741,0.0230108917250151,0.1315134442532777,0.1358960291783973,-0.1510420576699236
57,143,2,medium,medium,0.1080912616940212,0.0329691046721692,0.0887543417397125,0.1219737099183564,-0.2676449962594528
57,145,2,medium,medium,0.1191601916623785,-0.035160365263258,0.1196612362461319,0.163535549866818,-0.0694539212619204
57,147,2,medium,medium,0.1235953288237863,-0.0923873479743078,0.155766676920225,0.1324138224931562,-0.1265339072224454
57,151,2,medium,medium,0.1439382580929435,0.0030068968069045,0.1900993172620935,0.1226787539125163,-0.0854317068702559
57,155,2,medium,medium,0.1190081328929134,-0.0308416004962164,0.1366752362851382,0.1119599774810421,-0.0886934905017777
57,158,2,medium,medium,0.111885002597743,-0.0156505902404422,0.1230305808186414,0.154173495987143,-0.246446670038625
57,168,2,medium,medium,0.131135355503241,-0.0573130934214735,0.1918953032785452,0.1384560738559461,-0.1057527812508218
57,169,2,medium,medium,0.1200695484236441,-0.0704313967207396,0.106923893914871,0.1349116779308671,-0.1261345670517919
57,171,2,medium,medium,0.1221495714187687,-0.010856219639048,0.1608220455966142,0.1225325774560197,-0.207018410428223
57,185,2,medium,medium,0.1241197425144581,-0.054853381902573,0.1013998042242405,0.092410015405421,-0.1316307396676717
57,190,2,medium,medium,0.1074598695774824,-0.0898514672195651,0.1041944358365455,0.1198792668811041,-0.2809785498097776
57,191,2,medium,medium,0.1156126990740112,-0.0085001729355811,0.1230534785964225,0.1652818148174368,-0.1643747127705792
57,192,2,medium,medium,0.1250356305675394,0.0190999726763406,0.1542074457491887,0.1415015921811167,-0.1391364487005763
57,194,2,medium,medium,0.1338414265256875,0.0317954337991038,0.1837359240306991,0.0840381503098585,-0.1062227829514517
57,197,2,medium,medium,0.1213910917910465,-0.0160437203196206,0.1530358788172611,0.1498036240206833,-0.1726864495968272
57,202,2,medium,medium,0.1283925309356713,-0.0049237917493032,0.1609607156469586,0.1300664868850642,-0.2005899881038132
57,203,2,medium,medium,0.1113800856056134,-0.0666221951635079,0.1284918637215104,0.138055001863413,-0.137640780450391
57,206,2,medium,medium,0.1426235256433392,-0.0253469688585601,0.1611493805525449,0.1399703413603698,-0.1425674074126379
57,207,2,medium,medium,0.1217212811722388,-0.0612621671354056,0.1220950288915634,0.130982014397759,-0.1667967461532902
57,210,2,medium,medium,0.1275664148638468,-0.0415584423564514,0.119261256861833,0.1718121916466927,-0.1504906039141884
57,212,2,medium,medium,0.126044760304972,-0.0717452100648177,0.1149595957100038,0.1153816791473765,-0.1154499508843711
57,214,2,medium,medium,0.1139765027781871,-0.0902281175190784,0.1453136260697457,0.1329361939383757,-0.1177855445999135
57,215,2,medium,medium,0.1303905821702529,-0.0207623926696458,0.1646774925954602,0.170923361539979,-0.1037776186692704
58,61,2,medium,medium,0.1000617511988432,-0.1100067677684506,0.1082495063685167,0.1644127386743612,-0.2334362672458518
58,62,2,medium,medium,0.1104412243693874,-0.0727953038789044,0.12580024128537,0.1603163997630171,-0.2360363671348446
58,66,2,medium,medium,0.1252554832936226,-0.092836082459544,0.1074113975149063,0.1606974580321316,-0.2421087172942111
58,72,2,medium,medium,0.1263120477355374,-0.0424786233967542,0.0985970502707065,0.15992111506068,-0.1916200041000451
58,73,2,medium,medium,0.1131853853181384,-0.1413497244836778,0.1130753732447837,0.1594650862292511,-0.2928947373075589
58,75,2,medium,medium,0.1153592067996696,-0.0720162506223832,0.1068180588885567,0.1707177852851953,-0.254809085238677
58,81,2,medium,medium,0.1168853338690359,-0.0681425937316606,0.1316979912924962,0.1524757715101542,-0.2556098963203718
58,83,2,medium,medium,0.1219091307008084,-0.0883573197140644,0.1249824059665588,0.1480453750927074,-0.1774662480429122
58,84,2,medium,medium,0.1141804163546239,-0.0625516645074752,0.10439945065117,0.1824520317101839,-0.1827406519628291
58,88,2,medium,medium,0.1338653039362086,-0.0824641227848006,0.1141536491962983,0.154340336696216,-0.2412258753721895
58,89,2,medium,medium,0.123556559187328,-0.0658763137605435,0.1341547688946758,0.1731395191064206,-0.2271702480251969
58,91,2,medium,medium,0.1167124216088506,-0.0381357266236153,0.0928607953750195,0.1379464619035713,-0.2692687273814302
58,97,2,medium,medium,0.1153416283068379,-0.0860562509318056,0.1096507776283368,0.1630011159757982,-0.2292085678023588
58,105,2,medium,medium,0.1139738492692695,-0.0457400336328711,0.118033902676967,0.1397125013409246,-0.212579875760106
58,108,2,medium,medium,0.1331482029469975,-0.0095330505613815,0.112680288888227,0.1659194901626089,-0.2514525123196762
58,112,2,medium,medium,0.1172749793004562,-0.0859361661386148,0.1090298194976321,0.1167014305787731,-0.2079203416608345
58,115,2,medium,medium,0.1089738441921032,-0.0678276254723715,0.0993754153678436,0.1514973952540551,-0.2465137097655049
58,117,2,medium,medium,0.1188766178145814,-0.1307461386100554,0.1296969179208251,0.1879977438257322,-0.2542749554692124
58,120,2,medium,medium,0.1094516334439945,-0.0957272276639559,0.1237592955592747,0.14373760048484,-0.170922960879434
58,125,2,medium,medium,0.1131044560174294,-0.0631293965884859,0.1212881083394117,0.1450874825000143,-0.230361899201981
58,135,2,medium,medium,0.1111292438518354,-0.0921051498041515,0.1096801466158058,0.1729561770442159,-0.1775257295945564
58,142,2,medium,medium,0.1210931331594976,-0.107361903647426,0.1206948400824516,0.1502823124686981,-0.2144833077114928
58,143,2,medium,medium,0.1124779197592018,-0.0791153836523589,0.1205038203298283,0.1703667038671525,-0.2963974186688974
58,145,2,medium,medium,0.1077120105126343,-0.120289444835838,0.1057537552481364,0.1526937478373903,-0.1843861593341933
58,147,2,medium,medium,0.1165245773408966,-0.0320908776934332,0.1327988073014484,0.1608502988787925,-0.2130029119932036
58,151,2,medium,medium,0.1250951734664769,-0.0553427274972199,0.1499080552312379,0.1728621768819691,-0.2313634523383474
58,155,2,medium,medium,0.1196419941602866,-0.1396840465410459,0.1377701238805306,0.1704501229013603,-0.1722111244763261
58,158,2,medium,medium,0.1145772820246479,-0.1100271751430685,0.1170370500726306,0.1559535976049709,-0.2640529099521049
58,168,2,medium,medium,0.1264074926649814,-0.0648524118486018,0.1449456985781932,0.1889959669118147,-0.2139884993879758
58,169,2,medium,medium,0.1146457270290058,-0.0472781577745033,0.1232194977616715,0.1489086681689979,-0.2217456801832354
58,171,2,medium,medium,0.1198300859589284,-0.0975036922350266,0.116543528990524,0.1502641675109005,-0.2006912759252448
58,185,2,medium,medium,0.1155777596691739,-0.1118945184531032,0.1029642156288186,0.1800317518005608,-0.2099102671841162
58,190,2,medium,medium,0.1214118090918991,-0.0494976805770104,0.1001397406379336,0.1625870923618178,-0.3097381411916265
58,191,2,medium,medium,0.109566346318044,-0.0297218248760715,0.1077060474495625,0.1712360628710728,-0.2108835459934817
58,192,2,medium,medium,0.1150572235735845,-0.0169801919456948,0.1027029630289931,0.1210093365372096,-0.1861542769205855
58,194,2,medium,medium,0.1200527273437179,-0.1077051534087498,0.124027341293825,0.1592727091204102,-0.2150356007320762
58,197,2,medium,medium,0.1095283295522501,-0.0519424487956732,0.1155497172727536,0.1795097529211703,-0.1964415922480116
58,202,2,medium,medium,0.1175622390521275,0.0185932667517636,0.1502654403430872,0.1510235597476631,-0.1949885438151601
58,203,2,medium,medium,0.1197119786709167,-0.018862853948239,0.1009188063754724,0.1530902518472662,-0.2288220966391047
58,206,2,medium,medium,0.1266969933032529,-0.0480697278069998,0.1151614883942308,0.1830901466568948,-0.2398613090108896
58,207,2,medium,medium,0.1250844502824055,-0.0694364841818327,0.1245760856777009,0.1805098317808424,-0.2003757308501825
58,210,2,medium,medium,0.1071766298338324,-0.073885758914954,0.1132269839546907,0.1445892469890791,-0.2607969164865875
58,212,2,medium,medium,0.1200948750165185,-0.0929835212288907,0.106876212051383,0.1439146180778313,-0.2004753125312086
58,214,2,medium,medium,0.1136261077151437,-0.154420102718171,0.1182818911279817,0.1611841562611774,-0.2114242116963447
58,215,2,medium,medium,0.1126822146161655,-0.0798994926978242,0.1125203105458374,0.1199427340819986,-0.212445628045041
61,62,2,medium,medium,0.114179758122896,-0.0666387122938246,0.1349161651101103,0.1514374769884238,-0.1405976592188003
61,66,2,medium,medium,0.1196940285276871,0.0668428121085606,0.1349485865151561,0.1414757207293969,-0.1192738939602416
61,72,2,medium,medium,0.1091980961829038,-0.0562912955757233,0.1006562471069987,0.153790685031414,-0.0974063405447728
61,73,2,medium,medium,0.1176638909512255,-0.0667685308332393,0.1081404714898794,0.1564531182638778,-0.1289318020426042
61,75,2,medium,medium,0.1170259459200968,-0.0746323309640831,0.1090616141030471,0.1341252504759068,-0.1966362498876043
61,81,2,medium,medium,0.1153430292331717,-0.0902475327851929,0.1093119580982817,0.1426754242500455,-0.1384978088018833
61,83,2,medium,medium,0.1099030304776103,-0.1033612473134917,0.1050063117040334,0.1717215029052891,-0.1378308833094496
61,84,2,medium,medium,0.1196224530996428,-0.0501904710535662,0.1258808766892997,0.1513554767525046,-0.1159949251673637
61,88,2,medium,medium,0.1195793624412333,-0.106377026754272,0.1371794165541625,0.1992284882689746,-0.1123108234142158
61,89,2,medium,medium,0.1144562741813076,-0.071248791529101,0.1035125811920123,0.1654291172128804,-0.1670000695253497
61,91,2,medium,medium,0.1097828431456638,-0.068984465602956,0.1126047592568135,0.154170412675616,-0.2835763473591302
61,97,2,medium,medium,0.1069424940661881,-0.0864941463457298,0.1002290927014133,0.1632295445860098,-0.1781754007410633
61,105,2,medium,medium,0.1201480791647841,-0.0740906172754308,0.1215008995417079,0.1541470613381189,-0.1205798348279927
61,108,2,medium,medium,0.1070172784877181,-0.05874286637995,0.1207916488701946,0.2190635958297893,-0.0833876049258977
61,112,2,medium,medium,0.0990117077638683,-0.088934921686345,0.1035171253653988,0.1384538391135753,-0.134166755962856
61,115,2,medium,medium,0.1142231029593746,-0.1581899249480811,0.1167003164269228,0.1115086994787045,-0.2082604580733594
61,117,2,medium,medium,0.111846012596942,-0.1011897403300311,0.1083298904088577,0.1546072592227375,-0.1792085271114818
61,120,2,medium,medium,0.1152089338645677,-0.0853744991711363,0.1152595686816165,0.1601321307424101,-0.1262440968421249
61,125,2,medium,medium,0.1180589231915204,-0.0775901162516496,0.1071012919092934,0.1508587861768794,-0.1190019564186236
61,135,2,medium,medium,0.1046864123667649,-0.094019082776286,0.0991684977722946,0.1094831453309356,-0.084175300995684
61,142,2,medium,medium,0.1169915626034194,-0.0976680495148526,0.1079147398084258,0.1771245595690166,-0.1865631279608121
61,143,2,medium,medium,0.1008106230136287,-0.0750424597306248,0.1046133962258122,0.126689108573723,-0.3016855435310616
61,145,2,medium,medium,0.1177987840034558,-0.0763998467591248,0.1114427861602808,0.1618650555390115,-0.1372320180689725
61,147,2,medium,medium,0.1155823311213005,-0.0512169893863644,0.0981989697291633,0.1403065851009327,-0.0922682576173222
61,151,2,medium,medium,0.1279808948782943,-0.0575335127837719,0.1407411394900218,0.1640739453213541,-0.1489753607561854
61,155,2,medium,medium,0.1100324101291391,-0.1102672123443515,0.1196090205674363,0.1853380019074092,-0.153971940828608
61,158,2,medium,medium,0.1062437775126947,-0.0968291404727165,0.1088564730147971,0.1608930877276664,-0.1855379998437297
61,168,2,medium,medium,0.113013500672446,-0.067899589854715,0.118002739150797,0.1447258335496102,-0.1546634539048251
61,169,2,medium,medium,0.1072493919126463,-0.0696025211658484,0.1109447835207267,0.1485575580366755,-0.1321782946579154
61,171,2,medium,medium,0.1064255539871945,-0.0905352142074737,0.107188636196706,0.0943113816907332,-0.2503158461192654
61,185,2,medium,medium,0.1139999547159755,-0.0509882325048038,0.1060642623857325,0.1416923268598241,-0.1596352019309108
61,190,2,medium,medium,0.1176846160575628,-0.0591266954163305,0.1386935850696466,0.1514691637301262,-0.2436806461071619
61,191,2,medium,medium,0.1089101024190164,0.0057987517623613,0.1024143403778485,0.1941705759293451,-0.1696252468581792
61,192,2,medium,medium,0.1134557263228892,-0.1133511854331124,0.125146088332989,0.1248673864146493,-0.1852679759959937
61,194,2,medium,medium,0.126616895576779,-0.0549163573281693,0.1441471121872014,0.1328472648582236,-0.1452248015250457
61,197,2,medium,medium,0.1191220700797492,-0.067707216941653,0.0994094889484854,0.1600005261417141,-0.2098983550078073
61,202,2,medium,medium,0.1180173960653504,-0.1005513776662054,0.1187939051119237,0.1459073080110948,-0.1761755189922689
61,203,2,medium,medium,0.1214270729525519,-0.0163311716338637,0.1124656256674305,0.1391601299886609,-0.1297174258401698
61,206,2,medium,medium,0.1070972778800439,-0.1067073582838759,0.1164648626290114,0.1662060855924854,-0.1622082077918152
61,207,2,medium,medium,0.1088137914079586,-0.1039854273381114,0.1113302591544714,0.1848149821369562,-0.1413933455723323
61,210,2,medium,medium,0.1144064198731821,-0.0589568328098762,0.1085195442663001,0.1741336157945752,-0.1469024650588126
61,212,2,medium,medium,0.1148633878277775,-0.1711570555374273,0.1279522249001808,0.1465062286909683,-0.1257112852234682
61,214,2,medium,medium,0.1138931381521767,-0.0823453928588456,0.1058499708142394,0.1208232529001077,-0.1093713667346915
61,215,2,medium,medium,0.115007026744944,-0.1286520509999875,0.0987141214534497,0.1043993888325002,-0.1589401414848886
62,66,2,medium,medium,0.1320356472750592,-0.0594379161611293,0.1183644503152215,0.1215810456859333,-0.0788850968626355
62,72,2,medium,medium,0.1125978589982664,-0.0784479434522932,0.1283834083939833,0.1511785933950278,-0.1494206357195078
62,73,2,medium,medium,0.1232062296789197,-0.0719480634727374,0.1345926714616466,0.131125304819389,-0.1304363811044818
62,75,2,medium,medium,0.1183444857149025,0.0045172539762289,0.1160234985295987,0.1310538603971766,-0.1718727571221576
62,81,2,medium,medium,0.1076942412464996,-0.0663432667140879,0.1111013585521367,0.1803578290005113,-0.1831376984518127
62,83,2,medium,medium,0.1173117954507078,-0.0548743144658583,0.1397189266254102,0.1587120594416377,-0.1382881495250985
62,84,2,medium,medium,0.1235740255892399,-0.0640560517022708,0.1252670736016503,0.1711070235448577,-0.1383167526544145
62,88,2,medium,medium,0.1078181333847019,-0.0600637336504478,0.0939958845053124,0.1942021447839543,-0.1189156055127239
62,89,2,medium,medium,0.1249735522057614,-0.1086181457445734,0.1496238498379801,0.1522813986037285,-0.2090448305788275
62,91,2,medium,medium,0.1057780431796751,-0.0532599470433966,0.1214327944090575,0.1383998163189602,-0.2565530221467965
62,97,2,medium,medium,0.1097806142512382,-0.0748598353459061,0.1218594041436625,0.1431529605964291,-0.2035340382259781
62,105,2,medium,medium,0.1205433723270519,-0.1166570851374367,0.1210981241701717,0.1417819205534736,-0.2001574930127591
62,108,2,medium,medium,0.1110618429197208,-0.0621037907545276,0.1079185819273265,0.1437093357453215,-0.1251424630306848
62,112,2,medium,medium,0.1133145008705778,-0.101923370866094,0.1142207004380125,0.1539672411086138,-0.1592717925529519
62,115,2,medium,medium,0.1108447132419624,-0.120778032741049,0.1304234059145583,0.1432510904332138,-0.2201625129270353
62,117,2,medium,medium,0.1142021684029086,-0.0628717953901444,0.1160061598054668,0.148506606170684,-0.19879044746044
62,120,2,medium,medium,0.1144865437276558,-0.1649216797756049,0.0997005000918019,0.1401790169568851,-0.1189164540990084
62,125,2,medium,medium,0.1024226041172524,-0.1591801357258548,0.1054447016713541,0.1166638870646891,-0.0877510133187765
62,135,2,medium,medium,0.1127104744691306,-0.0938501380801786,0.1254561949655738,0.1436894764234948,-0.1435441534581572
62,142,2,medium,medium,0.1140643229758211,-0.0409685851612936,0.1163701981923339,0.1746793178835067,-0.1884574833351566
62,143,2,medium,medium,0.1182207663914098,-0.0468197419105644,0.1038175255986649,0.1027225046601967,-0.2860160566564765
62,145,2,medium,medium,0.1149594397003654,-0.0277965601130978,0.1073346301532156,0.1813764243963515,-0.1132419423382117
62,147,2,medium,medium,0.1314944494975087,-0.1327643504221031,0.1495424516145806,0.099541847347906,-0.1448308187305816
62,151,2,medium,medium,0.1236754693900957,-0.0565569695745947,0.1438622296195415,0.1425770713060894,-0.1711234760015207
62,155,2,medium,medium,0.1117223636339016,-0.0135360568495589,0.1153033156394093,0.1668818219617898,-0.1008127716614724
62,158,2,medium,medium,0.120853224832727,-0.0315189560162607,0.1328981876180125,0.1536189423648961,-0.1860860304096218
62,168,2,medium,medium,0.125249310224724,-0.0043917212713551,0.1495901178635061,0.111896178156252,-0.1597509874066582
62,169,2,medium,medium,0.1151963193358158,-0.0782623078103941,0.1086055330414722,0.1219431212038862,-0.106043679340488
62,171,2,medium,medium,0.111324117395139,-0.0441786533006414,0.1250043776916384,0.1635569273781246,-0.2026489723705022
62,185,2,medium,medium,0.1205950807806979,-0.0066839613003294,0.0896441263150901,0.1688470720490842,-0.1725429172713023
62,190,2,medium,medium,0.1155840287558332,-0.0267621511592482,0.1314736201706947,0.1762653995901336,-0.2147576969661057
62,191,2,medium,medium,0.1001889935065974,-0.0935593960520019,0.1026073544187243,0.1389353443275739,-0.1698175681964343
62,192,2,medium,medium,0.1178318309831524,-0.033372914873784,0.1401685602058541,0.1379210736980862,-0.1631641734759563
62,194,2,medium,medium,0.1178465040393144,0.0003233167311489,0.1485034794421644,0.1371571550569776,-0.202663895190593
62,197,2,medium,medium,0.1056907265877632,-0.129729640044273,0.1060299893878728,0.1550434750713125,-0.1991999422659242
62,202,2,medium,medium,0.1319641579728453,0.017759629220952,0.1750011544137711,0.1455536133621315,-0.163369889983604
62,203,2,medium,medium,0.1064590152052364,-0.1037250697454523,0.1091454447718752,0.1603809337478432,-0.111895814409608
62,206,2,medium,medium,0.1211998471205758,-0.077926386269212,0.1410752794816996,0.1294654575756756,-0.1560140383186814
62,207,2,medium,medium,0.1250448279681588,-0.1346471766333008,0.1054666829171879,0.131594499689055,-0.1267376089157671
62,210,2,medium,medium,0.1327391802716017,-0.0961377062988138,0.1156818933545907,0.1626996096321995,-0.1399260294998541
62,212,2,medium,medium,0.113648826876226,-0.1213518001170844,0.1187894359094059,0.182355105432321,-0.2017468005556483
62,214,2,medium,medium,0.1214054477721197,-0.0985675544252911,0.1175701784539796,0.1739150004451694,-0.1778199014457957
62,215,2,medium,medium,0.1131595490895306,-0.0861561048560367,0.1159307092367215,0.1176720896714215,-0.1282978768995287
66,72,2,medium,medium,0.1402845125291213,-0.0080956527384452,0.2194343759231057,0.2218561726034812,-0.0860180343761223
66,73,2,medium,medium,0.1393115708828526,-0.0049284310404353,0.1941248555593329,0.1563067934938821,-0.1280509203402038
66,75,2,medium,medium,0.1286090601334524,-0.0707987163790084,0.1814812397547155,0.178800771534463,-0.233710110875894
66,81,2,medium,medium,0.1173874615436151,-0.0339839833604145,0.1267450346453417,0.1442036100991547,-0.1471305944830867
66,83,2,medium,medium,0.1275205505506629,-0.0084022156601086,0.156965947816539,0.1533498751730345,-0.112983934203181
66,84,2,medium,medium,0.1324235842306356,-0.0163191251473966,0.1658588016356382,0.1379631934297502,-0.0807420887215513
66,88,2,medium,medium,0.1013345285016449,-0.0501387210266554,0.0964811706176382,0.1800660101703485,-0.0661037834098885
66,89,2,medium,medium,0.1304509331047774,-0.0159857901842687,0.1700919740376181,0.119398842625822,-0.2629902998467291
66,91,2,medium,medium,0.130475233897254,0.1018157202938006,0.1659318532238988,0.1604065443524199,-0.2990271227506345
66,97,2,medium,medium,0.1249387142923832,0.0084053222412263,0.1844065740619705,0.1599709403062384,-0.1909083651794308
66,105,2,medium,medium,0.114807134519868,-0.0307364394320197,0.1078015325658674,0.0813469633647666,-0.0672473409781133
66,108,2,medium,medium,0.1057548219627141,-0.0712788437811771,0.0884810183423492,0.1242852299444633,-0.0815040458892137
66,112,2,medium,medium,0.1225701589644393,0.0307771001888707,0.1794481254115171,0.1289423409827578,-0.1442014925651913
66,115,2,medium,medium,0.1255980867358361,-0.1575241508065823,0.1516741909624001,0.1759128436420572,-0.2272624171829375
66,117,2,medium,medium,0.1262872107580918,-0.0712395922404988,0.2087017409003505,0.1913738281766912,-0.0907159709826571
66,120,2,medium,medium,0.1280847410109158,0.0552519629177183,0.1456333674839288,0.1164260105566842,-0.1392771139424382
66,125,2,medium,medium,0.0979974638672015,-0.0827530074125433,0.120320857423714,0.1256348975308993,-0.1282237451209059
66,135,2,medium,medium,0.1378603911071572,-0.0739616812258532,0.1797566731324964,0.1602690029703943,-0.0746733820359227
66,142,2,medium,medium,0.1295392610860717,-0.0496821500884485,0.1500447120974203,0.1363434246639852,-0.157829421730143
66,143,2,medium,medium,0.1085136623475192,0.026948593669077,0.1157034076296,0.2025000040894632,-0.3722186860138921
66,145,2,medium,medium,0.1289398854460266,-0.0345835000449294,0.1338429636450068,0.2034701534024395,-0.0715856513405487
66,147,2,medium,medium,0.1440703665211905,0.0377165368347971,0.1451509409015313,0.1834015448714002,-0.0382194499719822
66,151,2,medium,medium,0.1425025900374824,-0.023774458367459,0.2185718785248023,0.1600681947593978,-0.133820420892108
66,155,2,medium,medium,0.1213489837663315,-0.0253643828247214,0.1488511639630663,0.1282411760178797,-0.0860786952124452
66,158,2,medium,medium,0.1229531840879811,-0.1061224606453304,0.1511843633225378,0.1267244306628346,-0.2727165127360561
66,168,2,medium,medium,0.139696248557446,-0.0396600449143631,0.1669679532129231,0.1137952043141976,-0.1319800501490067
66,169,2,medium,medium,0.1313757968049013,0.0869777967429833,0.1835820039144228,0.1699562345328122,-0.1644776695876931
66,171,2,medium,medium,0.1221888936091456,-0.0225008119502795,0.1595503857847425,0.1541738318296407,-0.2639514918698771
66,185,2,medium,medium,0.124691192882974,-0.0765576956710843,0.1292025840778484,0.1551918847159666,-0.1344101981912354
66,190,2,medium,medium,0.1197983185996621,0.0102522650791669,0.0982802192273218,0.1286455764905617,-0.1759399339439629
66,191,2,medium,medium,0.122456976100036,-0.0773263657495149,0.1123151729026288,0.1312119000218051,-0.1660783963252814
66,192,2,medium,medium,0.1361766896265537,-0.0029302769761728,0.1583254988140447,0.1720894460599643,-0.2018180832356655
66,194,2,medium,medium,0.1407479083487762,0.0316738681604014,0.218107977335677,0.2331022717581871,-0.164750940659334
66,197,2,medium,medium,0.1039318125859926,-0.0113531447835997,0.1135891242194933,0.166453966661943,-0.2335788831447576
66,202,2,medium,medium,0.1413415026798341,0.0035348220702157,0.1826100434751115,0.1895095780690631,-0.2164136944493955
66,203,2,medium,medium,0.1082720890987051,-0.1030161753220236,0.1132335963155392,0.1113382553425209,-0.0770020852957353
66,206,2,medium,medium,0.1256253296815414,-0.0567795219044297,0.1425435692855726,0.1519320782579765,-0.1331780811924265
66,207,2,medium,medium,0.1392007500504898,0.0020558147800193,0.1656513625626955,0.1890059124297479,-0.1710682373003822
66,210,2,medium,medium,0.1140712117150271,-0.0774402052168548,0.1044305524353196,0.1753716975212491,-0.1384654320015719
66,212,2,medium,medium,0.1322153757087117,-0.0466450676513185,0.1485760234061687,0.1149839121341418,-0.112134562913019
66,214,2,medium,medium,0.1358789168882094,-0.0119833205016048,0.164148000048628,0.1295097698824594,-0.1120059723944896
66,215,2,medium,medium,0.1259434435996042,-0.0446688245541656,0.1618011950097833,0.1535946947324236,-0.1501994986837571
72,73,2,medium,medium,0.1150052718632463,-0.1190820828768133,0.1128702709184698,0.1426656447043353,-0.1280306997347017
72,75,2,medium,medium,0.1132564205304409,-0.0888237527175589,0.113754514870965,0.1231486097116056,-0.2034263554589513
72,81,2,medium,medium,0.1088905617726379,-0.0835770699038769,0.107903538639822,0.1048095094050363,-0.137724361907124
72,83,2,medium,medium,0.1123637235517127,-0.024656693543494,0.1032286122030164,0.1319925153008703,-0.1194320891528559
72,84,2,medium,medium,0.1105569155320881,-0.0558071025076282,0.1111911524425693,0.1702847354045036,-0.0733106351584046
72,88,2,medium,medium,0.1175916737167817,-0.0589153827133747,0.1603942729208975,0.1866096699661452,-0.0685488737059025
72,89,2,medium,medium,0.1056201397218279,-0.1080368886603466,0.101556798096391,0.1272276553292324,-0.184091177603298
72,91,2,medium,medium,0.1053932592270928,-0.0894374411222581,0.1101108932390884,0.1202922873706627,-0.3004786730853973
72,97,2,medium,medium,0.1124278782077932,-0.1005828383045743,0.1046212316973934,0.1325109277384464,-0.2050018133869494
72,105,2,medium,medium,0.1179536254659601,-0.1178492066680758,0.1184454289197345,0.1578459209507721,-0.0325228913819718
72,108,2,medium,medium,0.1225937305326239,-0.0718917135889634,0.144813867427199,0.2068915787556543,-0.100863089666114
72,112,2,medium,medium,0.106678244254103,-0.0989677508621161,0.1058118426643557,0.1350358612613516,-0.1367084346773854
72,115,2,medium,medium,0.1232727041062056,-0.0516779637384595,0.1199953187491682,0.1636309273879507,-0.1605355881342326
72,117,2,medium,medium,0.115271933084914,-0.1455262310063863,0.1207230982040227,0.1567485348888873,-0.1426416384437617
72,120,2,medium,medium,0.1042409642373225,-0.052121505319121,0.1053103791872143,0.1428886543730394,-0.1333931701075993
72,125,2,medium,medium,0.1180222244955281,-0.128489954798094,0.139507850053331,0.1469669599222358,-0.0677412039511672
72,135,2,medium,medium,0.1127133989322245,-0.1176112137588187,0.1185385464815247,0.1328346205585256,-0.0605038433854633
72,142,2,medium,medium,0.1135329570274432,-0.0766884480475065,0.1190052288549197,0.1078461455856869,-0.0930842184896656
72,143,2,medium,medium,0.1155302602745591,-0.1358307455897728,0.1412439890388743,0.151799631676246,-0.2987461344199411
72,145,2,medium,medium,0.1177515059062731,0.0055714505466815,0.122346187115596,0.1309321550487667,-0.0572623928953303
72,147,2,medium,medium,0.11649199237879,-0.0527752762556079,0.114941231489137,0.1559831704323098,-0.0855530158621478
72,151,2,medium,medium,0.1236329224994596,-0.0776159431653071,0.1297961868607556,0.1589641734111841,-0.1112395690611671
72,155,2,medium,medium,0.1088120249506113,-0.0709265205146666,0.1195015669207948,0.1210427233082429,-0.0849704370882658
72,158,2,medium,medium,0.1064516468072659,-0.0999191990200957,0.101685559790147,0.1336315220871226,-0.2169173320309336
72,168,2,medium,medium,0.108270561535012,-0.0922516737658738,0.1064574426551351,0.1583337601496529,-0.1035906335480886
72,169,2,medium,medium,0.1170566349880035,-0.0513068638185613,0.1323871300167753,0.149729441722456,-0.1298535802165441
72,171,2,medium,medium,0.1210523516543269,-0.1290574908573163,0.1187901671167729,0.1320383900697898,-0.2653961308495991
72,185,2,medium,medium,0.1170204892051663,-0.1079988609238469,0.1420438879041916,0.2057118261292605,-0.1822712720095697
72,190,2,medium,medium,0.1228309754195364,-0.0278907811681243,0.1521303479031683,0.1482988968785868,-0.1769360278058853
72,191,2,medium,medium,0.1091235910943801,-0.0887871420340479,0.1100652970639254,0.130956352180752,-0.1663715394146945
72,192,2,medium,medium,0.1140892613902238,-0.1014508422810973,0.111991348115464,0.1601488553692401,-0.1506667738612608
72,194,2,medium,medium,0.1115236373757616,-0.0420949820993954,0.1173640379373199,0.1352980687350367,-0.0934673319948382
72,197,2,medium,medium,0.1161949911442781,-0.0746319603564104,0.1101872184574809,0.1373060647408849,-0.2112162899667926
72,202,2,medium,medium,0.111646196100869,-0.0691659229400758,0.1103302967106047,0.1511978394541426,-0.1532986754212218
72,203,2,medium,medium,0.1177804673592397,-0.0554761697400021,0.1308888226611748,0.1695842931324992,-0.1310548218063945
72,206,2,medium,medium,0.1175711239552714,-0.0982677504313545,0.1101759706761501,0.1532044195867962,-0.1289350773835015
72,207,2,medium,medium,0.1112635398388403,-0.0905391406996968,0.1200103070796835,0.1228374282872905,-0.169842840827127
72,210,2,medium,medium,0.1153630252509321,-0.0799771544195802,0.1283956926337269,0.1394127609660146,-0.1075373620631295
72,212,2,medium,medium,0.1089368407409243,-0.1086491108091872,0.1253458751174778,0.155669205383223,-0.0670765028291533
72,214,2,medium,medium,0.107287112644908,-0.1294494251985043,0.1198874745595167,0.1415463173296114,-0.0804384662432532
72,215,2,medium,medium,0.1153271898248962,-0.1336267500491852,0.1032971268662377,0.0954656872667698,-0.132193467379343
73,75,2,medium,medium,0.1066144890183923,-0.07221567971927,0.1010300866314108,0.1341255427831104,-0.2389797735302261
73,81,2,medium,medium,0.1148941117748014,-0.1105919997971824,0.1088283545594793,0.1119358418395755,-0.1612199908679231
73,83,2,medium,medium,0.1058251997579583,-0.0640584446474293,0.0889667709644783,0.1203051967645434,-0.1847738592761116
73,84,2,medium,medium,0.1078809946641792,-0.1323171175787288,0.1069706814933386,0.1493392436095244,-0.1165747091972283
73,88,2,medium,medium,0.129131519839464,-0.0958996078632693,0.1538782498361558,0.1843372455726758,-0.115822766656082
73,89,2,medium,medium,0.1193190383498274,-0.1103894505619569,0.1161270111409178,0.1234053738919087,-0.2231790596096651
73,91,2,medium,medium,0.1133038133115709,-0.1289736438760261,0.1026414460531363,0.1469287865080836,-0.3045973375350432
73,97,2,medium,medium,0.1133364037953136,-0.1457796373918379,0.1181208817772743,0.1253101707381051,-0.2018619275499742
73,105,2,medium,medium,0.1165505313812871,-0.035953729674634,0.1215700261628668,0.1571952650155814,-0.0834868700812966
73,108,2,medium,medium,0.1372214916617342,-0.0302145801987316,0.1871519571349379,0.205552865595585,-0.1147266706912714
73,112,2,medium,medium,0.1118695660310004,-0.1294433028470907,0.117610478033129,0.1507293381339643,-0.1448562692705987
73,115,2,medium,medium,0.1280938659784044,-0.0822348813513742,0.128090614188757,0.1766156348861837,-0.1848585340952167
73,117,2,medium,medium,0.1144204442833596,-0.0517447147732157,0.1016958977804233,0.1218301741195708,-0.252208849103871
73,120,2,medium,medium,0.1179653274436544,-0.0988599735213804,0.1146162748976391,0.1506265689807833,-0.1736077493499082
73,125,2,medium,medium,0.1146443598312946,-0.0521691721807802,0.1259268494360341,0.1792419716490018,-0.1195957251282953
73,135,2,medium,medium,0.1148331388154292,-0.0827674627188109,0.1054281044463073,0.1398629700345715,-0.0868102316268569
73,142,2,medium,medium,0.1057278605396552,-0.1270741639759728,0.1106672578767752,0.1544108784349489,-0.1512728978014951
73,143,2,medium,medium,0.1233072020317193,-0.066951983029185,0.1507592619194759,0.1535757461707033,-0.2408855633038591
73,145,2,medium,medium,0.1116777660272404,-0.0881546293976334,0.1130421423298199,0.1602267377420214,-0.1203402642090041
73,147,2,medium,medium,0.1180200503626777,-0.116689789072635,0.120454941092004,0.148930117922873,-0.134370207836116
73,151,2,medium,medium,0.1157282188109395,-0.1294425452332475,0.1053016379045889,0.1367040319297571,-0.1394158625105601
73,155,2,medium,medium,0.1187747107951158,-0.136149072215252,0.1169851633714685,0.1510606584929952,-0.1313031802369422
73,158,2,medium,medium,0.1030222872095087,-0.1366854104124093,0.0986209671535748,0.128221429773206,-0.1889483233683823
73,168,2,medium,medium,0.1066075110207475,-0.1315519032339952,0.1117044091824939,0.1309599463156697,-0.0935357985568944
73,169,2,medium,medium,0.1081093944059197,-0.0561338808347515,0.1062451134707489,0.1518195303537984,-0.1695804909202403
73,171,2,medium,medium,0.1191251167019832,-0.1190326773410823,0.1176099672350419,0.157480081570171,-0.2393696332291669
73,185,2,medium,medium,0.1287324723056181,-0.0438254288837927,0.1227896170978418,0.1853373829216024,-0.1777426295413318
73,190,2,medium,medium,0.1242310168962476,-0.0618865522551852,0.1308550919938849,0.1156780003238359,-0.2159100307726396
73,191,2,medium,medium,0.1131091151413731,-0.0414175014568531,0.0983607238287537,0.1775340596937098,-0.1604808780843649
73,192,2,medium,medium,0.1146552064727852,-0.1769437720305691,0.1148058123259622,0.1374412328821465,-0.1759799802480928
73,194,2,medium,medium,0.1054664807388693,-0.1024586049783573,0.1165152702763959,0.1138494224445499,-0.1328060012929369
73,197,2,medium,medium,0.108918439005073,-0.1121836646613942,0.1021963124660503,0.1627656601002632,-0.2150942937358162
73,202,2,medium,medium,0.1095802975018507,-0.0751858392557083,0.1197746492598575,0.159485324101203,-0.2097828405756182
73,203,2,medium,medium,0.1258274558665257,-0.1131027716776259,0.1578862861702804,0.1725880490043319,-0.1053075755393353
73,206,2,medium,medium,0.1086489318935293,-0.0742833206023501,0.1193603157918413,0.1430311987795071,-0.1138117959374094
73,207,2,medium,medium,0.1106218334416644,-0.0936395963443212,0.1005274094467717,0.1465142057303212,-0.197226094028375
73,210,2,medium,medium,0.1149599272625281,-0.1343352238368403,0.1404183697205246,0.1656272315114602,-0.1392478853809778
73,212,2,medium,medium,0.1184673789475964,-0.0742046540597289,0.1176243060606698,0.1637067055392529,-0.1469563278276503
73,214,2,medium,medium,0.1138842203218456,-0.1154267811478033,0.1173518895093224,0.1499686198452009,-0.1396557209210591
73,215,2,medium,medium,0.1085725289843345,-0.1145359881654414,0.1118291233517277,0.1223773655245893,-0.1644679861194261
75,81,2,medium,medium,0.1083511541947112,-0.0523023222454327,0.1036843529197022,0.0797318000140452,-0.21237760251353
75,83,2,medium,medium,0.1071442317879926,-0.0981598744586444,0.1138015007087529,0.1279949250896117,-0.1970489253486312
75,84,2,medium,medium,0.1159026784639951,-0.0378474425219079,0.1081609112348674,0.1592159489592527,-0.2089591576028446
75,88,2,medium,medium,0.1202463085365228,-0.0809011170950301,0.141987352830703,0.1507197333686842,-0.2128069194552663
75,89,2,medium,medium,0.1129973301434688,-0.1023664890741453,0.1269269306131506,0.1443187733667528,-0.2002627809831584
75,91,2,medium,medium,0.0974564857895188,-0.064427073629381,0.0863936379911998,0.1261368480961547,-0.2331336919030733
75,97,2,medium,medium,0.1092119227700599,-0.0672822980098554,0.1008891628037409,0.1207751173822182,-0.2047337084623297
75,105,2,medium,medium,0.1194471664031866,-0.0434744669835733,0.1022136273264455,0.1197072768662032,-0.2145385373332498
75,108,2,medium,medium,0.1100406655826469,-0.0236453649601271,0.1182606867502357,0.1193532709763153,-0.252448978499533
75,112,2,medium,medium,0.1079282144419357,-0.106921249856534,0.0965980760164816,0.1241427377744864,-0.2102781002992548
75,115,2,medium,medium,0.1074248583190581,-0.0239032708994627,0.1076609901413432,0.1257332413882576,-0.1905485754295668
75,117,2,medium,medium,0.1121710850045413,-0.0886272527615266,0.1060373638775372,0.1322538026889387,-0.2278370370672947
75,120,2,medium,medium,0.1112443043825056,-0.0439692551611263,0.1070993383371978,0.1209435482177897,-0.2311057929061705
75,125,2,medium,medium,0.1131552322449352,-0.100364347345022,0.1062666555810969,0.1336950250035083,-0.2167667144925208
75,135,2,medium,medium,0.1060685263882424,-0.1178512348499006,0.1097089881453831,0.1431071293309592,-0.2108956256870666
75,142,2,medium,medium,0.1068534338863433,-0.0386228350244269,0.1045870916589484,0.0990587105958461,-0.2177271704833504
75,143,2,medium,medium,0.1147826425998591,-0.0794022547032593,0.1113491374078657,0.1389017534695986,-0.20860809557106
75,145,2,medium,medium,0.1176055761415542,-0.009043754275043,0.1096277270681428,0.1245116190584094,-0.2241747678672174
75,147,2,medium,medium,0.1161940833030593,-0.0228971494776574,0.1080568331847949,0.1395230206592367,-0.2215611775184103
75,151,2,medium,medium,0.1152047296685145,-0.0617437121556744,0.1310829916546957,0.1483223328288377,-0.1807695896869007
75,155,2,medium,medium,0.1056965210389926,-0.0571766147161181,0.1086427522179293,0.1129515393034245,-0.2458265615258162
75,158,2,medium,medium,0.1103717905178652,-0.0441187876551372,0.1032785524529299,0.1402379944158885,-0.1711873176405359
75,168,2,medium,medium,0.1142908645774485,-0.1322728689556045,0.1098003608761795,0.1551794515483778,-0.263936376609995
75,169,2,medium,medium,0.1062495774037781,-0.0227922377472553,0.1103262646432474,0.1175522002602809,-0.1799607176896176
75,171,2,medium,medium,0.1053385695587993,-0.0504852275388598,0.1073726966816717,0.1007005948758,-0.2588617539668849
75,185,2,medium,medium,0.1185492124254619,-0.0505308781918714,0.1086927452443536,0.1608522153092461,-0.1605776833247127
75,190,2,medium,medium,0.1115105274374061,-0.0205036071660085,0.1178901713645105,0.1260697742313004,-0.2253696683093567
75,191,2,medium,medium,0.1124389128759326,-0.0517750493840286,0.0987860025641286,0.1305112425295077,-0.137918561790876
75,192,2,medium,medium,0.1064493413762204,-0.1332182544020099,0.1139249563939442,0.1496997909774222,-0.2454493589859095
75,194,2,medium,medium,0.1071241612994846,-0.0896955497166964,0.1052589839442963,0.1310055520255676,-0.2140131260696642
75,197,2,medium,medium,0.1170670664066078,-0.0328920793226823,0.1016512597399244,0.1337993785892514,-0.2098115300311778
75,202,2,medium,medium,0.1104895767552138,-0.0459607130836002,0.1124580311917539,0.1441678423445077,-0.1955276391830267
75,203,2,medium,medium,0.1156628656445807,-0.085248051974359,0.1165035051288808,0.1399876671466623,-0.2237733058170641
75,206,2,medium,medium,0.112122778578239,-0.0751679223188631,0.1077352407904169,0.1552865589426437,-0.2145762293983231
75,207,2,medium,medium,0.1137888755992729,-0.129928717642664,0.1083366756627581,0.1263149142382114,-0.1937440979753244
75,210,2,medium,medium,0.1092400600414515,-0.1217015929245555,0.1052429794932319,0.1183691923330906,-0.2147734887277627
75,212,2,medium,medium,0.1044671286644673,-0.0800210243770405,0.0871891757066922,0.1435047924341139,-0.2191370403111591
75,214,2,medium,medium,0.1154467075675776,-0.0622332462125226,0.1098604044139724,0.1347821527420436,-0.1960992963626341
75,215,2,medium,medium,0.1111280433173838,-0.0766272470712922,0.1182875247357378,0.0908302650627616,-0.2023564728909477
81,83,2,medium,medium,0.1107122218481371,-0.0563961569301322,0.1134167449971594,0.0953035561830952,-0.2023734295646858
81,84,2,medium,medium,0.1140060140410689,-0.0488144881138485,0.1190323623741861,0.163406317674282,-0.1406643552553812
81,88,2,medium,medium,0.1246842137154882,0.0751732617771672,0.1749655399901183,0.2197253545319742,-0.1463767004047859
81,89,2,medium,medium,0.1114820595986538,-0.091278066200394,0.1118844883819968,0.0661667900251834,-0.2032959337673454
81,91,2,medium,medium,0.1105587153504247,-0.0089997808317822,0.1101458091081294,0.1441497267299766,-0.2544343277097551
81,97,2,medium,medium,0.1133223353595503,-0.0175584410113387,0.1156955858092649,0.1488383348435689,-0.1803948029683939
81,105,2,medium,medium,0.1210948689606139,-0.0997885301136936,0.1172220198525239,0.120148739181742,-0.1340796005682802
81,108,2,medium,medium,0.1230609579644634,-0.091150795757863,0.1230840821599223,0.1887679459501102,-0.19242772242678
81,112,2,medium,medium,0.1115499567914997,-0.1046504151139834,0.1187015565687332,0.1096476339083706,-0.1611630617529521
81,115,2,medium,medium,0.1107573061925019,-0.0827998181258169,0.1142594080726543,0.1211386944661815,-0.2097796245156432
81,117,2,medium,medium,0.1188761500449161,-0.0431179830687493,0.1090319545550254,0.1547417703674021,-0.1901895172760261
81,120,2,medium,medium,0.1092931480966511,-0.0274219537345314,0.102470914352332,0.1493853941249444,-0.1755654478591246
81,125,2,medium,medium,0.1160852281962143,-0.0717059250911084,0.1214441524808072,0.1539149549217368,-0.1300909949130374
81,135,2,medium,medium,0.1130791759234606,-0.0739462030523181,0.0993158914489474,0.0912773467197339,-0.1313430007267604
81,142,2,medium,medium,0.1178970906975521,-0.0761674663495769,0.1092137930358592,0.122709829283422,-0.1809483945746506
81,143,2,medium,medium,0.1216690699612177,-0.0221587241632814,0.1204968945268082,0.1856360858757907,-0.2734445165207222
81,145,2,medium,medium,0.1141585772910651,-0.0767625352011455,0.1308289975187934,0.1511048151519944,-0.133119369428891
81,147,2,medium,medium,0.1186609514491902,-0.0465998884447991,0.1258233706733357,0.1108659811111422,-0.1779490908751206
81,151,2,medium,medium,0.1113157977025236,-0.1306885007303392,0.1048384938367925,0.1072165733036076,-0.1493044160547848
81,155,2,medium,medium,0.1171965069276754,-0.0758316857485588,0.130498316223808,0.171559434840994,-0.1286571552168871
81,158,2,medium,medium,0.104277718494295,-0.0871501791149506,0.0941690948364279,0.1587893113368321,-0.1894646500775327
81,168,2,medium,medium,0.1104443916538584,-0.0518022585261688,0.1165302287008533,0.0875402776797003,-0.1487087291976643
81,169,2,medium,medium,0.1118867863042981,-0.1200031700968149,0.1272368586237481,0.1751444872200727,-0.1865933458740248
81,171,2,medium,medium,0.1152820456857971,-0.0563079238439482,0.109444789177403,0.1300826768002332,-0.2018813487989434
81,185,2,medium,medium,0.1255891051500852,-0.0842669239194628,0.1361069877114331,0.1511096239027558,-0.2038256910516389
81,190,2,medium,medium,0.123464547103964,-0.0385163980718696,0.1426525008960669,0.2018580218741708,-0.2141509901555349
81,191,2,medium,medium,0.1097789223208463,-0.074511986397306,0.0940771325778544,0.150021689922488,-0.1847193993902885
81,192,2,medium,medium,0.1190690849073276,-0.0106442862442213,0.1076307029929758,0.0697995727655292,-0.1790235469012117
81,194,2,medium,medium,0.107538980366997,-0.1146218867772961,0.1045460882237696,0.1109850047617592,-0.1526692060896173
81,197,2,medium,medium,0.1159818851627831,0.0032486442253515,0.1063139869005438,0.1020871869194158,-0.175458652045042
81,202,2,medium,medium,0.114442460340681,-0.0378954041909278,0.1146014929555335,0.1053149883333137,-0.1666694082510723
81,203,2,medium,medium,0.1234990033846468,-0.0457614034144304,0.1392167978552965,0.1143106639718258,-0.1807735701214836
81,206,2,medium,medium,0.1138147899088789,-0.0726512849961313,0.0952181457673663,0.11890935094566,-0.1999224135995471
81,207,2,medium,medium,0.1126024736403621,-0.094357944785798,0.1100959783646901,0.1331652663327994,-0.2050681069867055
81,210,2,medium,medium,0.1149478274419664,-0.0194935475822977,0.1201799714608816,0.1691381265317149,-0.1577778339697473
81,212,2,medium,medium,0.1087271854438933,-0.077727998995559,0.130356176881571,0.1461754211427651,-0.1291077985034822
81,214,2,medium,medium,0.1177179956806088,-0.0643048579375432,0.1337456865102564,0.0933634082536526,-0.1839829045472414
81,215,2,medium,medium,0.1133269628787427,-0.08993111628024,0.1177619822245675,0.1328318501643837,-0.2039506153150803
83,84,2,medium,medium,0.1120766151400191,-0.0843504505095993,0.1156668774794681,0.1522654689396378,-0.1614556776487508
83,88,2,medium,medium,0.1191290786714371,-0.0311122558749646,0.1534347922265374,0.1366291831553446,-0.0988705124828086
83,89,2,medium,medium,0.1185353320623968,-0.0341615133622981,0.115179917106391,0.1070043381444628,-0.1689503628987009
83,91,2,medium,medium,0.1132702275111244,-0.0318067479407515,0.1003711020665228,0.1202258856657538,-0.2776476113763818
83,97,2,medium,medium,0.1148946960742153,-0.1132718917289066,0.1170141260612157,0.1486832920551781,-0.1926453526540588
83,105,2,medium,medium,0.1172346232059547,-0.0994131426145884,0.1229157371969652,0.1290338283121618,-0.1190754494936803
83,108,2,medium,medium,0.1163243075970403,-0.0265951060864687,0.152471722387005,0.1908494780639311,-0.0793006443573755
83,112,2,medium,medium,0.1087354381428798,-0.0290340737777068,0.1047321984364523,0.1126846276104582,-0.171660543695078
83,115,2,medium,medium,0.1199830485005178,-0.0158749554780145,0.1299570235808795,0.1183509268350158,-0.1751969949806786
83,117,2,medium,medium,0.1201976084208651,-0.0874996425433214,0.1043538989370947,0.1450456296062173,-0.1579923684215942
83,120,2,medium,medium,0.1112170693823803,-0.0945846951726013,0.1053394505944314,0.1514154784019137,-0.1460441374175942
83,125,2,medium,medium,0.1241504141214474,0.0450155058677141,0.114086332038228,0.1532754912721504,-0.1455764820121462
83,135,2,medium,medium,0.1124513085538406,-0.0740436318954012,0.1279319298768525,0.1337854540961762,-0.1166289499444023
83,142,2,medium,medium,0.1122254288236123,-0.0798562762010244,0.1160955614864943,0.1327749839930644,-0.1258750480158325
83,143,2,medium,medium,0.1251394861099942,-0.0588558460806324,0.1214142660768348,0.1648147769016534,-0.3058525599418559
83,145,2,medium,medium,0.1204981406745009,-0.1101458573417176,0.1271409268747024,0.1532958593954008,-0.1041115816818951
83,147,2,medium,medium,0.1159379815012002,-0.0985208495169114,0.1313886980541528,0.1305750585887478,-0.1546137136693429
83,151,2,medium,medium,0.1250263651664066,-0.0770863931880356,0.126905940585291,0.1406472117698554,-0.1471393985082362
83,155,2,medium,medium,0.1102716584378913,-0.1395942560570723,0.1212148927624819,0.1167787537124422,-0.1122212978559598
83,158,2,medium,medium,0.1158133581146947,-0.0364667739695363,0.1163986120785999,0.1301083736706899,-0.156699971738045
83,168,2,medium,medium,0.10762288523237,-0.0599444920479834,0.1057028144901294,0.1200659175120341,-0.1411665092292557
83,169,2,medium,medium,0.1098088803531562,-0.0956449696037738,0.1317988237545776,0.145994966538689,-0.1495723963686241
83,171,2,medium,medium,0.1031192248590137,-0.0794014028237489,0.1131893661891232,0.1517725516230063,-0.2308693539929497
83,185,2,medium,medium,0.1231649011934593,-0.0310345216546202,0.1562525231869679,0.1768585749148378,-0.1757713652265016
83,190,2,medium,medium,0.1234435332372112,0.0373703809778187,0.1843126717672772,0.2130564266361815,-0.2112929073432966
83,191,2,medium,medium,0.1125606737895372,-0.0470268916514021,0.1143174800757682,0.1591711303825036,-0.1511134685309066
83,192,2,medium,medium,0.1108689040047514,-0.0918138821074217,0.1113190304965235,0.117712722971059,-0.2025793502369114
83,194,2,medium,medium,0.1115687355347798,-0.0619167926447297,0.113942377741793,0.1092657484650535,-0.1301446047428984
83,197,2,medium,medium,0.1151564457310422,-0.0883686609867997,0.1124324653810705,0.1356552487407508,-0.1933672234128584
83,202,2,medium,medium,0.1093258661903087,-0.0197715490382336,0.1228963330066889,0.1410346583646192,-0.1600505948222158
83,203,2,medium,medium,0.1260622349148079,-0.1036775468199534,0.1427638209519016,0.1813953658080731,-0.1327637117576382
83,206,2,medium,medium,0.1122443089464599,-0.1047423163146357,0.1105686135713366,0.1197659338452519,-0.1409269113875096
83,207,2,medium,medium,0.1091258293688582,-0.1376060254053566,0.1078007103319167,0.1452926411846409,-0.1668650716959929
83,210,2,medium,medium,0.1142405632360804,-0.1139590892736758,0.1164664243037215,0.1553107481660403,-0.1532232045070189
83,212,2,medium,medium,0.1129756753251187,-0.0561467153224531,0.1038975287633937,0.1499197044255468,-0.1427613708445783
83,214,2,medium,medium,0.1222154588360451,-0.0875498206447549,0.1144553665989619,0.1171613024294176,-0.0985601448069523
83,215,2,medium,medium,0.1089073439392582,-0.1023033560606071,0.1150824444105269,0.1302725611878517,-0.1556798790284318
84,88,2,medium,medium,0.1237271947441831,0.0144140159479948,0.1352391438822584,0.2000105955779317,-0.1175430929201024
84,89,2,medium,medium,0.1158970741111794,-0.0966569725620464,0.1167002747064837,0.1468251748413087,-0.2090823767497905
84,91,2,medium,medium,0.1113973849203686,-0.067026043167561,0.1106000907408361,0.1841653254011632,-0.2994647948406903
84,97,2,medium,medium,0.1144805997069061,-0.0886495832001997,0.1145169384594906,0.1417870292749848,-0.1862644795217799
84,105,2,medium,medium,0.1241081394884262,-0.0428761830298423,0.1312834470510379,0.1320978376179455,-0.0722467807699924
84,108,2,medium,medium,0.1047792424952495,0.0021222163604343,0.1220234492310615,0.1620588840481435,-0.1216565035806245
84,112,2,medium,medium,0.1113445426278891,-0.1159430835545298,0.1206861651541242,0.1230238844550997,-0.1051299873607267
84,115,2,medium,medium,0.1220532772521433,-0.0575113710961256,0.1160410542225478,0.1412318775014663,-0.1781791121608923
84,117,2,medium,medium,0.109945584356734,-0.1012797246197784,0.1072262539658193,0.1553697188506685,-0.1924679229951432
84,120,2,medium,medium,0.1177118756792169,-0.0804224620119223,0.1076358056887722,0.1213947049645164,-0.1393718870341048
84,125,2,medium,medium,0.1207538220412028,-0.100786333014489,0.1273681039516672,0.1528461402099762,-0.1034440295924578
84,135,2,medium,medium,0.1097004776656347,-0.0947010662185054,0.1059796306363245,0.1147070708712814,-0.0983780237801991
84,142,2,medium,medium,0.1094082313968122,-0.0979384916442761,0.1165890572545422,0.1369898191123395,-0.1063678670001658
84,143,2,medium,medium,0.1129166230305832,-0.0510602635440091,0.1128129662940531,0.2037297943373661,-0.2331713304239344
84,145,2,medium,medium,0.1147772926285535,-0.0423476626719392,0.1192182271266193,0.1492390335335186,-0.100571955631242
84,147,2,medium,medium,0.1129899999722201,-0.0323164003125605,0.1165617072537973,0.1496391238203743,-0.1224399941616003
84,151,2,medium,medium,0.1140736682792823,-0.1101363539130284,0.1270772911115504,0.161399486596989,-0.1135788790380193
84,155,2,medium,medium,0.1108901360934052,-0.03279371490331,0.0996040706185967,0.1354775219206446,-0.08258425720489
84,158,2,medium,medium,0.1083946555886072,-0.1048441842414329,0.1108091577186217,0.1347503008382511,-0.2111208050045521
84,168,2,medium,medium,0.1187578525346706,-0.0248658298767756,0.1181785404201767,0.1585315029587757,-0.1210183109286811
84,169,2,medium,medium,0.1122383803841019,-0.0903414672597272,0.1139354624384503,0.1396966556569093,-0.1717253128006913
84,171,2,medium,medium,0.1075710222091008,-0.108886130219777,0.1083381599638055,0.1361745051009365,-0.2457882116849237
84,185,2,medium,medium,0.1114410564235917,-0.0422084294553363,0.0977833462158191,0.1717144026819002,-0.1397638529824099
84,190,2,medium,medium,0.1204970835679254,0.0183867830707663,0.1346634999733436,0.1565867042662203,-0.1859113319107348
84,191,2,medium,medium,0.1182628342117165,-0.0442711470466554,0.1110740473197053,0.1681425269386649,-0.1619322298371976
84,192,2,medium,medium,0.110682625115879,-0.0363256730201284,0.1118445797286111,0.1376497171620739,-0.1594815578584487
84,194,2,medium,medium,0.1141360359554748,-0.0450217299490962,0.1320028091012317,0.1238684853552312,-0.1194327398856223
84,197,2,medium,medium,0.1139597699203593,-0.0493476247857601,0.1127921526418213,0.1681360288588271,-0.2226000139168424
84,202,2,medium,medium,0.1220957406780705,-0.044102751194148,0.1311709410170339,0.1423161286570442,-0.1585027362371813
84,203,2,medium,medium,0.1102860135101627,-0.0559525623504393,0.1361805464050078,0.1430440932050372,-0.1083706289663973
84,206,2,medium,medium,0.1149190834745551,-0.0534337265558716,0.1271359662441094,0.1698850671404684,-0.1107431461362649
84,207,2,medium,medium,0.1069421464025712,-0.0553380970470975,0.1105429884931554,0.1549437037066741,-0.1941535989821136
84,210,2,medium,medium,0.126289179587791,-0.070075474787753,0.1165049313746707,0.1847396804786271,-0.1310365165630009
84,212,2,medium,medium,0.1098292388864912,-0.06105227870925,0.103674942449535,0.1564376776080446,-0.0838594086759283
84,214,2,medium,medium,0.1101350540383586,-0.1202890992681117,0.1158699829348217,0.1437325312039146,-0.1114920153711477
84,215,2,medium,medium,0.1092003111977829,-0.0391618677296582,0.1379110150341487,0.106283839725725,-0.115239228078708
88,89,2,medium,medium,0.1231285315568354,-0.1144628760383548,0.1790323427358631,0.1608188804734425,-0.1842341957208403
88,91,2,medium,medium,0.1150888053839304,-0.0290813487545659,0.1221400043192818,0.2101768147137136,-0.3106696158380984
88,97,2,medium,medium,0.1150579052613645,0.0505447971923622,0.1202463229661782,0.1942296690471221,-0.1767710541868985
88,105,2,medium,medium,0.1203946558567038,-0.0884337091963939,0.1419427878060462,0.1556439765554998,-0.0698586800215468
88,108,2,medium,medium,0.122059196632117,-0.0198550751717562,0.1065484644654671,0.1178181394153318,-0.0511127425956303
88,112,2,medium,medium,0.1161254743251993,-0.0537972957850481,0.1217651510637015,0.1460556622650909,-0.1211678077736356
88,115,2,medium,medium,0.1141800962064905,-0.206053442546006,0.1269695473779459,0.1950655227811234,-0.1982844961123061
88,117,2,medium,medium,0.1211503144637616,0.000708051452029,0.1769130583380489,0.2010432698233125,-0.1518572806231829
88,120,2,medium,medium,0.1111906513165509,-0.0335512019109427,0.1521866523795715,0.1893554200041072,-0.1120789819420493
88,125,2,medium,medium,0.0901936757011241,-0.0710503007987576,0.0769388970620262,0.1500850573581436,-0.1081974773826456
88,135,2,medium,medium,0.125019820351586,0.0110092827580021,0.1636934474830501,0.1887729599547786,-0.0609090881562357
88,142,2,medium,medium,0.1163077750758454,-0.0826934883572709,0.1440382183023373,0.1697430822001412,-0.1262189544698456
88,143,2,medium,medium,0.0934964885281365,0.049474476661784,0.096563754377256,0.166518000083771,-0.3484956807483759
88,145,2,medium,medium,0.1252073759639075,-0.1104651802186061,0.1157432575520536,0.1459132633893104,-0.0316809710022228
88,147,2,medium,medium,0.1223629851012443,0.0087596658167731,0.1571123548556637,0.1944595498469723,-0.0692011572015648
88,151,2,medium,medium,0.1365665623834024,-0.0113543525773832,0.1669471195727517,0.1605237164160917,-0.0652461684979339
88,155,2,medium,medium,0.1063744519054026,-0.0117833672584909,0.1292965913413848,0.2080054603739964,-0.1013263910909281
88,158,2,medium,medium,0.1100569301655678,-0.0027663886920561,0.1274046995834914,0.2011520848257324,-0.2685247631397786
88,168,2,medium,medium,0.1364624234262116,-0.0508614257321393,0.1861480298772685,0.1538198512387256,-0.1247751363956035
88,169,2,medium,medium,0.1148954783473003,-0.0977203458082512,0.1266305118888786,0.1576026444982543,-0.1488226755028332
88,171,2,medium,medium,0.1307394267541053,-0.0172441769813447,0.1596925648617581,0.1979312790920865,-0.2374765579453879
88,185,2,medium,medium,0.1125526687018451,-0.0323431438085727,0.1415189682142774,0.1630329575530774,-0.1195261310421773
88,190,2,medium,medium,0.115128319329959,-0.0297627999390542,0.1291590309746791,0.171658810165477,-0.2391457160036173
88,191,2,medium,medium,0.1064073811942032,-0.055961574121,0.0971419342493554,0.2090633227257923,-0.1800603295521192
88,192,2,medium,medium,0.1160373566226067,-0.0211328683949254,0.152084600175455,0.1287379161856572,-0.1532644504947909
88,194,2,medium,medium,0.13628893838936,-0.0040626609825165,0.2149555534666648,0.1385768911458914,-0.1783084394224385
88,197,2,medium,medium,0.1200040427810097,-0.028795239355186,0.1196933478901255,0.1593234466687638,-0.1923381935223787
88,202,2,medium,medium,0.1411600073650303,-0.0927908767293199,0.2203193392753075,0.2010693690223225,-0.1715736913316961
88,203,2,medium,medium,0.1002276343789893,-0.0275330526710885,0.0952577309355039,0.1537177417191098,-0.011892071703486
88,206,2,medium,medium,0.128781553554676,-0.0506213162575837,0.1300614049201126,0.1809292618119602,-0.1237365850167362
88,207,2,medium,medium,0.1330086809577013,-0.0513036435566165,0.1424412506660063,0.1824123730885347,-0.1707139738604975
88,210,2,medium,medium,0.1180633453061666,-0.0378941699178131,0.0943920420967315,0.1760970406496557,-0.0826441304400944
88,212,2,medium,medium,0.1284418761836866,-0.0869488438975817,0.1499368299077872,0.1601918597590523,-0.1215690966688166
88,214,2,medium,medium,0.1184519811180934,-0.0341795828062112,0.1628617642947185,0.2218308269718928,-0.0746296256114199
88,215,2,medium,medium,0.1309505003887182,-0.098527266901227,0.1561774189495146,0.1487804319005975,-0.1023420366503478
89,91,2,medium,medium,0.1153336650537288,-0.03452325324177,0.1142952115338914,0.143539324257593,-0.217813080289114
89,97,2,medium,medium,0.1147416064724702,-0.0552586821114714,0.1057625088878181,0.1642466086075861,-0.1929860681464035
89,105,2,medium,medium,0.1246521539746302,-0.1061245322015486,0.1470359909830529,0.1552505932128383,-0.2163055397531751
89,108,2,medium,medium,0.1296897624268026,-0.0055514948028627,0.1728025865570626,0.16442523936612,-0.2318737470692535
89,112,2,medium,medium,0.1175323053585649,-0.1397135028102918,0.1277018874232458,0.1654549162968974,-0.1836629795230205
89,115,2,medium,medium,0.1224653059468166,-0.0273534239325001,0.1539504545902914,0.2074622072018785,-0.2307122430959707
89,117,2,medium,medium,0.121291289840171,-0.1256938518283827,0.1174721885756445,0.1535164699552956,-0.1979256624753018
89,120,2,medium,medium,0.1145419825179555,-0.0761732887305871,0.1122960383260516,0.1264434136620471,-0.2011369566472329
89,125,2,medium,medium,0.1286050727913189,-0.0478068199936378,0.1574643778950035,0.1517216572827027,-0.2140446581311835
89,135,2,medium,medium,0.1090495978513955,-0.0795672427196716,0.0972319490748165,0.1289059622353174,-0.2099794573316564
89,142,2,medium,medium,0.1109995212932483,-0.0844363210202494,0.103449861324763,0.1211134322125608,-0.2196147701594445
89,143,2,medium,medium,0.1222644508922181,-0.1104021387130382,0.1381116140008274,0.1673144032624476,-0.2740715216739555
89,145,2,medium,medium,0.1169217508601991,-0.0355288056004732,0.1486245064071376,0.1302284196453094,-0.2308784293852875
89,147,2,medium,medium,0.1063633812050927,-0.0675240300118802,0.0978406852443439,0.1529909421826182,-0.2095558606209334
89,151,2,medium,medium,0.1206123890127235,-0.1370603356723738,0.1140124390510533,0.1386291040929981,-0.184068439417071
89,155,2,medium,medium,0.1174946830801151,-0.07656472994002,0.1164689252414913,0.1036083004585544,-0.1921089665020972
89,158,2,medium,medium,0.1125300047818009,-0.0995694371617038,0.1164944773852347,0.1423622194217845,-0.1894547003652955
89,168,2,medium,medium,0.1155402349538712,-0.0579801979701859,0.1027402095351849,0.1545038142934989,-0.2236140921668168
89,169,2,medium,medium,0.1180981624959358,-0.077794209669574,0.1410384187423735,0.125477983558197,-0.1804765243980948
89,171,2,medium,medium,0.1094347010196322,-0.0639477582606866,0.1042713178238534,0.1363532505084654,-0.2316153986963028
89,185,2,medium,medium,0.1233862269585552,-0.044744471420334,0.1334662501715291,0.1549159114800233,-0.1734197576287237
89,190,2,medium,medium,0.1288151528047989,0.0474402930191264,0.1710073126672798,0.1223256364240183,-0.2065670585211706
89,191,2,medium,medium,0.1119526193585448,-0.0941385495739703,0.1086960645117096,0.1277852516763092,-0.1922252295038193
89,192,2,medium,medium,0.1127723880252847,-0.0974014836967831,0.1143035924264656,0.1542797492749228,-0.1829044979660898
89,194,2,medium,medium,0.1122122544022659,-0.0750342151150135,0.107864225781377,0.1351615899805793,-0.1954649427870848
89,197,2,medium,medium,0.1101458771760783,-0.095848210927439,0.1050442803823783,0.1376181512489646,-0.1964325076912844
89,202,2,medium,medium,0.1099663313690959,-0.0585426417472203,0.1004357975161429,0.1301594421585136,-0.1599764230449644
89,203,2,medium,medium,0.131128746107997,-0.0657760416486358,0.1791511414515076,0.1441632759682045,-0.2068499698013243
89,206,2,medium,medium,0.1139010421797779,-0.0802142020718008,0.1098397466882488,0.1479235991510755,-0.1922915813527121
89,207,2,medium,medium,0.1133857931548962,-0.1154610539741793,0.1194107856386742,0.0983400789247298,-0.1561485005870071
89,210,2,medium,medium,0.1177915970733812,-0.0458303287838289,0.1240291766962444,0.125884763519827,-0.2172639495178617
89,212,2,medium,medium,0.1148468490492166,-0.0928467565839497,0.1157509100950056,0.1683309921855705,-0.2038156989186633
89,214,2,medium,medium,0.1077850349792899,-0.1006311622599982,0.1153878417072254,0.1446067558467114,-0.2110490472086802
89,215,2,medium,medium,0.1205897665712082,-0.1007833324463765,0.1124979264493459,0.0919740823593864,-0.2142223101670184
91,97,2,medium,medium,0.1117092568312327,-0.0001187013915929,0.1047037280011268,0.1377865134706016,-0.1816378527664853
91,105,2,medium,medium,0.1140789634171411,0.0050722336092395,0.1165818052557334,0.1428604668245532,-0.3239158739602534
91,108,2,medium,medium,0.1104622303770844,-0.0282951928092334,0.137729685639777,0.1467766602700917,-0.3177551874548862
91,112,2,medium,medium,0.1127186234039188,-0.0883671498950416,0.1110565866502143,0.0970905837975324,-0.2643093020462435
91,115,2,medium,medium,0.1126563446081609,-0.1125132840691619,0.1087580670019009,0.1457696508188938,-0.2261020038817516
91,117,2,medium,medium,0.1114547382346358,-0.0125932090689649,0.0974148852904791,0.1522008348823029,-0.2576894873857414
91,120,2,medium,medium,0.1136577315669705,-0.0431799256697001,0.0955508883920278,0.1373429014627591,-0.2442539848868929
91,125,2,medium,medium,0.1172187126581364,-0.034058181453191,0.1097488262931458,0.1422302798248063,-0.3199244336668179
91,135,2,medium,medium,0.1140602010114074,-0.0992029645898138,0.1083320904467611,0.1202976932984851,-0.3127386406535638
91,142,2,medium,medium,0.1007970378466901,-0.0910261610565313,0.1043386136696264,0.1791164824528772,-0.2508495802089138
91,143,2,medium,medium,0.1136587144650365,0.0677136434942493,0.1166212429406816,0.2045209368821617,-0.2235620891592091
91,145,2,medium,medium,0.1187347908845608,-0.0052304043271707,0.1156796250603515,0.1771432060636181,-0.3220926192411313
91,147,2,medium,medium,0.1143500380448929,-0.0506140998847847,0.106995751037912,0.1374828655833273,-0.3098218387233873
91,151,2,medium,medium,0.1174669771348736,-0.1266094598896355,0.1395645564796264,0.1462609968377934,-0.2464611447262225
91,155,2,medium,medium,0.097533296950609,-0.0630776296183583,0.0990020365126643,0.1641592544725305,-0.3268159074068071
91,158,2,medium,medium,0.1190933460692987,-0.0274441444271399,0.1080287072250049,0.1512764573426451,-0.1895056363163633
91,168,2,medium,medium,0.1208691491816648,-0.0732567418439091,0.1268700548861363,0.1617972655534479,-0.2810956546596765
91,169,2,medium,medium,0.1028820273262682,-0.1014373568066584,0.1102634898864846,0.1536259841474304,-0.3047265003927437
91,171,2,medium,medium,0.1187858347318338,-0.0093217485650857,0.1118985600128036,0.1579332662490716,-0.2134446092919752
91,185,2,medium,medium,0.1145958508232755,-0.0231331688638499,0.1135027247478723,0.165820394809091,-0.2719025488378748
91,190,2,medium,medium,0.121012363843772,0.1114429240115204,0.1219633765759068,0.1841610268730199,-0.205371118387994
91,191,2,medium,medium,0.1172538834481355,-0.0106543557718791,0.1044590029710424,0.1763537180814779,-0.2686998710465704
91,192,2,medium,medium,0.1107634751939158,-0.0770246178650214,0.1086998114774731,0.1420525857420971,-0.2325760138431583
91,194,2,medium,medium,0.1165865273465196,-0.0368455646893937,0.112718035798165,0.128191775667693,-0.2344552882865342
91,197,2,medium,medium,0.1107382717680391,-0.0892312624998364,0.0999494241090616,0.1307322769988518,-0.273419809430425
91,202,2,medium,medium,0.1152219499689045,-0.0686866459660636,0.1163522525418807,0.1471758309475478,-0.2319987106520878
91,203,2,medium,medium,0.1146022955552051,-0.0540063833605252,0.1240787522077065,0.1050933341254292,-0.3505379982909336
91,206,2,medium,medium,0.1071800283335515,-0.076303294070476,0.1215495870025296,0.1523268894973212,-0.2790821488470579
91,207,2,medium,medium,0.1109613147522885,-0.0546391080069519,0.0989088859253626,0.1684994654246384,-0.2726074929210839
91,210,2,medium,medium,0.1080096088451221,-0.0267462942363383,0.0980505355175449,0.1787821822195449,-0.3085080527894922
91,212,2,medium,medium,0.1074811980684088,-0.0874867139003673,0.1087860010508141,0.1558862443912211,-0.3003606817915673
91,214,2,medium,medium,0.1066696471493069,-0.066453990850114,0.1110809741407479,0.1427374995450258,-0.2435762133117975
91,215,2,medium,medium,0.1140352860467975,-0.0452142214881021,0.0986524988756122,0.1291612740907022,-0.2385277722795018
97,105,2,medium,medium,0.1127237054845686,-0.0647560061468512,0.1195296573030431,0.1510877177245929,-0.1828451083398892
97,108,2,medium,medium,0.135424525615321,0.0147230226276823,0.1805929729175825,0.1899765033551873,-0.2333522867303598
97,112,2,medium,medium,0.1180074152767259,-0.1161590311710052,0.1072083538676962,0.154724343682409,-0.157644610106262
97,115,2,medium,medium,0.1204001543021801,0.0219657554896418,0.1331091535264382,0.1700302225517992,-0.1671501850934312
97,117,2,medium,medium,0.115627659509093,-0.1482761643872379,0.1115234097542628,0.1563421743440683,-0.2151633850511447
97,120,2,medium,medium,0.1168864324750756,-0.088206391993845,0.1071371820959476,0.150344263752349,-0.1669879816926106
97,125,2,medium,medium,0.1101644521456505,-0.0242494597760822,0.1104736272752123,0.1387422479073733,-0.2047193886814202
97,135,2,medium,medium,0.1133554668231412,-0.0887992797193603,0.1179225721917588,0.1051857881435851,-0.2042587702812983
97,142,2,medium,medium,0.1180555364652518,-0.0255987616366435,0.1125701692640054,0.1619545968222079,-0.1989277720305609
97,143,2,medium,medium,0.1171090029590746,0.0084209518643325,0.1221493657191244,0.1120445028726054,-0.2214161617087945
97,145,2,medium,medium,0.1210395274022911,-0.0503895604468127,0.1247710807454505,0.0955464200671004,-0.1794492819750512
97,147,2,medium,medium,0.1120886032381481,-0.0605633427503256,0.1081216920722317,0.1560661386371693,-0.2137630604813116
97,151,2,medium,medium,0.1186434922951914,-0.058561689132905,0.1111137197482891,0.1540840520926145,-0.187540241759708
97,155,2,medium,medium,0.1100009076763228,-0.0346965586076569,0.109996625447218,0.1528533758495652,-0.1593783953497153
97,158,2,medium,medium,0.1143041805708451,-0.0724818597434755,0.112529825232108,0.1356166221330931,-0.2065830051545292
97,168,2,medium,medium,0.1106629153677899,-0.0485945063459137,0.1055808116234037,0.1488121997086509,-0.2378453937470815
97,169,2,medium,medium,0.1131847282624775,-0.108507790832423,0.1131231982657989,0.1511024198581468,-0.1872138619427954
97,171,2,medium,medium,0.1092258257836489,0.0006037436862937,0.1016572882747005,0.1585185838305566,-0.2306100539064461
97,185,2,medium,medium,0.1198761638900015,-0.0619106474355315,0.1088837598594151,0.1718600854322499,-0.1963783347731181
97,190,2,medium,medium,0.1137445292760915,0.0232084628091399,0.1265072870571959,0.1105789677998506,-0.1873536325859131
97,191,2,medium,medium,0.1143205349451192,-0.0357117064343435,0.1026830297712049,0.1785911627174261,-0.1894510604448893
97,192,2,medium,medium,0.1091504673181352,-0.0647186297008596,0.110933497526286,0.1383363136507041,-0.1805742878258713
97,194,2,medium,medium,0.1119629124271728,-0.064431267349605,0.1157637463162553,0.1396522638360227,-0.1529303597889065
97,197,2,medium,medium,0.1167543249351548,-0.0925682982608755,0.1076699360301494,0.145688219925907,-0.2042659319402928
97,202,2,medium,medium,0.1216242224782011,-0.0563480396331548,0.1245087865330615,0.1737973263800132,-0.1973341261790221
97,203,2,medium,medium,0.118271465905434,-0.0644943158190106,0.1194472233457921,0.1658855815202926,-0.2202582360588865
97,206,2,medium,medium,0.1218532050376645,-0.0892848321485472,0.1171274785106138,0.1653020641557654,-0.2037716432146774
97,207,2,medium,medium,0.11793367289043,-0.0130899113245943,0.1187904529163496,0.1719823444899855,-0.2087245200770777
97,210,2,medium,medium,0.1205941830844375,-0.032787048698735,0.118202782863416,0.1433200688993677,-0.196997502935191
97,212,2,medium,medium,0.1077528479099096,-0.0080118483623237,0.1161438324909576,0.1718587053362611,-0.1898971395775562
97,214,2,medium,medium,0.1110765263954235,-0.0592007889075525,0.1109434176590877,0.1557767513577953,-0.148589982739248
97,215,2,medium,medium,0.1131141867318183,-0.1037118160682556,0.1062380950927612,0.0746047879206754,-0.1635190853761975
105,108,2,medium,medium,0.1115385646034095,-0.0699365442004816,0.1186553595967406,0.1505171647993068,-0.1037312553158475
105,112,2,medium,medium,0.1168858621019923,-0.1111057598647158,0.1221307581486865,0.1807000259497948,-0.126443542348718
105,115,2,medium,medium,0.1174779284987459,-0.1310765441639457,0.1088650845806085,0.1632791979163006,-0.2331581856202196
105,117,2,medium,medium,0.1087522961223356,-0.1408355080653902,0.1060309857299035,0.1277743383007273,-0.1719984229082259
105,120,2,medium,medium,0.1053166780034329,-0.1449079325061066,0.101552197603728,0.1749590885503607,-0.1433439361045716
105,125,2,medium,medium,0.1191470798928999,-0.1228672133182994,0.1155676329779682,0.1414732944893288,-0.0945773046693926
105,135,2,medium,medium,0.1159874077320883,-0.0712473002258708,0.1239133801883216,0.1631869339782613,-0.0850241205926234
105,142,2,medium,medium,0.1076471373408299,-0.1314047646323436,0.1059133466037658,0.1675383457482552,-0.1991584096835991
105,143,2,medium,medium,0.1191539593614509,-0.173704177039242,0.1030645668367163,0.1295344233223792,-0.3449378422800907
105,145,2,medium,medium,0.1084213959172774,-0.0494116684711752,0.1112675439825299,0.1356595226182989,-0.0775717584120141
105,147,2,medium,medium,0.1238745274167977,-0.1151710869641106,0.1291740511217624,0.1836581217603777,-0.090926831197018
105,151,2,medium,medium,0.1349448633214233,-0.0047009302161762,0.1446136806923158,0.2182663633824872,-0.1276182298834169
105,155,2,medium,medium,0.1161079666059242,-0.0497438160909347,0.1262930163724747,0.1279900947930652,-0.0571695398639831
105,158,2,medium,medium,0.1115456757914553,-0.0997834819552354,0.1126808936302096,0.2043681705359276,-0.2101499313323537
105,168,2,medium,medium,0.1287240223119281,-0.0520071605250144,0.1694317101566544,0.1690405304291065,-0.118395989462895
105,169,2,medium,medium,0.114336646732308,-0.1432120246890035,0.1147847702420613,0.1202444700160768,-0.1078645516133608
105,171,2,medium,medium,0.1129604033444149,0.0245930722770352,0.1144249190430727,0.1505039083038507,-0.2865886137757667
105,185,2,medium,medium,0.1160075118448871,-0.0924158475815885,0.130734999242768,0.1813874497534813,-0.189021406946833
105,190,2,medium,medium,0.1132008962066984,-0.0682909400523794,0.1198735206846134,0.119035197546058,-0.1989449486105859
105,191,2,medium,medium,0.128244812152917,-0.1370462991561446,0.1184552804672726,0.12916327998572,-0.1737759925697704
105,192,2,medium,medium,0.1079087304805562,-0.1618498522207352,0.1181488598036668,0.1546215218640529,-0.1598970527878098
105,194,2,medium,medium,0.1288963585642075,-0.0032382840296557,0.1504946907669256,0.1809442945751964,-0.0951186467713849
105,197,2,medium,medium,0.1172750629490654,-0.0712349111894693,0.1150009062514711,0.1493131177628421,-0.212158869382296
105,202,2,medium,medium,0.1234731430385511,-0.0171796867573437,0.1658061100646168,0.1665581319572917,-0.186491691324494
105,203,2,medium,medium,0.1024544516255611,-0.0973804483779103,0.0998788420369704,0.1543829823372043,-0.1076424445328171
105,206,2,medium,medium,0.1080963984944918,-0.0631616820411941,0.1193052363029668,0.1612879550055918,-0.1143540768559365
105,207,2,medium,medium,0.1174676973796993,-0.0642987146274323,0.1311884275917105,0.1674301296100483,-0.1706602975943135
105,210,2,medium,medium,0.130906417965538,-0.1020542414970341,0.1068094691870009,0.1587894125459265,-0.1127978576801548
105,212,2,medium,medium,0.1174541627172706,-0.0465475501281221,0.1164329218293644,0.1714007519279906,-0.1229219567337115
105,214,2,medium,medium,0.1141143187686758,-0.0607123019610389,0.131320010568386,0.1944160506451063,-0.1089542362606565
105,215,2,medium,medium,0.1090940220718974,-0.1336235417970729,0.1213725965205916,0.1130656639109212,-0.1449555280256157
108,112,2,medium,medium,0.1224928509659928,-0.0718050586120554,0.1401033424580733,0.1616001678081868,-0.1241344188305261
108,115,2,medium,medium,0.1132967158147817,-0.083853471284242,0.099749248241829,0.1767719600612627,-0.2441503635966214
108,117,2,medium,medium,0.1154601850871657,-0.1172397079148236,0.1334549384574197,0.1914031661449937,-0.208290124506142
108,120,2,medium,medium,0.1150537122942382,-0.008118363324398,0.118406661464846,0.1490273553293568,-0.1315253792802446
108,125,2,medium,medium,0.0938389418335678,0.0138974587105349,0.0965842768746539,0.135686020426769,-0.1222321590477621
108,135,2,medium,medium,0.126663377201274,-0.006250996177747,0.1319599105354929,0.1874692071641323,-0.087043670502141
108,142,2,medium,medium,0.130916477520641,-0.0257820497608363,0.159021411757722,0.2055650331295929,-0.1635377730414158
108,143,2,medium,medium,0.1276388704893338,0.0012691202022325,0.0988480331722604,0.1619880315612761,-0.3700054170999362
108,145,2,medium,medium,0.1206988023243627,-0.0661288685682139,0.1305305105866461,0.1677728988517429,-0.1085638062799371
108,147,2,medium,medium,0.1418235143393137,0.0189588064233064,0.1479791636777657,0.1529182648425182,-0.0827095754518875
108,151,2,medium,medium,0.135903476459404,0.0806340210039423,0.1909566160779735,0.1702096828631631,-0.1418054696487291
108,155,2,medium,medium,0.1168081913786558,-0.0785031320806274,0.1243388967672366,0.1491495982273323,-0.0412770044541159
108,158,2,medium,medium,0.1178679286768741,-0.009695186277278,0.1292956479127771,0.1565006582793831,-0.2398123072858198
108,168,2,medium,medium,0.1355219198288524,-0.0257475263203341,0.1505929467507507,0.1814676361064661,-0.0622267428468872
108,169,2,medium,medium,0.0992886080068694,-0.1387012709559751,0.0925866096573237,0.1659960437581051,-0.1378078125722862
108,171,2,medium,medium,0.1197516966583736,-0.0429297606493801,0.1446279795428094,0.1911494694618565,-0.3617670044642422
108,185,2,medium,medium,0.1077233144746334,-0.1557845623257896,0.091972540862076,0.1376055766058743,-0.1539146517580278
108,190,2,medium,medium,0.1166755981495667,-0.1851956401298016,0.1167400223746585,0.1329063427387519,-0.2552841180878836
108,191,2,medium,medium,0.1273508541053793,-0.0985334141454934,0.1304403799962545,0.1647858987451697,-0.2022095516440394
108,192,2,medium,medium,0.1273104755160625,0.0575546235316013,0.1695767389596243,0.1286135316217277,-0.2138001587892294
108,194,2,medium,medium,0.1299814801608322,-0.0240347684786432,0.1694449615410111,0.1852034682733094,-0.1542617709369751
108,197,2,medium,medium,0.1091558841434039,-0.0201347818978084,0.1324861422502909,0.1462870390101071,-0.2124597564700487
108,202,2,medium,medium,0.1236445062732377,0.006675208938445,0.17489640981941,0.1329282157760648,-0.1783323936349177
108,203,2,medium,medium,0.1303837611721592,-0.0653332822074914,0.1151648318672806,0.153267849986506,-0.0117328053712136
108,206,2,medium,medium,0.1226546133782388,-0.0002193143801266,0.1368816584113985,0.1381407542702452,-0.1320754503403812
108,207,2,medium,medium,0.12097214321835,-0.0387711672941518,0.1762325639149285,0.2055312571402976,-0.2354816538034767
108,210,2,medium,medium,0.1103294667001403,-0.1073845245488824,0.128297009538335,0.1242441840097279,-0.0764577814240843
108,212,2,medium,medium,0.1162592793085217,-0.0500397814307318,0.1191598561945912,0.1397046073936362,-0.1012987692647979
108,214,2,medium,medium,0.1209082743761421,-0.0492084554858246,0.1553643216606749,0.1812305369212419,-0.1517455445263003
108,215,2,medium,medium,0.1227436724906154,-0.0394640267760648,0.1400976874238604,0.1719648155887445,-0.1547208849712716
112,115,2,medium,medium,0.1142726254294349,-0.1055118324130833,0.1126898236022985,0.1788023967821597,-0.1502956747257607
112,117,2,medium,medium,0.1166366668608248,-0.1413650073458277,0.1011661731887314,0.1389708299066183,-0.1260500017172657
112,120,2,medium,medium,0.1134565313462181,-0.0888275993863165,0.1096772318188716,0.195590991950408,-0.1533152543873004
112,125,2,medium,medium,0.115029302678931,-0.1233919182333552,0.1101614580614048,0.1642712275284227,-0.1721446165413295
112,135,2,medium,medium,0.1167676502209117,-0.101843636775976,0.1073801619378709,0.1795746965821858,-0.1074935809707657
112,142,2,medium,medium,0.1174630664507387,-0.0907671220991513,0.1194372666868773,0.1041619860320047,-0.1429113098125563
112,143,2,medium,medium,0.1213930879551475,-0.1102415089334645,0.1019537917681892,0.1150047872486021,-0.2107646919510339
112,145,2,medium,medium,0.1173687432585621,-0.0859832370475089,0.1118951723693323,0.103163327571194,-0.1264468170014477
112,147,2,medium,medium,0.1233107372769332,-0.095937724164169,0.1207903895306834,0.1419499438853141,-0.1588187349556569
112,151,2,medium,medium,0.1145625368600539,-0.0850726521700921,0.1316418337296283,0.1661695172630284,-0.1357721032655334
112,155,2,medium,medium,0.1227701076314773,-0.1049485624413243,0.1002926007297705,0.1488360707241068,-0.1678090647578971
112,158,2,medium,medium,0.1179555227816235,-0.0871048236917015,0.0994806114888482,0.1606180385196345,-0.1777517438766767
112,168,2,medium,medium,0.1171092871382847,-0.1344838056516143,0.1281035538490041,0.1555900420728513,-0.1762852848852858
112,169,2,medium,medium,0.1080597251046806,-0.044098950172958,0.0999032758378873,0.1084634691393794,-0.1617996033127818
112,171,2,medium,medium,0.1180781052597916,-0.0612784483184579,0.1113386350878651,0.1704273711434304,-0.2044458952197858
112,185,2,medium,medium,0.118763114997665,-0.0835011504245888,0.1026834964505549,0.1806811117976059,-0.179731433800462
112,190,2,medium,medium,0.1187272710195997,-0.0885859182893404,0.1448313487114673,0.1265620690629054,-0.1964992417403022
112,191,2,medium,medium,0.1132050364740372,-0.0763258768273121,0.1025281527127698,0.1202860822164939,-0.1931517569557114
112,192,2,medium,medium,0.1110692065293107,-0.1157997162897275,0.1130202018891344,0.156763052244088,-0.1780306920566627
112,194,2,medium,medium,0.1161488525125881,-0.0494216542403722,0.1165511343679338,0.1533601590791922,-0.1511026702800781
112,197,2,medium,medium,0.1124457707706981,-0.1085466342954017,0.1212353038426484,0.1490556307444495,-0.1894339814814166
112,202,2,medium,medium,0.1158099740178606,-0.0789675091363106,0.1308485532634614,0.1596747063799584,-0.1759375360713964
112,203,2,medium,medium,0.1187663584464936,-0.1072989051409022,0.1096227393130673,0.1471512463472812,-0.1971043346560201
112,206,2,medium,medium,0.1160525287758144,-0.1253390839473893,0.1192284347383521,0.1291645448879674,-0.1642248601744695
112,207,2,medium,medium,0.1121114105607216,-0.123830872847219,0.1245002444066211,0.1396421591557702,-0.1978099660013236
112,210,2,medium,medium,0.1148132497223948,-0.1433323432647666,0.1232826532391335,0.1568664352338062,-0.1640040333256016
112,212,2,medium,medium,0.1229685527913756,-0.1150278290866901,0.1041875076594582,0.1976743400123431,-0.1289766935788778
112,214,2,medium,medium,0.120309033565064,-0.11098343857333,0.1115765391401639,0.1835718800915774,-0.1327818445693717
112,215,2,medium,medium,0.1175319399560642,-0.1157410622429598,0.1206635915794196,0.0914159587393207,-0.1401660390208683
115,117,2,medium,medium,0.1194829231218211,-0.149959131291215,0.1232160657141743,0.1663551497355698,-0.190020690760387
115,120,2,medium,medium,0.1094690750321377,-0.0919696630620876,0.1093803119447053,0.1611444497286834,-0.2108450468971985
115,125,2,medium,medium,0.1223356742628101,-0.0892202248509554,0.1354936619395599,0.1450680142007855,-0.1973946928395213
115,135,2,medium,medium,0.1157836915818535,-0.0552175299681224,0.1322978152988579,0.1668128982728717,-0.1493559641567163
115,142,2,medium,medium,0.1101368798366488,-0.0369116676069005,0.1199504894762019,0.1659747509795878,-0.1520158505739849
115,143,2,medium,medium,0.1239730348837971,-0.1032723190164804,0.1397095583934559,0.1394766683199321,-0.2206986792576635
115,145,2,medium,medium,0.121700076328293,-0.1119442624203724,0.1147581797959885,0.1471394028318173,-0.2182497660570925
115,147,2,medium,medium,0.1157699584535006,-0.0945021653243305,0.1423232787705018,0.1416313294218013,-0.1900204763611092
115,151,2,medium,medium,0.1281481163387038,-0.0789604832550138,0.1618834042234295,0.2124386295922798,-0.1305369946280563
115,155,2,medium,medium,0.1180438831223708,-0.0221675525314852,0.1085963571729727,0.1366737663918127,-0.1970817992640928
115,158,2,medium,medium,0.1110274046097318,-0.0967867172122313,0.1196379337723424,0.1690655600308681,-0.1360567793407627
115,168,2,medium,medium,0.1275434371240426,-0.0152165531138717,0.1647379710178995,0.1658127720038981,-0.1086330960686099
115,169,2,medium,medium,0.1067085110094362,-0.1704026329942821,0.0947331970659843,0.145728599972026,-0.2244403838604933
115,171,2,medium,medium,0.1220391184970173,-0.0634422170354199,0.1348690308901644,0.1470827711721813,-0.1924003724242773
115,185,2,medium,medium,0.1225215681818264,-0.0995037912931692,0.1191528839545499,0.1807183946168098,-0.1868446832635757
115,190,2,medium,medium,0.1152874761026765,-0.0339987293916155,0.1204506062582215,0.1612658851218541,-0.2423008938270109
115,191,2,medium,medium,0.1235992715671844,-0.06302222210875,0.1210958726801471,0.1730165510560061,-0.2587970888196248
115,192,2,medium,medium,0.1204124836537108,-0.0700241511787465,0.1182354822107871,0.1609488857351626,-0.1757020003770694
115,194,2,medium,medium,0.1178670032747708,-0.008013419953641,0.1358328842436524,0.1862792718298835,-0.1151457579234354
115,197,2,medium,medium,0.1070652394533661,-0.0163626022035873,0.1202368083233041,0.1658492500981637,-0.1957648421810056
115,202,2,medium,medium,0.1236747342795908,0.0195286663986012,0.1502407840046068,0.1569919080386141,-0.221154411228603
115,203,2,medium,medium,0.1121687799735788,-0.1179082684475503,0.1093508739891324,0.148059891878449,-0.1563222794878068
115,206,2,medium,medium,0.1119044061285412,-0.0052766602220742,0.1230585263228343,0.1710808930824285,-0.1365417848854493
115,207,2,medium,medium,0.1169979523011357,-0.0832111631815173,0.1271764201478659,0.1500974081797856,-0.206641917151586
115,210,2,medium,medium,0.1171858677553511,-0.0766391542967931,0.1038874608894079,0.1332482589279872,-0.1739841122403013
115,212,2,medium,medium,0.1097794226920332,-0.144047795198031,0.1178675213687846,0.1764186558287368,-0.207883374005208
115,214,2,medium,medium,0.1140445902810574,-0.1156176733343159,0.1136716365890763,0.1597225553085102,-0.1842383239381557
115,215,2,medium,medium,0.1195339037676839,-0.1614722947310818,0.1050283277515108,0.1227829312951311,-0.1893405844979669
117,120,2,medium,medium,0.1083756250063822,-0.0655081607328793,0.1108358076512495,0.1280216998349439,-0.1833397410200012
117,125,2,medium,medium,0.124888973375673,-0.0504169630276182,0.1215146446812557,0.1591102700340275,-0.1894904601091579
117,135,2,medium,medium,0.1094765797938426,-0.0835010515769111,0.1329461834168873,0.1063869399330883,-0.1454583735046055
117,142,2,medium,medium,0.12171407635181,-0.0591354005377253,0.1195098785997073,0.1138833306980466,-0.1960000379710138
117,143,2,medium,medium,0.1148540922223569,-0.0401121195766439,0.1256572174012282,0.1843059236783482,-0.226936823597759
117,145,2,medium,medium,0.11878536730425,-0.063903816100293,0.1068106316625435,0.1825901561965894,-0.1804885968746197
117,147,2,medium,medium,0.1191945826578269,-0.0795889278674257,0.1228044761195102,0.1020664397601346,-0.2093755777658248
117,151,2,medium,medium,0.1195100321694024,-0.0772076961303707,0.1392292255530781,0.1395497370853963,-0.1849280450936835
117,155,2,medium,medium,0.1033010941538888,-0.0485449263098394,0.1042610118517151,0.1780847350367672,-0.1765245808200644
117,158,2,medium,medium,0.1185452064990344,-0.0970965779310994,0.1207621819522388,0.162395312055174,-0.2364349187747667
117,168,2,medium,medium,0.116555632473547,-0.0855175675965662,0.1136284575121433,0.1078749817296828,-0.1738013037558942
117,169,2,medium,medium,0.1068560845092581,-0.1429401940001002,0.1169909982866356,0.1726077673098479,-0.167959240229834
117,171,2,medium,medium,0.1090315554293209,-0.0596337613291509,0.1200008599430376,0.1629378879655599,-0.2382014068708614
117,185,2,medium,medium,0.1168497033994928,-0.0286366937555859,0.1304212674693267,0.1600952308785617,-0.1870330095959639
117,190,2,medium,medium,0.1181739744079775,-0.0558242064217984,0.1360123783722324,0.2114661589609003,-0.2435701249899624
117,191,2,medium,medium,0.1087787586499514,-0.0757789463655848,0.1164623241810344,0.1522488504320273,-0.1797476445147767
117,192,2,medium,medium,0.1135159998101011,-0.0906774099738115,0.1089578549622523,0.1227481120285659,-0.1643419098414893
117,194,2,medium,medium,0.1132210924163821,-0.0704908472061413,0.1124277006737246,0.1397493065657393,-0.2083205150669232
117,197,2,medium,medium,0.1169524731033916,-0.0413344295369347,0.1065935744098122,0.1081074353680777,-0.2054247443247934
117,202,2,medium,medium,0.1159853376801802,-0.072285241363446,0.1256771107732684,0.1511037798869458,-0.1709610071266109
117,203,2,medium,medium,0.1190426528866895,-0.1120839171454896,0.134830156588174,0.1337698674625336,-0.2422091097954986
117,206,2,medium,medium,0.112756877341496,-0.1082515745558533,0.1107400798567732,0.1054538733805525,-0.1678800150193958
117,207,2,medium,medium,0.1143522938101948,-0.0693447026586799,0.1235301759319271,0.1582514725487288,-0.1739170226689063
117,210,2,medium,medium,0.1201217544084982,-0.0733935513004337,0.1339615669390211,0.1788138665766389,-0.1735887337649859
117,212,2,medium,medium,0.1011315807252489,-0.0801602038129059,0.1160521485858117,0.1726881648806897,-0.1230095759684791
117,214,2,medium,medium,0.1156771520110591,-0.0456410481061075,0.0950857776832664,0.1029649373994843,-0.1540458341052532
117,215,2,medium,medium,0.1090804123401929,-0.1105574256713298,0.1143515873485905,0.1397688222055351,-0.1833625273607945
120,125,2,medium,medium,0.1018430567609902,-0.0696173011547376,0.1054711179588528,0.1613557475235282,-0.1343373940995459
120,135,2,medium,medium,0.1067469695539621,-0.1014499270252177,0.0990627427897483,0.120737303304464,-0.1212671562907562
120,142,2,medium,medium,0.1086173571691692,-0.0921179314212228,0.1147519787300361,0.1363933888326418,-0.1763178901102754
120,143,2,medium,medium,0.114903062261103,-0.0568735298420688,0.1155999434917333,0.1381096273597836,-0.2408078954500943
120,145,2,medium,medium,0.121448724143368,-0.0958350350022995,0.1033127174108415,0.1501284292889629,-0.136063360453337
120,147,2,medium,medium,0.1164060538980032,-0.0827067518833292,0.1137854847608218,0.1440624590082442,-0.1188629504698816
120,151,2,medium,medium,0.1154278971451989,-0.0679375289645655,0.1256524642638448,0.2002193458756042,-0.1467016937512559
120,155,2,medium,medium,0.1057842657696377,-0.120564596479605,0.1092007407199607,0.1095125566271162,-0.125078269491499
120,158,2,medium,medium,0.116119888618729,-0.0713033942077271,0.1208998205051077,0.135992816090994,-0.2055133497553036
120,168,2,medium,medium,0.1187929175483724,-0.069372204289388,0.1297725686477104,0.1441090115957359,-0.1472083474047686
120,169,2,medium,medium,0.1147536308060844,-0.0689576943537935,0.1067155378118889,0.1797618522289059,-0.111600353741855
120,171,2,medium,medium,0.1068474014013315,-0.0932949057111877,0.1101542529664398,0.1280728254134837,-0.2186296897936691
120,185,2,medium,medium,0.1110210378337032,-0.0440241470337336,0.1086103232719366,0.1687400353083504,-0.133426153534713
120,190,2,medium,medium,0.1218746081244236,-0.0674873134625401,0.1503164158797989,0.1738101799885523,-0.1701113870656654
120,191,2,medium,medium,0.1083600804942782,-0.0571201533294047,0.1047581165873141,0.1332408596350701,-0.2000561940905719
120,192,2,medium,medium,0.1159211248787749,-0.1392033334871134,0.1332468988098946,0.1488174258082688,-0.1723880518933204
120,194,2,medium,medium,0.1128887681359324,-0.1267989373971259,0.1163772913524429,0.127269587454716,-0.1502225832911586
120,197,2,medium,medium,0.1158516606908484,-0.0773538340371416,0.1112016776123474,0.1488439682685411,-0.1727118104663431
120,202,2,medium,medium,0.1124240223290745,-0.0742751052761097,0.1264994782667462,0.1444435609571971,-0.1484670994813655
120,203,2,medium,medium,0.1176083607898023,-0.0786684958568632,0.111145759391851,0.1885358577895115,-0.1241973298966707
120,206,2,medium,medium,0.1205709608763935,-0.0638633522840477,0.1169904216928544,0.1478285744547242,-0.1216616602732145
120,207,2,medium,medium,0.1069860092523009,-0.0988176835669943,0.0981285505144418,0.1455813112017092,-0.1630264317983614
120,210,2,medium,medium,0.0975567000857328,-0.0948372113306726,0.0889341986694236,0.1325118972677809,-0.1210886313295742
120,212,2,medium,medium,0.1142655792710195,-0.0547522331527677,0.1006632129265011,0.1547645858341499,-0.1432349939735097
120,214,2,medium,medium,0.1080028679897833,-0.0254036498509617,0.1140109764098282,0.1113624139960596,-0.1679896877878186
120,215,2,medium,medium,0.1137238855959408,-0.0847751914222401,0.1241568860625454,0.1272422279058118,-0.0941205313294462
125,135,2,medium,medium,0.1343080331295215,-0.0375738477349308,0.163149902339401,0.1418610907770657,-0.0932656686484134
125,142,2,medium,medium,0.1143776833361553,-0.0379117615754766,0.1194503338638951,0.1843345836994374,-0.1679717646406201
125,143,2,medium,medium,0.1006063999203303,-0.0317059895943765,0.0684816184858277,0.133168595395968,-0.3128372581197616
125,145,2,medium,medium,0.1099998610725817,-0.0420620190083387,0.1388176695120333,0.1544768182140286,-0.060700735509418
125,147,2,medium,medium,0.1165177919940014,-0.0688592932156572,0.1251999274940067,0.1639731446697713,-0.0789707129297422
125,151,2,medium,medium,0.1324836973385456,-0.0484728007579301,0.1817696273253433,0.1882336746111925,-0.1213809632594707
125,155,2,medium,medium,0.1158676155924022,-0.02876616671951,0.1212812969206783,0.1406204462677207,-0.1000983710818615
125,158,2,medium,medium,0.1091087134572786,-0.009437980088907,0.1165153111835413,0.189741958524975,-0.2429378984804188
125,168,2,medium,medium,0.127848962552656,-0.0287888073367105,0.1542966320495121,0.1521728402164478,-0.1071878391506819
125,169,2,medium,medium,0.1150212016214615,-0.0859862919940627,0.1165787027696992,0.155013224686647,-0.1136439719499291
125,171,2,medium,medium,0.1147166291294672,-0.0791994855961369,0.1395602341255635,0.1453833972029405,-0.2976537555794195
125,185,2,medium,medium,0.1118594596413358,-0.1971115446614251,0.1072575737309406,0.1646459368806005,-0.1410424922481293
125,190,2,medium,medium,0.115166718057582,-0.0288138867766456,0.0943453599079513,0.1509612105775065,-0.1896586584268184
125,191,2,medium,medium,0.1280745634781014,-0.0836191988631479,0.1309724274709875,0.1982717593593923,-0.1490510865505346
125,192,2,medium,medium,0.1214309136222063,-0.1062717653652826,0.1470210765257124,0.1402211808238895,-0.1669530462827576
125,194,2,medium,medium,0.1287060536956702,0.0099975935275549,0.1699232174010211,0.1452777733030138,-0.1069819184798147
125,197,2,medium,medium,0.1089410074656842,-0.0705604040582396,0.1206277027299186,0.1306404225889177,-0.2330420684165989
125,202,2,medium,medium,0.1268735312844383,-0.0436252646175467,0.1580304479130068,0.1669556090549586,-0.2046484691383715
125,203,2,medium,medium,0.1112880357567553,-0.0261959581909694,0.0871303606731305,0.1518305720694838,-0.0954786837984051
125,206,2,medium,medium,0.1112966137576738,-0.0866366908610382,0.1246478587491836,0.1450041321619374,-0.1623335806325065
125,207,2,medium,medium,0.116965963470674,-0.0555462395079016,0.1448380453633387,0.1518929627989012,-0.1557489495428194
125,210,2,medium,medium,0.113297292193543,-0.0308739765078478,0.1112640575194218,0.1577848775023246,-0.0744320846562798
125,212,2,medium,medium,0.126883725363599,-0.0547522368555648,0.1299308377483299,0.1726676057518386,-0.1377939533850514
125,214,2,medium,medium,0.120863058371395,-0.1141317401249802,0.1109545460154891,0.16492384547337,-0.1211646065837098
125,215,2,medium,medium,0.1264737611475866,-0.0984248111498112,0.145804522767189,0.1061408266175438,-0.1225803706623736
135,142,2,medium,medium,0.1096970950998522,-0.0253087772212403,0.1071435379858558,0.1045237700106068,-0.1431329182197755
135,143,2,medium,medium,0.1124495220526051,-0.1284758551761923,0.1417344607276008,0.1318351398196365,-0.3501976984390866
135,145,2,medium,medium,0.1067387469274354,-0.0910069708485146,0.128112457241486,0.0796245498599201,-0.0579118387326629
135,147,2,medium,medium,0.1041529058116607,-0.0629075294291753,0.0998083972111625,0.1617635628104303,-0.0538937269682716
135,151,2,medium,medium,0.1070570810500133,-0.0813254437137673,0.1096949283631465,0.1542739360271952,-0.121601539359744
135,155,2,medium,medium,0.1090679187857928,-0.0987107821454039,0.1092106280170424,0.1094015830492786,-0.0565683787284938
135,158,2,medium,medium,0.1213760659287932,-0.041103592545893,0.1149196647801595,0.1522664146118872,-0.2443189875621558
135,168,2,medium,medium,0.1105519585724874,-0.1022850069131278,0.1074132227090941,0.1436081390377276,-0.0818732041406764
135,169,2,medium,medium,0.1140242415116036,-0.0709998833749353,0.1292617986307647,0.1004789611511184,-0.1609132291428949
135,171,2,medium,medium,0.1063413489542385,-0.0459898015917505,0.1056484410485077,0.1309984349893457,-0.262799356242353
135,185,2,medium,medium,0.1200102649717709,-0.0872666023601804,0.1213201883671952,0.1600406348520896,-0.1531146037551323
135,190,2,medium,medium,0.1243221753977821,-0.0165733308821194,0.1765829532526869,0.1272142500811058,-0.1152632362341471
135,191,2,medium,medium,0.1141023787591368,-0.0922556683935869,0.1102915405746874,0.1415469490957561,-0.1585468444440152
135,192,2,medium,medium,0.1113579737287542,-0.0881088051226691,0.1144879415949724,0.1550099653892744,-0.1547786722106208
135,194,2,medium,medium,0.118026359123503,-0.0736418183145695,0.1007007620825141,0.1364886574997219,-0.1308358416106616
135,197,2,medium,medium,0.1147938073812649,-0.119040747771468,0.1109050499169049,0.1384330196873315,-0.2042454342606751
135,202,2,medium,medium,0.1073828898181771,-0.0411083841291963,0.1062953666224908,0.1499265083265513,-0.1708189844264447
135,203,2,medium,medium,0.1317005272564599,-0.0537643764827362,0.1871089411065835,0.1679839428021725,-0.0652023320198194
135,206,2,medium,medium,0.1151681382198717,-0.0557383879229547,0.110657026127829,0.1448578561921566,-0.0759013496671191
135,207,2,medium,medium,0.1083359213748043,-0.1192967312035123,0.0940195281802687,0.1229923343942321,-0.1883595240199554
135,210,2,medium,medium,0.1232850018290914,-0.0360713186391044,0.1308332401912338,0.1248559009055974,-0.1230313647594506
135,212,2,medium,medium,0.1185093638428163,-0.0495130792796839,0.104747031941016,0.1359442129325923,-0.10538217588709
135,214,2,medium,medium,0.1176475268367293,-0.0843336957597352,0.1131357429640577,0.1568270101550494,-0.0889973861621901
135,215,2,medium,medium,0.1091490170392449,-0.0835481459593349,0.1122144487458228,0.1005787241831951,-0.1381753701059904
142,143,2,medium,medium,0.1087887735085185,0.0071081537579412,0.1142759432407514,0.1591044379087758,-0.2584914271964563
142,145,2,medium,medium,0.1102087565704301,-0.0791937851909261,0.1138549697716647,0.1180773094387783,-0.1396712196658792
142,147,2,medium,medium,0.1098916627315937,-0.0410366373279446,0.1076154498011915,0.134983586919952,-0.2041711219252999
142,151,2,medium,medium,0.1182792893273331,-0.1064406805885223,0.1262101085551256,0.1747279624155759,-0.1872812659910029
142,155,2,medium,medium,0.1081454628279907,-0.0815014856647884,0.117373269433322,0.1693381156376768,-0.1532323480135102
142,158,2,medium,medium,0.1174206341226522,-0.1463262758909531,0.1103372316374244,0.1257749657068675,-0.2247663181129967
142,168,2,medium,medium,0.1197296275211946,-0.0417009000962411,0.1220033784267845,0.1220166857038695,-0.2028730968487904
142,169,2,medium,medium,0.1157509948798243,-0.115330238172699,0.1050380818162504,0.159208022832261,-0.2100749554124306
142,171,2,medium,medium,0.1120998153906479,-0.0847910378765431,0.1098199509952252,0.1414263977165036,-0.2436546044962111
142,185,2,medium,medium,0.1132147870413603,-0.055117763934365,0.110843324002267,0.166000247947765,-0.1620093159212131
142,190,2,medium,medium,0.1252547226128242,-0.0316229845483283,0.1265125067434412,0.1225500121899254,-0.2120976109935015
142,191,2,medium,medium,0.1125491760752949,-0.1025720068319465,0.1072752347061255,0.1548255391171111,-0.1889008787471624
142,192,2,medium,medium,0.1160365100750203,-0.088572735749279,0.1146172436867101,0.1182093316839089,-0.1543144581902262
142,194,2,medium,medium,0.1150276775394618,-0.0817737673019741,0.0992062387675681,0.1451206679402285,-0.1945820907007853
142,197,2,medium,medium,0.1047989558229854,-0.0614268176013623,0.1116941555052015,0.1149579778792099,-0.1924093048417336
142,202,2,medium,medium,0.1148423911296017,-0.0213348848958865,0.1243192567595976,0.143466749730832,-0.1708990606582363
142,203,2,medium,medium,0.1208660385744728,-0.0315768854612693,0.1259112391029572,0.1385818739278597,-0.1238205861605243
142,206,2,medium,medium,0.1227375845442593,-0.0690200705613759,0.1142939811094526,0.1300305028759626,-0.1832728713182193
142,207,2,medium,medium,0.1196461762135298,-0.0256868387404244,0.1164910600384369,0.1707670498954624,-0.1888668419594527
142,210,2,medium,medium,0.1204820417615413,-0.0287215448106954,0.1203103598790765,0.19669252848892,-0.1050130060165446
142,212,2,medium,medium,0.1156424464552855,-0.1416641858332432,0.1009984526118635,0.1576896852359323,-0.1885160729363797
142,214,2,medium,medium,0.1164136210746086,-0.0146064270539224,0.1123742890281285,0.129691560689744,-0.1501473374220392
142,215,2,medium,medium,0.1155043358297761,-0.0741551007535872,0.1224359728120203,0.084000082329034,-0.1640750933335304
143,145,2,medium,medium,0.1116348944225946,-0.0282318332236524,0.108744822169704,0.1781254623103936,-0.3728012122570142
143,147,2,medium,medium,0.1139015278650595,-0.087637838908237,0.1228854813747687,0.1562527157852147,-0.337061665262528
143,151,2,medium,medium,0.1217904603851323,-0.0184219271956895,0.1536101795146285,0.1466752907649479,-0.2887398014526903
143,155,2,medium,medium,0.100893491137896,-0.0552348268614081,0.1097028670341144,0.1668172191329731,-0.3040998506267229
143,158,2,medium,medium,0.1043670709001566,0.0208122727055838,0.0984920513235969,0.1031527792236263,-0.241537402548315
143,168,2,medium,medium,0.1184852323862235,-0.0644617178833901,0.1519699781407275,0.1473648764012654,-0.2605381447590801
143,169,2,medium,medium,0.1127327233477197,-0.0427999055061919,0.1162292770229481,0.1533530614268269,-0.2770847207079105
143,171,2,medium,medium,0.1175829080181015,-0.0172195107701813,0.1222653684036111,0.1481733746119448,-0.2408635256568294
143,185,2,medium,medium,0.1220360860805954,-0.1079225183233679,0.1264100239157216,0.1133829616290188,-0.2867514854968733
143,190,2,medium,medium,0.1092270324514066,0.0804581941384932,0.118210460852513,0.176875645227903,-0.1932216118808809
143,191,2,medium,medium,0.1179505626571658,-0.0033028813782,0.1188106018249227,0.1917204531748018,-0.2755092860034429
143,192,2,medium,medium,0.1103663415258721,0.0233053408229058,0.1294032459044197,0.1363441332732141,-0.2300587652179059
143,194,2,medium,medium,0.1157384468451316,-0.062665902838251,0.1405023376038046,0.1778091040690739,-0.2470724699006403
143,197,2,medium,medium,0.1093430578391679,-0.0469307305586768,0.1138712403361198,0.165924647035943,-0.2926751461848291
143,202,2,medium,medium,0.1261366785859081,-0.0753978319737214,0.1435995074859841,0.1788335764393737,-0.2160780169607353
143,203,2,medium,medium,0.0973120215090067,-0.0095608699044819,0.1043631208380098,0.1082729223048355,-0.34924657477414
143,206,2,medium,medium,0.1211534047195039,-0.0613017954599768,0.1340529853229366,0.1780379925810975,-0.2810662342116906
143,207,2,medium,medium,0.1224521363672485,0.0256581260263588,0.1270064076980814,0.1691952943327026,-0.2800309844945323
143,210,2,medium,medium,0.1030762295298969,-0.0258950652978613,0.0977672349053293,0.1545063594323806,-0.311636798840408
143,212,2,medium,medium,0.1141602038454464,-0.0940889940762658,0.1260952045227148,0.14248964158985,-0.3217965419237834
143,214,2,medium,medium,0.1250021552966819,-0.0034304033935177,0.1273062742452672,0.146199194759355,-0.256113521789814
143,215,2,medium,medium,0.1051725562106276,-0.0662209921134179,0.1138376342427531,0.1508009178325237,-0.249438232043455
145,147,2,medium,medium,0.1190034467766212,-0.0877804416242676,0.1387591506353364,0.1352998668698838,-0.0743534327404199
145,151,2,medium,medium,0.1201331950753226,-0.0496559687890922,0.1436761621236735,0.1784743111206819,-0.1252198623647191
145,155,2,medium,medium,0.1115252070291671,0.0106389091776581,0.1149394555418336,0.1490597509932801,-0.0820066348904231
145,158,2,medium,medium,0.106164468181084,-0.1294435884663078,0.1166762746126655,0.160502417909379,-0.2620953388181233
145,168,2,medium,medium,0.1101247508598298,-0.080819797487558,0.1321515378647387,0.1346573813872065,-0.0894881810771002
145,169,2,medium,medium,0.1041812091749856,-0.1137799906435612,0.1163345482642733,0.1703780522150643,-0.1732443544926918
145,171,2,medium,medium,0.1126958261312252,-0.1237506124652552,0.1193081934082386,0.1398496184523519,-0.29436051700702
145,185,2,medium,medium,0.104311503327741,-0.0591028741581639,0.1076260622077395,0.157490494338384,-0.1742703626952293
145,190,2,medium,medium,0.1166182140566904,-0.0278386931908123,0.1210290025275129,0.2016405067239929,-0.2690643181513114
145,191,2,medium,medium,0.1120838483250667,-7.07056078957935e-05,0.0870916063333193,0.1392442641379752,-0.1708814271420562
145,192,2,medium,medium,0.1127969805205996,-0.0157733409783281,0.1143129480339218,0.1063214068681038,-0.2244747830401268
145,194,2,medium,medium,0.113689218164988,0.0079306534287084,0.1431405356736469,0.1417945629899576,-0.1438897025551977
145,197,2,medium,medium,0.1115471235970431,-0.0293521781425705,0.1197256233686074,0.1326799713032538,-0.2231999632114475
145,202,2,medium,medium,0.1158652795862934,0.0129048100170769,0.1383238211336143,0.1709399504584701,-0.1753249375162519
145,203,2,medium,medium,0.1196857036486299,-0.0299359854902399,0.1345616250684264,0.1059839837810001,-0.0784689499363801
145,206,2,medium,medium,0.1107235628954073,-0.055157264164968,0.1139858316887398,0.1605972582499309,-0.1207803062136627
145,207,2,medium,medium,0.1237084466988057,-0.0780375630743314,0.1171784807222595,0.1990418372442108,-0.1852815718579945
145,210,2,medium,medium,0.1153069189096759,-0.0490381038287597,0.1350863352220296,0.1937028097456657,-0.1056057455006436
145,212,2,medium,medium,0.1232024768005638,-0.0401293037144787,0.1236222985630357,0.1339599558842258,-0.1004541302456019
145,214,2,medium,medium,0.1166146694358352,-0.0137289651118217,0.1276599956638059,0.1415053233880943,-0.1148055736031812
145,215,2,medium,medium,0.1128788547940518,-0.0485019958494525,0.1098358335937248,0.1575925091148708,-0.1432147822623546
147,151,2,medium,medium,0.1100767850489478,-0.0775574076830227,0.1138624432810039,0.1765316625934958,-0.1163486158334767
147,155,2,medium,medium,0.1111517878677806,-0.0871835864417343,0.1183232328092859,0.1200921011661702,-0.0911246031914158
147,158,2,medium,medium,0.1149071017567393,-0.0636078938772491,0.1227168710186186,0.1750667623107085,-0.2481392925438337
147,168,2,medium,medium,0.115039045652598,-0.0417421772850505,0.1291562225990378,0.1454870113170776,-0.1045623006060456
147,169,2,medium,medium,0.1126349288019611,-0.0717694942945645,0.1112104222954054,0.1384720783291131,-0.1276954020384011
147,171,2,medium,medium,0.1213545253622279,-0.0185228056851204,0.1152948428021477,0.1407731560740392,-0.306509692188129
147,185,2,medium,medium,0.1295326744566226,-0.0339978193486082,0.1344890201116725,0.1776722057971702,-0.1726909438108721
147,190,2,medium,medium,0.1265028278036097,0.0105395868252221,0.1200028927248298,0.1538793957770092,-0.1545882131381315
147,191,2,medium,medium,0.1127221318983409,-0.0728879433716632,0.1083563719149914,0.1418221770133043,-0.2196956935804361
147,192,2,medium,medium,0.1082449150653421,-0.0274505797472428,0.1058010553109514,0.1802850214365621,-0.1829642540230811
147,194,2,medium,medium,0.1089305915411575,-0.032732451651656,0.1170423637968386,0.1466983007315598,-0.1304679858229886
147,197,2,medium,medium,0.1129068839721679,-0.1105049696184806,0.1038327753391906,0.1369506997498599,-0.2408780420211571
147,202,2,medium,medium,0.1131763770459826,-0.033086212938355,0.1127416008006318,0.1621809364564372,-0.2060313590263759
147,203,2,medium,medium,0.1183300829182485,-0.0465168014191178,0.1251129479552474,0.1764828398542408,-0.0607976201324536
147,206,2,medium,medium,0.111730169120195,-0.104154660138249,0.1246074143413122,0.1870896443496245,-0.0892822374484928
147,207,2,medium,medium,0.1236156286584188,-0.0805584127116527,0.12122306344813,0.1471587095765373,-0.1907540115200329
147,210,2,medium,medium,0.1140366639730917,-0.1030950029639439,0.128670642597355,0.1690262083931697,-0.051560843136394
147,212,2,medium,medium,0.1142173162681374,-0.0852199844497774,0.1141637813461178,0.1882543517772079,-0.0955816149258875
147,214,2,medium,medium,0.112840412826384,-0.0939180048150224,0.1157840700088038,0.1576448904298396,-0.1194417442084995
147,215,2,medium,medium,0.1103215725840131,-0.0914004320669137,0.1157840863269277,0.0922559206657683,-0.1337419021690187
151,155,2,medium,medium,0.1178755856178183,-0.0390713334518812,0.1278269279104115,0.1705391436204196,-0.1245989831809004
151,158,2,medium,medium,0.1193371783939121,-0.0498634084977538,0.1227421860582439,0.1523904286631255,-0.2201627295432915
151,168,2,medium,medium,0.1123953201276451,-0.0937907521175376,0.1147821881664394,0.1459645847428446,-0.127823762776357
151,169,2,medium,medium,0.1263300278127698,-0.0953116756054039,0.149772833723913,0.1453717873452267,-0.1481087034793715
151,171,2,medium,medium,0.1189304572505657,-0.0801413075480637,0.1193069250996535,0.165552537367996,-0.2488103683323971
151,185,2,medium,medium,0.1310745253044272,0.0136603167096771,0.172621777031226,0.1847681204702513,-0.157335459991877
151,190,2,medium,medium,0.1268557697111161,-0.0237043979850432,0.1659538897134246,0.0973252636954213,-0.21485554283434
151,191,2,medium,medium,0.1148373759601385,-0.0294675121531136,0.127404523999686,0.1346665418221211,-0.1473047910634571
151,192,2,medium,medium,0.1168869182200739,-0.1113352441839826,0.1095976353289805,0.1760399294193172,-0.1639474212098767
151,194,2,medium,medium,0.1153383402514115,-0.0983251222869732,0.1119881381153115,0.1493402690902904,-0.1658809016848058
151,197,2,medium,medium,0.1181572554467902,-0.0875414853099736,0.1229811822352943,0.1734955438085149,-0.1696953555375269
151,202,2,medium,medium,0.1107021978302819,-0.0898938922954313,0.1162849487373052,0.134284588961761,-0.1741078084421388
151,203,2,medium,medium,0.1342270581200555,-0.0046571565209915,0.1941109218990777,0.1521673197513826,-0.1502960778898816
151,206,2,medium,medium,0.1192271287687719,-0.1098487347447537,0.1151352138120633,0.1662760379303517,-0.1344109085456162
151,207,2,medium,medium,0.1166117099898664,-0.1038848626763173,0.1149200267848529,0.1653836943710228,-0.1893691753843875
151,210,2,medium,medium,0.1238211386719899,-0.0510933400512488,0.1579541601006927,0.1785695861166947,-0.1255257585827731
151,212,2,medium,medium,0.1215937659645717,-0.0427498179194369,0.1551618764850998,0.1989775379797428,-0.1380085247560514
151,214,2,medium,medium,0.1145532484775605,-0.0966554727049251,0.1163180823866429,0.1557617818619739,-0.1268035527522829
151,215,2,medium,medium,0.1178381219142977,-0.0845248254381847,0.1218802540145307,0.0823566948765602,-0.1544968712873615
155,158,2,medium,medium,0.1143203074321337,-0.0378166187596803,0.1037888452612706,0.1349966459086498,-0.2226987097300952
155,168,2,medium,medium,0.1203597291033036,-0.0672885836020869,0.1375057218084311,0.1410249533457697,-0.0973387247746371
155,169,2,medium,medium,0.1121028894246505,-0.0251828842986603,0.1061661692707982,0.1710424483436279,-0.1790211433664543
155,171,2,medium,medium,0.1172800103922686,-0.0961729624019597,0.1061583852600611,0.1859270765701177,-0.2496899661985883
155,185,2,medium,medium,0.1104681511363129,-0.0346063679781724,0.118990181729976,0.150152221962866,-0.1715836232395914
155,190,2,medium,medium,0.1209195036897995,-0.0217448381483539,0.1089458743224248,0.1923581195727236,-0.2245033974689353
155,191,2,medium,medium,0.1216064920965287,-0.0603278447107946,0.1245240116349957,0.1659430702066439,-0.1508375296634223
155,192,2,medium,medium,0.1136114648070818,-0.0555547041423641,0.1250462995740116,0.0732151189257903,-0.2184778246288492
155,194,2,medium,medium,0.1145521837714464,-0.0952412032102089,0.127039563341289,0.1504313473137204,-0.1383351509310444
155,197,2,medium,medium,0.1086595661555249,-0.0684104045383239,0.1194736241918913,0.1277806062783661,-0.1792059859183559
155,202,2,medium,medium,0.1088607546148449,-0.0306997474886961,0.1197035302166596,0.1157846773302799,-0.1584598330392274
155,203,2,medium,medium,0.1144923277656009,-0.0513994798747821,0.1030714525803712,0.158851710167536,-0.051147457146495
155,206,2,medium,medium,0.108759185222397,-0.0676276375288865,0.0991793372444941,0.1406208636152313,-0.150119569157869
155,207,2,medium,medium,0.1144890901715831,-0.0426550467053287,0.129659098721578,0.1774784521961767,-0.1995535731992921
155,210,2,medium,medium,0.1331527548456686,-0.0377008510849663,0.1305757213457558,0.1785908489829775,-0.1066065625620727
155,212,2,medium,medium,0.1003659084569668,-0.1357294966174014,0.106661147296462,0.1421327235553092,-0.1021716203438519
155,214,2,medium,medium,0.1104988968628103,-0.0516340435732233,0.1156192770854224,0.1337961300636665,-0.0905256321825425
155,215,2,medium,medium,0.1102352510464346,-0.0963805724294717,0.1318622002018488,0.1005996155686301,-0.129007629322244
158,168,2,medium,medium,0.1154100190023684,-0.0421456054963091,0.1150116243092019,0.1540477131942023,-0.2190182014477864
158,169,2,medium,medium,0.1106643389762417,-0.1486431408256309,0.1052263133947533,0.1445002434678561,-0.2196669074166042
158,171,2,medium,medium,0.1204253851944389,-0.0741805998194444,0.1214634138463487,0.1355981636808917,-0.171224822680328
158,185,2,medium,medium,0.1195581532088548,-0.0511928590418946,0.1221601805190512,0.1916401074034469,-0.1797286628161393
158,190,2,medium,medium,0.1139891820564128,0.020047226988863,0.113297372726261,0.1771533270817251,-0.2275963196339323
158,191,2,medium,medium,0.1043239160942488,-0.0767333466168127,0.0901099407713879,0.1495165488341034,-0.1837208280060797
158,192,2,medium,medium,0.1102170247540665,-0.0988171518295227,0.1127804337189942,0.1243807076882677,-0.1987351488455444
158,194,2,medium,medium,0.1178573179181469,-0.0226591394135957,0.1443133537887829,0.1574896873741049,-0.1445504019430232
158,197,2,medium,medium,0.122979884496661,-0.109105915245911,0.0811624834147605,0.1383619132538048,-0.2339439256238135
158,202,2,medium,medium,0.1192078790717158,-0.0511560813191502,0.1258801629016569,0.1436625910993969,-0.1831143349674946
158,203,2,medium,medium,0.1206646602153338,-0.1198129678729394,0.120142667145594,0.1444546841648311,-0.2533508110139132
158,206,2,medium,medium,0.1133300430956969,-0.1004848187140589,0.1165204186101671,0.1555882882237869,-0.2320158965382449
158,207,2,medium,medium,0.1132053976486177,-0.0893114645895603,0.1222435325517184,0.1490110156891299,-0.1954562097469588
158,210,2,medium,medium,0.1167923681545883,-0.0591359104765599,0.102813978725617,0.1374510265180926,-0.180392732905106
158,212,2,medium,medium,0.1122064904232941,-0.0915115294317701,0.1161835243365966,0.2095378078551037,-0.2380572083250949
158,214,2,medium,medium,0.1086288692150216,-0.0919619726575795,0.1081903968280789,0.1692000821103715,-0.1866734486628454
158,215,2,medium,medium,0.1148684447230024,-0.0942993329267466,0.1314271540256525,0.1403152936517422,-0.1654890162734654
168,169,2,medium,medium,0.1154615668669295,-0.0783430724140319,0.1397921653148328,0.1562822952821043,-0.1592965346430251
168,171,2,medium,medium,0.1086429363657186,-0.0784662674828338,0.1055170794004373,0.1529955931376484,-0.2304158588415895
168,185,2,medium,medium,0.1317719308024206,-0.0609625107494794,0.1659555308776727,0.1734555662219306,-0.1998422780145939
168,190,2,medium,medium,0.123849384914892,-0.0179023458328957,0.1382479494113372,0.1521048829147194,-0.1434460561475861
168,191,2,medium,medium,0.1174654603359037,-0.0566028296617256,0.1150401032129366,0.1480445280667093,-0.165840323291457
168,192,2,medium,medium,0.1108095205034496,-0.0919887549168424,0.1089749748032504,0.1386818187185575,-0.1839956956395851
168,194,2,medium,medium,0.1075779649619809,-0.1013303732967154,0.1065407206178125,0.1297618986555258,-0.1426840327832667
168,197,2,medium,medium,0.1170670816272732,-0.0643025139024651,0.1229687281242853,0.1724991440522133,-0.1810448682593879
168,202,2,medium,medium,0.1064672615494373,-0.0657107272332022,0.0953778451777044,0.1421616860361483,-0.1972138243949325
168,203,2,medium,medium,0.1331108211193246,-0.0975370866951346,0.1887214054743312,0.138603686786634,-0.0917462554997874
168,206,2,medium,medium,0.1179613194747318,-0.0605684336006929,0.1098120637900424,0.161260384551753,-0.1275973889093618
168,207,2,medium,medium,0.1088940247920789,-0.0725213038016983,0.1054445381672234,0.1191288205138558,-0.2125135111703622
168,210,2,medium,medium,0.1282251438698342,0.0034925973360357,0.1493520754247733,0.1485828890677476,-0.0981987122500289
168,212,2,medium,medium,0.1132873303343107,-0.0869490779923334,0.1317636855255458,0.1543538453888157,-0.1336909965945726
168,214,2,medium,medium,0.1124660708877077,-0.0832731111387042,0.1119454237553098,0.1729379793904853,-0.1189892316069717
168,215,2,medium,medium,0.1100156615536692,-0.0808955000236412,0.102192789691431,0.1018826932647206,-0.1471596757243081
169,171,2,medium,medium,0.1201668070810586,-0.056849274700411,0.1110672791263658,0.1412419019290947,-0.2523726489058101
169,185,2,medium,medium,0.1050285764083406,-0.1071284091825639,0.1219269208513125,0.138972255021239,-0.1946342186285479
169,190,2,medium,medium,0.105281436729622,-0.0854183606431391,0.0795785676061265,0.1485484665635505,-0.209834377243084
169,191,2,medium,medium,0.1151557056023034,0.0261538492982087,0.1127992910555026,0.1456912184828002,-0.1634473572540288
169,192,2,medium,medium,0.1185238229736526,-0.0260890908938028,0.1306627305064274,0.1360198697084107,-0.1995355056090909
169,194,2,medium,medium,0.1294384667608724,-0.0223741108725457,0.1366859511099819,0.1465861959052483,-0.2314712704725178
169,197,2,medium,medium,0.1078866726357837,-0.0887781055132458,0.1050955925098,0.1494846019113075,-0.1846340425219982
169,202,2,medium,medium,0.1222131407042309,-0.0764798917219924,0.1211129622743182,0.1332002802458861,-0.1806927865206276
169,203,2,medium,medium,0.1192457759817654,-0.0444094733326859,0.1199134683079277,0.12595337097192,-0.0932293911403839
169,206,2,medium,medium,0.1142637788633715,-0.1164422239698208,0.1135378148105802,0.1715148318694141,-0.1400272201581193
169,207,2,medium,medium,0.1179275397333029,-0.068909185926398,0.1422506415936404,0.1560337602204187,-0.1474093720451137
169,210,2,medium,medium,0.102530530147144,-0.1138783690616219,0.0946354587252527,0.1551344776967159,-0.1509630016859621
169,212,2,medium,medium,0.1064211101965187,-0.1219950609303903,0.1028521632144955,0.1241778765858458,-0.1562467970090409
169,214,2,medium,medium,0.1146205220504122,-0.1160704449160581,0.1253450310385681,0.1524040405600495,-0.1235199981867078
169,215,2,medium,medium,0.1058765527014307,-0.0708812948660453,0.1128793847162473,0.1051076634045599,-0.1467528680071873
171,185,2,medium,medium,0.1240548079981482,-0.0862684915882395,0.1292326589150255,0.1652564529400638,-0.201281071936978
171,190,2,medium,medium,0.1226553471913184,-0.0449155703977852,0.1209460891775369,0.1495148383977724,-0.2882308547245445
171,191,2,medium,medium,0.1186759967792365,-0.0488851770292093,0.11487507568853,0.1672711615039491,-0.1959951241834187
171,192,2,medium,medium,0.1182454815972602,-0.0773514223502392,0.1183862735581086,0.1531509297899224,-0.2017514158279851
171,194,2,medium,medium,0.1166876176364126,-0.0785470285256562,0.1045373835741498,0.1369400439962143,-0.2503292903624506
171,197,2,medium,medium,0.1135615679381123,-0.0663841279373207,0.1040887027137751,0.1578312575836113,-0.2466219743853327
171,202,2,medium,medium,0.1078412135896742,-0.0701415983072966,0.1131564600775248,0.1579608327206544,-0.2351445287500058
171,203,2,medium,medium,0.1212115515456403,-0.0076608380697992,0.1227295419194137,0.1793223818561278,-0.2761805887463153
171,206,2,medium,medium,0.1177115242842479,-0.0845631268347608,0.1093660115281729,0.1461992141968883,-0.263496758578655
171,207,2,medium,medium,0.1157023398040939,-0.0808141239261774,0.1173280480491814,0.1812440776250292,-0.2079498730841575
171,210,2,medium,medium,0.120810951833314,-0.101866757504499,0.0929055655092911,0.146205193856347,-0.2627920662191377
171,212,2,medium,medium,0.1102115094443003,-0.0826452419858172,0.1027406794371066,0.1654445032660375,-0.2662635495036756
171,214,2,medium,medium,0.106125477663534,-0.086977371419874,0.1073285732134609,0.1564534919061806,-0.2435131801683789
171,215,2,medium,medium,0.1125470648774072,-0.1079072879836958,0.1147261051575962,0.0963228847950549,-0.2458560358443173
185,190,2,medium,medium,0.1273757001144988,-0.0684961869839105,0.1257534206700538,0.1881272938412667,-0.2587753951981981
185,191,2,medium,medium,0.1157521490309858,0.0149637712361229,0.125120835896591,0.1881884988776923,-0.1518714759897507
185,192,2,medium,medium,0.1275690430288388,-0.0624060684858261,0.1274134572641102,0.1610354966154331,-0.1479781938457502
185,194,2,medium,medium,0.1374383580991129,-0.0309196935259196,0.1811086553786572,0.1790211748595715,-0.206917309964143
185,197,2,medium,medium,0.1040171543384871,-0.0393898469682412,0.104429301869362,0.1599195759793121,-0.1996043913540091
185,202,2,medium,medium,0.1290067842760144,-0.0109805447607668,0.1348574026967843,0.153457312977383,-0.1842899524161615
185,203,2,medium,medium,0.1195319425916883,-0.0463556044766929,0.1215394210349667,0.1256226358044055,-0.1381045825494451
185,206,2,medium,medium,0.1222244860873732,-0.066783889972377,0.1282275722303236,0.1700197798387336,-0.135659993619934
185,207,2,medium,medium,0.1253338989946668,-0.0574274561814927,0.1491142354398041,0.1468640339276825,-0.1534899997536755
185,210,2,medium,medium,0.1302151358043015,-0.0824065032612466,0.1345721769898429,0.1529414624090533,-0.1720224975474383
185,212,2,medium,medium,0.1230497548129481,-0.119652489858088,0.114184009334765,0.2130438537182846,-0.1973744275308256
185,214,2,medium,medium,0.116899204069642,-0.0443619446349904,0.1369664490942483,0.2078832569942112,-0.1327006867019894
185,215,2,medium,medium,0.1106511896213644,-0.0803592223706692,0.1015326469149869,0.1344144899688721,-0.1629530794371497
190,191,2,medium,medium,0.1279696987818936,-0.0159815978733085,0.1086164219675697,0.1770541755657011,-0.2125970179245591
190,192,2,medium,medium,0.1236679585640484,0.0162218154644433,0.1422287480697757,0.1086595130641255,-0.2406646942022344
190,194,2,medium,medium,0.1265778684286687,-0.0106554929999758,0.1686199455438822,0.1820233530889866,-0.185406378192291
190,197,2,medium,medium,0.1210135011826021,-0.0253486204348831,0.1332963061622522,0.1658677800252178,-0.1653436939958323
190,202,2,medium,medium,0.1285133636635158,-0.0058853659732346,0.180096854816347,0.1702402897585756,-0.2326763089492223
190,203,2,medium,medium,0.1284284175892344,-0.0507231155178863,0.1081090390130393,0.0988784568372403,-0.2191164989100552
190,206,2,medium,medium,0.1289748884344354,-0.0738771825748518,0.1381201400224961,0.1925237842288114,-0.2556955399835966
190,207,2,medium,medium,0.1280037546306719,-0.0358376829015039,0.157007675857555,0.1418536898781425,-0.2072488427330313
190,210,2,medium,medium,0.1155527690807632,0.0034220749877234,0.1213576365244342,0.2230146689770112,-0.209429998855547
190,212,2,medium,medium,0.1243913218897421,-0.047714106803657,0.1352438831564116,0.173367231620257,-0.1504845366409767
190,214,2,medium,medium,0.1288667233817872,-0.0098363840822658,0.1572188379865818,0.1366782987561322,-0.1443769792930626
190,215,2,medium,medium,0.118927620068856,-0.0352139386118904,0.1594277649698761,0.1753201699738085,-0.2002979079823784
191,192,2,medium,medium,0.1120922734105361,-0.072157696746593,0.1074648249881283,0.1108247246198771,-0.2182481814051051
191,194,2,medium,medium,0.1140459888838567,-0.0698524320173463,0.1034967816590463,0.1452918391814865,-0.1477859257707748
191,197,2,medium,medium,0.1060435932552684,-0.0596683732091495,0.1029385448686971,0.1323367500903907,-0.2117240857041362
191,202,2,medium,medium,0.1095737448011693,-0.0535802145077575,0.1199772811704258,0.1427019395995999,-0.1865262815239791
191,203,2,medium,medium,0.1195757669778672,-0.0739898585025027,0.1061871909585625,0.1470751119433893,-0.1881231066738132
191,206,2,medium,medium,0.1230034049142112,-0.0760012088760042,0.1216623507363539,0.1605862404978904,-0.1590263030261527
191,207,2,medium,medium,0.1163667114653483,-0.0287717444981137,0.115307047277869,0.1518962696378626,-0.1944069926218369
191,210,2,medium,medium,0.1236187884931157,-0.0117349911849128,0.1230422485486286,0.1662603014772764,-0.1683921012624077
191,212,2,medium,medium,0.1064116575726767,-0.1271630283466297,0.113989803964698,0.1553978554917876,-0.1713991523948774
191,214,2,medium,medium,0.1107130047354173,-0.0238999694331676,0.1112955315320954,0.1615173330595616,-0.1651337129756592
191,215,2,medium,medium,0.1139275997053861,-0.0842574774478879,0.1222910347508124,0.124170085231419,-0.123021660333724
192,194,2,medium,medium,0.121779233685102,-0.0786126020121101,0.1166983453062218,0.1360161694494661,-0.1753225034216852
192,197,2,medium,medium,0.10981525066914,-0.083294333274675,0.0959684706424919,0.1493762317356581,-0.188538370234139
192,202,2,medium,medium,0.1112401472853141,-0.0644135115376867,0.1036725673862803,0.1680890719258367,-0.1953478390626941
192,203,2,medium,medium,0.1307848631113705,-0.0261022523953009,0.1468440618543033,0.1921929358168801,-0.2145619971675419
192,206,2,medium,medium,0.1169843748258218,-0.0737465489831804,0.1130178964821421,0.1572658709217184,-0.1970506311769657
192,207,2,medium,medium,0.1082480061971434,-0.1225344118598306,0.1077319290377908,0.1059994069845281,-0.1834465426478861
192,210,2,medium,medium,0.1192599198443914,-0.0676410568503511,0.106830136384097,0.1235181421096023,-0.1611377099015838
192,212,2,medium,medium,0.1181827589284642,-0.0673894030709284,0.1271134924441372,0.18407702105793,-0.2261293526123728
192,214,2,medium,medium,0.1078783861750479,-0.0826530736080232,0.1196409947710124,0.1548334995842983,-0.1851843359432323
192,215,2,medium,medium,0.1145134920432244,-0.0809236845110253,0.1150816089982958,0.0827674445317451,-0.1473780172467677
194,197,2,medium,medium,0.1154142336409352,-0.0626668828635055,0.122150074501885,0.138932225877979,-0.181020199681051
194,202,2,medium,medium,0.1139736015036162,-0.0912307258548343,0.0998577089800131,0.1206785301642733,-0.1906416683552978
194,203,2,medium,medium,0.1310366556594216,-0.0045631139937486,0.1573330277714334,0.1306930763517497,-0.1761710523538416
194,206,2,medium,medium,0.1109407700114732,-0.1019165671617389,0.1142949429652997,0.1598221480598458,-0.1634901734552041
194,207,2,medium,medium,0.110667827100052,-0.1038158955701631,0.1088255435277647,0.1270144700940949,-0.197300717236046
194,210,2,medium,medium,0.1255214720928557,-0.0255763427229517,0.1562344441284948,0.1532750890150319,-0.1653169173804456
194,212,2,medium,medium,0.1231183384358298,-0.0525461626751506,0.152884973364787,0.1909484981294301,-0.1552172368036368
194,214,2,medium,medium,0.1081963399158714,-0.068445687578065,0.1042867866013254,0.1648504950222056,-0.1449375769031986
194,215,2,medium,medium,0.1096415418674308,-0.055826686898559,0.1181779811854396,0.1183113728134661,-0.2077592872281919
197,202,2,medium,medium,0.1083443291662317,-0.0520438724472123,0.1269382277055389,0.1875809092853657,-0.1965379795468331
197,203,2,medium,medium,0.1192809515252496,-0.0845582613673262,0.1148840136849436,0.1375531535277736,-0.2171669231682134
197,206,2,medium,medium,0.1094415339645021,-0.0955968155659465,0.1072887711619741,0.1618398216215045,-0.1917423995205294
197,207,2,medium,medium,0.1065296399794536,-0.0634190198472192,0.1048416643785191,0.1562948034094831,-0.2062125486431478
197,210,2,medium,medium,0.1111284391171546,-0.0431859898369092,0.111648720003416,0.1427448291700638,-0.1922129469314194
197,212,2,medium,medium,0.1162446200858209,-0.0937064803350775,0.1282508683555564,0.136882948581578,-0.167581517393382
197,214,2,medium,medium,0.1048357341105608,-0.1173610356535249,0.1057863200473591,0.1485102847804082,-0.165152132453306
197,215,2,medium,medium,0.1053889973191365,-0.127456009452567,0.093774722131508,0.0837638576860356,-0.2256920874974245
202,203,2,medium,medium,0.118660841840599,-0.026478308309069,0.1720202511816684,0.1918650618157865,-0.1035303078903088
202,206,2,medium,medium,0.1123744862672677,-0.0729277571619453,0.1298121211323132,0.1870406460303254,-0.1588742126378022
202,207,2,medium,medium,0.1133634168239735,-0.0395717510612956,0.1097905136120492,0.1422213674516708,-0.1873377763290007
202,210,2,medium,medium,0.1216291158260801,-0.0372244592962236,0.1494684592121835,0.1762200675697153,-0.1487424712039105
202,212,2,medium,medium,0.1188193004144571,-0.016120707958422,0.1448932648162241,0.174645575511249,-0.1768597049182818
202,214,2,medium,medium,0.1067305435702559,-0.0423279785197255,0.1099887582488226,0.1580609521885856,-0.1552145208768954
202,215,2,medium,medium,0.1138534534211082,-0.0461328889633341,0.1324205050215431,0.1154438868796032,-0.1743201738386084
203,206,2,medium,medium,0.1199358939074292,-0.0722388282018609,0.1422397269467374,0.1885864048000175,-0.1400542272794852
203,207,2,medium,medium,0.1193408704139664,-0.0679987024640361,0.145297092943519,0.1583284413545735,-0.2077909010943849
203,210,2,medium,medium,0.1113245245731221,-0.1203546146865068,0.1020680780724891,0.110384969021501,-0.1297588741495544
203,212,2,medium,medium,0.1166919564082902,-0.0296413838872446,0.0854920319141006,0.1566784429994759,-0.1447019230875796
203,214,2,medium,medium,0.1244878806878938,-0.0095207367229412,0.1451396463476923,0.1599230892857966,-0.1147974453744316
203,215,2,medium,medium,0.1250365655770424,-0.0180948173674559,0.1407552737394791,0.1050142245244205,-0.1133138827581285
206,207,2,medium,medium,0.1142286895977885,-0.0513408302695194,0.1017820946440783,0.1489992930362742,-0.1877320628441502
206,210,2,medium,medium,0.1126821405212433,-0.0427680205281383,0.1139133762070059,0.1741601153672913,-0.1257165382615328
206,212,2,medium,medium,0.11769112325652,-0.0887081752414358,0.1153238115204112,0.1678779970313784,-0.1157927888076296
206,214,2,medium,medium,0.1240674226256667,-0.0584854999258546,0.1217223963836364,0.1553687367210576,-0.1034084079099156
206,215,2,medium,medium,0.1094008745397159,-0.0839971838884705,0.1133748588920737,0.080880804854879,-0.1210725040074979
207,210,2,medium,medium,0.12525911171504,-0.1340016614179404,0.1274592244922752,0.1831734492722491,-0.2296341881332781
207,212,2,medium,medium,0.1164653873910038,-0.1127174649522759,0.1094099471928309,0.1827648013893609,-0.2141093793224161
207,214,2,medium,medium,0.1190174738761468,-0.0971025000556269,0.1150614490097576,0.1527318987489878,-0.1671210272820078
207,215,2,medium,medium,0.1258113079945414,-0.030249700130696,0.1093157807502474,0.1007657267488559,-0.2111918323194522
210,212,2,medium,medium,0.107523397912016,-0.0777989705246516,0.1012790714480492,0.1426462045820206,-0.0683712723810474
210,214,2,medium,medium,0.1257153235385547,-0.1064214424201906,0.1205363222337944,0.1536917820297062,-0.1166456621656025
210,215,2,medium,medium,0.1113232070051218,-0.0530867162093704,0.1127822436650217,0.1085265441984391,-0.2039167747858368
212,214,2,medium,medium,0.1088937120341774,-0.0757141263544693,0.1099779762113125,0.1770677166565694,-0.1447692496028034
212,215,2,medium,medium,0.1157457269537999,-0.1070301186922133,0.0976522188246398,0.1194949008227431,-0.1489172865212644
214,215,2,medium,medium,0.105938152279994,-0.12925173271369,0.0951249795552774,0.0810348602628563,-0.1801798302525026
