exp_a,exp_b,trial_id,Shape,Length,Direction,Position,Duration
4,3,2,0.9938357796877001,0.7182059320126446,0.9918445921842671,0.9130456885140683,0.6799999999999999
4,5,2,0.992584303617166,0.8048156741806748,0.9912045291694914,0.9153263956291828,0.631578947368421
4,12,2,0.9923539229681358,0.7385125246617461,0.9902613737032092,0.9041068489437093,0.6551724137931034
4,28,2,0.9909746951593879,0.6983939432784891,0.9873674773670648,0.9140064507570769,0.6564685314685316
4,30,2,0.9909757801518954,0.7328027113799085,0.988178818214321,0.9286943838946548,0.6363636363636364
4,36,2,0.991256785216858,0.7718118598620234,0.986420897468279,0.9382651421070596,0.657142857142857
4,38,2,0.992323900809852,0.7168105697732995,0.9913481916925398,0.890379983062547,0.6835372636262514
4,59,2,0.9919635418856918,0.7764449580073368,0.9898715225865778,0.923533750171746,0.6436507936507936
4,93,2,0.9915345947814693,0.7378232313498844,0.9854604519186946,0.8858317098730556,0.676470588235294
4,96,2,0.9924915051737779,0.788355310965605,0.9894210219201496,0.9197201397449817,0.6363636363636365
4,106,2,0.9900802054794674,0.7035226778461245,0.988480578731618,0.9317966750722949,0.6363636363636365
4,110,2,0.9931493809801618,0.7343740367403953,0.9896137931659692,0.9195243425266968,0.6956521739130435
4,116,2,0.9924377078862354,0.8247218977681607,0.9900843641513287,0.918704189591723,0.6407624633431086
4,141,2,0.9913858884605804,0.8154018331958968,0.9882162906627413,0.9197070982874801,0.6363636363636365
4,154,2,0.9921999599704341,0.6341944876507093,0.9888669407953836,0.8945584996704589,0.6449579831932772
4,163,2,0.991571984243243,0.8131487817187422,0.9882021200605889,0.9340576267572139,0.6428571428571428
4,181,2,0.9931508602268065,0.7984931332310281,0.9904310776017234,0.938358704789927,0.6666666666666665
4,189,2,0.9927456213900655,0.774076594249422,0.9883479891517829,0.9359485097261885,0.6666666666666667
4,196,2,0.9905532399208062,0.7139954935518682,0.9853466272129932,0.8974643751210647,0.625
4,201,2,0.9925808726777433,0.7973340750277504,0.9901974574043769,0.9368755758148467,0.6376262626262627
4,204,2,0.9887363134779127,0.6153736102025733,0.983050116018094,0.9068494352763768,0.6228448275862069
4,211,2,0.9942700826053857,0.8258934397714681,0.9922937872995065,0.9237457289088585,0.6666666666666667
4,216,2,0.9898705987787021,0.7418049314185211,0.986741974523214,0.9361913023809106,0.6206896551724137
6,3,2,0.9937877981276206,0.7462286664246838,0.9921851580015948,0.8599425802634103,0.7407407407407407
6,5,2,0.9941155021543796,0.7098846781909285,0.9932277765671442,0.9325213990300896,0.7096774193548387
6,12,2,0.9923038914909493,0.6223650912897498,0.9894557559781842,0.8998359415669073,0.6414285714285713
6,28,2,0.9919358308015745,0.6894829104885156,0.9887544369653614,0.9234765779837386,0.6521739130434783
6,30,2,0.9914111671066741,0.7071743130495503,0.9908310150143463,0.9079104211325155,0.651910531220876
6,36,2,0.9922574514879612,0.7325098987630903,0.9910031334277625,0.9173203754105836,0.7391304347826088
6,38,2,0.9923455603165923,0.7221877468053085,0.9895617348035254,0.8541993978294092,0.736842105263158
6,59,2,0.9907929220747214,0.6818692818498369,0.9867637958941656,0.9180125500600524,0.625
6,93,2,0.9912647921227704,0.6411992010614888,0.9897968978346284,0.8760503305533328,0.6963109354413702
6,96,2,0.9926216257391315,0.6363443731017919,0.9888836905462353,0.9336577305211224,0.6
6,106,2,0.9910662047765889,0.6926644404288568,0.9884325102918515,0.8705639307175806,0.736842105263158
6,110,2,0.9928142140585949,0.7293784406666232,0.9904073686458793,0.9346469679168231,0.7142857142857142
6,116,2,0.9930950346298922,0.7631735075397748,0.9903556288389648,0.9332774421087786,0.6490740740740741
6,141,2,0.9907871562103912,0.7875705928880566,0.9885992280371754,0.9006523437386214,0.6341463414634145
6,154,2,0.9921015523642632,0.6642798242762613,0.9891169030201045,0.8722471786357877,0.7428571428571428
6,163,2,0.9902788335232537,0.7493158146430807,0.9890753900963652,0.9157983684641874,0.6666666666666665
6,181,2,0.9920843375006605,0.7382016605382566,0.9900964016677196,0.9512920659422682,0.7018518518518518
6,189,2,0.990647316018607,0.7651664516571219,0.9889599960927075,0.9159883733136264,0.6363636363636364
6,196,2,0.9897353965889807,0.6801491841436043,0.983422738279602,0.8718880091407286,0.7083333333333334
6,201,2,0.992448229881933,0.6898009660866251,0.9893907532188472,0.9220712390054829,0.7350877192982457
6,204,2,0.9895397353065654,0.6350694171450627,0.9846584996553315,0.8813461185668232,0.7777777777777779
6,211,2,0.9943845169238652,0.7099873712194474,0.9931443883586435,0.9538116012260216,0.6896551724137931
6,216,2,0.9899996127149808,0.6893936932756916,0.9864560864473415,0.9106560615990258,0.7391304347826088
14,3,2,0.9936458381522394,0.7324617884511002,0.992979956309856,0.869458706541044,0.699177438307873
14,5,2,0.9933376653176466,0.7175662883256799,0.9923284606638133,0.9405179367045566,0.6818181818181819
14,12,2,0.9923153469383621,0.6645853023937975,0.9894591066275664,0.9148430763671442,0.653846153846154
14,28,2,0.9912145338542616,0.6399489593988176,0.9864844087163689,0.9308968964301009,0.6352549889135255
14,30,2,0.9927651769335866,0.7213882787007772,0.9911494411796674,0.9136647079308262,0.6442687747035574
14,36,2,0.9907607977730077,0.704492934220644,0.9869909548783443,0.9194939659931476,0.6721311475409837
14,38,2,0.9925366863063194,0.6663255819227809,0.9905796697301825,0.8298385517985953,0.7013513513513514
14,59,2,0.9915988522573568,0.7289503465448869,0.9870498058598663,0.8919953512056187,0.674172794117647
14,93,2,0.9934648360648988,0.5577907735463478,0.9903205143296568,0.8840966403242069,0.6666666666666665
14,96,2,0.9921700474839702,0.7111460156657877,0.98926612001421,0.9193220056377776,0.6071428571428572
14,106,2,0.9925797514938213,0.6698852257586106,0.9895086108016767,0.9119894618185221,0.7037037037037037
14,110,2,0.9943683127674697,0.7071249041099843,0.9928686351817649,0.9475986998267526,0.7096774193548387
14,116,2,0.9924537332642869,0.7352065237660859,0.9892283453466657,0.9354639248855541,0.6417112299465241
14,141,2,0.9913885141425383,0.7242963495531931,0.9872665222326716,0.9056927595707339,0.6
14,154,2,0.9926084790738613,0.670913509558418,0.9902685673500646,0.9093914739278993,0.6296296296296298
14,163,2,0.9896050706481608,0.7141777840634691,0.9845792607295558,0.8868809047061216,0.5925925925925926
14,181,2,0.992004994542577,0.6668273231158096,0.9907633040290568,0.943626510642107,0.6582156611039794
14,189,2,0.9929011050143111,0.7113981222473222,0.9906770910532783,0.9065233118414975,0.6578947368421053
14,196,2,0.9895440749560993,0.6557244743393011,0.9848358309450537,0.8993711673719634,0.6521739130434783
14,201,2,0.9930438576828591,0.592892314610588,0.9898131086268743,0.9470861443547935,0.7307692307692308
14,204,2,0.9908529593450622,0.5608565729656669,0.9855554345902491,0.9221270330103603,0.7
14,211,2,0.9945256971636031,0.7308616563991288,0.9926347142352057,0.9431421511495608,0.6849624060150376
14,216,2,0.9899664633366141,0.6679901998141691,0.9848992855752357,0.9065693660387891,0.6666666666666666
15,3,2,0.9936831982391261,0.6682297854028376,0.9925284107417909,0.8936718017544405,0.7142857142857142
15,5,2,0.9923660511490308,0.7533825254458406,0.9894551997756569,0.8982883406326111,0.6857142857142857
15,12,2,0.9925865930977784,0.7021617540783458,0.9889725278378884,0.831305369210255,0.6578947368421053
15,28,2,0.9918375431032806,0.7707377255378756,0.98759783201127,0.9408501122335816,0.653846153846154
15,30,2,0.9930677550457357,0.8104409379925266,0.991127140701915,0.8809871631067147,0.6978260869565218
15,36,2,0.9910805937753986,0.7644887842611261,0.9860620788844898,0.8461612211227908,0.7022727272727274
15,38,2,0.9929874197144124,0.7213804561290211,0.9897676021439717,0.8451736285260635,0.6785714285714286
15,59,2,0.9889713782085607,0.6731635534870166,0.9837695323838134,0.8803452333206683,0.6792857142857143
15,93,2,0.9904877405893058,0.6894155500709787,0.9844994890582005,0.9125066846196811,0.6772093023255814
15,96,2,0.9923930453860713,0.6998026388203447,0.9903078213822976,0.9113655894884346,0.639344262295082
15,106,2,0.9918208264623094,0.7115876442236034,0.9891123927731168,0.9204108930005859,0.6666666666666666
15,110,2,0.9923862332813911,0.6964885700200623,0.9895687405154487,0.9247190702283172,0.7041666666666667
15,116,2,0.9924484181192808,0.747860564726013,0.9920622469634592,0.9172160899639414,0.6206896551724137
15,141,2,0.9907238445421348,0.8171101692219793,0.9889784773186858,0.8806611465196175,0.6363636363636365
15,154,2,0.9923589471508463,0.6319228774912848,0.9882610822418672,0.8992740504393575,0.6830143540669856
15,163,2,0.9906501014852657,0.7714289171964831,0.9883882529934448,0.8832465967489483,0.6306042884990254
15,181,2,0.9920517047845562,0.7643547218596473,0.9879467622226102,0.9117371699532055,0.7097222222222223
15,189,2,0.9921003378460923,0.7117011855991158,0.9884574945813636,0.8277955039530542,0.6306818181818181
15,196,2,0.9896927525024876,0.7332649500086268,0.9841383720919219,0.8364039271758004,0.7241379310344828
15,201,2,0.9921078603161348,0.7317295479438585,0.9889308689786124,0.9201199931844668,0.6799999999999999
15,204,2,0.9867962458136907,0.5237116682659225,0.9862547955570076,0.8601282405767132,0.7113095238095237
15,211,2,0.9938492395128145,0.6530222188633674,0.9932072509610361,0.9274733954476866,0.6666666666666667
15,216,2,0.9906646485554549,0.658819051340058,0.9876804416852197,0.8948403502148452,0.7142857142857142
16,3,2,0.9926979701573976,0.6819834181852149,0.9915637960605177,0.9159933124799939,0.7142857142857142
16,5,2,0.9923153190075163,0.787523945320761,0.9905135263046009,0.9488270445366171,0.6818181818181819
16,12,2,0.9917915389435643,0.7167033946441544,0.9880253497805732,0.9099943501450638,0.6399999999999999
16,28,2,0.9906186517781066,0.6971287075656125,0.9877168714397522,0.9187704164111705,0.6260593220338984
16,30,2,0.991761372173058,0.697377210691737,0.9899856995803307,0.9207321079018699,0.6521739130434783
16,36,2,0.9910519523129796,0.689113699207444,0.9872483561394323,0.9111678181741171,0.6785714285714286
16,38,2,0.9920593045632411,0.7219711769117174,0.9904190845199222,0.8518313616447194,0.6963109354413702
16,59,2,0.9894430798891677,0.745819800245796,0.9858890656945987,0.9233605255514474,0.6363636363636365
16,93,2,0.9911175246561755,0.6468788174131637,0.9876392192609156,0.8758214657375875,0.6666666666666667
16,96,2,0.9914769127106959,0.6659080459078971,0.9874415095372934,0.9096585772985613,0.593915343915344
16,106,2,0.9901809515285926,0.6838829284435228,0.9894590573450561,0.8982902234322528,0.6818181818181819
16,110,2,0.9917554429084312,0.6592271313833631,0.9878203443934594,0.9153389283254176,0.6733333333333333
16,116,2,0.9917657711794017,0.7337545231906216,0.9896601064170722,0.9433893580009806,0.6313207547169811
16,141,2,0.9919382130969201,0.8184771824139883,0.9869728265848265,0.9107335146102781,0.6333333333333333
16,154,2,0.9918462397161412,0.6360670924349023,0.9900286593747725,0.9165442627515978,0.7037037037037037
16,163,2,0.9899870701763577,0.6875476311638556,0.9863337457423683,0.9251648050567026,0.6760731319554849
16,181,2,0.9921849809618112,0.6539808271232446,0.9891198240640333,0.9595352492668302,0.6666666666666666
16,189,2,0.9904401019601959,0.6552297378379307,0.9859550966827516,0.8895688793536426,0.6585365853658536
16,196,2,0.9888800767517945,0.6684317570540852,0.9836223780470703,0.8842758985901441,0.7142857142857142
16,201,2,0.9929337524291626,0.7449139867950874,0.9897460601223976,0.9420293195369008,0.6818181818181819
16,204,2,0.9902593554768186,0.5692387041119088,0.9877064409561143,0.9079789520064556,0.72
16,211,2,0.9937728770474494,0.7819924846673134,0.992801366035305,0.9486440651557932,0.6521739130434783
16,216,2,0.990219877185076,0.6298750780249818,0.9877632833138376,0.9198115942599978,0.7
17,3,2,0.9928914964275497,0.7524781120240662,0.9905658106420403,0.9213607944568976,0.7350877192982457
17,5,2,0.9931071462229966,0.7476208076853774,0.9924507070745399,0.897786125432639,0.6857366771159874
17,12,2,0.993024280859304,0.7072608803884585,0.9903217508033464,0.9171642430270196,0.6666666666666666
17,28,2,0.9919429339775189,0.7548213503761066,0.9894204098536433,0.9225762474639639,0.6363636363636365
17,30,2,0.9921174857292677,0.7215044210247317,0.9909882614418902,0.924314066762057,0.6363636363636365
17,36,2,0.9905194425132365,0.6384662298360656,0.9890784264647791,0.950091513677319,0.6666666666666666
17,38,2,0.9929381009090236,0.7094119789484199,0.9901854196507774,0.8888793588427326,0.6818181818181819
17,59,2,0.9905417654258448,0.7460900689623959,0.9881259523284326,0.9267595865276499,0.6363636363636365
17,93,2,0.9912207958026616,0.5931464141843198,0.9876989465620185,0.8925404012510186,0.6799999999999999
17,96,2,0.9931969086714474,0.7170272616862389,0.9901760181203757,0.9385773072042615,0.6103731815306768
17,106,2,0.991975477938297,0.6978322218056474,0.990024385571709,0.9130629872054242,0.6963109354413702
17,110,2,0.9935409400144607,0.6911997944015895,0.991148710596157,0.9108095627204913,0.7083333333333334
17,116,2,0.9928368939413296,0.7709872812563803,0.9905640996439556,0.937344319345709,0.606060606060606
17,141,2,0.9915003949684389,0.7662214669205861,0.9898093702460204,0.9071035652972337,0.6341463414634145
17,154,2,0.992569631114343,0.6770809472994193,0.9900522095912717,0.8844693407880466,0.6799999999999999
17,163,2,0.9908827939219969,0.7716714048477744,0.9866861332429415,0.9191633056685159,0.6086956521739131
17,181,2,0.9928115925993282,0.7379579391939848,0.9905779435898238,0.9482014383416638,0.736842105263158
17,189,2,0.9929643292823112,0.7231313887055713,0.9919872070735054,0.9360582530400605,0.625
17,196,2,0.9903365288069687,0.6854807123291242,0.9863874481941531,0.8813910361595845,0.7
17,201,2,0.9925666841926749,0.6798255407440786,0.9888388609842155,0.9224865893178232,0.709005376344086
17,204,2,0.989676252776015,0.5925338566676137,0.9842407279858246,0.9174623757077359,0.7407407407407407
17,211,2,0.9944419023606984,0.7794941193253764,0.9932726400488676,0.9421944093053713,0.6666666666666667
17,216,2,0.9906976683094298,0.6015890093482359,0.9873194715950866,0.9392773674319567,0.7407407407407407
18,3,2,0.9909995973450006,0.7144403617445213,0.9871435588598154,0.8833937024147954,0.6923076923076923
18,5,2,0.9905004699705295,0.728159887511821,0.9891050962133398,0.9281653853884169,0.6779953917050692
18,12,2,0.9906783576154328,0.7371359844267604,0.9865876389926339,0.8876424482198046,0.6524758454106281
18,28,2,0.990358593003012,0.7149869401864883,0.9867407501449369,0.9089630541780337,0.6595744680851063
18,30,2,0.9902746994130743,0.6247904873703037,0.9876235118109655,0.9206553048599467,0.6530100334448161
18,36,2,0.9892754869540905,0.6904281367396354,0.9834829221943425,0.9025931283334463,0.6978260869565218
18,38,2,0.9907115161937395,0.7179934099367313,0.9885629961871637,0.8976644541406407,0.7142857142857143
18,59,2,0.9899535999175696,0.7455734048511078,0.986379036716866,0.9275513757740462,0.6946386946386947
18,93,2,0.9904457708933735,0.6281892832834408,0.9829001502239122,0.8896574041231876,0.6521739130434783
18,96,2,0.9909137892973072,0.72940740625028,0.9900952645923426,0.9427581197642959,0.6399999999999999
18,106,2,0.9886559790085732,0.697085706208125,0.9846495242256773,0.9214337898050303,0.6923076923076923
18,110,2,0.9913108402940501,0.6650504268922491,0.9889497438190791,0.9035017151691997,0.6799999999999999
18,116,2,0.9909948267777267,0.7449148181852815,0.9877065692470609,0.9045546415418834,0.6170212765957447
18,141,2,0.9896436662166016,0.7319372448269188,0.9871251263260766,0.9124492891354129,0.6111111111111112
18,154,2,0.9915818798468796,0.7077043952964391,0.9888198800018082,0.8762972156409149,0.6896551724137931
18,163,2,0.9890890106311888,0.7442793640591949,0.9855092691310422,0.9373015782025511,0.6756756756756758
18,181,2,0.990507322228316,0.6559133776478256,0.9871514877396492,0.8815646864913884,0.6896551724137931
18,189,2,0.9899274120024405,0.6399640172205157,0.9842270588849272,0.9102953384076857,0.6153846153846154
18,196,2,0.9897930027005932,0.7384791041610989,0.9865996303997645,0.8955659906086969,0.6896551724137931
18,201,2,0.991088375258037,0.6417440902945531,0.9862095535334835,0.9156192641573013,0.7142857142857142
18,204,2,0.987688416282653,0.5731894038694696,0.9798985354695479,0.8817176636933595,0.75
18,211,2,0.9923774486130086,0.7607601431666358,0.9896713925136761,0.9081549346598308,0.6526175687666371
18,216,2,0.9890171347841858,0.7064068027276696,0.9863578555899637,0.9204775424288925,0.72
20,3,2,0.9934171726518382,0.6945094145392698,0.9931358507262228,0.8952080553884659,0.6216216216216217
20,5,2,0.9931225661778483,0.6830887029433266,0.9928836635096477,0.8782203506766738,0.6329931972789116
20,12,2,0.9923277057770298,0.7368940487036689,0.9905361033525697,0.9195274104480609,0.6631205673758864
20,28,2,0.99169328169245,0.7176629920016628,0.9877675308868595,0.9084965579279625,0.6410256410256411
20,30,2,0.9931479874965413,0.6861167309215939,0.9911114974233265,0.9269522310505144,0.6285714285714284
20,36,2,0.9921098478790209,0.6356453387859163,0.9897666598982093,0.9217884825709359,0.631578947368421
20,38,2,0.9926036286463913,0.662157061801472,0.9910145321347387,0.8812346593224893,0.6
20,59,2,0.9927419410539025,0.73884413774097,0.989442326566322,0.9240491171114524,0.6440092165898618
20,93,2,0.9931338142175041,0.6358300233384643,0.9887960949523462,0.8914320094963479,0.653846153846154
20,96,2,0.9924173714428983,0.7526421635962615,0.9903905619560448,0.9193974192958938,0.6296296296296298
20,106,2,0.9915784591104988,0.705347815236937,0.990676390494704,0.8859415584063163,0.5789473684210527
20,110,2,0.9931884200663504,0.6703434047904698,0.9910387775427827,0.940790098957619,0.6451612903225807
20,116,2,0.9926268976568898,0.7285308464942761,0.9902590583434052,0.9401583313070516,0.6588137472283814
20,141,2,0.9917408496663521,0.7520347091008039,0.9901964039305097,0.9046582640089577,0.6363636363636364
20,154,2,0.9923576863306605,0.6566885262776435,0.9885044891224746,0.8914833815676102,0.6521739130434783
20,163,2,0.9916598617657034,0.7512921953434617,0.9866184395044754,0.9295416700894744,0.6216216216216217
20,181,2,0.9934910479749168,0.7080367724097993,0.9903418136288211,0.9427242285048325,0.6399999999999999
20,189,2,0.992043335125536,0.6844707294389504,0.9894650801137482,0.9240336079466126,0.5945945945945945
20,196,2,0.9904116175185476,0.7407359401860945,0.9854292702792137,0.8873501357208515,0.6410256410256411
20,201,2,0.9927390342303983,0.7225234286779065,0.9916422064469818,0.9282065014394096,0.631578947368421
20,204,2,0.9913282636514061,0.5765366612817701,0.9861620970174952,0.9096667480994679,0.588235294117647
20,211,2,0.9941859739282402,0.715416187075936,0.9929277859997637,0.9269708178760878,0.6216216216216217
20,216,2,0.9923342793120629,0.6955269799694699,0.9897841791029535,0.8869165266330049,0.5428571428571428
24,3,2,0.994435266661772,0.7666553518893022,0.9927942404016203,0.9031251576477713,0.6023255813953489
24,5,2,0.9936082988968018,0.7367939006513144,0.9923057567456547,0.8520630506884053,0.5488414357110405
24,12,2,0.9930663191757152,0.748378350484742,0.9900830398866876,0.9163061650168384,0.6296296296296298
24,28,2,0.991775791274682,0.7197105014867969,0.9886253342028699,0.8440985353378139,0.5892857142857143
24,30,2,0.9928665555355746,0.7512642273189079,0.9902184767438907,0.9211583959807184,0.5797101449275361
24,36,2,0.993527595902942,0.6669342439532033,0.9911289764943069,0.9162436495990641,0.5833333333333333
24,38,2,0.9935233586682878,0.7048143576478881,0.9904241752507145,0.8982268338043737,0.5993265993265993
24,59,2,0.991664320137573,0.7553092213485588,0.9883554159358693,0.9326489400633919,0.6206896551724137
24,93,2,0.9929019200814574,0.6476137955215819,0.9893072268931754,0.9189479371757926,0.6222222222222222
24,96,2,0.9931448695933983,0.8331341333449716,0.9906049563400623,0.9391265460857781,0.6399999999999999
24,106,2,0.9920322061121657,0.6998932723913036,0.9903861627964323,0.9335901636278399,0.5294117647058822
24,110,2,0.9941946130909449,0.7651580132114938,0.9924502321264609,0.8963977690320256,0.5868005738880918
24,116,2,0.9938961844372773,0.7922772236272423,0.9916119526903153,0.9093396287731511,0.606060606060606
24,141,2,0.9933822490406713,0.8513654467331658,0.9905997305772987,0.9144866170363495,0.6219390304847575
24,154,2,0.992517264459599,0.6925482301460941,0.9884867611913548,0.8738642315025723,0.5660377358490566
24,163,2,0.9926161310666415,0.7679477592079411,0.9905822226496964,0.935773412152106,0.5735930735930735
24,181,2,0.9947905745629894,0.789255901032817,0.9917332587844746,0.9187550296377951,0.6086956521739131
24,189,2,0.9946079689337531,0.7678623935025575,0.991983097159543,0.9579658464980272,0.6071428571428572
24,196,2,0.9894049342557398,0.6987553275652912,0.9853958137847871,0.8984592990072364,0.5741758241758241
24,201,2,0.9937751189747019,0.7033355858539796,0.9910944937760744,0.9077581170691329,0.5461233729485003
24,204,2,0.9922893651574285,0.6038372869344757,0.9879069958476224,0.8846913664776465,0.5294117647058822
24,211,2,0.994805835645682,0.7615603291712016,0.9932393650103197,0.9051435064338766,0.5952380952380952
24,216,2,0.9916789587325818,0.7291948728607207,0.9879957059718186,0.9130282115508572,0.47058823529411764
25,3,2,0.9946326359464565,0.7329469263809427,0.9932841592675864,0.9013305792800919,0.7171428571428571
25,5,2,0.9935964776104876,0.7026011782212171,0.9923767748546087,0.9536993002409588,0.7
25,12,2,0.993024280859304,0.7547399720017043,0.9919998927889455,0.9098009990113263,0.6521739130434783
25,28,2,0.9935287367776979,0.7269722607691647,0.9906296884045059,0.9206353258810348,0.6363636363636365
25,30,2,0.994103621528973,0.6342683115083112,0.9927156752532653,0.886922976771283,0.6666666666666666
25,36,2,0.9933615436318441,0.6456454843479584,0.9918672212565605,0.8932635770891155,0.6711711711711712
25,38,2,0.9935449439848948,0.7099004189220334,0.9915445043771107,0.8960410497033768,0.6744186046511629
25,59,2,0.9925598664165989,0.6989096345968508,0.9910633633778524,0.8841831250285563,0.6333333333333333
25,93,2,0.9938099824062153,0.618919344193164,0.9914833352968845,0.8538583850452046,0.6969696969696969
25,96,2,0.993481586442166,0.750257329542606,0.9916124543607006,0.8726189920429668,0.6191683569979716
25,106,2,0.9925508653151645,0.7201066564132983,0.9910282583438871,0.8672192856397286,0.75
25,110,2,0.9942954214397826,0.6951515698275044,0.9928412866427567,0.9242120229649932,0.7272727272727273
25,116,2,0.9938434777214163,0.7342796799475322,0.9918948600817872,0.9216660589256952,0.6521739130434783
25,141,2,0.9925057577995687,0.7496995912493284,0.9896397370099957,0.8772697974991162,0.6486676016830295
25,154,2,0.9932249746675259,0.7188298359917927,0.9912490921160793,0.9108303784735159,0.7037037037037037
25,163,2,0.9919689472844535,0.7041162746925835,0.9898467309648246,0.884998688623745,0.6792857142857143
25,181,2,0.993915429347287,0.6479641380518839,0.9931237296696105,0.9504581749825176,0.7142857142857142
25,189,2,0.9937110873379987,0.632162302302453,0.9905967213243057,0.8741256962781405,0.6470588235294117
25,196,2,0.9917008816070624,0.7254338391719941,0.9903755430325837,0.9251949799528671,0.736842105263158
25,201,2,0.9939540601407343,0.6971338434731973,0.9915525291117935,0.9031878781978417,0.7142857142857142
25,204,2,0.9931507820988001,0.5237791419064658,0.9893465868502639,0.9111532397901078,0.7777777777777779
25,211,2,0.994622866571733,0.7456960593069037,0.9938907095115298,0.9411913743517112,0.6551724137931034
25,216,2,0.9938298908460914,0.6445821778361265,0.9905436592925374,0.8760475035536742,0.75
32,3,2,0.9942831003285535,0.7341780300289602,0.9943881393542118,0.8849160989705995,0.6666666666666666
32,5,2,0.9936548400965751,0.7009498775346544,0.9912808659745339,0.9358789993274398,0.6666666666666665
32,12,2,0.9930869237656847,0.7427564821679842,0.9900610486490695,0.9203159045838745,0.6521739130434783
32,28,2,0.9917950888371713,0.7184709528403053,0.9876108621801417,0.9360958430024081,0.6216216216216217
32,30,2,0.9927773552966134,0.7867382472267662,0.9913608249068049,0.9299027587272775,0.6056338028169015
32,36,2,0.992458889347096,0.7426816159907196,0.9900924171678753,0.9247027150319267,0.687111801242236
32,38,2,0.9930303420286319,0.7124537970332141,0.9920712273958371,0.8518839015242897,0.6666666666666666
32,59,2,0.9902546627587837,0.6445877900719988,0.9848746082726437,0.9103051696713029,0.6399999999999999
32,93,2,0.9925268183188456,0.7021647729732496,0.9904812004576861,0.8645743011223219,0.6521739130434783
32,96,2,0.9931620759398703,0.7840504296145465,0.990457581249551,0.9413575917875796,0.6449579831932774
32,106,2,0.9908608767213678,0.7150262299972563,0.9879202848358729,0.8900989484792967,0.6363636363636365
32,110,2,0.9934862638367344,0.7036794165788202,0.9923058283252261,0.938408370557361,0.6666666666666667
32,116,2,0.9931517660066149,0.7716516286352726,0.9901398869833806,0.9477826076196505,0.6071428571428572
32,141,2,0.9916385117656716,0.7676372571815296,0.9879941130122007,0.9144628842341244,0.6035714285714286
32,154,2,0.9930296754952912,0.639350264523747,0.9899421858134492,0.8888841111523855,0.6799999999999999
32,163,2,0.9913685947043174,0.7384982679196357,0.9884124728732772,0.9350158151501378,0.6666666666666666
32,181,2,0.9943195122519124,0.7467421836712691,0.992928229269857,0.9610265038645761,0.6775210084033613
32,189,2,0.9921166666086257,0.7905268383415516,0.9889426905848077,0.9145304567332778,0.6521739130434783
32,196,2,0.9899486992893742,0.6789416006293066,0.9851175807865254,0.9056451250314627,0.7343137254901961
32,201,2,0.9944205787457411,0.7840843334266849,0.9933693015991044,0.9427923845788604,0.6363636363636365
32,204,2,0.9911582689706272,0.5413538345675273,0.9865230266795457,0.9111666604863942,0.6923076923076923
32,211,2,0.9950367228496245,0.7392609404731532,0.9938408064427077,0.9234776983523744,0.6348484848484849
32,216,2,0.9904803261590603,0.6878607919622355,0.9908974711778459,0.8983540012354717,0.6073781291172595
33,3,2,0.9925986277681225,0.7411763254546193,0.9898523387340524,0.8594357783993278,0.6666666666666666
33,5,2,0.9921924948047361,0.7142531794813505,0.9915308198583423,0.9114549038524526,0.6875
33,12,2,0.9921553146648242,0.7325412109213731,0.989691479879629,0.8692196834020008,0.6551724137931034
33,28,2,0.9925408420100384,0.7527849050175872,0.9886154191883637,0.9076048645478719,0.6620192307692307
33,30,2,0.9913402676618756,0.7074243757479413,0.9878801919213449,0.9194960323101967,0.6779661016949152
33,36,2,0.9908843362626293,0.7065623493307839,0.9882767482089004,0.8883365809206506,0.6363636363636365
33,38,2,0.9924051350277959,0.7584126475765115,0.9891128021894193,0.8836352738402156,0.6363636363636364
33,59,2,0.990163366907242,0.7395831344305046,0.9886986520157183,0.8872868501112305,0.653846153846154
33,93,2,0.9901933926811577,0.5622707748722402,0.9847014897548474,0.8675845640003124,0.6969696969696969
33,96,2,0.9925773781742626,0.7216159493299277,0.9904724697400437,0.9200739181475279,0.6
33,106,2,0.9907321885706362,0.7326927686796445,0.9870359686566462,0.910044115638657,0.6451612903225807
33,110,2,0.9928664283140882,0.6954970889257893,0.9898443884167912,0.8953011570283371,0.6774193548387097
33,116,2,0.9928619563227997,0.7684028611951156,0.989733150785197,0.9088988275936719,0.6363636363636364
33,141,2,0.9914948456398927,0.7621800392871225,0.9898549353675894,0.8555974719331098,0.6000000000000001
33,154,2,0.9915607564069243,0.6368598025525959,0.9892655736534939,0.8756656023938023,0.6545092838196287
33,163,2,0.9910990341515183,0.7152535585910051,0.9876795663373723,0.8997222332120184,0.6296296296296298
33,181,2,0.993287126410439,0.6648629587832531,0.9905455993921762,0.8761168803029002,0.6956521739130435
33,189,2,0.9922860547904006,0.7427558018844468,0.9891285934559675,0.8772079126416802,0.6086956521739131
33,196,2,0.9906583049535925,0.6992551344323765,0.9865109187930186,0.861652405272864,0.7
33,201,2,0.9920676760931145,0.7050933212498441,0.9897729589376436,0.8839548557134697,0.6479166666666667
33,204,2,0.9891402690902745,0.5609577795920906,0.9831223345574711,0.8521279655660159,0.6666666666666666
33,211,2,0.994243390055854,0.7622843677530646,0.9914766244733003,0.9014494467156932,0.653846153846154
33,216,2,0.9905356888562102,0.6818012801559137,0.986838243641537,0.9360268997656656,0.6399999999999999
40,3,2,0.990421841021734,0.7329300686980419,0.9862702041760298,0.8806720287888306,0.7058823529411764
40,5,2,0.9914314389300305,0.7392704563462157,0.9873397446964807,0.9075013784019913,0.7
40,12,2,0.9914746796558681,0.711632502917906,0.9890715342791145,0.9162838343329043,0.6052631578947368
40,28,2,0.9893540987405522,0.7088029557747911,0.9860686848895912,0.9259503227442812,0.6341463414634145
40,30,2,0.9883736170092777,0.7038352420152973,0.9844829752179504,0.9169248219555909,0.6666666666666666
40,36,2,0.9886929708522075,0.7495687104322157,0.983184906017185,0.9400362832252349,0.6837662337662338
40,38,2,0.9908277612450999,0.702091829420872,0.9875951532909143,0.8787303151226276,0.6896551724137931
40,59,2,0.988109666892301,0.6813079161414701,0.9827397168096841,0.9266210148876383,0.6486486486486487
40,93,2,0.9881944832316939,0.6622338768996591,0.9803849130654609,0.8628366403343415,0.7000000000000001
40,96,2,0.9915491027880105,0.7525958605361154,0.9896416704156741,0.9208817124637894,0.5732142857142857
40,106,2,0.9876730865160476,0.728528344943521,0.9825800191889822,0.8957148420426928,0.6896551724137931
40,110,2,0.9909715493250192,0.7337841529948437,0.9874468575681541,0.9272489629081063,0.7027027027027026
40,116,2,0.9918465934902226,0.703149138650953,0.9899112230936108,0.9423519407400444,0.6071428571428572
40,141,2,0.9900423389243258,0.6674709912261836,0.987268653810205,0.8803210155981082,0.6545454545454545
40,154,2,0.9917179839728484,0.7005872386553349,0.9889314611625286,0.8780825849418323,0.7272727272727273
40,163,2,0.9886439228560635,0.7503012678389652,0.9831382352189806,0.909171815872962,0.6504112808460635
40,181,2,0.9902625632793501,0.7199267879985939,0.9875176371618054,0.9184697247802452,0.6896551724137931
40,189,2,0.9900868796441988,0.7167913019113288,0.9841635424722809,0.9274690868372509,0.5798550724637681
40,196,2,0.9888085913771512,0.6774505465088758,0.9845228721394533,0.8654325885579017,0.7467948717948718
40,201,2,0.9889063116810793,0.714658085990818,0.9825334818256853,0.9207802050898839,0.6978260869565218
40,204,2,0.9854793573106463,0.5028139238220324,0.9756361855523921,0.9017471281756074,0.7692307692307693
40,211,2,0.993566351677667,0.7363748463944997,0.9922675164198306,0.9306982369876781,0.6410256410256411
40,216,2,0.9864660311789177,0.7422815709030053,0.9780032546954621,0.9129795720661255,0.7619047619047619
42,3,2,0.9920549814128398,0.7151807608690113,0.9902069448778748,0.9051347451228466,0.736842105263158
42,5,2,0.9918472627138601,0.6542563005386628,0.9902017251914677,0.9195802877076941,0.7
42,12,2,0.9915014411573896,0.7397788893663777,0.9866307363422989,0.9149062726530213,0.653846153846154
42,28,2,0.9897471177995935,0.7020748063590265,0.9843561125342126,0.9075985141972467,0.6333333333333333
42,30,2,0.9899442989390428,0.7264385649792179,0.9881307035372829,0.9317425907761581,0.7083333333333334
42,36,2,0.9900506408225243,0.6902510697644002,0.9846314316978446,0.9085631725298942,0.75
42,38,2,0.9902710815974332,0.7156115800734426,0.9859088631823553,0.8669497793621898,0.7171428571428571
42,59,2,0.9882741516244637,0.6944806330072658,0.984326563662509,0.9306022529562055,0.6521739130434783
42,93,2,0.9880594446381534,0.705141137993986,0.9802242296754918,0.8573418459667226,0.7391304347826088
42,96,2,0.990601335071627,0.7426299067763359,0.986679219972658,0.8906015350757838,0.5833333333333333
42,106,2,0.9908540843904022,0.7134018096907235,0.98677956706746,0.892888488625796,0.7609523809523808
42,110,2,0.992456634348005,0.7200827332095483,0.989562225934546,0.9138787078753737,0.7
42,116,2,0.9909797113350907,0.7549534829977524,0.989131395453458,0.9288047326169194,0.6214209968186638
42,141,2,0.990400608060265,0.7515027059176613,0.9863030333976717,0.9305904436717575,0.5853658536585366
42,154,2,0.9916063720953256,0.6523327872237754,0.9894596472339102,0.9085730770188076,0.75
42,163,2,0.9887940707731413,0.7181327748695255,0.9859888648258598,0.9063825425777396,0.6425061425061426
42,181,2,0.9907296698427855,0.7927449163748991,0.9865733879428457,0.9176439214513252,0.7083333333333334
42,189,2,0.9910549335694061,0.758058527740213,0.9869696865852504,0.9299258231061545,0.5697115384615384
42,196,2,0.9884522736791942,0.678339215526675,0.9840984786598025,0.9031082318708753,0.7727272727272728
42,201,2,0.9904202580961596,0.6762263883568997,0.9882370300296255,0.9227339303253452,0.7391304347826088
42,204,2,0.9841558008962786,0.5972467358256537,0.9734887359427844,0.9067989562578224,0.8333333333333334
42,211,2,0.9930117617537936,0.6925068699818688,0.992392570192835,0.9157171950354294,0.6767857142857143
42,216,2,0.9880789648500166,0.7458676764586356,0.9846988733257485,0.9205471855179789,0.8076923076923078
50,3,2,0.9915712730299923,0.7402052231092558,0.9878999484328864,0.9362545133768265,0.7727272727272728
50,5,2,0.9902036593284957,0.691916391255549,0.9869734682322466,0.8651477232969271,0.7777777777777779
50,12,2,0.99139615102785,0.7397788893663777,0.9890827586915772,0.9210646319445248,0.6486486486486487
50,28,2,0.9910281319767744,0.7219209986581518,0.987327004735481,0.8576610994865008,0.633739837398374
50,30,2,0.990714127989408,0.6900165478659144,0.9864257772057444,0.8496177064415815,0.6666666666666667
50,36,2,0.9908571311831329,0.6587563144763079,0.9853792884808387,0.9052513730312552,0.7285012285012286
50,38,2,0.991494846748473,0.7329122041590399,0.9886322769519016,0.9333250061807339,0.736842105263158
50,59,2,0.9893303337204034,0.7236225818752564,0.9853345413147171,0.9088626455788421,0.6666666666666665
50,93,2,0.9894774345843725,0.6125973267925007,0.9823856029813356,0.8899443563338247,0.8095238095238095
50,96,2,0.9912794809287644,0.7193226143711495,0.9888151127546418,0.8851879342485658,0.5999999999999999
50,106,2,0.9895201013520845,0.6860198786954766,0.9870909656525748,0.8894233330473946,0.7916666666666666
50,110,2,0.9908913113232902,0.6736308545948706,0.9871733617901068,0.8708466077103335,0.7619047619047619
50,116,2,0.9909490926893274,0.7341196594196635,0.9880018362431939,0.8873359377480939,0.625
50,141,2,0.990620354596599,0.7193709577088072,0.9875573216308422,0.9120559847236901,0.606060606060606
50,154,2,0.9918514345392135,0.7181737212947967,0.9900981234574309,0.9243107139968892,0.75
50,163,2,0.9899316623679811,0.7133200503677013,0.9862740827086673,0.9074710035711349,0.6545092838196287
50,181,2,0.9909859639626549,0.6379348745361793,0.986095930411232,0.8696502518863284,0.7000000000000001
50,189,2,0.9903792621067071,0.6435884657617981,0.9847196993705477,0.9162792803763167,0.6818181818181819
50,196,2,0.9889615912403971,0.7124299957803761,0.9869970240746371,0.9085741040900501,0.7586206896551724
50,201,2,0.9902042931742329,0.6491308442621501,0.9852412520393309,0.9408365981440003,0.7619047619047619
50,204,2,0.9881374745996961,0.5057406177488648,0.9812274123597099,0.8299394674692476,0.8
50,211,2,0.9922820380945127,0.7403736027035107,0.9906188828763399,0.8747972366205448,0.6363636363636365
50,216,2,0.9894727029440873,0.6672153065768729,0.9841114862207928,0.9198576534646177,0.7999999999999999
51,3,2,0.9944115919513732,0.6535889311207888,0.9939689734989406,0.9519396175378767,0.6399999999999999
51,5,2,0.9931660929006351,0.6639680331744011,0.9917228805907742,0.8669297618514316,0.6521739130434783
51,12,2,0.991059642192167,0.6750182988648097,0.9866280706640699,0.9359794456727837,0.5741758241758241
51,28,2,0.991067925739487,0.6891446977740006,0.9868473027742843,0.9044809157578756,0.6295031055900621
51,30,2,0.9917842746608856,0.7391422609173339,0.9879369771413824,0.952322383814774,0.5444664031620553
51,36,2,0.9914645623462107,0.7274605504373572,0.9913295716918727,0.9293038306842109,0.6341463414634145
51,38,2,0.9929571959965731,0.6352949115231594,0.9895108468089427,0.9019777696364265,0.6285714285714284
51,59,2,0.9897940991449621,0.6819039492029932,0.9840098079811719,0.9382086255355317,0.6363636363636365
51,93,2,0.9919042532984574,0.6585870042503608,0.9886569243779679,0.8529204512566728,0.6365176151761518
51,96,2,0.9931139478357192,0.6978122877501669,0.9900223903038898,0.9505364254918538,0.5962962962962963
51,106,2,0.9905369471158274,0.6425564756516673,0.9859386461289904,0.9185755365539598,0.6956521739130435
51,110,2,0.9935786475243417,0.6945598214242233,0.9912209683894876,0.9195049957691981,0.6377980364656382
51,116,2,0.9920163234098335,0.6986405543826468,0.988876840452204,0.9581911504173856,0.5999999999999999
51,141,2,0.9897583288542567,0.6861529466511189,0.9838835490713247,0.9222970468911682,0.6040497193263834
51,154,2,0.9924015881053164,0.6117262888212855,0.9892001905526396,0.8844879874406961,0.6285714285714284
51,163,2,0.9899147738196644,0.660840820506589,0.9854661119818282,0.9399927313683555,0.6782687651331719
51,181,2,0.9933695850807871,0.8036865841110066,0.9925404899995529,0.9277448898069968,0.7072010869565217
51,189,2,0.9913569346424908,0.7015024480011885,0.9888037308059532,0.953662049296762,0.6381818181818182
51,196,2,0.9897386206700756,0.6416890732721119,0.9846493854202114,0.8759087556529306,0.653846153846154
51,201,2,0.992482149687588,0.7249361113120314,0.9895886918909063,0.9528452735895647,0.6799999999999999
51,204,2,0.9875867801038972,0.6930930128466897,0.9793259846513394,0.9110685091949511,0.689010989010989
51,211,2,0.9944666687432268,0.6890400762586619,0.9922897106507316,0.8813269031084695,0.625
51,216,2,0.98945053681108,0.7195952019197647,0.9855836261584838,0.9459566232075127,0.6296296296296298
53,3,2,0.9918364646418142,0.7679382505530059,0.9894909446963153,0.8542603704058254,0.7407407407407407
53,5,2,0.9892642134914429,0.6909538322618567,0.9853015394571935,0.9146233144230095,0.7
53,12,2,0.9906246441796492,0.6901518065332977,0.986694132830272,0.8562399419112566,0.6521739130434783
53,28,2,0.9882863988825807,0.6025831461427958,0.9851242275938557,0.9336292345609759,0.6363636363636365
53,30,2,0.9885731762022013,0.7743776086923766,0.9848478529695076,0.9039348349566723,0.6733333333333333
53,36,2,0.9883269023033617,0.7031197554475884,0.9824967240372621,0.8837695161744338,0.6711711711711712
53,38,2,0.990190979578185,0.747810712502272,0.9869931339472315,0.8591347580475197,0.7142857142857143
53,59,2,0.9883175319172346,0.6581878144238988,0.9844348163507609,0.9169300187618963,0.6521739130434783
53,93,2,0.986284646184767,0.707829368594316,0.981925375359485,0.9165428609146159,0.6776437847866419
53,96,2,0.9913519467892714,0.7600170754195447,0.9887013505353712,0.9014017996018407,0.5638586956521738
53,106,2,0.9894135880933262,0.671679952361687,0.9858579760199923,0.9244600957709367,0.75
53,110,2,0.989277797867614,0.6469416065240299,0.9870785530046606,0.904692825813082,0.6666666666666666
53,116,2,0.9898247430784922,0.7704780052166272,0.9839361342791528,0.9131633200125989,0.625
53,141,2,0.9880601484700394,0.7518971166580332,0.9831868090669416,0.9032264471222387,0.5945945945945945
53,154,2,0.9904174144202661,0.6998102581274978,0.9875241965540904,0.8975172848271161,0.7
53,163,2,0.9883286141878673,0.7885789555397154,0.9836941325635458,0.8988886916707802,0.6363636363636365
53,181,2,0.9870504716876571,0.738725848439702,0.9851082521311348,0.9091298506464428,0.6787096774193548
53,189,2,0.9885233631646388,0.7324912015826266,0.981933398462751,0.8964542606236768,0.6273148148148149
53,196,2,0.9885745996944028,0.6500335692086365,0.9845028686383129,0.8547524470232024,0.75
53,201,2,0.9904673500519343,0.7117447845215604,0.9849988633133641,0.9310495271931621,0.6956521739130435
53,204,2,0.9846436254924109,0.5268634061694671,0.97661121703828,0.878926640346401,0.8181818181818181
53,211,2,0.9931418940269976,0.7064542376514336,0.9900290486845709,0.9120768386835576,0.597872340425532
53,216,2,0.9875044075392824,0.739724038602773,0.9857192545956851,0.8718206227347223,0.75
54,3,2,0.9925257924173545,0.7301902239746738,0.9899761397214966,0.9457460789304776,0.6666666666666666
54,5,2,0.9898466146643322,0.69595105071603,0.9855206933635462,0.8410527967524979,0.6333333333333333
54,12,2,0.9919967786071631,0.7212697159542512,0.9883223562756227,0.9213552334120554,0.627906976744186
54,28,2,0.9906807693489117,0.745282425717256,0.9857937430521266,0.9111939387379925,0.6428571428571428
54,30,2,0.9900470291071325,0.7830068863681912,0.9869130366396789,0.9368895075864954,0.5904139433551199
54,36,2,0.9892850414441984,0.7913948631876498,0.9823273049100049,0.9195035598628918,0.587962962962963
54,38,2,0.9924537685156601,0.7788482877222511,0.9892144445814192,0.8645701624346671,0.638888888888889
54,59,2,0.989375569526314,0.7091520401922595,0.9827508010380854,0.9186758355028828,0.6478537360890303
54,93,2,0.9878164215596489,0.6271762829685228,0.9791810240856971,0.8906526656511251,0.638888888888889
54,96,2,0.9921330248520258,0.7487975981653637,0.988307424050994,0.9398275387051636,0.5769230769230769
54,106,2,0.9889743159545877,0.7769317434033614,0.9835814834369294,0.9231962830783997,0.5806451612903225
54,110,2,0.9918949288087836,0.7307853565890428,0.9878132595577447,0.8921593104386505,0.631578947368421
54,116,2,0.9921930413843808,0.8354061018210013,0.9876710270644874,0.9355304074013773,0.6
54,141,2,0.9907591135714983,0.8346674711196342,0.9858820145002947,0.9297952507445549,0.631578947368421
54,154,2,0.9919749515395975,0.6150137475125219,0.9874714744451002,0.8687959538087078,0.6926536731634183
54,163,2,0.989207397236122,0.7848171491749804,0.9865978079194158,0.9233531040869374,0.627906976744186
54,181,2,0.9919576560883413,0.784590002840355,0.9866344052153699,0.9022394957369801,0.638888888888889
54,189,2,0.9905242536862079,0.746741453045022,0.986184086884269,0.9242870196388207,0.6429738562091504
54,196,2,0.9889268417313416,0.6622391809254125,0.9828510482936526,0.8690201247863105,0.6296296296296298
54,201,2,0.9909822827046076,0.7496463822982735,0.986057348974565,0.908978704399984,0.6233108108108109
54,204,2,0.987089350676759,0.679978308458533,0.979307756638312,0.9034845259750282,0.5926829268292683
54,211,2,0.9936956701110353,0.7208381414757483,0.9910743061677069,0.891099631656451,0.6
54,216,2,0.9879626098099055,0.7490504835169309,0.9809218623284879,0.9013993676497166,0.5611111111111111
55,3,2,0.9927747321691578,0.716755505309792,0.9909051132213857,0.9147803413764788,0.5714285714285714
55,5,2,0.9934266092190231,0.7571913064831136,0.9906695202109684,0.934266427459249,0.5833333333333333
55,12,2,0.9930658706325107,0.7595799891989996,0.9910810938388089,0.9305014327326699,0.5763403263403263
55,28,2,0.9926057370272126,0.7892682645777984,0.9895325014466113,0.9185589265724665,0.6052631578947368
55,30,2,0.9923241890279735,0.6831216107341733,0.9893310974004047,0.9277008406949733,0.5902609631423191
55,36,2,0.991836660186443,0.6416888214018649,0.9873096014704632,0.9150545847415925,0.5441176470588235
55,38,2,0.9925078366362399,0.6979861713956902,0.989662562491352,0.8690841324106249,0.5405405405405406
55,59,2,0.9920983255344806,0.7680163660256817,0.9887087344370561,0.9178401419968878,0.6176470588235294
55,93,2,0.99168610411337,0.634377026571302,0.9849158788141293,0.8921817468958284,0.6206896551724137
55,96,2,0.9925199731701522,0.7509860319358055,0.9900269496126318,0.9340729492599831,0.6202039825157843
55,106,2,0.9919854478457355,0.6858399688036187,0.9890301665509003,0.8840114401053171,0.5164021164021164
55,110,2,0.9932252742490745,0.6872502779152194,0.9900135900281739,0.9280572316171012,0.5783625730994152
55,116,2,0.9934167585050778,0.7538717470175988,0.9908054137796563,0.9318057591794132,0.6210106382978723
55,141,2,0.993291040653815,0.8092098497971414,0.9904627473250173,0.8886619817579279,0.653453689167975
55,154,2,0.992129396067951,0.7162374835530834,0.98996502359059,0.8802200607160374,0.5423728813559323
55,163,2,0.9919725098021674,0.7368919063829674,0.9884936922211434,0.9217112532907591,0.6071428571428572
55,181,2,0.9930970722486306,0.7045323860142904,0.9890720682177314,0.9472735396637146,0.5625
55,189,2,0.9925560641083492,0.6424912594456895,0.9880739436544886,0.9321703381948163,0.5949367088607596
55,196,2,0.9903246321588591,0.7408864370911157,0.9874099919283382,0.8943995115074476,0.5666666666666667
55,201,2,0.9922854399351178,0.6452356965737407,0.9882334432203866,0.9302784904235244,0.5457033388067871
55,204,2,0.9905644529082402,0.6106190033996209,0.9846716242055061,0.8804131008595075,0.4736842105263158
55,211,2,0.9938592378280863,0.777191882460264,0.9909984002178405,0.9453867847350459,0.6231060606060606
55,216,2,0.9915888621340256,0.661588977542845,0.9887219347623492,0.922011097259366,0.5172413793103448
57,3,2,0.9942763164147456,0.7123816700204446,0.9926181762706827,0.8933143009929175,0.75
57,5,2,0.9929550969389175,0.7443836241615986,0.9913596761673754,0.8770687168288281,0.7391304347826088
57,12,2,0.9912057868348031,0.7269493895921795,0.9878129568831467,0.9024684097894736,0.653846153846154
57,28,2,0.9898911173956245,0.7018836317077836,0.9864262771162832,0.8664691789643948,0.6451612903225807
57,30,2,0.9923299154005876,0.6982759187478791,0.9884808136306868,0.8947176102950192,0.6796187683284458
57,36,2,0.9908136515554783,0.7738005733823694,0.9883358325915529,0.8948605178315958,0.6818181818181819
57,38,2,0.9923431888924938,0.6769520833262581,0.988761345772063,0.9167159774854167,0.7236363636363636
57,59,2,0.9892604733321422,0.633440162275777,0.9857316003116854,0.9061092330471402,0.653846153846154
57,93,2,0.9918794100137132,0.6911463471971173,0.9879850805004091,0.8781837127952656,0.6892895015906682
57,96,2,0.9931278305022692,0.7480312916225327,0.991584346245085,0.8797133600492962,0.5637837837837838
57,106,2,0.9895964004050618,0.7616449085450924,0.9860211351710271,0.9283965398947549,0.7058823529411764
57,110,2,0.9937731550460533,0.7376375130163386,0.9906951641562601,0.8840285485930113,0.7290209790209791
57,116,2,0.9933522282082972,0.705734930133971,0.9896486395165563,0.886250808728184,0.6666666666666666
57,141,2,0.9897526534334842,0.7176417421879184,0.9857436500468842,0.912627154286953,0.6274509803921569
57,154,2,0.9924948091728348,0.6246740901435501,0.9879208575073102,0.8902171889915209,0.75
57,163,2,0.9896588228973258,0.8137648509231833,0.9845724954590217,0.8991068129136693,0.6818181818181819
57,181,2,0.9912086561903837,0.7467534652590886,0.9895535100315679,0.8701087188182285,0.7142857142857142
57,189,2,0.9908039049369823,0.759420575125472,0.9869900057170624,0.8842920431819297,0.6086956521739131
57,196,2,0.9888651422977368,0.6479453710264151,0.9816170315913442,0.8952718330399594,0.75
57,201,2,0.9917671073478669,0.7787050090861675,0.98838205629407,0.9116590772653352,0.7083333333333334
57,204,2,0.9896662387859465,0.6014959163304732,0.9879373842742131,0.8740326859709183,0.7777777777777779
57,211,2,0.9946739875337728,0.7545376617141544,0.9917600697240955,0.8707670102121128,0.6666666666666667
57,216,2,0.9900942152628521,0.7760523744356729,0.9868952939230149,0.9163669000236717,0.7142857142857142
58,3,2,0.9946102711185085,0.7224024705812284,0.9927763602022183,0.9079516657812063,0.6176470588235294
58,5,2,0.9925262296616728,0.6179858229756421,0.9909490112482177,0.9022435158834797,0.5999999999999999
58,12,2,0.9910982730882301,0.6594304584006019,0.9866007238181344,0.9196501528373636,0.629100529100529
58,28,2,0.9903338753113444,0.6574915248394045,0.9869251074109883,0.9083725069212027,0.5769230769230769
58,30,2,0.9924326063619869,0.7232685703286028,0.989335772235326,0.9524018678707696,0.5862068965517242
58,36,2,0.9912391117457716,0.7283075757868912,0.9880466188856526,0.9082094311035079,0.6153846153846154
58,38,2,0.9934837002421657,0.7235121830675866,0.9912250473892628,0.8798769084455671,0.6020833333333333
58,59,2,0.9907683128677218,0.694477399924986,0.9875269630096831,0.9205471206449732,0.606060606060606
58,93,2,0.9908962797384527,0.6169792244244485,0.9883686378860874,0.9013696596712254,0.6428571428571428
58,96,2,0.9924557846662754,0.6757284401391825,0.9884674565375978,0.9074770982775265,0.6172161172161172
58,106,2,0.9917254213741599,0.7098411654035661,0.9872784497737215,0.9049229909481384,0.6270114942528735
58,110,2,0.9930757139410021,0.6736365282147746,0.9916136520257667,0.9192969743576348,0.6470588235294119
58,116,2,0.9930981415455321,0.7091338678722419,0.9909752857371676,0.9563247765451761,0.5911680911680912
58,141,2,0.990550691215101,0.7095887962996787,0.9878514633749637,0.9190333350469577,0.6
58,154,2,0.9923758025899296,0.6644938350062255,0.9901672965491608,0.9012667931169758,0.6381818181818182
58,163,2,0.9906901237824078,0.740534323325536,0.9874044937810115,0.9373804195629103,0.6136363636363636
58,181,2,0.9919913213866357,0.6685814079686423,0.9902060393140112,0.9349484240539787,0.6363636363636364
58,189,2,0.9901245801813082,0.6659627154454246,0.9870439146762793,0.9263852237688461,0.599905303030303
58,196,2,0.9897418581791196,0.6377857620772942,0.9848849123517807,0.8894597635686948,0.637330754352031
58,201,2,0.992213565705459,0.7371552925103522,0.9897728414892384,0.921784670948235,0.6324561403508773
58,204,2,0.9914533848922217,0.4889843774190128,0.9854451103521386,0.9027038265234204,0.6666666666666666
58,211,2,0.9943725183549313,0.7328946941853866,0.9915961960961069,0.9238582485436709,0.6428571428571428
58,216,2,0.9902730870936969,0.7419463640128536,0.9872890671626579,0.924815444573248,0.5833333333333333
61,3,2,0.9930087599703714,0.7001176494279657,0.9900285744217884,0.8617682257883017,0.709005376344086
61,5,2,0.9925548539845576,0.7402423969509915,0.9912470719264614,0.9321299726508484,0.6785714285714286
61,12,2,0.9921613585049749,0.7184096803830684,0.9898971917521444,0.8760130416211889,0.657142857142857
61,28,2,0.9915649841857366,0.7195141147645621,0.9889540322524758,0.9199402209685766,0.657142857142857
61,30,2,0.9925210915736684,0.7345793983089077,0.9895039710358108,0.909843303006946,0.6969696969696969
61,36,2,0.9930562985057779,0.6804872121277157,0.9900456945144139,0.9321078855963751,0.6956521739130435
61,38,2,0.9927904296356374,0.7072514324310186,0.9915794328643008,0.8739957202052937,0.6863425925925926
61,59,2,0.9907627479248602,0.7188990636165984,0.9875086506878398,0.9268090064493898,0.6666666666666666
61,93,2,0.9905332387150985,0.6079631904753862,0.9865984620895524,0.9101653021827129,0.729020979020979
61,96,2,0.9915086554388092,0.704300242628545,0.9884401896677519,0.9388970342771963,0.6363636363636365
61,106,2,0.9918016267991817,0.7174940533619578,0.9911628571590131,0.9472167342882439,0.6666666666666667
61,110,2,0.9932308007370074,0.6963537323324626,0.9910288263256609,0.9087976927485064,0.7
61,116,2,0.9929560095689681,0.7362328404117447,0.9907168250926726,0.948326199041234,0.625
61,141,2,0.9909874949464119,0.7688341070212463,0.9892946638635225,0.9295445940437381,0.6122448979591837
61,154,2,0.9923101126494179,0.6748824915850525,0.9889863071976647,0.9209790747635112,0.7272727272727273
61,163,2,0.9900842382719353,0.7198429425747649,0.9853805189515615,0.931133689985672,0.6428571428571428
61,181,2,0.9916714601877904,0.6845788975785265,0.9905109377263575,0.9128865856971327,0.7272727272727273
61,189,2,0.9917354705767587,0.663213107921584,0.9906397316722801,0.8949202954083837,0.6
61,196,2,0.9895797621622977,0.7202485957075302,0.9855343005091856,0.8628992017883955,0.75
61,201,2,0.991951780256438,0.7463455754141424,0.9892597522729742,0.9316665317204584,0.7000000000000001
61,204,2,0.9879053359809092,0.5634975537664519,0.9812197712253918,0.8815107255905487,0.7777777777777779
61,211,2,0.9934566297314013,0.6845388190237341,0.9910344403029798,0.9125115393729606,0.6666666666666666
61,216,2,0.990303710704158,0.6892961576675207,0.9882961665607837,0.9400353251966388,0.7272727272727273
62,3,2,0.99402841251058,0.7223698083018875,0.9924703249358282,0.8487136659679352,0.7165178571428571
62,5,2,0.992672616164149,0.6641804492220451,0.991931469095193,0.9239667410974655,0.6857142857142857
62,12,2,0.9917144185797925,0.6640852113398465,0.9881243971731731,0.9125438026075258,0.6521739130434783
62,28,2,0.9909592164133338,0.7222245199951668,0.9875155557315236,0.9320500526434683,0.6363636363636365
62,30,2,0.9924960720591063,0.745741511855488,0.9899563607045226,0.9234844541239089,0.7142857142857142
62,36,2,0.9912643260684189,0.757443391447791,0.9859302659900483,0.8974499635107088,0.7142857142857143
62,38,2,0.9929747743570243,0.6871710185172548,0.9908086866564194,0.8807554048152246,0.6666666666666666
62,59,2,0.9907291945311101,0.6819598627894722,0.9860595183356562,0.8893656248495592,0.6451612903225807
62,93,2,0.9918686459294582,0.6399611704439403,0.9896959545860319,0.9018705729528298,0.7338056680161944
62,96,2,0.9933171501899677,0.7085939888332788,0.9914011444834537,0.9245120485635702,0.6111111111111112
62,106,2,0.9922622182877977,0.698837463692275,0.9917716124413497,0.91337560226497,0.736842105263158
62,110,2,0.9931206857925355,0.6289588002172815,0.9920953798873057,0.9300978492544645,0.7142857142857142
62,116,2,0.9921218337391763,0.6438019692586805,0.9896908906563021,0.9231929791233237,0.6771235521235521
62,141,2,0.9904732578511822,0.7009985916191077,0.98601039187276,0.9304018844732785,0.6206896551724137
62,154,2,0.9929894300705692,0.6412382131964952,0.9897885261953054,0.9098783064016013,0.6666666666666667
62,163,2,0.9907226702662023,0.7089235003158927,0.9872427401872638,0.9076819154832555,0.6799999999999999
62,181,2,0.9936700305322241,0.6840062825844762,0.9944815940043505,0.9473936402099771,0.6799999999999999
62,189,2,0.9910565095511635,0.7976178488571428,0.9899851651778816,0.872304904580282,0.6176470588235294
62,196,2,0.9898629079569979,0.6518749507060113,0.9841539047657495,0.8813298951903146,0.7037037037037037
62,201,2,0.9933065324860828,0.7183025529801883,0.991750607154503,0.9142823745851092,0.6857366771159874
62,204,2,0.9889494555693271,0.6614182461244286,0.9848504218246196,0.8909729440999965,0.75
62,211,2,0.9947676716811308,0.6584071512202138,0.9929862024756649,0.9416571192849121,0.6966632962588474
62,216,2,0.9895869770599587,0.7273087667763853,0.9861144063872079,0.9332776425369018,0.736842105263158
66,3,2,0.9942192576740224,0.6228105545990494,0.9919520614001922,0.9138759801970006,0.6666666666666666
66,5,2,0.991537624750988,0.6389761936744187,0.9897399929814035,0.8656354337097073,0.736842105263158
66,12,2,0.9910186046595019,0.5574122406236877,0.9863477003548239,0.9120518176168003,0.6086956521739131
66,28,2,0.9894498911219849,0.5862625058711077,0.9831394576325841,0.8578055060575509,0.6399999999999999
66,30,2,0.9915431908958684,0.8142762565615633,0.9882227966968382,0.900995142884703,0.7041666666666667
66,36,2,0.9892960248437257,0.6697523216644914,0.9830924025584103,0.9033221605797397,0.743421052631579
66,38,2,0.9920186888060727,0.6645895589925346,0.9872591040102013,0.8994125386518352,0.7236363636363636
66,59,2,0.988885908662657,0.6148594394143532,0.9837376092637126,0.9024824721070543,0.7071078431372549
66,93,2,0.9912337071016565,0.6955614196499134,0.9871050951490511,0.9317345202184194,0.8235294117647058
66,96,2,0.9919600260686147,0.5831345473975891,0.9865672642443999,0.9193634636856328,0.5434782608695652
66,106,2,0.9890033296141421,0.5909882928394473,0.9837404331272062,0.9067208010063413,0.75
66,110,2,0.9927017164927004,0.6566884588810378,0.991363121814887,0.8609826397443421,0.72
66,116,2,0.9911285133285102,0.7465233277824732,0.9877436093928617,0.9108485277291245,0.6092258748674444
66,141,2,0.9890798660937433,0.736032981318665,0.9835746777730544,0.9195585154594902,0.5833333333333333
66,154,2,0.9924006405603568,0.5619460068933302,0.9892481291661688,0.9096571660798614,0.7037037037037037
66,163,2,0.9881362868697987,0.7355754051934573,0.9806120689109914,0.9150189973516099,0.689010989010989
66,181,2,0.9919963534841811,0.7979573843412098,0.9885400173767116,0.9128354735735402,0.7272727272727273
66,189,2,0.9918516958695488,0.7270957521915474,0.9863940382290793,0.9231589483912963,0.5952380952380952
66,196,2,0.9891161132768533,0.5680662476076663,0.9826280529835107,0.9085673724621123,0.736842105263158
66,201,2,0.9922982448226632,0.5545674008396717,0.9895641317961424,0.9034327563834585,0.736842105263158
66,204,2,0.985353725331785,0.6806548882709507,0.9833795031363793,0.8976196220523889,0.743421052631579
66,211,2,0.9939188080411497,0.6133414073568053,0.9918217637065594,0.8590911477336641,0.6444444444444445
66,216,2,0.9881515640252622,0.6375808838857095,0.9825516704428381,0.9110962118711934,0.7619047619047619
72,3,2,0.9930402070902761,0.7051278326906216,0.9908024311098952,0.9094816190662477,0.736842105263158
72,5,2,0.993127691352142,0.6791412029572379,0.9913157277165189,0.9085999751721323,0.7000000000000001
72,12,2,0.9918138555858266,0.7256405129170309,0.9904903787378804,0.8921385340593683,0.6551724137931034
72,28,2,0.9924522608336104,0.6979908739346137,0.9903424377241579,0.9209980598907895,0.653846153846154
72,30,2,0.9925419448915007,0.6969652870623524,0.9907780375519002,0.9115411505269077,0.7272727272727273
72,36,2,0.9928374522135245,0.621005054915627,0.9903734665193129,0.9087846193502841,0.6961538461538461
72,38,2,0.9931630370099128,0.7039971343287557,0.9913810112201212,0.8902816681116323,0.736842105263158
72,59,2,0.9902940268263231,0.7205049259186771,0.9875495278915115,0.9130621669039027,0.695048309178744
72,93,2,0.9930424283418359,0.5814306034041938,0.9889106287510587,0.8724595670133909,0.7391304347826088
72,96,2,0.9930845878176277,0.7049848081994077,0.991523290481274,0.8918978839521442,0.5925925925925926
72,106,2,0.9917713832341838,0.6618291689386029,0.9905809659532611,0.8712845510219267,0.770979020979021
72,110,2,0.9924366152006934,0.6880769519971451,0.9900114940982054,0.9172772917471959,0.7142857142857142
72,116,2,0.9930725114487088,0.7218930691608956,0.9912589860686539,0.9213822025026068,0.6414285714285713
72,141,2,0.9920569724618361,0.7289690117089551,0.9902527880860131,0.922352398296014,0.6415094339622642
72,154,2,0.9917272309216271,0.7318342515558525,0.9898674732036319,0.9307893920888259,0.736842105263158
72,163,2,0.9913019249507271,0.7097799127392448,0.9891231900671481,0.9224751345933679,0.6923076923076923
72,181,2,0.9930894434371833,0.6398426407148565,0.9920809317855969,0.9169538412952254,0.6969696969696969
72,189,2,0.99254156577403,0.6389455592315552,0.9905485214462032,0.9224697036762188,0.6460869565217391
72,196,2,0.990096848902428,0.7136399980998205,0.9890535909026228,0.8919955924940084,0.75
72,201,2,0.9930070138723425,0.7000124604645896,0.9898158794510648,0.9002970092384552,0.75
72,204,2,0.9909987229133106,0.5481992617920896,0.9869268846940662,0.8852315793802908,0.8181818181818181
72,211,2,0.9933539508753089,0.7386134236140804,0.9926479938952424,0.930562496310126,0.6478537360890302
72,216,2,0.9922136168985914,0.6337803094117345,0.9895077979164527,0.8937103899517357,0.7894736842105263
73,3,2,0.9931681988953018,0.6355444477316958,0.9917331498910942,0.8585919528321891,0.6923076923076923
73,5,2,0.992849515682125,0.6768840883584973,0.9892088968782562,0.9301444633193293,0.701851851851852
73,12,2,0.992599732157896,0.7267528818250912,0.9907704748367375,0.9027775459451871,0.6485294117647058
73,28,2,0.9919685825214258,0.70880960494851,0.9881110699561166,0.9199510696762636,0.6470588235294117
73,30,2,0.9929519209442947,0.6973612395526843,0.9910187084369655,0.9367635344324701,0.7027027027027026
73,36,2,0.9924895068454962,0.634586395060287,0.9888024219313456,0.8787717992505781,0.6956521739130435
73,38,2,0.9924448766244541,0.6820565872625002,0.9909628513061738,0.8611965619252425,0.71875
73,59,2,0.9906513320377051,0.6746160377552448,0.9880727165564234,0.9254092150782183,0.6628787878787878
73,93,2,0.9927071804798369,0.605041126418813,0.9900564617401867,0.8800950749161323,0.7083333333333334
73,96,2,0.9916634668026819,0.6783875069886486,0.988630473431484,0.898075555058157,0.6162029459901801
73,106,2,0.9919731473920349,0.6581763239189542,0.99066012942038,0.9030743081777028,0.7142857142857142
73,110,2,0.9933763357197254,0.6647790118453393,0.991296132450391,0.9314818726024264,0.6923076923076923
73,116,2,0.9936288158072134,0.6902606951892682,0.9915152327889288,0.9328740981436887,0.6071428571428572
73,141,2,0.9913658565443769,0.7514166097502051,0.9888314833469941,0.8951996500892171,0.625
73,154,2,0.9922607739541375,0.6877501541587179,0.9903706580177386,0.9149756244248433,0.6899038461538461
73,163,2,0.9916500110827545,0.6471196203084688,0.9872078449501015,0.9291819239067877,0.657142857142857
73,181,2,0.9927847965980829,0.656043680987918,0.9913108341378883,0.9248937380430092,0.6923076923076923
73,189,2,0.99265932037156,0.6043505509268429,0.9886677734622276,0.8839696347024046,0.6
73,196,2,0.9911370008771675,0.7171179193237273,0.9892729697758181,0.9146596203941644,0.7272727272727273
73,201,2,0.9933452738559041,0.6743659543040996,0.9891026412859997,0.8874952440589268,0.6976744186046512
73,204,2,0.9906104246509223,0.5062320229744717,0.9845203598313008,0.8957021013805285,0.7777777777777779
73,211,2,0.994145095472471,0.7460553408616977,0.9929904103768189,0.916582141339626,0.6470588235294117
73,216,2,0.9918234038751542,0.6530938997179987,0.9872899517414753,0.9207738507188825,0.736842105263158
75,3,2,0.9891357730404895,0.7200681974481616,0.9835538536238156,0.8867075099216236,0.637330754352031
75,5,2,0.9887768538869784,0.6962078953128275,0.9854898518128441,0.9015515067814894,0.6023255813953489
75,12,2,0.9910424762349331,0.7331655083244948,0.987290654960303,0.8939104951637881,0.6619047619047618
75,28,2,0.9899193798915125,0.7153678665649164,0.9862496273745958,0.9061585178139292,0.6666666666666666
75,30,2,0.9882586404978982,0.7084152570664253,0.9837010728801057,0.8905787256362873,0.6099033816425121
75,36,2,0.987995760774919,0.6869001487505955,0.9817180039268371,0.8929357913337723,0.6401991614255766
75,38,2,0.9889578078748498,0.7110243839911019,0.9847982495843292,0.8888610092946966,0.5892857142857143
75,59,2,0.9887192092175786,0.7106917588857875,0.9838755240568727,0.8987583870388705,0.6136363636363636
75,93,2,0.9872150512333893,0.592293850015987,0.9802165683084747,0.8912960317138559,0.6296296296296298
75,96,2,0.9898430712467773,0.7714238216503772,0.9850141841301093,0.8662449693873441,0.6129032258064516
75,106,2,0.9881703068594315,0.703624206976111,0.9820793642579982,0.8910404613645517,0.5945945945945945
75,110,2,0.9904757541236289,0.7060535065781597,0.9844819528148735,0.9242456265961486,0.653061224489796
75,116,2,0.9905519788338635,0.7908092750601465,0.9864016389926581,0.9069704545756069,0.6666666666666666
75,141,2,0.9891261690464175,0.7853804350087621,0.98533072227557,0.9283461439518028,0.6090831918505942
75,154,2,0.9906836750702739,0.6645365578221221,0.987042003377762,0.9180677355464368,0.604212373848179
75,163,2,0.9901958910080882,0.7873311851978345,0.9846914941734807,0.9115491842240279,0.6363636363636364
75,181,2,0.9880391605338862,0.6741705999441909,0.983351017078152,0.9121366187910293,0.6428571428571428
75,189,2,0.9879173016486615,0.6975686145707627,0.9824786394010111,0.892015444198791,0.6501610305958132
75,196,2,0.9883106008987411,0.6933859447082181,0.9833704298570227,0.8901631493858015,0.6285714285714284
75,201,2,0.9882880616177712,0.7379864730490455,0.9817190810188128,0.9002917192317691,0.6086956521739131
75,204,2,0.9849542144478225,0.5781194315137304,0.9724149275134364,0.886179587500804,0.6
75,211,2,0.9918859740511766,0.751594754634706,0.9890816031954565,0.910692434317843,0.657142857142857
75,216,2,0.9865847662088245,0.6835433853398464,0.9768801174661825,0.9079016744135464,0.5789473684210527
81,3,2,0.9922027843871162,0.7527942785550535,0.9886534227911082,0.8590949786496005,0.6715686274509804
81,5,2,0.9924694692268731,0.7394062265765333,0.9890762884551003,0.8887260817059673,0.6521739130434783
81,12,2,0.9921217098756123,0.7501586022962131,0.9881350528824345,0.8916222516610673,0.6410256410256411
81,28,2,0.9909266802287646,0.7429786564427079,0.9870015638059437,0.8903540435265412,0.6521739130434783
81,30,2,0.990941684181895,0.7170524159873435,0.9885925581985076,0.9415902226082072,0.6666666666666667
81,36,2,0.9912195625624728,0.6628831783574523,0.9867270158494187,0.9140498888932693,0.6666666666666666
81,38,2,0.9921810184239577,0.6939437880694419,0.9904399933914803,0.8806872506325605,0.7021276595744681
81,59,2,0.9896979596683887,0.7544776704745868,0.9862955601241397,0.9250331803261692,0.6451612903225807
81,93,2,0.9901250205399073,0.5981912952811101,0.9834368084678781,0.9076352143090756,0.6470588235294119
81,96,2,0.9914344139899868,0.6973465460645796,0.9881851063126902,0.9342909104045266,0.6428571428571428
81,106,2,0.9899604656046118,0.721499979501036,0.9856997602787769,0.89788101179315,0.6818181818181819
81,110,2,0.9932483909264375,0.7133587745565371,0.9904342461026421,0.893787733724832,0.6666666666666667
81,116,2,0.9917230436751517,0.7713987402636757,0.9892066106811048,0.9129447584946294,0.6603773584905661
81,141,2,0.9911250444715413,0.7960959282930039,0.9866551230313608,0.8563172234388283,0.6376262626262627
81,154,2,0.9915696355675926,0.6811205967904124,0.9894139825431872,0.8867955907697972,0.6799999999999999
81,163,2,0.9908668692310287,0.7216362030311088,0.9871767293896936,0.9154127712149083,0.6341463414634145
81,181,2,0.9911123581125016,0.6537911016022733,0.9876825470553312,0.9049715419580304,0.6626016260162602
81,189,2,0.9915177396997334,0.6787985430450136,0.9887258771812879,0.9231008248653197,0.625
81,196,2,0.9899736038105915,0.7118493915313332,0.987208980304649,0.8883637536016311,0.7142857142857142
81,201,2,0.9917646547417289,0.6411056578977663,0.9866194688573141,0.9059807458666049,0.6785714285714286
81,204,2,0.9882817588139917,0.6192070511876488,0.9810354595764779,0.84147984872361,0.72
81,211,2,0.9936767612520969,0.796686826862795,0.9908180348350959,0.9093425408824986,0.6724137931034482
81,216,2,0.9895695915270032,0.6974770937201944,0.9850090747111104,0.9227867798025147,0.6666666666666667
83,3,2,0.993268237263073,0.6943017278572897,0.9917873803198548,0.9063328104111983,0.7058823529411764
83,5,2,0.9927127711101519,0.7220589329090749,0.9897277512986773,0.8920761982978305,0.72
83,12,2,0.9927721363356741,0.7431690654822718,0.9908003011136809,0.8919443597541792,0.653846153846154
83,28,2,0.9914483910436498,0.7406486709072615,0.9899368687387988,0.9142087111633023,0.6382978723404256
83,30,2,0.9922252487177028,0.6358403377586491,0.9911983658557418,0.9072377496051306,0.6885775862068966
83,36,2,0.9912853439370689,0.647645458670318,0.9864181233072294,0.9010942316419078,0.6896551724137931
83,38,2,0.9921030910734421,0.6941590647666986,0.9891801320890196,0.8827571281845003,0.7307692307692308
83,59,2,0.9913148241672718,0.747163754266071,0.9888755209816785,0.9219727376430069,0.6551724137931034
83,93,2,0.9916247951254025,0.6446716342096939,0.9860507293686163,0.8389439125355791,0.6944444444444445
83,96,2,0.9915919123967929,0.7439350860860948,0.990130120496895,0.9295919123947408,0.6324675324675324
83,106,2,0.9912959525852721,0.7013218451817664,0.9886487548837077,0.9303051548621695,0.738095238095238
83,110,2,0.9924084095236515,0.6664297794852738,0.9898652239804167,0.8988719190309407,0.7119815668202765
83,116,2,0.9935568743773466,0.7387926683287931,0.9909501783265554,0.9183648595711957,0.6486486486486487
83,141,2,0.9918538884722364,0.77499283659952,0.9886279558216748,0.9014860058149693,0.625
83,154,2,0.9918195177397704,0.7276113078481576,0.9892063551580024,0.9180670950726192,0.6964285714285714
83,163,2,0.9906406497505857,0.7437565918873879,0.9884578851980166,0.9205528071478815,0.6666666666666667
83,181,2,0.9925448542255654,0.6515022253657412,0.9892806063106064,0.931014717847467,0.7083333333333334
83,189,2,0.9925634381494176,0.6993142891679209,0.9895034134026846,0.9124554516850545,0.5999999999999999
83,196,2,0.9903556154262438,0.7317604790399024,0.987417123603232,0.8987662807752499,0.736842105263158
83,201,2,0.9922255914223612,0.5936934151482028,0.9872728252673887,0.8983137458297056,0.72
83,204,2,0.9897407152789656,0.5447228053845021,0.9830433924659383,0.8906945454515447,0.7777777777777779
83,211,2,0.9936266191267084,0.7417469497325639,0.9922968394533874,0.9122464733401565,0.6666666666666666
83,216,2,0.9910224644854213,0.6706685779247916,0.9864527806818897,0.944591367346855,0.7037037037037037
84,3,2,0.9935480537462537,0.7649968865596266,0.9926528716261752,0.9130509919405789,0.7272727272727273
84,5,2,0.9930287846845507,0.7541779198542831,0.990968423534928,0.9199028318726052,0.7142857142857143
84,12,2,0.9933427784548243,0.7649425551577784,0.9910390132168359,0.9442016205862778,0.6521739130434783
84,28,2,0.9915954924895506,0.714994603737845,0.9893250173096343,0.8960571765093809,0.6666666666666666
84,30,2,0.9931398130916003,0.6856754557495918,0.9924022056734809,0.9460328941312249,0.6666666666666667
84,36,2,0.9937233263973333,0.6889136948792056,0.991197982144217,0.9212280398486485,0.7666666666666667
84,38,2,0.9938717581540211,0.7787393815549654,0.9912152339301804,0.8763949130680491,0.736842105263158
84,59,2,0.9917718561144303,0.7332450707290727,0.989117326838153,0.9254415868916785,0.6470588235294117
84,93,2,0.9934375951027933,0.6204666070251339,0.990195386335845,0.9057805884260872,0.7609523809523808
84,96,2,0.992881048103842,0.7472653874649337,0.9906847302799339,0.934646114797207,0.6153846153846154
84,106,2,0.9920424297709718,0.7212802130965539,0.9901554115764326,0.9233562450856495,0.7272727272727273
84,110,2,0.9937698613502206,0.7326027175249586,0.9922607352413688,0.9050453431429497,0.7142857142857143
84,116,2,0.9934422583583262,0.7948029549013657,0.9917621277638774,0.9609730462852762,0.6744186046511629
84,141,2,0.9925092537580897,0.7338365541690293,0.9910491653143525,0.9244929521425569,0.6381818181818182
84,154,2,0.992867947912858,0.6747778137490228,0.9909236506562213,0.8859674000216996,0.7333333333333334
84,163,2,0.992282586751318,0.7427598631753778,0.9903898626224479,0.9381730900948264,0.6818181818181819
84,181,2,0.9934859887092355,0.7446120476984117,0.9923964711546248,0.9309957832806253,0.7391304347826088
84,189,2,0.9924978527977228,0.6472058605416067,0.9912897126226572,0.9274134020780982,0.6787096774193548
84,196,2,0.9904348636126349,0.7141125970427209,0.9884728319257758,0.879268469381056,0.7272727272727273
84,201,2,0.9934728915657718,0.6879899411551365,0.9904711029495589,0.9268418138369209,0.7142857142857142
84,204,2,0.9918121222740454,0.5837950852042392,0.9886057001514154,0.8925221882231703,0.7777777777777779
84,211,2,0.9946115985371108,0.7605082435941801,0.9934022057928346,0.9269505801827451,0.6818181818181819
84,216,2,0.9921124416295181,0.635345589801229,0.9898508169161792,0.9367768426436197,0.7272727272727273
88,3,2,0.9931720488017578,0.6779704233173205,0.9919568610951315,0.8710650720580786,0.75
88,5,2,0.9918812594362714,0.702756771007323,0.9901364130322129,0.9147393517659401,0.7272727272727273
88,12,2,0.9905073608772842,0.5296102301753964,0.9851156920657566,0.915236437988001,0.6787096774193548
88,28,2,0.9899185823613735,0.5542627375102009,0.9846347758768406,0.9185692693117633,0.5951696377228293
88,30,2,0.9887895895405534,0.6810149642749868,0.984881557606361,0.921841705419689,0.6885775862068966
88,36,2,0.9872866481910901,0.7674881504488655,0.9844159279628537,0.9289671025855623,0.7428571428571428
88,38,2,0.9906631222031556,0.7004870686267632,0.9867640125453285,0.8734778471039176,0.7307692307692308
88,59,2,0.9873782032013397,0.6269714328380054,0.9811315527022102,0.922545928924028,0.6536731634182908
88,93,2,0.9898075874278889,0.6457074880422549,0.9859102795043249,0.897308874700382,0.72
88,96,2,0.9912806962320428,0.6790914710578457,0.9883851782901469,0.9472124862089504,0.5594117647058823
88,106,2,0.9892033172251941,0.655851403841225,0.9838095135522825,0.8732923364002209,0.8181818181818181
88,110,2,0.9912153313378608,0.746843863454248,0.98936140452579,0.91051896501213,0.75
88,116,2,0.9913815477159629,0.6574663371870779,0.9863392732875547,0.9267086216114528,0.5833333333333333
88,141,2,0.9897804296633278,0.6854783959450628,0.983515993849923,0.9375883435741648,0.569047619047619
88,154,2,0.9918507452587288,0.6190835391912513,0.987747060368564,0.9230461261578737,0.7407407407407407
88,163,2,0.987667416394704,0.6817821102879504,0.9835735604932777,0.9410959048014673,0.6765475152571927
88,181,2,0.9922848747215408,0.8146552331215307,0.9875446055409803,0.9564874283614908,0.6978260869565218
88,189,2,0.9895243838567414,0.7879829074910762,0.9878412136005724,0.916080856815582,0.6097560975609756
88,196,2,0.9877349543291842,0.627988128094324,0.9813314924950775,0.9239430448524093,0.7727272727272728
88,201,2,0.9913659158754091,0.6868079811064163,0.9918549514474482,0.9203802614257348,0.743421052631579
88,204,2,0.9863083269793093,0.6937785839798593,0.9829547945054304,0.8714101765079243,0.8235294117647058
88,211,2,0.9933113189134539,0.678471948315355,0.9920059306980067,0.8941535610099144,0.6715686274509803
88,216,2,0.988574721888126,0.7086614061806877,0.9840498115504464,0.9236129757822534,0.7826086956521738
89,3,2,0.9942742102707278,0.7324895850531276,0.9923752983794308,0.8914463675146218,0.6296296296296298
89,5,2,0.9933983108653474,0.6907333538778013,0.9910152920408671,0.9091498529868006,0.6499999999999999
89,12,2,0.9937473695698116,0.7699810677798936,0.9915649518070836,0.9356435832096175,0.6486486486486487
89,28,2,0.9923078008833094,0.7187065200515425,0.9895868774758168,0.9154701125019954,0.654858934169279
89,30,2,0.9930128752494509,0.6079552752380983,0.9904955174022242,0.8699268071692665,0.6296296296296298
89,36,2,0.9923487649963011,0.6745467119966069,0.9886207774891712,0.8678875666972989,0.6545092838196287
89,38,2,0.9936345502820709,0.727251152112534,0.9907005703465691,0.8698074524270608,0.653846153846154
89,59,2,0.9918408728238577,0.7236641140448968,0.9887138784467293,0.8939336483142128,0.6521739130434783
89,93,2,0.9935682485051153,0.5925149827688537,0.9895212558435538,0.8799884040560565,0.6551724137931034
89,96,2,0.9931861930590388,0.7109015138475017,0.991139227014969,0.8535569213674284,0.6410256410256411
89,106,2,0.9929724782105642,0.7078621298301486,0.990376137311626,0.8869075376354202,0.6333333333333333
89,110,2,0.9936339750328553,0.6625491159173219,0.991670186312576,0.9071878356772639,0.6896551724137931
89,116,2,0.9946489803856448,0.7039444436588289,0.9924274890871168,0.8899450747569168,0.6165158371040724
89,141,2,0.9930597403525284,0.7337001495411809,0.9908894296502637,0.9148202517347088,0.6589473684210526
89,154,2,0.9929781757828113,0.7228925073817837,0.9911182164818442,0.9216075548075557,0.6206896551724137
89,163,2,0.9923829638614696,0.6834588628525261,0.9899807112099297,0.8929781349553817,0.6086956521739131
89,181,2,0.9935608449220662,0.5966085486920034,0.9904423775016832,0.9119091636614689,0.6521739130434783
89,189,2,0.9933607586944958,0.5727420153789043,0.9899312088068238,0.9030615954990282,0.6165158371040724
89,196,2,0.9916433213719845,0.7251228447992614,0.9875351437606733,0.9178518756746499,0.625
89,201,2,0.993106864609543,0.6218112134467884,0.9890055512301964,0.9063677483955859,0.6296296296296298
89,204,2,0.991996451852381,0.519501389131892,0.9860564237031564,0.8808797127685966,0.6451612903225807
89,211,2,0.9944707235648055,0.7311649088350458,0.9919873822001671,0.9101320851249027,0.6590909090909092
89,216,2,0.9918789169428639,0.6365625973700875,0.9885983365542812,0.851731433093655,0.6
91,3,2,0.9917233569776102,0.7552271378356217,0.9887330725385162,0.8650021332375448,0.5
91,5,2,0.9905985510968712,0.748303668059074,0.9871063205932912,0.9207440431607324,0.5263157894736843
91,12,2,0.9919429775679006,0.7823845541746797,0.9876805342711811,0.9156840523729606,0.6233108108108107
91,28,2,0.9906924064573263,0.7554762846277923,0.9856481639552497,0.893048720075449,0.6132478632478633
91,30,2,0.990514904990773,0.7060081354570775,0.9875750229465595,0.9065498269743437,0.5769230769230769
91,36,2,0.9899033995939788,0.7266138297676432,0.9834828499280589,0.8685961016433547,0.5161290322580645
91,38,2,0.9925230531254895,0.7741349901647296,0.9901056675819371,0.8503968715732473,0.5277777777777778
91,59,2,0.9902393241968317,0.7743014897665805,0.9857999211845456,0.928135600856534,0.6120401337792643
91,93,2,0.9887791725000793,0.6678673705213793,0.9807151340420078,0.8759226555942362,0.5625
91,96,2,0.9914502279620612,0.783136382406642,0.9888156396616087,0.9459175344961828,0.647887323943662
91,106,2,0.9893430024371745,0.745619180833461,0.9847770287581326,0.9148271735160762,0.4948979591836735
91,110,2,0.991832060337854,0.7791061061685203,0.9880031975849174,0.9141887693017478,0.5757575757575757
91,116,2,0.9924526623653352,0.809423518635938,0.9892806484308081,0.9436471074693845,0.5962962962962963
91,141,2,0.9911411488418328,0.813756382799088,0.9874830781240592,0.868461186142583,0.596774193548387
91,154,2,0.9915977896962997,0.6801923288029836,0.9881393088187571,0.872360171835807,0.5555555555555556
91,163,2,0.9897488303565697,0.8043740751607311,0.9860820132214934,0.9095158603860019,0.5833333333333335
91,181,2,0.9911842913927082,0.7385062108597031,0.9878067412506845,0.8993159351696473,0.5641025641025641
91,189,2,0.9909738193344088,0.6880906767734304,0.9859571272852483,0.9319334884137853,0.6382978723404256
91,196,2,0.9899555923294383,0.7081955627682571,0.9852217796392685,0.8664987309894934,0.5594117647058823
91,201,2,0.9904716918057337,0.7262096056629798,0.9850763914063133,0.9147414847393254,0.5306122448979591
91,204,2,0.9887473547241574,0.630786696690975,0.9802768457287062,0.8505361947291328,0.4557692307692307
91,211,2,0.9938291782897998,0.7229446047958985,0.9905227032100564,0.9171076849922608,0.6315439219165927
91,216,2,0.9896241934843539,0.7329180119321917,0.9856473054778239,0.9067031684243223,0.44444444444444453
97,3,2,0.9927404039667931,0.7838067011796132,0.9904124425754723,0.915989489033633,0.6382978723404256
97,5,2,0.9923849928257924,0.7269304808875546,0.9907006982594531,0.9385985184247935,0.625
97,12,2,0.9924917599173346,0.7612119244534858,0.9905150615051738,0.8810522347691482,0.625
97,28,2,0.9926431695845255,0.7327719856288961,0.9890952621581185,0.9196626997660647,0.625
97,30,2,0.9927923127630912,0.7194250835618501,0.9899511726832008,0.8904234427730668,0.6394444444444445
97,36,2,0.9918937899570536,0.7215350894057648,0.9872913809098561,0.8762803755465882,0.6590909090909092
97,38,2,0.993448207920124,0.7446875855278691,0.990626434795903,0.8681181327129466,0.6352549889135255
97,59,2,0.991225662566756,0.7676453801664751,0.9899290605251231,0.8911230852456926,0.6575187969924812
97,93,2,0.992461403463743,0.6310657704272842,0.9883246216233301,0.9193297901417883,0.631578947368421
97,96,2,0.9929871529947486,0.7975172024145536,0.9911813843674161,0.8706540127289941,0.5853658536585366
97,106,2,0.9919089217046928,0.7271586481209649,0.9888783896554946,0.8978779510700163,0.6285714285714284
97,110,2,0.9931666241124618,0.7355672556271449,0.9908885641804802,0.9192311615704793,0.625
97,116,2,0.9937787991322559,0.8212263695049095,0.9908841798724468,0.9350386626824013,0.5769230769230769
97,141,2,0.9934506693338759,0.8125056556396283,0.9915657070666848,0.9208020766724504,0.6310068649885584
97,154,2,0.9930662256793052,0.6829457406818142,0.9914245139558615,0.9523834212164027,0.6799999999999999
97,163,2,0.9922259573066105,0.7189055379717161,0.9895167822129706,0.8885743138199009,0.6363636363636365
97,181,2,0.9931885833574355,0.6747653818931716,0.990721445751027,0.9264600864577051,0.6619047619047619
97,189,2,0.9934287176941997,0.6991800271576686,0.9910922654017394,0.8742485546361328,0.6097560975609756
97,196,2,0.9911639787560247,0.7607070316960571,0.9879077134131806,0.8755821816366673,0.657142857142857
97,201,2,0.9929610318414379,0.6703723410778342,0.9894111800450147,0.8950402789651588,0.6561576354679802
97,204,2,0.9896986608031546,0.5670590383696186,0.9822340348068304,0.8987537749017718,0.6362433862433863
97,211,2,0.9946202378570075,0.80914499600453,0.9927658217244465,0.9386778950342382,0.6478537360890302
97,216,2,0.9906840350710757,0.6973360523079617,0.9883568721229931,0.9073279354183413,0.6300751879699248
105,3,2,0.9940861898342207,0.6657056509372477,0.9926352514392992,0.9179508828014563,0.7599999999999999
105,5,2,0.9926144949438768,0.7164858409124869,0.9903154819200115,0.9253226345060913,0.7599999999999999
105,12,2,0.9916849829263162,0.6680017261639866,0.9887592048584458,0.919168894294592,0.6399999999999999
105,28,2,0.9908610860018977,0.6796813531803931,0.9876870225399194,0.903272117880357,0.6666666666666667
105,30,2,0.9925967706982353,0.68335182272491,0.9900525374382428,0.9160204812663425,0.7142857142857142
105,36,2,0.9924621174549231,0.6356147237913987,0.9892898652634207,0.9292848404346873,0.7
105,38,2,0.9913934509945436,0.6872993860268197,0.9867014812058217,0.8658218801742613,0.72
105,59,2,0.9890765302225366,0.6889728427730477,0.9833315697294468,0.8895933495687076,0.6381818181818182
105,93,2,0.9908719573210628,0.6080115019667576,0.9860840608412844,0.8974198971169339,0.7165178571428572
105,96,2,0.9920828509091905,0.748130278625982,0.9878316688944396,0.9151106484869709,0.5833333333333333
105,106,2,0.9918106070811151,0.6557280371993084,0.9893830599998445,0.8835720134678466,0.7727272727272728
105,110,2,0.9940564509358951,0.6785093654734564,0.991605426702592,0.9231156990651955,0.75
105,116,2,0.9926544304936087,0.6800701934145055,0.9892483774373381,0.923563917869769,0.6043478260869566
105,141,2,0.99101370981346,0.7499842925626554,0.987792403689945,0.894837678105916,0.6122448979591837
105,154,2,0.9928856819695612,0.6316101396850798,0.98972989809213,0.9117549492626753,0.736842105263158
105,163,2,0.9901577901431544,0.7465309322496041,0.9875583430768349,0.8854680392014352,0.6666666666666667
105,181,2,0.9928051840205261,0.6824444297361221,0.9897493670492891,0.9405423218765789,0.6990566037735849
105,189,2,0.9923238366561375,0.7423031905542123,0.9887917780381883,0.8896585453788182,0.6381818181818182
105,196,2,0.9893762226006947,0.6500969846976299,0.9845720468259513,0.9207706736032268,0.7407407407407407
105,201,2,0.992999091474062,0.6585765539920876,0.9904997110866871,0.9281449949109227,0.7338056680161944
105,204,2,0.9897323299020667,0.5630781346945001,0.9838234834936997,0.9237005928973822,0.7999999999999999
105,211,2,0.9944939794319995,0.734943761536188,0.9924406193107682,0.9413520989988248,0.6399999999999999
105,216,2,0.9903350353860224,0.7000217856534489,0.9857187177171588,0.9015366021384794,0.7777777777777779
108,3,2,0.9946169616974374,0.6766265470601587,0.9917127030975935,0.8567006011094656,0.7272727272727273
108,5,2,0.9913288089922737,0.6542849269257354,0.9889377629818864,0.9286631347566889,0.7272727272727273
108,12,2,0.9913921161246747,0.6546560960857022,0.9871935632603027,0.8836753509289663,0.5999999999999999
108,28,2,0.9897117722880807,0.6227692364982813,0.9823450813978291,0.9232387076092615,0.6233108108108107
108,30,2,0.990456790472223,0.7372123558081235,0.9880482933464104,0.9388799132535807,0.6551724137931034
108,36,2,0.99178093089067,0.7315515586545405,0.9898753619711099,0.8833225073976241,0.7142857142857143
108,38,2,0.9923899299496878,0.5840216156760908,0.9898262491709903,0.8480622108880943,0.736842105263158
108,59,2,0.9886173868259082,0.6991380857360405,0.9834948394779695,0.9254852689004138,0.625
108,93,2,0.9900587115376246,0.7466309726808142,0.987728837399022,0.9097704329527656,0.7161172161172161
108,96,2,0.9919438062642091,0.7527194953224027,0.9888515778491648,0.9476587710162241,0.5172413793103448
108,106,2,0.9903742447378943,0.6501966081800081,0.9870053555059621,0.9406708040560477,0.75
108,110,2,0.9926427963761626,0.732377108075239,0.9914724292564908,0.9151570636729567,0.7317073170731707
108,116,2,0.9925024681371623,0.7290850030419938,0.9908388225962993,0.8971670413359255,0.5833333333333333
108,141,2,0.9893449960627748,0.6591712423076186,0.9852034125377096,0.8922494142978619,0.56
108,154,2,0.9925109200803923,0.5954588940525263,0.9878161495478212,0.9003624999803019,0.708994708994709
108,163,2,0.988955764288013,0.6884228358433053,0.9847446707228688,0.9187164018095394,0.6086956521739131
108,181,2,0.9931294828553328,0.6909464069790111,0.9899847286668365,0.9044449559237436,0.6818181818181819
108,189,2,0.9881979578726887,0.7054995917844186,0.9855542626710613,0.9101626880520496,0.625
108,196,2,0.9882678374258181,0.6342063202145668,0.9825877738166998,0.8578306759752914,0.7777777777777779
108,201,2,0.9915366394077912,0.676005947199214,0.9889987850862509,0.9259938230582505,0.75
108,204,2,0.9862068583292043,0.5267265406458114,0.9845468129647644,0.8914935846570762,0.7836257309941521
108,211,2,0.9941735049300366,0.6591093519559788,0.9934922197057835,0.9261485733754425,0.6233108108108107
108,216,2,0.9884690245570146,0.6784341689610517,0.982403896847917,0.9306668343491696,0.7826086956521738
112,3,2,0.9938651276760847,0.6557497566515438,0.9926628873288649,0.8591559445638569,0.6896551724137931
112,5,2,0.9941962525950914,0.6792056328652821,0.9919977662383203,0.9335824206682521,0.6870335820895521
112,12,2,0.9918834751621812,0.7616169579038251,0.9881707734739639,0.88356544190114,0.6644144144144144
112,28,2,0.9912809846187889,0.704124311438755,0.9875498640092478,0.9385848833288245,0.6486486486486487
112,30,2,0.9930440867131611,0.705357865885631,0.99127091020085,0.8673072051663514,0.6666666666666666
112,36,2,0.9923039503280481,0.661291475155755,0.9891106206411489,0.9032938557117668,0.6857142857142857
112,38,2,0.9929370724664547,0.7119231231963363,0.9912511577820982,0.8658699774291867,0.7037037037037037
112,59,2,0.9901785617978464,0.7022827487391032,0.9871686165745774,0.8739616167091404,0.6602564102564102
112,93,2,0.9928509321864984,0.5475511504019512,0.9913998905278557,0.8632480616016531,0.6938775510204083
112,96,2,0.9925905654951173,0.720400441227735,0.9897257075779196,0.879623639272574,0.6478537360890303
112,106,2,0.9918166513170028,0.6091335781434006,0.9884795425885874,0.8804389433096851,0.6818181818181819
112,110,2,0.99346055032569,0.673798359891915,0.9909502929719122,0.9419794800666826,0.7307692307692308
112,116,2,0.9937355563473224,0.7226474741048281,0.9918141080648648,0.900331494380431,0.6363636363636365
112,141,2,0.9908859566776639,0.7141251656226114,0.9873165434272924,0.8919362347541953,0.6666666666666667
112,154,2,0.9928824715792413,0.6838269778150634,0.9905742356366117,0.910092269639211,0.6666666666666666
112,163,2,0.9913147783213253,0.6639797429657448,0.9891621273791793,0.8840410393951366,0.6818181818181819
112,181,2,0.9928789694614418,0.6597744409952099,0.9919574190136241,0.9417110383804823,0.7467948717948718
112,189,2,0.9932633334552531,0.6607740440242497,0.9903416064656503,0.8867433365146885,0.6
112,196,2,0.9899789874581355,0.6985914300612994,0.9871112475027227,0.8999380279084322,0.7272727272727273
112,201,2,0.99377726049395,0.6810599719235688,0.9918270620382551,0.9076247760995874,0.7142857142857142
112,204,2,0.9917834015317887,0.49964449729458216,0.9864220734577877,0.9160121665054771,0.75
112,211,2,0.994638000862448,0.7208222360643737,0.993825738671585,0.9500122978733267,0.6521739130434783
112,216,2,0.9924241937313574,0.6138166359144259,0.9880976742982871,0.8894825338761418,0.6792857142857143
115,3,2,0.994260574395824,0.7024257366462237,0.9935568527481071,0.9166064928573633,0.6594202898550725
115,5,2,0.9930689569662415,0.7847979018250969,0.9920619567173126,0.9265306617642632,0.6787096774193548
115,12,2,0.9915916036754926,0.6362830498379171,0.9891901948626899,0.8961504462405072,0.6379310344827586
115,28,2,0.9916918938073237,0.689393807191748,0.9879813222136267,0.8985556485245317,0.6262254901960784
115,30,2,0.9921055025711271,0.6921572522628516,0.9904098307874316,0.912548116009482,0.6451612903225807
115,36,2,0.9920734987419704,0.655934532100367,0.9888080636858053,0.9213328464117323,0.6216216216216217
115,38,2,0.9930140637677126,0.6657350592807979,0.9892759408452801,0.8392410194158156,0.6071428571428572
115,59,2,0.9906405511714157,0.6812890598080499,0.9852976886481591,0.893173504310656,0.6313588850174215
115,93,2,0.9933782002471796,0.6107326428477358,0.9910150110450373,0.8985881782094125,0.6304347826086957
115,96,2,0.992473461032439,0.7695820912207545,0.9884594765850447,0.8937740689694054,0.5945945945945945
115,106,2,0.9920868887266107,0.6765466080124066,0.9889029646562338,0.93108000966076,0.6521739130434783
115,110,2,0.9932053278602861,0.6827794112935187,0.9904883189790121,0.9116562238297593,0.6857142857142857
115,116,2,0.9930251180400044,0.7409105221604012,0.991086797265923,0.9114501276683491,0.6666666666666665
115,141,2,0.9906053750543723,0.7707303184999417,0.986282551911283,0.8655103136212123,0.7018518518518518
115,154,2,0.9930263314976426,0.6776457634568321,0.9901358576901726,0.9095805110468104,0.6530100334448161
115,163,2,0.9915269418817583,0.7776954292693963,0.9882435109720465,0.9011301933778268,0.6779953917050692
115,181,2,0.993022256506703,0.733194651892696,0.9911787792509017,0.9317216343316387,0.6086956521739131
115,189,2,0.9933868955045814,0.6875049499453727,0.9912294913945666,0.8982060228963027,0.653846153846154
115,196,2,0.9898642829469426,0.6719752520383847,0.9849707131747735,0.9068568692071262,0.7083333333333334
115,201,2,0.9932874283388251,0.6915269402010666,0.9911656624209347,0.9029366002805818,0.6233766233766234
115,204,2,0.9909895361006036,0.5301873618091878,0.9858143709329745,0.8986494543810863,0.6206896551724137
115,211,2,0.9946587165420966,0.7070303661556574,0.9930175317014529,0.9411224796264591,0.6521739130434783
115,216,2,0.9909762864651357,0.7439322116910703,0.9894277340742392,0.8629863972671465,0.6052631578947368
117,3,2,0.9928719584528628,0.7556118362979376,0.9907385465316653,0.8908313325922834,0.6666666666666667
117,5,2,0.992178165875858,0.723984799608804,0.9897640526894864,0.9118526676051356,0.653846153846154
117,12,2,0.9918903238576879,0.7489635575610054,0.9893249059374462,0.933982891045525,0.6381944444444445
117,28,2,0.9911949710494021,0.756601815056582,0.9865369690682982,0.8980865047947789,0.6216216216216217
117,30,2,0.9916494918977375,0.6848969968234434,0.9895896874224837,0.9406469391234007,0.6428571428571428
117,36,2,0.9917968790207145,0.6843087271813052,0.9880549872605406,0.9081642483120991,0.6521739130434783
117,38,2,0.9917586879345678,0.7473313447472598,0.9901928368361377,0.8765588460255123,0.6499999999999999
117,59,2,0.990067827570882,0.6902218268604707,0.9859325480835017,0.9266557367861691,0.6
117,93,2,0.9908885141970163,0.6674879257718738,0.9843282202495112,0.8884470997574506,0.6220238095238094
117,96,2,0.9928640501936479,0.7868292777491244,0.9894492313463402,0.9455008040064703,0.6399999999999999
117,106,2,0.9905244746944788,0.7149379417432182,0.9870732410496822,0.9268199342577685,0.638888888888889
117,110,2,0.9927390516994058,0.74953747908568,0.9889114645046508,0.9110797652583283,0.6776927282668125
117,116,2,0.9924917115379392,0.8069424004986602,0.9891230715852385,0.9496894494335139,0.625
117,141,2,0.992651319094502,0.7786807071611096,0.9890104380506456,0.9297884286211419,0.6
117,154,2,0.9926666004072838,0.6851251147882903,0.9894592404715351,0.8628801734249714,0.6785714285714286
117,163,2,0.992041116838717,0.8103627020929147,0.9872401113967278,0.9323395632884987,0.633739837398374
117,181,2,0.9918019961245064,0.700985866498832,0.989192024160305,0.9123737227345787,0.6541168191414497
117,189,2,0.9926541208803635,0.6835574392349844,0.9882078653555149,0.9285249473272477,0.6356421356421357
117,196,2,0.9905844960016998,0.7212265942201419,0.9857982722098753,0.866955718585485,0.6314814814814815
117,201,2,0.9926787510983902,0.6618269119756632,0.9882202508675743,0.9318157411752747,0.6666666666666667
117,204,2,0.9889653766112317,0.6358504016050913,0.9814017905703605,0.872146678227209,0.6428571428571428
117,211,2,0.9942520230798613,0.759372231926429,0.9918402251988562,0.879624150333266,0.6521739130434783
117,216,2,0.989670771834782,0.6692022707202403,0.9846133716984736,0.9421811705105733,0.6666666666666666
120,3,2,0.9922576152798179,0.7180985146386214,0.987117040782757,0.9154454585850478,0.7027027027027026
120,5,2,0.9907728619617386,0.7389318723143068,0.9889206167022554,0.9199564534699372,0.7000000000000001
120,12,2,0.9908279611186664,0.6698562185537134,0.9859339131506126,0.8755893466580873,0.6428571428571428
120,28,2,0.9906262177517486,0.7406919531377303,0.9865726058505133,0.9347011971809059,0.653846153846154
120,30,2,0.9904677240803443,0.6944901868005737,0.9867186228478563,0.9087174634386055,0.6818181818181819
120,36,2,0.9900791878175541,0.7131464792320807,0.9849460801141957,0.9013682285869068,0.6666666666666666
120,38,2,0.992073699555632,0.7254589946597845,0.9908883413528261,0.8539549402763217,0.7272727272727273
120,59,2,0.989955622847858,0.7784785852650961,0.9857495890852653,0.9125782640661388,0.6750471401634193
120,93,2,0.9889893120023381,0.6274033776802677,0.9828902020452532,0.899097940517325,0.6666666666666667
120,96,2,0.9908533324809966,0.77237257736819,0.9879357989969196,0.9126720764903055,0.6440092165898618
120,106,2,0.9891991915358409,0.6982197728232336,0.9863920775569092,0.9049074314446282,0.7173913043478262
120,110,2,0.9924040558051113,0.7134641786732059,0.9893669943723004,0.9353112272797646,0.7142857142857142
120,116,2,0.9912115849603962,0.7784424823517718,0.9886482616341007,0.9188242991211872,0.6666666666666666
120,141,2,0.9905865940305407,0.7923221290768494,0.9874691567383915,0.9073121825140794,0.6363636363636365
120,154,2,0.9916781884497431,0.682505242154104,0.9882551322975459,0.8547165826650526,0.7083333333333334
120,163,2,0.9889479474079945,0.7832453587818252,0.9832461990572926,0.915047907235507,0.6756756756756758
120,181,2,0.9905913769709851,0.66129340751904,0.9852553413616928,0.9370567847509175,0.7391304347826088
120,189,2,0.9902479117031271,0.67598960441926,0.9867726162013571,0.8883775929632914,0.653846153846154
120,196,2,0.989454491934402,0.7038991868181501,0.986032942685146,0.8802241758130809,0.7
120,201,2,0.9891152344076624,0.7554776641255512,0.9830081124732385,0.9064312237101442,0.6666666666666667
120,204,2,0.9875682007139973,0.5822320029501981,0.9786546050213559,0.8710961266719353,0.7303703703703703
120,211,2,0.9933118834069881,0.7273721200142409,0.9914648200000834,0.9399537436773389,0.6410256410256411
120,216,2,0.988806744125963,0.6745381611710954,0.9840116316446362,0.9099269944607706,0.7083333333333334
125,3,2,0.9902784650054899,0.6775058775595438,0.9881505499622159,0.8791007602539855,0.6956521739130435
125,5,2,0.9889317922489674,0.7132224149840036,0.9858212456802289,0.9298256929539712,0.689010989010989
125,12,2,0.9898644884888829,0.6485422788109729,0.9850665948258418,0.8868487298926528,0.6666666666666666
125,28,2,0.9880430383141553,0.6276785054961513,0.9829059568483267,0.9081078108186743,0.6206896551724137
125,30,2,0.9858192119411932,0.7460852205680591,0.981290560726784,0.8946220881356324,0.7047930283224401
125,36,2,0.985528827313983,0.7899595643593017,0.9777825292664563,0.9299614973494761,0.6702898550724637
125,38,2,0.9900806540581105,0.7346754579578227,0.9868484367017597,0.8484072347188117,0.676470588235294
125,59,2,0.9874053295130273,0.6473815814876426,0.9810102106746453,0.8922770000302818,0.6666666666666667
125,93,2,0.9829066627458123,0.7060777097467856,0.972164589902717,0.8868008996995232,0.7307692307692308
125,96,2,0.990386301676761,0.6897466681084128,0.9860078534954566,0.9059650197591693,0.5869565217391304
125,106,2,0.9867973520784994,0.6426769963129177,0.9811661531601483,0.885194251765204,0.7619047619047619
125,110,2,0.988539935862044,0.7583565047784517,0.9822908306748529,0.9219086560365879,0.6807491289198606
125,116,2,0.9893956247083443,0.6988815062955274,0.985544311817689,0.9077545190412777,0.6799999999999999
125,141,2,0.9876852723632732,0.6933863911969376,0.9838658278684757,0.8793092510364534,0.5555555555555556
125,154,2,0.9903697073534516,0.5937740402830778,0.9872696334229555,0.8697196887881895,0.7320512820512821
125,163,2,0.9857455332670734,0.6793711660573764,0.9824645936661275,0.9150875032157864,0.6425806451612903
125,181,2,0.9862282274792507,0.7116483151738284,0.9834312405307631,0.9412471037929371,0.6666666666666666
125,189,2,0.9870885546456808,0.7181458630083091,0.9810340765771914,0.8821932361616968,0.5925925925925926
125,196,2,0.9878996146340149,0.6251670229405875,0.9791356798626055,0.893028289570864,0.75
125,201,2,0.9894826585008512,0.6751155942883218,0.9838620143247498,0.8983830185617587,0.736842105263158
125,204,2,0.977512816921392,0.623611688733092,0.9739657045851113,0.9287649143632118,0.7826086956521738
125,211,2,0.992111105993287,0.6687465226207563,0.9894207471505698,0.919750713571037,0.6666666666666667
125,216,2,0.9820381936306811,0.6842031415068925,0.9774983606926282,0.9053723520989115,0.7599999999999999
135,3,2,0.991928099750093,0.7057734459406433,0.9885516428832021,0.9200838339734293,0.7142857142857142
135,5,2,0.9901750814715591,0.6947233364261385,0.9877222455213452,0.9165503618677698,0.736842105263158
135,12,2,0.9917011389957567,0.7446649692650993,0.9889226315609811,0.9304378857812214,0.6145104895104896
135,28,2,0.9908517049893378,0.6908883832349549,0.9864893750342062,0.9077450057914115,0.625
135,30,2,0.9906532416589232,0.6685957495455979,0.9875356789013114,0.87939638429991,0.6896551724137931
135,36,2,0.9906605539501999,0.6622878663020977,0.9867430464440673,0.8780583391883547,0.72
135,38,2,0.9915555474578903,0.7083950035253178,0.9879715859915077,0.8809455071021374,0.7599999999999999
135,59,2,0.9893978973208182,0.742180911345774,0.9866943964367713,0.8965612840896071,0.6666666666666667
135,93,2,0.9901335155545179,0.5801628904432552,0.9830263935190467,0.8534514613235544,0.736842105263158
135,96,2,0.9914634557482376,0.7264497916880662,0.9884195157319184,0.8524093150328369,0.6071428571428572
135,106,2,0.9888542886012025,0.7206288935408753,0.9863512990984243,0.8786106691142697,0.7642857142857142
135,110,2,0.9905505345412435,0.6784590844803398,0.9861000378360537,0.8939538400748531,0.75
135,116,2,0.990969753118617,0.7088004637053595,0.9878657843586904,0.899758789947074,0.6071428571428572
135,141,2,0.9905684628605479,0.6836422859382747,0.9858991453742415,0.875723953270075,0.6107994389901823
135,154,2,0.9916421300553839,0.7111943910186913,0.989417923598679,0.9261070056388614,0.75
135,163,2,0.9904606413253364,0.6627869399022741,0.9867827342179272,0.8869395814338461,0.6666666666666666
135,181,2,0.9906002459329575,0.6267465109212238,0.9860137583925548,0.9162830979275097,0.7317073170731707
135,189,2,0.9903285527620452,0.5958201958706628,0.9855456795102416,0.8745818485089508,0.6381818181818182
135,196,2,0.990617895125995,0.7557687686740403,0.9862792370369738,0.9324680884664908,0.7619047619047619
135,201,2,0.9906318531915136,0.6561008849268284,0.9842890189104178,0.9177646676374208,0.7894736842105263
135,204,2,0.9893563749321659,0.5761210156128893,0.9829084035492182,0.8936924102780419,0.8181818181818181
135,211,2,0.9917816686348859,0.7502295968418667,0.9882631327361887,0.9146276112516945,0.6363636363636364
135,216,2,0.9897012559196506,0.6298967801071393,0.9847497916697064,0.8779267762945318,0.7923850574712643
142,3,2,0.9941310255089578,0.7543159754379933,0.9930811111229514,0.8682962892920079,0.7272727272727273
142,5,2,0.9928581613344513,0.7075916226091257,0.9911872188552207,0.9252547717198507,0.6595744680851063
142,12,2,0.9928121580398274,0.7351339488104556,0.9907041230972731,0.8805596226947867,0.6410256410256411
142,28,2,0.9922982487077673,0.7233663489985771,0.9903445642752715,0.9151748693881374,0.6040497193263834
142,30,2,0.9929813493381303,0.6620343325147022,0.9896232297246993,0.895089768074353,0.6721311475409837
142,36,2,0.9923747822387691,0.7213456066891601,0.9912859894803626,0.9168152813498417,0.6666666666666666
142,38,2,0.9932107856260503,0.7203343105030375,0.9912319927882292,0.8626216137801347,0.6843205574912892
142,59,2,0.9915333237535824,0.7444741033540909,0.9895957729326926,0.8864867059019838,0.6666666666666665
142,93,2,0.9937114950859923,0.6116957919172313,0.9903508206660365,0.8914748379093671,0.7027027027027026
142,96,2,0.9934218004434564,0.7202561589354572,0.9918410237110017,0.9261327318394177,0.6086956521739131
142,106,2,0.9931934243254604,0.6870214421868747,0.9909120985186693,0.9024893833773119,0.6715686274509804
142,110,2,0.9938725879535586,0.6917799245837986,0.9925823640664221,0.9269069011894118,0.6785714285714286
142,116,2,0.993543378893762,0.7018482988707188,0.9921767615183092,0.9340757961345891,0.6296296296296298
142,141,2,0.9919463639335133,0.756115556354898,0.98904998560155,0.8645629828056142,0.6363636363636365
142,154,2,0.9929305456255983,0.7300629420560585,0.9902253609217837,0.8833399447016906,0.6399999999999999
142,163,2,0.9910727630561734,0.7233488944192689,0.9887890381599548,0.8604109089331127,0.6666666666666667
142,181,2,0.9938156156314182,0.6517044805997934,0.9924811467985567,0.9207461197919934,0.6818181818181819
142,189,2,0.9936925232769969,0.6468139423426971,0.9906877926245314,0.8742119432643699,0.6349206349206349
142,196,2,0.9907247340637891,0.7358938122480245,0.9874229901719846,0.8907701976096286,0.6666666666666666
142,201,2,0.9936556732862631,0.6992604149482895,0.9916385987812564,0.9212139144155171,0.6666666666666666
142,204,2,0.9919133688756407,0.5924164047698264,0.9880658914745746,0.8505240365660973,0.72
142,211,2,0.9943575794023405,0.7572638525212286,0.9928154096719088,0.9433550036170462,0.6666666666666667
142,216,2,0.9909543604666396,0.6391418137080225,0.9876416223013234,0.9035294139534717,0.676470588235294
143,3,2,0.9928441571491559,0.7300375139690224,0.9906656008983351,0.9361520816521488,0.5132404181184669
143,5,2,0.9910391449898075,0.75182769982279,0.9871345865606387,0.9079463211729047,0.513157894736842
143,12,2,0.9908989503462934,0.6896207794518571,0.9866144804251364,0.9178914721617165,0.6458333333333333
143,28,2,0.9903789799783469,0.6830098541172476,0.9871646918084991,0.8978619098485765,0.6090909090909091
143,30,2,0.9904663412699543,0.8018133933399695,0.9863963550931096,0.9487135940470728,0.5999999999999999
143,36,2,0.9893490738789411,0.7609588985936174,0.986423021568962,0.9125425031211678,0.5491071428571428
143,38,2,0.9917812226977638,0.7725947913937046,0.9865893312164117,0.8850144303281103,0.5413251366120219
143,59,2,0.9892816426759568,0.7010516574238757,0.9857959658850013,0.9315994134674712,0.581140350877193
143,93,2,0.9877305937642493,0.8251741201870959,0.9821589163176726,0.8977442730338909,0.5773524720893142
143,96,2,0.9914745140608843,0.8289674279924257,0.9871121301481118,0.9520377946165879,0.584349593495935
143,106,2,0.9887496808677361,0.754608191110719,0.9851187179925411,0.9205709049189998,0.4285714285714285
143,110,2,0.9919097423224851,0.7763212268380548,0.988195812951839,0.9007692812272375,0.5740740740740741
143,116,2,0.9916029135666896,0.7731461864486164,0.9871265880020074,0.9419616531140474,0.5806451612903225
143,141,2,0.9899994693819634,0.7479123828869076,0.988222192125057,0.9065213879339323,0.6141439205955335
143,154,2,0.9914635245406295,0.6208016809522705,0.9897589954636886,0.8994068384034749,0.4655172413793103
143,163,2,0.9873808769161445,0.8175203957614177,0.9829713934257797,0.9347815315247241,0.606060606060606
143,181,2,0.9902905058579501,0.7696702562631331,0.9853206688639686,0.9196413817278033,0.5517241379310345
143,189,2,0.9907131281855681,0.8379575586760368,0.9852288716771278,0.9454722902364738,0.6280112044817927
143,196,2,0.987994499886315,0.6817755182426468,0.9831925633563343,0.8793612734008167,0.5285947712418301
143,201,2,0.9890499463223963,0.6079048003722025,0.9860217315195778,0.930620786244686,0.5185185185185186
143,204,2,0.985586119367401,0.6716281513017482,0.9815186388144355,0.9033135876471216,0.4897959183673469
143,211,2,0.9932256347865053,0.7516440102285503,0.9911920617757639,0.8941223033107394,0.5540935672514621
143,216,2,0.9872374835694714,0.7402796624066031,0.9814806779645924,0.9398898816208606,0.4408602150537635
145,3,2,0.9939084902596612,0.7714298239888191,0.9929769600178977,0.9384120066552134,0.7777777777777779
145,5,2,0.9921868565909229,0.7626444910886203,0.9896709701430487,0.895189902539053,0.7272727272727273
145,12,2,0.9922600946464591,0.7457306340731757,0.9897271081252451,0.9405632271556148,0.6267857142857143
145,28,2,0.9911123919307476,0.6844615585264142,0.9866326908980259,0.8695659769399954,0.6545092838196287
145,30,2,0.992703172289602,0.7403630262270502,0.9905326381289169,0.9488718377829267,0.7142857142857142
145,36,2,0.9924571951657472,0.7220434080751039,0.9900367782677961,0.9510336697056215,0.75
145,38,2,0.9922059794489929,0.727854799746922,0.9890426042827463,0.9156654722510698,0.7473404255319149
145,59,2,0.9910682180134041,0.7266445379479145,0.9906340713190142,0.9253883484087894,0.6461100569259962
145,93,2,0.992232120715028,0.6295724122495427,0.9905506456927596,0.9191574335187026,0.736842105263158
145,96,2,0.9923209416119741,0.801378391391633,0.9907685213983041,0.9460029792668838,0.56
145,106,2,0.9915333793143747,0.690595957820411,0.9886327647658621,0.9211405294792917,0.7619047619047619
145,110,2,0.9926373439515165,0.7483534793970683,0.9908941460983611,0.9157294380787023,0.7225274725274725
145,116,2,0.9930823360534965,0.7549707839169294,0.9914052556625927,0.9362572518929099,0.6153846153846154
145,141,2,0.9924540949162278,0.7677700754140576,0.9886004922026296,0.8963829682188136,0.5741758241758241
145,154,2,0.9919016181662984,0.6396364870715967,0.9902495685758957,0.8781376935970272,0.7333333333333334
145,163,2,0.9903883965997321,0.712488528073937,0.9875247023136534,0.9287185625914396,0.7096774193548387
145,181,2,0.9931445757212705,0.777159445011218,0.9907666739204699,0.9318392945139969,0.7037037037037037
145,189,2,0.9932348227186534,0.6809384174655828,0.9915396295139794,0.9546976461620851,0.588235294117647
145,196,2,0.9892690409064281,0.6974323422347342,0.9840272325268782,0.9148916618920927,0.7777777777777779
145,201,2,0.9932262225543256,0.7640551010401152,0.9905893524303293,0.9454818240202908,0.75
145,204,2,0.991661635998644,0.6296199647306258,0.9891356052050365,0.9058781881808009,0.8181818181818181
145,211,2,0.9936710686484702,0.7539346626117825,0.9935602708279072,0.9247640454780313,0.6153846153846154
145,216,2,0.9907791144920326,0.6984238650615258,0.9889245762576616,0.940719406616897,0.7913043478260869
147,3,2,0.9943242641987411,0.7533640884726462,0.9936706856289766,0.8950199298801849,0.7399355877616748
147,5,2,0.9933532922978804,0.6850962473229346,0.9921555199128789,0.9396079674352851,0.7083333333333334
147,12,2,0.9930155013467532,0.7501605849088853,0.9916781945185595,0.9140116163227167,0.6206896551724137
147,28,2,0.9929518130746728,0.7731640837087045,0.9900176166862862,0.9330433988430069,0.6092258748674444
147,30,2,0.9926119628830911,0.7006709653435015,0.9925261048965145,0.9017871033596356,0.6818181818181819
147,36,2,0.9938235547612589,0.7231302822342502,0.9913997568817228,0.8657772927893965,0.7231800766283525
147,38,2,0.9934743437735821,0.773668287384237,0.991998776529028,0.8558946031691204,0.7391304347826088
147,59,2,0.991679988567979,0.7487935095949261,0.9889045107452642,0.9032720526061138,0.6546583850931676
147,93,2,0.9939522786134288,0.6349410023487101,0.9908569549271452,0.8536832891439559,0.6978260869565218
147,96,2,0.9933730859055864,0.7627444106663066,0.9918349851841193,0.8867443659981762,0.56
147,106,2,0.9925098358319887,0.6849982862526847,0.9919573017758663,0.8683033554314237,0.7727272727272728
147,110,2,0.994445032953549,0.7690948649190146,0.9924291388359963,0.9260747482879148,0.7419354838709677
147,116,2,0.9938992724405455,0.7730802028165125,0.9919582738355651,0.926092943060036,0.56
147,141,2,0.9922616287434274,0.7857862681519852,0.9902591114547498,0.8839871768265941,0.5999999999999999
147,154,2,0.9931295303399115,0.6941825268819228,0.9912986217116575,0.8986791803498227,0.7407407407407407
147,163,2,0.992738448117183,0.7826938976610917,0.9904685015986063,0.9113913143913754,0.6923076923076923
147,181,2,0.9944344298720897,0.6461198947315512,0.9932208994413168,0.9578092195454948,0.7083333333333334
147,189,2,0.9943027313412839,0.62607776130543,0.9927784627717295,0.8818143088876552,0.6521739130434783
147,196,2,0.9910471343677786,0.7497843835727867,0.9876643974395191,0.891107265469408,0.7631578947368421
147,201,2,0.9939432468614929,0.7108409745370314,0.9920075064217192,0.9193845655785732,0.7391304347826088
147,204,2,0.9931573485331961,0.4855499480797484,0.9892088735133586,0.909627398025932,0.8
147,211,2,0.9950422892620956,0.7660252334920742,0.992936392235468,0.929795939805846,0.6521739130434783
147,216,2,0.9932139753178482,0.6711759500832799,0.9907633916773283,0.8888416597221357,0.8164983164983165
151,3,2,0.9943566630563098,0.6733440631496679,0.9941545586281206,0.8725576094020834,0.7142857142857142
151,5,2,0.9944968632728186,0.6708012750532878,0.99279424218638,0.935547069758348,0.7083333333333334
151,12,2,0.9934548391046278,0.7111476681900379,0.9929384708481711,0.9149210527967616,0.6153846153846154
151,28,2,0.9940444044106869,0.6732837005015374,0.9926913396628381,0.9524869540722847,0.6259328358208955
151,30,2,0.9941589304349217,0.6128802065232922,0.9932121895109554,0.9114116393298076,0.6666666666666667
151,36,2,0.993872220578242,0.6248233903976372,0.9929107970061978,0.910530865364142,0.7083333333333334
151,38,2,0.9941244948540988,0.6414841586375983,0.9923900063780451,0.8497842365022512,0.6923076923076923
151,59,2,0.9931687095249586,0.6945809935455836,0.9920874782441901,0.8980819401877802,0.6451612903225807
151,93,2,0.9944659660320059,0.5437144480768337,0.9916338212848347,0.8848268707705057,0.7
151,96,2,0.9933350925464969,0.6961249715170692,0.9921529979510675,0.888388133950077,0.6363636363636364
151,106,2,0.9936031180773363,0.6786462237095725,0.9929189989017692,0.8899066342296068,0.736842105263158
151,110,2,0.9946051096998507,0.6089706514629152,0.9935628345416747,0.9406583176231548,0.7
151,116,2,0.9940859904820398,0.7002881278433916,0.9927616187707783,0.9076837893648682,0.6203448275862068
151,141,2,0.9935536038618029,0.6639550236735348,0.9918762393818205,0.8860966441760799,0.6341463414634145
151,154,2,0.993362341228563,0.7186930673787459,0.9920938962220645,0.8995501145373849,0.6923076923076923
151,163,2,0.9930650136023541,0.6228500006177569,0.9919685040198721,0.9069426046258414,0.6666666666666666
151,181,2,0.9945235802022417,0.61721565880248,0.9932952453362276,0.9438058670309619,0.7
151,189,2,0.9947797773527586,0.6432781010475306,0.9925195792590852,0.8833186068901969,0.649616368286445
151,196,2,0.9925241397115445,0.703432717508419,0.9915280847472221,0.9096786050441158,0.7096774193548387
151,201,2,0.9945147870799468,0.6162181435191045,0.9924398322110226,0.9172030287840414,0.72
151,204,2,0.9936471007681733,0.48930060673197495,0.9900484127823403,0.9333816242415441,0.7692307692307693
151,211,2,0.9943595207116439,0.7134347293202814,0.9935033694018134,0.9487607614117015,0.6557377049180328
151,216,2,0.9936933100458701,0.6084712546714575,0.9911122476275015,0.8656217739411376,0.7142857142857143
155,3,2,0.9934003875370591,0.7171576922777203,0.9910849125140612,0.8760869913665209,0.744186046511628
155,5,2,0.9912821400754179,0.7326678358424628,0.9882690330546625,0.9315396290986483,0.7142857142857142
155,12,2,0.9913979380261136,0.749973952386422,0.9885139740041521,0.87099390297743,0.6153846153846154
155,28,2,0.9911795644115708,0.7454663449486613,0.9870392564651995,0.9275596137826008,0.6410256410256411
155,30,2,0.9922921474057014,0.7036599955678899,0.9887779885442943,0.8851634986799665,0.6944444444444445
155,36,2,0.9910331872459803,0.7084003691557901,0.986841937746467,0.9234839201206233,0.7142857142857142
155,38,2,0.9915532428689571,0.7568227079372833,0.989873927981919,0.8487232481388544,0.736842105263158
155,59,2,0.9901731966388284,0.7387953234589604,0.9858091488601982,0.9248159893499255,0.6206896551724137
155,93,2,0.9904110272758608,0.644345411750007,0.9861195533356961,0.912587105359336,0.6984848484848485
155,96,2,0.9920691205718248,0.7756267526461826,0.9900328491371169,0.933899485395909,0.6206896551724137
155,106,2,0.9902113321098152,0.7235607777062635,0.9851468939554856,0.8965614027191995,0.7777777777777779
155,110,2,0.9918889518467641,0.6864632265071313,0.9924229164166887,0.9175621146585292,0.7
155,116,2,0.9918020528615693,0.7323446088452653,0.9895987514189459,0.9359471796882858,0.5999999999999999
155,141,2,0.9900340025129641,0.7630042826190137,0.9868927747322142,0.8893043947055949,0.6066017316017316
155,154,2,0.9926480333243356,0.6588253748708237,0.9902222886041228,0.8719302305391013,0.736842105263158
155,163,2,0.9897273705772126,0.7869369796658853,0.9866015092050061,0.8813186810407959,0.6785714285714286
155,181,2,0.9921416434086038,0.7092231380577942,0.9888796502787269,0.9230566827229346,0.6744186046511629
155,189,2,0.9911901862981664,0.7000396333352199,0.9880437534720174,0.8789591940330707,0.6216216216216217
155,196,2,0.9894333173736681,0.6981845663776278,0.984786894800329,0.859953904797296,0.75
155,201,2,0.9923766071040878,0.6953320497929016,0.9909251970159452,0.904095120329968,0.7575757575757576
155,204,2,0.9894927015755877,0.5810344352130608,0.9833258755917665,0.8938459227296291,0.8
155,211,2,0.9935598698507986,0.7576473363693165,0.9913467114155261,0.9284733073821709,0.6363636363636365
155,216,2,0.9901408971701687,0.7022458104849686,0.9854405464985407,0.9168878615929774,0.7777777777777779
158,3,2,0.9934864070754813,0.7667286674790688,0.9914167657979104,0.8906103052519588,0.634508348794063
158,5,2,0.9918782699366495,0.7424624006493291,0.9886447092683577,0.9397631590215852,0.5833333333333334
158,12,2,0.992583298229122,0.7240845423234227,0.9905934693924762,0.9041522925760681,0.6444444444444445
158,28,2,0.9913739713916511,0.7170863141665076,0.9880321094382343,0.9300513712110771,0.6357493857493858
158,30,2,0.9920614430749531,0.7346341336292952,0.9883964238937887,0.927963094007219,0.6054582210242587
158,36,2,0.9909139253954905,0.7769486563811214,0.9870881369729329,0.92352497203259,0.5751128304319794
158,38,2,0.9924922472990011,0.7448004320721178,0.9897689740272506,0.9089238529586118,0.603030303030303
158,59,2,0.9908739915319356,0.6904190533645543,0.9878728598708016,0.9185705597414019,0.6396103896103896
158,93,2,0.9915015488203098,0.6834300723362261,0.9866896678039023,0.9018291286342913,0.631578947368421
158,96,2,0.9929018948252692,0.7867292646738704,0.990311325980404,0.9251143250674039,0.6399999999999999
158,106,2,0.9914316326452517,0.7806146106938661,0.9884749169896683,0.9110894236573167,0.5757575757575757
158,110,2,0.9928674662450032,0.7461243855528275,0.9893255606791168,0.9504291748207663,0.6592682926829267
158,116,2,0.9933355798789206,0.7313384181711218,0.9914627059936817,0.9303707215993202,0.6595744680851063
158,141,2,0.9910752129111734,0.8155450926253904,0.9870477957797547,0.9184913822402915,0.6363636363636364
158,154,2,0.9925221712985285,0.6753913920811936,0.9892848295405822,0.8968513879766978,0.6363636363636365
158,163,2,0.9904808918724032,0.7549549554057069,0.9867036821852203,0.9118429746933295,0.5957446808510638
158,181,2,0.9930539678891513,0.7857416518933885,0.9901491566090035,0.9505387501428568,0.6206896551724137
158,189,2,0.9926365411296029,0.7541298209357843,0.9877055056702575,0.9074542047836749,0.6666666666666667
158,196,2,0.9898671456078079,0.6857839097171738,0.9865939705118296,0.8948921294672967,0.6296296296296298
158,201,2,0.9924589143077934,0.7168720401208543,0.9887428838494368,0.9157256946989174,0.6191683569979716
158,204,2,0.9900768333402853,0.5964663650051083,0.9834656260628265,0.9169180798261902,0.588235294117647
158,211,2,0.994200729031434,0.7695186030549181,0.9924354335828326,0.9568955287786716,0.6405128205128205
158,216,2,0.9900474726875416,0.6577730175775343,0.9859846884203833,0.9235150638843812,0.5294117647058822
168,3,2,0.9922189118385895,0.6949728211758077,0.9885947782492195,0.903701874498258,0.6818181818181819
168,5,2,0.9929111622160436,0.6599097952083895,0.9895089677504774,0.9211751790006755,0.6944444444444445
168,12,2,0.9924026911419054,0.7365940661108961,0.9895497081935369,0.8956924465571827,0.6470588235294117
168,28,2,0.9923401228080089,0.6919658222162639,0.9886399853979266,0.8928717380545731,0.6410256410256411
168,30,2,0.9919749758691921,0.6209431793257325,0.9883565619848897,0.8942037272854527,0.6956521739130435
168,36,2,0.9920616967053264,0.6055848659584449,0.9886436743981223,0.8868672436167272,0.6666666666666666
168,38,2,0.9918381046100363,0.6803588068760434,0.9888035991597589,0.8676934342465767,0.7165178571428572
168,59,2,0.9910635841061193,0.7065222254909235,0.9877142303268523,0.9035620981620667,0.6451612903225807
168,93,2,0.9917532925554241,0.6146764071594641,0.9865944032594294,0.8735009649540758,0.7391304347826088
168,96,2,0.9920636398665168,0.692612029289148,0.9882129081508104,0.8587762002868728,0.6132697947214076
168,106,2,0.9918362305308271,0.6274504708695592,0.987932788302388,0.8648625350484194,0.75
168,110,2,0.9924167762138102,0.6285301277382722,0.9883437379631848,0.9194976857613232,0.7
168,116,2,0.9922451519916909,0.6659440421843212,0.9894192410633967,0.9075503108784063,0.6176470588235294
168,141,2,0.991604957736521,0.6845919432689302,0.9892937323024484,0.8977129833928322,0.6165158371040724
168,154,2,0.9920134856112273,0.7187695268989056,0.9898027196062223,0.8900996399193319,0.7047930283224401
168,163,2,0.991262761612946,0.6805400628385954,0.9888570182222738,0.9127397864776816,0.6153846153846154
168,181,2,0.991995355070429,0.5689688611270731,0.9891853391469073,0.9069384250225928,0.6778378378378379
168,189,2,0.9916340508577038,0.6154341809646682,0.987524895509491,0.9250314722585818,0.6141439205955335
168,196,2,0.9907322822700401,0.7296891050102978,0.9879280202094022,0.8934821176452898,0.7241379310344828
168,201,2,0.9929230759706406,0.6176454815854406,0.9890807825281942,0.9158435127611811,0.7285012285012284
168,204,2,0.9907567616818796,0.5213939008058236,0.9845776131335711,0.8983370803486255,0.75
168,211,2,0.9935340819207774,0.7265015595699938,0.9905984799353321,0.9089123685520502,0.625
168,216,2,0.9910333927620756,0.598158133545168,0.9867586631146406,0.8725790061944025,0.7777777777777779
169,3,2,0.9916206098273852,0.6995621897246146,0.9885955581445025,0.8471066531483658,0.6742424242424243
169,5,2,0.9891917317448233,0.6936911005533724,0.9863478332707222,0.9056701835022631,0.6536731634182908
169,12,2,0.9907593132893179,0.6922921034126928,0.9871603678774012,0.8838625708465077,0.6428571428571428
169,28,2,0.9891239565661114,0.6579164371037265,0.9856643759664615,0.9230666348462874,0.6504112808460635
169,30,2,0.9894430747185454,0.7506131946503137,0.9846544281801961,0.9158083742834469,0.6708333333333334
169,36,2,0.9885800202054349,0.7428123736879133,0.9830862059776686,0.8799395830618947,0.7071078431372549
169,38,2,0.990053097181233,0.7054664568577727,0.9888954171976485,0.8705704449667517,0.6666666666666667
169,59,2,0.9889788182058996,0.7129217696797843,0.9858688536484267,0.9305558964461673,0.6428571428571428
169,93,2,0.9890025989023216,0.6467464994442526,0.9818649989233549,0.908302705499721,0.6944444444444445
169,96,2,0.9907988050883249,0.6859448633196826,0.9874393883120517,0.9416860049193023,0.6455026455026455
169,106,2,0.987719488634753,0.6887030917768884,0.9829267576555015,0.9200135999880472,0.7214439655172413
169,110,2,0.9910155354271858,0.6758121206125892,0.9862858880676587,0.9208299109189229,0.7142857142857142
169,116,2,0.9903270189064789,0.7618836948009711,0.9869730244835193,0.9344496273768378,0.6188034188034188
169,141,2,0.9886404411637395,0.7505201768450234,0.9835858888400824,0.9513711173198167,0.626453488372093
169,154,2,0.991372145166955,0.6335490422601271,0.9881141192578141,0.9316319638968684,0.706599713055954
169,163,2,0.9891353185846644,0.7535634468705007,0.9848977707633813,0.9315226382710917,0.6733333333333333
169,181,2,0.9893405627900462,0.7565649244080263,0.9850145031887911,0.9221475898375259,0.6792857142857143
169,189,2,0.9888227637057411,0.7210074438794616,0.9850181381243154,0.9131252741611149,0.6153846153846154
169,196,2,0.9886369833188887,0.6526417352654725,0.9838458363215734,0.8734382739201249,0.6866071428571427
169,201,2,0.9900701301198427,0.7623400235637966,0.9870176112972169,0.9189850275357331,0.717948717948718
169,204,2,0.9850530468709522,0.5333006435866188,0.9805184345079797,0.8918727212691926,0.7692307692307693
169,211,2,0.9926042065239024,0.6908843844365378,0.9908951437879139,0.8939960195409988,0.6486486486486487
169,216,2,0.9866000206405312,0.7132700314493687,0.9842094543105929,0.9219842636273203,0.7272727272727273
171,3,2,0.993768514561943,0.7192728299016122,0.9924348265840426,0.8541788796374985,0.5779352226720648
171,5,2,0.9918266055262381,0.7460025394501482,0.9899342111543348,0.9250997271526858,0.5862068965517242
171,12,2,0.9924900424513908,0.727109195200424,0.9907531251407199,0.8634974746342088,0.6581168831168831
171,28,2,0.9921241195540034,0.7312907799785611,0.989189189647623,0.90967567645089,0.606060606060606
171,30,2,0.9929921198351971,0.7167571275986828,0.9896914783986471,0.8893336174104072,0.5454545454545454
171,36,2,0.9918314706223589,0.6425290006457767,0.9892797187179575,0.903544482570271,0.5196153846153846
171,38,2,0.9926192105444109,0.7229457899854825,0.9906569302055273,0.8487790891615025,0.5527777777777777
171,59,2,0.9911813804035122,0.7428398071969757,0.987125700018447,0.9211612189936941,0.6324561403508773
171,93,2,0.9914307058454442,0.6450288836041556,0.9864078675923362,0.8734990627754938,0.5577777777777778
171,96,2,0.9925123650277923,0.7220620263520237,0.9903056805494815,0.8856668461396072,0.627906976744186
171,106,2,0.9914362187800578,0.6921349976751371,0.9877465364034669,0.845909449617118,0.5128205128205128
171,110,2,0.9914952599780663,0.7169769219522275,0.9882296179776519,0.9230964530437311,0.5972972972972972
171,116,2,0.9927307380360464,0.7720235342077097,0.9886158234366557,0.8885369176070517,0.6
171,141,2,0.9918992702459417,0.7745753892774832,0.9878392880221767,0.8912719826312605,0.6086956521739131
171,154,2,0.9929124098712692,0.7002653288100771,0.9897441602789441,0.9065286557644251,0.6071428571428572
171,163,2,0.9918183850659663,0.7086714109617962,0.9873519647049482,0.8694679378875381,0.5833333333333333
171,181,2,0.9922652109910153,0.6564454280129095,0.9889628049780312,0.9199964734536393,0.6073781291172595
171,189,2,0.9923615491936,0.6866612803460508,0.9897444524883111,0.8996452266763069,0.5833333333333333
171,196,2,0.9908146237813761,0.6980794451944661,0.9875758328650297,0.8707379058293921,0.5769230769230769
171,201,2,0.9924311857487511,0.651265429976188,0.9881512944358246,0.8955465980086836,0.5678746928746929
171,204,2,0.990154109916168,0.5807462863804703,0.9832420828359204,0.8760693348355971,0.5243212669683257
171,211,2,0.9949791367086317,0.8094634379929999,0.9930022998094443,0.9387426311548666,0.5853658536585366
171,216,2,0.9911417033343608,0.6398589216348766,0.9859035377107425,0.8854473058101204,0.5
185,3,2,0.9950344795082513,0.6592836492621075,0.9944150013974301,0.8849138204611176,0.6521739130434783
185,5,2,0.9940205402012894,0.6943678123989521,0.9919757243647431,0.9323569670859118,0.6944444444444445
185,12,2,0.9917851813945208,0.667809353013598,0.9884702436686553,0.935779576308825,0.6410256410256411
185,28,2,0.9927544998392668,0.7289608801180965,0.989889457591468,0.9373116912268781,0.6399999999999999
185,30,2,0.9928862405585582,0.7108434412943034,0.990367847697639,0.9104259026136023,0.638888888888889
185,36,2,0.992837641214043,0.7219002673311132,0.9918161345515868,0.9115240280748486,0.6956521739130435
185,38,2,0.9929671924679399,0.7546556913818311,0.991080526888379,0.8454384947245848,0.6111111111111112
185,59,2,0.9912093400519648,0.6350305655932531,0.985491763598346,0.9152053663820533,0.6818181818181819
185,93,2,0.9944763468129529,0.685343001201467,0.9920943718507087,0.8855232588929252,0.6956521739130435
185,96,2,0.992766217408195,0.7544262839855835,0.9909377660285282,0.9006422334155844,0.625
185,106,2,0.9912350766521076,0.7026694675914748,0.9859980088846982,0.9122326554768179,0.6458333333333333
185,110,2,0.9938832574848914,0.7474260942096184,0.9923811599541615,0.9483624312783753,0.6521739130434783
185,116,2,0.993602401821074,0.6490193292894295,0.9912542127656686,0.9509588475711614,0.6747943595769683
185,141,2,0.9909645317775031,0.6931964429337678,0.9863646935531639,0.9187169331619097,0.6417410714285714
185,154,2,0.9929767209723065,0.6473822386438872,0.9899396505480325,0.9024312031889326,0.6536731634182908
185,163,2,0.9899688095496953,0.7042052587649377,0.9846626100914586,0.9008042818342328,0.6158410732714138
185,181,2,0.9943722009893795,0.7278734676387638,0.9940815347776959,0.9747991053474134,0.6963109354413702
185,189,2,0.994316815400975,0.7567381965314499,0.99233913058837,0.9215312055842697,0.5917366946778712
185,196,2,0.9894605680858214,0.6672223572208289,0.9830131122631544,0.9136486066063773,0.6778378378378379
185,201,2,0.9940376271372421,0.6069674260476193,0.9920693419756709,0.907441051263572,0.638888888888889
185,204,2,0.9922092620392122,0.6154459327317972,0.9892890568225156,0.8770673739036794,0.7061538461538461
185,211,2,0.9948113500889214,0.7595408781313645,0.9927401677853758,0.9607269315521241,0.6428571428571428
185,216,2,0.9919858104731087,0.6912822074746972,0.9886274461551703,0.9260484542799648,0.6774193548387097
190,3,2,0.994417111127007,0.6854130747616317,0.9928923632186881,0.9583476625549986,0.5253652597402597
190,5,2,0.9940576614032999,0.72248732716645,0.9921938964486074,0.9112159779883401,0.6607142857142856
190,12,2,0.9927290426248521,0.7147013107490683,0.9889055397329904,0.8951260612495111,0.5806451612903225
190,28,2,0.9912620080202124,0.7311338877262925,0.9840166211986764,0.9056394949840826,0.6428571428571428
190,30,2,0.9917393172092274,0.8167212082514671,0.9889115150531892,0.9678367641209473,0.6125703564727956
190,36,2,0.9901259890073919,0.7870047255719606,0.9843647791335636,0.9344916839702808,0.6354895104895105
190,38,2,0.9927728666841291,0.7185435254823116,0.9900910885044759,0.8842882538126922,0.6363636363636365
190,59,2,0.991056850830128,0.7096633461151345,0.9846415186324274,0.9262037313222444,0.6363636363636365
190,93,2,0.9918711258090641,0.642965946797848,0.9902100926758107,0.920882945375863,0.6069794050343249
190,96,2,0.9932046556175727,0.7496112626771706,0.9894686826775475,0.9347066514658591,0.6107503607503608
190,106,2,0.9906780447530391,0.6373554208483891,0.9862939064987024,0.9290605479550056,0.6988372093023256
190,110,2,0.9937835609011069,0.7444031698635578,0.9910834663321847,0.9008733975582708,0.6449579831932772
190,116,2,0.9928286893327196,0.7519710598418089,0.9884095531508836,0.9440608026157647,0.619047619047619
190,141,2,0.991310411562604,0.7716140301537993,0.9864641906934251,0.8676624556997228,0.5862068965517242
190,154,2,0.9926639582299115,0.6284732659344945,0.9883468895048974,0.8640315613440697,0.6363636363636365
190,163,2,0.9905513106878248,0.7537034922685975,0.9869471339126195,0.9439855914890386,0.6521739130434783
190,181,2,0.993644152165657,0.7842849912514455,0.9910994133808032,0.9299982924986071,0.6071428571428572
190,189,2,0.9933584943509232,0.7612202459072335,0.9894999440703199,0.9616220666170453,0.6009026434558349
190,196,2,0.9891868534785478,0.6367459563668874,0.9819221429522014,0.8972961536649786,0.5892857142857143
190,201,2,0.9933201763039611,0.7318084084545768,0.99162465850456,0.941922162521949,0.6666666666666666
190,204,2,0.9884020984387382,0.6464085149898329,0.981423455320154,0.8858517805862829,0.6120401337792643
190,211,2,0.9945838814777237,0.7012535656685078,0.9922956061740646,0.8642687533691004,0.5797101449275361
190,216,2,0.9885131224157476,0.6916551387886768,0.9833995820737329,0.9427657107347629,0.5925925925925926
191,3,2,0.9926463355781513,0.7268760786024259,0.9905173088751793,0.8952606345567283,0.6785714285714286
191,5,2,0.9915303227224118,0.6903003681133042,0.9883764914612954,0.9126946346266045,0.6743008678881388
191,12,2,0.9915171408923663,0.7530198723057393,0.9885563848620836,0.9157213267504833,0.6346153846153847
191,28,2,0.9909603987306661,0.6981840644538405,0.9884391973695438,0.9134886131168125,0.6410256410256411
191,30,2,0.9906869363017967,0.7205175469394308,0.9882216855082981,0.9258701635005357,0.6808510638297873
191,36,2,0.9897642915663836,0.7072417238530498,0.9834834767869235,0.8633091111665594,0.6774193548387097
191,38,2,0.991187228185802,0.701093107317312,0.9872382690091661,0.8614293568103543,0.6551724137931034
191,59,2,0.9906470863329154,0.7857186690327077,0.9864906392407724,0.9277859851367765,0.639344262295082
191,93,2,0.9880232715511744,0.6733502349156273,0.9823366200450331,0.8594708405993832,0.6799999999999999
191,96,2,0.991622313852998,0.7475388114912676,0.9895852152051862,0.9310481321299958,0.6363636363636365
191,106,2,0.989211372808512,0.7293349340683322,0.9883804524337481,0.9151059792984587,0.6666666666666666
191,110,2,0.9922146884730946,0.7446490571650567,0.9905440086293996,0.9182534616500506,0.6760655737704918
191,116,2,0.9921537706037747,0.7426297048594586,0.9886613090517828,0.9445023572091621,0.6153846153846154
191,141,2,0.9906373533180071,0.7614096075238214,0.9882112027443357,0.9152247110680019,0.6573932926829268
191,154,2,0.9918781428826616,0.6930744337075243,0.9892970192561279,0.8909136770424979,0.6363636363636365
191,163,2,0.9895755806326242,0.7480279095553268,0.9874173259634652,0.9452777044442302,0.6799999999999999
191,181,2,0.9900908739292578,0.6937229468994542,0.9850476750575323,0.9244298160382086,0.6734693877551021
191,189,2,0.9893560499368239,0.6956536319292432,0.9857386740194397,0.908324899420844,0.6280112044817927
191,196,2,0.9908184072874485,0.7174832553961201,0.9896722796882258,0.8877558009053991,0.653846153846154
191,201,2,0.9898888629010937,0.7573583396057928,0.9846714132986448,0.8984550962255025,0.676470588235294
191,204,2,0.9865523141352152,0.6367313794618232,0.9769246393996027,0.8775046787871855,0.6666666666666666
191,211,2,0.9930253220610246,0.6962691277674428,0.9913091096184167,0.9264612698051575,0.6666666666666665
191,216,2,0.9884553852729729,0.7097947670400868,0.9842146011532031,0.9248446274324964,0.6521739130434783
192,3,2,0.9938427599063737,0.7812092243074245,0.991527591141687,0.9149935438050271,0.6428571428571428
192,5,2,0.9935647103396711,0.7141328965150607,0.9920916755196608,0.9409379180423256,0.6440092165898618
192,12,2,0.992349455059192,0.7985813631885845,0.9891986450229574,0.8901511870825438,0.6470588235294117
192,28,2,0.99292633131655,0.6960878891523008,0.9891038108582098,0.8840664692493301,0.6385933806146572
192,30,2,0.9930659567616744,0.7508900772234526,0.9913569569291028,0.8625914034473973,0.6551724137931034
192,36,2,0.9932848128157755,0.7001736763440609,0.9905044958731463,0.8583046923062225,0.6428571428571428
192,38,2,0.9926807895487288,0.6792551552758008,0.9901115692258294,0.8800597425303428,0.6470588235294117
192,59,2,0.9919128005437368,0.7298358417748667,0.9892003096142287,0.8952781513548937,0.6499999999999999
192,93,2,0.9934200970869762,0.6563307024547351,0.9902368142402669,0.8542258645882419,0.606060606060606
192,96,2,0.9927424232836836,0.7362469409097635,0.9912302687374543,0.8720195126269763,0.6031746031746031
192,106,2,0.9926748318177486,0.6793827856780593,0.9922900796547054,0.859462576171793,0.6129032258064516
192,110,2,0.9932907619680134,0.7054040132608872,0.9911373702720575,0.887533656735874,0.6666666666666667
192,116,2,0.9937687481592654,0.740243209846067,0.9914553784151384,0.8840956097001708,0.6348484848484849
192,141,2,0.9919369804234144,0.760618637515546,0.9903655066366355,0.9107443668314318,0.6631205673758865
192,154,2,0.9919885045160842,0.7064956978229808,0.9905020872638185,0.905002039543173,0.6612903225806452
192,163,2,0.9923101459761084,0.7308380255839382,0.9903210481123234,0.8822686565193497,0.6578397212543554
192,181,2,0.9931642037430563,0.6379348745361793,0.990596063594257,0.9135054338566554,0.6666666666666666
192,189,2,0.9935231764820648,0.6746439205897168,0.990088481317935,0.858429788766964,0.6521739130434783
192,196,2,0.9908917782464659,0.7163704438804981,0.9884772226707447,0.8978267422548528,0.6573932926829268
192,201,2,0.9927823417925908,0.6394205553491377,0.9903460501045046,0.8989932895952057,0.6176470588235294
192,204,2,0.9913708507198433,0.5744840863554007,0.9877611701524762,0.8831967062740183,0.6428571428571428
192,211,2,0.9943569928003589,0.7436594190196757,0.9924358847345063,0.9146548948251718,0.6666666666666665
192,216,2,0.9921703940361466,0.6814822666171441,0.9898064860050815,0.8713593589846282,0.625
194,3,2,0.9910839097092587,0.6996954245190297,0.985734494168458,0.8828953651956326,0.6666666666666666
194,5,2,0.9917273564151463,0.6563988888706977,0.9876300092738725,0.9138763932417417,0.6779953917050692
194,12,2,0.9915832931372677,0.7618868038360402,0.9880285493274807,0.9012740734980218,0.6666666666666666
194,28,2,0.9908401992323707,0.6990965162432933,0.9874378711853393,0.9155419607163865,0.6399999999999999
194,30,2,0.9906857299751595,0.64822094232757,0.9871050749237898,0.8952868327023776,0.6666666666666666
194,36,2,0.990397578604517,0.6198856633377213,0.987591046245577,0.8838067716673459,0.6944444444444445
194,38,2,0.9911234085660663,0.6944166450564703,0.9863896022523517,0.8743349502766278,0.701063829787234
194,59,2,0.9895236340946063,0.7031682256820562,0.9855688815498138,0.8778405808498935,0.6666666666666666
194,93,2,0.9892134237690111,0.581167948672253,0.981881714776056,0.8546652763185935,0.7083333333333334
194,96,2,0.9906987464658283,0.7151092584787799,0.9873745808897438,0.8889415231082043,0.6082693947144076
194,106,2,0.9898771885582985,0.6928047328466658,0.9841077678945274,0.8708701334100889,0.721111111111111
194,110,2,0.991460578302076,0.6459843893899626,0.9868967192801682,0.8879444795991721,0.7307692307692308
194,116,2,0.9915834617192714,0.6838050226217856,0.9887828978358579,0.8865692772077288,0.6666666666666667
194,141,2,0.9903610121278519,0.7202179948639734,0.985946782301872,0.9069347597452809,0.6644144144144144
194,154,2,0.9907065420128854,0.718709257173981,0.9863604919067233,0.8868319702259038,0.6956521739130435
194,163,2,0.9892945457891189,0.6673435413059414,0.984460103613407,0.8979902728741264,0.6578947368421053
194,181,2,0.9907014176615956,0.631616520393591,0.9856109126742661,0.9099364696886715,0.6799999999999999
194,189,2,0.9908353983751609,0.610137709241428,0.985710939117347,0.8594716364167453,0.676470588235294
194,196,2,0.9897379878600429,0.7366711221835595,0.987018623522157,0.8715344856116162,0.7379862700228833
194,201,2,0.9908861576045901,0.6150286559261253,0.985827302758844,0.9087345313019425,0.6829268292682926
194,204,2,0.9886655758017127,0.5781352810256968,0.9800539763764567,0.8862956431345229,0.75
194,211,2,0.9931211857303593,0.73944332476613,0.9902894471506156,0.9275262320272337,0.6666666666666667
194,216,2,0.9897233888548105,0.6139301455529678,0.9844003446629402,0.8703105831327824,0.72
197,3,2,0.9898508714693293,0.7391303901366455,0.9859913546105703,0.9004673032841333,0.625
197,5,2,0.9900683543912666,0.7117854689301261,0.9868774656928235,0.9170995182999881,0.657142857142857
197,12,2,0.990243617104691,0.7137725101292947,0.9864855044669574,0.9269785759962267,0.5641025641025641
197,28,2,0.9894148007168309,0.7192850864841038,0.9860578419193112,0.9117961696941164,0.6115257048092869
197,30,2,0.9893714225657783,0.6404470709094587,0.9858594723681521,0.9241513643972533,0.6
197,36,2,0.9898224867077847,0.6312674417732635,0.9826062694461486,0.9084291527231542,0.6363636363636365
197,38,2,0.9899659631575055,0.7599896567645006,0.9867973254482347,0.8582656631563566,0.6451612903225807
197,59,2,0.9894685315845979,0.7174166352475431,0.9867419067712817,0.9166445392978404,0.6381818181818182
197,93,2,0.9879194248497907,0.5848559370037535,0.9805882191011785,0.908635057217994,0.6086956521739131
197,96,2,0.9899933949178151,0.7112498126570113,0.9863014667855793,0.899648654301963,0.6222222222222222
197,106,2,0.9893665912753473,0.7525070319096117,0.9866306976597189,0.8810193502211531,0.6153846153846154
197,110,2,0.9909097396867061,0.7363863888575746,0.9849973178363477,0.9144315870250344,0.65625
197,116,2,0.9911242773820197,0.7357901400229567,0.9879600038910691,0.9439883303600849,0.5769230769230769
197,141,2,0.9893607388591841,0.7751035441742493,0.9848470799342373,0.8803653516750117,0.6216457960644007
197,154,2,0.9911372243351904,0.6623619335696049,0.9889742248943678,0.9001567238546437,0.6428571428571428
197,163,2,0.9884849026047908,0.7672333298087307,0.9828797154433015,0.9147412862616597,0.6
197,181,2,0.9888642666069452,0.7189770488983871,0.9855496264237081,0.9224304277353084,0.6733333333333333
197,189,2,0.9893925328597464,0.6437577446797549,0.9823651294668716,0.910264190370516,0.629100529100529
197,196,2,0.9887327147221028,0.706667127917845,0.9850631190884952,0.8837495604829761,0.6470588235294117
197,201,2,0.9897618862185036,0.6658074074629916,0.9854047002392803,0.9136348992064862,0.6587346024636058
197,204,2,0.9857015881448968,0.514217950734561,0.9784078457223468,0.8840898360967723,0.6428571428571428
197,211,2,0.992103415252335,0.7148978586789989,0.9894269563095417,0.9247319997258396,0.6086956521739131
197,216,2,0.9879045698473395,0.687687605276824,0.9826894894295224,0.9106955561256942,0.6428571428571428
202,3,2,0.9884306690221172,0.6906569446595466,0.981726007854187,0.8916091265490832,0.6486486486486487
202,5,2,0.988205062734119,0.6668554823396073,0.9819444956519303,0.9146902546008012,0.6774193548387097
202,12,2,0.9896538605989751,0.7289550717846356,0.9850701855138205,0.9031527419011538,0.6447368421052633
202,28,2,0.9890806620140429,0.7027040330712742,0.9842224796777838,0.914349895845206,0.6503968253968254
202,30,2,0.9878361724570575,0.641815743902572,0.9816247815792365,0.8846191061512972,0.6285714285714284
202,36,2,0.9876466315136279,0.6141038839888141,0.9791749824555516,0.8607669079357708,0.6666666666666667
202,38,2,0.9890016631366385,0.6857252815680724,0.9830300914988395,0.8676058937015406,0.6857142857142857
202,59,2,0.9884111640307235,0.6571976451390431,0.9824389686572242,0.8914450201034478,0.6582156611039794
202,93,2,0.9870093964240518,0.6001831477861606,0.9769928341777004,0.8706762381610308,0.6823725055432373
202,96,2,0.9881918613719501,0.7026471779644661,0.9830940764548447,0.8859687485854993,0.63622210690192
202,106,2,0.9888682473899245,0.6609738769300274,0.9820226945908865,0.852484051238104,0.6296296296296298
202,110,2,0.988738550892134,0.634019006837959,0.9818846116136587,0.9037684875157136,0.6739130434782609
202,116,2,0.9894279389617742,0.7146445303406515,0.9844286820828781,0.9122487536844791,0.617334167709637
202,141,2,0.9888906409023672,0.6630918308653359,0.9832938909000499,0.8808785713806434,0.6414285714285713
202,154,2,0.989559124708233,0.7351035467612352,0.9856748578448543,0.9005214715253673,0.6666666666666666
202,163,2,0.9877694845438955,0.6765104808157578,0.9816358017752697,0.9067728976405052,0.6666666666666666
202,181,2,0.987840799246653,0.5734346288286363,0.980964637786895,0.9073750261163208,0.6818181818181819
202,189,2,0.9879736694642336,0.6017348867427532,0.9794298996853235,0.8953273674174408,0.625
202,196,2,0.9887180455992977,0.7431664498777844,0.984757809999103,0.9037079438132374,0.6399999999999999
202,201,2,0.988135660202656,0.6171043891167816,0.9797639879409429,0.9018354300636597,0.653846153846154
202,204,2,0.9861520089493993,0.5217850347689655,0.9756050260351915,0.8848053069631726,0.6923076923076923
202,211,2,0.989865392223207,0.7221494727964111,0.9834939108431016,0.901674707746448,0.6521739130434783
202,216,2,0.9871927757648893,0.6195507937734837,0.9791122000898772,0.8843279487640642,0.6554945054945055
203,3,2,0.9936930849941218,0.6372190562822825,0.9927009285153993,0.8907893690641359,0.7248648648648648
203,5,2,0.9913276176898982,0.702992393196759,0.9885675648594832,0.9390340202582321,0.7113095238095237
203,12,2,0.9904622591116387,0.6590731301285777,0.9855552011380548,0.8780709824614058,0.6583136792452831
203,28,2,0.9896800726679503,0.6583724334350727,0.9851219628275216,0.9352757512375485,0.625
203,30,2,0.9890338186792822,0.6754267923819972,0.9862037669422219,0.8874091941486626,0.657142857142857
203,36,2,0.9881278800166107,0.6939134297142391,0.980776605124174,0.9393026805778925,0.7727272727272728
203,38,2,0.9917280326779803,0.6900078556021806,0.9893596431452174,0.9008742986970795,0.7393887945670629
203,59,2,0.9885651296425015,0.6411400368466821,0.9839454717201521,0.8993033271824747,0.6363636363636365
203,93,2,0.9853992594815472,0.6771114193935148,0.9773481639713122,0.8807238611498711,0.6956521739130435
203,96,2,0.9912558168645337,0.7379142175796713,0.9868721008974166,0.8986835658035511,0.5555555555555556
203,106,2,0.9877731344826888,0.6458777222894213,0.9838909538784335,0.9049963783236286,0.7894736842105263
203,110,2,0.9914198365405745,0.7186234843167149,0.987679487766337,0.9420988218261008,0.7
203,116,2,0.9902225218042305,0.6521851790287522,0.9880827092508879,0.9028305541353018,0.6153846153846154
203,141,2,0.9889493956559517,0.6901234085816681,0.9844525706018575,0.8644756535202177,0.5526315789473685
203,154,2,0.9917446021443724,0.5615213219638495,0.9894074732563841,0.8697195738002731,0.6923076923076923
203,163,2,0.9883074646177102,0.6686935641238154,0.9816050836818152,0.8912858685760863,0.6428571428571428
203,181,2,0.9911369778076579,0.707815035399223,0.9867181878845792,0.942111663099086,0.6733333333333333
203,189,2,0.9869888604931997,0.7124989362552727,0.9833082742306803,0.8883357821206164,0.6131713554987213
203,196,2,0.9875867139374099,0.6642065774458923,0.9812846159123044,0.8730094326542903,0.7297297297297298
203,201,2,0.9897849832706067,0.6501766460513627,0.9874929327154859,0.8783776514060855,0.7777777777777779
203,204,2,0.9821268886482637,0.6155524755493708,0.9747106023043842,0.8855345534202542,0.7826086956521738
203,211,2,0.9932352491362312,0.6838086435529681,0.9915808163483215,0.9272790056982672,0.625
203,216,2,0.9855705423704544,0.7080444487968944,0.9776497648668301,0.9202825547908552,0.7379862700228833
206,3,2,0.9942129190745851,0.739937436234091,0.9927216358856248,0.8996542623210643,0.7000000000000001
206,5,2,0.9933452121031858,0.6950086960389161,0.992145479515861,0.921341758342449,0.6799999999999999
206,12,2,0.9927716896377108,0.7352002078390522,0.9904435317740138,0.9485436037308826,0.6470588235294119
206,28,2,0.993360900046767,0.7103905831214168,0.9901008360395724,0.91788704554108,0.6451612903225807
206,30,2,0.9939155559720239,0.6950418639186063,0.9936459412409578,0.9459980545102417,0.6799999999999999
206,36,2,0.9937120807167127,0.6193937104092764,0.9913478475475502,0.9250193264822013,0.6978260869565218
206,38,2,0.9938651708361272,0.7174433180595594,0.992627995395346,0.8657586142041094,0.7142857142857142
206,59,2,0.9915306358092547,0.720527701732053,0.9899158908741583,0.9210424484320032,0.6510869565217391
206,93,2,0.9946225466594334,0.6104197007417985,0.9919987013742507,0.8607573400771263,0.736842105263158
206,96,2,0.9931574371342081,0.7081527472110434,0.9921060178648388,0.9000401185824634,0.6236111111111111
206,106,2,0.9932731142538643,0.6996894202750996,0.9922506388484295,0.8688984775954158,0.7391304347826088
206,110,2,0.9941616173297264,0.7032563276569113,0.9932375588243251,0.9278241580016974,0.7083333333333334
206,116,2,0.993440655396274,0.7242413384694657,0.9916083811996494,0.9523967591384047,0.6198686371100164
206,141,2,0.9929301393292065,0.7519368882788043,0.9908724288001511,0.9110451172376832,0.6333333333333333
206,154,2,0.9930745381396269,0.7120838808838463,0.9915671610913541,0.9045468699900169,0.7
206,163,2,0.9929010524328161,0.7208891871833416,0.9917476746727433,0.9289575146821596,0.7
206,181,2,0.9944286568879327,0.6623490392139917,0.9928003338288387,0.930934647912737,0.6923076923076923
206,189,2,0.9939644405705328,0.6627657022314385,0.9920276432019023,0.89297201419082,0.6799999999999999
206,196,2,0.991016848212597,0.731549532325267,0.9888545987437137,0.8885060839370524,0.7142857142857142
206,201,2,0.9938786886546775,0.6651262192942287,0.9920892555945575,0.8903129840659774,0.7142857142857142
206,204,2,0.9932147452613282,0.49926557315671416,0.9902582397774021,0.9125404385608216,0.75
206,211,2,0.9946208188285285,0.6946175021500506,0.9928185443068884,0.9189681071481641,0.6744186046511629
206,216,2,0.9934367904232642,0.6653423535887861,0.9912912197221637,0.9249881443772485,0.7320574162679426
207,3,2,0.9937912272186288,0.6958778693855283,0.992437423365771,0.8656705591504046,0.6363636363636364
207,5,2,0.9936100514483377,0.6551797297968651,0.9917743208295333,0.9372986771949744,0.6584928229665072
207,12,2,0.9929973946243025,0.7508055080676278,0.9917434583820715,0.8660734509401755,0.6447368421052633
207,28,2,0.9928157215554523,0.7690428102934384,0.9909830517882919,0.9221082337100345,0.6399999999999999
207,30,2,0.9929997552698319,0.6905732190318211,0.9910480351189905,0.8980409158332088,0.6354895104895105
207,36,2,0.9934471868853866,0.6466106361863861,0.9909419838990244,0.8715325918486889,0.65625
207,38,2,0.993277372492909,0.7283057930503927,0.992031611263457,0.8619573163222792,0.6428571428571428
207,59,2,0.9916610923727915,0.7207481124329184,0.9887107634376668,0.8853904869851947,0.6461100569259962
207,93,2,0.9934473036000026,0.5764216882023248,0.9903487404253427,0.887700025493923,0.6566964285714285
207,96,2,0.9932397067116226,0.730932472925828,0.9917866500680659,0.9240729395080015,0.6363636363636365
207,106,2,0.9921043109151945,0.7441406437255358,0.9906181425491556,0.9191298350285234,0.6296296296296298
207,110,2,0.994064818895799,0.6982513186789228,0.9924835011154283,0.9256612450569536,0.6451612903225807
207,116,2,0.9933080320839481,0.7413459759645575,0.9914650357760262,0.9260567630373567,0.6363636363636364
207,141,2,0.9928385916433367,0.7671158391566313,0.9900201516823078,0.8733376621297235,0.6
207,154,2,0.9932998000364917,0.691894690381609,0.9911285133745915,0.8714558636375072,0.6341463414634145
207,163,2,0.9925645004766119,0.655231068250254,0.9912913155032157,0.8814418190943252,0.6
207,181,2,0.9936658359769951,0.5878596385047049,0.9923238805367989,0.9137345474467262,0.6774193548387097
207,189,2,0.9938542483818867,0.6449966730810991,0.9908742986025323,0.8783785144055085,0.6824596774193549
207,196,2,0.991140459284496,0.7538159052000676,0.9898008703880821,0.9103078060927869,0.6382978723404256
207,201,2,0.994036775580344,0.6418980041087754,0.9911179391127438,0.8992414740605592,0.6521739130434783
207,204,2,0.9916400177743291,0.6008103892206319,0.9885363145416243,0.8686447973704398,0.6372180451127819
207,211,2,0.9946724643402929,0.7607815122566651,0.9930725809577039,0.9330595993567299,0.6666666666666667
207,216,2,0.9931183765874703,0.6434015349386564,0.9902181271396165,0.8861893842342166,0.632996632996633
210,3,2,0.9940124366486184,0.6686471806487095,0.9919966127858744,0.8950560733138793,0.7333333333333334
210,5,2,0.993205270511062,0.6745728728363212,0.9901884361552927,0.9301304347005229,0.6829268292682926
210,12,2,0.9920763416382906,0.6796947733281851,0.9890247728460216,0.8943251628231563,0.6551724137931034
210,28,2,0.990214282513609,0.723563063589115,0.9871001418257809,0.8998193876796368,0.625
210,30,2,0.9917496129703869,0.7098202803419902,0.98867345699094,0.9246187859982281,0.65625
210,36,2,0.9901524578526185,0.7012319900267813,0.9884035953050382,0.8916659262238567,0.7272727272727273
210,38,2,0.9921533660785858,0.6688787881437104,0.9911895527562289,0.8429461003786396,0.653846153846154
210,59,2,0.9909863067444559,0.7076995064264798,0.9881639507083492,0.9219574931470333,0.6570723684210527
210,93,2,0.9929295996825763,0.6350407541566657,0.9901291342307088,0.8649839027398768,0.7
210,96,2,0.99217618416211,0.7011633751279212,0.9905932017807759,0.9391833055324167,0.6285714285714284
210,106,2,0.9911118069896244,0.5963076672984752,0.9886864550705572,0.9217849586544347,0.719375
210,110,2,0.9934107399979212,0.694115202510919,0.9928146437191392,0.9150475612991981,0.7097222222222223
210,116,2,0.9925575959513868,0.72156965188209,0.9893175633732795,0.9254264457672039,0.6052631578947368
210,141,2,0.9900779475579295,0.7500821491290659,0.9871842727490535,0.8895666515497545,0.6079192546583851
210,154,2,0.9918467953352519,0.6631522698297462,0.9883160817353247,0.8889285658849118,0.6818181818181819
210,163,2,0.9895968061451674,0.7570201185548603,0.9863735241530928,0.9277954200145541,0.6882591093117408
210,181,2,0.9929129490452633,0.7649699256826111,0.9902083903634579,0.9279527835042514,0.6767857142857143
210,189,2,0.9926711301283677,0.7890210770319892,0.9904915513469336,0.883211012276444,0.6619047619047619
210,196,2,0.990168676442323,0.6645421246900923,0.9872683359858703,0.8766130195530821,0.75
210,201,2,0.9924420686932941,0.6485147219296814,0.9914556738404819,0.9471021357170876,0.7360681114551084
210,204,2,0.9889005330637557,0.5789546539646722,0.9886903864668933,0.8651854549192389,0.75
210,211,2,0.994581875714356,0.6989533778219879,0.9934608215539436,0.9057796627532572,0.653846153846154
210,216,2,0.9908445322399423,0.770053234554988,0.9891602683056063,0.9338059092398612,0.736842105263158
212,3,2,0.9936350856389643,0.7312006721917639,0.991652028794699,0.871809489288975,0.7142857142857142
212,5,2,0.9921546629871946,0.7288479869549691,0.9913243767820944,0.9221858376365287,0.7142857142857142
212,12,2,0.9926084406252088,0.7065261838478928,0.9903391086200164,0.885955818297506,0.6363636363636365
212,28,2,0.9908823015824646,0.7157936144818329,0.9865025358998274,0.940082253067758,0.6363636363636364
212,30,2,0.9916090831405052,0.7699319366188658,0.9888549981790798,0.90755511390093,0.6896551724137931
212,36,2,0.9923049173544282,0.6800577717260237,0.9890837220598485,0.8829204236859648,0.72
212,38,2,0.9933619428170181,0.6819701970518091,0.9918655482044578,0.8590841532909034,0.6876847290640393
212,59,2,0.9912327692439393,0.679805350913355,0.9878113680881416,0.9062754803640956,0.6201923076923077
212,93,2,0.9928940118900793,0.6686244194690536,0.9908828772311175,0.8692529045361654,0.6956521739130435
212,96,2,0.9918528516395612,0.7187029551568217,0.9893213055390305,0.8993914472505649,0.592214663643235
212,106,2,0.9922940527478223,0.6729365272119954,0.9891288788817494,0.8995762591198029,0.7338056680161944
212,110,2,0.993137376429917,0.7087624587548267,0.9902616761599635,0.950209534024548,0.7142857142857142
212,116,2,0.992285078693964,0.6874530858981049,0.9896979528702612,0.937704521691172,0.6086956521739131
212,141,2,0.9898502549939533,0.7077108814073946,0.9854361186238484,0.9122480017668867,0.59375
212,154,2,0.9921416910351121,0.6224877245483359,0.9879132891835963,0.8899067338164596,0.7338056680161944
212,163,2,0.99093500027311,0.7266065330970524,0.9885342746727377,0.9006498814777013,0.6730769230769231
212,181,2,0.9931886172728083,0.744739535113643,0.9902993571678729,0.9403410872883179,0.7250000000000001
212,189,2,0.9920305609505711,0.6741782627084432,0.9914648285718414,0.8948948429462389,0.596774193548387
212,196,2,0.9889638135597163,0.6812315418149162,0.9850281898912928,0.8943186966534562,0.7037037037037037
212,201,2,0.992914092895874,0.6868805193948111,0.9924141708976049,0.9034834025646441,0.7083333333333334
212,204,2,0.9908512099345467,0.584088391231205,0.9837038644721069,0.8699460740777405,0.7777777777777779
212,211,2,0.9941839984214874,0.7256267991591207,0.9921207054915538,0.9447866689734438,0.6666666666666667
212,216,2,0.9894362173458254,0.7148719014678839,0.9876981286024977,0.9083300048914464,0.7826086956521738
214,3,2,0.9922207346169346,0.716597129852115,0.9904096891983174,0.894665764772669,0.7171428571428571
214,5,2,0.9923233505017326,0.6315429988600175,0.9911555479276759,0.9314004335613093,0.719375
214,12,2,0.9919451937779062,0.7647061817345517,0.9884275475290658,0.8963735480484363,0.695048309178744
214,28,2,0.9904272190016354,0.7084156998146252,0.988128513051906,0.9184889172374685,0.653846153846154
214,30,2,0.9914554639959061,0.6968415191430317,0.9891270071272319,0.8833319981399156,0.7142857142857142
214,36,2,0.9913423255085205,0.6384125309238352,0.9879133656074327,0.8711702015693138,0.7096774193548387
214,38,2,0.9914706530305146,0.7282570026188495,0.9900390845457501,0.8457144726464698,0.7142857142857142
214,59,2,0.9906696554416969,0.7507330211834695,0.987220283158656,0.8987590159253125,0.649616368286445
214,93,2,0.9908909605586936,0.5596482664864669,0.9871434552425268,0.8858801699667864,0.75
214,96,2,0.9911865037732309,0.7402917027899311,0.9898595335226399,0.872930432145571,0.6363636363636365
214,106,2,0.990031638213201,0.7001860399580899,0.9865349784032911,0.8438097497680801,0.7619047619047619
214,110,2,0.9924056430142357,0.7354381992409845,0.9903700603435533,0.9145090867538823,0.7248140635564571
214,116,2,0.9921239815912284,0.7149446712986293,0.9897521649019573,0.9113940826473245,0.5769230769230769
214,141,2,0.991066517231962,0.7552980224530494,0.988386200872589,0.8810921798781314,0.6199999999999999
214,154,2,0.9908958027482266,0.7205310540076575,0.9882017508487236,0.9168556330706205,0.7360681114551084
214,163,2,0.9905227324661875,0.7096757147972704,0.986512307215278,0.9080833106150621,0.6428571428571428
214,181,2,0.9915528365833014,0.7083604764127467,0.9891894618739884,0.9373725096115045,0.7272727272727273
214,189,2,0.9908690976961622,0.6803589043533043,0.9875256493039083,0.8776599709787012,0.6086956521739131
214,196,2,0.9898771818066254,0.731674932250824,0.9852225393244105,0.9164850096229324,0.7333333333333334
214,201,2,0.9910044571038631,0.6422291264616306,0.9874060746866768,0.8840563020807429,0.7379862700228833
214,204,2,0.9887930240267353,0.5346663328860588,0.9825475471892816,0.8957617767531375,0.7692307692307693
214,211,2,0.9932910163596348,0.7609637173588615,0.9914438687543139,0.9401045654037578,0.6885775862068966
214,216,2,0.9900738861101599,0.6783867976508661,0.9884197655734368,0.8703058753118487,0.7352941176470589
215,3,2,0.9928110821454341,0.7037769014508386,0.9915472814038387,0.9298292894313823,0.7272727272727273
215,5,2,0.9916600085989793,0.679096493146364,0.9894395832695886,0.8815650251811511,0.7142857142857143
215,12,2,0.9925129682024603,0.7423497322262647,0.9903190345075535,0.9113553100337989,0.6183473389355741
215,28,2,0.9919119768328656,0.7297334979487987,0.9890012881535813,0.88909947657578,0.6666666666666665
215,30,2,0.9917039997848861,0.7115385451971695,0.98931527359079,0.8956597399572983,0.6666666666666667
215,36,2,0.9919008995245668,0.6940442121877475,0.988054039924483,0.9149234875252233,0.736842105263158
215,38,2,0.9928316335391779,0.6333921323888307,0.9912681302314634,0.9018071688792008,0.6666666666666666
215,59,2,0.9905788243298843,0.7082211018172333,0.9859311467566865,0.886295101838263,0.625
215,93,2,0.9915310927427524,0.6077917484282038,0.9873054219475831,0.8025744749139314,0.6956521739130435
215,96,2,0.9918110570627328,0.7204794795841016,0.9895432450798797,0.9427256611770872,0.5857843137254901
215,106,2,0.9916576638671601,0.7080185254566591,0.9892588222279608,0.9283128193809621,0.7171428571428571
215,110,2,0.9936355134949866,0.7477389666568426,0.991489155800666,0.8821606802690738,0.7052139037433155
215,116,2,0.9925606992216901,0.7352651706644096,0.990531434496207,0.8668884076684538,0.625
215,141,2,0.9916544131720236,0.731696357971453,0.9900180444474932,0.8987073769663795,0.6511627906976745
215,154,2,0.9918675487079138,0.6740596969504402,0.9890220879599095,0.8961965986647549,0.6978260869565218
215,163,2,0.9909174126470108,0.7072777266289996,0.9880923787928314,0.9033907706349364,0.6421832884097035
215,181,2,0.9926965141946406,0.6583608326439725,0.9909136075895025,0.9018653155850668,0.6875
215,189,2,0.9919700924556445,0.7145762304636332,0.9874757330446828,0.9286917364988198,0.606060606060606
215,196,2,0.989618059781363,0.709913649275937,0.9852126420178846,0.856597198178937,0.7027027027027026
215,201,2,0.992462110829674,0.7090373665389709,0.9904090882223512,0.9292170954274191,0.7
215,204,2,0.9909953215621212,0.5921111035210636,0.9856506505785885,0.8815560982271466,0.7777777777777779
215,211,2,0.9939738173147447,0.7222600275683273,0.9919592258553824,0.8787625803512622,0.6399999999999999
215,216,2,0.9903185481803892,0.6234039511415385,0.9872087097219419,0.93245821944838,0.72
