exp_a,exp_b,trial_id,expertise_a,expertise_b,distance,score
10,19,5,low,medium,119.0,0.8686131386861314
10,42,5,low,medium,131.0,0.9703703703703703
10,51,5,low,medium,140.0,0.9655172413793104
10,16,5,low,medium,305.0,0.7984293193717278
10,88,5,low,medium,120.0,0.8888888888888888
10,17,5,low,medium,234.0,0.8153310104529616
10,66,5,low,medium,129.0,0.9555555555555556
10,84,5,low,medium,251.0,0.9543726235741445
10,62,5,low,medium,116.0,0.8592592592592593
10,75,5,low,medium,189.0,0.9545454545454546
10,70,5,low,medium,122.0,0.9037037037037037
10,25,5,low,medium,252.0,0.863013698630137
10,73,5,low,medium,250.0,0.9259259259259259
10,54,5,low,medium,304.0,0.9712460063897763
10,61,5,low,medium,326.0,0.9560117302052786
10,32,5,low,medium,180.0,0.7894736842105263
10,20,5,low,medium,199.0,0.8024193548387096
10,57,5,low,medium,156.0,0.8253968253968254
10,33,5,low,medium,143.0,0.9862068965517241
10,81,5,low,medium,121.0,0.8962962962962963
10,24,5,low,medium,167.0,0.8652849740932642
10,55,5,low,medium,310.0,0.8288770053475936
10,53,5,low,medium,117.0,0.8666666666666667
10,40,5,low,medium,157.0,0.8971428571428571
10,91,5,low,medium,137.0,0.9647887323943662
10,83,5,low,medium,327.0,0.9342857142857143
10,89,5,low,medium,211.0,0.9419642857142857
10,6,5,low,medium,156.0,0.7536231884057971
10,4,5,low,medium,208.0,0.8666666666666667
10,108,5,low,medium,143.0,0.9225806451612903
10,105,5,low,medium,137.0,0.8253012048192772
10,121,5,low,medium,167.0,0.943502824858757
10,97,5,low,medium,209.0,0.908695652173913
10,143,5,low,medium,129.0,0.9555555555555556
10,115,5,low,medium,248.0,0.8641114982578397
10,133,5,low,medium,211.0,0.7902621722846442
10,117,5,low,medium,282.0,0.9494949494949495
10,135,5,low,medium,250.0,0.8591065292096219
10,147,5,low,medium,138.0,0.7796610169491526
10,155,5,low,medium,165.0,0.9705882352941176
10,142,5,low,medium,322.0,0.9252873563218391
10,145,5,low,medium,206.0,0.8142292490118577
10,168,5,low,medium,215.0,0.849802371541502
10,158,5,low,medium,225.0,0.7867132867132867
10,166,5,low,medium,272.0,0.8918032786885246
10,171,5,low,medium,147.0,0.9363057324840764
10,203,5,low,medium,119.0,0.8814814814814815
10,192,5,low,medium,130.0,0.8496732026143791
10,202,5,low,medium,179.0,0.9470899470899471
10,169,5,low,medium,277.0,0.9518900343642611
10,210,5,low,medium,124.0,0.9185185185185185
10,215,5,low,medium,181.0,0.9526315789473684
10,207,5,low,medium,237.0,0.9080459770114943
10,151,5,low,medium,566.0,0.8927444794952681
10,206,5,low,medium,346.0,0.9226666666666666
10,214,5,low,medium,486.0,0.9067164179104478
13,19,5,low,medium,480.0,0.8695652173913043
13,6,5,low,medium,466.0,0.8442028985507246
13,4,5,low,medium,458.0,0.8297101449275363
13,24,5,low,medium,504.0,0.9130434782608695
13,20,5,low,medium,483.0,0.875
13,42,5,low,medium,540.0,0.9782608695652174
13,17,5,low,medium,474.0,0.8586956521739131
13,33,5,low,medium,532.0,0.9637681159420289
13,16,5,low,medium,467.0,0.8460144927536232
13,40,5,low,medium,485.0,0.8786231884057971
13,32,5,low,medium,464.0,0.8405797101449275
13,25,5,low,medium,470.0,0.8514492753623188
13,53,5,low,medium,490.0,0.8876811594202898
13,51,5,low,medium,521.0,0.9438405797101449
13,62,5,low,medium,499.0,0.9039855072463768
13,66,5,low,medium,528.0,0.9565217391304348
13,57,5,low,medium,493.0,0.8931159420289855
13,70,5,low,medium,502.0,0.9094202898550725
13,54,5,low,medium,525.0,0.9510869565217391
13,81,5,low,medium,520.0,0.9420289855072463
13,75,5,low,medium,513.0,0.9293478260869565
13,55,5,low,medium,440.0,0.7971014492753623
13,73,5,low,medium,521.0,0.9438405797101449
13,61,5,low,medium,522.0,0.9456521739130435
13,88,5,low,medium,499.0,0.9039855072463768
13,91,5,low,medium,522.0,0.9456521739130435
13,84,5,low,medium,518.0,0.9384057971014492
13,89,5,low,medium,511.0,0.9257246376811594
13,108,5,low,medium,521.0,0.9438405797101449
13,105,5,low,medium,479.0,0.8677536231884058
13,83,5,low,medium,513.0,0.9293478260869565
13,97,5,low,medium,501.0,0.907608695652174
13,121,5,low,medium,517.0,0.9365942028985508
13,143,5,low,medium,530.0,0.9601449275362319
13,115,5,low,medium,479.0,0.8677536231884058
13,117,5,low,medium,515.0,0.9329710144927537
13,133,5,low,medium,468.0,0.8478260869565217
13,135,5,low,medium,462.0,0.8369565217391305
13,145,5,low,medium,473.0,0.8568840579710145
13,147,5,low,medium,478.0,0.8659420289855072
13,155,5,low,medium,524.0,0.9492753623188406
13,142,5,low,medium,506.0,0.9166666666666666
13,192,5,low,medium,477.0,0.8641304347826086
13,171,5,low,medium,525.0,0.9510869565217391
13,203,5,low,medium,521.0,0.9438405797101449
13,158,5,low,medium,451.0,0.8170289855072463
13,168,5,low,medium,475.0,0.8605072463768116
13,166,5,low,medium,483.0,0.875
13,202,5,low,medium,508.0,0.9202898550724637
13,169,5,low,medium,512.0,0.927536231884058
13,210,5,low,medium,523.0,0.947463768115942
21,4,5,low,medium,295.0,0.8333333333333334
21,6,5,low,medium,306.0,0.864406779661017
13,215,5,low,medium,515.0,0.9329710144927537
13,151,5,low,medium,575.0,0.9069400630914827
13,207,5,low,medium,504.0,0.9130434782608695
21,19,5,low,medium,316.0,0.8926553672316384
13,206,5,low,medium,495.0,0.8967391304347826
21,17,5,low,medium,325.0,0.9180790960451978
21,16,5,low,medium,351.0,0.918848167539267
21,24,5,low,medium,333.0,0.940677966101695
21,20,5,low,medium,318.0,0.8983050847457628
21,42,5,low,medium,348.0,0.9830508474576272
21,33,5,low,medium,338.0,0.9548022598870056
21,25,5,low,medium,302.0,0.8531073446327684
21,32,5,low,medium,310.0,0.8757062146892656
21,51,5,low,medium,334.0,0.943502824858757
21,40,5,low,medium,322.0,0.9096045197740112
21,53,5,low,medium,321.0,0.9067796610169492
21,62,5,low,medium,321.0,0.9067796610169492
13,214,5,low,medium,505.0,0.9148550724637681
21,66,5,low,medium,334.0,0.943502824858757
21,70,5,low,medium,321.0,0.9067796610169492
21,57,5,low,medium,323.0,0.9124293785310734
21,54,5,low,medium,342.0,0.9661016949152542
21,81,5,low,medium,335.0,0.9463276836158192
21,55,5,low,medium,327.0,0.8743315508021391
21,75,5,low,medium,332.0,0.9378531073446328
21,61,5,low,medium,348.0,0.9830508474576272
21,88,5,low,medium,319.0,0.9011299435028248
21,84,5,low,medium,334.0,0.943502824858757
21,73,5,low,medium,336.0,0.9491525423728814
21,91,5,low,medium,334.0,0.943502824858757
21,83,5,low,medium,339.0,0.9576271186440678
21,89,5,low,medium,336.0,0.9491525423728814
21,105,5,low,medium,317.0,0.8954802259887006
21,108,5,low,medium,339.0,0.9576271186440678
21,97,5,low,medium,327.0,0.923728813559322
21,143,5,low,medium,329.0,0.9293785310734464
21,121,5,low,medium,331.0,0.9350282485875706
21,115,5,low,medium,311.0,0.8785310734463276
21,117,5,low,medium,331.0,0.9350282485875706
21,133,5,low,medium,332.0,0.9378531073446328
21,145,5,low,medium,306.0,0.864406779661017
21,147,5,low,medium,302.0,0.8531073446327684
21,135,5,low,medium,289.0,0.8163841807909604
21,155,5,low,medium,336.0,0.9491525423728814
21,142,5,low,medium,341.0,0.963276836158192
21,171,5,low,medium,337.0,0.9519774011299436
21,158,5,low,medium,304.0,0.8587570621468926
21,192,5,low,medium,303.0,0.8559322033898306
21,203,5,low,medium,331.0,0.9350282485875706
21,202,5,low,medium,335.0,0.9463276836158192
21,168,5,low,medium,322.0,0.9096045197740112
21,166,5,low,medium,324.0,0.9152542372881356
21,169,5,low,medium,337.0,0.9519774011299436
21,210,5,low,medium,333.0,0.940677966101695
27,6,5,low,medium,192.0,0.927536231884058
27,4,5,low,medium,223.0,0.9291666666666667
27,19,5,low,medium,129.0,0.9416058394160584
27,17,5,low,medium,270.0,0.9407665505226481
21,215,5,low,medium,329.0,0.9293785310734464
27,16,5,low,medium,364.0,0.9528795811518325
21,207,5,low,medium,329.0,0.9293785310734464
21,151,5,low,medium,549.0,0.8659305993690851
27,24,5,low,medium,171.0,0.8860103626943006
27,20,5,low,medium,234.0,0.9435483870967742
27,42,5,low,medium,98.0,0.8990825688073395
21,206,5,low,medium,364.0,0.9706666666666667
27,32,5,low,medium,212.0,0.9298245614035088
27,33,5,low,medium,138.0,0.9517241379310345
27,40,5,low,medium,165.0,0.9428571428571428
27,25,5,low,medium,279.0,0.9554794520547946
27,51,5,low,medium,133.0,0.9172413793103448
27,53,5,low,medium,125.0,0.9398496240601504
27,66,5,low,medium,111.0,0.9652173913043478
27,62,5,low,medium,104.0,0.9541284403669725
27,57,5,low,medium,180.0,0.9523809523809523
27,70,5,low,medium,124.0,0.9612403100775194
27,81,5,low,medium,116.0,0.9206349206349206
27,54,5,low,medium,280.0,0.8945686900958466
27,55,5,low,medium,355.0,0.9491978609625669
27,61,5,low,medium,314.0,0.9208211143695014
27,75,5,low,medium,181.0,0.9141414141414141
27,88,5,low,medium,109.0,0.9646017699115044
27,73,5,low,medium,243.0,0.9
27,83,5,low,medium,326.0,0.9314285714285714
27,91,5,low,medium,127.0,0.8943661971830986
27,84,5,low,medium,249.0,0.9467680608365019
27,89,5,low,medium,187.0,0.8348214285714286
27,105,5,low,medium,156.0,0.9397590361445783
27,108,5,low,medium,132.0,0.8516129032258064
27,97,5,low,medium,202.0,0.8782608695652174
27,143,5,low,medium,104.0,0.9541284403669725
27,121,5,low,medium,166.0,0.9378531073446328
27,115,5,low,medium,269.0,0.9372822299651568
21,214,5,low,medium,460.0,0.8582089552238806
27,117,5,low,medium,274.0,0.9225589225589226
27,133,5,low,medium,250.0,0.9363295880149812
27,135,5,low,medium,270.0,0.9278350515463918
27,142,5,low,medium,299.0,0.8591954022988506
27,147,5,low,medium,166.0,0.9378531073446328
27,145,5,low,medium,237.0,0.9367588932806324
27,155,5,low,medium,156.0,0.9176470588235294
27,168,5,low,medium,242.0,0.9565217391304348
27,158,5,low,medium,262.0,0.916083916083916
27,192,5,low,medium,136.0,0.8888888888888888
27,171,5,low,medium,142.0,0.9044585987261147
27,203,5,low,medium,106.0,0.9724770642201835
27,166,5,low,medium,288.0,0.9442622950819672
27,169,5,low,medium,267.0,0.9175257731958762
27,202,5,low,medium,170.0,0.8994708994708994
27,210,5,low,medium,112.0,0.9256198347107438
27,215,5,low,medium,160.0,0.8421052631578947
27,207,5,low,medium,230.0,0.8812260536398467
27,206,5,low,medium,342.0,0.912
27,151,5,low,medium,608.0,0.9589905362776026
29,4,5,low,medium,223.0,0.9291666666666667
29,6,5,low,medium,197.0,0.9516908212560387
29,19,5,low,medium,162.0,0.9585798816568047
27,214,5,low,medium,507.0,0.9458955223880597
29,24,5,low,medium,178.0,0.9222797927461139
29,17,5,low,medium,262.0,0.9128919860627178
29,20,5,low,medium,230.0,0.9274193548387096
29,42,5,low,medium,158.0,0.9349112426035503
29,33,5,low,medium,158.0,0.9349112426035503
29,16,5,low,medium,359.0,0.9397905759162304
29,32,5,low,medium,210.0,0.9210526315789473
29,40,5,low,medium,167.0,0.9542857142857143
29,25,5,low,medium,278.0,0.952054794520548
29,53,5,low,medium,163.0,0.9644970414201184
29,51,5,low,medium,152.0,0.8994082840236687
29,57,5,low,medium,169.0,0.8941798941798942
29,62,5,low,medium,155.0,0.9171597633136095
29,66,5,low,medium,160.0,0.9467455621301775
29,70,5,low,medium,159.0,0.9408284023668639
29,54,5,low,medium,284.0,0.9073482428115016
29,81,5,low,medium,152.0,0.8994082840236687
29,55,5,low,medium,348.0,0.93048128342246
29,75,5,low,medium,178.0,0.898989898989899
29,88,5,low,medium,159.0,0.9408284023668639
29,73,5,low,medium,240.0,0.8888888888888888
29,61,5,low,medium,307.0,0.9002932551319648
29,84,5,low,medium,240.0,0.9125475285171103
29,91,5,low,medium,152.0,0.8994082840236687
29,89,5,low,medium,197.0,0.8794642857142857
29,108,5,low,medium,154.0,0.9112426035502958
29,83,5,low,medium,310.0,0.8857142857142857
29,105,5,low,medium,158.0,0.9349112426035503
29,97,5,low,medium,199.0,0.8652173913043478
29,143,5,low,medium,151.0,0.893491124260355
29,121,5,low,medium,165.0,0.9322033898305084
29,115,5,low,medium,266.0,0.926829268292683
29,117,5,low,medium,264.0,0.8888888888888888
29,133,5,low,medium,249.0,0.9325842696629213
29,147,5,low,medium,168.0,0.9491525423728814
29,145,5,low,medium,240.0,0.9486166007905138
29,155,5,low,medium,157.0,0.9235294117647059
29,135,5,low,medium,271.0,0.9312714776632303
29,142,5,low,medium,295.0,0.8477011494252874
29,192,5,low,medium,160.0,0.9467455621301775
29,171,5,low,medium,160.0,0.9467455621301775
29,203,5,low,medium,158.0,0.9349112426035503
29,202,5,low,medium,176.0,0.9312169312169312
29,158,5,low,medium,266.0,0.9300699300699301
29,168,5,low,medium,239.0,0.9446640316205533
29,166,5,low,medium,284.0,0.9311475409836065
29,169,5,low,medium,261.0,0.8969072164948454
29,210,5,low,medium,155.0,0.9171597633136095
29,215,5,low,medium,172.0,0.9052631578947369
29,151,5,low,medium,599.0,0.944794952681388
29,207,5,low,medium,224.0,0.8582375478927203
29,206,5,low,medium,333.0,0.888
31,6,5,low,medium,222.0,0.8409090909090909
31,4,5,low,medium,244.0,0.9242424242424242
31,19,5,low,medium,212.0,0.803030303030303
29,214,5,low,medium,501.0,0.9347014925373134
31,24,5,low,medium,240.0,0.9090909090909091
31,20,5,low,medium,241.0,0.9128787878787878
31,17,5,low,medium,242.0,0.8432055749128919
31,33,5,low,medium,254.0,0.9621212121212122
31,42,5,low,medium,260.0,0.9848484848484849
31,16,5,low,medium,295.0,0.7722513089005235
31,32,5,low,medium,209.0,0.7916666666666666
31,25,5,low,medium,265.0,0.9075342465753424
31,40,5,low,medium,229.0,0.8674242424242424
31,51,5,low,medium,249.0,0.9431818181818182
31,53,5,low,medium,220.0,0.8333333333333334
31,62,5,low,medium,229.0,0.8674242424242424
31,66,5,low,medium,247.0,0.9356060606060606
31,57,5,low,medium,232.0,0.8787878787878788
31,70,5,low,medium,221.0,0.8371212121212122
31,54,5,low,medium,307.0,0.9808306709265175
31,81,5,low,medium,246.0,0.9318181818181818
31,55,5,low,medium,303.0,0.8101604278074866
31,75,5,low,medium,254.0,0.9621212121212122
31,73,5,low,medium,262.0,0.9703703703703703
31,61,5,low,medium,332.0,0.9736070381231672
31,88,5,low,medium,228.0,0.8636363636363636
31,91,5,low,medium,248.0,0.9393939393939394
31,84,5,low,medium,261.0,0.9886363636363636
31,108,5,low,medium,250.0,0.946969696969697
31,89,5,low,medium,249.0,0.9431818181818182
31,105,5,low,medium,209.0,0.7916666666666666
31,83,5,low,medium,338.0,0.9657142857142857
31,97,5,low,medium,244.0,0.9242424242424242
31,143,5,low,medium,251.0,0.9507575757575758
31,115,5,low,medium,262.0,0.9128919860627178
31,121,5,low,medium,247.0,0.9356060606060606
31,117,5,low,medium,291.0,0.9797979797979798
31,133,5,low,medium,231.0,0.8651685393258427
31,135,5,low,medium,271.0,0.9312714776632303
31,145,5,low,medium,233.0,0.8825757575757576
31,147,5,low,medium,214.0,0.8106060606060606
31,155,5,low,medium,254.0,0.9621212121212122
31,142,5,low,medium,326.0,0.9367816091954023
31,171,5,low,medium,249.0,0.9431818181818182
31,192,5,low,medium,218.0,0.8257575757575758
31,158,5,low,medium,249.0,0.8706293706293706
31,203,5,low,medium,242.0,0.9166666666666666
31,166,5,low,medium,270.0,0.8852459016393442
31,168,5,low,medium,234.0,0.8863636363636364
31,202,5,low,medium,253.0,0.9583333333333334
31,169,5,low,medium,286.0,0.9828178694158075
31,210,5,low,medium,245.0,0.928030303030303
31,215,5,low,medium,254.0,0.9621212121212122
31,207,5,low,medium,254.0,0.9621212121212122
34,6,5,low,medium,239.0,0.987603305785124
31,151,5,low,medium,570.0,0.8990536277602523
34,4,5,low,medium,228.0,0.9421487603305785
31,206,5,low,medium,348.0,0.928
34,19,5,low,medium,223.0,0.9214876033057852
34,24,5,low,medium,226.0,0.9338842975206612
34,20,5,low,medium,236.0,0.9516129032258065
34,17,5,low,medium,266.0,0.926829268292683
34,42,5,low,medium,221.0,0.9132231404958677
34,33,5,low,medium,225.0,0.9297520661157025
34,16,5,low,medium,344.0,0.900523560209424
34,32,5,low,medium,231.0,0.9545454545454546
34,25,5,low,medium,280.0,0.958904109589041
31,214,5,low,medium,458.0,0.8544776119402985
34,40,5,low,medium,225.0,0.9297520661157025
34,51,5,low,medium,214.0,0.8842975206611571
34,53,5,low,medium,234.0,0.9669421487603306
34,62,5,low,medium,230.0,0.9504132231404959
34,66,5,low,medium,218.0,0.9008264462809917
34,57,5,low,medium,227.0,0.9380165289256198
34,70,5,low,medium,228.0,0.9421487603305785
34,54,5,low,medium,288.0,0.9201277955271565
34,81,5,low,medium,208.0,0.859504132231405
34,55,5,low,medium,342.0,0.9144385026737968
34,75,5,low,medium,213.0,0.8801652892561983
34,61,5,low,medium,304.0,0.8914956011730205
34,88,5,low,medium,231.0,0.9545454545454546
34,73,5,low,medium,249.0,0.9222222222222223
34,91,5,low,medium,207.0,0.8553719008264463
34,105,5,low,medium,227.0,0.9380165289256198
34,84,5,low,medium,243.0,0.9239543726235742
34,83,5,low,medium,308.0,0.88
34,89,5,low,medium,209.0,0.8636363636363636
34,108,5,low,medium,229.0,0.9462809917355371
34,97,5,low,medium,217.0,0.8966942148760331
34,143,5,low,medium,210.0,0.8677685950413223
34,115,5,low,medium,272.0,0.9477351916376306
34,121,5,low,medium,214.0,0.8842975206611571
34,117,5,low,medium,259.0,0.8720538720538721
34,133,5,low,medium,254.0,0.951310861423221
34,135,5,low,medium,279.0,0.9587628865979382
34,145,5,low,medium,249.0,0.9841897233201581
34,147,5,low,medium,228.0,0.9421487603305785
34,155,5,low,medium,210.0,0.8677685950413223
34,142,5,low,medium,310.0,0.8908045977011494
34,171,5,low,medium,212.0,0.8760330578512396
34,203,5,low,medium,230.0,0.9504132231404959
34,192,5,low,medium,225.0,0.9297520661157025
34,168,5,low,medium,244.0,0.9644268774703557
34,158,5,low,medium,272.0,0.951048951048951
34,202,5,low,medium,216.0,0.8925619834710744
34,166,5,low,medium,291.0,0.9540983606557377
34,169,5,low,medium,251.0,0.8625429553264605
34,210,5,low,medium,200.0,0.8264462809917356
34,215,5,low,medium,222.0,0.9173553719008265
34,151,5,low,medium,602.0,0.9495268138801262
34,207,5,low,medium,228.0,0.8735632183908046
35,6,5,low,medium,221.0,0.8339622641509434
35,4,5,low,medium,226.0,0.8528301886792453
34,206,5,low,medium,323.0,0.8613333333333333
35,19,5,low,medium,221.0,0.8339622641509434
35,20,5,low,medium,236.0,0.8905660377358491
35,16,5,low,medium,319.0,0.8350785340314136
35,17,5,low,medium,252.0,0.8780487804878049
35,33,5,low,medium,258.0,0.9735849056603774
35,24,5,low,medium,249.0,0.939622641509434
34,214,5,low,medium,499.0,0.9309701492537313
35,32,5,low,medium,223.0,0.8415094339622642
35,42,5,low,medium,255.0,0.9622641509433962
35,25,5,low,medium,257.0,0.8801369863013698
35,53,5,low,medium,237.0,0.8943396226415095
35,51,5,low,medium,243.0,0.9169811320754717
35,40,5,low,medium,226.0,0.8528301886792453
35,62,5,low,medium,236.0,0.8905660377358491
35,57,5,low,medium,234.0,0.8830188679245283
35,66,5,low,medium,251.0,0.9471698113207547
35,70,5,low,medium,233.0,0.879245283018868
35,54,5,low,medium,304.0,0.9712460063897763
35,81,5,low,medium,247.0,0.9320754716981132
35,55,5,low,medium,307.0,0.820855614973262
35,75,5,low,medium,251.0,0.9471698113207547
35,61,5,low,medium,329.0,0.9648093841642229
35,88,5,low,medium,224.0,0.8452830188679246
35,73,5,low,medium,259.0,0.9592592592592593
35,91,5,low,medium,248.0,0.9358490566037736
35,84,5,low,medium,259.0,0.9773584905660377
35,105,5,low,medium,231.0,0.8716981132075472
35,108,5,low,medium,250.0,0.9433962264150944
35,89,5,low,medium,251.0,0.9471698113207547
35,83,5,low,medium,329.0,0.94
35,97,5,low,medium,242.0,0.9132075471698113
35,143,5,low,medium,251.0,0.9471698113207547
35,121,5,low,medium,246.0,0.9283018867924528
35,115,5,low,medium,262.0,0.9128919860627178
35,117,5,low,medium,284.0,0.9562289562289562
35,133,5,low,medium,245.0,0.9176029962546817
35,145,5,low,medium,250.0,0.9433962264150944
35,135,5,low,medium,265.0,0.9106529209621993
35,147,5,low,medium,225.0,0.8490566037735849
35,155,5,low,medium,247.0,0.9320754716981132
35,142,5,low,medium,321.0,0.9224137931034483
35,171,5,low,medium,250.0,0.9433962264150944
35,192,5,low,medium,217.0,0.8188679245283019
35,158,5,low,medium,230.0,0.8041958041958042
35,168,5,low,medium,237.0,0.8943396226415095
35,203,5,low,medium,239.0,0.9018867924528302
35,169,5,low,medium,277.0,0.9518900343642611
35,202,5,low,medium,251.0,0.9471698113207547
35,166,5,low,medium,282.0,0.9245901639344263
35,210,5,low,medium,243.0,0.9169811320754717
35,151,5,low,medium,558.0,0.8801261829652997
35,215,5,low,medium,248.0,0.9358490566037736
35,207,5,low,medium,247.0,0.9320754716981132
37,4,5,low,medium,238.0,0.9224806201550387
37,6,5,low,medium,223.0,0.8643410852713178
35,206,5,low,medium,345.0,0.92
37,19,5,low,medium,215.0,0.8333333333333334
37,24,5,low,medium,242.0,0.937984496124031
37,20,5,low,medium,243.0,0.9418604651162791
37,16,5,low,medium,323.0,0.8455497382198953
37,17,5,low,medium,268.0,0.9337979094076655
37,33,5,low,medium,246.0,0.9534883720930233
37,42,5,low,medium,251.0,0.9728682170542635
35,214,5,low,medium,467.0,0.871268656716418
37,25,5,low,medium,275.0,0.9417808219178082
37,32,5,low,medium,232.0,0.8992248062015504
37,40,5,low,medium,238.0,0.9224806201550387
37,53,5,low,medium,214.0,0.8294573643410853
37,51,5,low,medium,243.0,0.9418604651162791
37,62,5,low,medium,225.0,0.872093023255814
37,57,5,low,medium,232.0,0.8992248062015504
37,66,5,low,medium,246.0,0.9534883720930233
37,70,5,low,medium,210.0,0.813953488372093
37,54,5,low,medium,310.0,0.9904153354632588
37,81,5,low,medium,240.0,0.9302325581395349
37,73,5,low,medium,261.0,0.9666666666666667
37,75,5,low,medium,240.0,0.9302325581395349
37,61,5,low,medium,331.0,0.9706744868035191
37,55,5,low,medium,334.0,0.893048128342246
37,88,5,low,medium,224.0,0.8682170542635659
37,84,5,low,medium,260.0,0.9885931558935361
37,91,5,low,medium,239.0,0.9263565891472868
37,108,5,low,medium,243.0,0.9418604651162791
37,105,5,low,medium,211.0,0.8178294573643411
37,83,5,low,medium,334.0,0.9542857142857143
37,89,5,low,medium,249.0,0.9651162790697675
37,97,5,low,medium,244.0,0.9457364341085271
37,121,5,low,medium,242.0,0.937984496124031
37,143,5,low,medium,247.0,0.9573643410852714
37,115,5,low,medium,255.0,0.8885017421602788
37,117,5,low,medium,283.0,0.9528619528619529
37,133,5,low,medium,247.0,0.9250936329588015
37,135,5,low,medium,253.0,0.8694158075601375
37,145,5,low,medium,226.0,0.875968992248062
37,147,5,low,medium,223.0,0.8643410852713178
37,155,5,low,medium,247.0,0.9573643410852714
37,142,5,low,medium,332.0,0.9540229885057471
37,192,5,low,medium,220.0,0.8527131782945736
37,171,5,low,medium,242.0,0.937984496124031
37,158,5,low,medium,259.0,0.9055944055944056
37,203,5,low,medium,236.0,0.9147286821705426
37,168,5,low,medium,242.0,0.937984496124031
37,166,5,low,medium,270.0,0.8852459016393442
37,202,5,low,medium,242.0,0.937984496124031
37,169,5,low,medium,282.0,0.9690721649484536
37,210,5,low,medium,239.0,0.9263565891472868
37,207,5,low,medium,248.0,0.9501915708812261
37,215,5,low,medium,247.0,0.9573643410852714
37,151,5,low,medium,566.0,0.8927444794952681
41,6,5,low,medium,281.0,0.8438438438438438
37,206,5,low,medium,347.0,0.9253333333333333
41,4,5,low,medium,292.0,0.8768768768768769
41,19,5,low,medium,275.0,0.8258258258258259
37,214,5,low,medium,478.0,0.8917910447761194
41,20,5,low,medium,263.0,0.7897897897897898
41,24,5,low,medium,307.0,0.9219219219219219
41,17,5,low,medium,277.0,0.8318318318318318
41,33,5,low,medium,319.0,0.9579579579579579
41,42,5,low,medium,325.0,0.975975975975976
41,16,5,low,medium,301.0,0.7879581151832461
41,32,5,low,medium,257.0,0.7717717717717718
41,25,5,low,medium,296.0,0.8888888888888888
41,51,5,low,medium,314.0,0.9429429429429429
41,40,5,low,medium,273.0,0.8198198198198198
41,53,5,low,medium,268.0,0.8048048048048048
41,62,5,low,medium,290.0,0.8708708708708709
41,66,5,low,medium,317.0,0.9519519519519519
41,70,5,low,medium,282.0,0.8468468468468469
41,57,5,low,medium,284.0,0.8528528528528528
41,54,5,low,medium,325.0,0.975975975975976
41,81,5,low,medium,309.0,0.9279279279279279
41,75,5,low,medium,315.0,0.9459459459459459
41,73,5,low,medium,316.0,0.948948948948949
41,55,5,low,medium,332.0,0.8877005347593583
41,61,5,low,medium,335.0,0.9824046920821115
41,88,5,low,medium,292.0,0.8768768768768769
41,91,5,low,medium,317.0,0.9519519519519519
41,84,5,low,medium,319.0,0.9579579579579579
41,83,5,low,medium,337.0,0.9628571428571429
41,89,5,low,medium,313.0,0.93993993993994
41,105,5,low,medium,282.0,0.8468468468468469
41,108,5,low,medium,319.0,0.9579579579579579
41,97,5,low,medium,300.0,0.9009009009009009
41,143,5,low,medium,321.0,0.963963963963964
41,121,5,low,medium,308.0,0.924924924924925
41,115,5,low,medium,300.0,0.9009009009009009
41,117,5,low,medium,317.0,0.9519519519519519
41,133,5,low,medium,277.0,0.8318318318318318
41,145,5,low,medium,264.0,0.7927927927927928
41,147,5,low,medium,274.0,0.8228228228228228
41,135,5,low,medium,300.0,0.9009009009009009
41,155,5,low,medium,315.0,0.9459459459459459
41,142,5,low,medium,336.0,0.9655172413793104
41,171,5,low,medium,309.0,0.9279279279279279
41,192,5,low,medium,273.0,0.8198198198198198
41,158,5,low,medium,272.0,0.8168168168168168
41,203,5,low,medium,307.0,0.9219219219219219
41,168,5,low,medium,291.0,0.8738738738738738
41,202,5,low,medium,317.0,0.9519519519519519
41,169,5,low,medium,318.0,0.954954954954955
41,166,5,low,medium,307.0,0.9219219219219219
41,210,5,low,medium,308.0,0.924924924924925
43,6,5,low,medium,199.0,0.961352657004831
43,4,5,low,medium,226.0,0.9416666666666667
41,151,5,low,medium,565.0,0.8911671924290221
43,19,5,low,medium,148.0,0.9548387096774194
41,215,5,low,medium,319.0,0.9579579579579579
41,207,5,low,medium,314.0,0.9429429429429429
43,17,5,low,medium,269.0,0.9372822299651568
43,20,5,low,medium,234.0,0.9435483870967742
41,206,5,low,medium,353.0,0.9413333333333334
43,33,5,low,medium,149.0,0.9612903225806452
43,16,5,low,medium,356.0,0.9319371727748691
43,24,5,low,medium,174.0,0.9015544041450777
43,42,5,low,medium,140.0,0.9032258064516129
43,32,5,low,medium,211.0,0.9254385964912281
43,40,5,low,medium,169.0,0.9657142857142857
43,25,5,low,medium,278.0,0.952054794520548
43,51,5,low,medium,147.0,0.9483870967741935
43,53,5,low,medium,149.0,0.9612903225806452
43,57,5,low,medium,176.0,0.9312169312169312
43,62,5,low,medium,144.0,0.9290322580645162
43,66,5,low,medium,134.0,0.864516129032258
43,70,5,low,medium,142.0,0.9161290322580645
43,54,5,low,medium,289.0,0.9233226837060703
43,55,5,low,medium,351.0,0.9385026737967914
43,81,5,low,medium,134.0,0.864516129032258
41,214,5,low,medium,467.0,0.871268656716418
43,61,5,low,medium,311.0,0.9120234604105572
43,75,5,low,medium,181.0,0.9141414141414141
43,88,5,low,medium,145.0,0.9354838709677419
43,73,5,low,medium,245.0,0.9074074074074074
43,91,5,low,medium,150.0,0.967741935483871
43,84,5,low,medium,244.0,0.9277566539923955
43,83,5,low,medium,317.0,0.9057142857142857
43,105,5,low,medium,154.0,0.927710843373494
43,97,5,low,medium,209.0,0.908695652173913
43,89,5,low,medium,200.0,0.8928571428571429
43,108,5,low,medium,149.0,0.9612903225806452
43,143,5,low,medium,135.0,0.8709677419354839
43,121,5,low,medium,165.0,0.9322033898305084
43,115,5,low,medium,267.0,0.9303135888501742
43,117,5,low,medium,268.0,0.9023569023569024
43,133,5,low,medium,241.0,0.9026217228464419
43,135,5,low,medium,276.0,0.9484536082474226
43,145,5,low,medium,234.0,0.924901185770751
43,147,5,low,medium,166.0,0.9378531073446328
43,142,5,low,medium,320.0,0.9195402298850575
43,155,5,low,medium,157.0,0.9235294117647059
43,171,5,low,medium,147.0,0.9363057324840764
43,158,5,low,medium,267.0,0.9335664335664335
43,203,5,low,medium,147.0,0.9483870967741935
43,192,5,low,medium,150.0,0.967741935483871
43,168,5,low,medium,236.0,0.932806324110672
43,202,5,low,medium,170.0,0.8994708994708994
43,166,5,low,medium,285.0,0.9344262295081968
43,169,5,low,medium,262.0,0.9003436426116839
43,210,5,low,medium,142.0,0.9161290322580645
43,151,5,low,medium,603.0,0.9511041009463722
43,215,5,low,medium,183.0,0.9631578947368421
43,207,5,low,medium,239.0,0.9157088122605364
44,6,5,low,medium,195.0,0.9420289855072463
44,4,5,low,medium,229.0,0.9541666666666667
43,206,5,low,medium,327.0,0.872
44,19,5,low,medium,156.0,0.9811320754716981
44,20,5,low,medium,235.0,0.9475806451612904
44,24,5,low,medium,165.0,0.8549222797927462
44,17,5,low,medium,271.0,0.9442508710801394
43,214,5,low,medium,511.0,0.9533582089552238
44,32,5,low,medium,215.0,0.9429824561403509
44,33,5,low,medium,153.0,0.9622641509433962
44,42,5,low,medium,138.0,0.8679245283018868
44,25,5,low,medium,281.0,0.9623287671232876
44,16,5,low,medium,362.0,0.9476439790575916
44,40,5,low,medium,169.0,0.9657142857142857
44,53,5,low,medium,155.0,0.9748427672955975
44,51,5,low,medium,143.0,0.89937106918239
44,62,5,low,medium,147.0,0.9245283018867925
44,66,5,low,medium,147.0,0.9245283018867925
44,57,5,low,medium,182.0,0.9629629629629629
44,70,5,low,medium,151.0,0.949685534591195
44,54,5,low,medium,279.0,0.8913738019169329
44,81,5,low,medium,141.0,0.8867924528301887
44,75,5,low,medium,178.0,0.898989898989899
44,61,5,low,medium,309.0,0.906158357771261
44,55,5,low,medium,355.0,0.9491978609625669
44,73,5,low,medium,236.0,0.8740740740740741
44,88,5,low,medium,152.0,0.9559748427672956
44,91,5,low,medium,138.0,0.8679245283018868
44,84,5,low,medium,236.0,0.8973384030418251
44,89,5,low,medium,177.0,0.7901785714285714
44,105,5,low,medium,161.0,0.9698795180722891
44,83,5,low,medium,316.0,0.9028571428571428
44,108,5,low,medium,152.0,0.9559748427672956
44,97,5,low,medium,200.0,0.8695652173913043
44,143,5,low,medium,138.0,0.8679245283018868
44,121,5,low,medium,166.0,0.9378531073446328
44,115,5,low,medium,271.0,0.9442508710801394
44,117,5,low,medium,266.0,0.8956228956228957
44,147,5,low,medium,170.0,0.96045197740113
44,145,5,low,medium,243.0,0.9604743083003953
44,133,5,low,medium,251.0,0.9400749063670412
44,135,5,low,medium,273.0,0.9381443298969072
44,142,5,low,medium,306.0,0.8793103448275862
44,155,5,low,medium,150.0,0.8823529411764706
44,171,5,low,medium,151.0,0.949685534591195
44,158,5,low,medium,268.0,0.9370629370629371
44,192,5,low,medium,153.0,0.9622641509433962
44,168,5,low,medium,241.0,0.9525691699604744
44,203,5,low,medium,152.0,0.9559748427672956
44,202,5,low,medium,179.0,0.9470899470899471
44,166,5,low,medium,294.0,0.9639344262295082
44,169,5,low,medium,262.0,0.9003436426116839
44,210,5,low,medium,148.0,0.9308176100628931
44,215,5,low,medium,172.0,0.9052631578947369
56,6,5,low,medium,195.0,0.9420289855072463
44,207,5,low,medium,218.0,0.8352490421455939
44,151,5,low,medium,609.0,0.9605678233438486
56,4,5,low,medium,219.0,0.9125
44,206,5,low,medium,332.0,0.8853333333333333
56,19,5,low,medium,140.0,0.9859154929577465
56,24,5,low,medium,159.0,0.8238341968911918
56,20,5,low,medium,231.0,0.9314516129032258
56,17,5,low,medium,261.0,0.9094076655052264
56,16,5,low,medium,358.0,0.93717277486911
56,42,5,low,medium,126.0,0.8873239436619719
56,33,5,low,medium,141.0,0.9724137931034482
56,25,5,low,medium,279.0,0.9554794520547946
56,32,5,low,medium,207.0,0.9078947368421053
44,214,5,low,medium,515.0,0.960820895522388
56,40,5,low,medium,160.0,0.9142857142857143
56,53,5,low,medium,141.0,0.9929577464788732
56,51,5,low,medium,129.0,0.8896551724137931
56,62,5,low,medium,137.0,0.9647887323943662
56,57,5,low,medium,176.0,0.9312169312169312
56,66,5,low,medium,132.0,0.9295774647887324
56,70,5,low,medium,139.0,0.9788732394366197
56,54,5,low,medium,282.0,0.9009584664536742
56,81,5,low,medium,131.0,0.9225352112676056
56,55,5,low,medium,343.0,0.9171122994652406
56,75,5,low,medium,178.0,0.898989898989899
56,61,5,low,medium,307.0,0.9002932551319648
56,73,5,low,medium,234.0,0.8666666666666667
56,88,5,low,medium,137.0,0.9647887323943662
56,91,5,low,medium,133.0,0.9366197183098591
56,84,5,low,medium,227.0,0.8631178707224335
56,105,5,low,medium,160.0,0.963855421686747
56,108,5,low,medium,151.0,0.9741935483870968
56,89,5,low,medium,181.0,0.8080357142857143
56,83,5,low,medium,312.0,0.8914285714285715
56,97,5,low,medium,197.0,0.8565217391304348
56,143,5,low,medium,121.0,0.852112676056338
56,115,5,low,medium,273.0,0.9512195121951219
56,121,5,low,medium,163.0,0.9209039548022598
56,117,5,low,medium,255.0,0.8585858585858586
56,135,5,low,medium,272.0,0.9347079037800687
56,133,5,low,medium,247.0,0.9250936329588015
56,145,5,low,medium,238.0,0.9407114624505929
56,147,5,low,medium,167.0,0.943502824858757
56,142,5,low,medium,305.0,0.8764367816091954
56,155,5,low,medium,145.0,0.8529411764705882
56,171,5,low,medium,143.0,0.910828025477707
56,192,5,low,medium,141.0,0.9215686274509803
56,168,5,low,medium,233.0,0.9209486166007905
56,158,5,low,medium,268.0,0.9370629370629371
56,203,5,low,medium,133.0,0.9366197183098591
56,166,5,low,medium,290.0,0.9508196721311475
56,202,5,low,medium,175.0,0.9259259259259259
56,169,5,low,medium,262.0,0.9003436426116839
56,210,5,low,medium,134.0,0.9436619718309859
56,151,5,low,medium,610.0,0.9621451104100947
56,207,5,low,medium,229.0,0.8773946360153256
56,215,5,low,medium,181.0,0.9526315789473684
56,206,5,low,medium,322.0,0.8586666666666667
60,6,5,low,medium,251.0,0.98046875
60,4,5,low,medium,244.0,0.953125
60,19,5,low,medium,228.0,0.890625
56,214,5,low,medium,508.0,0.9477611940298507
60,17,5,low,medium,272.0,0.9477351916376306
60,20,5,low,medium,250.0,0.9765625
60,24,5,low,medium,226.0,0.8828125
60,33,5,low,medium,229.0,0.89453125
60,42,5,low,medium,237.0,0.92578125
60,16,5,low,medium,359.0,0.9397905759162304
60,32,5,low,medium,247.0,0.96484375
60,40,5,low,medium,238.0,0.9296875
60,25,5,low,medium,281.0,0.9623287671232876
60,51,5,low,medium,213.0,0.83203125
60,53,5,low,medium,247.0,0.96484375
60,62,5,low,medium,238.0,0.9296875
60,57,5,low,medium,241.0,0.94140625
60,66,5,low,medium,233.0,0.91015625
60,70,5,low,medium,246.0,0.9609375
60,54,5,low,medium,284.0,0.9073482428115016
60,81,5,low,medium,223.0,0.87109375
60,75,5,low,medium,226.0,0.8828125
60,61,5,low,medium,302.0,0.8856304985337243
60,73,5,low,medium,238.0,0.8814814814814815
60,55,5,low,medium,348.0,0.93048128342246
60,88,5,low,medium,241.0,0.94140625
60,84,5,low,medium,245.0,0.9315589353612167
60,91,5,low,medium,208.0,0.8125
60,105,5,low,medium,238.0,0.9296875
60,108,5,low,medium,230.0,0.8984375
60,89,5,low,medium,219.0,0.85546875
60,97,5,low,medium,221.0,0.86328125
60,83,5,low,medium,309.0,0.8828571428571429
60,143,5,low,medium,223.0,0.87109375
60,121,5,low,medium,225.0,0.87890625
60,115,5,low,medium,280.0,0.975609756097561
60,117,5,low,medium,266.0,0.8956228956228957
60,133,5,low,medium,255.0,0.9550561797752809
60,145,5,low,medium,254.0,0.9921875
60,147,5,low,medium,238.0,0.9296875
60,135,5,low,medium,282.0,0.9690721649484536
60,155,5,low,medium,223.0,0.87109375
60,142,5,low,medium,293.0,0.8419540229885057
60,171,5,low,medium,223.0,0.87109375
60,192,5,low,medium,235.0,0.91796875
60,203,5,low,medium,240.0,0.9375
60,168,5,low,medium,250.0,0.9765625
60,158,5,low,medium,268.0,0.9370629370629371
60,166,5,low,medium,291.0,0.9540983606557377
60,202,5,low,medium,237.0,0.92578125
60,169,5,low,medium,263.0,0.9037800687285223
60,210,5,low,medium,216.0,0.84375
60,215,5,low,medium,219.0,0.85546875
60,207,5,low,medium,226.0,0.8659003831417624
60,151,5,low,medium,594.0,0.9369085173501577
63,6,5,low,medium,266.0,0.9466192170818505
63,4,5,low,medium,260.0,0.9252669039145908
60,206,5,low,medium,340.0,0.9066666666666666
63,19,5,low,medium,258.0,0.9181494661921709
63,24,5,low,medium,245.0,0.8718861209964412
63,17,5,low,medium,278.0,0.9686411149825784
63,20,5,low,medium,274.0,0.9750889679715302
60,214,5,low,medium,502.0,0.9365671641791045
63,33,5,low,medium,249.0,0.8861209964412812
63,16,5,low,medium,356.0,0.9319371727748691
63,42,5,low,medium,259.0,0.9217081850533808
63,32,5,low,medium,261.0,0.9288256227758007
63,25,5,low,medium,287.0,0.9828767123287672
63,53,5,low,medium,266.0,0.9466192170818505
63,40,5,low,medium,258.0,0.9181494661921709
63,51,5,low,medium,251.0,0.8932384341637011
63,62,5,low,medium,253.0,0.900355871886121
63,57,5,low,medium,261.0,0.9288256227758007
63,66,5,low,medium,254.0,0.9039145907473309
63,70,5,low,medium,257.0,0.9145907473309609
63,54,5,low,medium,284.0,0.9073482428115016
63,81,5,low,medium,247.0,0.8790035587188612
63,55,5,low,medium,349.0,0.9331550802139037
63,88,5,low,medium,257.0,0.9145907473309609
63,75,5,low,medium,236.0,0.8398576512455516
63,61,5,low,medium,303.0,0.8885630498533724
63,73,5,low,medium,267.0,0.9501779359430605
63,84,5,low,medium,262.0,0.9323843416370107
63,91,5,low,medium,247.0,0.8790035587188612
63,105,5,low,medium,252.0,0.896797153024911
63,108,5,low,medium,258.0,0.9181494661921709
63,89,5,low,medium,260.0,0.9252669039145908
63,83,5,low,medium,320.0,0.9142857142857143
63,97,5,low,medium,262.0,0.9323843416370107
63,143,5,low,medium,253.0,0.900355871886121
63,121,5,low,medium,256.0,0.9110320284697508
63,115,5,low,medium,275.0,0.9581881533101045
63,117,5,low,medium,271.0,0.9124579124579124
63,133,5,low,medium,261.0,0.9288256227758007
63,147,5,low,medium,255.0,0.9074733096085409
63,135,5,low,medium,283.0,0.9725085910652921
63,145,5,low,medium,263.0,0.9359430604982206
63,155,5,low,medium,249.0,0.8861209964412812
63,142,5,low,medium,317.0,0.9109195402298851
63,171,5,low,medium,253.0,0.900355871886121
63,192,5,low,medium,261.0,0.9288256227758007
63,158,5,low,medium,278.0,0.972027972027972
63,203,5,low,medium,268.0,0.9537366548042705
63,168,5,low,medium,263.0,0.9359430604982206
63,202,5,low,medium,249.0,0.8861209964412812
63,166,5,low,medium,292.0,0.9573770491803278
63,169,5,low,medium,272.0,0.9347079037800687
63,210,5,low,medium,252.0,0.896797153024911
63,151,5,low,medium,588.0,0.9274447949526814
63,207,5,low,medium,263.0,0.9359430604982206
63,215,5,low,medium,259.0,0.9217081850533808
64,6,5,low,medium,355.0,0.962059620596206
63,206,5,low,medium,336.0,0.896
64,4,5,low,medium,346.0,0.9376693766937669
64,19,5,low,medium,348.0,0.943089430894309
64,20,5,low,medium,355.0,0.962059620596206
63,214,5,low,medium,501.0,0.9347014925373134
64,24,5,low,medium,333.0,0.9024390243902439
64,17,5,low,medium,353.0,0.9566395663956639
64,33,5,low,medium,340.0,0.9214092140921409
64,32,5,low,medium,355.0,0.962059620596206
64,42,5,low,medium,349.0,0.94579945799458
64,16,5,low,medium,378.0,0.9895287958115183
64,25,5,low,medium,360.0,0.975609756097561
64,53,5,low,medium,352.0,0.9539295392953929
64,51,5,low,medium,342.0,0.926829268292683
64,40,5,low,medium,352.0,0.9539295392953929
64,62,5,low,medium,345.0,0.9349593495934959
64,57,5,low,medium,345.0,0.9349593495934959
64,66,5,low,medium,344.0,0.9322493224932249
64,70,5,low,medium,354.0,0.959349593495935
64,54,5,low,medium,348.0,0.943089430894309
64,81,5,low,medium,343.0,0.9295392953929539
64,61,5,low,medium,357.0,0.967479674796748
64,55,5,low,medium,365.0,0.9759358288770054
64,73,5,low,medium,338.0,0.9159891598915989
64,75,5,low,medium,337.0,0.9132791327913279
64,88,5,low,medium,351.0,0.9512195121951219
64,84,5,low,medium,345.0,0.9349593495934959
64,91,5,low,medium,343.0,0.9295392953929539
64,108,5,low,medium,335.0,0.907859078590786
64,105,5,low,medium,353.0,0.9566395663956639
64,89,5,low,medium,342.0,0.926829268292683
64,83,5,low,medium,353.0,0.9566395663956639
64,97,5,low,medium,348.0,0.943089430894309
64,115,5,low,medium,358.0,0.9701897018970189
64,143,5,low,medium,339.0,0.9186991869918699
64,121,5,low,medium,340.0,0.9214092140921409
64,117,5,low,medium,352.0,0.9539295392953929
64,147,5,low,medium,351.0,0.9512195121951219
64,133,5,low,medium,360.0,0.975609756097561
64,135,5,low,medium,352.0,0.9539295392953929
64,145,5,low,medium,353.0,0.9566395663956639
64,155,5,low,medium,340.0,0.9214092140921409
64,142,5,low,medium,353.0,0.9566395663956639
64,171,5,low,medium,341.0,0.924119241192412
64,192,5,low,medium,346.0,0.9376693766937669
64,158,5,low,medium,357.0,0.967479674796748
64,203,5,low,medium,357.0,0.967479674796748
64,168,5,low,medium,344.0,0.9322493224932249
64,202,5,low,medium,333.0,0.9024390243902439
64,169,5,low,medium,343.0,0.9295392953929539
64,166,5,low,medium,357.0,0.967479674796748
65,6,5,low,medium,179.0,0.8647342995169082
65,4,5,low,medium,219.0,0.9125
64,210,5,low,medium,342.0,0.926829268292683
65,19,5,low,medium,117.0,0.8540145985401459
65,17,5,low,medium,254.0,0.8850174216027874
64,215,5,low,medium,340.0,0.9214092140921409
65,16,5,low,medium,334.0,0.8743455497382199
64,207,5,low,medium,348.0,0.943089430894309
65,24,5,low,medium,176.0,0.9119170984455959
65,20,5,low,medium,215.0,0.8669354838709677
64,151,5,low,medium,602.0,0.9495268138801262
65,33,5,low,medium,141.0,0.9724137931034482
65,42,5,low,medium,94.0,0.9494949494949495
65,32,5,low,medium,198.0,0.868421052631579
65,25,5,low,medium,256.0,0.8767123287671232
65,40,5,low,medium,154.0,0.88
65,51,5,low,medium,133.0,0.9172413793103448
65,53,5,low,medium,109.0,0.8195488721804511
64,206,5,low,medium,357.0,0.952
65,62,5,low,medium,95.0,0.95
65,66,5,low,medium,113.0,0.9826086956521739
65,57,5,low,medium,163.0,0.8624338624338624
65,54,5,low,medium,307.0,0.9808306709265175
65,70,5,low,medium,110.0,0.8527131782945736
65,81,5,low,medium,120.0,0.9523809523809523
65,55,5,low,medium,333.0,0.8903743315508021
65,61,5,low,medium,331.0,0.9706744868035191
65,75,5,low,medium,184.0,0.9292929292929293
65,73,5,low,medium,258.0,0.9555555555555556
65,88,5,low,medium,103.0,0.911504424778761
65,84,5,low,medium,252.0,0.9581749049429658
65,91,5,low,medium,137.0,0.9647887323943662
65,89,5,low,medium,214.0,0.9553571428571429
65,83,5,low,medium,331.0,0.9457142857142857
65,105,5,low,medium,142.0,0.8554216867469879
65,97,5,low,medium,211.0,0.9173913043478261
65,108,5,low,medium,150.0,0.967741935483871
65,121,5,low,medium,168.0,0.9491525423728814
65,143,5,low,medium,98.0,0.98989898989899
65,115,5,low,medium,251.0,0.8745644599303136
64,214,5,low,medium,506.0,0.9440298507462687
65,117,5,low,medium,282.0,0.9494949494949495
65,133,5,low,medium,225.0,0.8426966292134831
65,135,5,low,medium,257.0,0.8831615120274914
65,147,5,low,medium,152.0,0.8587570621468926
65,142,5,low,medium,329.0,0.9454022988505747
65,145,5,low,medium,221.0,0.8735177865612648
65,155,5,low,medium,164.0,0.9647058823529412
65,158,5,low,medium,251.0,0.8776223776223776
65,168,5,low,medium,226.0,0.8932806324110671
65,203,5,low,medium,86.0,0.8686868686868687
65,171,5,low,medium,148.0,0.9426751592356688
65,192,5,low,medium,138.0,0.9019607843137255
65,166,5,low,medium,275.0,0.9016393442622951
65,169,5,low,medium,276.0,0.9484536082474226
65,202,5,low,medium,177.0,0.9365079365079365
65,210,5,low,medium,110.0,0.9090909090909091
65,215,5,low,medium,181.0,0.9526315789473684
65,151,5,low,medium,585.0,0.9227129337539433
65,207,5,low,medium,246.0,0.9425287356321839
65,206,5,low,medium,355.0,0.9466666666666667
65,214,5,low,medium,502.0,0.9365671641791045
74,19,5,low,medium,113.0,0.8248175182481752
74,24,5,low,medium,171.0,0.8860103626943006
74,6,5,low,medium,170.0,0.821256038647343
74,4,5,low,medium,208.0,0.8666666666666667
74,20,5,low,medium,208.0,0.8387096774193549
74,17,5,low,medium,242.0,0.8432055749128919
74,42,5,low,medium,90.0,0.9278350515463918
74,33,5,low,medium,140.0,0.9655172413793104
74,16,5,low,medium,325.0,0.8507853403141361
74,40,5,low,medium,154.0,0.88
74,32,5,low,medium,177.0,0.7763157894736842
74,25,5,low,medium,252.0,0.863013698630137
74,51,5,low,medium,135.0,0.9310344827586207
74,53,5,low,medium,114.0,0.8571428571428571
74,62,5,low,medium,75.0,0.75
74,66,5,low,medium,111.0,0.9652173913043478
74,57,5,low,medium,168.0,0.8888888888888888
74,70,5,low,medium,117.0,0.9069767441860465
74,54,5,low,medium,299.0,0.9552715654952076
74,81,5,low,medium,117.0,0.9285714285714286
74,55,5,low,medium,322.0,0.8609625668449198
74,73,5,low,medium,255.0,0.9444444444444444
74,75,5,low,medium,186.0,0.9393939393939394
74,61,5,low,medium,327.0,0.9589442815249267
74,88,5,low,medium,96.0,0.8495575221238938
74,91,5,low,medium,129.0,0.9084507042253521
74,105,5,low,medium,147.0,0.8855421686746988
74,84,5,low,medium,255.0,0.9695817490494296
74,83,5,low,medium,338.0,0.9657142857142857
74,108,5,low,medium,144.0,0.9290322580645162
74,89,5,low,medium,206.0,0.9196428571428571
74,97,5,low,medium,211.0,0.9173913043478261
74,115,5,low,medium,243.0,0.8466898954703833
74,143,5,low,medium,91.0,0.9381443298969072
74,121,5,low,medium,170.0,0.96045197740113
74,133,5,low,medium,227.0,0.850187265917603
74,117,5,low,medium,284.0,0.9562289562289562
74,147,5,low,medium,137.0,0.7740112994350282
74,135,5,low,medium,248.0,0.852233676975945
74,145,5,low,medium,207.0,0.8181818181818182
74,155,5,low,medium,158.0,0.9294117647058824
74,142,5,low,medium,319.0,0.9166666666666666
74,171,5,low,medium,151.0,0.9617834394904459
74,168,5,low,medium,221.0,0.8735177865612648
74,192,5,low,medium,124.0,0.8104575163398693
74,158,5,low,medium,234.0,0.8181818181818182
74,166,5,low,medium,279.0,0.9147540983606557
74,169,5,low,medium,272.0,0.9347079037800687
74,203,5,low,medium,86.0,0.8865979381443299
74,202,5,low,medium,179.0,0.9470899470899471
74,210,5,low,medium,110.0,0.9090909090909091
74,151,5,low,medium,585.0,0.9227129337539433
74,215,5,low,medium,176.0,0.9263157894736842
74,207,5,low,medium,236.0,0.9042145593869731
74,206,5,low,medium,343.0,0.9146666666666666
74,214,5,low,medium,484.0,0.9029850746268657
77,19,5,low,medium,331.0,0.9403409090909091
77,6,5,low,medium,337.0,0.9573863636363636
77,4,5,low,medium,330.0,0.9375
77,24,5,low,medium,322.0,0.9147727272727273
77,20,5,low,medium,334.0,0.9488636363636364
77,17,5,low,medium,331.0,0.9403409090909091
77,42,5,low,medium,330.0,0.9375
77,33,5,low,medium,319.0,0.90625
77,16,5,low,medium,361.0,0.9450261780104712
77,32,5,low,medium,325.0,0.9232954545454546
77,40,5,low,medium,330.0,0.9375
77,25,5,low,medium,336.0,0.9545454545454546
77,53,5,low,medium,338.0,0.9602272727272727
77,51,5,low,medium,317.0,0.9005681818181818
77,62,5,low,medium,323.0,0.9176136363636364
77,66,5,low,medium,325.0,0.9232954545454546
77,57,5,low,medium,331.0,0.9403409090909091
77,70,5,low,medium,334.0,0.9488636363636364
77,54,5,low,medium,317.0,0.9005681818181818
77,81,5,low,medium,321.0,0.9119318181818182
77,55,5,low,medium,358.0,0.9572192513368984
77,75,5,low,medium,315.0,0.8948863636363636
77,61,5,low,medium,333.0,0.9460227272727273
77,73,5,low,medium,321.0,0.9119318181818182
77,88,5,low,medium,330.0,0.9375
77,91,5,low,medium,321.0,0.9119318181818182
77,84,5,low,medium,326.0,0.9261363636363636
77,108,5,low,medium,323.0,0.9176136363636364
77,105,5,low,medium,328.0,0.9318181818181818
77,89,5,low,medium,312.0,0.8863636363636364
77,83,5,low,medium,329.0,0.9346590909090909
77,97,5,low,medium,312.0,0.8863636363636364
77,143,5,low,medium,319.0,0.90625
77,121,5,low,medium,326.0,0.9261363636363636
77,115,5,low,medium,333.0,0.9460227272727273
77,117,5,low,medium,321.0,0.9119318181818182
77,145,5,low,medium,333.0,0.9460227272727273
77,133,5,low,medium,333.0,0.9460227272727273
77,147,5,low,medium,332.0,0.9431818181818182
77,135,5,low,medium,340.0,0.9659090909090909
77,155,5,low,medium,316.0,0.8977272727272727
77,142,5,low,medium,322.0,0.9147727272727273
77,171,5,low,medium,318.0,0.9034090909090909
77,192,5,low,medium,334.0,0.9488636363636364
77,203,5,low,medium,332.0,0.9431818181818182
77,158,5,low,medium,334.0,0.9488636363636364
77,168,5,low,medium,332.0,0.9431818181818182
77,169,5,low,medium,323.0,0.9176136363636364
77,202,5,low,medium,324.0,0.9204545454545454
77,166,5,low,medium,336.0,0.9545454545454546
77,210,5,low,medium,326.0,0.9261363636363636
78,6,5,low,medium,225.0,0.9656652360515021
78,4,5,low,medium,234.0,0.975
77,207,5,low,medium,323.0,0.9176136363636364
77,215,5,low,medium,316.0,0.8977272727272727
77,151,5,low,medium,601.0,0.9479495268138801
78,19,5,low,medium,216.0,0.927038626609442
77,206,5,low,medium,349.0,0.9306666666666666
78,16,5,low,medium,363.0,0.9502617801047121
78,24,5,low,medium,194.0,0.8326180257510729
78,17,5,low,medium,268.0,0.9337979094076655
78,20,5,low,medium,244.0,0.9838709677419355
78,42,5,low,medium,214.0,0.9184549356223176
78,33,5,low,medium,213.0,0.9141630901287554
78,25,5,low,medium,283.0,0.9691780821917808
78,32,5,low,medium,226.0,0.9699570815450643
78,51,5,low,medium,189.0,0.8111587982832618
78,40,5,low,medium,223.0,0.9570815450643777
78,53,5,low,medium,223.0,0.9570815450643777
77,214,5,low,medium,511.0,0.9533582089552238
78,62,5,low,medium,219.0,0.9399141630901288
78,66,5,low,medium,204.0,0.8755364806866953
78,57,5,low,medium,217.0,0.9313304721030042
78,70,5,low,medium,224.0,0.9613733905579399
78,54,5,low,medium,293.0,0.9361022364217252
78,81,5,low,medium,195.0,0.8369098712446352
78,75,5,low,medium,221.0,0.9484978540772532
78,55,5,low,medium,353.0,0.9438502673796791
78,88,5,low,medium,218.0,0.9356223175965666
78,61,5,low,medium,311.0,0.9120234604105572
78,73,5,low,medium,244.0,0.9037037037037037
78,84,5,low,medium,256.0,0.973384030418251
78,91,5,low,medium,184.0,0.7896995708154506
78,89,5,low,medium,218.0,0.9356223175965666
78,108,5,low,medium,204.0,0.8755364806866953
78,105,5,low,medium,225.0,0.9656652360515021
78,83,5,low,medium,324.0,0.9257142857142857
78,97,5,low,medium,220.0,0.944206008583691
78,143,5,low,medium,203.0,0.871244635193133
78,121,5,low,medium,206.0,0.8841201716738197
78,115,5,low,medium,275.0,0.9581881533101045
78,117,5,low,medium,276.0,0.9292929292929293
78,133,5,low,medium,254.0,0.951310861423221
78,135,5,low,medium,278.0,0.9553264604810997
78,145,5,low,medium,244.0,0.9644268774703557
78,147,5,low,medium,219.0,0.9399141630901288
78,142,5,low,medium,322.0,0.9252873563218391
78,155,5,low,medium,197.0,0.8454935622317596
78,171,5,low,medium,189.0,0.8111587982832618
78,158,5,low,medium,272.0,0.951048951048951
78,192,5,low,medium,221.0,0.9484978540772532
78,203,5,low,medium,225.0,0.9656652360515021
78,168,5,low,medium,246.0,0.9723320158102767
78,166,5,low,medium,294.0,0.9639344262295082
78,202,5,low,medium,204.0,0.8755364806866953
78,169,5,low,medium,275.0,0.9450171821305842
78,210,5,low,medium,196.0,0.8412017167381974
78,207,5,low,medium,243.0,0.9310344827586207
78,151,5,low,medium,613.0,0.9668769716088328
78,215,5,low,medium,216.0,0.927038626609442
79,4,5,low,medium,255.0,0.9659090909090909
79,6,5,low,medium,254.0,0.9621212121212122
78,206,5,low,medium,334.0,0.8906666666666667
79,19,5,low,medium,238.0,0.9015151515151515
78,214,5,low,medium,513.0,0.957089552238806
79,20,5,low,medium,253.0,0.9583333333333334
79,24,5,low,medium,226.0,0.8560606060606061
79,17,5,low,medium,272.0,0.9477351916376306
79,33,5,low,medium,238.0,0.9015151515151515
79,16,5,low,medium,355.0,0.9293193717277487
79,42,5,low,medium,243.0,0.9204545454545454
79,32,5,low,medium,252.0,0.9545454545454546
79,25,5,low,medium,283.0,0.9691780821917808
79,53,5,low,medium,253.0,0.9583333333333334
79,51,5,low,medium,220.0,0.8333333333333334
79,40,5,low,medium,240.0,0.9090909090909091
79,62,5,low,medium,247.0,0.9356060606060606
79,57,5,low,medium,243.0,0.9204545454545454
79,66,5,low,medium,240.0,0.9090909090909091
79,70,5,low,medium,253.0,0.9583333333333334
79,54,5,low,medium,295.0,0.9424920127795527
79,55,5,low,medium,350.0,0.9358288770053476
79,75,5,low,medium,241.0,0.9128787878787878
79,81,5,low,medium,233.0,0.8825757575757576
79,61,5,low,medium,304.0,0.8914956011730205
79,73,5,low,medium,255.0,0.9444444444444444
79,88,5,low,medium,248.0,0.9393939393939394
79,84,5,low,medium,257.0,0.9734848484848485
79,91,5,low,medium,231.0,0.875
79,83,5,low,medium,314.0,0.8971428571428571
79,105,5,low,medium,250.0,0.946969696969697
79,108,5,low,medium,239.0,0.9053030303030303
79,97,5,low,medium,224.0,0.8484848484848485
79,89,5,low,medium,234.0,0.8863636363636364
79,143,5,low,medium,236.0,0.8939393939393939
79,121,5,low,medium,243.0,0.9204545454545454
79,115,5,low,medium,278.0,0.9686411149825784
79,117,5,low,medium,282.0,0.9494949494949495
79,145,5,low,medium,261.0,0.9886363636363636
79,133,5,low,medium,264.0,0.9887640449438202
79,135,5,low,medium,279.0,0.9587628865979382
79,147,5,low,medium,247.0,0.9356060606060606
79,155,5,low,medium,230.0,0.8712121212121212
79,142,5,low,medium,303.0,0.8706896551724138
79,171,5,low,medium,230.0,0.8712121212121212
79,203,5,low,medium,252.0,0.9545454545454546
79,192,5,low,medium,244.0,0.9242424242424242
79,166,5,low,medium,290.0,0.9508196721311475
79,158,5,low,medium,276.0,0.965034965034965
79,168,5,low,medium,251.0,0.9507575757575758
79,202,5,low,medium,244.0,0.9242424242424242
79,169,5,low,medium,272.0,0.9347079037800687
79,210,5,low,medium,229.0,0.8674242424242424
94,4,5,low,medium,196.0,0.8166666666666667
94,6,5,low,medium,178.0,0.8599033816425121
79,215,5,low,medium,233.0,0.8825757575757576
79,151,5,low,medium,597.0,0.9416403785488959
79,207,5,low,medium,252.0,0.9545454545454546
94,19,5,low,medium,136.0,0.9927007299270073
94,17,5,low,medium,260.0,0.9059233449477352
94,24,5,low,medium,186.0,0.9637305699481865
94,16,5,low,medium,348.0,0.9109947643979057
79,206,5,low,medium,340.0,0.9066666666666666
94,20,5,low,medium,221.0,0.8911290322580645
94,42,5,low,medium,132.0,0.9705882352941176
94,32,5,low,medium,207.0,0.9078947368421053
94,25,5,low,medium,256.0,0.8767123287671232
94,33,5,low,medium,144.0,0.993103448275862
94,51,5,low,medium,145.0,1.0
94,40,5,low,medium,166.0,0.9485714285714286
94,53,5,low,medium,123.0,0.9044117647058824
94,62,5,low,medium,132.0,0.9705882352941176
94,66,5,low,medium,133.0,0.9779411764705882
94,57,5,low,medium,172.0,0.91005291005291
94,70,5,low,medium,128.0,0.9411764705882353
94,54,5,low,medium,305.0,0.9744408945686901
79,214,5,low,medium,510.0,0.9514925373134329
94,81,5,low,medium,135.0,0.9926470588235294
94,55,5,low,medium,326.0,0.8716577540106952
94,61,5,low,medium,331.0,0.9706744868035191
94,88,5,low,medium,123.0,0.9044117647058824
94,75,5,low,medium,191.0,0.9646464646464646
94,73,5,low,medium,261.0,0.9666666666666667
94,84,5,low,medium,254.0,0.9657794676806084
94,91,5,low,medium,140.0,0.9859154929577465
94,89,5,low,medium,209.0,0.9330357142857143
94,83,5,low,medium,334.0,0.9542857142857143
94,108,5,low,medium,150.0,0.967741935483871
94,105,5,low,medium,153.0,0.9216867469879518
94,97,5,low,medium,213.0,0.9260869565217391
94,143,5,low,medium,129.0,0.9485294117647058
94,121,5,low,medium,171.0,0.9661016949152542
94,115,5,low,medium,249.0,0.867595818815331
94,117,5,low,medium,284.0,0.9562289562289562
94,133,5,low,medium,240.0,0.898876404494382
94,135,5,low,medium,238.0,0.8178694158075601
94,145,5,low,medium,212.0,0.8379446640316206
94,147,5,low,medium,161.0,0.9096045197740112
94,155,5,low,medium,166.0,0.9764705882352941
94,142,5,low,medium,325.0,0.9339080459770115
94,171,5,low,medium,156.0,0.9936305732484076
94,158,5,low,medium,243.0,0.8496503496503497
94,168,5,low,medium,223.0,0.8814229249011858
94,166,5,low,medium,272.0,0.8918032786885246
94,192,5,low,medium,137.0,0.8954248366013072
94,203,5,low,medium,123.0,0.9044117647058824
94,202,5,low,medium,185.0,0.9788359788359788
94,169,5,low,medium,271.0,0.9312714776632303
94,210,5,low,medium,134.0,0.9852941176470589
94,151,5,low,medium,578.0,0.9116719242902208
94,207,5,low,medium,249.0,0.9540229885057471
94,215,5,low,medium,182.0,0.9578947368421052
94,206,5,low,medium,349.0,0.9306666666666666
99,6,5,low,medium,268.0,0.9054054054054054
99,4,5,low,medium,256.0,0.8648648648648649
99,19,5,low,medium,267.0,0.902027027027027
94,214,5,low,medium,468.0,0.8731343283582089
99,24,5,low,medium,278.0,0.9391891891891891
99,20,5,low,medium,271.0,0.9155405405405406
99,17,5,low,medium,280.0,0.9459459459459459
99,33,5,low,medium,277.0,0.9358108108108109
99,42,5,low,medium,287.0,0.9695945945945946
99,40,5,low,medium,264.0,0.8918918918918919
99,16,5,low,medium,325.0,0.8507853403141361
99,32,5,low,medium,255.0,0.8614864864864865
99,25,5,low,medium,284.0,0.9594594594594594
99,51,5,low,medium,282.0,0.9527027027027027
99,53,5,low,medium,281.0,0.9493243243243243
99,62,5,low,medium,254.0,0.8581081081081081
99,57,5,low,medium,273.0,0.9222972972972973
99,66,5,low,medium,284.0,0.9594594594594594
99,70,5,low,medium,273.0,0.9222972972972973
99,54,5,low,medium,304.0,0.9712460063897763
99,81,5,low,medium,277.0,0.9358108108108109
99,75,5,low,medium,273.0,0.9222972972972973
99,55,5,low,medium,323.0,0.8636363636363636
99,61,5,low,medium,328.0,0.9618768328445748
99,73,5,low,medium,291.0,0.9831081081081081
99,88,5,low,medium,275.0,0.9290540540540541
99,84,5,low,medium,281.0,0.9493243243243243
99,91,5,low,medium,279.0,0.9425675675675675
99,108,5,low,medium,283.0,0.956081081081081
99,105,5,low,medium,270.0,0.9121621621621622
99,89,5,low,medium,274.0,0.9256756756756757
99,83,5,low,medium,328.0,0.9371428571428572
99,97,5,low,medium,289.0,0.9763513513513513
99,143,5,low,medium,282.0,0.9527027027027027
99,121,5,low,medium,279.0,0.9425675675675675
99,115,5,low,medium,278.0,0.9391891891891891
99,117,5,low,medium,291.0,0.9797979797979798
99,135,5,low,medium,259.0,0.875
99,133,5,low,medium,263.0,0.8885135135135135
99,147,5,low,medium,259.0,0.875
99,145,5,low,medium,264.0,0.8918918918918919
99,142,5,low,medium,333.0,0.9568965517241379
99,155,5,low,medium,280.0,0.9459459459459459
99,171,5,low,medium,285.0,0.9628378378378378
99,158,5,low,medium,281.0,0.9493243243243243
99,168,5,low,medium,279.0,0.9425675675675675
99,192,5,low,medium,233.0,0.7871621621621622
99,203,5,low,medium,279.0,0.9425675675675675
99,202,5,low,medium,280.0,0.9459459459459459
99,166,5,low,medium,289.0,0.9475409836065574
99,169,5,low,medium,284.0,0.9594594594594594
99,210,5,low,medium,279.0,0.9425675675675675
99,151,5,low,medium,552.0,0.8706624605678234
99,215,5,low,medium,284.0,0.9594594594594594
99,207,5,low,medium,292.0,0.9864864864864865
99,206,5,low,medium,351.0,0.936
99,214,5,low,medium,457.0,0.8526119402985075
101,19,5,low,medium,797.0,0.9182027649769585
101,6,5,low,medium,770.0,0.8870967741935484
101,4,5,low,medium,737.0,0.8490783410138248
101,24,5,low,medium,823.0,0.9481566820276498
101,20,5,low,medium,785.0,0.9043778801843319
101,17,5,low,medium,793.0,0.913594470046083
101,42,5,low,medium,853.0,0.9827188940092166
101,33,5,low,medium,841.0,0.9688940092165899
101,16,5,low,medium,739.0,0.8513824884792627
101,40,5,low,medium,802.0,0.923963133640553
101,32,5,low,medium,747.0,0.8605990783410138
101,25,5,low,medium,767.0,0.8836405529953917
101,51,5,low,medium,834.0,0.9608294930875576
101,53,5,low,medium,805.0,0.9274193548387096
101,62,5,low,medium,815.0,0.9389400921658986
101,66,5,low,medium,837.0,0.9642857142857143
101,70,5,low,medium,810.0,0.9331797235023042
101,57,5,low,medium,813.0,0.9366359447004609
101,54,5,low,medium,827.0,0.9527649769585254
101,81,5,low,medium,834.0,0.9608294930875576
101,75,5,low,medium,817.0,0.9412442396313364
101,55,5,low,medium,718.0,0.8271889400921659
101,73,5,low,medium,837.0,0.9642857142857143
101,61,5,low,medium,836.0,0.9631336405529954
101,88,5,low,medium,824.0,0.9493087557603687
101,91,5,low,medium,836.0,0.9631336405529954
101,84,5,low,medium,826.0,0.9516129032258065
101,108,5,low,medium,851.0,0.9804147465437788
101,89,5,low,medium,825.0,0.9504608294930875
101,105,5,low,medium,797.0,0.9182027649769585
101,83,5,low,medium,824.0,0.9493087557603687
101,97,5,low,medium,825.0,0.9504608294930875
101,143,5,low,medium,834.0,0.9608294930875576
101,121,5,low,medium,834.0,0.9608294930875576
101,115,5,low,medium,747.0,0.8605990783410138
101,117,5,low,medium,818.0,0.9423963133640553
101,133,5,low,medium,781.0,0.8997695852534562
101,147,5,low,medium,780.0,0.8986175115207373
101,135,5,low,medium,739.0,0.8513824884792627
101,145,5,low,medium,754.0,0.868663594470046
101,155,5,low,medium,838.0,0.9654377880184332
101,142,5,low,medium,822.0,0.9470046082949308
101,171,5,low,medium,840.0,0.967741935483871
101,192,5,low,medium,774.0,0.8917050691244239
101,203,5,low,medium,833.0,0.9596774193548387
101,158,5,low,medium,740.0,0.8525345622119815
101,168,5,low,medium,777.0,0.8951612903225806
101,202,5,low,medium,832.0,0.9585253456221198
101,169,5,low,medium,819.0,0.9435483870967742
101,166,5,low,medium,812.0,0.9354838709677419
104,6,5,low,medium,216.0,0.935064935064935
104,4,5,low,medium,225.0,0.9375
101,210,5,low,medium,834.0,0.9608294930875576
104,19,5,low,medium,196.0,0.8484848484848485
104,17,5,low,medium,255.0,0.8885017421602788
101,215,5,low,medium,833.0,0.9596774193548387
104,16,5,low,medium,328.0,0.8586387434554974
104,20,5,low,medium,235.0,0.9475806451612904
101,151,5,low,medium,765.0,0.881336405529954
104,24,5,low,medium,221.0,0.9567099567099567
101,207,5,low,medium,824.0,0.9493087557603687
104,42,5,low,medium,220.0,0.9523809523809523
104,32,5,low,medium,221.0,0.9567099567099567
104,33,5,low,medium,222.0,0.961038961038961
104,40,5,low,medium,206.0,0.8917748917748918
104,51,5,low,medium,217.0,0.9393939393939394
104,25,5,low,medium,267.0,0.9143835616438356
104,53,5,low,medium,203.0,0.8787878787878788
101,206,5,low,medium,803.0,0.9251152073732719
104,62,5,low,medium,203.0,0.8787878787878788
104,66,5,low,medium,218.0,0.9437229437229437
104,57,5,low,medium,212.0,0.9177489177489178
104,54,5,low,medium,301.0,0.9616613418530351
104,70,5,low,medium,193.0,0.8354978354978355
104,81,5,low,medium,214.0,0.9264069264069265
104,61,5,low,medium,328.0,0.9618768328445748
104,55,5,low,medium,339.0,0.9064171122994652
104,75,5,low,medium,223.0,0.9653679653679653
104,73,5,low,medium,257.0,0.9518518518518518
104,88,5,low,medium,200.0,0.8658008658008658
104,91,5,low,medium,215.0,0.9307359307359307
104,84,5,low,medium,254.0,0.9657794676806084
104,89,5,low,medium,227.0,0.9826839826839827
104,105,5,low,medium,205.0,0.8874458874458875
104,83,5,low,medium,330.0,0.9428571428571428
104,97,5,low,medium,223.0,0.9653679653679653
104,108,5,low,medium,217.0,0.9393939393939394
104,143,5,low,medium,221.0,0.9567099567099567
104,121,5,low,medium,219.0,0.948051948051948
104,115,5,low,medium,258.0,0.8989547038327527
104,117,5,low,medium,282.0,0.9494949494949495
104,133,5,low,medium,244.0,0.9138576779026217
104,135,5,low,medium,266.0,0.9140893470790378
104,142,5,low,medium,327.0,0.9396551724137931
104,145,5,low,medium,244.0,0.9644268774703557
104,147,5,low,medium,210.0,0.9090909090909091
101,214,5,low,medium,719.0,0.8283410138248848
104,155,5,low,medium,216.0,0.935064935064935
104,171,5,low,medium,219.0,0.948051948051948
104,203,5,low,medium,207.0,0.8961038961038961
104,158,5,low,medium,241.0,0.8426573426573427
104,168,5,low,medium,242.0,0.9565217391304348
104,192,5,low,medium,212.0,0.9177489177489178
104,166,5,low,medium,283.0,0.9278688524590164
104,202,5,low,medium,214.0,0.9264069264069265
104,169,5,low,medium,270.0,0.9278350515463918
104,210,5,low,medium,218.0,0.9437229437229437
104,215,5,low,medium,219.0,0.948051948051948
104,151,5,low,medium,569.0,0.8974763406940063
104,207,5,low,medium,246.0,0.9425287356321839
114,6,5,low,medium,183.0,0.8840579710144928
114,4,5,low,medium,213.0,0.8875
114,19,5,low,medium,114.0,0.8321167883211679
104,206,5,low,medium,349.0,0.9306666666666666
114,17,5,low,medium,251.0,0.8745644599303136
114,24,5,low,medium,170.0,0.8808290155440415
114,16,5,low,medium,336.0,0.8795811518324608
114,20,5,low,medium,213.0,0.8588709677419355
114,42,5,low,medium,78.0,0.8863636363636364
114,33,5,low,medium,138.0,0.9517241379310345
114,25,5,low,medium,266.0,0.910958904109589
114,40,5,low,medium,157.0,0.8971428571428571
114,32,5,low,medium,192.0,0.8421052631578947
114,51,5,low,medium,131.0,0.903448275862069
114,53,5,low,medium,113.0,0.849624060150376
114,62,5,low,medium,84.0,0.84
114,57,5,low,medium,165.0,0.873015873015873
114,66,5,low,medium,105.0,0.9130434782608695
114,70,5,low,medium,113.0,0.875968992248062
114,54,5,low,medium,293.0,0.9361022364217252
114,55,5,low,medium,332.0,0.8877005347593583
104,214,5,low,medium,494.0,0.9216417910447762
114,81,5,low,medium,108.0,0.8571428571428571
114,75,5,low,medium,180.0,0.9090909090909091
114,61,5,low,medium,323.0,0.9472140762463344
114,73,5,low,medium,249.0,0.9222222222222223
114,88,5,low,medium,98.0,0.8672566371681416
114,91,5,low,medium,127.0,0.8943661971830986
114,84,5,low,medium,254.0,0.9657794676806084
114,105,5,low,medium,136.0,0.8192771084337349
114,83,5,low,medium,329.0,0.94
114,89,5,low,medium,198.0,0.8839285714285714
114,108,5,low,medium,142.0,0.9161290322580645
114,97,5,low,medium,209.0,0.908695652173913
114,115,5,low,medium,252.0,0.8780487804878049
114,143,5,low,medium,91.0,0.9680851063829787
114,121,5,low,medium,165.0,0.9322033898305084
114,117,5,low,medium,279.0,0.9393939393939394
114,145,5,low,medium,218.0,0.8616600790513834
114,133,5,low,medium,221.0,0.8277153558052435
114,135,5,low,medium,262.0,0.9003436426116839
114,147,5,low,medium,138.0,0.7796610169491526
114,155,5,low,medium,156.0,0.9176470588235294
114,142,5,low,medium,317.0,0.9109195402298851
114,171,5,low,medium,146.0,0.9299363057324841
114,158,5,low,medium,244.0,0.8531468531468531
114,168,5,low,medium,218.0,0.8616600790513834
114,192,5,low,medium,126.0,0.8235294117647058
114,166,5,low,medium,277.0,0.9081967213114754
114,203,5,low,medium,74.0,0.8409090909090909
114,202,5,low,medium,173.0,0.9153439153439153
114,169,5,low,medium,268.0,0.9209621993127147
114,210,5,low,medium,105.0,0.8677685950413223
114,151,5,low,medium,592.0,0.9337539432176656
114,215,5,low,medium,177.0,0.9315789473684211
114,207,5,low,medium,237.0,0.9080459770114943
114,206,5,low,medium,339.0,0.904
114,214,5,low,medium,488.0,0.9104477611940298
124,6,5,low,medium,211.0,0.9678899082568807
124,19,5,low,medium,197.0,0.9036697247706422
124,4,5,low,medium,233.0,0.9708333333333333
124,20,5,low,medium,240.0,0.967741935483871
124,24,5,low,medium,195.0,0.8944954128440367
124,33,5,low,medium,204.0,0.9357798165137615
124,17,5,low,medium,268.0,0.9337979094076655
124,42,5,low,medium,199.0,0.9128440366972477
124,16,5,low,medium,357.0,0.9345549738219895
124,40,5,low,medium,209.0,0.9587155963302753
124,32,5,low,medium,219.0,0.9605263157894737
124,51,5,low,medium,186.0,0.8532110091743119
124,53,5,low,medium,203.0,0.9311926605504587
124,25,5,low,medium,282.0,0.9657534246575342
124,62,5,low,medium,206.0,0.944954128440367
124,66,5,low,medium,200.0,0.9174311926605505
124,70,5,low,medium,203.0,0.9311926605504587
124,57,5,low,medium,209.0,0.9587155963302753
124,54,5,low,medium,296.0,0.9456869009584664
124,81,5,low,medium,194.0,0.8899082568807339
124,75,5,low,medium,206.0,0.944954128440367
124,55,5,low,medium,355.0,0.9491978609625669
124,88,5,low,medium,200.0,0.9174311926605505
124,73,5,low,medium,248.0,0.9185185185185185
124,61,5,low,medium,310.0,0.9090909090909091
124,91,5,low,medium,188.0,0.8623853211009175
124,84,5,low,medium,245.0,0.9315589353612167
124,108,5,low,medium,196.0,0.8990825688073395
124,105,5,low,medium,203.0,0.9311926605504587
124,89,5,low,medium,212.0,0.9464285714285714
124,83,5,low,medium,327.0,0.9342857142857143
124,97,5,low,medium,219.0,0.9521739130434783
124,143,5,low,medium,196.0,0.8990825688073395
124,121,5,low,medium,202.0,0.926605504587156
124,115,5,low,medium,269.0,0.9372822299651568
124,117,5,low,medium,271.0,0.9124579124579124
124,133,5,low,medium,254.0,0.951310861423221
124,135,5,low,medium,275.0,0.9450171821305842
124,145,5,low,medium,233.0,0.9209486166007905
124,147,5,low,medium,209.0,0.9587155963302753
124,142,5,low,medium,315.0,0.9051724137931034
124,155,5,low,medium,201.0,0.9220183486238532
124,171,5,low,medium,194.0,0.8899082568807339
124,158,5,low,medium,269.0,0.9405594405594405
124,192,5,low,medium,205.0,0.9403669724770642
124,203,5,low,medium,209.0,0.9587155963302753
124,168,5,low,medium,242.0,0.9565217391304348
124,166,5,low,medium,286.0,0.9377049180327869
124,202,5,low,medium,197.0,0.9036697247706422
124,169,5,low,medium,267.0,0.9175257731958762
124,210,5,low,medium,192.0,0.8807339449541285
124,215,5,low,medium,207.0,0.9495412844036697
124,207,5,low,medium,239.0,0.9157088122605364
124,151,5,low,medium,609.0,0.9605678233438486
126,4,5,low,medium,278.0,0.9328859060402684
124,206,5,low,medium,319.0,0.8506666666666667
126,6,5,low,medium,290.0,0.9731543624161074
126,19,5,low,medium,277.0,0.9295302013422819
124,214,5,low,medium,506.0,0.9440298507462687
126,17,5,low,medium,292.0,0.9798657718120806
126,24,5,low,medium,286.0,0.959731543624161
126,20,5,low,medium,285.0,0.9563758389261745
126,42,5,low,medium,277.0,0.9295302013422819
126,16,5,low,medium,368.0,0.9633507853403142
126,33,5,low,medium,257.0,0.8624161073825504
126,32,5,low,medium,290.0,0.9731543624161074
126,40,5,low,medium,280.0,0.9395973154362416
126,25,5,low,medium,294.0,0.9865771812080537
126,53,5,low,medium,281.0,0.9429530201342282
126,51,5,low,medium,275.0,0.9228187919463087
126,62,5,low,medium,281.0,0.9429530201342282
126,66,5,low,medium,278.0,0.9328859060402684
126,57,5,low,medium,287.0,0.9630872483221476
126,70,5,low,medium,284.0,0.9530201342281879
126,54,5,low,medium,294.0,0.939297124600639
126,81,5,low,medium,272.0,0.912751677852349
126,73,5,low,medium,282.0,0.9463087248322147
126,75,5,low,medium,264.0,0.8859060402684564
126,55,5,low,medium,352.0,0.9411764705882353
126,61,5,low,medium,307.0,0.9002932551319648
126,88,5,low,medium,278.0,0.9328859060402684
126,84,5,low,medium,279.0,0.9362416107382551
126,91,5,low,medium,265.0,0.889261744966443
126,83,5,low,medium,313.0,0.8942857142857142
126,89,5,low,medium,279.0,0.9362416107382551
126,105,5,low,medium,288.0,0.9664429530201343
126,108,5,low,medium,261.0,0.8758389261744967
126,97,5,low,medium,274.0,0.9194630872483222
126,143,5,low,medium,272.0,0.912751677852349
126,121,5,low,medium,270.0,0.9060402684563759
126,115,5,low,medium,292.0,0.9798657718120806
126,117,5,low,medium,290.0,0.9731543624161074
126,147,5,low,medium,287.0,0.9630872483221476
126,133,5,low,medium,295.0,0.9899328859060402
126,135,5,low,medium,290.0,0.9731543624161074
126,145,5,low,medium,291.0,0.9765100671140939
126,142,5,low,medium,329.0,0.9454022988505747
126,155,5,low,medium,267.0,0.8959731543624161
126,171,5,low,medium,268.0,0.8993288590604027
126,158,5,low,medium,291.0,0.9765100671140939
126,168,5,low,medium,282.0,0.9463087248322147
126,203,5,low,medium,285.0,0.9563758389261745
126,192,5,low,medium,278.0,0.9328859060402684
126,166,5,low,medium,298.0,0.9770491803278688
126,202,5,low,medium,281.0,0.9429530201342282
126,169,5,low,medium,283.0,0.9496644295302014
126,210,5,low,medium,269.0,0.9026845637583892
126,207,5,low,medium,284.0,0.9530201342281879
126,215,5,low,medium,248.0,0.8322147651006712
126,151,5,low,medium,590.0,0.9305993690851735
126,206,5,low,medium,345.0,0.92
128,6,5,low,medium,443.0,0.8985801217038539
128,4,5,low,medium,409.0,0.8296146044624746
128,19,5,low,medium,435.0,0.8823529411764706
126,214,5,low,medium,510.0,0.9514925373134329
128,24,5,low,medium,462.0,0.9371196754563894
128,17,5,low,medium,419.0,0.8498985801217038
128,33,5,low,medium,463.0,0.9391480730223124
128,20,5,low,medium,447.0,0.9066937119675457
128,42,5,low,medium,479.0,0.9716024340770791
128,16,5,low,medium,441.0,0.8945233265720081
128,40,5,low,medium,422.0,0.8559837728194726
128,32,5,low,medium,427.0,0.8661257606490872
128,25,5,low,medium,455.0,0.922920892494929
128,53,5,low,medium,444.0,0.9006085192697769
128,51,5,low,medium,466.0,0.9452332657200812
128,62,5,low,medium,455.0,0.922920892494929
128,66,5,low,medium,467.0,0.947261663286004
128,57,5,low,medium,433.0,0.8782961460446247
128,70,5,low,medium,451.0,0.9148073022312373
128,54,5,low,medium,472.0,0.9574036511156186
128,81,5,low,medium,472.0,0.9574036511156186
128,73,5,low,medium,469.0,0.9513184584178499
128,75,5,low,medium,457.0,0.9269776876267748
128,55,5,low,medium,414.0,0.8397565922920892
128,61,5,low,medium,467.0,0.947261663286004
128,88,5,low,medium,451.0,0.9148073022312373
128,91,5,low,medium,471.0,0.9553752535496958
128,84,5,low,medium,449.0,0.9107505070993914
128,83,5,low,medium,458.0,0.9290060851926978
128,105,5,low,medium,451.0,0.9148073022312373
128,89,5,low,medium,470.0,0.9533468559837728
128,108,5,low,medium,475.0,0.9634888438133874
128,97,5,low,medium,454.0,0.920892494929006
128,143,5,low,medium,470.0,0.9533468559837728
128,121,5,low,medium,461.0,0.9350912778904665
128,115,5,low,medium,438.0,0.8884381338742393
128,133,5,low,medium,445.0,0.9026369168356998
128,117,5,low,medium,457.0,0.9269776876267748
128,135,5,low,medium,432.0,0.8762677484787018
128,147,5,low,medium,440.0,0.8924949290060852
128,145,5,low,medium,441.0,0.8945233265720081
128,155,5,low,medium,464.0,0.9411764705882353
128,142,5,low,medium,457.0,0.9269776876267748
128,171,5,low,medium,467.0,0.947261663286004
128,192,5,low,medium,444.0,0.9006085192697769
128,203,5,low,medium,463.0,0.9391480730223124
128,168,5,low,medium,407.0,0.8255578093306288
128,202,5,low,medium,474.0,0.9614604462474645
128,166,5,low,medium,442.0,0.896551724137931
128,158,5,low,medium,427.0,0.8661257606490872
128,169,5,low,medium,452.0,0.9168356997971603
128,210,5,low,medium,459.0,0.9310344827586207
132,6,5,low,medium,264.0,0.8918918918918919
132,4,5,low,medium,247.0,0.8344594594594594
128,151,5,low,medium,553.0,0.8722397476340694
128,215,5,low,medium,468.0,0.949290060851927
128,207,5,low,medium,469.0,0.9513184584178499
132,19,5,low,medium,257.0,0.8682432432432432
128,206,5,low,medium,457.0,0.9269776876267748
132,17,5,low,medium,282.0,0.9527027027027027
132,24,5,low,medium,281.0,0.9493243243243243
132,16,5,low,medium,343.0,0.8979057591623036
132,20,5,low,medium,270.0,0.9121621621621622
132,42,5,low,medium,284.0,0.9594594594594594
132,33,5,low,medium,283.0,0.956081081081081
132,25,5,low,medium,286.0,0.9662162162162162
132,32,5,low,medium,264.0,0.8918918918918919
132,40,5,low,medium,268.0,0.9054054054054054
132,53,5,low,medium,252.0,0.8513513513513513
132,51,5,low,medium,277.0,0.9358108108108109
132,62,5,low,medium,265.0,0.8952702702702703
132,70,5,low,medium,259.0,0.875
132,66,5,low,medium,277.0,0.9358108108108109
132,57,5,low,medium,265.0,0.8952702702702703
128,214,5,low,medium,500.0,0.9328358208955224
132,54,5,low,medium,303.0,0.9680511182108626
132,81,5,low,medium,271.0,0.9155405405405406
132,61,5,low,medium,330.0,0.967741935483871
132,55,5,low,medium,322.0,0.8609625668449198
132,88,5,low,medium,265.0,0.8952702702702703
132,75,5,low,medium,276.0,0.9324324324324325
132,73,5,low,medium,287.0,0.9695945945945946
132,84,5,low,medium,281.0,0.9493243243243243
132,91,5,low,medium,279.0,0.9425675675675675
132,108,5,low,medium,284.0,0.9594594594594594
132,105,5,low,medium,264.0,0.8918918918918919
132,89,5,low,medium,286.0,0.9662162162162162
132,83,5,low,medium,332.0,0.9485714285714286
132,97,5,low,medium,280.0,0.9459459459459459
132,143,5,low,medium,278.0,0.9391891891891891
132,121,5,low,medium,274.0,0.9256756756756757
132,115,5,low,medium,276.0,0.9324324324324325
132,117,5,low,medium,290.0,0.9764309764309764
132,147,5,low,medium,264.0,0.8918918918918919
132,133,5,low,medium,271.0,0.9155405405405406
132,135,5,low,medium,286.0,0.9662162162162162
132,145,5,low,medium,261.0,0.8817567567567568
132,155,5,low,medium,284.0,0.9594594594594594
132,142,5,low,medium,331.0,0.9511494252873564
132,171,5,low,medium,277.0,0.9358108108108109
132,203,5,low,medium,275.0,0.9290540540540541
132,192,5,low,medium,260.0,0.8783783783783784
132,158,5,low,medium,271.0,0.9155405405405406
132,168,5,low,medium,271.0,0.9155405405405406
132,169,5,low,medium,293.0,0.9898648648648649
132,202,5,low,medium,273.0,0.9222972972972973
132,166,5,low,medium,282.0,0.9245901639344263
132,210,5,low,medium,272.0,0.918918918918919
132,215,5,low,medium,275.0,0.9290540540540541
132,151,5,low,medium,558.0,0.8801261829652997
139,6,5,low,medium,166.0,0.8019323671497585
132,207,5,low,medium,278.0,0.9391891891891891
139,4,5,low,medium,195.0,0.8125
139,19,5,low,medium,124.0,0.9051094890510949
139,16,5,low,medium,327.0,0.856020942408377
132,206,5,low,medium,352.0,0.9386666666666666
139,24,5,low,medium,178.0,0.9222797927461139
139,17,5,low,medium,249.0,0.867595818815331
139,20,5,low,medium,209.0,0.842741935483871
139,42,5,low,medium,107.0,0.9553571428571429
139,25,5,low,medium,249.0,0.8527397260273972
139,33,5,low,medium,142.0,0.9793103448275862
139,40,5,low,medium,161.0,0.92
139,53,5,low,medium,114.0,0.8571428571428571
139,32,5,low,medium,178.0,0.7807017543859649
139,51,5,low,medium,134.0,0.9241379310344827
139,62,5,low,medium,99.0,0.8839285714285714
139,66,5,low,medium,112.0,0.9739130434782609
139,70,5,low,medium,110.0,0.8527131782945736
139,54,5,low,medium,302.0,0.9648562300319489
139,57,5,low,medium,170.0,0.8994708994708994
139,55,5,low,medium,315.0,0.8422459893048129
139,81,5,low,medium,115.0,0.9126984126984127
139,61,5,low,medium,327.0,0.9589442815249267
132,214,5,low,medium,472.0,0.8805970149253731
139,75,5,low,medium,181.0,0.9141414141414141
139,73,5,low,medium,256.0,0.9481481481481482
139,88,5,low,medium,103.0,0.911504424778761
139,84,5,low,medium,246.0,0.935361216730038
139,91,5,low,medium,136.0,0.9577464788732394
139,89,5,low,medium,206.0,0.9196428571428571
139,105,5,low,medium,140.0,0.8433734939759037
139,83,5,low,medium,330.0,0.9428571428571428
139,108,5,low,medium,146.0,0.9419354838709677
139,97,5,low,medium,213.0,0.9260869565217391
139,143,5,low,medium,107.0,0.9553571428571429
139,121,5,low,medium,165.0,0.9322033898305084
139,115,5,low,medium,241.0,0.8397212543554007
139,117,5,low,medium,276.0,0.9292929292929293
139,133,5,low,medium,218.0,0.8164794007490637
139,135,5,low,medium,246.0,0.845360824742268
139,145,5,low,medium,209.0,0.8260869565217391
139,142,5,low,medium,321.0,0.9224137931034483
139,147,5,low,medium,139.0,0.7853107344632768
139,155,5,low,medium,159.0,0.9352941176470588
139,171,5,low,medium,148.0,0.9426751592356688
139,158,5,low,medium,226.0,0.7902097902097902
139,192,5,low,medium,115.0,0.7516339869281046
139,168,5,low,medium,217.0,0.857707509881423
139,166,5,low,medium,273.0,0.8950819672131147
139,203,5,low,medium,94.0,0.8392857142857143
139,202,5,low,medium,175.0,0.9259259259259259
139,169,5,low,medium,275.0,0.9450171821305842
139,210,5,low,medium,111.0,0.9173553719008265
139,151,5,low,medium,585.0,0.9227129337539433
139,215,5,low,medium,181.0,0.9526315789473684
139,207,5,low,medium,242.0,0.9272030651340997
140,6,5,low,medium,187.0,0.9033816425120773
139,206,5,low,medium,344.0,0.9173333333333333
140,4,5,low,medium,222.0,0.925
140,19,5,low,medium,125.0,0.9124087591240876
140,17,5,low,medium,265.0,0.9233449477351916
140,20,5,low,medium,231.0,0.9314516129032258
140,24,5,low,medium,156.0,0.8082901554404145
139,214,5,low,medium,480.0,0.8955223880597015
140,33,5,low,medium,136.0,0.9379310344827586
140,32,5,low,medium,205.0,0.8991228070175439
140,42,5,low,medium,112.0,0.875
140,16,5,low,medium,349.0,0.9136125654450262
140,25,5,low,medium,282.0,0.9657534246575342
140,40,5,low,medium,164.0,0.9371428571428572
140,51,5,low,medium,125.0,0.8620689655172413
140,53,5,low,medium,130.0,0.9774436090225563
140,62,5,low,medium,122.0,0.953125
140,57,5,low,medium,172.0,0.91005291005291
140,66,5,low,medium,123.0,0.9609375
140,70,5,low,medium,127.0,0.9844961240310077
140,54,5,low,medium,289.0,0.9233226837060703
140,81,5,low,medium,116.0,0.90625
140,61,5,low,medium,307.0,0.9002932551319648
140,75,5,low,medium,188.0,0.9494949494949495
140,55,5,low,medium,344.0,0.9197860962566845
140,73,5,low,medium,232.0,0.8592592592592593
140,88,5,low,medium,117.0,0.9140625
140,91,5,low,medium,123.0,0.8661971830985915
140,84,5,low,medium,243.0,0.9239543726235742
140,105,5,low,medium,155.0,0.9337349397590361
140,89,5,low,medium,186.0,0.8303571428571429
140,83,5,low,medium,321.0,0.9171428571428571
140,97,5,low,medium,200.0,0.8695652173913043
140,108,5,low,medium,140.0,0.9032258064516129
140,143,5,low,medium,112.0,0.875
140,121,5,low,medium,161.0,0.9096045197740112
140,115,5,low,medium,267.0,0.9303135888501742
140,117,5,low,medium,257.0,0.8653198653198653
140,145,5,low,medium,231.0,0.9130434782608695
140,133,5,low,medium,245.0,0.9176029962546817
140,142,5,low,medium,298.0,0.8563218390804598
140,135,5,low,medium,270.0,0.9278350515463918
140,147,5,low,medium,164.0,0.9265536723163842
140,155,5,low,medium,152.0,0.8941176470588236
140,171,5,low,medium,141.0,0.8980891719745223
140,192,5,low,medium,138.0,0.9019607843137255
140,158,5,low,medium,265.0,0.9265734265734266
140,168,5,low,medium,236.0,0.932806324110672
140,203,5,low,medium,119.0,0.9296875
140,202,5,low,medium,158.0,0.8359788359788359
140,166,5,low,medium,291.0,0.9540983606557377
140,169,5,low,medium,267.0,0.9175257731958762
140,210,5,low,medium,112.0,0.875
140,151,5,low,medium,601.0,0.9479495268138801
140,207,5,low,medium,229.0,0.8773946360153256
140,215,5,low,medium,169.0,0.8894736842105263
140,206,5,low,medium,327.0,0.872
164,19,5,low,medium,194.0,0.919431279620853
140,214,5,low,medium,505.0,0.9421641791044776
164,6,5,low,medium,204.0,0.966824644549763
164,4,5,low,medium,230.0,0.9583333333333334
164,20,5,low,medium,238.0,0.9596774193548387
164,24,5,low,medium,201.0,0.95260663507109
164,17,5,low,medium,261.0,0.9094076655052264
164,42,5,low,medium,192.0,0.909952606635071
164,33,5,low,medium,198.0,0.9383886255924171
164,16,5,low,medium,354.0,0.9267015706806283
164,32,5,low,medium,217.0,0.9517543859649122
164,40,5,low,medium,202.0,0.957345971563981
164,53,5,low,medium,193.0,0.9146919431279621
164,51,5,low,medium,190.0,0.9004739336492891
164,25,5,low,medium,285.0,0.976027397260274
164,62,5,low,medium,195.0,0.9241706161137441
164,66,5,low,medium,192.0,0.909952606635071
164,57,5,low,medium,201.0,0.95260663507109
164,70,5,low,medium,192.0,0.909952606635071
164,54,5,low,medium,294.0,0.939297124600639
164,81,5,low,medium,190.0,0.9004739336492891
164,75,5,low,medium,201.0,0.95260663507109
164,88,5,low,medium,195.0,0.9241706161137441
164,55,5,low,medium,351.0,0.9385026737967914
164,73,5,low,medium,253.0,0.937037037037037
164,61,5,low,medium,311.0,0.9120234604105572
164,84,5,low,medium,252.0,0.9581749049429658
164,91,5,low,medium,195.0,0.9241706161137441
164,83,5,low,medium,319.0,0.9114285714285715
164,105,5,low,medium,194.0,0.919431279620853
164,108,5,low,medium,196.0,0.9289099526066351
164,89,5,low,medium,212.0,0.9464285714285714
164,97,5,low,medium,220.0,0.9565217391304348
164,115,5,low,medium,267.0,0.9303135888501742
164,143,5,low,medium,193.0,0.9146919431279621
164,121,5,low,medium,189.0,0.8957345971563981
164,117,5,low,medium,274.0,0.9225589225589226
164,133,5,low,medium,243.0,0.9101123595505618
164,135,5,low,medium,278.0,0.9553264604810997
164,155,5,low,medium,195.0,0.9241706161137441
164,147,5,low,medium,201.0,0.95260663507109
164,145,5,low,medium,233.0,0.9209486166007905
164,142,5,low,medium,324.0,0.9310344827586207
164,171,5,low,medium,188.0,0.8909952606635071
164,192,5,low,medium,198.0,0.9383886255924171
164,168,5,low,medium,238.0,0.9407114624505929
164,158,5,low,medium,268.0,0.9370629370629371
164,203,5,low,medium,198.0,0.9383886255924171
164,202,5,low,medium,196.0,0.9289099526066351
164,166,5,low,medium,284.0,0.9311475409836065
164,169,5,low,medium,267.0,0.9175257731958762
164,210,5,low,medium,182.0,0.8625592417061612
164,151,5,low,medium,595.0,0.9384858044164038
164,207,5,low,medium,247.0,0.946360153256705
164,215,5,low,medium,202.0,0.957345971563981
164,206,5,low,medium,328.0,0.8746666666666667
170,6,5,low,medium,282.0,0.8730650154798761
170,4,5,low,medium,270.0,0.8359133126934984
170,19,5,low,medium,261.0,0.8080495356037152
164,214,5,low,medium,506.0,0.9440298507462687
170,17,5,low,medium,280.0,0.8668730650154799
170,20,5,low,medium,257.0,0.7956656346749226
170,24,5,low,medium,283.0,0.8761609907120743
170,33,5,low,medium,308.0,0.9535603715170279
170,42,5,low,medium,312.0,0.9659442724458205
170,16,5,low,medium,306.0,0.8010471204188482
170,32,5,low,medium,265.0,0.8204334365325078
170,40,5,low,medium,278.0,0.8606811145510835
170,25,5,low,medium,284.0,0.8792569659442725
170,53,5,low,medium,274.0,0.848297213622291
170,51,5,low,medium,297.0,0.9195046439628483
170,62,5,low,medium,263.0,0.8142414860681114
170,57,5,low,medium,291.0,0.9009287925696594
170,66,5,low,medium,301.0,0.9318885448916409
170,70,5,low,medium,281.0,0.8699690402476781
170,54,5,low,medium,317.0,0.9814241486068112
170,81,5,low,medium,295.0,0.913312693498452
170,55,5,low,medium,324.0,0.8663101604278075
170,75,5,low,medium,300.0,0.9287925696594427
170,61,5,low,medium,339.0,0.9941348973607038
170,73,5,low,medium,303.0,0.9380804953560371
170,88,5,low,medium,295.0,0.913312693498452
170,84,5,low,medium,302.0,0.934984520123839
170,91,5,low,medium,303.0,0.9380804953560371
170,89,5,low,medium,285.0,0.8823529411764706
170,83,5,low,medium,338.0,0.9657142857142857
170,105,5,low,medium,272.0,0.8421052631578947
170,108,5,low,medium,307.0,0.9504643962848297
170,97,5,low,medium,287.0,0.8885448916408669
170,143,5,low,medium,302.0,0.934984520123839
170,115,5,low,medium,280.0,0.8668730650154799
170,121,5,low,medium,299.0,0.9256965944272446
170,117,5,low,medium,308.0,0.9535603715170279
170,133,5,low,medium,271.0,0.8390092879256966
170,145,5,low,medium,276.0,0.8544891640866873
170,135,5,low,medium,297.0,0.9195046439628483
170,147,5,low,medium,252.0,0.7801857585139319
170,155,5,low,medium,299.0,0.9256965944272446
170,142,5,low,medium,334.0,0.9597701149425287
170,171,5,low,medium,303.0,0.9380804953560371
170,192,5,low,medium,266.0,0.8235294117647058
170,203,5,low,medium,300.0,0.9287925696594427
170,168,5,low,medium,291.0,0.9009287925696594
170,202,5,low,medium,296.0,0.9164086687306502
170,158,5,low,medium,262.0,0.8111455108359134
170,169,5,low,medium,303.0,0.9380804953560371
170,166,5,low,medium,307.0,0.9504643962848297
170,210,5,low,medium,298.0,0.9226006191950464
170,215,5,low,medium,291.0,0.9009287925696594
170,151,5,low,medium,569.0,0.8974763406940063
170,207,5,low,medium,287.0,0.8885448916408669
170,206,5,low,medium,352.0,0.9386666666666666
176,6,5,low,medium,343.0,0.8406862745098039
176,19,5,low,medium,346.0,0.8480392156862745
176,4,5,low,medium,327.0,0.8014705882352942
170,214,5,low,medium,458.0,0.8544776119402985
176,17,5,low,medium,356.0,0.8725490196078431
176,20,5,low,medium,363.0,0.8897058823529411
176,24,5,low,medium,377.0,0.9240196078431373
176,42,5,low,medium,396.0,0.9705882352941176
176,16,5,low,medium,377.0,0.9240196078431373
176,33,5,low,medium,384.0,0.9411764705882353
176,32,5,low,medium,342.0,0.8382352941176471
176,53,5,low,medium,363.0,0.8897058823529411
176,51,5,low,medium,386.0,0.946078431372549
176,40,5,low,medium,353.0,0.8651960784313726
176,25,5,low,medium,354.0,0.8676470588235294
176,57,5,low,medium,368.0,0.9019607843137255
176,62,5,low,medium,358.0,0.8774509803921569
176,66,5,low,medium,385.0,0.9436274509803921
176,70,5,low,medium,368.0,0.9019607843137255
176,54,5,low,medium,384.0,0.9411764705882353
176,81,5,low,medium,385.0,0.9436274509803921
176,55,5,low,medium,339.0,0.8308823529411765
176,61,5,low,medium,393.0,0.9632352941176471
176,75,5,low,medium,369.0,0.9044117647058824
176,88,5,low,medium,373.0,0.9142156862745098
176,73,5,low,medium,395.0,0.9681372549019608
176,91,5,low,medium,389.0,0.9534313725490197
176,84,5,low,medium,385.0,0.9436274509803921
176,83,5,low,medium,387.0,0.9485294117647058
176,105,5,low,medium,357.0,0.875
176,89,5,low,medium,378.0,0.9264705882352942
176,108,5,low,medium,394.0,0.9656862745098039
176,97,5,low,medium,379.0,0.928921568627451
176,143,5,low,medium,390.0,0.9558823529411765
176,121,5,low,medium,383.0,0.9387254901960784
176,115,5,low,medium,356.0,0.8725490196078431
176,117,5,low,medium,383.0,0.9387254901960784
176,147,5,low,medium,337.0,0.8259803921568627
176,133,5,low,medium,357.0,0.875
176,135,5,low,medium,332.0,0.8137254901960784
176,145,5,low,medium,338.0,0.8284313725490197
176,155,5,low,medium,385.0,0.9436274509803921
176,142,5,low,medium,394.0,0.9656862745098039
176,171,5,low,medium,385.0,0.9436274509803921
176,192,5,low,medium,330.0,0.8088235294117647
176,158,5,low,medium,334.0,0.8186274509803921
176,203,5,low,medium,382.0,0.9362745098039216
176,168,5,low,medium,341.0,0.8357843137254902
176,202,5,low,medium,386.0,0.946078431372549
176,166,5,low,medium,375.0,0.9191176470588235
176,169,5,low,medium,381.0,0.9338235294117647
176,210,5,low,medium,380.0,0.9313725490196079
176,215,5,low,medium,383.0,0.9387254901960784
176,151,5,low,medium,538.0,0.8485804416403786
176,207,5,low,medium,383.0,0.9387254901960784
179,6,5,low,medium,466.0,0.937625754527163
179,4,5,low,medium,467.0,0.9396378269617707
176,206,5,low,medium,388.0,0.9509803921568627
179,19,5,low,medium,448.0,0.9014084507042254
176,214,5,low,medium,464.0,0.8656716417910447
179,20,5,low,medium,466.0,0.937625754527163
179,24,5,low,medium,435.0,0.8752515090543259
179,16,5,low,medium,469.0,0.9436619718309859
179,17,5,low,medium,460.0,0.9255533199195171
179,33,5,low,medium,458.0,0.9215291750503019
179,42,5,low,medium,478.0,0.9617706237424547
179,32,5,low,medium,471.0,0.9476861167002012
179,25,5,low,medium,468.0,0.9416498993963782
179,53,5,low,medium,461.0,0.9275653923541247
179,51,5,low,medium,452.0,0.9094567404426559
179,40,5,low,medium,463.0,0.93158953722334
179,62,5,low,medium,478.0,0.9617706237424547
179,57,5,low,medium,458.0,0.9215291750503019
179,66,5,low,medium,465.0,0.9356136820925554
179,70,5,low,medium,464.0,0.9336016096579477
179,54,5,low,medium,457.0,0.9195171026156942
179,81,5,low,medium,452.0,0.9094567404426559
179,75,5,low,medium,438.0,0.8812877263581489
179,55,5,low,medium,468.0,0.9416498993963782
179,61,5,low,medium,448.0,0.9014084507042254
179,73,5,low,medium,442.0,0.8893360160965795
179,88,5,low,medium,460.0,0.9255533199195171
179,84,5,low,medium,445.0,0.8953722334004024
179,91,5,low,medium,463.0,0.93158953722334
179,89,5,low,medium,449.0,0.903420523138833
179,105,5,low,medium,465.0,0.9356136820925554
179,108,5,low,medium,451.0,0.9074446680080482
179,83,5,low,medium,435.0,0.8752515090543259
179,97,5,low,medium,436.0,0.8772635814889336
179,143,5,low,medium,467.0,0.9396378269617707
179,121,5,low,medium,452.0,0.9094567404426559
179,115,5,low,medium,464.0,0.9336016096579477
179,117,5,low,medium,447.0,0.8993963782696177
179,133,5,low,medium,471.0,0.9476861167002012
179,147,5,low,medium,470.0,0.9456740442655935
179,135,5,low,medium,470.0,0.9456740442655935
179,145,5,low,medium,468.0,0.9416498993963782
179,155,5,low,medium,443.0,0.8913480885311871
179,142,5,low,medium,453.0,0.9114688128772636
179,171,5,low,medium,447.0,0.8993963782696177
179,192,5,low,medium,477.0,0.959758551307847
179,202,5,low,medium,456.0,0.9175050301810865
179,158,5,low,medium,463.0,0.93158953722334
179,168,5,low,medium,457.0,0.9195171026156942
179,203,5,low,medium,478.0,0.9617706237424547
179,166,5,low,medium,464.0,0.9336016096579477
179,169,5,low,medium,443.0,0.8913480885311871
180,4,5,low,medium,226.0,0.9416666666666667
180,6,5,low,medium,190.0,0.9178743961352657
179,210,5,low,medium,452.0,0.9094567404426559
180,19,5,low,medium,139.0,0.8910256410256411
180,17,5,low,medium,258.0,0.8989547038327527
179,215,5,low,medium,444.0,0.8933601609657947
180,16,5,low,medium,353.0,0.9240837696335078
180,20,5,low,medium,234.0,0.9435483870967742
179,151,5,low,medium,597.0,0.9416403785488959
179,207,5,low,medium,432.0,0.869215291750503
180,24,5,low,medium,163.0,0.844559585492228
180,42,5,low,medium,139.0,0.8910256410256411
180,25,5,low,medium,277.0,0.9486301369863014
180,33,5,low,medium,148.0,0.9487179487179487
180,32,5,low,medium,210.0,0.9210526315789473
180,40,5,low,medium,172.0,0.9828571428571429
179,206,5,low,medium,454.0,0.9134808853118712
180,51,5,low,medium,141.0,0.9038461538461539
180,53,5,low,medium,150.0,0.9615384615384616
180,62,5,low,medium,144.0,0.9230769230769231
180,66,5,low,medium,141.0,0.9038461538461539
180,70,5,low,medium,150.0,0.9615384615384616
180,57,5,low,medium,171.0,0.9047619047619048
180,54,5,low,medium,288.0,0.9201277955271565
180,81,5,low,medium,141.0,0.9038461538461539
180,55,5,low,medium,350.0,0.9358288770053476
180,61,5,low,medium,301.0,0.8826979472140762
180,75,5,low,medium,188.0,0.9494949494949495
180,73,5,low,medium,236.0,0.8740740740740741
180,88,5,low,medium,145.0,0.9294871794871795
180,91,5,low,medium,140.0,0.8974358974358975
180,84,5,low,medium,243.0,0.9239543726235742
180,89,5,low,medium,190.0,0.8482142857142857
180,83,5,low,medium,307.0,0.8771428571428571
180,97,5,low,medium,199.0,0.8652173913043478
180,105,5,low,medium,159.0,0.9578313253012049
180,108,5,low,medium,150.0,0.9615384615384616
179,214,5,low,medium,518.0,0.9664179104477612
180,143,5,low,medium,144.0,0.9230769230769231
180,121,5,low,medium,157.0,0.8870056497175142
180,115,5,low,medium,266.0,0.926829268292683
180,117,5,low,medium,270.0,0.9090909090909091
180,133,5,low,medium,242.0,0.9063670411985019
180,135,5,low,medium,279.0,0.9587628865979382
180,145,5,low,medium,235.0,0.9288537549407114
180,147,5,low,medium,159.0,0.8983050847457628
180,155,5,low,medium,151.0,0.888235294117647
180,142,5,low,medium,308.0,0.8850574712643678
180,171,5,low,medium,144.0,0.9171974522292994
180,158,5,low,medium,262.0,0.916083916083916
180,168,5,low,medium,230.0,0.9090909090909091
180,203,5,low,medium,141.0,0.9038461538461539
180,192,5,low,medium,150.0,0.9615384615384616
180,169,5,low,medium,267.0,0.9175257731958762
180,166,5,low,medium,286.0,0.9377049180327869
180,202,5,low,medium,170.0,0.8994708994708994
180,210,5,low,medium,134.0,0.8589743589743589
180,151,5,low,medium,598.0,0.943217665615142
180,215,5,low,medium,180.0,0.9473684210526315
180,207,5,low,medium,227.0,0.8697318007662835
180,206,5,low,medium,334.0,0.8906666666666667
182,6,5,low,medium,276.0,0.9857142857142858
182,4,5,low,medium,266.0,0.95
182,19,5,low,medium,263.0,0.9392857142857143
180,214,5,low,medium,510.0,0.9514925373134329
182,24,5,low,medium,260.0,0.9285714285714286
182,20,5,low,medium,269.0,0.9607142857142857
182,33,5,low,medium,252.0,0.9
182,17,5,low,medium,277.0,0.9651567944250871
182,16,5,low,medium,362.0,0.9476439790575916
182,42,5,low,medium,262.0,0.9357142857142857
182,40,5,low,medium,270.0,0.9642857142857143
182,32,5,low,medium,264.0,0.9428571428571428
182,25,5,low,medium,286.0,0.9794520547945206
182,53,5,low,medium,267.0,0.9535714285714286
182,51,5,low,medium,259.0,0.925
182,62,5,low,medium,269.0,0.9607142857142857
182,57,5,low,medium,264.0,0.9428571428571428
182,66,5,low,medium,269.0,0.9607142857142857
182,70,5,low,medium,268.0,0.9571428571428572
182,54,5,low,medium,290.0,0.9265175718849841
182,81,5,low,medium,255.0,0.9107142857142857
182,75,5,low,medium,248.0,0.8857142857142857
182,61,5,low,medium,297.0,0.8709677419354839
182,55,5,low,medium,357.0,0.9545454545454546
182,88,5,low,medium,261.0,0.9321428571428572
182,73,5,low,medium,266.0,0.95
182,84,5,low,medium,270.0,0.9642857142857143
182,89,5,low,medium,255.0,0.9107142857142857
182,91,5,low,medium,244.0,0.8714285714285714
182,105,5,low,medium,267.0,0.9535714285714286
182,108,5,low,medium,253.0,0.9035714285714286
182,83,5,low,medium,303.0,0.8657142857142858
182,97,5,low,medium,260.0,0.9285714285714286
182,143,5,low,medium,262.0,0.9357142857142857
182,115,5,low,medium,281.0,0.9790940766550522
182,121,5,low,medium,254.0,0.9071428571428571
182,117,5,low,medium,277.0,0.9326599326599326
182,133,5,low,medium,272.0,0.9714285714285714
182,135,5,low,medium,280.0,0.9621993127147767
182,147,5,low,medium,268.0,0.9571428571428572
182,145,5,low,medium,274.0,0.9785714285714285
182,155,5,low,medium,246.0,0.8785714285714286
182,142,5,low,medium,316.0,0.9080459770114943
182,171,5,low,medium,258.0,0.9214285714285714
182,192,5,low,medium,267.0,0.9535714285714286
182,158,5,low,medium,280.0,0.9790209790209791
182,203,5,low,medium,271.0,0.9678571428571429
182,166,5,low,medium,292.0,0.9573770491803278
182,168,5,low,medium,268.0,0.9571428571428572
182,202,5,low,medium,258.0,0.9214285714285714
182,169,5,low,medium,283.0,0.9725085910652921
182,210,5,low,medium,252.0,0.9
182,215,5,low,medium,248.0,0.8857142857142857
182,151,5,low,medium,599.0,0.944794952681388
182,207,5,low,medium,262.0,0.9357142857142857
182,206,5,low,medium,357.0,0.952
200,19,5,low,medium,218.0,0.9478260869565217
200,6,5,low,medium,227.0,0.9869565217391304
200,4,5,low,medium,225.0,0.9375
200,17,5,low,medium,263.0,0.9163763066202091
200,20,5,low,medium,236.0,0.9516129032258065
200,24,5,low,medium,213.0,0.9260869565217391
182,214,5,low,medium,513.0,0.957089552238806
200,42,5,low,medium,213.0,0.9260869565217391
200,16,5,low,medium,354.0,0.9267015706806283
200,33,5,low,medium,212.0,0.9217391304347826
200,32,5,low,medium,224.0,0.9739130434782609
200,25,5,low,medium,278.0,0.952054794520548
200,40,5,low,medium,214.0,0.9304347826086956
200,51,5,low,medium,198.0,0.8608695652173913
200,53,5,low,medium,228.0,0.991304347826087
200,62,5,low,medium,209.0,0.908695652173913
200,66,5,low,medium,209.0,0.908695652173913
200,57,5,low,medium,223.0,0.9695652173913043
200,70,5,low,medium,226.0,0.9826086956521739
200,54,5,low,medium,284.0,0.9073482428115016
200,81,5,low,medium,204.0,0.8869565217391304
200,75,5,low,medium,207.0,0.9
200,73,5,low,medium,247.0,0.9148148148148149
200,88,5,low,medium,220.0,0.9565217391304348
200,55,5,low,medium,349.0,0.9331550802139037
200,61,5,low,medium,314.0,0.9208211143695014
200,84,5,low,medium,247.0,0.9391634980988594
200,91,5,low,medium,199.0,0.8652173913043478
200,83,5,low,medium,314.0,0.8971428571428571
200,108,5,low,medium,211.0,0.9173913043478261
200,89,5,low,medium,214.0,0.9304347826086956
200,105,5,low,medium,215.0,0.9347826086956522
200,97,5,low,medium,222.0,0.9652173913043478
200,143,5,low,medium,211.0,0.9173913043478261
200,121,5,low,medium,218.0,0.9478260869565217
200,115,5,low,medium,269.0,0.9372822299651568
200,117,5,low,medium,269.0,0.9057239057239057
200,133,5,low,medium,252.0,0.9438202247191011
200,147,5,low,medium,221.0,0.9608695652173913
200,135,5,low,medium,271.0,0.9312714776632303
200,155,5,low,medium,205.0,0.8913043478260869
200,145,5,low,medium,242.0,0.9565217391304348
200,142,5,low,medium,309.0,0.8879310344827587
200,171,5,low,medium,206.0,0.8956521739130435
200,192,5,low,medium,210.0,0.9130434782608695
200,168,5,low,medium,234.0,0.924901185770751
200,158,5,low,medium,273.0,0.9545454545454546
200,203,5,low,medium,220.0,0.9565217391304348
200,166,5,low,medium,291.0,0.9540983606557377
200,202,5,low,medium,216.0,0.9391304347826087
200,169,5,low,medium,263.0,0.9037800687285223
200,210,5,low,medium,208.0,0.9043478260869565
200,215,5,low,medium,212.0,0.9217391304347826
200,151,5,low,medium,601.0,0.9479495268138801
200,207,5,low,medium,233.0,0.89272030651341
208,4,5,low,medium,249.0,0.950381679389313
208,6,5,low,medium,241.0,0.9198473282442748
200,206,5,low,medium,339.0,0.904
208,19,5,low,medium,235.0,0.8969465648854962
208,24,5,low,medium,232.0,0.8854961832061069
208,20,5,low,medium,250.0,0.9541984732824428
208,17,5,low,medium,275.0,0.9581881533101045
200,214,5,low,medium,501.0,0.9347014925373134
208,33,5,low,medium,241.0,0.9198473282442748
208,16,5,low,medium,346.0,0.9057591623036649
208,42,5,low,medium,245.0,0.9351145038167938
208,32,5,low,medium,242.0,0.9236641221374046
208,25,5,low,medium,286.0,0.9794520547945206
208,53,5,low,medium,236.0,0.9007633587786259
208,51,5,low,medium,234.0,0.8931297709923665
208,40,5,low,medium,250.0,0.9541984732824428
208,62,5,low,medium,244.0,0.9312977099236641
208,57,5,low,medium,233.0,0.8893129770992366
208,66,5,low,medium,241.0,0.9198473282442748
208,70,5,low,medium,241.0,0.9198473282442748
208,54,5,low,medium,304.0,0.9712460063897763
208,81,5,low,medium,229.0,0.8740458015267175
208,75,5,low,medium,239.0,0.9122137404580153
208,61,5,low,medium,316.0,0.9266862170087976
208,55,5,low,medium,355.0,0.9491978609625669
208,88,5,low,medium,239.0,0.9122137404580153
208,73,5,low,medium,254.0,0.9407407407407408
208,91,5,low,medium,243.0,0.9274809160305344
208,84,5,low,medium,259.0,0.9847908745247148
208,105,5,low,medium,237.0,0.9045801526717557
208,89,5,low,medium,237.0,0.9045801526717557
208,108,5,low,medium,237.0,0.9045801526717557
208,83,5,low,medium,324.0,0.9257142857142857
208,97,5,low,medium,236.0,0.9007633587786259
208,143,5,low,medium,236.0,0.9007633587786259
208,121,5,low,medium,235.0,0.8969465648854962
208,115,5,low,medium,277.0,0.9651567944250871
208,117,5,low,medium,281.0,0.9461279461279462
208,133,5,low,medium,258.0,0.9662921348314607
208,135,5,low,medium,283.0,0.9725085910652921
208,147,5,low,medium,243.0,0.9274809160305344
208,145,5,low,medium,257.0,0.9809160305343512
208,155,5,low,medium,231.0,0.8816793893129771
208,142,5,low,medium,319.0,0.9166666666666666
208,171,5,low,medium,243.0,0.9274809160305344
208,192,5,low,medium,245.0,0.9351145038167938
208,158,5,low,medium,264.0,0.9230769230769231
208,202,5,low,medium,227.0,0.8664122137404581
208,168,5,low,medium,255.0,0.9732824427480916
208,203,5,low,medium,250.0,0.9541984732824428
208,166,5,low,medium,292.0,0.9573770491803278
208,169,5,low,medium,270.0,0.9278350515463918
208,210,5,low,medium,231.0,0.8816793893129771
208,215,5,low,medium,237.0,0.9045801526717557
208,207,5,low,medium,243.0,0.9274809160305344
208,151,5,low,medium,603.0,0.9511041009463722
208,206,5,low,medium,330.0,0.88
208,214,5,low,medium,512.0,0.9552238805970149
