exp_a,exp_b,trial_id,expertise_a,expertise_b,Shape,Direction,Length,Position,Duration,baseline_Shape,baseline_Direction,baseline_Length,baseline_Position,baseline_Duration,source_file
48,68,5,high,high,0.1107150809821431,-0.0490069259086184,0.1181187025611051,0.1108111251779501,-0.1269128413106632,0.882781831475198,0.8017247909047163,0.8737932765427139,0.7881907906530959,0.8225650152237067,combined_data.csv
48,69,5,high,high,0.1231296388389525,-0.026810480042768,0.1322834990765403,0.1469557912985692,-0.2293980173347989,0.8685912849941774,0.7380625774281456,0.856367123487881,0.7740919468583791,0.8143036777121575,combined_data.csv
48,80,5,high,high,0.1078376572492464,-0.0518058418796349,0.1124744007777307,0.1104989796487478,-0.0882898793775337,0.8786277055293302,0.7671242641049056,0.8720137798544151,0.7561503638010735,0.8426002242051198,combined_data.csv
48,82,5,high,high,0.13353767645786,-0.003764674138423,0.1140446045293244,0.1119716312493255,-0.2522397230924111,0.8588752656341077,0.7447710300699026,0.8763021466855734,0.7601032333853479,0.8424036575186407,combined_data.csv
48,86,5,high,high,0.1219629791554296,-0.0004084213765488,0.1253767848952013,0.1406028272728674,-0.2719737755179723,0.8712651653827894,0.7164184742181003,0.8642673464975045,0.7543813778401847,0.847731351275548,combined_data.csv
48,87,5,high,high,0.1080715263086598,-0.15284089398562,0.1158529399382369,0.1639367913836152,-0.2529192546967745,0.8841946206541478,0.8111922946508094,0.8733476233792427,0.7896411915564167,0.8292595810371008,combined_data.csv
48,118,5,high,high,0.0989770872634662,-0.0516272645812465,0.0963141802254691,0.1152384759536687,-0.2906906606651854,0.8902381732012086,0.8138925341392034,0.890022863329669,0.7953377798244532,0.8547815697560945,combined_data.csv
48,178,5,high,high,0.1098289336637527,-0.0480516225543478,0.0903091708954159,0.1633698033222838,-0.0499502379232359,0.88208919163778,0.7939337775731333,0.9004187900645417,0.7822791429869393,0.8252027631757612,combined_data.csv
68,69,5,high,high,0.1158298418289142,-0.0584126126390751,0.1229084720948816,0.166357222655768,-0.1495674448370744,0.8773626339193765,0.743377467198544,0.8678699145796058,0.7629120294634195,0.8162341115037409,combined_data.csv
68,80,5,high,high,0.1093160364267845,-0.198146005110807,0.1160349942722215,0.1583860710298067,-0.1481080662234857,0.8781871816860789,0.8156632698429045,0.8699006441955085,0.7585421726225603,0.8660567841722037,combined_data.csv
68,82,5,high,high,0.1093116838644161,-0.0717873542415095,0.1080614169336435,0.1444962086223737,-0.2149643254670559,0.8835702095201095,0.8294763503825846,0.8810421500845385,0.7682017767397462,0.8365859470886776,combined_data.csv
68,86,5,high,high,0.1164542649117433,-0.0725083783486457,0.1072136409848238,0.1851708999612665,-0.1911623644187938,0.877950914892109,0.7798843019318842,0.8855519316827904,0.7592627528644541,0.8450085182649478,combined_data.csv
68,87,5,high,high,0.10960350614198,-0.0752885902983733,0.098332579473188,0.1940897412840023,-0.2355507292420624,0.8840390648777103,0.7811053582581781,0.8939843184005143,0.7645248343817717,0.8355507292420624,combined_data.csv
68,118,5,high,high,0.125896696588858,-0.0422420934060178,0.1351855293954004,0.1989825654279607,-0.1710867872916754,0.8653293761207431,0.7888017486492447,0.8554099867621378,0.7461783353669796,0.8377534539583421,combined_data.csv
68,178,5,high,high,0.1229146662764401,-0.1336087787611756,0.126936825564614,0.1930932606074932,-0.1406126821067002,0.8705556710175613,0.8378773819531804,0.8642753418424338,0.7659176028770265,0.8206126821067001,combined_data.csv
69,80,5,high,high,0.1368967593530435,-0.0429482745146588,0.1570878268236863,0.1712160188001521,-0.16193360737999,0.8519948518146414,0.6347591781097497,0.8274049338903975,0.7243667375115662,0.8286002740466567,combined_data.csv
69,82,5,high,high,0.1152960859968433,-0.0676835750474724,0.1172260177211367,0.1578101148003844,-0.1801918924821812,0.8755052114398639,0.7658401388652738,0.8697484164212788,0.7769608007216242,0.8392828015730904,combined_data.csv
69,86,5,high,high,0.1205562394118464,-0.060048881333405,0.1274641688578983,0.1669226942548145,-0.1884880284453296,0.8724013877417313,0.7930052177687927,0.8641310273830681,0.7855072210778327,0.8304294203867215,combined_data.csv
69,87,5,high,high,0.1101659169202665,-0.030491102846783,0.1150513379762095,0.1594928549960992,-0.2048485222737824,0.8829240913640338,0.7958809512758358,0.8759054717590302,0.7528458325738929,0.8477056651309253,combined_data.csv
69,118,5,high,high,0.1106472073712397,-0.0232182886647255,0.1265804233632133,0.1329159947958842,-0.2333133994850809,0.8808111270674293,0.7061847559736641,0.8610949171871003,0.7671562434425523,0.833313399485081,combined_data.csv
69,178,5,high,high,0.113425691913878,-0.0598816001423876,0.1159009699247843,0.1495916458104823,-0.1998515290449936,0.8790031776752861,0.7501197936079874,0.8752435484859208,0.75055978123028,0.8294811586746234,combined_data.csv
80,82,5,high,high,0.1008159993773394,-0.0870220004216384,0.0981065618120492,0.1695523884562119,-0.221288052832866,0.8865344882846623,0.7402235884885794,0.8852810577273305,0.7630493479351835,0.8299837050067791,combined_data.csv
80,86,5,high,high,0.1198772684241966,-0.0870699347721281,0.1351591165567328,0.1661420426697412,-0.2212920826354728,0.8705528182824859,0.728902051903622,0.8506378397361847,0.7405008373269845,0.8341953084419245,combined_data.csv
80,87,5,high,high,0.112690229018982,-0.0393661336447124,0.1185322067502068,0.1028684021270923,-0.2016173808937648,0.8775539270991211,0.7252949589789548,0.8684109954311224,0.7656296575094143,0.8280708692658578,combined_data.csv
80,118,5,high,high,0.1078312444487347,0.0303676100240324,0.098539839020071,0.152131397154604,-0.2353772038461965,0.8755633342675032,0.753569224060836,0.8774026115896827,0.7720649512626008,0.8440728560201096,combined_data.csv
80,178,5,high,high,0.1110409900570483,-0.0944743115046126,0.0991634942424298,0.0804672632289298,-0.102884095712687,0.8761873593233972,0.7402921728359808,0.8835755574834273,0.7871537054132725,0.8436248364534278,combined_data.csv
82,86,5,high,high,0.1107695232794191,-0.0509148078968861,0.1169658151858977,0.143142121691837,-0.1940908172437609,0.8817651268855735,0.8009922628896416,0.8723718012620292,0.780532176660089,0.819090817243761,combined_data.csv
82,87,5,high,high,0.1067231453913566,-0.0900377351522008,0.107375271045753,0.1214897373163255,-0.2075588977095708,0.885261558625118,0.8076671427674234,0.8832516445596827,0.769678927751849,0.8350098781017277,combined_data.csv
82,118,5,high,high,0.108384673194034,-0.0323660079596048,0.1272441517068445,0.149278455670895,-0.1702623081669253,0.8807520303738315,0.8052910378365188,0.8562035367640348,0.7652075639511826,0.8112879491925664,combined_data.csv
82,178,5,high,high,0.1161125379744488,0.0054157075845989,0.1064992182577598,0.171266639263971,-0.2265305151399741,0.8754234569063812,0.7621833532641269,0.8834266638783054,0.7416034161189408,0.826530515139974,combined_data.csv
86,87,5,high,high,0.1215700308058627,-0.0210268416377582,0.1196144522563075,0.1270462243715638,-0.2359797768112249,0.872105872971049,0.7954094048354592,0.871128429841966,0.765155596677532,0.8359797768112249,combined_data.csv
86,118,5,high,high,0.1182418743097989,-0.0335079315891273,0.1247880142722572,0.1415480297086704,-0.1663574572422383,0.8730421878373604,0.7330449980562184,0.8615870252496103,0.7510764104226942,0.8235003143850954,combined_data.csv
86,178,5,high,high,0.1085074061929645,-0.0022222985921946,0.1183204594558404,0.1482977621928477,-0.2212068480485869,0.8846391513625352,0.7724873845719092,0.8720161371192394,0.7631786287130419,0.8212068480485868,combined_data.csv
87,118,5,high,high,0.1184943113521512,-0.0950017965471552,0.1350478726181466,0.1923597132780226,-0.2915556692421287,0.8727666633954192,0.7539610442886859,0.8527993933626198,0.7267190120087202,0.8629842406707001,combined_data.csv
87,178,5,high,high,0.1249159059395375,-0.1059001142239455,0.1365671785779576,0.1950655787337931,-0.2931199490805536,0.8677371340040707,0.800531478301769,0.8531822220515539,0.7645314380845055,0.8162680972287018,combined_data.csv
118,178,5,high,high,0.1071281742559076,-0.0561540037949794,0.1034223830816226,0.1681169363345067,-0.2023197503760352,0.8826519910894297,0.7931614341585171,0.8827232359128275,0.7598056791118293,0.8314202794765643,combined_data.csv
10,13,5,low,low,0.1352980144198073,-0.0053216988838392,0.172244731696219,0.1253277248259058,-0.2217370723596375,0.8559877234200267,0.6528248775674332,0.8146658281766299,0.7327570042738014,0.8300064670740451,combined_data.csv
10,21,5,low,low,0.1246682635216833,-0.0473981433577861,0.1342940208655978,0.1185515707218305,-0.0894043190174715,0.868026147020012,0.7087497519371899,0.8545668086372389,0.7573941485044612,0.8278658574790101,combined_data.csv
10,27,5,low,low,0.1115079288199349,-0.1241094606749373,0.0977659258005481,0.0997932733940634,-0.1969681381462051,0.8788571118017587,0.8237411509295551,0.8867574968034584,0.7815641946858032,0.839825281003348,combined_data.csv
10,29,5,low,low,0.1057515362617073,-0.0853419375746999,0.1134584177047549,0.1242774750791826,-0.1860257567842789,0.8858056473024247,0.8019445635819922,0.874884089265108,0.7748037899349702,0.839035790229095,combined_data.csv
10,31,5,low,low,0.1133043061237363,-0.045739413213053,0.1418201377263298,0.1318257202858053,-0.1546600285094714,0.8795196672558828,0.732087815720929,0.8486061527835683,0.7780469869281844,0.8469677208171638,combined_data.csv
10,34,5,low,low,0.1146561533359102,-0.0404717973622379,0.1185173552854846,0.1690811773252023,-0.2165143821578045,0.8781099239753236,0.7531184637792969,0.8717075285262581,0.7191255458396248,0.8345515174363191,combined_data.csv
10,35,5,low,low,0.1068787995114183,-0.059805713245309,0.1160666044403756,0.1502138543473788,-0.2628659597201561,0.883363180757404,0.757184596412238,0.8681642075215926,0.7636108263589203,0.8494476688655834,combined_data.csv
10,37,5,low,low,0.1171144739028721,-0.0336493651381857,0.1157453327652708,0.1811274721502624,-0.2428827573995674,0.8750825010946165,0.743019090501615,0.8732080790271186,0.7569744465947723,0.8514177036361266,combined_data.csv
10,41,5,low,low,0.1144793641866069,-0.0603903935852503,0.1310503016074857,0.1434210427579552,-0.142317357749472,0.8789067758875729,0.7266177235409252,0.8599865622315986,0.7383105608380741,0.831206246638361,combined_data.csv
10,43,5,low,low,0.1152994539214112,-0.0800093420355217,0.0953870238067038,0.1558175606827165,-0.1778201245713835,0.8771380057556956,0.7745201476280864,0.8931187350079579,0.7520517328310186,0.8323294083910122,combined_data.csv
10,44,5,low,low,0.118606647878527,-0.0062778312718185,0.1200164384753164,0.1084072342223025,-0.1903421857310818,0.8735932111096834,0.792382122156831,0.8691459417383178,0.7917396104357629,0.8372652626541588,combined_data.csv
10,56,5,low,low,0.1255507976487982,0.0237651921551348,0.110960611346969,0.0997714719288704,-0.1904484437020532,0.8669462660547927,0.7689345593042273,0.8781619316306682,0.7756755485270335,0.8196151103687199,combined_data.csv
10,60,5,low,low,0.1130511957659446,0.0310784284594622,0.1059832865218224,0.1219712909350875,-0.2013614676970679,0.8780154764531316,0.7488218342563899,0.8801603990576361,0.7675008968844925,0.8500101163457167,combined_data.csv
10,63,5,low,low,0.1272406646359427,-0.0184931654081674,0.1215972384564972,0.1320224173762734,-0.1806794743238162,0.8647089031966577,0.745135828571903,0.8663587573905838,0.7715017265490036,0.8345256281699702,combined_data.csv
10,64,5,low,low,0.1142995621710828,-0.017404124947123,0.1102845217199132,0.1183089295792145,-0.1341273434873842,0.876848769672979,0.7150426247722141,0.8770381237713731,0.7677900331527429,0.8237825159011773,combined_data.csv
10,65,5,low,low,0.1214943573829662,-0.0447618453675372,0.1224192701660823,0.1569994680584705,-0.1716119789372283,0.8665770257465746,0.7897988682527087,0.8619805425870146,0.7871253856517704,0.838278645603895,combined_data.csv
10,74,5,low,low,0.1206347612078134,-0.0317374386472077,0.0809321175091671,0.1505831695684321,-0.1640999247403202,0.8698535284009041,0.7815911354688465,0.9055347979207116,0.7622891447667137,0.8307665914069868,combined_data.csv
10,77,5,low,low,0.1153880643484628,-0.0729265506571439,0.110959071749787,0.1069986354409635,-0.2029135763721001,0.875553308146717,0.7416859823832628,0.8752009113716704,0.7598922411740143,0.8580859901652036,combined_data.csv
10,78,5,low,low,0.1034236386773057,-0.1183578029575939,0.1211455494796462,0.1377900245469994,-0.2444087531773133,0.8890883190309952,0.8025183009624656,0.8681369521750675,0.7561232358844852,0.8597933685619288,combined_data.csv
10,79,5,low,low,0.1207181358452537,-0.0803610177483061,0.1264417774939052,0.113211718121126,-0.1590225236443941,0.8725886112102905,0.7516362516098215,0.8636548446797425,0.7645658619195531,0.8256891903110608,combined_data.csv
10,94,5,low,low,0.1246576751027066,-0.0772301947136244,0.1070759398573618,0.0976305013063436,-0.209489555871152,0.8672740077096097,0.7988252872399262,0.8807807391194826,0.7627992411570756,0.8494895558711519,combined_data.csv
10,99,5,low,low,0.1124914682470282,-0.0340877780370306,0.1078956848139339,0.112248574598194,-0.1316450214210682,0.8812422147701369,0.7378509290503523,0.8831667166966372,0.7594561241169743,0.8239527137287606,combined_data.csv
10,101,5,low,low,0.1315661996757835,0.0266597213827548,0.1973042981062746,0.1557152079612569,-0.1536845597636364,0.8607069935672493,0.6133660582176363,0.789793238654196,0.7462505824299994,0.8428737489528257,combined_data.csv
10,104,5,low,low,0.1176024347515973,-0.0470555346156962,0.1220666551473055,0.1018043504917544,-0.1831209700139493,0.8727731668713338,0.7859867071727409,0.8645497635888003,0.7649971053314131,0.8231209700139492,combined_data.csv
10,114,5,low,low,0.1190003366715443,-0.0222238938281966,0.0993130272051386,0.1799319858804074,-0.1466414545410043,0.8704907027673285,0.7437094361523175,0.8850747750744384,0.7745311468489793,0.8133081212076709,combined_data.csv
10,124,5,low,low,0.1169370569132478,0.0301630183274724,0.1197225354228997,0.1504697281739867,-0.1784840434575144,0.8753921058889556,0.784513162012764,0.8699572166473556,0.7664996206103657,0.8184840434575144,combined_data.csv
10,126,5,low,low,0.1249795849756953,-0.0605288264820329,0.1260797707360843,0.124572377202253,-0.1382694069488357,0.8674991680205577,0.7576895068116285,0.8641816367911186,0.7360903313792578,0.830577099256528,combined_data.csv
10,128,5,low,low,0.1196527942293712,-0.0847663226773339,0.1291996600007279,0.1151802563736594,-0.1760045690069418,0.8725159109742873,0.6817044886388419,0.8597212259571738,0.7529310354612434,0.8426712356736085,combined_data.csv
10,132,5,low,low,0.1110609308318965,-0.0733973056247945,0.1302454543149163,0.1313767103654801,-0.2265299439593725,0.8814864235990794,0.7621982246729446,0.8601763672534086,0.7529038771021732,0.8606569280863566,combined_data.csv
10,139,5,low,low,0.1222320045779962,-0.0905904147013967,0.1298653697624945,0.168358887917593,-0.1628800970527051,0.868813525975821,0.8035472729212254,0.8603459192590215,0.7774809692069988,0.8428800970527051,combined_data.csv
10,140,5,low,low,0.1208357175115518,-0.0481696444149196,0.1080329585228518,0.1411431093964834,-0.1992019864252817,0.871163648995538,0.784082584724131,0.8801658619921788,0.7671595540364791,0.8380908753141707,combined_data.csv
10,164,5,low,low,0.1093321873014433,-0.1267068857393186,0.1157171306005487,0.1161179013065806,-0.1187088514737458,0.880677762466985,0.7974286839860557,0.8706910961022947,0.7992542216399222,0.8110165437814382,combined_data.csv
10,170,5,low,low,0.1091157056283886,0.0165264681397933,0.1376125903428379,0.1813477334405264,-0.1513673509991064,0.8829234711836556,0.7311559016652254,0.8511770175895589,0.7455079330996344,0.8370816367133922,combined_data.csv
10,176,5,low,low,0.1228797011902661,0.0121471778519945,0.1218007848271037,0.1584248893512165,-0.1896560815875723,0.8709752242784179,0.7104970887668185,0.8697313147271396,0.716478720270727,0.8325132244447151,combined_data.csv
10,179,5,low,low,0.1314560773978524,-0.0514163810393233,0.1546154017365331,0.1093646078445442,-0.2173940292890382,0.861613889194597,0.6725907556973554,0.8343137682764733,0.7410479025495247,0.8614032458789,combined_data.csv
10,180,5,low,low,0.1112648537407823,-0.0378116602393747,0.11538830274737,0.1113942570570776,-0.1532088606849249,0.8805348521843492,0.7848609011603385,0.874681462704697,0.7710353966625303,0.826285783761848,combined_data.csv
10,182,5,low,low,0.1140075416605512,-0.0542634824329463,0.1048223385604646,0.0989627775042708,-0.1750968528480176,0.8776437796546804,0.763042633346071,0.8848616390734755,0.7741289134654761,0.8417635195146843,combined_data.csv
10,200,5,low,low,0.113880470226294,-0.0415447846066177,0.0978229222639093,0.1128805057545394,-0.1382923713997033,0.8759844555702061,0.7696015879741702,0.8867746969789134,0.7697979119330476,0.8182923713997032,combined_data.csv
10,208,5,low,low,0.1261144429611249,-0.1079036577075832,0.133695926926776,0.1170221108507394,-0.192089876467565,0.8674632093783772,0.785132026856917,0.858185498535633,0.7663781490187414,0.8372511667901458,combined_data.csv
13,21,5,low,low,0.1127096514488567,-0.0991599735344209,0.110720841368118,0.1744709689687142,-0.1729909904437363,0.8793675266592784,0.8052922925716981,0.8781514736570111,0.7678370303714672,0.8268371442898903,combined_data.csv
13,27,5,low,low,0.1314733900593847,0.0111596920364036,0.1416678443625264,0.1730248626260629,-0.2414488571733726,0.8599984105483061,0.62517595914566,0.8451709430822951,0.7462718098208214,0.859095915996902,combined_data.csv
13,29,5,low,low,0.1234812772685061,-0.0356618705718657,0.1501739314567898,0.2024816365057904,-0.1465419087962171,0.8677568728796741,0.6630334047807122,0.8384625273472851,0.7268870404684702,0.8047575699001965,combined_data.csv
13,31,5,low,low,0.109352147663375,-0.0513063620180178,0.1292850303880612,0.1918416548709216,-0.1906484723559509,0.8829613472752631,0.7427073592293524,0.8597415823001164,0.7518620840885902,0.8335056152130937,combined_data.csv
13,34,5,low,low,0.1167293642025796,-0.0623610169739906,0.118695923701751,0.1810706553023492,-0.1517120005907231,0.8752971597301367,0.7483019764634148,0.870501276663622,0.7499833735115932,0.8183786672573898,combined_data.csv
13,35,5,low,low,0.1217312404388767,-0.035334074715165,0.1156696740869541,0.1946229530438699,-0.2242340528723352,0.8697370055177173,0.7535652643259299,0.872241239463889,0.7545974081387367,0.8458556744939569,combined_data.csv
13,37,5,low,low,0.1153485467846591,-0.061959555356729,0.1112781707052308,0.121178889701577,-0.2276491303275623,0.8771026776439351,0.7687823017486396,0.8788052273558432,0.7639440595850784,0.8337097363881683,combined_data.csv
13,41,5,low,low,0.1191205024107961,-0.057237284170497,0.1188935508626662,0.153495978731522,-0.1573576193990328,0.8739762215450169,0.7809658930360727,0.8712926301549808,0.7875538929162074,0.8240242860656994,combined_data.csv
13,43,5,low,low,0.1285470986386181,-0.0416712345100842,0.1776064878137334,0.153530515112596,-0.1479793694581371,0.863319712811847,0.7043226663342719,0.810223696427335,0.7491201730485539,0.8146460361248038,combined_data.csv
13,44,5,low,low,0.1233263947812355,-0.0382830268821097,0.1429795265173987,0.1900349893322351,-0.1930429789809152,0.8688564494644435,0.6789111583800091,0.8459945693995445,0.7337595408234192,0.8388763123142485,combined_data.csv
13,56,5,low,low,0.1294016020107763,0.0920999213132965,0.1857437077172365,0.1858250029331833,-0.2418952623981189,0.8626494523293521,0.5975261487576553,0.8027529710932506,0.7513993991260804,0.8472511468237709,combined_data.csv
13,60,5,low,low,0.1142161341211207,-0.0372605386069666,0.1101736303378668,0.1793656692429852,-0.208642684282912,0.8781566862519061,0.7411660431197382,0.8790543919077546,0.7501051147048474,0.8372141128543404,combined_data.csv
13,63,5,low,low,0.1113035258428609,-0.0548104700826631,0.1107291516606858,0.1424708455013862,-0.2234344909589728,0.8798776065329307,0.7815131696748135,0.8775550243316939,0.7808866118726399,0.8388191063435882,combined_data.csv
13,64,5,low,low,0.1120587667196103,-0.050678531425601,0.1103108043993864,0.1007371589682571,-0.2010979597070501,0.8800113884751104,0.7925125642212303,0.8797428142321171,0.7885527612359148,0.8348377971054242,combined_data.csv
13,65,5,low,low,0.1361518485278163,-0.046092487719157,0.1862226655299064,0.1005024463605275,-0.1840130162501096,0.8539381056355135,0.6277787586326244,0.7988084372816763,0.7470444719545881,0.8203766526137461,combined_data.csv
13,74,5,low,low,0.1215338195322139,-0.02269062611653,0.1725970323080489,0.2389484435026059,-0.2144042511307783,0.8702067094704257,0.6055773979997501,0.8138523131781218,0.7014137245248833,0.8459831984991993,combined_data.csv
13,77,5,low,low,0.1130023691203135,-0.0398873036951044,0.1096539515625121,0.1706678065002003,-0.2216049152424622,0.8790897591893364,0.7619343333380947,0.8793836857908239,0.7504713866657704,0.836440080077627,combined_data.csv
13,78,5,low,low,0.1164591291763247,-0.011965124424539,0.1141216041633234,0.1696116389525815,-0.2177325107741691,0.8757810807793848,0.7402741581057852,0.8758833823432253,0.762102279498108,0.8380773383603759,combined_data.csv
13,79,5,low,low,0.1106091548060459,-0.0634830994619594,0.1248464635272277,0.1638598994526593,-0.22923458837784,0.881967492012393,0.7615126774862057,0.8646477126691487,0.7613193078473899,0.8363774455206973,combined_data.csv
13,94,5,low,low,0.1244469585075941,0.0118630331354274,0.1733715943824118,0.2182398773903763,-0.1652486767888646,0.8670527163496226,0.6365661703026313,0.8146005220766005,0.7215726950242538,0.8353167039997491,combined_data.csv
13,99,5,low,low,0.1103811782161845,-0.0132356959309706,0.1155099391674866,0.1616162005441922,-0.2203044745807786,0.8820527104902494,0.7616706716974441,0.8735460534442535,0.7788016951001286,0.8302078562232907,combined_data.csv
13,101,5,low,low,0.1063395608476434,-0.0492626323106564,0.1046160860617968,0.1423850644072843,-0.2255373927170872,0.8858541605992168,0.7898393134913522,0.8852001117825347,0.7814421254815923,0.8315979987776932,combined_data.csv
13,104,5,low,low,0.1174571626682599,-0.0682759262910007,0.1272057204872064,0.1486754379645063,-0.21057060240422,0.873743795196248,0.7298682757447287,0.8616463730553247,0.7534576751655676,0.83557060240422,combined_data.csv
13,114,5,low,low,0.1161403496895653,-0.0259885767274482,0.1600601290611168,0.1858288777508904,-0.2116014056486428,0.8751140732437842,0.6388700639906859,0.8253748708919834,0.7097326682697502,0.8516014056486427,combined_data.csv
13,124,5,low,low,0.1138595492405308,-0.0424067259738043,0.1280316508301877,0.150376508542819,-0.2315450067859359,0.8781604995011387,0.7267182623138946,0.8612560541701657,0.759187103695115,0.8315450067859358,combined_data.csv
13,126,5,low,low,0.1121751945596604,-0.0841948674177213,0.1240576996245278,0.152037066621573,-0.1914591505680319,0.8805114192207477,0.7923135489092321,0.866167765469406,0.7623061154662275,0.8278227869316683,combined_data.csv
13,128,5,low,low,0.1088108580941544,-0.0752465557373154,0.1104676246050356,0.1480909279933675,-0.1873936581641625,0.8835646549690761,0.8149648069355893,0.879976820801686,0.7736399441562133,0.8344524816935743,combined_data.csv
13,132,5,low,low,0.1116542997961671,-0.0863267030634705,0.1140671107203458,0.1519644520760501,-0.23373995457863,0.8800871072434655,0.7722448531289386,0.8749912928795388,0.7783262312895518,0.8491245699632455,combined_data.csv
13,139,5,low,low,0.1363688508796853,-0.0537984088050954,0.1851919925166882,0.190753868115082,-0.1922063891011565,0.8557003270971473,0.6401340760412116,0.8029985530014527,0.7331704810755577,0.8341477810425484,combined_data.csv
13,140,5,low,low,0.1271948654611616,-0.0601699422458957,0.1540018926818769,0.1815362490356928,-0.2097299244223702,0.8648038992393263,0.6585883089556083,0.8346214883788123,0.7316826071200344,0.831351546043992,combined_data.csv
13,164,5,low,low,0.1156315803354054,-0.0466434385394738,0.1209680659503454,0.1429484742410046,-0.1995229810145165,0.8753733551204076,0.7155974732431158,0.8665357086440564,0.76923122940991,0.835886617378153,combined_data.csv
13,170,5,low,low,0.1147359097992818,-0.04277862139192,0.1093858426871061,0.1751135031999101,-0.1985618776562526,0.8779468815671542,0.7726815542393758,0.8805496886439195,0.7642161862828754,0.8285940837754153,combined_data.csv
13,176,5,low,low,0.1119152388473367,-0.0598100154324747,0.1133541585400195,0.1414346567098171,-0.1897228952584748,0.8801284717839193,0.7978689718074998,0.8777038068011693,0.7771326569837654,0.8375766313475052,combined_data.csv
13,179,5,low,low,0.1177124785317867,-0.0622681862528744,0.1074228810939867,0.1369310524746153,-0.1869888124943872,0.8752987180005605,0.7951839581531106,0.8837986998719772,0.7842542198133057,0.8415342670398418,combined_data.csv
13,180,5,low,low,0.1263812608100445,-0.0093813005837913,0.1949332316547593,0.1778054776052113,-0.2257289004745055,0.8653189339885474,0.6499621031750877,0.7924185430621304,0.750235001802256,0.8548294295750346,combined_data.csv
13,182,5,low,low,0.1136874944522811,-0.030221748075937,0.11858175404664,0.1484982498117659,-0.2110790728795479,0.8780303479217265,0.7466868958991617,0.8707185779416361,0.7721523949476832,0.8317687280519617,combined_data.csv
13,200,5,low,low,0.112758744973887,-0.1005738537924126,0.1265450193939465,0.1645754901539623,-0.206773790424151,0.8780767067006796,0.7540185115642828,0.8613099302883401,0.735905489736548,0.8364034200537808,combined_data.csv
13,208,5,low,low,0.1158857072021708,-0.0396070154088835,0.1119905082066256,0.1449322542287054,-0.2169735945297951,0.8765510983442373,0.7554747009910715,0.8779358739523561,0.7683853655916965,0.8264061663794635,combined_data.csv
21,27,5,low,low,0.1324977431692051,-0.1209420734125577,0.1420005151431744,0.1938987825434083,-0.1426983246237183,0.8601575821279156,0.7356324767368332,0.8474781811033847,0.7301992777512196,0.8426983246237183,combined_data.csv
21,29,5,low,low,0.1187221161243993,-0.1075907651250898,0.1249208254274061,0.162685022205149,-0.1391401160640388,0.8731010606256235,0.7618022039162056,0.8655705237561759,0.7537834615760176,0.8347922899770823,combined_data.csv
21,31,5,low,low,0.1192056982044544,-0.0663215271384984,0.1104023506293907,0.1506176419413273,-0.1303046909549378,0.8738280893020133,0.7927062303731456,0.8809065476683089,0.7731726994933793,0.8303046909549379,combined_data.csv
21,34,5,low,low,0.1162093024565111,-0.0626359324821991,0.1147191792477478,0.1368797274388907,-0.2052830759091559,0.876797118108188,0.7802137829945688,0.8753824968679834,0.7920974239433812,0.8394294173725705,combined_data.csv
21,35,5,low,low,0.1172752749461774,-0.1134289425672421,0.1048108019893373,0.1661191889751304,-0.2987050965455166,0.8744342884160861,0.8096018258398159,0.8851978692727774,0.7810694263359383,0.8293173414434757,combined_data.csv
21,37,5,low,low,0.1047081619784916,-0.0889665690459098,0.1035306270428791,0.0801543892100574,-0.185013669057793,0.8882318003339181,0.7921056087881928,0.8878540430504945,0.7810556792521937,0.8278708119149358,combined_data.csv
21,41,5,low,low,0.1187824340417006,-0.0952958102064378,0.1118069557263493,0.1010145986170596,-0.143271198656622,0.8750694763203597,0.7898884643534205,0.8821819089389795,0.7717351718592312,0.8389233725696655,combined_data.csv
21,43,5,low,low,0.1219338337224206,-0.0385793146761974,0.1149383766520891,0.1415596067305461,-0.1506007303611136,0.8708600511135854,0.7159092099063595,0.8756407286675468,0.7554094421383348,0.8291721589325423,combined_data.csv
21,44,5,low,low,0.1175385133359506,-0.0828787959760345,0.117436553422606,0.1442740204685179,-0.1944611415469754,0.8749116411895226,0.7505698628460411,0.8728280491076081,0.7738378528643005,0.8444611415469754,combined_data.csv
21,56,5,low,low,0.1248440648850733,0.0150536362790748,0.1324584057865473,0.1759629507922608,-0.1659014203184231,0.8677667523005019,0.7029504172808609,0.8564024237162894,0.7423551785550548,0.8325680869850899,combined_data.csv
21,60,5,low,low,0.1080101821711142,-0.0895579733542039,0.1047709089062998,0.1366034127643617,-0.1916833894576022,0.8835668628625024,0.7956856528600132,0.8832524458383135,0.7750438610153193,0.8455295433037562,combined_data.csv
21,63,5,low,low,0.1163955869414422,-0.0431939611627942,0.1071170101512712,0.1249495059914452,-0.1961108545605343,0.874741953773736,0.7825153756652576,0.880485113560028,0.7663580680187535,0.8386914997218247,combined_data.csv
21,64,5,low,low,0.1114611655188388,-0.0882658095439102,0.1042541043076891,0.0997484392672589,-0.170501952952323,0.8808287964001991,0.8196133297701375,0.8849052853813432,0.7791560493704835,0.8284453027060176,combined_data.csv
21,65,5,low,low,0.1290043220105013,-0.0134397193272599,0.1583287758495483,0.1797905431376766,-0.1039933158053237,0.8609736164593716,0.6406118513618109,0.8300780948128601,0.7288271724891806,0.8431237505879325,combined_data.csv
21,74,5,low,low,0.1285010715685124,-0.0389305434844132,0.1275923508775973,0.1376945356844658,-0.2259377573583616,0.8631070527357966,0.6688936740650602,0.8604373140238699,0.736676149570799,0.8592710906916949,combined_data.csv
21,77,5,low,low,0.1121010491637527,-0.0793731939168409,0.109294964884028,0.1567325478594645,-0.1452579686603126,0.8792467497781553,0.8140609683287108,0.8812034993287199,0.7740824557159143,0.8270761504784945,combined_data.csv
21,78,5,low,low,0.1157207978522738,-0.0957011157006219,0.1217250657338782,0.1661040832733966,-0.1554134846244754,0.8772863137391821,0.7796121985953252,0.8678157037080573,0.758356962362281,0.8220801512911422,combined_data.csv
21,79,5,low,low,0.1206964904171681,-0.0906723593619568,0.1101445281560533,0.158379080655743,-0.1508288984828323,0.8721556982011857,0.8018371551953726,0.8805029819045074,0.7670458428390349,0.8431365907905246,combined_data.csv
21,94,5,low,low,0.1253391225281539,-0.0609860275160846,0.1500476743596449,0.2082923368906896,-0.1895551358007524,0.8662708961580071,0.713761176455845,0.8387213207292277,0.7468113501365388,0.8366139593301641,combined_data.csv
21,99,5,low,low,0.1074377515794112,-0.0648278043320766,0.1045542561700336,0.1360004533631258,-0.1594177030664417,0.8856679131849273,0.7815177461142855,0.8871114648519425,0.7760286072480584,0.8358882913017358,combined_data.csv
21,101,5,low,low,0.1173786156423382,-0.0356832009129428,0.1364966584645659,0.1447369615999955,-0.1353733111135198,0.8747798968757193,0.7341169385376118,0.8528944636930618,0.7711185400441887,0.8380760138162224,combined_data.csv
21,104,5,low,low,0.1143230807789158,-0.087199174874327,0.1153452674597553,0.1671911078521156,-0.1205575209161243,0.8762250238919006,0.7745555035637592,0.8734965670238671,0.7662257892743123,0.8478302481888517,combined_data.csv
21,114,5,low,low,0.1261113275159712,-0.0230998493924543,0.1538322757498778,0.2057665108746574,-0.1352002851577752,0.8659367310523375,0.6207214135245314,0.8357783465050193,0.6971272807227007,0.8494859994434895,combined_data.csv
21,124,5,low,low,0.1178055774281908,-0.0832599067012273,0.1309824002017844,0.1445136042771991,-0.1235573424709292,0.8749647308610506,0.7957871948111206,0.8604147451287467,0.7691595322468785,0.8272610461746329,combined_data.csv
21,126,5,low,low,0.1211671119284781,-0.0504220019457143,0.1223786854659488,0.1571896853626688,-0.143881955066917,0.871673693111625,0.8094244259611065,0.8680956330236725,0.762202570543655,0.831381955066917,combined_data.csv
21,128,5,low,low,0.1176242502364627,-0.0832446634804301,0.1101915697638423,0.1487697296311134,-0.172761978186982,0.8751427073954435,0.8005283267060302,0.8803832536201388,0.7566830034316885,0.8312985635528356,combined_data.csv
21,132,5,low,low,0.1126862913073689,-0.0375255944976865,0.0996240920351207,0.1186321459874301,-0.1195476545076337,0.879567752457578,0.7956813514350095,0.8909308127147331,0.7656652090897413,0.8254300074488101,combined_data.csv
21,139,5,low,low,0.1163715775159561,-0.0327557722756735,0.1456988704010388,0.1817277553858867,-0.1563240687470539,0.8768056043329018,0.6720179489402216,0.8453680907748002,0.7512581995965999,0.8084979817905322,combined_data.csv
21,140,5,low,low,0.1168335933126129,-0.0901021759347522,0.1302219504409415,0.1556598894741648,-0.1093360342280529,0.876239165471423,0.7254052646672673,0.8600715956152136,0.7575408120777928,0.8293360342280529,combined_data.csv
21,164,5,low,low,0.106051027334283,-0.1133253200264141,0.1002834262397136,0.1391823301658982,-0.1014998776367449,0.88552667822317,0.7852510660972021,0.887884021730513,0.7723471334738228,0.8322691084059758,combined_data.csv
21,170,5,low,low,0.113456869591595,-0.0420900871006597,0.1129910666592961,0.1385639991362289,-0.1853671111929471,0.8791741449937904,0.8070037617878336,0.8770999516194264,0.7834608991430301,0.8357783920390105,combined_data.csv
21,176,5,low,low,0.1132164841455661,-0.0511686348468219,0.1103558206456997,0.1880667630276901,-0.1670413501003538,0.8803494485122324,0.8060399611697787,0.8812329603933373,0.7540229869407109,0.8386099775513343,combined_data.csv
21,179,5,low,low,0.1145817277305035,-0.0802168741019008,0.108413822511985,0.1330820791129326,-0.1950305530183075,0.8780303956605715,0.8048034810012028,0.8827583608103511,0.7815418163392813,0.830285541931833,combined_data.csv
21,180,5,low,low,0.1194433550855023,-0.0800957696420732,0.1311803407426417,0.172355234163733,-0.1437837262383985,0.8727618046783955,0.7194938744471087,0.8579909375651074,0.7421950468303748,0.839435900151442,combined_data.csv
21,182,5,low,low,0.1135826881851875,-0.1126740681615087,0.0940106228041194,0.1076049475364174,-0.1243583392671787,0.8797230383657948,0.7927830092915774,0.8979489038251014,0.7922054387897197,0.8280620429708825,combined_data.csv
21,200,5,low,low,0.1207024597085276,-0.1270986194120569,0.1265866423980833,0.1228403758941283,-0.1366849928780984,0.8715909364809664,0.8089477624308272,0.8646954946220127,0.7651097977293859,0.8323371667911419,combined_data.csv
21,208,5,low,low,0.0997267342093701,-0.1091265296384998,0.1099025165376162,0.163328567826791,-0.1420865703480284,0.8926107052814707,0.8192398550909737,0.87988796336814,0.7741053335397768,0.8468795986704685,combined_data.csv
27,29,5,low,low,0.1187681118726917,-0.0576705065124517,0.1061779810453246,0.1411873148792642,-0.1639516690117903,0.8725748836300279,0.788232689041895,0.8817267742416808,0.7800743832720773,0.8388682429828693,combined_data.csv
27,31,5,low,low,0.123625997516678,0.0123021064784718,0.1039317946473272,0.1268306605105204,-0.1657159815675534,0.8698933397640607,0.6918083348510766,0.8875310002984329,0.7619104679037519,0.8323826482342201,combined_data.csv
27,34,5,low,low,0.1182642849694807,0.0016414063638907,0.1411475822483745,0.1363924061808161,-0.1755440709662064,0.875230942754905,0.7302843347623997,0.8500408850766008,0.7534052496422864,0.8285541044110225,combined_data.csv
27,35,5,low,low,0.1090117293580242,-0.0164789483983237,0.1281377774140858,0.1330720950235278,-0.3727872415047317,0.8803606696234603,0.6862732605639745,0.8549286044559745,0.754671462651098,0.8415372415047317,combined_data.csv
27,37,5,low,low,0.1157681775478596,-0.0364504945900326,0.1347008910854127,0.1361801964848079,-0.1668455746878028,0.8761097354856271,0.727003405653789,0.8551031010185993,0.7590752438928486,0.8335122413544693,combined_data.csv
27,41,5,low,low,0.1347563119153432,-0.0288036835405509,0.1641862010347654,0.1467889535181441,-0.1331378992567065,0.8597204725208264,0.6720800158384788,0.8291779193227473,0.7388169857830063,0.8368416029604102,combined_data.csv
27,43,5,low,low,0.1286897406336331,-0.0868822338044496,0.1297388795821824,0.1331302078503032,-0.1730846995230528,0.8635836680266801,0.7793398978199756,0.858001678837248,0.7575063244903806,0.8397513661897195,combined_data.csv
27,44,5,low,low,0.1108006137824068,-0.0877811577214945,0.1098770509125931,0.1705395666497049,-0.1287404561107451,0.8821789795454011,0.802086082426723,0.8799020725697547,0.7719642260655681,0.8430261703964593,combined_data.csv
27,56,5,low,low,0.1140571544213143,-0.0790813798717414,0.1007113421369121,0.1194120206250864,-0.2087770128544732,0.8784725481145701,0.7710720394619496,0.8902464600999787,0.7974774429647037,0.8337770128544733,combined_data.csv
27,60,5,low,low,0.1118883471069562,-0.0372621057227684,0.1212800023657324,0.1508196065041992,-0.1522267327323174,0.879398687849615,0.7095962533326645,0.8663393174500101,0.7584847117924285,0.8438028196888392,combined_data.csv
27,63,5,low,low,0.1168659042554616,-0.0409956378234571,0.1324402269353137,0.1609240381478046,-0.1888144205997773,0.8730462861437542,0.7253680796000901,0.8526867095197584,0.7616398372247547,0.8638144205997774,combined_data.csv
27,64,5,low,low,0.1152091805250735,-0.0035508747794712,0.1347900447024668,0.1214416905624209,-0.1211226452006145,0.876286790078583,0.6643327067578981,0.8517827366660008,0.7594027583141945,0.8411226452006145,combined_data.csv
27,65,5,low,low,0.1012605695954517,-0.1058580638657512,0.1056292125351306,0.050806480941174,-0.0375322517953455,0.8871499829988271,0.8155645595260629,0.8787370897579414,0.773984762779553,0.8270059360058719,combined_data.csv
27,74,5,low,low,0.1218917259654256,-0.1460555822011939,0.1361038120407179,0.1155728986931844,-0.2184907360303304,0.8675058999442836,0.8134789628380918,0.848118747407523,0.7702025216564505,0.8513533804462482,combined_data.csv
27,77,5,low,low,0.1384937307246773,-0.0205334096298051,0.1604652460315433,0.17168087153745,-0.1970673132031615,0.8534850203657806,0.6877477784976297,0.8283080593161923,0.7544915842138484,0.8492412262466398,combined_data.csv
27,78,5,low,low,0.1181641428124763,-0.0530761380842943,0.1012573381890571,0.164920433996336,-0.1275618355608263,0.8747009989996363,0.7282981799753893,0.8887649016744388,0.7611458217888455,0.8275618355608263,combined_data.csv
27,79,5,low,low,0.1239757511427948,0.0508651099173935,0.1168208249481044,0.1646402527801062,-0.1372346607748961,0.8703521148743936,0.6982392152747546,0.8765795539453718,0.7313904612195603,0.8469120801297348,combined_data.csv
27,94,5,low,low,0.119168068553195,-0.0704428517309365,0.1243160992503026,0.1647556381686645,-0.16609836458471,0.8733259498444566,0.7795589233278369,0.8657090536387841,0.7564685927955186,0.8327650312513768,combined_data.csv
27,99,5,low,low,0.1108313173445022,-0.0449253474225328,0.1268878632711718,0.1587505030040404,-0.1275638929121698,0.8828596061131453,0.7126970965480453,0.8644400688672726,0.7493395846878577,0.8628580105592287,combined_data.csv
27,101,5,low,low,0.1341695430225769,-0.0320829673827972,0.1831101484251115,0.1629880948698647,-0.115777159019964,0.8574179426483572,0.6360668264168345,0.8044526858223692,0.7038328339916982,0.835777159019964,combined_data.csv
27,104,5,low,low,0.1150596465499113,-0.0142117157695497,0.1110200308650691,0.1025372570614904,-0.0839503490101469,0.876142483696217,0.737272784926435,0.8766477858908136,0.7313108227039824,0.8200184604652554,combined_data.csv
27,114,5,low,low,0.1137945518462432,-0.0755087683762866,0.1045379598677681,0.1188639153384512,-0.1194542393685065,0.8778778859581172,0.7881690051864806,0.882282882877818,0.7491075582904747,0.8337399536542207,combined_data.csv
27,124,5,low,low,0.109304655966122,-0.005107851613062,0.1079309243859127,0.1191502331427812,-0.0496912746318607,0.8834934530716223,0.7410327956742639,0.8818983064469982,0.7781817697362182,0.8391649588423871,combined_data.csv
27,126,5,low,low,0.1310504308729254,-0.0371294024531458,0.1539870144197135,0.1713442670252686,-0.0961186268591239,0.862356446952683,0.7211010927907187,0.83627133787379,0.7363062781673844,0.8268878576283548,combined_data.csv
27,128,5,low,low,0.1294578550734544,0.0109151612171434,0.1819619426208358,0.1665579035734042,-0.1893025037723805,0.8625480138361806,0.6184980599591232,0.8058096018726677,0.7265930361141089,0.8414764168158588,combined_data.csv
27,132,5,low,low,0.1192916566324271,-0.0756858646831808,0.1271087300622642,0.1057419224012375,-0.0882228600929423,0.8740988870996849,0.7304511460418388,0.8639476707992908,0.7713402785382443,0.8382228600929423,combined_data.csv
27,139,5,low,low,0.1101891684302871,-0.0951547335638633,0.1098457650581976,0.0946592159162464,-0.2120481612372997,0.8821946906825647,0.818447826462317,0.880862153389202,0.7965202406886878,0.8410407902299288,combined_data.csv
27,140,5,low,low,0.1142686760802735,-0.0756075622422662,0.1136175159370618,0.1730794957721692,-0.1318105076771849,0.8783813751507525,0.7760576963554615,0.8778685171227316,0.7662098482974289,0.8510223303372835,combined_data.csv
27,164,5,low,low,0.1200499804455643,-0.1064077334070563,0.1330228881476773,0.1258936605948669,-0.0654778770227261,0.8717244483246036,0.7524448294218617,0.8560423355622111,0.74147320813798,0.8154778770227261,combined_data.csv
27,170,5,low,low,0.1330798147671533,0.0012209101686342,0.1257657694726813,0.16389633792296,-0.1582816711938415,0.8585975994767009,0.6769348923945455,0.8618630815389312,0.7281070228302907,0.8249483378605081,combined_data.csv
27,176,5,low,low,0.1279727138891156,0.0088657073540057,0.1626874227685242,0.1286848919877302,-0.1788224768122858,0.8654197471044446,0.6771355208154595,0.8271104338731764,0.7514781059219988,0.8454891434789524,combined_data.csv
27,179,5,low,low,0.1340612068179421,0.0545716152040833,0.1764834055361585,0.148686188199405,-0.243171712062423,0.8598746391662608,0.6403201158353138,0.8146700097488859,0.7437709980727893,0.8585563274470385,combined_data.csv
27,180,5,low,low,0.1174211987638891,-0.0216343070106619,0.113731724910843,0.1503432310998387,-0.1731254671042726,0.8752908405045208,0.7818464644132594,0.875897699157861,0.7696230277812619,0.8531254671042726,combined_data.csv
27,182,5,low,low,0.1150704125232462,0.0177450150982649,0.119631971836693,0.169117998288215,-0.1074764432534679,0.877728543452991,0.711569475269517,0.8701288263440679,0.7378385417681681,0.8443185485166259,combined_data.csv
27,200,5,low,low,0.1182987670312083,-0.1446391996601984,0.1110060494964353,0.1638838751638783,-0.1286382331897408,0.8715097342003758,0.7423407290061645,0.8726727290127436,0.759487061829681,0.8242904071027843,combined_data.csv
27,208,5,low,low,0.1159795458207015,0.0128457279211533,0.1137315598219048,0.1455708870606992,-0.1025640403565656,0.8784161631769655,0.7045531131131231,0.8781946291690459,0.7678774073984066,0.8525640403565656,combined_data.csv
29,31,5,low,low,0.1203567342271256,-0.0603532930295466,0.1216516475957306,0.1245917193494997,-0.1718978703824986,0.8730899085406861,0.8033384025011924,0.8708521955497763,0.7848947177521691,0.8385645370491652,combined_data.csv
29,34,5,low,low,0.1165692252921423,-0.0815202035764973,0.1122035584399621,0.1348336407481851,-0.1883587968112405,0.8756075969370554,0.771202752297777,0.8794079699111472,0.7777373073667235,0.8354176203406525,combined_data.csv
29,35,5,low,low,0.1082290031681042,-0.08455251525456,0.1073679188355427,0.1284726670036563,-0.315902223206061,0.8816147298207722,0.8265590995638401,0.8769627105179648,0.7752073979539119,0.8485263366812383,combined_data.csv
29,37,5,low,low,0.1197582919371532,-0.0470142194828127,0.10636540628216,0.1327901994188762,-0.1777973236949506,0.8720293060617408,0.7722516031311293,0.8842491734838821,0.7792649566067265,0.8299712367384289,combined_data.csv
29,41,5,low,low,0.1233728407722662,-0.0992380230061061,0.1097807461212296,0.1596885955059571,-0.1235202687059114,0.8704085419341466,0.7710283158010233,0.8828178144052172,0.7634035150995448,0.8318536020392449,combined_data.csv
29,43,5,low,low,0.1268411337698283,-0.1538147900260769,0.1129541553659903,0.1647420668073465,-0.1812761498804325,0.8628841338860547,0.8169901890818008,0.874395945293286,0.7532234494839447,0.8266729752772579,combined_data.csv
29,44,5,low,low,0.1134910946819922,-0.0826436759715424,0.1162393270772943,0.1597942021222154,-0.1479807752986597,0.8777991238352371,0.8018021223371319,0.8729409272188537,0.7840626344577868,0.8436329492117032,combined_data.csv
29,56,5,low,low,0.1169349813128345,-0.0874939734216641,0.1088309544328952,0.1935857199972963,-0.1694992135967017,0.8747160545303704,0.8262655880346838,0.8786958690249517,0.7612815740053314,0.8290736816818081,combined_data.csv
29,60,5,low,low,0.1185405936685523,-0.0222012312531061,0.1212354894556492,0.148531992848039,-0.132012474736904,0.8719132560032229,0.7903589390429824,0.8650741780731493,0.7804516300903744,0.8264569191813486,combined_data.csv
29,63,5,low,low,0.1124534288303508,-0.1235462960098982,0.129783996867425,0.1601073972434796,-0.2124100407409197,0.8783832102509,0.79498268030335,0.8576901118341126,0.76526037201492,0.8552671835980625,combined_data.csv
29,64,5,low,low,0.1078752665789385,-0.088843450632277,0.1164695005252902,0.1666759753714605,-0.1945285790180835,0.8837434326289273,0.7779998581732881,0.8718780756679811,0.7386806186522612,0.83089221538172,combined_data.csv
29,65,5,low,low,0.1113789464249419,0.0113288525065968,0.1086188271503928,0.1040009454900207,-0.1331015925249357,0.8780399904072603,0.7465734027731461,0.875393749302216,0.7559678324324561,0.8420963015196447,combined_data.csv
29,74,5,low,low,0.1087598992743098,-0.1044958395630859,0.0939532951872077,0.1371143561643369,-0.1936202470813789,0.8809147244130493,0.8000198111421177,0.8917614872422428,0.7799429520899043,0.8299838834450154,combined_data.csv
29,77,5,low,low,0.1182391373032567,-0.0469308116394029,0.1028858802867792,0.2012108654610206,-0.1514210421009595,0.8731690650149166,0.7450601362122296,0.8860076534416106,0.7411995950091039,0.8180877087676262,combined_data.csv
29,78,5,low,low,0.1112241436758237,-0.0708068504271677,0.1191691387016513,0.1696422758296255,-0.1821048980782074,0.881188354476138,0.8178240807778456,0.8709648509345067,0.7529746777945371,0.8366141818978361,combined_data.csv
29,79,5,low,low,0.1174823903221828,-0.0748915612553965,0.1240965336122518,0.1538229415137847,-0.1151627608139214,0.8755397105207712,0.7898391146038385,0.8668935910115589,0.7795179464418183,0.805761051412212,combined_data.csv
29,94,5,low,low,0.1152557124569637,-0.0091707416064227,0.1249036881842352,0.1303937842487794,-0.2313877904956969,0.876660651515953,0.767899828269421,0.8651726148951142,0.7763533219660161,0.8490348493192263,combined_data.csv
29,99,5,low,low,0.1134740314912973,-0.0783678845192992,0.120429548609116,0.177657352805197,-0.1729601641347353,0.8794107334374872,0.7794361070016773,0.8708146854191604,0.7601822711820301,0.8441313353059066,combined_data.csv
29,101,5,low,low,0.1325973599244883,0.0257910734003877,0.1660925329931493,0.1998089292802202,-0.2298670992574087,0.8589451056708599,0.6090407391462656,0.8213320691300277,0.7129094860145608,0.837009956400266,combined_data.csv
29,104,5,low,low,0.1094664665793057,-0.1002972740156166,0.1095468118037017,0.0830865985122193,-0.1403240961357147,0.880489589848536,0.8022465691332655,0.8776117026558486,0.7853368039008178,0.8313055284964574,combined_data.csv
29,114,5,low,low,0.1153335051155639,-0.05876661140313,0.1009229973300298,0.1290763781690836,-0.164908802496393,0.875826246116826,0.7490415625033526,0.8860396588479703,0.7739328440524254,0.8170827155398713,combined_data.csv
29,124,5,low,low,0.1129011845884833,-0.0573193127686614,0.1131434888524646,0.1775665485201127,-0.1391527372053561,0.8790687177542879,0.798535934479608,0.8773707198790396,0.7443845295458446,0.836122434175053,combined_data.csv
29,126,5,low,low,0.1153729925365564,-0.0208675195279518,0.1240288312229208,0.1578403652081668,-0.146591859498478,0.8769578946213265,0.7642510794375073,0.8664262936854292,0.7577392660723069,0.8608775737841924,combined_data.csv
29,128,5,low,low,0.1220746456602652,-0.0501931086327402,0.1395668132451785,0.1620710251785124,-0.201748334443216,0.869819908604986,0.728119493462976,0.8497555179042076,0.7469192785009506,0.842373334443216,combined_data.csv
29,132,5,low,low,0.1238994535858177,-0.0678075690987949,0.1346294970306901,0.1463094451300119,-0.1691800102296288,0.8672871080738158,0.7816086000123603,0.8555574067191806,0.7633054308082352,0.8310847721343907,combined_data.csv
29,139,5,low,low,0.1199063519342785,-0.0859484574349092,0.1360847710312005,0.160973181195197,-0.1624288672118892,0.871706108421547,0.7840031657179795,0.8534318408921011,0.7612837029797355,0.8269310317140537,combined_data.csv
29,140,5,low,low,0.1084634300232668,-0.0742542825634144,0.0885396872589993,0.1713529091399838,-0.1545803232867735,0.8829849351334509,0.7663567380767422,0.9000973361128848,0.7809837915127625,0.8468880155944658,combined_data.csv
29,164,5,low,low,0.1212315063487126,-0.0945278628647101,0.1242780938573518,0.1393074909075765,-0.1411035342549168,0.8695919571651793,0.8016150693378186,0.8650819912071028,0.7736311797524416,0.8380732312246137,combined_data.csv
29,170,5,low,low,0.1147238598299097,-0.0748242246167945,0.1160491644339306,0.1610326259396923,-0.1625507550323853,0.8770448335928713,0.7888490740732933,0.8726854441551185,0.7631788478032309,0.829217421699052,combined_data.csv
29,176,5,low,low,0.1182925481693893,-0.0022260263759756,0.1073700734003813,0.162935771904908,-0.1534623053709692,0.8751682916104695,0.7195905777096161,0.8840888524503102,0.7494278051953052,0.8201289720376359,combined_data.csv
29,179,5,low,low,0.1173436801513362,0.0026835431595479,0.1428821909123268,0.1651059108219719,-0.2040247601178431,0.876175088613877,0.6770367961872363,0.8497138814384732,0.7435113386772001,0.8356037074862641,combined_data.csv
29,180,5,low,low,0.113317532054876,-0.1414652704427881,0.0971091369874639,0.1860683089235559,-0.1726338965893876,0.8792476947323979,0.8141019545056618,0.8923965876122947,0.7669142198927736,0.8457108196663108,combined_data.csv
29,182,5,low,low,0.1172465530007751,-0.038500124083979,0.1152482680982204,0.1770964228836641,-0.1284223240617964,0.8740841997455453,0.7690194284128795,0.875233415192896,0.7502032627024601,0.8321260277655002,combined_data.csv
29,200,5,low,low,0.1124489553778296,-0.0449323830397707,0.1236016075013329,0.1665412321999921,-0.1748984830897736,0.8775005044579749,0.7869136216160187,0.8634701900979337,0.772633106339055,0.8541841973754879,combined_data.csv
29,208,5,low,low,0.1140026207864932,-0.0481966847532533,0.1176554342113299,0.1465473577943643,-0.1136069924970076,0.8789913859216452,0.7867238640526075,0.8741383841921898,0.7670291454694858,0.821940325830341,combined_data.csv
31,34,5,low,low,0.1135231246756549,-0.0627712024378922,0.1133906751735203,0.1352136098194578,-0.191091647470978,0.8802210014272448,0.8099547195818524,0.8779070904050277,0.7893000644587517,0.8401657215450522,combined_data.csv
31,35,5,low,low,0.1154977067517686,-0.0549324001040575,0.1175574329876267,0.1775171986645726,-0.2915320763161915,0.8767981604383477,0.7703088565865504,0.8718127534625246,0.7667727787599677,0.8425524844794567,combined_data.csv
31,37,5,low,low,0.1210146214919951,-0.0983399388178806,0.1200956082526114,0.1305142963765005,-0.2455617459750663,0.8721523956944927,0.7796101357687247,0.871070919957495,0.7607480358765848,0.8367298371431575,combined_data.csv
31,41,5,low,low,0.1146042008701542,-0.0861986239902031,0.109489550067653,0.1676382076625381,-0.1402747292058782,0.8801245943183273,0.8044256890727738,0.8838612717118687,0.7719378125545627,0.8402747292058782,combined_data.csv
31,43,5,low,low,0.1237672645954783,-0.0122647978387719,0.1182729041090142,0.1613502252982752,-0.1824928169578493,0.869719173542163,0.730094974198768,0.8742222386968187,0.7502851840993501,0.8589634051931434,combined_data.csv
31,44,5,low,low,0.1136510959755043,-0.0364666513931691,0.1172215980108298,0.1692224315903796,-0.143421914862921,0.8797386684677463,0.7450857539452878,0.87412755849491,0.7592485223704573,0.830921914862921,combined_data.csv
31,56,5,low,low,0.1175277821594243,-0.0583821945179307,0.1303930832437704,0.1551485794020569,-0.2468199637707271,0.876295878401629,0.7926298935381295,0.8620775084436537,0.7562553719915128,0.8350552578883742,combined_data.csv
31,60,5,low,low,0.1134742231416047,-0.0532915040554859,0.1211058809763629,0.1082661134743079,-0.1355173143673349,0.8792072706655668,0.7798722926650883,0.8693069183056075,0.8038523831354544,0.8259935048435254,combined_data.csv
31,63,5,low,low,0.1006573613448491,-0.0970402333430918,0.0979498591935688,0.140176962324741,-0.1641376463843619,0.8909998211927217,0.816209493261762,0.8920882875153122,0.7648877085180222,0.8308043130510285,combined_data.csv
31,64,5,low,low,0.1052051206869891,-0.1066676598412371,0.1123336993160654,0.1016787263343963,-0.1630606859774777,0.8877942122647757,0.8028801395627598,0.878862179834575,0.7820149418235057,0.85536837828517,combined_data.csv
31,65,5,low,low,0.1213580683910025,-0.021629246449514,0.1500049542457668,0.1491019137446063,-0.1228799531880925,0.8704837373386728,0.7374674572744369,0.8388136921790834,0.7364796048588695,0.8103799531880925,combined_data.csv
31,74,5,low,low,0.1231210710195033,-0.0418657500183331,0.1211501561127587,0.2334895028776917,-0.1666308282439061,0.8701272168566375,0.7097688937060732,0.8682117780268224,0.7256305029822447,0.8332974949105729,combined_data.csv
31,77,5,low,low,0.1172337521184933,-0.0893459963977166,0.1245762431508649,0.135226664356073,-0.1610677606274909,0.8752199095618233,0.8007592616996145,0.8654520842378414,0.7686618056797033,0.8390631523325601,combined_data.csv
31,78,5,low,low,0.1156631396553266,-0.0998342745342183,0.1164893719137912,0.171791744665848,-0.1684637109566492,0.8784937819152454,0.7928349891320602,0.8755158567090493,0.7716497485105908,0.8351303776233159,combined_data.csv
31,79,5,low,low,0.112360370941747,-0.0912365051818797,0.1219150897912131,0.1120482683781547,-0.1478976624180072,0.8815714395938816,0.8174275541842058,0.8710924376025652,0.7830617168357387,0.8428887178741791,combined_data.csv
31,94,5,low,low,0.1244987490884694,0.0312648645621037,0.1087695287985504,0.0790865337942857,-0.1116073830602837,0.868578984385048,0.7254681571336962,0.8812463380343909,0.7753874623433573,0.8325376156184233,combined_data.csv
31,99,5,low,low,0.1104712937685022,-0.0636390366695833,0.1167322005327015,0.1326442402063646,-0.1172160370603377,0.8833240438184963,0.7976191591954773,0.8749238977166468,0.7685749561395726,0.8209197407640415,combined_data.csv
31,101,5,low,low,0.1244683050045726,-0.0339527607988072,0.1583379481392445,0.1524653888652031,-0.120472030010908,0.8684032081205846,0.700228015263617,0.8312588314512128,0.731580393157033,0.8305738975830642,combined_data.csv
31,104,5,low,low,0.1085122450594268,-0.0988972009226755,0.114686160564992,0.1039043388575529,-0.1153729296182715,0.884039112672292,0.7919881117923345,0.8757100476028458,0.7752611795376436,0.827354496438548,combined_data.csv
31,114,5,low,low,0.1189930292002537,-0.0413277430331842,0.1169096141253395,0.1491527791670496,-0.1143674568416307,0.8745075156271586,0.7513882698938019,0.8737929329729115,0.7418086143823936,0.8385053878761135,combined_data.csv
31,124,5,low,low,0.1128804557065555,-0.0644158154772662,0.1046323200250212,0.1658477178841249,-0.1796912447851729,0.8802295660937298,0.8007029076867862,0.8874807683419002,0.7698287538749435,0.8615094266033548,combined_data.csv
31,126,5,low,low,0.1120194287138287,-0.0336081977702077,0.1205950000609374,0.1304599405704622,-0.1323091933844856,0.8815739632613402,0.8000099200951949,0.8715169118961107,0.7479385307726448,0.8394170365217406,combined_data.csv
31,128,5,low,low,0.1122565358528853,-0.0598251372068158,0.1262295658111962,0.1210646232419396,-0.1639872680019677,0.8806041126850355,0.7592415430319036,0.8641505725771985,0.7776867869639346,0.8458054498201496,combined_data.csv
31,132,5,low,low,0.1163961298554935,-0.0496226357217078,0.1033450268491371,0.1083076861861312,-0.1156311987916843,0.8771474309302418,0.7993308534253785,0.8890947500962683,0.7852609790331867,0.8253086181465231,combined_data.csv
31,139,5,low,low,0.1227230628527057,-0.1177381521368028,0.1164119449840054,0.1481782633214667,-0.1644597305924321,0.8713639428524494,0.7711260817804331,0.87505295532243,0.7640000156185489,0.8311263972590988,combined_data.csv
31,140,5,low,low,0.1139103045316354,-0.1416267208888388,0.1239787440476052,0.1613378255344542,-0.1310302263631831,0.879806592137474,0.7447168927132906,0.8686946165133824,0.7640441826547708,0.8310302263631832,combined_data.csv
31,164,5,low,low,0.1097713000738622,-0.0897481604639018,0.1001444723921789,0.1398406508839208,-0.1168586816186658,0.8818790577688008,0.8139064892521033,0.8916698580338049,0.7928358639867398,0.8251920149519992,combined_data.csv
31,170,5,low,low,0.113704971806093,-0.0434945837367958,0.1134644283624413,0.1579294842512122,-0.1786774012663304,0.8798085153366281,0.8086842614021885,0.877794641180755,0.7764195789874079,0.8453440679329971,combined_data.csv
31,176,5,low,low,0.111195563682627,-0.0344403319803381,0.1056879991373307,0.1113085333570669,-0.2110975674457668,0.8824651216318776,0.8063315308433869,0.8852124289191137,0.7710312216652623,0.8474612038094033,combined_data.csv
31,179,5,low,low,0.1176081315002219,0.0268625276916562,0.1226556896421429,0.1169960359382179,-0.1811609764043625,0.8761057635851395,0.7603114288370185,0.8684279527098577,0.7665931214345632,0.8383038335472196,combined_data.csv
31,180,5,low,low,0.1116636024279723,-0.0171516000824029,0.1051153571758283,0.149290620925556,-0.1465562133549787,0.8811440531721862,0.7685539575005262,0.8842220222666359,0.7690479811127744,0.8465562133549788,combined_data.csv
31,182,5,low,low,0.1208285576715688,-0.1127460952262666,0.1189374073085302,0.1334490937724718,-0.1493290472935028,0.872208159446994,0.8070332654711461,0.872397935836634,0.7781705394401927,0.8301801111232902,combined_data.csv
31,200,5,low,low,0.1108543061482416,-0.0851934010789098,0.1164942976659708,0.119818994265313,-0.1533934896330869,0.8810763300099627,0.81977997870567,0.8730160994861337,0.7758509003675493,0.8200601562997536,combined_data.csv
31,208,5,low,low,0.1102092849395368,-0.0419421606571633,0.1134691956103216,0.1459036565906341,-0.1702456164663844,0.8831545039497086,0.805436100025257,0.8788913202502018,0.7671340642897261,0.8369122831330511,combined_data.csv
34,35,5,low,low,0.1074893138945742,-0.0960733118542372,0.0887589410688748,0.1526435327270529,-0.2322014505063381,0.8830354421873325,0.8068369353823986,0.8978710404845197,0.7650460619928993,0.8493583132514362,combined_data.csv
34,37,5,low,low,0.1080759965137404,-0.0557093484772751,0.1022134338107827,0.1201023402916875,-0.2314579596487802,0.885000441059203,0.7967970375826675,0.8873959898801939,0.7879113454383339,0.8373549696155576,combined_data.csv
34,41,5,low,low,0.1202599610862841,-0.0645474725187321,0.1255641424779384,0.1496358740681433,-0.198336032419253,0.873957388290001,0.7878563919808532,0.8669282637089066,0.7701723083806535,0.8035991903139899,combined_data.csv
34,43,5,low,low,0.1106659164584734,-0.1025694583422589,0.0981716743452948,0.1560775081798554,-0.1739623153230551,0.8830655536441323,0.7965525546636194,0.89350252490356,0.7641193589345232,0.8406289819897218,combined_data.csv
34,44,5,low,low,0.1161880401250778,-0.0624929727949126,0.1138768421210428,0.1695565229170801,-0.2138199457011708,0.8770314126853843,0.7716370491550117,0.8774841231731711,0.7583291804170026,0.8552485171297421,combined_data.csv
34,56,5,low,low,0.1156100773288526,-0.0789762851668556,0.1187423966384836,0.1862931270222391,-0.2174540096034527,0.8781611692387855,0.7680786220547604,0.8726622672046125,0.7540641958597898,0.8240113866526331,combined_data.csv
34,60,5,low,low,0.1205677117982286,-0.073943547762395,0.1284277309297732,0.1757897914392535,-0.1847893855400054,0.8715403317196372,0.8000609863550674,0.8618984505539171,0.7686028102390463,0.833456987223035,combined_data.csv
34,63,5,low,low,0.1148545925949741,-0.0503634362843468,0.1155357300202025,0.1695802848296712,-0.1996564860249907,0.8765132610121651,0.8095133565233357,0.8727455418169532,0.7695716945399655,0.8329898193583241,combined_data.csv
34,64,5,low,low,0.113920422311909,-0.0376580189096058,0.117058441301235,0.1333612312851465,-0.2114962877992204,0.8790663764939223,0.770811721867768,0.8732821247073974,0.7636974522753887,0.8448296211325538,combined_data.csv
34,65,5,low,low,0.1221764006578244,-0.0020436486117634,0.1170569614811105,0.078172883486609,-0.2463886408049685,0.8679620781513147,0.7061576271477239,0.87116289446258,0.7666034391495047,0.8270338020952911,combined_data.csv
34,74,5,low,low,0.1224586778678746,-0.0750380301174681,0.1211621600196484,0.170130875794369,-0.2101171507369197,0.8705384512498573,0.7247351737678169,0.8693960379400214,0.7352709420167269,0.843450484070253,combined_data.csv
34,77,5,low,low,0.1178734564885785,-0.0911467605433609,0.1139826665068596,0.1802939301101114,-0.1925706332942479,0.8742421964253473,0.7827861231009955,0.8764466862727037,0.7664239967817444,0.8230054159029436,combined_data.csv
34,78,5,low,low,0.1135235385084794,-0.0116597407950328,0.1008863831426839,0.1692178441726625,-0.2144955771455664,0.880130037642323,0.7900135091986219,0.89063372176509,0.7800040163455968,0.824251674706542,combined_data.csv
34,79,5,low,low,0.1144468791641324,-0.0536655633173049,0.1110430025101569,0.1494453420543906,-0.1789868150651936,0.8791113603289864,0.8000904225342735,0.881619007818164,0.7801467414315686,0.8311607281086719,combined_data.csv
34,94,5,low,low,0.1155785746922011,-0.0713762642666284,0.1067114108221213,0.1229778327985599,-0.2230395118253372,0.8775007703618911,0.7632816919782781,0.8839110340759629,0.7577574374503774,0.854180857252397,combined_data.csv
34,99,5,low,low,0.1061905055388007,-0.0592085591428371,0.1149391870468418,0.1557308031077504,-0.1529776638994346,0.8874852985609442,0.8069605569293697,0.8777449497830448,0.7850463831804324,0.8303970187381444,combined_data.csv
34,101,5,low,low,0.1229137012988861,0.0112816347272177,0.1501317615753323,0.1889621461365789,-0.1878735109168732,0.8691687470742842,0.6677453720519897,0.83896051254588,0.7329616757715,0.8242371472805096,combined_data.csv
34,104,5,low,low,0.1177188589198402,-0.1225754306220593,0.1087305043412242,0.1345562091848751,-0.2413743328981707,0.8735551823624533,0.7987315669842115,0.8804585021956068,0.7737545024010056,0.824707666231504,combined_data.csv
34,114,5,low,low,0.1155281101511623,-0.0873514844888685,0.1231415779292794,0.1998440188436604,-0.1536423124455569,0.8774272270341597,0.7080360547442994,0.8670050405451819,0.7488558371586117,0.8275863086486894,combined_data.csv
34,124,5,low,low,0.1114517299895913,-0.0182799940503649,0.1144201480443725,0.162144768853233,-0.244328119149242,0.882166960501931,0.8017343442950777,0.8764551322793552,0.7658427641692807,0.8369207117418346,combined_data.csv
34,126,5,low,low,0.1159114061736007,-0.0551819816285953,0.1062892251190819,0.1732632769392634,-0.179558353672673,0.8776230334856585,0.8047347675977726,0.8853365731553293,0.7529579857276796,0.8247196439952538,combined_data.csv
34,128,5,low,low,0.1177961067869097,-0.0771795037349317,0.1321947581541968,0.146685144395908,-0.2036732316773836,0.8753056330261106,0.7651804956324507,0.8580140296382212,0.7608424799403766,0.8412994943036463,combined_data.csv
34,132,5,low,low,0.1150859076043859,-0.0713839736168387,0.1079250449596308,0.1597784802886557,-0.2425693425963286,0.8784479551998583,0.8034771122741201,0.8831060616936963,0.7619301274058321,0.8363193425963287,combined_data.csv
34,139,5,low,low,0.1248017790697131,-0.1483673639777225,0.1225473194639614,0.2280837729568138,-0.191011843324896,0.8691022585057009,0.7753542059566731,0.8702622623093489,0.7151089365971274,0.8265013538144066,combined_data.csv
34,140,5,low,low,0.1277374402649224,-0.1197366562985227,0.1437911805865512,0.2157463264216513,-0.2148832476783946,0.8658130094217305,0.7509247083672236,0.8477762496277176,0.7416299558125636,0.8482165810117279,combined_data.csv
34,164,5,low,low,0.1187154740404219,-0.0849825066590846,0.1203038511449937,0.1194837746984756,-0.1983872462860235,0.8724480940789494,0.8044890285861931,0.867968893278828,0.7778894413053212,0.8444973032120198,combined_data.csv
34,170,5,low,low,0.1162651828292253,-0.0361471350466724,0.1163858438391838,0.1637946195098591,-0.1890718842722054,0.8767665960089421,0.7943566517084377,0.8736354035763407,0.7720881146612928,0.8503622068528507,combined_data.csv
34,176,5,low,low,0.1118877554579117,-0.0783734189713718,0.1209165506955703,0.1872889411712479,-0.1634431102057051,0.88156451311652,0.7705830438634704,0.8702005136035603,0.7542925317438042,0.8414385019107743,combined_data.csv
34,179,5,low,low,0.1184448589023431,-0.0341021158675859,0.1179547448810811,0.1520253475968568,-0.1850593246528749,0.8751179719984213,0.7238180939969612,0.872981756605735,0.7600082054778002,0.8435959100187285,combined_data.csv
34,180,5,low,low,0.1192346374801348,-0.0777606340244622,0.1120481772602721,0.1603995531271005,-0.1496534687355823,0.8743979152535488,0.7985424814100534,0.8793795995607937,0.7706977766181206,0.841419830452683,combined_data.csv
34,182,5,low,low,0.1157543899684557,-0.0841635483888613,0.1238963984041644,0.1646421026820343,-0.2062240147716003,0.8779073766509,0.7890945024717811,0.8674068577692078,0.767787730472788,0.8312240147716004,combined_data.csv
34,200,5,low,low,0.1084461993277666,-0.0938946966343938,0.1052131048112957,0.1398999931800398,-0.1588502545454193,0.8834037422632478,0.814706627468037,0.8840497319224757,0.783213338284636,0.8406684363636012,combined_data.csv
34,208,5,low,low,0.115119719355104,-0.074142242749563,0.1122773571092599,0.1915320691430645,-0.2038128184737662,0.8783954745354935,0.8006455266707728,0.8798184928112274,0.752886248525542,0.833442448103396,combined_data.csv
35,37,5,low,low,0.1198090524546577,-0.0786541496647457,0.104175137450544,0.1117368492527569,-0.228989348410679,0.8721360000298171,0.8099756699179923,0.8843714350250333,0.7614612353945976,0.828989348410679,combined_data.csv
35,41,5,low,low,0.1166092700045615,-0.0843558289124313,0.1184190471775816,0.1655526141765777,-0.2796220708167296,0.8768390897483861,0.7855815692268304,0.8725440583796444,0.7826158970106954,0.8396220708167297,combined_data.csv
35,43,5,low,low,0.1152006320959299,-0.1417267556176923,0.1137930276214203,0.1351605360724876,-0.2237201914221439,0.8746753380028366,0.7631957057063858,0.8727786486520588,0.7687019581270906,0.8286773517648612,combined_data.csv
35,44,5,low,low,0.1138559346152514,-0.0975986703272571,0.1098597574287305,0.1526088423188422,-0.279777464502345,0.8769624723750871,0.8072821515035395,0.8765771811549457,0.7668705646889364,0.832968953864047,combined_data.csv
35,56,5,low,low,0.1142595305840996,-0.067644968908616,0.1080765048904003,0.1605088120258276,-0.1810388914836797,0.8783516748945721,0.7436328747262686,0.8809762805027844,0.7661045843883288,0.826872224817013,combined_data.csv
35,60,5,low,low,0.1122500759480719,-0.0256692648003025,0.1186609194955867,0.1579000086503764,-0.3074985363805632,0.8787324014033335,0.7999678518200599,0.8707871154347113,0.7650631863796524,0.8347712636532906,combined_data.csv
35,63,5,low,low,0.1134873355958305,-0.0709624564311034,0.1075883625598679,0.1516714375445277,-0.2742467133200021,0.8766030897647714,0.8129291041706092,0.8788396405164013,0.7748247364087041,0.8283402805714641,combined_data.csv
35,64,5,low,low,0.110389569375342,-0.0464110171777831,0.1024565575019881,0.0947076135228296,-0.2456029740490949,0.8802437264641285,0.7980060615058073,0.8844790583414616,0.782358916369041,0.833838268166742,combined_data.csv
35,65,5,low,low,0.1183933801941393,-0.0673982451232305,0.1258831936690896,0.1262452923854348,-0.398762735472873,0.8685364943086392,0.7072153716909721,0.8535773109371223,0.7542684525578709,0.83120725945283,combined_data.csv
35,74,5,low,low,0.1187012206978428,-0.0915151371846052,0.1153363131781428,0.1619824145756495,-0.2577526729035152,0.8705907418635299,0.7137876212715619,0.8688242325629297,0.7638900226771628,0.8177526729035153,combined_data.csv
35,77,5,low,low,0.1146725896944529,-0.0967138563477627,0.1120706228321993,0.1335216195552915,-0.2892470696205779,0.8760959428581641,0.8165847065728533,0.8756446433326225,0.7761102678727267,0.8249613553348636,combined_data.csv
35,78,5,low,low,0.1074218272590736,-0.0787805370201241,0.1004952632930199,0.137315860497186,-0.2819533283790918,0.8845388503656473,0.7885542227541419,0.888967678907227,0.7854469109876718,0.8419533283790919,combined_data.csv
35,79,5,low,low,0.1142886013431333,-0.0830547883320041,0.1085865692514422,0.1447218500857602,-0.2715979024158939,0.8772894469224285,0.8017842882541231,0.8803527800601307,0.7687625223220926,0.8366316861996776,combined_data.csv
35,94,5,low,low,0.1188322874658727,0.0092569272415361,0.1247850408363369,0.1265351896188541,-0.2426333927563712,0.8714110223967718,0.7317321017553728,0.8600204746811275,0.7673255820810103,0.8208310671749759,combined_data.csv
35,99,5,low,low,0.1119924928507705,-0.0875341281156465,0.1101452674356305,0.1313969153838181,-0.295095999426048,0.880051948556325,0.8131935013193496,0.8790254499187692,0.7666224788434264,0.8472738578652494,combined_data.csv
35,101,5,low,low,0.1201972238843394,-0.06595544183605,0.1340056951309975,0.1416273130258397,-0.2521710932655101,0.8716054261002146,0.7239666172427869,0.8538757432744766,0.7551076365656003,0.8301063159375749,combined_data.csv
35,104,5,low,low,0.0990064123345284,-0.0359438690571102,0.1027291843327512,0.1244732960184693,-0.3726242335272069,0.8898443339729198,0.7999808191690911,0.8800988408277305,0.7830593308783509,0.8250051859081593,combined_data.csv
35,114,5,low,low,0.1127915703922428,-0.0177591550508867,0.1201699723136521,0.1636361485120011,-0.2956613858073593,0.876750770989313,0.6976538350853877,0.8632453720026454,0.7469900866119932,0.8341229242688979,combined_data.csv
35,124,5,low,low,0.1136407389940772,-0.0936344146323915,0.1195860846948991,0.1587841612153824,-0.3342064173110834,0.8778346000302223,0.8108765908649199,0.8688001295597065,0.7661610321082579,0.8124672868763009,combined_data.csv
35,126,5,low,low,0.1132934702223374,-0.0448033675939782,0.1030828528355728,0.0939780505175547,-0.2647011083380201,0.8785118749928803,0.7770945049013596,0.8853999293076268,0.7881177992871888,0.8164252462690545,combined_data.csv
35,128,5,low,low,0.1104976621559894,-0.0514145731717814,0.1130507188863018,0.1542352285042892,-0.2693049618328889,0.8814801690692725,0.766617385303884,0.8753812349022287,0.7568147388291124,0.8407335332614603,combined_data.csv
35,132,5,low,low,0.1118301362162945,-0.1020569431393783,0.1010553297702435,0.1240329505458297,-0.3358823361717784,0.8799705407697822,0.78480711996406,0.8875923694396861,0.7882593565280949,0.8358823361717784,combined_data.csv
35,139,5,low,low,0.1097555549218468,-0.0015044587969315,0.1129433638651703,0.1889643292304573,-0.316939155743125,0.8811737282690407,0.704683264850813,0.8717220459233461,0.7263789030783063,0.8536058224097917,combined_data.csv
35,140,5,low,low,0.1231622364228627,-0.0927222742922073,0.1285915004144401,0.1816112784753658,-0.3467167708693492,0.86747834703378,0.7518739127393841,0.8590819048933328,0.7450281666350909,0.8358472056519579,combined_data.csv
35,164,5,low,low,0.1101073513795309,-0.1281038233495008,0.1066937583247917,0.123243717779394,-0.3324533753413506,0.8783516564244336,0.8223266519678785,0.874708945299704,0.7733751257496766,0.8440812823180949,combined_data.csv
35,170,5,low,low,0.1107135036596379,-0.0102076026074093,0.1046681691966181,0.1606505194145328,-0.2642704597807904,0.8809652864683888,0.8022003450247144,0.8828940031036513,0.7738507481736281,0.8470763669537862,combined_data.csv
35,176,5,low,low,0.1099729574243593,-0.0801498250719102,0.1115950634072672,0.1213794387088676,-0.2707033336932191,0.8829825316259096,0.7962488122455141,0.8780328868398454,0.7687049797806426,0.847626410616296,combined_data.csv
35,179,5,low,low,0.1092371680752293,-0.077159006851759,0.1232010559811542,0.1207940822124555,-0.2340256690111781,0.8838155040166681,0.791409148193214,0.866471818815967,0.7759750344778431,0.8340256690111781,combined_data.csv
35,180,5,low,low,0.1097148142185148,-0.0949090068240363,0.1202650398110856,0.1623916973925429,-0.2872256891891048,0.8803503025727266,0.7789536754984014,0.8669926021144141,0.7676665800955493,0.830223232186648,combined_data.csv
35,182,5,low,low,0.1136852632885003,-0.0681965695481836,0.1092794445760448,0.1143883778467736,-0.340938814419743,0.8781692621928905,0.8164645904266172,0.8783143359990702,0.8099969709279762,0.829310907442999,combined_data.csv
35,200,5,low,low,0.1168560058597667,-0.0418774305061669,0.1208515725044031,0.1580631098320073,-0.3221912200395623,0.8726351362292513,0.7828563969116298,0.8640831997179801,0.7494540199194255,0.8221912200395624,combined_data.csv
35,208,5,low,low,0.1108513040206357,-0.0324638620920807,0.0962535149065177,0.1422475818635342,-0.3278742612999541,0.8812659757805061,0.7901667326411499,0.8930540504921032,0.7811931738703322,0.817670179667301,combined_data.csv
37,41,5,low,low,0.1106469244068912,-0.1396257984673639,0.1158064987406373,0.0950574878646807,-0.188479855582774,0.8828237729506094,0.7935986709148402,0.8767429664572295,0.7788561035900456,0.8479368275109839,combined_data.csv
37,43,5,low,low,0.11781228657182,-0.089925895669656,0.12364474837547,0.1361019632842428,-0.1947147031355128,0.8738719336677798,0.7894359167794354,0.8646408932175347,0.7940485666808175,0.8117359797312576,combined_data.csv
37,44,5,low,low,0.1174442208392222,-0.0719993859542507,0.1132865303129173,0.1076687928246429,-0.2088396365489737,0.8752569001653892,0.7840797984090815,0.8779084273540508,0.7758427040273496,0.8338396365489738,combined_data.csv
37,56,5,low,low,0.1138112113096225,-0.0863075736588987,0.1220730305499038,0.1425547323596758,-0.2439740093208886,0.8786245596346959,0.7860388057597965,0.8687828836565332,0.7475537784618822,0.853199884188333,combined_data.csv
37,60,5,low,low,0.1057470552317216,-0.0717948105401602,0.1157132486065237,0.0359522621776381,-0.2168640452841056,0.8867201512265759,0.8272122329258061,0.8747885123573217,0.8160512304734996,0.8384856669057273,combined_data.csv
37,63,5,low,low,0.1129691701611791,-0.0501936964281173,0.1092149854868856,0.1169846124077036,-0.2054251581439776,0.8780468705432853,0.7953994886516449,0.8793728066677939,0.786102161637475,0.825293795253994,combined_data.csv
37,64,5,low,low,0.1048806149942661,-0.0730647588176699,0.103137889753204,0.1150663595399983,-0.2025475609624519,0.8872208732769271,0.7852972765563145,0.8867735675511844,0.7825630341542578,0.8247697831846742,combined_data.csv
37,65,5,low,low,0.1289784941782187,-0.067886984405281,0.1746673400843037,0.1378992463865863,-0.1803344588143771,0.8612172011704917,0.6919343273835665,0.813354255225865,0.7493181720592238,0.8333444922591933,combined_data.csv
37,74,5,low,low,0.1213663641208484,-0.0332826218989021,0.1319831632443726,0.1565666656248272,-0.2267609221007551,0.8705746425871581,0.7291245805265838,0.8573513101742865,0.7597987589273268,0.8339037792436124,combined_data.csv
37,77,5,low,low,0.1166498618937724,-0.0940579953681979,0.1044247574985283,0.1360557296477254,-0.1912376143092983,0.8753084676621001,0.791656077238976,0.8853832422041591,0.7782261887249642,0.8360404816928109,combined_data.csv
37,78,5,low,low,0.1107561189607185,-0.0370038536946635,0.104664718216609,0.1166834080471654,-0.1976536512119296,0.8817272552500084,0.7950116541397061,0.8855022355552546,0.7972263487188646,0.8306502842085627,combined_data.csv
37,79,5,low,low,0.1162161741322199,-0.0283474546413398,0.1182209616818302,0.1036697560329681,-0.1890417908076116,0.8769593277645449,0.7916710085459252,0.8732119923305988,0.7649313183443976,0.8326925844584052,combined_data.csv
37,94,5,low,low,0.1164828123018987,-0.1012181777147922,0.1271976541415137,0.0746259656131501,-0.199780473842438,0.8763006775511608,0.8015218356447564,0.8623081710436147,0.754335670430718,0.8361441102060745,combined_data.csv
37,99,5,low,low,0.1171300999736104,-0.0700387331471349,0.1304733280654693,0.1559514303667589,-0.1449583850782607,0.8764058526541623,0.8124577733904744,0.8611459507490326,0.7767576699259855,0.8463097364296122,combined_data.csv
37,101,5,low,low,0.1249312720999894,-0.0534981980567101,0.1470633113112819,0.1309372855830639,-0.1996833699337081,0.8677136798689833,0.7215721952256955,0.8414103720563528,0.7528257619543636,0.8396833699337081,combined_data.csv
37,104,5,low,low,0.1145504696515771,-0.0850759722820185,0.0985192418957435,0.065422250871314,-0.211658347087569,0.8765326537626335,0.8029186211524237,0.8896231929821071,0.7986287123722217,0.836658347087569,combined_data.csv
37,114,5,low,low,0.1111824059957823,-0.0089296965320536,0.1171362871911397,0.2008980229408613,-0.168078294324498,0.8803687331680826,0.684357412044509,0.8695194955225278,0.7489067893639525,0.8109354371816409,combined_data.csv
37,124,5,low,low,0.1184074608988939,-0.0558463371450527,0.1165898021440815,0.1801233082995913,-0.1779979875728118,0.8740549354000371,0.7993025316150095,0.8741091609942224,0.7617562942943766,0.8446646542394785,combined_data.csv
37,126,5,low,low,0.1193388015377606,-0.0559272092501196,0.1167670876737202,0.0997947104316621,-0.1831893727748949,0.8732620020518036,0.8045130349647059,0.8735354614762252,0.794303790304484,0.8227997623852845,combined_data.csv
37,128,5,low,low,0.1111780018628654,-0.0404510122554729,0.1008764495475813,0.1182933217148271,-0.2169390561154796,0.8811170987075094,0.758466835010445,0.8897531421006698,0.7659822114584188,0.8341551733315968,combined_data.csv
37,132,5,low,low,0.1176635117728566,-0.0177171199463161,0.1011130722789273,0.1015935688956704,-0.2055858660081594,0.874970472534786,0.7831684596615884,0.8892877718359977,0.7946420445206699,0.8305858660081594,combined_data.csv
37,139,5,low,low,0.1209809759389991,-0.0282297519159125,0.1571946629586676,0.1569380130040866,-0.2220385457384422,0.871465395273023,0.7154928150524568,0.8334089468564261,0.7534666873096452,0.8220385457384423,combined_data.csv
37,140,5,low,low,0.1125802152597647,-0.0334882490460215,0.129950626148726,0.1472000166956337,-0.2095599593959435,0.8800743551724256,0.7350584938883098,0.860089194054365,0.7606103015486017,0.84592359575958,combined_data.csv
37,164,5,low,low,0.1097962911911488,-0.1401329213044979,0.108473303041128,0.1654767317353558,-0.1773398824869828,0.8828475229033687,0.8116789568914489,0.8813879253696623,0.7623442506000355,0.8305074847323718,combined_data.csv
37,170,5,low,low,0.1176961082894288,-0.0669839266412092,0.117268311852805,0.1307375996892371,-0.2273210425822032,0.8748276303717211,0.7798215522427503,0.8732767202719205,0.76660861150876,0.8471896796922196,combined_data.csv
37,176,5,low,low,0.1103941577737548,-0.0664170267595184,0.1164119041452258,0.1321038799618304,-0.1992917113645189,0.8826450666760937,0.7894933709951739,0.8750330011453199,0.753311119243876,0.827198688108705,combined_data.csv
37,179,5,low,low,0.1124834299980124,-0.0365230227331764,0.119587239464173,0.149880223927098,-0.2056847863168924,0.8812118008928057,0.7684395490801039,0.8718631741125515,0.7595319690434681,0.8306847863168925,combined_data.csv
37,180,5,low,low,0.1194473683795398,-0.037505916749593,0.118326677503735,0.1620399613013387,-0.2116262464545409,0.8732768034756231,0.775104457495625,0.8725509570417913,0.7690525975803977,0.841129352044603,combined_data.csv
37,182,5,low,low,0.11824921304874,-0.1370029363744,0.1079805357788292,0.1443346958781574,-0.2432891921021331,0.8745255953664481,0.8263103668242155,0.8830686277869482,0.7753857409284195,0.843289192102133,combined_data.csv
37,200,5,low,low,0.1138512120521795,-0.1233236769383693,0.1223171534445967,0.1185403429336362,-0.2028774347885646,0.8768861304004414,0.8048728582464926,0.8649094257284611,0.7429346933703069,0.8235670899609784,combined_data.csv
37,208,5,low,low,0.113157125333397,-0.1357207647267321,0.0982028168425591,0.1246700532949418,-0.227195339063157,0.8804628858965524,0.8159583626997317,0.8940712038348967,0.7743272456422114,0.8358909912370701,combined_data.csv
41,43,5,low,low,0.122389523042255,-0.12947721509427,0.1252335182918061,0.176567519434113,-0.1220490689760046,0.8721490809626516,0.7426426562986892,0.8681966276629988,0.7479387281376039,0.830382402309338,combined_data.csv
41,44,5,low,low,0.1269031192400306,-0.0609476976477815,0.1555700151670486,0.1296650860206251,-0.1659037827143635,0.8668896723272553,0.7534656996450085,0.837736604968561,0.7606868926123471,0.8488306119826562,combined_data.csv
41,56,5,low,low,0.1147088790112041,-0.1188650076514148,0.1285881163862623,0.1687876818702477,-0.1491690123128142,0.8797815280112328,0.7491285069335598,0.8651982340815972,0.7458617441512412,0.8309871941309961,combined_data.csv
41,60,5,low,low,0.118667052238558,-0.0887726895733893,0.1058849483170737,0.1228369266538358,-0.1306577895616399,0.8745757159872326,0.7886217762603429,0.8848233858342296,0.786670656094498,0.8246377226720079,combined_data.csv
41,63,5,low,low,0.1149343745566291,-0.131796517504647,0.12334388795925,0.1322767148967544,-0.1604295456807887,0.8775380674785488,0.8180411994456408,0.8671268472558079,0.7799055370475514,0.839715259966503,combined_data.csv
41,64,5,low,low,0.1037603001839443,-0.0614700065470346,0.0974135607288628,0.1144072070450801,-0.1429786457444679,0.889627465179904,0.8157441440862685,0.8942396293695302,0.7610217634831113,0.8352863380521602,combined_data.csv
41,65,5,low,low,0.1253378370649379,-0.0721775039250747,0.1380743565046095,0.1454001964582136,-0.07829003542828,0.8676241184345436,0.6895328707795472,0.853077244836937,0.7349894243333013,0.8282900354282801,combined_data.csv
41,74,5,low,low,0.1264391508802566,0.0044979498299466,0.1666644539328113,0.2208634301282153,-0.1565734072793495,0.8677577200894024,0.6558134298564389,0.826182984471751,0.7242536152135002,0.811745821072453,combined_data.csv
41,77,5,low,low,0.1162534637479767,-0.0888345568677407,0.1028011980307864,0.125447415110271,-0.1578571046101238,0.877201413204832,0.8062224244082686,0.8886585413026927,0.777144703175931,0.8378571046101237,combined_data.csv
41,78,5,low,low,0.1132909264364051,-0.080792497194192,0.1177080097481709,0.1418981620869206,-0.2127590045005681,0.8811922255616556,0.8057189758093991,0.8753004639012649,0.7751443161178571,0.8460923378339015,combined_data.csv
41,79,5,low,low,0.1083348218265095,-0.1051009593927607,0.1102237888581679,0.1121974658835697,-0.1218377217050534,0.8861679300946653,0.7942129741910515,0.8834805978466138,0.7929051622055783,0.8315151410598922,combined_data.csv
41,94,5,low,low,0.1219401985106918,-0.0033091836427139,0.1337367283685568,0.1207042899660404,-0.1537871635025136,0.8728403887690244,0.7183269955105072,0.8594398412163365,0.7349226170267968,0.8356053453206955,combined_data.csv
41,99,5,low,low,0.1188765322476719,-0.092525586825777,0.1228618265668533,0.1201875253122144,-0.1034871887094106,0.8754373781649308,0.8021382169028298,0.8701642251233204,0.78191090716014,0.8266672653377631,combined_data.csv
41,101,5,low,low,0.1143976130839466,-0.015281427299131,0.128850156358305,0.1574427378026023,-0.1435649593774211,0.8784459435239834,0.7281030962042911,0.8610182649789864,0.754352146253689,0.8358726516851134,combined_data.csv
41,104,5,low,low,0.1221507763351569,-0.0806435411646445,0.1354634378506322,0.1364030512224231,-0.1217974800443789,0.8702390636528192,0.7955017657489549,0.8540377152031153,0.7652261718635918,0.8360831943300931,combined_data.csv
41,114,5,low,low,0.1342576059930958,-0.0295650366977907,0.1570877875857519,0.1987222037716508,-0.137990485890237,0.860031484580794,0.6861839044621783,0.8351406881743701,0.7255757030576336,0.8545083430330942,combined_data.csv
41,124,5,low,low,0.1177750883788248,-0.0661891049482916,0.1335821918966957,0.1339549002044815,-0.1142816892522596,0.8762960720995232,0.7938300436734795,0.8588136401780424,0.7633982387150748,0.8336566892522597,combined_data.csv
41,126,5,low,low,0.1138391947663267,-0.0753092819981366,0.1289272334688341,0.0868879851940063,-0.1539601458806325,0.8801842772100616,0.7991520591029837,0.8633688523012092,0.7727198060521776,0.849612319793676,combined_data.csv
41,128,5,low,low,0.1107262383311374,-0.0698841718917675,0.1159088007060392,0.1345711282091473,-0.1432802324648422,0.8828493653494519,0.7876661781368226,0.8753633789445099,0.7714648286585953,0.8432802324648422,combined_data.csv
41,132,5,low,low,0.1079667404926212,-0.1023503814963882,0.096758858725267,0.1096357929597843,-0.1242366129013073,0.885406945552687,0.8018446963348049,0.8950159016389747,0.7791779240694638,0.8165443052089997,combined_data.csv
41,139,5,low,low,0.1292507943713886,-0.0822528927320846,0.1386631552346126,0.1758172822017415,-0.2332670342842335,0.8659127022914244,0.7198307948958358,0.8543866780850644,0.7484340691046785,0.8628966639138633,combined_data.csv
41,140,5,low,low,0.121210083781394,-0.0410934779133485,0.1312010060439468,0.1545646451249315,-0.1034598042729169,0.8731799072188589,0.74543995876135,0.8625903590648015,0.7597812135451134,0.8093421572140933,combined_data.csv
41,164,5,low,low,0.1198202727457558,-0.0962689830676302,0.1328838655075683,0.1711541878763464,-0.123873280369992,0.8736557532827958,0.7592899680615108,0.8592335128358242,0.7610830120990133,0.8161809726776843,combined_data.csv
41,170,5,low,low,0.1176562194921783,-0.0502621760649427,0.1166682144654929,0.1574084786860936,-0.1992623293074862,0.8759085350288034,0.8050212393619315,0.8742383280752986,0.7779337337296492,0.842119472164629,combined_data.csv
41,176,5,low,low,0.1103925974730472,-0.061752582054126,0.1048585412075919,0.0889617969598324,-0.1320720439561736,0.8836523318459856,0.8028772611760167,0.8878187830334823,0.7947490477989416,0.8229811348652646,combined_data.csv
41,179,5,low,low,0.1118271769674509,-0.072268377998991,0.1132601304573753,0.1105800051381473,-0.1643045541941202,0.8819513619147885,0.7859196840285032,0.8794965747972447,0.7709181014680238,0.8443045541941202,combined_data.csv
41,180,5,low,low,0.1231657351115049,-0.0806314501471663,0.1357190134089705,0.1441936217466743,-0.2230494678699424,0.8708668985315657,0.7473104338769606,0.8573025605056854,0.7604528333338074,0.8594131042335789,combined_data.csv
41,182,5,low,low,0.1134852352287146,-0.1102610698260017,0.1163760658240484,0.1305970944444949,-0.1545079512852001,0.8804632304303858,0.7982847342118932,0.8771266968609728,0.761607243651892,0.8545079512852001,combined_data.csv
41,200,5,low,low,0.1142585509916374,-0.0510758370615022,0.1105407706556199,0.1226714626013114,-0.139032169690897,0.8785699550046513,0.7680729821961243,0.8809222280671147,0.7703563821876093,0.8473655030242304,combined_data.csv
41,208,5,low,low,0.1123280301807226,-0.1093667782189951,0.1212147032419872,0.1245243116651143,-0.1207357897272616,0.8823923821450909,0.7984152240212185,0.8723130020393904,0.7723245286929491,0.8207357897272616,combined_data.csv
43,44,5,low,low,0.1183281674529109,-0.1184712139868805,0.112994546290099,0.156982798226026,-0.1451668255409739,0.8747438094327009,0.7883104570990335,0.8801139139524168,0.771024484465516,0.828735503333015,combined_data.csv
43,56,5,low,low,0.1144061865875718,-0.1673350237241677,0.111698877088327,0.1831997050560716,-0.1745556478903698,0.8782921691989941,0.8084898959014849,0.8795925291574455,0.7608652706179714,0.8412223145570366,combined_data.csv
43,60,5,low,low,0.116985225589506,-0.120141746359587,0.1051615260752284,0.1527099421200635,-0.1645032046374611,0.8735778491452781,0.7963606776273552,0.8822846282816624,0.751529466058366,0.8223979414795665,combined_data.csv
43,63,5,low,low,0.114052266623259,-0.1040284303021497,0.1167956627243067,0.1709482972865045,-0.1652359801964917,0.8763421841988899,0.7905231497184905,0.8704661991551182,0.7650910045799504,0.8319026468631583,combined_data.csv
43,64,5,low,low,0.1216488673315402,-0.0821476823816464,0.1208472956837035,0.1150607317954333,-0.1611290253920223,0.8708950943523945,0.7425961663379392,0.8686303458873859,0.774441080679495,0.8360990133872204,combined_data.csv
43,65,5,low,low,0.1098065625107582,-0.0721215498883698,0.0969017867103397,0.1126937041365763,-0.1274785386248706,0.8805369711532693,0.7698070889607553,0.889791363174403,0.7924212509293538,0.8253046255813925,combined_data.csv
43,74,5,low,low,0.1173193752910737,-0.0295608755778373,0.0894309179498392,0.1798574000821075,-0.1457191714458588,0.8748986814806918,0.7752261440433358,0.9005962891219096,0.7562829621647253,0.8051394613009313,combined_data.csv
43,77,5,low,low,0.1206297541461022,-0.0722405471035398,0.124837511057833,0.1737198842696592,-0.1411403350214292,0.8711971632286557,0.7456166341269979,0.8626669314816322,0.7471626182092523,0.8367925089344727,combined_data.csv
43,78,5,low,low,0.1175577070171917,-0.1826320111655935,0.1160243561745191,0.1781204957567537,-0.2236733520141239,0.8750847335497735,0.8013081127085047,0.8743779442407831,0.7641491014186277,0.8428417090120955,combined_data.csv
43,79,5,low,low,0.1239635209410734,-0.0423115659687017,0.1374810012320285,0.1390081585555725,-0.1079149118110667,0.8697878413976389,0.7745011226153897,0.8541020028497562,0.7668993004800956,0.8035670857241102,combined_data.csv
43,94,5,low,low,0.1091155999706916,-0.0890708256231331,0.1126125911685711,0.0930654263701866,-0.1808591258135283,0.8820299221145919,0.8024731367904632,0.8747129604940006,0.7869805997139891,0.8371091258135284,combined_data.csv
43,99,5,low,low,0.1159568367744757,-0.0217669317361477,0.13661078325539,0.1558062763936063,-0.1517214605627991,0.8775065775627235,0.7086693871834497,0.8552040693008903,0.7664064318314397,0.8183881272294657,combined_data.csv
43,101,5,low,low,0.137952248888687,0.056197553941005,0.186299237203443,0.1577413330954813,-0.1783585960475145,0.8537501576368438,0.575020714231875,0.799746435214687,0.7494829386306041,0.8583585960475145,combined_data.csv
43,104,5,low,low,0.1143614335017694,-0.1140186492232546,0.1109934889241105,0.1068215298807142,-0.1514637022169535,0.8769235340042048,0.8014625333092944,0.8755833827844625,0.7741130783918695,0.8314637022169534,combined_data.csv
43,114,5,low,low,0.1093746868181056,-0.0946792094204659,0.1299741878020335,0.1773723915767333,-0.1502770179193682,0.8812436339791795,0.777169552122263,0.857439425791931,0.7651821284556296,0.8281148557572061,combined_data.csv
43,124,5,low,low,0.1102350024415499,-0.154250239863477,0.1116222826355238,0.183776562301358,-0.153226482169017,0.8805841770526743,0.7885657938458159,0.8775506712101033,0.7632624549856362,0.8455341744767093,combined_data.csv
43,126,5,low,low,0.1140050400434815,-0.0974105482939363,0.1406854774760083,0.1363653063545215,-0.1724677413387094,0.8784080091257077,0.7640437371785935,0.8485701596319093,0.7577824296499976,0.831004326704563,combined_data.csv
43,128,5,low,low,0.117864160664861,-0.0913848079224493,0.1383607377528657,0.1899762990819076,-0.1767161826321716,0.8741259439290561,0.6878015751508169,0.8495406612069076,0.7146844735772016,0.8352527679980252,combined_data.csv
43,132,5,low,low,0.1234995811517247,-0.1014835132507474,0.1195902106666884,0.1864617666496963,-0.163609582703558,0.8695588208853542,0.7652143463410923,0.870375589426348,0.7344676050592946,0.8302762493702247,combined_data.csv
43,139,5,low,low,0.1056959102056117,-0.1044823048299889,0.1366779261384333,0.1815024597357348,-0.1717155283246629,0.887200156492987,0.7851491410142262,0.8544713092389955,0.7489459201570443,0.8525665921544503,combined_data.csv
43,140,5,low,low,0.1130534851882727,-0.0865579176786595,0.1177977254348467,0.207013418011836,-0.1508087768595283,0.8796603236031456,0.7858013281076015,0.8736922650816292,0.7335812242874152,0.8472373482880997,combined_data.csv
43,164,5,low,low,0.1129002730714934,-0.1203259268168671,0.1001859758023716,0.1674604166409879,-0.1062001727780844,0.8785359096568148,0.7727725824914304,0.889456529193973,0.7620000332078526,0.85165471823263,combined_data.csv
43,170,5,low,low,0.111656853953202,-0.1205790569503107,0.1044290353273516,0.1510713158140264,-0.1572972302834681,0.8795501810535926,0.7584271096199553,0.8837618737487766,0.7806710417646263,0.8239638969501346,combined_data.csv
43,176,5,low,low,0.1163925274482478,-0.071776380099954,0.1360711461410169,0.173616555773406,-0.1764790863551986,0.876737760940266,0.7079636118581998,0.8543299189759148,0.7527024913753129,0.8493811842572965,combined_data.csv
43,179,5,low,low,0.1269451669624756,-0.0447826519477743,0.1475401953780001,0.1657362309205514,-0.1573710642003336,0.8662006792891893,0.6824248744700963,0.8433718486056533,0.7306245141823038,0.8210615403908098,combined_data.csv
43,180,5,low,low,0.1080293862112065,-0.021943336246267,0.099830931314283,0.1396480682315147,-0.1468446221839754,0.8837850466598074,0.7916734638572633,0.888981669787145,0.7890141544305452,0.831672208390872,combined_data.csv
43,182,5,low,low,0.104945639286456,-0.1205757571332756,0.1216376169687439,0.1171428351108352,-0.184013169186196,0.8870303087820557,0.806234341241819,0.866892716081113,0.7832163304398918,0.8370232026310122,combined_data.csv
43,200,5,low,low,0.1162969665243911,-0.1137638319280275,0.1246424521097088,0.1268098933389625,-0.1437054555152862,0.8743021732624523,0.7779484915330478,0.8612899929528259,0.7612828306252704,0.8279159818310756,combined_data.csv
43,208,5,low,low,0.1223005858732768,-0.1483001672925078,0.1289302130457109,0.1824769145954928,-0.1746037274604717,0.8712244348123556,0.7915860264949807,0.8640999521583195,0.7588645305901476,0.8109673638241082,combined_data.csv
44,56,5,low,low,0.1203456336586037,-0.0395693083575318,0.1019078896111952,0.1643476927109592,-0.2175653749619562,0.8735529830151922,0.8169033014768321,0.8902482045039636,0.7814028988661964,0.8304686007684079,combined_data.csv
44,60,5,low,low,0.1113101231179373,-0.0111253703055221,0.1065668923021534,0.1656666659977922,-0.1553554954300813,0.8800595059431511,0.7712257985648084,0.8824195868802037,0.76745105079466,0.8419626382872241,combined_data.csv
44,63,5,low,low,0.1133593033455775,-0.0897328473947915,0.0991661407448724,0.1579488639507201,-0.1623624912583836,0.8779702094979481,0.7804320672940974,0.8896431817990316,0.7742043196069159,0.8403578829634528,combined_data.csv
44,64,5,low,low,0.119294392085994,-0.0465361784313396,0.1200879828911035,0.1343578132641596,-0.1208873645340756,0.8728732281420275,0.7291172530793801,0.8690279964653937,0.7453292827588522,0.8298927408781617,combined_data.csv
44,65,5,low,low,0.1164550852330132,-0.1006980050478636,0.1046539726227655,0.0955958642689976,-0.1348322991196402,0.8736207758822832,0.758655874680322,0.8835008547650819,0.7786701128880479,0.838536002823344,combined_data.csv
44,74,5,low,low,0.1195331897713996,-0.0449955078440148,0.1105431558615058,0.1628476146313864,-0.1072685819699523,0.872903901647492,0.7974534708669557,0.8789751674831565,0.7712974404473072,0.8406019153032858,combined_data.csv
44,77,5,low,low,0.1118901608069157,-0.0669289265317304,0.1072670998843826,0.188603493923245,-0.1671907000649424,0.8798568693524392,0.7316919999064535,0.881999981709514,0.7546295405719454,0.8338573667316089,combined_data.csv
44,78,5,low,low,0.1119272419300733,-0.1087276725716315,0.1158880844689447,0.1767463471851408,-0.2037771178916818,0.8807358129809544,0.7916008665574121,0.8742208450504205,0.7782844755803706,0.8371104512250152,combined_data.csv
44,79,5,low,low,0.1066330539387619,-0.0904429984540552,0.116499131199629,0.2081947785927926,-0.1510303002606217,0.8876107796730242,0.7830587410845327,0.8768870562876983,0.7388513963802432,0.8488563872171435,combined_data.csv
44,94,5,low,low,0.1196289572964506,-0.071041980618571,0.1202447122393204,0.1566646935083323,-0.1490982646433249,0.8737189229952605,0.8237351161573004,0.8716900701763656,0.7621668510029531,0.8475831131281735,combined_data.csv
44,99,5,low,low,0.1207321371505238,-0.0045429282820846,0.1218585646275973,0.1642229567133155,-0.1279178810013981,0.8729417260156662,0.7557429336777829,0.8706659133340323,0.7643025489193875,0.8264027294862466,combined_data.csv
44,101,5,low,low,0.1305895552961447,0.0457902958760618,0.1782654807012336,0.2002107945637349,-0.1442538666456552,0.8614402758172439,0.6259255135495997,0.8093238176944867,0.7007879215931373,0.8399060405586987,combined_data.csv
44,104,5,low,low,0.1061235680624799,-0.0151820452941038,0.1131550225562352,0.1252357509775563,-0.1562579448383598,0.885318760860524,0.7676429180493067,0.8765937051252117,0.7506742688982591,0.8229246115050265,combined_data.csv
44,114,5,low,low,0.1175390030978533,-0.1015372118850632,0.1240593466245936,0.1736147275584942,-0.1890890460953673,0.8751061286363648,0.7969729453886809,0.8663227292921356,0.7475123081755504,0.8412629591388456,combined_data.csv
44,124,5,low,low,0.1146221587031123,-0.0443811149515185,0.1099006435650037,0.1706944726944461,-0.1292537934432063,0.8774568858585696,0.7827041641383158,0.8796801556424197,0.7558027308331264,0.8292537934432063,combined_data.csv
44,126,5,low,low,0.1147925296520675,-0.0439167807520364,0.1266192318285122,0.153257028442364,-0.1769799014121506,0.8782730125635394,0.7724844129844461,0.8641658333298555,0.76946267830701,0.8351049014121505,combined_data.csv
44,128,5,low,low,0.1226798399935036,-0.0050686121999714,0.1461820272921996,0.169708843652678,-0.2233011620213488,0.8698203495701953,0.6907614021027744,0.8426157215387652,0.7429860136177148,0.852333420085865,combined_data.csv
44,132,5,low,low,0.115228861962372,0.0050895651052477,0.1331138114816397,0.1563945838619372,-0.165754672422943,0.8777608764138881,0.7421647798410963,0.8581515176436126,0.7527422812407194,0.8443261009943717,combined_data.csv
44,139,5,low,low,0.1165597443767216,-0.0515559638508328,0.1041491303277073,0.136278954239757,-0.2018623696290173,0.8759791779921301,0.7809361263358862,0.8863756578300935,0.7830282275159272,0.8418623696290173,combined_data.csv
44,140,5,low,low,0.1180378906299639,-0.0791921034346306,0.1182057671229928,0.1722330916830062,-0.1069901051306759,0.8751448132874732,0.7996267172059002,0.8731345233874303,0.7774372087085597,0.856990105130676,combined_data.csv
44,164,5,low,low,0.1198097039026176,-0.0909014279463535,0.1090620880186935,0.1333785256109416,-0.1248955597981957,0.8720715428700321,0.7924919825566319,0.8822093967510426,0.7626583263325324,0.8467705597981958,combined_data.csv
44,170,5,low,low,0.1144061735020034,0.0389808395937733,0.1108466771341259,0.1407997004475748,-0.1476549237647499,0.8775764027068069,0.756518520422501,0.8781048659332946,0.768769819840578,0.8170538308685751,combined_data.csv
44,176,5,low,low,0.1285249441947596,-0.0425517241858148,0.1462668945723118,0.1468755548112912,-0.1447620790842505,0.8648688143139078,0.7394329339491592,0.8446185554828558,0.7638770706185477,0.8189967729618015,combined_data.csv
44,179,5,low,low,0.1251027240652252,-0.0341719981591803,0.1299566621569499,0.1452390745232311,-0.1718984136148478,0.8686360742976167,0.7075971355863013,0.8609579206879545,0.7469436662007252,0.8318984136148477,combined_data.csv
44,180,5,low,low,0.1170846315035121,-0.0246489753291858,0.109218381900744,0.1425472253402401,-0.182279733953569,0.8746504518709682,0.7882762864655333,0.8809335850064435,0.7807822729760633,0.8594032860771211,combined_data.csv
44,182,5,low,low,0.1136095214389446,-0.0418261131105872,0.1091684230168541,0.1654858486418242,-0.1447180882500541,0.8789535115287019,0.780175646061276,0.8802139478181694,0.7533070254958896,0.829377179159145,combined_data.csv
44,200,5,low,low,0.1187230282096554,-0.0392334305515289,0.117800455740294,0.1741053854469978,-0.1629517636220158,0.8721228585450256,0.7952735562782329,0.871917288656549,0.7631563560603821,0.8296184302886824,combined_data.csv
44,208,5,low,low,0.1113560663387333,-0.0646875987819615,0.1238755090736281,0.1462464328176641,-0.14560409721584,0.8825726742944816,0.7782268662068702,0.8686210032186564,0.7746632379759125,0.83310409721584,combined_data.csv
56,60,5,low,low,0.107308154023534,-0.0054663176355745,0.1085602384704934,0.1902301427728367,-0.1958521576890362,0.8849431399380085,0.7529335319037788,0.8794013642797849,0.7589954924825661,0.8304675423044209,combined_data.csv
56,63,5,low,low,0.1178181273600175,-0.0266272131262806,0.1225282776421446,0.1743830015743276,-0.2319133350452979,0.8731813121005286,0.7794867665437759,0.8638219825929724,0.7538200564013775,0.824127998688533,combined_data.csv
56,64,5,low,low,0.1178732348757731,-0.0234032132455652,0.1390074902673049,0.1414630619352982,-0.2157065593751785,0.8745258861144004,0.7244113144182438,0.8492418983470355,0.7551615839231931,0.8358988670674863,combined_data.csv
56,65,5,low,low,0.1327984905546729,-0.0185209538292998,0.1216728693542404,0.1182305322984524,-0.2715731020349129,0.8565104179132603,0.7561805683208839,0.8624259137485498,0.7501434470549211,0.8549064353682462,combined_data.csv
56,74,5,low,low,0.1297238864978663,-0.0659366512849716,0.1174812253561083,0.1311602643376228,-0.1254682737153423,0.8615345142875102,0.7828675843795551,0.8709307603949428,0.7911456989606589,0.836895815171723,combined_data.csv
56,77,5,low,low,0.1268355875792647,-0.0306642344741832,0.1284561840528826,0.2020520494651034,-0.2418603686966411,0.865938380573376,0.7407947624483175,0.8606070865555369,0.7379798314237047,0.8280672652483654,combined_data.csv
56,78,5,low,low,0.1180312293980534,-0.1022253683437413,0.1081357899688194,0.1731693015324902,-0.1708056685605361,0.875152215050878,0.7974410385427488,0.8820839201502229,0.7740292415335667,0.8071693049241725,combined_data.csv
56,79,5,low,low,0.1198911577578656,-0.0764009555450887,0.1420685853521519,0.1762012984829204,-0.2440710097297358,0.8743108703265011,0.7861680224806945,0.8498180597594586,0.7530980125930384,0.8344849530848557,combined_data.csv
56,94,5,low,low,0.1103548518773297,-0.1044857625817062,0.1053686626690219,0.1342997069695723,-0.1976024945105214,0.8827396776059379,0.8049246241128248,0.8866170063609846,0.7739338513730067,0.8113040727027739,combined_data.csv
56,99,5,low,low,0.1293291871913346,-0.0700411556923091,0.1208207864412567,0.1788717772909989,-0.1786725515022497,0.8640304867662445,0.7442102933387387,0.8697098618621799,0.7651104626356748,0.8453392181689164,combined_data.csv
56,101,5,low,low,0.1275267616972452,0.0653568748372348,0.1796441395340787,0.2040475620008565,-0.234620157295853,0.8645368115190135,0.5996312440309266,0.8072703404709196,0.7178968783196703,0.840680763356459,combined_data.csv
56,104,5,low,low,0.1201348503138676,-0.0093280588523736,0.1091891481171284,0.0998017334220706,-0.2170400636472446,0.8705954370117956,0.7684302827203237,0.8785068998034711,0.7627206365019293,0.83242467903186,combined_data.csv
56,114,5,low,low,0.1237347445084866,-0.0260521062529164,0.1440314307677899,0.162734648418748,-0.2112144622167084,0.8679312598063996,0.7291011397112792,0.8429554886979393,0.7412108379800969,0.83038281921468,combined_data.csv
56,124,5,low,low,0.1191988699106829,-0.1367800296384882,0.1156618804674828,0.1489899138929636,-0.2928751405064939,0.8737504226631905,0.7871848878519656,0.874545208488823,0.784264237379052,0.8130342917001279,combined_data.csv
56,126,5,low,low,0.1124867256589146,-0.1451235783964269,0.1189642355217308,0.154471339927904,-0.2026010066472139,0.8806172767939763,0.7824929785643625,0.8718537306218674,0.7818871787652715,0.8352540678717038,combined_data.csv
56,128,5,low,low,0.1343781831555105,0.0621323251636216,0.1542508334572918,0.1766373287922238,-0.2294844405933949,0.8582029892127662,0.6360334076186653,0.8347100650811047,0.743740149389599,0.8508048779356993,combined_data.csv
56,132,5,low,low,0.1110510661619812,-0.0516505570916239,0.1085398798740386,0.1634243366236287,-0.2550506076644239,0.8816271764335463,0.7715163846019159,0.8812683853476223,0.7495765548606261,0.8412575042161481,combined_data.csv
56,139,5,low,low,0.1203625274165816,-0.114630757029172,0.119026827671867,0.1706060016186561,-0.1630722562587266,0.8725689552891243,0.8043911012078375,0.8710908762935586,0.7477594696281581,0.823328666515137,combined_data.csv
56,140,5,low,low,0.1211764015580072,-0.0834831181956974,0.1061187179881701,0.2038696422191057,-0.2546116460480569,0.8717522756513783,0.7969525730628583,0.8844845210173198,0.7593313065651327,0.8440113906202154,combined_data.csv
56,164,5,low,low,0.1101259443593157,-0.0969971254170403,0.1090215646968211,0.1290633548207621,-0.1994776680064601,0.8816987875863775,0.818539612786642,0.8787904266449913,0.7716456044825092,0.842334810863603,combined_data.csv
56,170,5,low,low,0.1288713170048068,0.0185397882879103,0.1515402358639623,0.2190524925276951,-0.215266425442709,0.8626663775082173,0.7000083967515645,0.8372398694222413,0.7171250419670165,0.8516300618063455,combined_data.csv
56,176,5,low,low,0.1284986030418538,0.0155760985129709,0.1464591640668405,0.2026722111729129,-0.2104220563043688,0.8651024782083327,0.6718128680051771,0.8444308039794575,0.7168746833414166,0.8443933481703976,combined_data.csv
56,179,5,low,low,0.1274100072510341,-0.0146849694266336,0.1537993814980992,0.1749874717130499,-0.21410005962004,0.8660738894314856,0.6883281649181735,0.8367552811161159,0.7387172638843045,0.8294846750046555,combined_data.csv
56,180,5,low,low,0.1037415364099549,-0.0508570444677466,0.0970149076451959,0.1469242960256167,-0.2092739595903161,0.8886279788631397,0.8195330069922729,0.8928297302232809,0.7943795238331454,0.8246585749749316,combined_data.csv
56,182,5,low,low,0.1196577410225405,-0.084948861332703,0.1266001775453461,0.1921640104451675,-0.2278147850387996,0.8727794494520901,0.7888527955875457,0.8621112592130007,0.746529310534169,0.8599372921613068,combined_data.csv
56,200,5,low,low,0.1167674320762606,0.000444156232164,0.1116454395319502,0.1657358180825167,-0.2096531403445859,0.8746848581044335,0.7700649166654228,0.8752881643876618,0.7716946846318145,0.8329639511553967,combined_data.csv
56,208,5,low,low,0.1143872922914815,-0.0797351140696543,0.1257029557271574,0.1443153586810732,-0.2536165202705041,0.8793145129089542,0.7632860682126877,0.866611677251133,0.7638792875178066,0.8342616815608266,combined_data.csv
60,63,5,low,low,0.1064845982825145,-0.0526890986276682,0.1092623779640227,0.165039957419586,-0.173242499153197,0.8836319207691702,0.8061621715495748,0.877088308699959,0.7719569182138342,0.8399091658198636,combined_data.csv
60,64,5,low,low,0.1124016468192651,-0.0238963661212818,0.1004582782782265,0.0988577203466766,-0.1832947380883348,0.8796719388348887,0.7734930455112091,0.8883922984903974,0.760254405033916,0.8499614047550015,combined_data.csv
60,65,5,low,low,0.1124664434400097,-0.054250037546172,0.1329420463059614,0.1195958342043777,-0.139302757273567,0.8765740042436753,0.7356922466123956,0.8516396589348357,0.7608077616466281,0.8211209390917489,combined_data.csv
60,74,5,low,low,0.1093682304857671,0.0400877296148038,0.1328926915511238,0.135171961546838,-0.1947256088738517,0.8819922241013937,0.7127690080922815,0.8540096985283953,0.759120358910562,0.8613922755405183,combined_data.csv
60,77,5,low,low,0.106829991099891,-0.0227134550359723,0.1027337131177997,0.1542543949918668,-0.1778936602421801,0.8843469129562967,0.7860622517156705,0.8848921729853106,0.7779822536958176,0.8445603269088469,combined_data.csv
60,78,5,low,low,0.1056018826374735,-0.1056648977444703,0.1106247321659593,0.1768380066812834,-0.1652374934244267,0.886563744124785,0.8238701109551607,0.8796058617043332,0.7780021779232026,0.8319041600910934,combined_data.csv
60,79,5,low,low,0.1111143327050645,-0.0323297896648272,0.1180129224429418,0.1596539702861888,-0.1714299816994809,0.882067870027723,0.7965031996234315,0.8724639316375743,0.7712837460038314,0.847900569934775,combined_data.csv
60,94,5,low,low,0.1152137512590796,-0.0033428432483658,0.1031726802273617,0.1601917991907143,-0.1667697828603573,0.8766685678103717,0.7317695967668711,0.884606687109089,0.7507498800903529,0.8334364495270241,combined_data.csv
60,99,5,low,low,0.1094080223060121,-0.0603860470527854,0.1148740004533137,0.1531612644780313,-0.1492489811877748,0.8837854960629352,0.7969424056977827,0.8768654271586195,0.7766767809114843,0.8492489811877748,combined_data.csv
60,101,5,low,low,0.1230295150590378,-0.0366707244297507,0.1385065557840179,0.1502993415903839,-0.1233288468215264,0.869357221874998,0.6912333944182046,0.8500356771800485,0.7512745002284773,0.8376145611072408,combined_data.csv
60,104,5,low,low,0.1082489205987057,-0.0614331758909301,0.09850289201229,0.1072634932101701,-0.1815323941489692,0.8821869808743303,0.7837056392671702,0.8901238682672806,0.7742357673280088,0.8337063071924475,combined_data.csv
60,114,5,low,low,0.1257863713177673,-0.0524533506903244,0.1742408077584558,0.1619749428204426,-0.1381696137788698,0.8653759199133749,0.7364308439213729,0.8134298623126192,0.7325819099226625,0.8359957007353916,combined_data.csv
60,124,5,low,low,0.1122025854023438,-0.0108627076453977,0.0970391263467704,0.1235091784339983,-0.1964361274919679,0.8799079562843164,0.7719744864069896,0.893335275384815,0.7736834699223925,0.8631027941586347,combined_data.csv
60,126,5,low,low,0.1123794976645505,-0.0295986415863542,0.1104162182979386,0.1635509879558544,-0.1417915923799496,0.8800952516362865,0.7933335141022952,0.8799324360274886,0.7683423301487496,0.8374437662929931,combined_data.csv
60,128,5,low,low,0.1164089863061115,-0.0506995908331993,0.1284337143014211,0.1547278723918937,-0.1497908401995933,0.8764206020578996,0.7833737430909689,0.861894855150418,0.7726058267970539,0.8340013665153827,combined_data.csv
60,132,5,low,low,0.1160709161495389,-0.0322806305308354,0.1163684632765275,0.1271834004517793,-0.1729002130696354,0.8758779745790738,0.7895891468350407,0.8738163113951496,0.7832419038209686,0.8395668797363022,combined_data.csv
60,139,5,low,low,0.1213112212172672,-0.0144526459015519,0.1370434874497743,0.1850788448314495,-0.1711411491313507,0.8700875051450117,0.705182078751672,0.8511044939449639,0.7232025632070233,0.8378078157980173,combined_data.csv
60,140,5,low,low,0.1139124327623513,-0.0573216266158974,0.1256969460984273,0.1405385284076946,-0.143065178569737,0.8777181495236408,0.7658747010877455,0.8643728141379974,0.7898897365508053,0.8319540674586259,combined_data.csv
60,164,5,low,low,0.1098493558865821,-0.1019941010710556,0.1084603474453732,0.1089918889603658,-0.1613557294758048,0.8810851153292484,0.7906628850687893,0.8812706805254034,0.7738193768896391,0.8400654068951596,combined_data.csv
60,170,5,low,low,0.1049783695767008,-0.0303361839602565,0.1009473711093809,0.1659728010451137,-0.162662832592125,0.8874668503829852,0.7847676421332419,0.8883172395263135,0.7758291955207879,0.8293294992587916,combined_data.csv
60,176,5,low,low,0.1177719334740418,-0.0359668337576895,0.1204902790754953,0.147358044245944,-0.1555556050192552,0.8760063230837677,0.7834211162262172,0.8708858492407211,0.7821276709641626,0.8359811369341489,combined_data.csv
60,179,5,low,low,0.1146013312100369,-0.004799425355034,0.0968356084621416,0.147761109126791,-0.1952645302402458,0.8789370225769984,0.77178946256366,0.893567963653827,0.7739254290847601,0.8474384432837241,combined_data.csv
60,180,5,low,low,0.1188856149045506,-0.0253685591502038,0.116731643452636,0.153077800464119,-0.1751765516219767,0.8724109626327996,0.7851769665009382,0.8730652698872122,0.771865218823475,0.827350464665455,combined_data.csv
60,182,5,low,low,0.1170766483618218,-0.0251217944701582,0.1169414995022187,0.1581195906972077,-0.1392704691480002,0.8751037781165604,0.8040102980664877,0.872182719712469,0.7587980101574778,0.8392704691480002,combined_data.csv
60,200,5,low,low,0.1159393004147679,0.0097427646292653,0.112118895185191,0.1649081504210859,-0.1438001708913316,0.8738921316874393,0.778505845703631,0.8738165384581419,0.7532615666959015,0.8238001708913316,combined_data.csv
60,208,5,low,low,0.1134606550161674,-0.1007002941881963,0.1201530068904673,0.1278544485205314,-0.1946361188240006,0.8794042360390187,0.8117075141191823,0.8703164294123271,0.790450987826739,0.8468100318674789,combined_data.csv
63,64,5,low,low,0.1132680743202879,-0.0309075434704374,0.1160045821193149,0.1409476402970348,-0.1310434660043287,0.8784023885321448,0.7866092478359793,0.8727003318405782,0.7752461412637746,0.8258083284710546,combined_data.csv
63,65,5,low,low,0.1264703525642633,-0.1171546414502501,0.1480116886741636,0.1124078430165114,-0.2006652941528648,0.8620550495927561,0.7224072174865611,0.8369033076648844,0.7640379588622356,0.8370289305165013,combined_data.csv
63,74,5,low,low,0.1156949322689583,-0.036025424966319,0.1320725852401488,0.1738895700474326,-0.1946212217779089,0.8745038341831081,0.6972324333113271,0.8521834595488995,0.735776692642037,0.8612878884445756,combined_data.csv
63,77,5,low,low,0.1153075785220087,-0.1056353078430151,0.10817819835002,0.1517277162985345,-0.1798867217636331,0.8759461509817272,0.8150026522622233,0.8812936549542424,0.7624089350827047,0.8209123627892743,combined_data.csv
63,78,5,low,low,0.1213921403818675,-0.0832332400527819,0.1095798130979336,0.1705285437887416,-0.1858307457623981,0.8705421290471482,0.8004134131219265,0.8795979377700811,0.7670717251066597,0.8524974124290647,combined_data.csv
63,79,5,low,low,0.1187304312935916,-0.1005052649397766,0.1221319505847023,0.1697795259620932,-0.1649341204354421,0.8732632375983296,0.7894863795551472,0.8676134189610543,0.7611677394403427,0.8316007871021088,combined_data.csv
63,94,5,low,low,0.1207584978030429,0.0360669575919844,0.1374639151103532,0.156689657444774,-0.1664961510871021,0.8702035012060115,0.7085063980256262,0.8500917589685187,0.7522356110007047,0.8331628177537689,combined_data.csv
63,99,5,low,low,0.1134290033300466,-0.0687177259145049,0.1135235824637435,0.1952706873233108,-0.1716252553089424,0.8792031533906418,0.8044334733732933,0.8766807362755297,0.7431188233723923,0.8382919219756092,combined_data.csv
63,101,5,low,low,0.1264355668211111,-0.0078339859890732,0.139928091800924,0.1706377616945998,-0.1279843070875975,0.865116465787714,0.681466075376558,0.8481634806108245,0.7406194160280164,0.8209123467898308,combined_data.csv
63,104,5,low,low,0.1107009284418272,-0.0762530722533976,0.1230887009799497,0.090261851676999,-0.1595328321342066,0.8785037503821524,0.801491257204147,0.8652648973444602,0.7766850587888223,0.8447042181252649,combined_data.csv
63,114,5,low,low,0.1229970400405892,-0.0334538749062764,0.1321435930541546,0.1598079855417122,-0.1253244013965206,0.8660072824770831,0.6842607284702535,0.849828139356164,0.7421491815795562,0.8377304164341146,combined_data.csv
63,124,5,low,low,0.111055433969768,-0.0933229507047499,0.1142090180916123,0.1583033719731839,-0.1679909393540644,0.8798253931164658,0.8150294197565153,0.8742395089429925,0.7828748724956346,0.8346576060207309,combined_data.csv
63,126,5,low,low,0.0973662661209731,-0.080741221524925,0.0927398421291474,0.1349026198869579,-0.1757867604543886,0.8944352764254169,0.8140369949699388,0.8967442983211584,0.773238378162346,0.8424534271210554,combined_data.csv
63,128,5,low,low,0.1091966983551955,-0.0400599342257468,0.1130661486544051,0.1411782956962145,-0.1728694126741036,0.8819781501822299,0.764364845891774,0.8744757691453212,0.766143261998658,0.8395360793407703,combined_data.csv
63,132,5,low,low,0.1073411841729964,-0.0806161382842728,0.1012461708323725,0.1447908777750814,-0.1752897975944709,0.8848028675108405,0.8009346869692476,0.8882391094423678,0.7763660212006025,0.8419564642611376,combined_data.csv
63,139,5,low,low,0.1174404330230493,-0.0304093816339633,0.1276679141681087,0.1456861992828477,-0.1541136634903354,0.872947820674409,0.7259893067658558,0.8600788508655339,0.76834153982594,0.8027623121389841,combined_data.csv
63,140,5,low,low,0.1120074944916017,-0.1324825682587993,0.1243400761054974,0.1610099157095159,-0.1394264784409972,0.8787097481654015,0.7894241028868032,0.8616661329584566,0.7664383356956259,0.8153454581859335,combined_data.csv
63,164,5,low,low,0.1101026315013551,-0.0356650183156432,0.1022389090260929,0.1394956111667658,-0.1297838794852333,0.8799871409068952,0.7721816977983279,0.8830235380759631,0.7785638371841976,0.8381172128185667,combined_data.csv
63,170,5,low,low,0.1085689967861179,-0.0535632866167352,0.1061413901872395,0.1315950749116586,-0.1470012883572845,0.8832743040888751,0.7928295310725395,0.8836411629472694,0.7747066314859516,0.8136679550239512,combined_data.csv
63,176,5,low,low,0.1181882952952375,-0.0361948352779366,0.1193532446347404,0.1643076991723463,-0.1704321363919955,0.87416269755018,0.7696092509730073,0.8707643291416436,0.7692066193080078,0.8370988030586621,combined_data.csv
63,179,5,low,low,0.1068231049698958,-0.0854188961233215,0.1180724188221493,0.139596196404784,-0.1855645859832244,0.8859935100161619,0.7937462496649894,0.8720866313390209,0.7808790929769122,0.8250090304276689,combined_data.csv
63,180,5,low,low,0.1197932129736809,0.0147622999859977,0.1308100995132346,0.1687482324130114,-0.1381053772005512,0.8711839983002102,0.7381142726952901,0.8580438062471077,0.7470322995602969,0.8304130695082436,combined_data.csv
63,182,5,low,low,0.115904169683806,-0.0356590939183942,0.0934926940386896,0.1418147084247438,-0.1694292868690577,0.8756957211034704,0.7776257416579,0.8945115830851448,0.7809908310723432,0.8528043912967938,combined_data.csv
63,200,5,low,low,0.1134473935181744,-0.1359788923358486,0.1064864781142336,0.1432349107014523,-0.2163198749797621,0.8766427188585784,0.7990507546776398,0.8807431920104243,0.7903116819032517,0.8487760153306394,combined_data.csv
63,208,5,low,low,0.1174152615900021,-0.0865244054788958,0.1329601816019073,0.1579517186391692,-0.1559801470637783,0.8739855623068155,0.8152251717690866,0.8563412014524966,0.7800078890771365,0.8226468137304451,combined_data.csv
64,65,5,low,low,0.1250068205716825,-0.040093550017703,0.1619428621966238,0.1077050692128653,-0.1421538836054955,0.8640141948087352,0.6683452889148238,0.8230728946729946,0.7186777807042357,0.83659832804994,combined_data.csv
64,74,5,low,low,0.1257886814183121,-0.0443273230747705,0.1323491262398173,0.1382702537855951,-0.197519484349816,0.8653519360202554,0.6972967741826481,0.8544704024218822,0.7359505672343456,0.85136563819597,combined_data.csv
64,77,5,low,low,0.1091824599456933,-0.0516686796419925,0.1111423616516528,0.1407529846365867,-0.1617584281131386,0.8825335367040741,0.8119632428440192,0.8786062087969897,0.7699323662367694,0.8284250947798054,combined_data.csv
64,78,5,low,low,0.1086210984481436,-0.1013018562941111,0.1221804529254761,0.1311863127202944,-0.1528842688787971,0.8832421820957831,0.7934673516719869,0.8661500145482914,0.7606239155556743,0.8328842688787971,combined_data.csv
64,79,5,low,low,0.11213372993607,-0.0429453386913462,0.1042663722059661,0.0968782685155027,-0.1615769512307849,0.8806677427576451,0.7901280024218283,0.8859306706196634,0.7903730301505478,0.8395723429358541,combined_data.csv
64,94,5,low,low,0.1195305053429158,-0.0301050010118719,0.1342603545012708,0.1076937226421934,-0.1458889470300048,0.8726624349396517,0.7409025778192755,0.8539636007754751,0.7467481490667318,0.8296551807962387,combined_data.csv
64,99,5,low,low,0.1105065860846279,-0.0860628700962233,0.1206329964321424,0.1371271873939658,-0.1316083355925514,0.8826308244080654,0.8191061553484217,0.8708401598536155,0.764033276615795,0.8458940498782657,combined_data.csv
64,101,5,low,low,0.1179309983732643,-0.0525942906125224,0.1306515350258177,0.1423216379862302,-0.1302334922846837,0.8743018580905221,0.7523266646676517,0.8587393106182942,0.7743197848799996,0.8258856661977272,combined_data.csv
64,104,5,low,low,0.1183708252580335,-0.0686204799672428,0.1162086252793911,0.1008141747951779,-0.1389163538517168,0.8724226484553502,0.7719306969190665,0.8725197307625703,0.7648581900672617,0.8345685277647603,combined_data.csv
64,114,5,low,low,0.1215669378964872,-0.0745485453960976,0.1375248847919132,0.1368753130112697,-0.1431661140351691,0.8687685628021954,0.6830391956203974,0.8472515911677841,0.7539358639230451,0.8376105584796136,combined_data.csv
64,124,5,low,low,0.112403212202863,-0.0562861782034207,0.1162890266187527,0.1084444942656419,-0.1340412678217338,0.8797970831557187,0.7631525092889452,0.8726356435185529,0.7698382409646083,0.8340412678217338,combined_data.csv
64,126,5,low,low,0.1114550821299587,-0.0718638050050272,0.1110733253506149,0.1550107688912676,-0.159635968960351,0.8813067352113788,0.8093556604109078,0.8796336542686015,0.7692133291638605,0.839635968960351,combined_data.csv
64,128,5,low,low,0.1153737541617255,-0.0886674731216417,0.1124724449034952,0.1387969489463578,-0.1776501146791707,0.8767425083013957,0.7809288132756934,0.8771694613746385,0.7693583543409948,0.8373842484699083,combined_data.csv
64,132,5,low,low,0.1130980938503138,-0.0486345403238196,0.1014359244274337,0.1287310017779668,-0.1448642467625246,0.8786071198964799,0.7961532660659113,0.8875209887093206,0.7769701159737,0.8371719390702169,combined_data.csv
64,139,5,low,low,0.1241456375155742,-0.0889487886704148,0.1668447061525477,0.1588181853689027,-0.1972162621777446,0.8680921062082172,0.7170600303349661,0.8230255467640504,0.7213494832486896,0.8355141345181702,combined_data.csv
64,140,5,low,low,0.1229456444743269,-0.0029670083284372,0.1536292441302188,0.1699526696945519,-0.1621294420897374,0.8692984291735233,0.6866463609899711,0.8336740786809862,0.7206421503963847,0.8287961087564042,combined_data.csv
64,164,5,low,low,0.1104772823218861,-0.0811698106869676,0.0930894741068986,0.1441359132846696,-0.1377488986788512,0.8808987949936528,0.7688855536522,0.8948289231844145,0.7505850923188148,0.8229623133129975,combined_data.csv
64,170,5,low,low,0.1169263086994065,-0.0433105657628987,0.1251389950553504,0.1281307804036333,-0.1711372613707065,0.875419213377548,0.8110033962742029,0.8645805272624926,0.7628402839483905,0.8461372613707066,combined_data.csv
64,176,5,low,low,0.1074773723265323,-0.0433970039586268,0.1198257570687634,0.1326047754787722,-0.1515425372022953,0.8852017327597814,0.7961066828139582,0.8706745424539939,0.7748450473064991,0.8315425372022953,combined_data.csv
64,179,5,low,low,0.1120026570667713,-0.0543524689941176,0.1069788498695637,0.1393200520962463,-0.1734216080976043,0.880969525640364,0.7960007636408976,0.8840742353116606,0.7809945562185996,0.8285940218907077,combined_data.csv
64,180,5,low,low,0.1223043436986585,0.0068534572859051,0.1237151516295153,0.1231500570805969,-0.1430754781131387,0.8698416537830747,0.710192686187872,0.8656790772951667,0.7620017153250055,0.835383170420831,combined_data.csv
64,182,5,low,low,0.1071741817568261,-0.0523137455576928,0.1076830086980467,0.13735095233693,-0.1585140679772821,0.8856681594059439,0.7946522887622434,0.8817736052206318,0.7672366722356943,0.8385140679772821,combined_data.csv
64,200,5,low,low,0.1047503777272722,-0.1165232517269748,0.1129479918027603,0.1435621146714553,-0.1928682058731304,0.8858907149642576,0.787664491726589,0.8741636819235823,0.7669468241599462,0.8440309965708049,combined_data.csv
64,208,5,low,low,0.1152387432453537,-0.0734873663814527,0.106501531037897,0.1201117382209679,-0.183131236646781,0.8772803456047573,0.7975761077632914,0.8829699088339701,0.7747276831495398,0.8376405204664097,combined_data.csv
65,74,5,low,low,0.11732504484269,-0.0958537795030008,0.1218713505508893,0.1520855448456808,-0.1612825497380846,0.8704971229692565,0.8117995096675787,0.861318193441084,0.752370499412146,0.8279492164047513,combined_data.csv
65,77,5,low,low,0.1091135284269448,-0.0137082962407677,0.1325155201677322,0.126757722044015,-0.1481840804772152,0.8806958172085615,0.6640902379592495,0.853841634509412,0.750206798716627,0.8438362543902587,combined_data.csv
65,78,5,low,low,0.1266912279610841,-0.1402937211886329,0.1262248997551884,0.1519471385988037,-0.1448954978658827,0.8647143081977158,0.7526230272321128,0.8621106157510658,0.7457788565294545,0.8405476717789262,combined_data.csv
65,79,5,low,low,0.1323177605036515,-0.0101555978311758,0.1313715965414826,0.1024776194381239,-0.1198200474136814,0.8592104031145805,0.7055430762438749,0.8559440182995319,0.7561441434239797,0.8372113517615076,combined_data.csv
65,94,5,low,low,0.1069689901241047,-0.0814190653484003,0.111186494320568,0.0614047230083549,-0.1932659730674278,0.8834921377124867,0.7720648362677496,0.8733442571942209,0.7604759751566829,0.8454398861109061,combined_data.csv
65,99,5,low,low,0.1264034242236901,-0.0876800076595843,0.125634345094635,0.1145825337712883,-0.097960497648317,0.8663772708752704,0.7293706541363137,0.865466576878964,0.7378297299430672,0.8332546152953759,combined_data.csv
65,101,5,low,low,0.1295277004552816,-0.0356187486798524,0.1960496715420667,0.0919355971107233,-0.1074173654986528,0.8612225545539057,0.5806828193553029,0.7892357182311043,0.7419263598395585,0.8346900927713802,combined_data.csv
65,104,5,low,low,0.1146489977869268,-0.0790380610673722,0.1292045699189983,0.1724844056847821,-0.0197832253407453,0.8732007539381417,0.7225574924401368,0.8536614824667021,0.7448035792578857,0.8531165586740788,combined_data.csv
65,114,5,low,low,0.1253440718902984,-0.0512025196499197,0.1120522843501474,0.1698598492406963,-0.1260742763921205,0.8644246495619466,0.7843367020088086,0.8710790011134084,0.7621900151740226,0.8409129860695399,combined_data.csv
65,124,5,low,low,0.1070615168838176,-0.0883626075051889,0.0927415875578007,0.149596592641274,-0.0264442394223417,0.88336254308264,0.7480483131312895,0.8949041262818906,0.738566998601004,0.8264442394223418,combined_data.csv
65,126,5,low,low,0.1228471041163289,-0.0441125165999447,0.1475429782878908,0.0943518190658661,-0.1215120588867196,0.8676940749022818,0.7145198607035794,0.8403491324738568,0.7229939568436414,0.8233639107385715,combined_data.csv
65,128,5,low,low,0.1214749121709108,-0.0165611668084847,0.1516154864369034,0.1357823794158854,-0.1924992355454184,0.869085881794428,0.6612782996435768,0.8359886243604764,0.7477329045450851,0.8476716493385219,combined_data.csv
65,132,5,low,low,0.124047387284411,-0.0832420905116475,0.1556787025450757,0.1568015381284238,-0.0470746680271781,0.8662692487826165,0.7358525095552775,0.8323496498895495,0.7479514946417571,0.8470746680271782,combined_data.csv
65,139,5,low,low,0.0984765108919321,-0.1066244477309542,0.1169638251391445,0.1393165690372843,-0.1801275244086875,0.8897668566934429,0.8070194413229611,0.8685432114312809,0.7608688494858136,0.8251275244086875,combined_data.csv
65,140,5,low,low,0.1137344506233986,-0.0613161890369798,0.1057958650652496,0.095598570201602,-0.0940806116650814,0.8756747669146572,0.800645053262871,0.8803814986745906,0.7798674175841179,0.8490806116650813,combined_data.csv
65,164,5,low,low,0.1122265103729918,0.0044388725244726,0.1579717558086358,0.1790063425427897,-0.083025082661391,0.8759666168038582,0.7085712618744164,0.8276091318567789,0.748399489283085,0.8503410999774085,combined_data.csv
65,170,5,low,low,0.1255096911047301,-0.1086519593690626,0.1308259379748931,0.1459573730258344,-0.1475389119798715,0.8647329807899549,0.741094401290239,0.85500553086981,0.7387973789071733,0.8142055786465382,combined_data.csv
65,176,5,low,low,0.1315330041108457,-0.0448106299740937,0.1667337544537867,0.133300902760497,-0.1305099258083122,0.8608942603135907,0.6410370714996585,0.8225992216671829,0.7218339752031775,0.8180099258083122,combined_data.csv
65,179,5,low,low,0.129897537488445,-0.004674060344688,0.1579208648921483,0.1862576181409302,-0.228117340042931,0.8624384301848143,0.6391667680411852,0.8314782669120108,0.7153851091434038,0.8577469696725608,combined_data.csv
65,180,5,low,low,0.1162553168512455,-0.1044967669886958,0.117679925535312,0.0980278546364336,-0.1314573141215367,0.8708835764226548,0.7765295702090904,0.865186388356819,0.7614010418470634,0.7981239807882035,combined_data.csv
65,182,5,low,low,0.1207146108795687,-0.0383653898326175,0.1146997726124862,0.1270554913813028,-0.0594168969205438,0.8693225873192323,0.7232333608698207,0.8718367425892478,0.7571158939802696,0.8286476661513131,combined_data.csv
65,200,5,low,low,0.1110968912606517,-0.0614160899192073,0.1128243211280607,0.1013162966879764,-0.0677261414215506,0.8751429952602214,0.759408048707291,0.8685507104239931,0.768678781576445,0.8482139462995995,combined_data.csv
65,208,5,low,low,0.1224146325831867,-0.1052827270223201,0.130573396583661,0.1326081262260321,-0.0818251447304887,0.8699059942829819,0.7153290088955566,0.8592003653210496,0.7575376818767704,0.8596029225082666,combined_data.csv
74,77,5,low,low,0.1204414630263159,0.0092982862027226,0.1274357886164592,0.1749501575481602,-0.1294479300457376,0.8708897722172144,0.661615692421122,0.8591392073633175,0.7289601001898167,0.837781263379071,combined_data.csv
74,78,5,low,low,0.1262216834607974,-0.0303186989660622,0.1194458940719547,0.2012530415644308,-0.1419040627479947,0.8670640593247567,0.7424898487548925,0.8698291769516884,0.7385861595102299,0.8252373960813281,combined_data.csv
74,79,5,low,low,0.1218241008885383,-0.0051376847806325,0.1335292856690777,0.162128699709271,-0.1419522909540621,0.8715944836280185,0.6783459282693305,0.8582568551524334,0.7388244553906698,0.7954059801220371,combined_data.csv
74,94,5,low,low,0.11882971701402,-0.0956641695167448,0.1189192115046273,0.085286222035541,-0.21089742172265,0.8732825254534212,0.747247016843251,0.8710192501457779,0.7554278895142852,0.8472610580862865,combined_data.csv
74,99,5,low,low,0.1241468737074592,-0.1026062098486386,0.1486954891506162,0.139776948614914,-0.106771127833207,0.8695446242878637,0.7126292331677015,0.8427463202121992,0.7627135085448127,0.7942711278332071,combined_data.csv
74,101,5,low,low,0.1425182600968038,0.0382269862681288,0.2045695136414491,0.1670614946237236,-0.1783619058542799,0.8493990897996084,0.5593569014160731,0.7824228152553836,0.7159615457520225,0.8450285725209465,combined_data.csv
74,104,5,low,low,0.1175264903492844,-0.0765481046041188,0.1215908362831008,0.1531193556972924,-0.2113281371230272,0.8718985291402647,0.7247211818217782,0.863658065728913,0.7511411202486704,0.845299428989056,combined_data.csv
74,114,5,low,low,0.0914852878285222,-0.0873490660451357,0.0935109420752073,0.1782357380334895,-0.1411863161038432,0.8978929340759716,0.8300809697776108,0.8910944603844542,0.7588288497636864,0.8078529827705099,combined_data.csv
74,124,5,low,low,0.1128227770432802,-0.1251247367932353,0.1228646713724876,0.1853891064205577,-0.1577979959921776,0.8790929256399378,0.7597868629802715,0.8660466334920809,0.744415143603167,0.8379928011869828,combined_data.csv
74,126,5,low,low,0.1249081308538385,-0.0357924689290746,0.1473068877035638,0.1135548241786749,-0.1708753142737313,0.8672528611741586,0.7131692865301468,0.8410770053935113,0.7689950548852251,0.8508753142737313,combined_data.csv
74,128,5,low,low,0.1366069836933838,0.0051278897988416,0.1761462899968565,0.1907424430935023,-0.1632904218385044,0.8552690685426259,0.6174475161267986,0.811063985726988,0.7415490297312859,0.841861850409933,combined_data.csv
74,132,5,low,low,0.123004147877203,-0.0908005232191756,0.1573048425565228,0.1753759584794453,-0.2003937673240166,0.8696867298192557,0.7211838099608897,0.8322768434211368,0.7375222096978724,0.8286832410082271,combined_data.csv
74,139,5,low,low,0.1124044160864995,-0.1957129775968193,0.1086383826346562,0.1426932334471357,-0.1780948276155181,0.878447862182405,0.8196691493447359,0.879131355874664,0.778312430065265,0.8447614942821847,combined_data.csv
74,140,5,low,low,0.1122808033642831,-0.1289472693330804,0.0893275540429419,0.1613342781945974,-0.1401518785504212,0.878410301774873,0.7856175459587442,0.9014179930560976,0.7800831112783346,0.8278366076144605,combined_data.csv
74,164,5,low,low,0.1133563380418699,-0.0479469220525192,0.1139276798936008,0.147693669720288,-0.112698633584923,0.8773850911969305,0.7476358601680826,0.8742479881524798,0.7819943655835936,0.8269843478706373,combined_data.csv
74,170,5,low,low,0.1229517623244602,0.0097118283766619,0.1488018903153793,0.205077731302705,-0.1477874166039133,0.8685523381795346,0.7113472296653003,0.8377922795768522,0.7433238757654996,0.8319979429197027,combined_data.csv
74,176,5,low,low,0.1235994165350846,-0.0423744051959835,0.1625313879287139,0.1547331331318246,-0.1693377578247049,0.869332888083172,0.6618238880894316,0.828277742830354,0.7326697538500906,0.8360044244913716,combined_data.csv
74,179,5,low,low,0.1317878955659445,0.049662156057319,0.1907612397466606,0.1753065030948052,-0.1751473589190114,0.861516847852296,0.6109425070672688,0.7981142377178931,0.7373244435900108,0.8480494568211093,combined_data.csv
74,180,5,low,low,0.1189525247785371,-0.0914149441148576,0.1257408604243863,0.1856920824624107,-0.125932503869566,0.8712383127205878,0.79010561680383,0.8606290322841701,0.7463305729216334,0.8215846777826095,combined_data.csv
74,182,5,low,low,0.1084854742164065,0.0332527635672154,0.1313578991167852,0.1511735989300063,-0.1527137850986315,0.8832969359606249,0.6869112238613603,0.8563493119690213,0.7682445981973779,0.8466937182089994,combined_data.csv
74,200,5,low,low,0.1071215210071024,0.0045090751335591,0.1181401372433644,0.1209955565561528,-0.2034145110361124,0.8825715359276681,0.7215402637968602,0.8649722131327858,0.7843128449170615,0.8609333080285936,combined_data.csv
74,208,5,low,low,0.1283022409371218,-0.1125345382606578,0.1321473263868321,0.154323839579792,-0.1605634226607596,0.8657167426864367,0.7496391417187144,0.858099760028995,0.7598383250098286,0.8034205655179024,combined_data.csv
77,78,5,low,low,0.110315133107997,-0.0768762424625538,0.115265701557906,0.1732264358647082,-0.1767972830429822,0.8815485040706175,0.7927718832885299,0.8738508943650637,0.7671523212093507,0.8176702989159981,combined_data.csv
77,79,5,low,low,0.1125844345790182,-0.0880599137117209,0.1092695069921646,0.1390125387762361,-0.1578750784155076,0.8799535355654076,0.8373588771765644,0.8824612080153681,0.7721067592520701,0.8364465069869362,combined_data.csv
77,94,5,low,low,0.1141287104066678,-0.0437207664984166,0.1274956041130615,0.14918147327689,-0.1590161404344819,0.8774481476620394,0.7343649277170169,0.8605465503633365,0.7479485620677244,0.8256828071011487,combined_data.csv
77,99,5,low,low,0.1116177089738105,-0.0482142394473721,0.1098083514606459,0.1424325106260036,-0.1457186355677806,0.8807513967119629,0.7875665813085557,0.8802003478093213,0.7856504687007403,0.8266277264768715,combined_data.csv
77,101,5,low,low,0.1200226712337511,-0.0445723372852309,0.1217005102696514,0.1568830424445217,-0.1377328538141872,0.8722008654433957,0.72981078363589,0.8677495982696958,0.7503066975514058,0.8347025507838841,combined_data.csv
77,104,5,low,low,0.1141973582909036,-0.0931108165960266,0.1170891742398007,0.1253475559851478,-0.1634225974743829,0.8758426957051304,0.7725947059632412,0.8706669830825,0.7679970543644761,0.8452407792925648,combined_data.csv
77,114,5,low,low,0.1208422546511114,-0.0962065688083002,0.1432318778943493,0.1733172636077525,-0.1772595715238494,0.8705985751361338,0.6812605746177851,0.8427468112741912,0.7411887053655952,0.8324319853169528,combined_data.csv
77,124,5,low,low,0.1144835424479202,-0.1131978160355779,0.1261483148424486,0.1702845009568919,-0.1653447514858614,0.8770439499955275,0.8077019339814997,0.8634218196411783,0.7666726958559505,0.8320114181525282,combined_data.csv
77,126,5,low,low,0.1101241712443922,-0.0704848495298353,0.1110281247422486,0.1268733068570102,-0.1354666801397502,0.8816887715158638,0.8227975253475394,0.8786054979379699,0.774522670691314,0.8311188540527937,combined_data.csv
77,128,5,low,low,0.1219700508792576,-0.0822916526081404,0.1181159163858638,0.1625315360527955,-0.1848091313122736,0.8703279615937858,0.7873960840169033,0.8720913379948643,0.7570497462779242,0.8292535757567181,combined_data.csv
77,132,5,low,low,0.1136537139004677,-0.0992273269958023,0.1201348787699612,0.1362313955711267,-0.152870887707325,0.8786943127078486,0.8238640588173394,0.8707481301312174,0.7760287414155789,0.833779978616416,combined_data.csv
77,139,5,low,low,0.1305244351407496,-0.0244913258465118,0.1570442519242164,0.2046146505831169,-0.194750162911224,0.8618325218609668,0.6881915245647419,0.8318979924154682,0.724421221399549,0.8352629834240446,combined_data.csv
77,140,5,low,low,0.1276952698344854,-0.1210139992613007,0.1547222894164333,0.1732428351251459,-0.1689529524214641,0.8647952528977615,0.7531884770036275,0.8345606838164643,0.7496466891803436,0.8356196190881309,combined_data.csv
77,164,5,low,low,0.1143287514207997,-0.1265783165632427,0.1304543491522489,0.1605696164787077,-0.0992478243531235,0.8764295843230572,0.7908365682899614,0.8587207699934502,0.7559367217076928,0.8360899296162815,combined_data.csv
77,170,5,low,low,0.113442626455039,-0.0461255766197387,0.1176769537274319,0.1389894975124702,-0.1784963022593152,0.8787628510087514,0.8218840841678646,0.871461545243986,0.776182656377096,0.8451629689259819,combined_data.csv
77,176,5,low,low,0.1112139156787619,-0.0269798774283497,0.1233037294979446,0.1642666484360456,-0.1714586004354439,0.8820283969199479,0.8019392306188119,0.868513118206539,0.759626300028894,0.8266310142285473,combined_data.csv
77,179,5,low,low,0.1139309743945411,-0.0517195560084164,0.1203526086452116,0.1437753983474149,-0.1622552808996935,0.8788884352227833,0.8050172997871389,0.8701652897144108,0.7774098307313098,0.8327979165586084,combined_data.csv
77,180,5,low,low,0.1129421348311591,-0.0420308286569135,0.112405068607602,0.2006541812156236,-0.1875547564257271,0.8787761491965487,0.7495764790928523,0.876019843523876,0.744009077195669,0.8275547564257271,combined_data.csv
77,182,5,low,low,0.1068542799621505,-0.0655311127726651,0.113360807919609,0.1598427998012013,-0.1764236132635349,0.8853937807166595,0.8023315764112193,0.8761010493805411,0.7677354749909215,0.8430902799302016,combined_data.csv
77,200,5,low,low,0.1199041014270769,-0.0383441826681719,0.1259442350125121,0.1442514361267547,-0.1876483066093296,0.871353161730766,0.7813698607251256,0.8621787621115543,0.77910177400105,0.8402345135058813,combined_data.csv
77,208,5,low,low,0.1163921655497212,-0.0627035949184406,0.1279131520463896,0.1657835649367516,-0.1757161733190665,0.8756094418042144,0.7898931438517756,0.8624321963684718,0.7761426837714873,0.8423828399857333,combined_data.csv
78,79,5,low,low,0.1161313887819742,-0.0514592318524446,0.1150292432497648,0.1821624856124519,-0.1262394834001505,0.8780407597834352,0.7728773441848248,0.8774229248026097,0.7650582679633219,0.8062394834001505,combined_data.csv
78,94,5,low,low,0.1227256191835082,-0.0808358140927457,0.1395111170287708,0.1263251515330697,-0.1590316464701044,0.870115118033672,0.7811240635763498,0.8502742440984652,0.7614448483568015,0.8334502511212674,combined_data.csv
78,99,5,low,low,0.117136131701946,-0.0725193509142964,0.1110101083969782,0.1622818957842949,-0.1169922997290067,0.8761557670944897,0.7920261241881247,0.8800498824017536,0.77418333760241,0.8296907124274193,combined_data.csv
78,101,5,low,low,0.1264675769856211,-0.0230020051972682,0.1674133481691357,0.1843817690416962,-0.1745432489196746,0.865723248678418,0.6778957833310687,0.820644167383262,0.7313717086560247,0.8302544558162264,combined_data.csv
78,104,5,low,low,0.1148220816405352,-0.0591445209456474,0.1239373848318191,0.1413385035671923,-0.1620337748382613,0.8773251749013016,0.7996933424555522,0.8651455491994321,0.763620688984867,0.8438519566564432,combined_data.csv
78,114,5,low,low,0.1162321995678028,-0.0637801447642121,0.1536874958650893,0.208326084137387,-0.1173598004752788,0.876251930447709,0.6926198146489488,0.8362738440722135,0.7044419569585252,0.831645514760993,combined_data.csv
78,124,5,low,low,0.1151010673963641,-0.0990900381268361,0.1254832549020375,0.1610389129116263,-0.1319671179333367,0.878292985641178,0.8173522601389172,0.8651843069352447,0.7811388657573988,0.8253431863094051,combined_data.csv
78,126,5,low,low,0.112106630172914,-0.0868084395523429,0.1103018475421973,0.1660698469589669,-0.1499922320311371,0.8810749533033294,0.7958087764202854,0.8810678305243447,0.763195155051213,0.8292779463168514,combined_data.csv
78,128,5,low,low,0.1192841145696836,-0.0838399865290014,0.13589993318198,0.145820684219341,-0.2348770594015965,0.8734771052727037,0.7503641638336834,0.8551244865745511,0.7665722694990521,0.8598770594015965,combined_data.csv
78,132,5,low,low,0.1076730896230798,-0.0482404275597517,0.1141533326515044,0.1499415486468409,-0.1519532556836145,0.8852116270997437,0.7951545086697946,0.8769446780439961,0.7654736698692648,0.8376899327996019,combined_data.csv
78,139,5,low,low,0.1202577852451326,-0.1002026964094,0.1363259631206577,0.2090832636935924,-0.1669468609142512,0.8737202224577074,0.7442532743107968,0.8565879373540275,0.7309067295862077,0.8199568943590674,combined_data.csv
78,140,5,low,low,0.1115297643484485,-0.1147143272361085,0.1112754847701381,0.1931650451893268,-0.1618652797461957,0.8817793868319563,0.7538104292734233,0.881801639880047,0.7558208267414135,0.8436834615643776,combined_data.csv
78,164,5,low,low,0.1086576890828128,-0.0854380562938844,0.124723850186198,0.156351874366414,-0.1509646290742186,0.8830072534448716,0.8312244980157208,0.8647725641352714,0.7798017361688383,0.8309646290742185,combined_data.csv
78,170,5,low,low,0.1041912217510396,-0.0899060438580707,0.1118897862037133,0.1530957957604882,-0.2180179477901263,0.8887009231628633,0.7978287160627688,0.8788843808331145,0.7867597876111702,0.8590435888157674,combined_data.csv
78,176,5,low,low,0.1147312799473453,-0.0191422251664347,0.1082397110100584,0.1486325300564102,-0.1524543668986724,0.8793901502308915,0.7618192652986794,0.8838200281551019,0.7694837022729939,0.831025795470101,combined_data.csv
78,179,5,low,low,0.1183348912508204,-0.0533847027611247,0.1180328422462587,0.1612887441124346,-0.1657155963707863,0.8757501835709525,0.7771346378413764,0.8736679203837466,0.7446600255319196,0.8046044852596753,combined_data.csv
78,180,5,low,low,0.1259300985485874,-0.0775071237545722,0.1234848443501258,0.1757495559809792,-0.2047842264450839,0.8676864684258778,0.797302577527094,0.8672552990624923,0.7717947044818754,0.829784226445084,combined_data.csv
78,182,5,low,low,0.1230294668265549,-0.0469017050020704,0.1293718211124128,0.1464548048991319,-0.1839873785199189,0.8703590116925064,0.8056891360431752,0.8615684466665219,0.7762031525630171,0.8506540451865857,combined_data.csv
78,200,5,low,low,0.1078387631111056,-0.1040056129311539,0.0941239490868288,0.1534933670260646,-0.1640158363896621,0.8838360203203474,0.8151410784537397,0.8944072064528983,0.7693158336656375,0.8332866697229955,combined_data.csv
78,208,5,low,low,0.1121776585415905,-0.1121796905578493,0.1143014906838916,0.1566992118232648,-0.1628324285293941,0.8817623145295871,0.7912799680989,0.8777450661801596,0.792215456601256,0.8294990951960608,combined_data.csv
79,94,5,low,low,0.11914138665773,-0.0320904807957665,0.1276788855121446,0.1610676843453231,-0.1617059811807167,0.8744554296464238,0.772056782295279,0.8631510796334114,0.7688965108040805,0.8381765694160108,combined_data.csv
79,99,5,low,low,0.1214996095785979,-0.0473701837297378,0.1030290266309383,0.1465018796928321,-0.1347606056178709,0.8725066260797147,0.7975333715043567,0.8902217596258708,0.7712504847575563,0.8406429585590474,combined_data.csv
79,101,5,low,low,0.121997032289434,0.0286847486276062,0.1326506467216103,0.1523245327244583,-0.150563324333989,0.8701853499781491,0.6904648514201821,0.8556322077614457,0.7376933783863813,0.838063324333989,combined_data.csv
79,104,5,low,low,0.1201986285766948,-0.0761681233291173,0.1035730992064217,0.106971322253481,-0.139254867280967,0.8715514636271352,0.7914270521211075,0.8852706225633983,0.7860905509143179,0.8535405815666812,combined_data.csv
79,114,5,low,low,0.1245431562296254,-0.0195549159328259,0.1297146089322512,0.0863103038627738,-0.1453787902128962,0.8688263459628861,0.6951304589560509,0.8602413441035555,0.7704722612378884,0.8410309641259397,combined_data.csv
79,124,5,low,low,0.1156121970553805,-0.0527507357459698,0.1152909713900268,0.1204601842729904,-0.1464298048894367,0.8780127866440645,0.8049390331065924,0.8771391593364231,0.7787576959602809,0.8282479867076186,combined_data.csv
79,126,5,low,low,0.1113314825770259,-0.069034241274037,0.1144654576591852,0.1862492720234974,-0.1525283241859948,0.8820952689276388,0.806655853760782,0.8777414939068147,0.7736311402455015,0.8349008297292321,combined_data.csv
79,128,5,low,low,0.1166281463943205,-0.0480224174306531,0.1190690868470411,0.1671395026056992,-0.2097981829110367,0.876468960160363,0.7608305463049204,0.87261010894478,0.7650279465795841,0.8184938350849498,combined_data.csv
79,132,5,low,low,0.11039282425927,-0.1255797158195126,0.1134240233469531,0.1310753411874916,-0.1309252217790677,0.8831350837612271,0.8133555186262713,0.8785004138154192,0.7715258412035074,0.8265773956921112,combined_data.csv
79,139,5,low,low,0.1186061793399497,0.0043828598948411,0.1373094141582197,0.1330036962066382,-0.1945587448967287,0.875314525267969,0.7042487173860323,0.8542642198282265,0.7602052428285063,0.8497311586898322,combined_data.csv
79,140,5,low,low,0.1242059567032113,-0.0622054301695229,0.1103275777081781,0.199506584449738,-0.1679092861590583,0.8692252124291413,0.741145966257784,0.8818049323721222,0.7493968186682495,0.8345759528257249,combined_data.csv
79,164,5,low,low,0.1137902417860857,-0.1389906697826644,0.1195957135689741,0.097729270282919,-0.1054525736087925,0.8799869668307845,0.8269216155857447,0.872314801329269,0.7915827328639701,0.8422946788719505,combined_data.csv
79,170,5,low,low,0.1245393685272731,-0.0382107226348807,0.1284197395691939,0.1681397960528265,-0.1926496272444542,0.8682633577549106,0.7934884883392882,0.86255596557473,0.7591381215364578,0.8412982758931029,combined_data.csv
79,176,5,low,low,0.1047551594328202,-0.0566390501066499,0.1153623700827123,0.1455109492375041,-0.1687674361843395,0.8898793881569127,0.7757668024578279,0.8777902006200778,0.7813599711073461,0.8354341028510062,combined_data.csv
79,179,5,low,low,0.1106183223364021,-0.0664134994441071,0.1206620721826273,0.1552713149179103,-0.1983778133519905,0.883768389288705,0.7648472402094503,0.8721667561542996,0.7602878312778548,0.8505517263954688,combined_data.csv
79,180,5,low,low,0.1128967921923793,-0.0484679087507101,0.1067090139287487,0.1627236101628535,-0.165301113908679,0.880497874237998,0.7686586451835269,0.8846601010790569,0.7695497644979745,0.8474063770665738,combined_data.csv
79,182,5,low,low,0.1099484376265508,-0.1313863449066384,0.1181475644520865,0.1477948455914212,-0.13792028916082,0.8835932923664475,0.8082366099920507,0.8739385896771994,0.7942023785129915,0.8475977085156587,combined_data.csv
79,200,5,low,low,0.1092432370828634,-0.1217524355815736,0.1046144579150215,0.1541614014365681,-0.15446136577872,0.8823563117965385,0.8065132187471615,0.8834972251846948,0.7793654189994451,0.8211280324453868,combined_data.csv
79,208,5,low,low,0.1104398037380784,-0.0512576410004732,0.1185203125835185,0.1338978581749429,-0.1537598868255668,0.8833136763210729,0.7855289633823661,0.8745928136663519,0.773827035077367,0.8204265534922335,combined_data.csv
94,99,5,low,low,0.1161903621841258,-0.026341989165556,0.1398515027065218,0.1574089362019654,-0.1841961177758271,0.8777958896432051,0.7257036608742035,0.8523195792600082,0.7516246333403633,0.8363700308193054,combined_data.csv
94,101,5,low,low,0.1382229178058214,0.043118410922507,0.2050586403492402,0.1629692695764351,-0.1956290704137454,0.8538480150781314,0.5910405871624005,0.7823128602111061,0.7195889818089656,0.8247295995142745,combined_data.csv
94,104,5,low,low,0.1146391022739281,-0.0537995531460951,0.1127753195953344,0.1342647171728521,-0.1526806590813763,0.8758823405976459,0.7828170696132235,0.8755479694757591,0.7516278347699138,0.8526806590813762,combined_data.csv
94,114,5,low,low,0.1043813023794617,-0.1153832455285603,0.1113246340364618,0.0744211313163564,-0.1758599694162576,0.8875890397957247,0.8010381097464936,0.8763318792213031,0.7769007307826805,0.8501023936586818,combined_data.csv
94,124,5,low,low,0.1203124732247109,-0.0221187600123476,0.1040308006793097,0.1514809237842057,-0.1791566633471453,0.8724750280267486,0.7654187808376993,0.8870252827054903,0.759421510206336,0.826215486876557,combined_data.csv
94,126,5,low,low,0.1070033537416341,-0.0511589179873506,0.1154334107982599,0.1508458412906083,-0.1171361268151821,0.8856342931191352,0.751168456607438,0.8748380613144735,0.7827558003702213,0.8208398305188859,combined_data.csv
94,128,5,low,low,0.1235877653822582,-0.0458762498338515,0.1642009695840673,0.1616234803874278,-0.122915537132749,0.8685049457639741,0.6657188867926908,0.8238332828630034,0.7261952818225863,0.8214003856175975,combined_data.csv
94,132,5,low,low,0.1149109915923687,-0.0547437176116889,0.1242763854021395,0.1428788601715344,-0.1948959676334266,0.8781180127192706,0.7464669904453047,0.866186856944945,0.7799701518168309,0.8337848565223156,combined_data.csv
94,139,5,low,low,0.1372144580134796,-0.0093806532456197,0.1194508850627479,0.1180945869028765,-0.2395010175352043,0.8548309761413904,0.7569853689562571,0.8710028326305485,0.7571209121089374,0.8691306471648341,combined_data.csv
94,140,5,low,low,0.1178613585651385,-0.0378361629929216,0.1274238697389318,0.1369073665717565,-0.213824485873202,0.8745516878392077,0.7970221488895018,0.8620731330825395,0.7669873008216853,0.867278175041177,combined_data.csv
94,164,5,low,low,0.1046292054534526,-0.0310162656429441,0.1075483718494463,0.0994044139899045,-0.1646048126739329,0.8859605287555038,0.74797088152424,0.881413322273,0.7682470534382113,0.8312714793405995,combined_data.csv
94,170,5,low,low,0.1143042104197776,0.0187663432042648,0.1193747177644394,0.1212653726515897,-0.1951727345200621,0.8780577504783349,0.7389048635388061,0.8696048088300606,0.736276611328265,0.8242732636205912,combined_data.csv
94,176,5,low,low,0.1177764245580782,-0.0153342973675459,0.1380012714268936,0.190152954208033,-0.1508593204727439,0.8759395320203347,0.7150246964897751,0.853291232396723,0.7245801727012018,0.8486854074292658,combined_data.csv
94,179,5,low,low,0.1253665076302056,0.0209074126786135,0.1455092278068123,0.1892969302929088,-0.1386084424465228,0.8681723963334336,0.6583595320825966,0.8444673027625446,0.7502620743453516,0.7971450278123764,combined_data.csv
94,180,5,low,low,0.1174279819527873,-0.0533089041436882,0.1103910857973472,0.1213742165236149,-0.1630732814051141,0.8749765880923936,0.7627335159164652,0.8795382399573802,0.7974037503347033,0.8342444525762853,combined_data.csv
94,182,5,low,low,0.1131296949949824,-0.0538559314777093,0.1221583119778417,0.1400933603881469,-0.1755103372068903,0.8796196321524566,0.752767848099178,0.8674090720319543,0.7659649760682437,0.8255103372068903,combined_data.csv
94,200,5,low,low,0.1166066045896276,-0.0931248144559595,0.1104965472242985,0.1182819369923144,-0.1526942497585317,0.8731058764525225,0.7926256334290042,0.8758790524843176,0.777248679925128,0.8193609164251985,combined_data.csv
94,208,5,low,low,0.1250901768243213,-0.0249300561251463,0.1219186055527588,0.0914227890228364,-0.189833318963559,0.8691596398376873,0.7457183388276767,0.8703261518934254,0.7656884010873621,0.814833318963559,combined_data.csv
99,101,5,low,low,0.1220453684118233,0.0413884085116363,0.134447932062218,0.1768205680854405,-0.1098565937826759,0.8706590979191606,0.6730405917683613,0.8542428409720932,0.7326780973029684,0.8371293210554033,combined_data.csv
99,104,5,low,low,0.1130443613469768,-0.1153737089169194,0.1229989894915665,0.080044293963338,-0.0846667576806415,0.8795167600291663,0.8077134346207561,0.8672902272430248,0.7793083022760801,0.8215088629437995,combined_data.csv
99,114,5,low,low,0.1306226418320606,-0.0766674871269272,0.1547862730210858,0.1428621970757724,-0.1263736974382003,0.8629412512094381,0.6756724136381738,0.8375503419798348,0.7477265185124349,0.8406594117239146,combined_data.csv
99,124,5,low,low,0.1090190758402164,-0.0436351301777085,0.1147688336848815,0.1744369178050193,-0.0692581220938861,0.8846481688767354,0.7951681510928761,0.8772616312293186,0.7625039183685263,0.8061002273570441,combined_data.csv
99,126,5,low,low,0.1163849209988899,-0.0819464044471394,0.1145023485230646,0.1521109342713913,-0.1326963730099538,0.8770368853249507,0.800525450060867,0.8777200880421855,0.7671700060535089,0.8290073084513241,combined_data.csv
99,128,5,low,low,0.1195563849406019,-0.0015315593816755,0.1175703810334547,0.1519861795063113,-0.1623284967880029,0.8736564794345496,0.7681571087587589,0.8735413231055265,0.7650144744462257,0.8380041724636788,combined_data.csv
99,132,5,low,low,0.1140567618585666,-0.0742481475737184,0.1071849170206812,0.1498083033100391,-0.0961656638077386,0.8782217643101972,0.7813447690247932,0.8836262309540953,0.7674015275184396,0.8149156638077386,combined_data.csv
99,139,5,low,low,0.1321932047327569,-0.0959685384419889,0.1417328703476749,0.1278913505315138,-0.2062004272024359,0.8616011066395723,0.7038881392485065,0.8512497364489993,0.7507777873752665,0.8425640635660724,combined_data.csv
99,140,5,low,low,0.1206100695289178,-0.0649917988029757,0.1305285967177263,0.1685546691852202,-0.0944790825874216,0.8726310457065061,0.7054715101758346,0.8616786502357525,0.7485434573037093,0.8444790825874217,combined_data.csv
99,164,5,low,low,0.1101767381904936,-0.0538885818171599,0.0962545007331024,0.1118342055061974,-0.0870576001166676,0.8830631878505978,0.7906018325433422,0.8958842309168082,0.7778332528251413,0.8178268308858985,combined_data.csv
99,170,5,low,low,0.1156862723999359,-0.0142037997988894,0.1199974741174063,0.1159142519652397,-0.1860003829366279,0.8777186689713927,0.8076047313272434,0.8704656501774057,0.7778761009908045,0.8526670496032945,combined_data.csv
99,176,5,low,low,0.1182707787248851,-0.0741420440119916,0.1195919466788362,0.1887676140426877,-0.1748837222861506,0.8756114307102905,0.8126470215438842,0.872764378964148,0.7601476164180643,0.8415503889528173,combined_data.csv
99,179,5,low,low,0.1147256755862108,-0.0665191311547898,0.1211142071021048,0.1213200847875265,-0.1742933339275644,0.8791196467418212,0.7868608059126769,0.8711169398060197,0.7586005647943532,0.840960000594231,combined_data.csv
99,180,5,low,low,0.1197347520799075,-0.0355806674927381,0.1173818853621923,0.1864045040238009,-0.0979072153131532,0.8739326922203735,0.7637303505722841,0.8737073970734358,0.7362227664415344,0.8121929295988675,combined_data.csv
99,182,5,low,low,0.1123388757454969,-0.0554376260462016,0.1143569156546661,0.1503755090867805,-0.1326005818137442,0.8805289524106379,0.8023040073208388,0.8777272521705153,0.7717477646151096,0.8367251609383234,combined_data.csv
99,200,5,low,low,0.1140203848721751,-0.0811247454687158,0.1178652954994966,0.1245158162814645,-0.1110426774828643,0.8782560480423603,0.7999306940797299,0.870890229623449,0.7782498026160541,0.8253283917685785,combined_data.csv
99,208,5,low,low,0.1170907302001053,-0.0983133843328677,0.1078275050282842,0.1057174631078141,-0.1470236752199859,0.8768272899768923,0.8029950881611613,0.8846688057450287,0.7745100334378748,0.8470236752199859,combined_data.csv
101,104,5,low,low,0.1190155917070733,-0.0498952866644387,0.1471724506337267,0.1330581925572068,-0.1204071717987409,0.8724145819148492,0.6603726875349482,0.8404186599156235,0.7361027820420689,0.8346928860844552,combined_data.csv
101,114,5,low,low,0.1350043296557458,0.0215211156052342,0.1934953044654342,0.2105853987895202,-0.1255390467819612,0.8565522996272963,0.5602836343491493,0.792662024988932,0.7001641826818956,0.8562575701834114,combined_data.csv
101,124,5,low,low,0.129692978097904,0.0086657579831731,0.1770599815570812,0.1695482480285294,-0.1509298066669525,0.8625967107230348,0.6316292498771141,0.8116451874286674,0.7332422272415691,0.8333023122101898,combined_data.csv
101,126,5,low,low,0.1217589399141442,-0.0280302506373146,0.1334398900142869,0.1492235362068851,-0.1532381223010688,0.8705278302739449,0.726557722979722,0.856319939440289,0.7418638165099554,0.8306574771397786,combined_data.csv
101,128,5,low,low,0.108066950783315,-0.0707844316580854,0.1094313806753616,0.165743767945343,-0.1735937992206599,0.8844172875447323,0.7809676845005029,0.8803473859534676,0.7651301904832644,0.8402604658873265,combined_data.csv
101,132,5,low,low,0.1230005676118278,-0.0135448634240595,0.1399418486590941,0.1396179806086891,-0.1080188456135198,0.8692400860553989,0.7174744131845541,0.8491802074155894,0.7505167862419229,0.8280188456135198,combined_data.csv
101,139,5,low,low,0.1321102195468014,-0.030572584378343,0.1816375023505338,0.2125060562594377,-0.1471205653793342,0.8599223286852047,0.6051308602128542,0.8055519962760531,0.7177699908044797,0.838101997740077,combined_data.csv
101,140,5,low,low,0.1351616625995054,0.0436587317591363,0.1773916006556478,0.1803101684700663,-0.1193883772065295,0.8569309382466831,0.5801700998866333,0.8101293275859595,0.7395545202528785,0.8466611044792568,combined_data.csv
101,164,5,low,low,0.1215485829189932,-0.0738557372065867,0.1511011546516362,0.2055096801186103,-0.1278955513882183,0.8698955394284816,0.6848464824922673,0.8360946741652736,0.7080429335731584,0.8458442693369362,combined_data.csv
101,170,5,low,low,0.1220634140512773,-0.0148242732872901,0.1401285522246651,0.1985705244759806,-0.1552983028040132,0.8706171373370502,0.713676570077262,0.8495100845648418,0.7304507803404434,0.8329910310708257,combined_data.csv
101,176,5,low,low,0.1122188686132027,-0.0262234577354357,0.1168948180073118,0.1668084047661285,-0.1639800558652705,0.880356169316814,0.7460069797941183,0.8723485270490418,0.7508756736436376,0.8306467225319372,combined_data.csv
101,179,5,low,low,0.1103746577131137,-0.0285518715753948,0.1117442549087408,0.1376628765960399,-0.1566897015999621,0.8826332960391192,0.7820326456802684,0.8785250433352214,0.7513780893506894,0.8233563682666287,combined_data.csv
101,180,5,low,low,0.1273218179183128,-0.0018749615059239,0.1907313013438252,0.2151705405749894,-0.1343112893312184,0.8646122614211398,0.617796648999745,0.7959908545625022,0.6913932427253545,0.8143112893312183,combined_data.csv
101,182,5,low,low,0.118373661179379,0.0464882992119526,0.1380560317236694,0.1541588007696092,-0.1672168501225851,0.8738585785286468,0.6683667295024469,0.8511855089541167,0.7480315817968866,0.8338835167892518,combined_data.csv
101,200,5,low,low,0.1258702382012152,-0.0343513328199033,0.1675263488810324,0.159885395914532,-0.1276315432640167,0.8653618483726057,0.6673675612692105,0.8201244949779235,0.7256869015906293,0.8232837171770602,combined_data.csv
101,208,5,low,low,0.1204837028401246,-0.072627894217276,0.1409759094050803,0.1778216416512118,-0.1398597265904422,0.8715977697230145,0.7059769481793337,0.8472779270403812,0.7457541125016883,0.8295148990042354,combined_data.csv
104,114,5,low,low,0.115852014882441,-0.0356073824152848,0.1267057062394598,0.1666240905692916,-0.140836501850837,0.8731272705714274,0.6812399662612261,0.8583458342765153,0.7317920314007204,0.8528180686711135,combined_data.csv
104,124,5,low,low,0.1176858318549315,-0.0592039659131309,0.118390032613196,0.0923816702286317,-0.0261195991415237,0.8735695146579154,0.808370053582683,0.8701910323148457,0.7699200843165551,0.8155932833520501,combined_data.csv
104,126,5,low,low,0.1091597669889259,-0.0452543001690544,0.1113070453713221,0.1260749748419251,-0.1328978858625042,0.8824843226226617,0.778126967628886,0.878109348243171,0.7790907304487893,0.8328978858625042,combined_data.csv
104,128,5,low,low,0.1193685547548589,-0.0890457661278066,0.1095893964460076,0.1433561282423886,-0.2045990045313718,0.8719003969314929,0.739502457951949,0.8773714620485484,0.7608590175475334,0.8409626408950083,combined_data.csv
104,132,5,low,low,0.1161458984048372,-0.0911330743854945,0.1047555470645822,0.1107516444751038,-0.0692020265389982,0.8753516697533997,0.7998758606042247,0.8845392473549663,0.7867194464013134,0.8311067884437601,combined_data.csv
104,139,5,low,low,0.1074056950177603,-0.0942260524873815,0.1044102069854686,0.1280557436843092,-0.234085172354813,0.8820649500777055,0.7735976678476045,0.8791085727046531,0.7579053792422832,0.834085172354813,combined_data.csv
104,140,5,low,low,0.1112016778409439,-0.0541515937355402,0.1100038900053934,0.1270366404942615,-0.114159671997718,0.8803106924296994,0.7596654179958252,0.8799274706321515,0.7649243942239684,0.864159671997718,combined_data.csv
104,164,5,low,low,0.1084847060776351,-0.1291410971205097,0.1003505788791732,0.1528962576385771,-0.1246529562401033,0.8816404410797278,0.8128469918818763,0.88743244347087,0.7446450881549677,0.8659910685459575,combined_data.csv
104,170,5,low,low,0.110372123538694,-0.0482654041007741,0.0995430258397563,0.1558337229621104,-0.2086146689479395,0.8808792463282162,0.8056649005403687,0.8888275725891641,0.7622805054525765,0.8336146689479396,combined_data.csv
104,176,5,low,low,0.1019613454151802,-0.1174002929892777,0.1062962384935954,0.1078756450529044,-0.1886572509792914,0.8910379712200849,0.8006712131496619,0.8854168438879209,0.768985287242461,0.836172778929602,combined_data.csv
104,179,5,low,low,0.1125107243764634,-0.0455429586090871,0.116107374471933,0.141619269445837,-0.2124975853522122,0.8797290572584254,0.7306509553300862,0.8743017239003834,0.76394963296274,0.8196404424950694,combined_data.csv
104,180,5,low,low,0.1140649044072011,-0.0837598904835627,0.1140023649610051,0.137821984535526,-0.1611292856879118,0.8747225522861415,0.7746469621450124,0.8697344565114342,0.7491277310807755,0.8596141341727603,combined_data.csv
104,182,5,low,low,0.1155338635509017,-0.1125636923126089,0.1092379497133598,0.0744070035546027,-0.101143238182757,0.8757695184619058,0.7924695396860783,0.8778937980275726,0.7731885837941401,0.8364373558298159,combined_data.csv
104,200,5,low,low,0.1049311659440793,-0.0603905554659791,0.1073440952415785,0.0768800092776426,-0.0825789546361838,0.8835443803114071,0.8038798578113007,0.8764632993856052,0.7738657938197121,0.8325789546361838,combined_data.csv
104,208,5,low,low,0.1118991479277515,-0.1086565615385868,0.1006949997884344,0.1040183799750013,-0.063375241367561,0.8801575250958917,0.8012380692668561,0.8904958043829814,0.774724976899626,0.8252800032723229,combined_data.csv
114,124,5,low,low,0.1291491627935646,-0.0098519974414748,0.1258971415226647,0.2150255256813382,-0.0892298705818808,0.8628191187105791,0.7325235576515081,0.8626294266851293,0.7275466083320041,0.8511346324866427,combined_data.csv
114,126,5,low,low,0.1277351523059524,0.0109119598872321,0.1277065456592815,0.1661137947198936,-0.0867138651829603,0.8653831670429037,0.6378832593270954,0.8613890374439388,0.7065074734086475,0.8009995794686745,combined_data.csv
114,128,5,low,low,0.1276903155954953,-0.0044828523846462,0.172850406279188,0.1364163560127611,-0.0887765595182429,0.8640465134268722,0.5988790912923188,0.8142235449495324,0.7542688697252811,0.7864509781228941,combined_data.csv
114,132,5,low,low,0.1204480510182751,-0.063221375588638,0.1371687021915395,0.1775610056183925,-0.1107795796073225,0.8718032933678667,0.7146445007890484,0.8516173334570519,0.7405613087206191,0.8250652938930367,combined_data.csv
114,139,5,low,low,0.1096620507666045,-0.0909901518936141,0.0917930478954819,0.1374949847066006,-0.1341145101492971,0.8824897663528048,0.805687065855215,0.8972647199053893,0.8065708415708528,0.8437919295041358,combined_data.csv
114,140,5,low,low,0.1042004593312214,-0.0967498850289385,0.1040761458959891,0.1605776992720085,-0.1158536703482069,0.8869131272570829,0.7851934724921896,0.8861898856880123,0.7802092411107756,0.8301393846339211,combined_data.csv
114,164,5,low,low,0.1153448041682032,-0.0612784411673343,0.1343182721520133,0.1895504053547668,-0.1165570813315598,0.8741244293323805,0.71775810488606,0.8536079801984295,0.7564125487010797,0.8455780603525389,combined_data.csv
114,170,5,low,low,0.1292666470114872,0.0117813157993327,0.1424757496084575,0.2242093590065123,-0.1802175418574138,0.8621760670495098,0.6343014770155668,0.844861072094512,0.7231761520036812,0.8306288227034773,combined_data.csv
114,176,5,low,low,0.1371514429787386,0.0532308330106914,0.1781581613124044,0.2164225166237169,-0.1354341576047931,0.8559713784906349,0.6170042136533109,0.8119110355491491,0.6944931984440958,0.8354341576047932,combined_data.csv
114,179,5,low,low,0.1360499905017851,-0.0169098080939449,0.1994692603225789,0.1421705927111568,-0.1573329850113997,0.8570486422732346,0.6123090830202014,0.7911653573823918,0.7301708711193889,0.8338035732466937,combined_data.csv
114,180,5,low,low,0.1303493290374748,-0.0509160250927855,0.1406516389440678,0.1795743188987795,-0.1510822449982967,0.8611055510084821,0.7243661935585135,0.8485284643894591,0.7561353608280053,0.8510822449982967,combined_data.csv
114,182,5,low,low,0.1202150591743888,-0.0085014783512872,0.1406131265166901,0.162775152531451,-0.1280291453773808,0.8705655737151663,0.6937293382891683,0.8461203508344749,0.7225227425484705,0.8317328490810846,combined_data.csv
114,200,5,low,low,0.1230080994187123,-0.057249801080768,0.155610253962019,0.1210750526478405,-0.1336937538848077,0.8661505655312283,0.7171829528312975,0.8277071185496825,0.7412655298089266,0.8516424718335257,combined_data.csv
114,208,5,low,low,0.1253284155837806,-0.0897946241551097,0.1545591669082222,0.1853292742990079,-0.1471299096266216,0.8683547962672148,0.6980096828870606,0.8368741570274264,0.7454506991109705,0.8471299096266216,combined_data.csv
124,126,5,low,low,0.1089949750220562,-0.0823138545133874,0.1186470010258884,0.1308658002163876,-0.1202250680677607,0.8837431983788571,0.8098367162629412,0.8728613196483306,0.7653734642133626,0.834510782353475,combined_data.csv
124,128,5,low,low,0.1213469959161693,-0.0667808474987592,0.1354439134294837,0.1418856853613577,-0.1874379974588559,0.8707901819868576,0.7745491650091955,0.8538709212253025,0.7558152346222043,0.8410277410485996,combined_data.csv
124,132,5,low,low,0.1049369958679361,-0.0585501127490959,0.0969676559434821,0.1368512899692666,-0.0737922876691161,0.8880464910752844,0.801788070201672,0.893217118728195,0.7854620492433753,0.835697049573878,combined_data.csv
124,139,5,low,low,0.1239302900478073,-0.0640831088222577,0.1254291694710098,0.1669011974682622,-0.2210855902252833,0.8685941364493952,0.7487444836323194,0.8643996787087831,0.7640446394344332,0.8072924867770075,combined_data.csv
124,140,5,low,low,0.1179546640223737,-0.027312556528078,0.1119850910618625,0.1918353775581533,-0.088535067881982,0.8742112993904348,0.7560461373421294,0.8772295024452185,0.7571087047859837,0.8385350678819821,combined_data.csv
124,164,5,low,low,0.1134915806729901,-0.0953457215776356,0.1216163874915768,0.1746863856404302,-0.0798784442046578,0.8778633011356066,0.795617735628732,0.8685551255702761,0.77476868808506,0.8491092134354271,combined_data.csv
124,170,5,low,low,0.1157259211482546,-0.0087479057197236,0.1183948294620592,0.1789762839753205,-0.1768355451049154,0.8774774534765238,0.796966705669978,0.8714315469676654,0.7655846342965716,0.8290094581483937,combined_data.csv
124,176,5,low,low,0.1129075994421481,-0.0558082367272301,0.1232021610494572,0.1496564653164878,-0.1639739414083814,0.8806421253844058,0.7716854823501789,0.8685060617853033,0.7664183380892998,0.8457921232265633,combined_data.csv
124,179,5,low,low,0.1163229001584893,-0.0366832945370809,0.1198142674051994,0.129261433287726,-0.2136008231085817,0.8771184929135611,0.7376034210243085,0.8710808408213332,0.7432189173093511,0.8432304527382115,combined_data.csv
124,180,5,low,low,0.108671046360376,-0.0724864674049047,0.1157250769396042,0.1563818058317777,-0.1239169820775324,0.8830530274570799,0.8013801698622831,0.873894994317034,0.7821604659512846,0.8422663410518915,combined_data.csv
124,182,5,low,low,0.1123213014929337,-0.0767329948789993,0.0926481264306439,0.147047734773801,-0.0861007300314163,0.8807094869543577,0.8082475862407904,0.8979051903206928,0.7774464238017533,0.8361007300314164,combined_data.csv
124,200,5,low,low,0.1070916866698165,-0.0106113644169674,0.1042507235023828,0.1148879281641273,-0.1250487672479583,0.8840136761271884,0.7998505332942194,0.8844865309194798,0.7771995285043996,0.848685130884322,combined_data.csv
124,208,5,low,low,0.1155157385096516,-0.0349383365654774,0.1247161374620058,0.1853857030295156,-0.0938926545990138,0.8774025149061813,0.77116299797074,0.8675507698785976,0.765877729319983,0.8525133442541862,combined_data.csv
126,128,5,low,low,0.1171589012862004,-0.0280577784405466,0.1240803523585323,0.1472607666151421,-0.1759233890472865,0.8752098103879699,0.774535030618444,0.866246200759146,0.7737479271830204,0.8324569643648909,combined_data.csv
126,132,5,low,low,0.1111902172028047,-0.0893769721104483,0.1208386398551689,0.1192674769232474,-0.1433649140039862,0.8825655539954902,0.8089975508903996,0.8711949364477298,0.7769289208166201,0.8433649140039862,combined_data.csv
126,139,5,low,low,0.1186971740264725,0.0357428362275856,0.1361133159325932,0.1427391962073468,-0.1229411768941449,0.8744649720885062,0.6945895729453643,0.8549424522304874,0.7598433117571453,0.8229411768941449,combined_data.csv
126,140,5,low,low,0.1133670630950479,-0.0556624050461342,0.1154310837982516,0.1591996380371684,-0.1670590444847961,0.8797537493291145,0.7293568035379481,0.8755647729444589,0.7606233466539992,0.8337257111514629,combined_data.csv
126,164,5,low,low,0.1169078536193847,-0.0288106963827241,0.1097483283968999,0.1086300883955857,-0.1163367342985365,0.8757173293685838,0.7669085333378403,0.8817242998197864,0.76684463004009,0.8363367342985365,combined_data.csv
126,170,5,low,low,0.1113533590243742,-0.0817877204415753,0.1098581284283753,0.1506417216752642,-0.1656803363335198,0.881447495415827,0.8161847787447429,0.8799195428192204,0.7792995017853965,0.8323470030001864,combined_data.csv
126,176,5,low,low,0.1085245146512164,-0.0611214836618453,0.1100633588913445,0.1623966518479319,-0.1686823913986616,0.8851741189609742,0.8203682192910666,0.8822718148117924,0.7678312008254793,0.8353490580653282,combined_data.csv
126,179,5,low,low,0.1086742276513412,-0.0344522634855394,0.1050273964420072,0.1532551700346419,-0.1910929352259094,0.8848768767923582,0.7770800944717138,0.8872100520631284,0.7812358555108441,0.8422557259235839,combined_data.csv
126,180,5,low,low,0.1210504277078559,-0.0459492537680565,0.1229632113507188,0.1468030430098001,-0.1325509787081972,0.8718558751615983,0.7609168594305511,0.8691042850705359,0.777799098686033,0.8325509787081973,combined_data.csv
126,182,5,low,low,0.1042041116103844,-0.1171230003623993,0.1106541805721619,0.1589174875652613,-0.1350511016658213,0.8884932649469554,0.8241819409443244,0.8809130008626543,0.7698312026842011,0.8387548053695251,combined_data.csv
126,200,5,low,low,0.1120826034762955,-0.0718192759136703,0.1102786430761491,0.1579766414788275,-0.1441576430406743,0.8800746655557381,0.7846884569425554,0.880461116901843,0.759393332043734,0.8338128154544675,combined_data.csv
126,208,5,low,low,0.110329919374459,-0.0868629371566451,0.107960475842466,0.1263240207191672,-0.1748990751289152,0.8830626096099529,0.8089483578814733,0.8832060102434128,0.7934268341907349,0.8270729881723935,combined_data.csv
128,132,5,low,low,0.117130349903146,-0.095540871618054,0.1242102585025549,0.1567865809559674,-0.1887105818902883,0.8750714291031159,0.7696995399443504,0.8660439631894243,0.7725804437505529,0.8408844949337666,combined_data.csv
128,139,5,low,low,0.1352866675767775,0.0075161948934455,0.1916733802149507,0.1877563373518521,-0.1675360170716261,0.8572984729297789,0.6405736132097761,0.7961928109676517,0.7086126985369056,0.8342026837382926,combined_data.csv
128,140,5,low,low,0.1236552412425283,-0.060167828822073,0.1615526372574393,0.1664957645420731,-0.1748413021395083,0.8686702981783079,0.6675905093469034,0.8271626311227416,0.7426575354471965,0.8566594839576902,combined_data.csv
128,164,5,low,low,0.1174413965213532,-0.0726389926862823,0.1335066265694652,0.1393848597082142,-0.1824759967232616,0.8738502158136497,0.7546374547778382,0.8553355664130862,0.7663397684973058,0.8369852805428903,combined_data.csv
128,170,5,low,low,0.1095017279515473,-0.0696950718725809,0.1182813272001072,0.1268805054454105,-0.1452154996216443,0.882948369804794,0.7835300642743054,0.8724262100331541,0.7842081110121124,0.8327154996216444,combined_data.csv
128,176,5,low,low,0.1147249645788189,-0.0533565655990697,0.1186623801469831,0.1674563439983133,-0.1871944265743632,0.8785351497278563,0.8093314656480808,0.8717193990223313,0.7674689307701104,0.8402044600191794,combined_data.csv
128,179,5,low,low,0.1091113378565457,-0.0191619661113303,0.110389390709518,0.1254247829917442,-0.2054177600410709,0.8843524133922199,0.7922121538502949,0.8811957282543443,0.7854940184009152,0.8417813964047073,combined_data.csv
128,180,5,low,low,0.1229395925537255,-0.0705127652487473,0.143296419927263,0.1920309907065781,-0.1427332654137492,0.8685077747608831,0.7047408538188284,0.8445340732845548,0.7282974338145654,0.8366108164341575,combined_data.csv
128,182,5,low,low,0.1137105679195671,-0.0876074152827625,0.1129012741041843,0.1368637972817155,-0.2197407609586041,0.8786833370043869,0.7828558120283341,0.8763418598455781,0.7763299140103604,0.8561043973222405,combined_data.csv
128,200,5,low,low,0.1032700409934865,-0.0887880859245843,0.1006436002431353,0.1226324162665898,-0.2036618224774323,0.8872346925961831,0.7387480905066541,0.8865617265567649,0.7738420455525,0.8465189653345752,combined_data.csv
128,208,5,low,low,0.1175057781488684,-0.0882267114118794,0.1045481585199674,0.1245543647589423,-0.1885634002594427,0.8755449310491604,0.7806736458108042,0.8861657882354315,0.7792313461412653,0.8249270366230792,combined_data.csv
132,139,5,low,low,0.1228552632501392,-0.0303745232475664,0.1542555689182968,0.1755094125594004,-0.2254311822751818,0.8697879854851607,0.6967705637925171,0.8350919117646379,0.7485841543969736,0.852216896560896,combined_data.csv
132,140,5,low,low,0.1148383049767897,-0.0629376932413104,0.1461787993016456,0.1464030869585096,-0.1217316183594252,0.8776920964789587,0.7561744071027928,0.8448411203356546,0.7604686506570059,0.8717316183594253,combined_data.csv
132,164,5,low,low,0.1149682280094701,-0.0311846833741801,0.1071686901780193,0.1655894972200926,-0.086184340787082,0.8764149936995931,0.7560173437852212,0.8831313867925729,0.7660942064961281,0.8253147755696908,combined_data.csv
132,170,5,low,low,0.1087453080257906,-0.0803358222312903,0.1278382897522655,0.1512327166764246,-0.2096705129192039,0.8834736252271328,0.8076722070903756,0.8623916585985801,0.7556273290432638,0.8438168543826184,combined_data.csv
132,176,5,low,low,0.1093867714099255,-0.0779985151120984,0.0955686065507772,0.1342621704300191,-0.1585475577184717,0.8839812025760032,0.8094749628248826,0.8959445427409066,0.7757684144595203,0.8252142243851384,combined_data.csv
132,179,5,low,low,0.1190144402034499,-0.0792248098363435,0.1310089897178973,0.1235500690705255,-0.2447112183729896,0.8741908923986437,0.7782598513369525,0.8602757492802956,0.7709752056862735,0.8280445517063229,combined_data.csv
132,180,5,low,low,0.1187944372675905,-0.0407627197115354,0.1149365130723181,0.1459304984523171,-0.1363041071731741,0.8739186705763168,0.7504604731611939,0.8758208706374666,0.7632659322623565,0.8399626437585399,combined_data.csv
132,182,5,low,low,0.1119782483116205,-0.09984359973085,0.1117026555205213,0.0961072007614679,-0.1294546668406335,0.8806103631419987,0.8099698851059167,0.8791613796819635,0.7900258430079166,0.8331583705443373,combined_data.csv
132,200,5,low,low,0.1018139132769364,-0.0394910080373015,0.0911437916929801,0.1311930492949948,-0.1283832151506545,0.8900880860651794,0.7675357012806382,0.8970940276866247,0.7723125205050614,0.8297345665020059,combined_data.csv
132,208,5,low,low,0.1211893930037487,-0.1096131865350816,0.1165722041919679,0.1185043977093582,-0.0765745267772934,0.872366109195126,0.8306043735764578,0.8757637908560023,0.7868843853519425,0.8265745267772935,combined_data.csv
139,140,5,low,low,0.1150694184553139,-0.0607709497889686,0.1197240047420538,0.1704435701802158,-0.2115481827817891,0.8783586852121441,0.7896974413703174,0.8729408737318404,0.7608876596279249,0.8285694593775338,combined_data.csv
139,164,5,low,low,0.1203082713880995,-0.0666773749062336,0.1145411003659432,0.1737964764471261,-0.1353875115451127,0.8703348402850619,0.7490541658331542,0.8733050368449748,0.7797463844910715,0.8519053686879698,combined_data.csv
139,170,5,low,low,0.1218316223756832,-0.0365127254172671,0.1344752467795122,0.1837232706117901,-0.1608192581171392,0.8700779478364608,0.7108630253189999,0.8534256198533713,0.750829100767544,0.8408192581171392,combined_data.csv
139,176,5,low,low,0.1236049076768383,-0.0082835141936039,0.1604071645572659,0.2007249931712956,-0.1607920045112116,0.8700129242766025,0.6802817060176698,0.8308354227789773,0.7335489648143196,0.8059532948337924,combined_data.csv
139,179,5,low,low,0.1253445958376495,-0.04446640385602,0.1398108952161255,0.1438800066030137,-0.1887838955379525,0.8682519157104402,0.7033187959014782,0.8507289560708083,0.7343924776752591,0.8387838955379524,combined_data.csv
139,180,5,low,low,0.0967632676695819,-0.1614023659700617,0.0957781405994373,0.1587407081934388,-0.1483136271581627,0.8957586458864376,0.771031419617335,0.8953114841836005,0.7840887187129335,0.8149802938248294,combined_data.csv
139,182,5,low,low,0.1240396890107545,-0.080323389674475,0.1515812735066185,0.1328770236478635,-0.1989613464714754,0.8693221721736654,0.7228144148534141,0.8395972103746058,0.7596375346944587,0.8585358145565818,combined_data.csv
139,200,5,low,low,0.1257800770070107,-0.0015668872235903,0.1295614057770954,0.1462767627270973,-0.2191569542300422,0.8645241074994561,0.7322167148280766,0.8560040155077375,0.740904786715977,0.8555205905936787,combined_data.csv
139,208,5,low,low,0.1176520053821341,-0.0638603331265651,0.1288048464093202,0.1580460899060891,-0.1511173672869402,0.8762564528121577,0.7249706622522114,0.8631736577213853,0.7808978150071455,0.8022043238086793,combined_data.csv
140,164,5,low,low,0.1038609217848022,-0.1039946977277165,0.1025799720398574,0.149217858923159,-0.1230387026238156,0.8872791126714998,0.7710107395812786,0.8852819053727928,0.7694185045569423,0.850311429896543,combined_data.csv
140,170,5,low,low,0.1112758260305795,-0.0803258758817061,0.1224173498091183,0.1930056406697163,-0.1746853366042647,0.8812866975156045,0.7484504207417552,0.8669528987193961,0.7454924036465846,0.8413520032709315,combined_data.csv
140,176,5,low,low,0.1313402553184099,-0.0130424644023491,0.1298494096378438,0.1562352240566233,-0.192133755301172,0.8619236464061114,0.6790261058456266,0.8616219172528294,0.7492452923464188,0.8378866510540678,combined_data.csv
140,179,5,low,low,0.1206769506052269,-0.0452982031383208,0.1692316310495438,0.1778777281580275,-0.1862983021734041,0.872656585607999,0.6741627748001064,0.8225696166703632,0.7325758618414835,0.8401444560195581,combined_data.csv
140,180,5,low,low,0.1201182238442353,0.0161245810046356,0.1182677049149639,0.1928001299534155,-0.13838285382235,0.8719191487687161,0.7297416470998197,0.8719552999110529,0.768879711125461,0.8328272982667946,combined_data.csv
140,182,5,low,low,0.1158960264596908,-0.1077047125647214,0.115209511009792,0.1622464173796531,-0.137595597094447,0.8771786312087878,0.7651236654796991,0.8752650543889692,0.7520221567204799,0.8285770294551897,combined_data.csv
140,200,5,low,low,0.1148414212132623,-0.0686273720877298,0.117330705467216,0.1718037707642395,-0.1217646355214345,0.8756221630620541,0.7606479177375375,0.8687428576844837,0.7719757712625888,0.8439868577436569,combined_data.csv
140,208,5,low,low,0.1106188374222246,-0.041484873133752,0.136733236817617,0.1733838432130536,-0.1144492834757973,0.883818724184902,0.737572899759459,0.8571763131612772,0.7572705214900346,0.8417220107485246,combined_data.csv
164,170,5,low,low,0.1139419337911928,-0.0905408312240481,0.1158856275870701,0.1611779492263683,-0.1615112901203592,0.8778796494016654,0.7906198318639299,0.8728163828565518,0.7640709705092441,0.8365112901203593,combined_data.csv
164,176,5,low,low,0.1159662386579616,-0.0637330986434495,0.1135652528948933,0.1516482754322683,-0.1596362673889301,0.8764214883681662,0.7743591360554273,0.8775058077765633,0.7636742110748941,0.8519439596966224,combined_data.csv
164,179,5,low,low,0.1141133918970775,-0.0390324373158765,0.1157770683804424,0.1246581591301341,-0.2173923068974541,0.8788427988909129,0.7184998175619814,0.8749076252419974,0.7624981073246089,0.8390139285190759,combined_data.csv
164,180,5,low,low,0.1143307474062278,-0.0987694402054126,0.1205792741440747,0.1327256941490804,-0.1325773175661526,0.8778205146921156,0.7991572049077491,0.8700680163215726,0.788967832329542,0.8282294914791961,combined_data.csv
164,182,5,low,low,0.1100845799703011,-0.1317390913876505,0.1115415782904362,0.1197761427205374,-0.1079816833632343,0.8805393048513169,0.8124103816338528,0.8769317831521569,0.7821981800805963,0.8320831632786677,combined_data.csv
164,200,5,low,low,0.1059410200613094,-0.1125149220464539,0.1027966122611416,0.1259037349642111,-0.1198367330068423,0.8837797092146673,0.8095410647009952,0.8829682634145766,0.7811640317313322,0.8341224472925567,combined_data.csv
164,208,5,low,low,0.1121263509420299,-0.0515363352201228,0.1203063052977121,0.1813293628138541,-0.1003962531631108,0.8811398569770272,0.7995051930813318,0.8713219665291344,0.7640798475675171,0.8372383584262688,combined_data.csv
170,176,5,low,low,0.1115173297355043,-0.0380318096804054,0.1018642591280949,0.1349705039298862,-0.1827100544927316,0.8815145234092276,0.788960605848375,0.8890531796717013,0.7583223597067467,0.8548412020337153,combined_data.csv
170,179,5,low,low,0.1127921961664392,-0.06384454822967,0.1328940621184067,0.1070261675603314,-0.1730103775381297,0.8806469242872903,0.803286801473648,0.8590510120346427,0.7693053222095341,0.8315469629039833,combined_data.csv
170,180,5,low,low,0.1128140066404626,-0.0309566934223843,0.1249574287561774,0.1855696631734136,-0.1710291400208905,0.8797717982694503,0.7645826167381222,0.8650113141719096,0.7505115728042004,0.8376958066875573,combined_data.csv
170,182,5,low,low,0.1163667912438685,-0.0655065550847845,0.1244483972937214,0.1527656219589335,-0.1907754643319658,0.8767890817434765,0.7941602438458641,0.8670940511090821,0.7683423773550813,0.8336326071891086,combined_data.csv
170,200,5,low,low,0.1234481644384964,-0.0457483190615496,0.1220675567908232,0.1322773787279764,-0.1781306309855254,0.8682193595900477,0.7941278211678148,0.8664754725156026,0.7691708302515041,0.844797297652192,combined_data.csv
170,208,5,low,low,0.1068941304883995,-0.0504257581465977,0.1128362144449504,0.1537361100217739,-0.2027453531575511,0.8853596485108083,0.8015605950836371,0.8768332412815303,0.7645782650819499,0.8391089895211876,combined_data.csv
176,179,5,low,low,0.114077458671614,-0.0159249824805545,0.108967100739306,0.1341162970994474,-0.1701396180429613,0.8800102152605564,0.797802718626678,0.8838523953078342,0.7831578330945242,0.8368062847096279,combined_data.csv
176,180,5,low,low,0.1161595391459149,-0.0517998943619596,0.1028552284384841,0.1678348560034519,-0.1830407090443352,0.8770385957086159,0.723258362672146,0.8880915858858286,0.7582157476249052,0.8230407090443351,combined_data.csv
176,182,5,low,low,0.1161690055859959,-0.0895281888069725,0.12032670739702,0.150519380077283,-0.1586236874987865,0.8772385619591253,0.792387402524515,0.8710922732493748,0.7789789307746584,0.8386236874987865,combined_data.csv
176,200,5,low,low,0.1204472853331374,-0.0866605293143756,0.1157149780186673,0.1440153471543671,-0.1507367699632834,0.871782176387486,0.7791160469619206,0.8738950862959206,0.7561879131930586,0.8215701032966168,combined_data.csv
176,208,5,low,low,0.1141020567907771,-0.0493806794027843,0.1082933773713041,0.1618269041432801,-0.1895266160240996,0.8795268415396779,0.7890243565382804,0.8836775769914409,0.7598563616850047,0.8314680079654915,combined_data.csv
179,180,5,low,low,0.1190806601445346,-0.0736116623795108,0.1416406854740887,0.1390244574967959,-0.1945203371199108,0.8741154067148151,0.7173008610437974,0.8487547752390215,0.7540250993835035,0.8512167656913393,combined_data.csv
179,182,5,low,low,0.1152762521914708,-0.0684204534169893,0.119512370182747,0.1160989047121743,-0.190682589998218,0.8781629292511434,0.7575854829954007,0.8709153086712081,0.7701879383636873,0.8428565030416963,combined_data.csv
179,200,5,low,low,0.1260996407974923,-0.0715123235816319,0.1303974934940909,0.1382234021546384,-0.1725504084465317,0.8668059800087762,0.7573888983948505,0.8601172518883315,0.7680971940449037,0.8392170751131983,combined_data.csv
179,208,5,low,low,0.1148715299680475,-0.0429110548313709,0.1281024524424764,0.155199170996956,-0.2370365793297153,0.8789846795409559,0.7497913121744504,0.8646643304179855,0.7762455488110763,0.8457322315036284,combined_data.csv
180,182,5,low,low,0.1182435803662879,-0.0420728485999076,0.1165707432389175,0.2045788716847371,-0.1171636249412645,0.8742290468466851,0.7660218128363976,0.8743099892179317,0.733474232104806,0.8444363522139918,combined_data.csv
180,200,5,low,low,0.1109460719885842,-0.0941511974013695,0.1062607475961481,0.1649867580945798,-0.1747547082102962,0.8783125444914628,0.7930263697894007,0.8795778178973811,0.7717639150783873,0.8414213748769629,combined_data.csv
180,208,5,low,low,0.1168278614612881,-0.1277371049579289,0.1173819906782405,0.1815361958262764,-0.1711756830890822,0.8764621170372995,0.794958185257622,0.873874880809234,0.7571830884702795,0.837842349755749,combined_data.csv
182,200,5,low,low,0.1129776851018466,-0.095843016327858,0.1153219913490494,0.1312757903729152,-0.1229158554060337,0.8777636183286983,0.8032873103198532,0.8729921528025956,0.7801637313985865,0.8229158554060338,combined_data.csv
182,208,5,low,low,0.1203451443597779,-0.1090471413045953,0.1108185498528494,0.1449767653632493,-0.1569100002138135,0.8726426745992459,0.8009091448221255,0.8797859377236259,0.7693335143427777,0.8369100002138135,combined_data.csv
200,208,5,low,low,0.1112009665188299,-0.0851110635452352,0.0981845454621094,0.1177079558752119,-0.121248156704257,0.8800336637235235,0.7986050419556772,0.8914134429775908,0.7653611029481658,0.830253533048343,combined_data.csv
4,6,5,medium,medium,0.1171639169850811,-0.1137280644281848,0.1188237873165485,0.1522696994170308,-0.1691440393665713,0.8747166456507638,0.8072881757133265,0.871115010279457,0.7686144231143309,0.841763086985619,combined_data.csv
4,16,5,medium,medium,0.1161586319683278,-0.1048565801668939,0.1231920183322261,0.1635672710727953,-0.1644611103022565,0.8773787466217035,0.7793058325640437,0.8685682400037426,0.7728054328409265,0.8311277769689231,combined_data.csv
4,17,5,medium,medium,0.1201386633628095,-0.0788571516125026,0.1124636650366952,0.1583019136664191,-0.159469845883814,0.8727906930789493,0.7919158793463588,0.877266508936243,0.7629729023001092,0.8261365125504807,combined_data.csv
4,19,5,medium,medium,0.1210912477276702,-0.0717874699986645,0.1123212603549974,0.1214540661670602,-0.141342841636478,0.8702416926256548,0.7610535612620665,0.8768902735446099,0.7522474615652122,0.841342841636478,combined_data.csv
4,20,5,medium,medium,0.099418147830336,-0.0707296206342242,0.095064783356572,0.1239321733770462,-0.1458685026849131,0.8936796584070903,0.7787784839196377,0.8962674555064494,0.773890750429351,0.826777593594004,combined_data.csv
4,24,5,medium,medium,0.1161022949803721,-0.0559385546935816,0.1106859724753343,0.1692742561357934,-0.239459573405124,0.8768814054101283,0.816837063866112,0.8798389245761542,0.7566896691892834,0.839459573405124,combined_data.csv
4,25,5,medium,medium,0.1117454923841058,-0.0611055611593089,0.1100219259134701,0.1168266844395822,-0.1222023725597019,0.8824132120144749,0.7888902456650595,0.8836410238904596,0.7868648700382261,0.8364880868454161,combined_data.csv
4,32,5,medium,medium,0.1186642758136186,-0.0192739603552516,0.10694455641751,0.1913379048401815,-0.1419524952465579,0.8746271489303155,0.7835496994454976,0.8838964593727141,0.7516815685375554,0.8271659098807043,combined_data.csv
4,33,5,medium,medium,0.1120717671587872,-0.0857101441763951,0.1175730030110909,0.1585917357788798,-0.2029219012264702,0.8786473474547479,0.7812250162838693,0.8698420712090897,0.7537777625778591,0.8499807247558819,combined_data.csv
4,40,5,medium,medium,0.1105910214976271,-0.0992332493032639,0.1028089054850103,0.1321623389753727,-0.1688471374292723,0.8804665731320823,0.7780274370814095,0.8855283274756125,0.7713926272388554,0.8355138040959391,combined_data.csv
4,42,5,medium,medium,0.1325628570397035,-0.0193412792052251,0.1459489589226469,0.2258710063893099,-0.1429594156564972,0.8595920549506502,0.6174659369299424,0.8430420996617747,0.696424425204804,0.8629594156564973,combined_data.csv
4,51,5,medium,medium,0.1146605440241372,-0.0803371280278761,0.1177387063414483,0.1580941782178248,-0.1229009183871264,0.8788871530465155,0.7769552127186095,0.8738352900721928,0.7784733936692616,0.817345362831571,combined_data.csv
4,53,5,medium,medium,0.1123927818095571,-0.0485102901815979,0.1125313428820437,0.1365377003941816,-0.1298382867474801,0.8797145880148349,0.7969249997805709,0.8771773023186706,0.7463112076135863,0.8298382867474801,combined_data.csv
4,54,5,medium,medium,0.1136498867888962,-0.0213047513594071,0.098792813128116,0.1436748168520238,-0.2669408019744762,0.8743382504745985,0.78285800684316,0.8839380820805293,0.7678716683064182,0.8502741353078095,combined_data.csv
4,55,5,medium,medium,0.1206110453345552,-0.0955239478252314,0.1085267677575451,0.1800019317169489,-0.2663178699593714,0.8723018820939,0.7812345096377145,0.8822407117856731,0.7687215910238491,0.821873425514927,combined_data.csv
4,57,5,medium,medium,0.1076370548764977,-0.0889153771674818,0.1169807449795299,0.1766955998539437,-0.1091161071581408,0.8845909229129119,0.8143541447396578,0.8723254393854848,0.7628937753591302,0.8291161071581408,combined_data.csv
4,61,5,medium,medium,0.1070042989003658,-0.1186498806343985,0.1214525809559547,0.1803136011515796,-0.1258258767113786,0.8856812664158454,0.8096323896260509,0.8706982122778102,0.7569110974068469,0.8378074435316551,combined_data.csv
4,62,5,medium,medium,0.1089006853716773,-0.1176418738421548,0.1376296109012281,0.1496933347629866,-0.1116877816932079,0.8829264901797813,0.7438212859443989,0.8534119523986444,0.7596340108099584,0.8259734959789222,combined_data.csv
4,66,5,medium,medium,0.1254899133879868,-0.0550245080262237,0.1217854228601468,0.1702979978164482,-0.1276133973096829,0.8674376740628871,0.734389191712215,0.8682440491242052,0.7521982416881792,0.8418991115953971,combined_data.csv
4,70,5,medium,medium,0.1214430844732191,0.0020305440125856,0.1156405296509813,0.1456804001805498,-0.1248683697447315,0.8716949164593719,0.7355469223531843,0.8764757482693193,0.756540146595291,0.8391540840304458,combined_data.csv
4,73,5,medium,medium,0.1172840453454016,-0.0984818898074263,0.1234597449267108,0.1745416928795107,-0.1320349349371596,0.8739228763195083,0.8100501828677015,0.8654273134655341,0.7649074601819563,0.8361595140617388,combined_data.csv
4,75,5,medium,medium,0.1033809357552073,-0.0652719343601775,0.1027298438636334,0.1356259980630969,-0.1874829347980932,0.8873914566605923,0.8105712029327351,0.8839845368356852,0.7780614242789863,0.830340077655236,combined_data.csv
4,81,5,medium,medium,0.1210528659616198,-0.0340986964206695,0.1213276827412963,0.1304231201606014,-0.1272328005617627,0.8714571796873252,0.7446560796556911,0.8677091309500299,0.7855816130906292,0.8272328005617627,combined_data.csv
4,83,5,medium,medium,0.1091917054218818,-0.054118766980438,0.1133847107737434,0.1561601824335359,-0.1228471609284925,0.8830604965130251,0.7967161551046816,0.8763213445144062,0.7716047792066238,0.8301642340992242,combined_data.csv
4,84,5,medium,medium,0.1193835445087854,-0.0251581106573713,0.1221117834741496,0.1640738612785972,-0.1057913949755686,0.8739308561166783,0.7860081833808678,0.8691427288728701,0.7625716839344171,0.820077109261283,combined_data.csv
4,88,5,medium,medium,0.1091490420794392,-0.0456820219892892,0.1162100174434583,0.1085931840519234,-0.1712659175936608,0.8818689421733537,0.7432898291546608,0.8739373047734066,0.7771042948278784,0.8433089283463491,combined_data.csv
4,89,5,medium,medium,0.117816995445027,-0.0420396740355382,0.1128736514501499,0.154828696239146,-0.2052511496539162,0.874656158802716,0.7904148670007569,0.8767519246544118,0.7699686687424523,0.8215931409959075,combined_data.csv
4,91,5,medium,medium,0.1137801499866163,-0.0653374817402761,0.1140245435459719,0.1793925831543121,-0.3332200319777793,0.8788127162754645,0.7583697961912652,0.8763844242735657,0.7636115080149647,0.8540533653111126,combined_data.csv
4,97,5,medium,medium,0.112068925165656,-0.0425792008266709,0.1110371733700362,0.1668262404098782,-0.1405919495077228,0.8791359364565994,0.7960139929229596,0.8779481153246991,0.7793167306778075,0.8405919495077228,combined_data.csv
4,105,5,medium,medium,0.117202383371036,-0.0976525823411766,0.1087361256722991,0.1276107853561268,-0.1669400879096356,0.8768916770438867,0.7901703572514471,0.8831711684084721,0.7754351279817786,0.8478491788187266,combined_data.csv
4,108,5,medium,medium,0.1204067757363457,-0.0886053087466858,0.1277585469703739,0.1332244721520766,-0.0702300381391969,0.8732380652193208,0.7687448672700015,0.8652652724802863,0.7758862715691779,0.8202300381391969,combined_data.csv
4,115,5,medium,medium,0.1067158195340948,-0.0508266895849083,0.0973650238844617,0.1401752392160575,-0.1918758522152988,0.8844779483588106,0.8056277653059101,0.8902431582464294,0.7748310216290903,0.8457220060614528,combined_data.csv
4,117,5,medium,medium,0.1143986101448804,-0.0585441679636793,0.1035170521014483,0.1517913451325599,-0.2034711629624211,0.8776976049202407,0.7864991269294161,0.8859491397325072,0.778626926548925,0.8521198116110699,combined_data.csv
4,121,5,medium,medium,0.1128399145712254,-0.0854423947667797,0.1007633193043956,0.1547463644474789,-0.1565162522470433,0.8803247323614807,0.7861535739399776,0.8905387009785158,0.7790831879569399,0.7984576441884352,combined_data.csv
4,133,5,medium,medium,0.1140671035597936,-0.0643056626944511,0.1229679288337184,0.1472676678429189,-0.1318680686031145,0.8789424118755342,0.817513770212426,0.8679413410163801,0.7518288265334432,0.8215232410169077,combined_data.csv
4,135,5,medium,medium,0.109046317392689,-0.0603160704758475,0.1041271900034783,0.1789781300760268,-0.1425216695726214,0.87970824714193,0.8008512508145127,0.8810481130027508,0.7627053549993281,0.8508550029059548,combined_data.csv
4,142,5,medium,medium,0.1177216637446749,-0.1092049564869125,0.1231426858228434,0.1553188575155003,-0.1464232190297442,0.8754076669814536,0.8025994736443767,0.8679581830981612,0.7704324807816669,0.8363270651835903,combined_data.csv
4,143,5,medium,medium,0.1109234875036339,-0.0789482519481099,0.1115729394378226,0.1666717918651256,-0.2674640081668203,0.8804652300221287,0.7222734787126919,0.8764937580973264,0.7585050082059097,0.8424640081668203,combined_data.csv
4,145,5,medium,medium,0.1155918441074589,-0.0609236831054978,0.1078766924771311,0.1441736421225075,-0.1172254405271748,0.8774861571406377,0.8165760113504803,0.8848656638958007,0.770250872982907,0.8444981677999022,combined_data.csv
4,147,5,medium,medium,0.1087312257721486,-0.1119332643569747,0.0998355221118729,0.1522835590096154,-0.1595968209185566,0.8832030695488257,0.7981865767831998,0.8895988410669219,0.7716804433179077,0.8495006670724028,combined_data.csv
4,151,5,medium,medium,0.1283904162029626,-0.0452811064661182,0.133413008242109,0.1661173366249611,-0.1312286138086104,0.8664495690917606,0.7263375481812195,0.8595629184119427,0.7449681539324102,0.8297134622934589,combined_data.csv
4,155,5,medium,medium,0.1077056808997756,-0.0832881514807986,0.1251943051992754,0.1577300362478828,-0.1316382907398829,0.8838970734962257,0.8004688228874022,0.8630785256494891,0.7751618457953954,0.8134564725580649,combined_data.csv
4,158,5,medium,medium,0.1146825824901189,-0.0754481901094668,0.1155579527965955,0.152980487612321,-0.1924882257774974,0.878766657378027,0.8100894581782943,0.8756211070768543,0.7767747113659931,0.8328007257774974,combined_data.csv
4,166,5,medium,medium,0.1049837571079873,-0.0705794176609616,0.101948737806821,0.0827378593622364,-0.1300421833568784,0.8846585866893997,0.7868338202449356,0.8843135686019465,0.7700442245535215,0.8300421833568785,combined_data.csv
4,168,5,medium,medium,0.1150549682911806,-0.0418938023600053,0.1097370797834239,0.1650669228492775,-0.1616082137960387,0.876342726867756,0.8101433822847977,0.8792837818120935,0.7666810155920555,0.8282748804627055,combined_data.csv
4,169,5,medium,medium,0.117525510913191,-0.0407809794088003,0.1130768126153772,0.1392524981004254,-0.2138010444624083,0.8719262376337809,0.7832139466104091,0.8732443709117809,0.7760811048120647,0.8566581873195511,combined_data.csv
4,171,5,medium,medium,0.1186002129114387,-0.0490154916901537,0.0989734583507864,0.1492208548378387,-0.2828097388877824,0.8745535852439301,0.7872379996461918,0.8924291139315739,0.7681241485851602,0.8296847388877824,combined_data.csv
4,192,5,medium,medium,0.115321643218779,-0.0683153074208838,0.1071047957141778,0.1645202896671405,-0.1848958888382158,0.8761898056680687,0.8032555384248699,0.88168476202024,0.7767641562690055,0.8201508777517413,combined_data.csv
4,202,5,medium,medium,0.1166096204193644,-0.0719502003336262,0.1162550800112106,0.1234095001013213,-0.1561607824805841,0.874700091734731,0.7984117049878423,0.8709346525755929,0.7814597750563573,0.8361607824805841,combined_data.csv
4,203,5,medium,medium,0.1328030223099836,-0.0515022003905846,0.1737029854120395,0.2020173563229013,-0.1547258064645524,0.859108181743426,0.6491864865022487,0.8159074439295171,0.7021828292867844,0.8213924731312192,combined_data.csv
4,206,5,medium,medium,0.1061207417431389,-0.1110718548779062,0.1144715138199361,0.1580094208442728,-0.1468030692098665,0.887514363224457,0.8049867560629606,0.8775815601909667,0.7725437369038917,0.8239266213334187,combined_data.csv
4,207,5,medium,medium,0.0994718468217313,-0.0607973224213087,0.1051092515431388,0.1431034192460454,-0.1982697828369938,0.8931000661864403,0.7861922278911531,0.8851080878570021,0.7727905850263965,0.8377142272814383,combined_data.csv
4,210,5,medium,medium,0.1234981495514642,-0.0959323396123318,0.1321019524920614,0.1648690689167633,-0.1824464357597914,0.8702448011310531,0.7170061854616973,0.860371851593337,0.7385896578868603,0.8346203488032697,combined_data.csv
4,214,5,medium,medium,0.1115296751750489,-0.0741292159073916,0.1153183577497958,0.1683872444669384,-0.1409491373059914,0.8817566759258122,0.7805139883893117,0.8757908295805931,0.7585069443947128,0.8409491373059914,combined_data.csv
4,215,5,medium,medium,0.1160078404095358,-0.0250680353847385,0.1194362632097728,0.1203289667085723,-0.1315155738537218,0.8766038230925277,0.791331226862869,0.8711509069812694,0.7857316317204819,0.8315155738537219,combined_data.csv
6,16,5,medium,medium,0.1112084240354746,-0.0506489537803287,0.1115973389658367,0.1638308939223494,-0.1653061871078323,0.8821469456929794,0.7620039333424307,0.880077637882724,0.7612761795492977,0.8139737887908618,combined_data.csv
6,17,5,medium,medium,0.1163221894331509,-0.1171158646482588,0.1159116744545994,0.1801862714411616,-0.1946558844602508,0.8746973375716002,0.7929661976505693,0.8722679554767333,0.747855728922014,0.832837702642069,combined_data.csv
6,19,5,medium,medium,0.1196969093471079,-0.064521384208921,0.1106904586315767,0.1616597167698851,-0.121860641504063,0.8715148169431187,0.7831573605373069,0.877821279503943,0.7634286121710792,0.8255643452077668,combined_data.csv
6,20,5,medium,medium,0.1122317083265627,-0.0589973510267396,0.1265524702558548,0.1395781502129305,-0.1952005116959119,0.878566336959432,0.8011547685012734,0.8624761355396221,0.7727166174580007,0.8285338450292452,combined_data.csv
6,24,5,medium,medium,0.1130447014333679,-0.0669556890285707,0.1170718042708908,0.1310955677078725,-0.2184876383995093,0.879359500559324,0.7793119463169138,0.8736544079647843,0.791619247563744,0.8338722537841248,combined_data.csv
6,25,5,medium,medium,0.1092125730768095,-0.074737627269948,0.1054982682566374,0.1214325243931254,-0.0885553473100259,0.8838389059414319,0.7780446414133302,0.8865898808025244,0.792710754895434,0.8265416173329092,combined_data.csv
6,32,5,medium,medium,0.1123969804337789,-0.073779667026243,0.1038525467660255,0.1578841809604281,-0.1720336257081374,0.881125797682461,0.8003891388728319,0.8876362018368174,0.7837733617710223,0.8258797795542914,combined_data.csv
6,33,5,medium,medium,0.1088967216215358,-0.1075976481221875,0.10447795611427,0.1160377650903601,-0.1798735169511571,0.8809071674409346,0.7921271372563649,0.8831768385778644,0.7873720246284459,0.8361235169511572,combined_data.csv
6,40,5,medium,medium,0.1173379299219098,-0.0974782845099683,0.102034558864142,0.1243091936458729,-0.1631818074533927,0.8738623270295376,0.8007940575390956,0.8853265208403407,0.7838778985949295,0.8298484741200594,combined_data.csv
6,42,5,medium,medium,0.1306461619728641,0.0146961806274319,0.1575780551596803,0.15358044477592,-0.0918835067657671,0.8613163764286051,0.6425103014305018,0.8310719914813528,0.7430459592406189,0.850671385553646,combined_data.csv
6,51,5,medium,medium,0.1171437405815589,-0.0801786504383128,0.1329823851677926,0.1633339502015672,-0.1340670034337288,0.8765096486978026,0.789066191833707,0.8593894057934566,0.7469826293330455,0.8540670034337288,combined_data.csv
6,53,5,medium,medium,0.1126319036117907,-0.0414726350586098,0.1215842393159349,0.1199459757619048,-0.1335242778848865,0.8786152071742308,0.7717064155677213,0.8669032086751564,0.7744565061728785,0.8372279815885902,combined_data.csv
6,54,5,medium,medium,0.1003679589614422,-0.0830813082540985,0.1028201956435331,0.1136745229206436,-0.3430250515690816,0.8852980230021336,0.8130260557481959,0.8783498463080576,0.756868690882362,0.8497818083258384,combined_data.csv
6,55,5,medium,medium,0.1143026809463225,-0.0930071318697373,0.1218075745103992,0.1384763320890075,-0.3594048321403099,0.8791204860007584,0.8058414378202355,0.8695833632688643,0.782709129561894,0.8281548321403099,combined_data.csv
6,57,5,medium,medium,0.120896280492082,-0.0714989847944468,0.1107832539001228,0.1259746598872857,-0.0754224932989134,0.8720429128046943,0.7769576345979374,0.8801415123038532,0.7900114487136175,0.8354224932989134,combined_data.csv
6,61,5,medium,medium,0.1206178313653126,-0.1079223483683393,0.1377907447020002,0.1277624313744437,-0.1461283853381657,0.87250599715087,0.7820878398046085,0.8538375754429544,0.7746286017244206,0.8307874762472566,combined_data.csv
6,62,5,medium,medium,0.1071385734748207,-0.0854836817170006,0.1155233417940004,0.1405924776327248,-0.0645003108257734,0.8859138917481622,0.783686098502963,0.8748636220998948,0.7775885554768067,0.8145003108257735,combined_data.csv
6,66,5,medium,medium,0.1148308470949822,-0.1272947392323609,0.1035892720341152,0.0956812868839661,-0.0549387672664083,0.8763602248588238,0.7846858037268045,0.8856640875528764,0.780531044449536,0.8137266460542871,combined_data.csv
6,70,5,medium,medium,0.1147598214852183,-0.0926990976417218,0.1148463902413793,0.1389003464101609,-0.0872340224635445,0.8771181042814411,0.7695369536340864,0.874770962621871,0.7821717684925286,0.8599612951908173,combined_data.csv
6,73,5,medium,medium,0.1133885498803208,-0.1045131695857638,0.1132829673036283,0.1358466293182999,-0.124123901131896,0.8778443401964675,0.795851971091703,0.8744550922766929,0.7663222699137325,0.8384096154176104,combined_data.csv
6,75,5,medium,medium,0.1153384133567712,-0.0646710038186516,0.1025871700455861,0.1283948691235885,-0.1950476928650764,0.8742696708544708,0.7873673070197846,0.8821264646072856,0.7432913363617912,0.8178925204512832,combined_data.csv
6,81,5,medium,medium,0.1170128181787244,-0.0906095417328715,0.0952584677361585,0.1417497320242632,-0.0922292726759409,0.8759130659923442,0.7777075985754421,0.8963437700153125,0.7779981569618881,0.8282973841310494,combined_data.csv
6,83,5,medium,medium,0.1101815316130608,-0.0672557576279404,0.1177365842889694,0.1164655463540076,-0.0973557411412887,0.8819173387890962,0.7612093480113019,0.872248856065091,0.7634369597160876,0.8341978464044467,combined_data.csv
6,84,5,medium,medium,0.1139762679609613,-0.1042023553625386,0.1146930958808041,0.103196043404199,-0.0817045781770473,0.8789952806796693,0.832613648845417,0.87527741131374,0.7740497961775866,0.8124738089462782,combined_data.csv
6,88,5,medium,medium,0.1238358373099243,-0.0744732113711198,0.1294966753302175,0.1429029094502737,-0.0558602145723785,0.8663420010347153,0.7589035258455596,0.8562085637150914,0.7654479447575128,0.8475268812390452,combined_data.csv
6,89,5,medium,medium,0.1211748724478768,-0.0861639862669993,0.117518514584214,0.1530228574898146,-0.2147596571185531,0.8709008585567154,0.7897636179179228,0.8717277647459182,0.7470663072094358,0.8327967923970677,combined_data.csv
6,91,5,medium,medium,0.12359923926116,-0.0125716284871996,0.1171756739778677,0.1124902533771728,-0.3250840617677396,0.8686330496500183,0.7880640521267105,0.8730605506890365,0.7796429660564992,0.8367119687444838,combined_data.csv
6,97,5,medium,medium,0.1183848902573818,-0.1076333831137199,0.12091895947408,0.1068095794432877,-0.0845323066144326,0.8735864129892502,0.8043707006995795,0.8690573311858991,0.7870693964127008,0.8345323066144327,combined_data.csv
6,105,5,medium,medium,0.1163946434791828,-0.0859432758959621,0.1128679183766868,0.1444060397012426,-0.1253847394476819,0.8777622881614671,0.7981208261166277,0.8804890105971535,0.7748113669067646,0.8366942632572056,combined_data.csv
6,108,5,medium,medium,0.1106127072437143,-0.0394608351729106,0.10270754455649,0.1102280117263531,-0.1117759499972129,0.882197593834101,0.7921629948413018,0.8884322778586412,0.7734294899915505,0.8509063847798217,combined_data.csv
6,115,5,medium,medium,0.1121244639878417,-0.0983571605979743,0.1125181067256807,0.1344515417078828,-0.1460352899148891,0.8795159005132724,0.7899369825633987,0.8757922715912628,0.7813344780656024,0.8234546447535989,combined_data.csv
6,117,5,medium,medium,0.1045731235051354,-0.0682387351832397,0.0994302681392851,0.1307436793362039,-0.1625580695444247,0.8861803460758158,0.8057163217385637,0.8872965603759496,0.7607425887691449,0.8077193598670055,combined_data.csv
6,121,5,medium,medium,0.1126471508913166,-0.0892108568527015,0.1099263989093392,0.1363221867582276,-0.169893058156222,0.8810877890617369,0.8067470495851076,0.8828359105766908,0.7692319296099643,0.8425121057752697,combined_data.csv
6,133,5,medium,medium,0.1109737977434786,-0.0770133509589514,0.1113027071382709,0.1361298113247994,-0.0721691157867558,0.8811165211083387,0.782258339537808,0.8792261026557724,0.7761583019568637,0.8221691157867559,combined_data.csv
6,135,5,medium,medium,0.1149009227364207,-0.0677329309200993,0.100383538513007,0.1309595358212004,-0.0519833207697653,0.8741891373413554,0.7810091931082184,0.883562707498066,0.7654178074576409,0.8297610985475432,combined_data.csv
6,142,5,medium,medium,0.1139445362958362,-0.0482851445304056,0.1038733200477888,0.1013887574856513,-0.1749699711907885,0.8787460010369511,0.7657929569614341,0.8873414421406867,0.7767538899948281,0.8416366378574551,combined_data.csv
6,143,5,medium,medium,0.1243343060514513,-0.0465012459796232,0.1353406268916426,0.1504475354097995,-0.2958057596414023,0.8662596231354323,0.6905573813933685,0.8529064496448591,0.7494613362810696,0.8561087899444326,combined_data.csv
6,145,5,medium,medium,0.1179552675664765,-0.0940058832776696,0.1321460624786028,0.1238016080787736,-0.0908227947912772,0.8751197929633099,0.812126587988916,0.8608162420266492,0.7760508466731295,0.8408227947912772,combined_data.csv
6,147,5,medium,medium,0.1130427538366338,-0.0547817164277013,0.0897252770773016,0.1698098749616208,-0.0576861892714355,0.8788564189613793,0.8010687022254774,0.9005023016290388,0.7625576334768234,0.8354639670492134,combined_data.csv
6,151,5,medium,medium,0.1212915297490434,-0.0324205005303026,0.1456142736112324,0.1273424655135347,-0.1280114317656421,0.872901644435717,0.6773031525863027,0.8477760623503239,0.7524815301762263,0.8363447650989755,combined_data.csv
6,155,5,medium,medium,0.1231446256083876,-0.0955467711517297,0.1118254758501429,0.1162474739633817,-0.0843697999147299,0.8681225306504434,0.7984822674049998,0.8780299611396898,0.7742079127346427,0.8343697999147299,combined_data.csv
6,158,5,medium,medium,0.1190969478969243,-0.1063238385070939,0.1144094563152893,0.1625239095368896,-0.2810617017345516,0.8736077909115765,0.7959479004494199,0.8748244626019954,0.7636579833945569,0.8451642658371157,combined_data.csv
6,166,5,medium,medium,0.1114610551235981,-0.1244658290536419,0.1036567646313804,0.0961432008505225,-0.0906709927267837,0.8789135319372001,0.796871490792933,0.8844551510268752,0.7743786375393309,0.8406709927267837,combined_data.csv
6,168,5,medium,medium,0.1133691023670485,-0.0796685710092878,0.1224449146716167,0.091512087829821,-0.1136427027419906,0.8786165712611076,0.7963793912307944,0.8677983519768275,0.7733686226539686,0.8543834434827313,combined_data.csv
6,169,5,medium,medium,0.1091835347984172,-0.0712834668914099,0.0911771676776469,0.1150111551395776,-0.1899089273759456,0.8800775871134136,0.789729815962245,0.891957897767811,0.7771160467168299,0.7986045795498588,combined_data.csv
6,171,5,medium,medium,0.1296527004571247,-0.0658565181345621,0.109877698125513,0.127720117514185,-0.2645032212729551,0.8635336359210632,0.7776658399600945,0.8820187626252776,0.7739505801777492,0.8156087698753748,combined_data.csv
6,192,5,medium,medium,0.1116219116487786,0.013128515767141,0.0990520630002276,0.1682442750226905,-0.2922023138482473,0.8801090080062799,0.7842868739590687,0.8896378836109735,0.7590826347610867,0.8477578694038029,combined_data.csv
6,202,5,medium,medium,0.125705783704202,-0.1016286371847672,0.1146013263666139,0.1454244733048676,-0.1257395005849708,0.8661340949128014,0.8021711590821432,0.8746956762283746,0.7647912658134197,0.8462046168640406,combined_data.csv
6,203,5,medium,medium,0.1338751023554828,0.0119781607992111,0.1951598992111527,0.2506553929935848,-0.1369144119923782,0.8584460376517415,0.5767199899843318,0.7967133356852576,0.6499941722846352,0.8512001262780924,combined_data.csv
6,206,5,medium,medium,0.1226932851692963,-0.0490028333131193,0.1106168901872685,0.1454256464127834,-0.1375404076642369,0.8709735021035435,0.7518872528216881,0.8823918683081988,0.7472409518183731,0.8375404076642369,combined_data.csv
6,207,5,medium,medium,0.1150649192107311,-0.0937263809967104,0.1096357226499844,0.1036309565210154,-0.2587981002372581,0.877186205660133,0.7955944027134917,0.8802502116353117,0.7942135708117808,0.8513906928298507,combined_data.csv
6,210,5,medium,medium,0.1138019366753846,-0.0697759653290692,0.0996883913210456,0.1502741714902918,-0.1147850189652317,0.8792518147590518,0.7639993822996756,0.8933931158358793,0.761317079735745,0.8516271242283897,combined_data.csv
6,214,5,medium,medium,0.1152498478476501,-0.0370492389695658,0.1217336963108548,0.1530102469973432,-0.1160908551927475,0.877883290820671,0.732841288994333,0.8692844182639233,0.744256805601573,0.8360908551927475,combined_data.csv
6,215,5,medium,medium,0.1144101008266309,-0.0829488763062342,0.1163684626279706,0.1111306863633099,-0.1300212094190412,0.8772963274672201,0.8011338645308194,0.8726467844383521,0.7856496772220942,0.8443069237047555,combined_data.csv
16,17,5,medium,medium,0.1103599105589622,-0.1087066257004446,0.1128194704158314,0.1661444461329847,-0.1815125130773243,0.882777107360685,0.796792172553462,0.8778805697775011,0.7786875656318801,0.8400490984431779,combined_data.csv
16,19,5,medium,medium,0.1240167466566789,-0.0531788272159298,0.1358544431988197,0.1429442826268607,-0.1867884343317293,0.8686043244020638,0.7222147676562357,0.8537455192116291,0.7654287297239856,0.8308562309418989,combined_data.csv
16,20,5,medium,medium,0.1176120769108354,-0.0850033568226418,0.1345667864058394,0.1516891966550525,-0.1908273575739156,0.8755456744939265,0.7767598368215319,0.8559325347986251,0.7850407477898689,0.8290091757557339,combined_data.csv
16,24,5,medium,medium,0.1202971411461922,-0.0490537514584376,0.1033793283752062,0.2049731029418255,-0.2435518663166758,0.8735892294872043,0.7709854808062392,0.8879765225466549,0.7417382269737862,0.8435518663166758,combined_data.csv
16,25,5,medium,medium,0.1093589806855744,-0.0801473244019049,0.1204618890472329,0.1465167808883192,-0.1860012038181022,0.8841523871619366,0.8074301979480235,0.8717411128333405,0.7899532991767801,0.8411736176112057,combined_data.csv
16,32,5,medium,medium,0.109600850271279,-0.0598071662085935,0.1168477741312329,0.1804924489202141,-0.186369823568687,0.8840080967063043,0.7706219673640813,0.8750707979457142,0.7705411747851759,0.8001845802405866,combined_data.csv
16,33,5,medium,medium,0.1171773999373312,-0.0250697082558507,0.1422512134349411,0.1572173721825125,-0.1993264429176633,0.8752170339535935,0.7254453781833059,0.8473786259076026,0.739250182991777,0.8444877332402441,combined_data.csv
16,40,5,medium,medium,0.1135241701851694,-0.0952358399304771,0.1203797675370289,0.1787212850933578,-0.2225290924257044,0.8786503500559878,0.769484111047049,0.8678995253638702,0.7673266632143871,0.8555257254223374,combined_data.csv
16,42,5,medium,medium,0.1356700576121611,-0.0112850958581784,0.2011309888264455,0.2144578000863939,-0.2364907881769699,0.8575660019589392,0.5548748326139286,0.7896996671973043,0.7167869358582868,0.8764907881769698,combined_data.csv
16,51,5,medium,medium,0.124153704558524,-0.0510683264073842,0.1409452394082365,0.1571741062721121,-0.1823861509222355,0.8702282751653673,0.7071083922394499,0.8513605404269148,0.7628247938385817,0.8490528175889023,combined_data.csv
16,53,5,medium,medium,0.1179720205662531,-0.034745422796712,0.1339431121168387,0.1168400786182275,-0.1759933345269573,0.8747251764271617,0.6811462068226618,0.855078565142916,0.755744319521761,0.8281672475704356,combined_data.csv
16,54,5,medium,medium,0.1110577948870175,-0.0388650049005584,0.1028831462363778,0.0992743389989847,-0.2193717302693353,0.8788836321035143,0.8072353681371008,0.881414209535226,0.7796513592281147,0.8344510953487003,combined_data.csv
16,55,5,medium,medium,0.116125540029099,-0.0820961412528835,0.1228707041843448,0.1666744947710637,-0.238545548481165,0.8773722156244874,0.7989958455971713,0.8682274385862269,0.7756132284790485,0.838545548481165,combined_data.csv
16,57,5,medium,medium,0.126073749873973,-0.0457114334734092,0.1437707553003897,0.2139634036528169,-0.1788476714036654,0.8676691443144491,0.7469211952553998,0.8477981054151092,0.7379094858902242,0.8455143380703322,combined_data.csv
16,61,5,medium,medium,0.1124701205055441,-0.0802605613450441,0.1054278631066126,0.1339383835070022,-0.1745324420468863,0.8807536946772786,0.7990308756000827,0.8862109185690639,0.7758668806542659,0.821591265576298,combined_data.csv
16,62,5,medium,medium,0.1302941503686142,-0.0337255944867141,0.1538330751214068,0.1687305869068713,-0.1973927080564623,0.8631731084090981,0.6345673202979655,0.8368234565261827,0.7368451122431188,0.8428900198844194,combined_data.csv
16,66,5,medium,medium,0.1327629272474402,0.0081779061272977,0.1684830228232419,0.1511311403245819,-0.1540348736394416,0.860376393229284,0.6580500069048778,0.8200622075904499,0.755190153631175,0.8439387197932878,combined_data.csv
16,70,5,medium,medium,0.1291616095834636,-0.0692962220036055,0.1483777672193588,0.1475677717712821,-0.178920978442692,0.8641723047686388,0.6736256340028187,0.8423783502608541,0.7297356709828204,0.8455876451093587,combined_data.csv
16,73,5,medium,medium,0.1126735477796712,-0.0640682916991992,0.1078158717385688,0.1717169440081156,-0.2041493377592681,0.8799311254125033,0.7945873045131921,0.8824790369724008,0.763277447069526,0.8291493377592681,combined_data.csv
16,75,5,medium,medium,0.1210299090724758,-0.0904994639556816,0.1158393269660733,0.1249421118601763,-0.2072623387747388,0.8713610427321407,0.7700537186934607,0.872485970287219,0.7610772756052402,0.8472623387747388,combined_data.csv
16,81,5,medium,medium,0.1211650997727917,-0.1401830537187671,0.1436281259427468,0.234874744771258,-0.1865077441449346,0.8718485337120297,0.7282600087971793,0.8457975058693195,0.7045359258334016,0.8386816571884129,combined_data.csv
16,83,5,medium,medium,0.1116277541733214,-0.0557727722423371,0.1085260756306958,0.1426791852269399,-0.1505384601170103,0.881051670061771,0.7954224078203354,0.8816442916350717,0.764252207142122,0.8428461524247026,combined_data.csv
16,84,5,medium,medium,0.1051767246732628,-0.0963914152228307,0.11915356644295,0.1259233023732271,-0.1715376788310199,0.8884691806732634,0.8038322454457829,0.8721143222240454,0.7747301628249054,0.8252108422493107,combined_data.csv
16,88,5,medium,medium,0.126491425652679,-0.0511659290155031,0.1554257251578762,0.1446057623832926,-0.2004693009444733,0.8659868943020717,0.6443783194237707,0.8350149521519545,0.7601092465242755,0.8368329373081098,combined_data.csv
16,89,5,medium,medium,0.1097902515324513,-0.1498252356200715,0.1099788106434422,0.1555840598079136,-0.2396369716904913,0.8834708498487557,0.8014198919977265,0.8815861957381406,0.7735201362568871,0.8507480828016025,combined_data.csv
16,91,5,medium,medium,0.1213281033546489,-0.0348353292338969,0.132292425655834,0.1979118318932398,-0.2192184458081022,0.8718900120389073,0.704727889436582,0.8579565223541803,0.7453601149690665,0.8289745433690778,combined_data.csv
16,97,5,medium,medium,0.1100932442705915,-0.0790069535713906,0.1130423962218127,0.1465906445360452,-0.1760464364049477,0.8828736627962298,0.7729554990727576,0.877956467259882,0.7537752307824327,0.8427131030716144,combined_data.csv
16,105,5,medium,medium,0.1204917630551902,-0.0405539072970907,0.1434723236910924,0.1267939037349803,-0.1637458720252983,0.8740164397424641,0.7279851358225027,0.8487104443941049,0.7668741639690229,0.830412538691965,combined_data.csv
16,108,5,medium,medium,0.1253229039677684,-0.0804787129685435,0.1296609796325535,0.1979130113316997,-0.1801278216943616,0.8687847301204622,0.7332064969603618,0.8611833564080292,0.7359094118607374,0.8594135359800759,combined_data.csv
16,115,5,medium,medium,0.1031193272334559,-0.1224951770308813,0.0955387897414153,0.1652027091429004,-0.1884312660023674,0.8897421792535751,0.799752128477373,0.8947092522189772,0.7667925560744768,0.8406051790458458,combined_data.csv
16,117,5,medium,medium,0.1117852033631492,-0.0850385939986727,0.105879744651222,0.1778469766303133,-0.1847666409811444,0.8809852123553445,0.795761824689369,0.8846851673838693,0.7497858140751847,0.8369405540246228,combined_data.csv
16,121,5,medium,medium,0.1294526056630818,-0.0787333778245289,0.1387985332152994,0.1700282678879723,-0.1807959198376044,0.8638697088901298,0.7491134499990856,0.8521896980178044,0.7601677606807904,0.8236530626947473,combined_data.csv
16,133,5,medium,medium,0.1097891454259891,-0.1213903807118174,0.1285922428196099,0.1745944276196687,-0.1904988329925833,0.8840170033725409,0.8034367925777683,0.8638107047580249,0.7691385752886818,0.8571654996592499,combined_data.csv
16,135,5,medium,medium,0.10900561236455,-0.1733861170895261,0.1070337143783793,0.1672470104622451,-0.1651394510914346,0.8829723921322593,0.8122598768400469,0.8830029046966688,0.7798742937769798,0.8460485420005256,combined_data.csv
16,142,5,medium,medium,0.115915291641966,-0.0648493022393543,0.1099194093421304,0.1310251667189865,-0.1745718490104528,0.8776331087722128,0.7990270190859226,0.8826057369997377,0.7773979462347927,0.8216306725398647,combined_data.csv
16,143,5,medium,medium,0.1373923041354904,-0.059814961193241,0.1861752207720601,0.1792621655302956,-0.3068792002197803,0.855127083115421,0.664197282828703,0.8026817164973405,0.7190670418796594,0.8750610184015986,combined_data.csv
16,145,5,medium,medium,0.1158445988817779,-0.048136135923279,0.1250964563703751,0.149508313391536,-0.1945942127510307,0.877697978026822,0.7799833337701394,0.8662940316394228,0.7581133109216779,0.8298492016645562,combined_data.csv
16,147,5,medium,medium,0.1100507040360653,-0.075692768281918,0.1291503941636651,0.2024684951345117,-0.1769778140790027,0.8828328796876398,0.7615330031673722,0.8620612194623315,0.7517694057371592,0.8436444807456693,combined_data.csv
16,151,5,medium,medium,0.1098558621559202,-0.1074689109904192,0.119456808207556,0.1299269136976681,-0.1952456561714202,0.8844041127494793,0.7836924158547629,0.8735816042212741,0.7629912877590646,0.8367550901336844,combined_data.csv
16,155,5,medium,medium,0.1132954657352997,-0.0241762023799028,0.125982189663716,0.1412778289441176,-0.1974869388088392,0.8795866537403629,0.7519667231181956,0.8639264874776189,0.7566580412780104,0.8360803194234965,combined_data.csv
16,158,5,medium,medium,0.1183417725851925,-0.1083336297110852,0.1029908160829006,0.1516391722224266,-0.1809181768943508,0.8752970560560492,0.7773980690972546,0.889233290206241,0.789671259811816,0.8354274607139796,combined_data.csv
16,166,5,medium,medium,0.1090730059453135,-0.0423756349582632,0.1087976253095979,0.1045951191289989,-0.1616317595456732,0.882526616689782,0.7783011165772086,0.8807476038513724,0.7680242096667035,0.8468451741798195,combined_data.csv
16,168,5,medium,medium,0.1180327300547585,-0.107711422382648,0.124361152060648,0.1305308860292604,-0.214406418212572,0.8752393519025199,0.7944702944275019,0.8655203195987412,0.7653708138652102,0.839406418212572,combined_data.csv
16,169,5,medium,medium,0.1196257430222151,-0.0813446083887736,0.1225200679307462,0.1807557454218369,-0.1617726486626856,0.8716685910474335,0.8069182347435553,0.8666999833805319,0.7575309919583298,0.8196673855047909,combined_data.csv
16,171,5,medium,medium,0.1161482109160186,-0.0535455128721391,0.1225178820426726,0.1707761081506432,-0.2332128896994096,0.8777266518953504,0.7300772799488815,0.8691567111038008,0.7642461742952404,0.8269628896994097,combined_data.csv
16,192,5,medium,medium,0.1133896765494382,-0.1154286890171725,0.1358384190246784,0.1564024272355252,-0.2188720340916399,0.8789147077090204,0.7378265046605692,0.8543457782893361,0.764125307142657,0.8071073282092869,combined_data.csv
16,202,5,medium,medium,0.1163970620293344,-0.1064229783688525,0.1116588018766345,0.1569000863102985,-0.1982361997651511,0.876176336061164,0.7705026712952202,0.8790919588131394,0.75495040343352,0.8452950232945629,combined_data.csv
16,203,5,medium,medium,0.1362230640249587,-0.0209700228323779,0.2120326818402995,0.2152587758717158,-0.146837328125397,0.8563065743675811,0.5742536411207644,0.776183180073736,0.6437217885133688,0.7832009644890334,combined_data.csv
16,206,5,medium,medium,0.1107692415957654,-0.0728036106911401,0.1195910482600873,0.1389573339120213,-0.1360714267708812,0.8827378485231865,0.8105022112193406,0.8727096579957483,0.7702025806122551,0.8317236006839247,combined_data.csv
16,207,5,medium,medium,0.1108247173378451,-0.1410937530270062,0.1055999547316549,0.1717170139893084,-0.2139352475327574,0.8826571142884844,0.7912537410802996,0.8848989462589234,0.7648494104641995,0.8346249027051711,combined_data.csv
16,210,5,medium,medium,0.1322012494579113,-0.1118087089116168,0.133447803852644,0.1525809341495455,-0.1849490635559141,0.8613843357907073,0.6932906407439068,0.8575553604274467,0.7766560262948561,0.8345654318423592,combined_data.csv
16,214,5,medium,medium,0.1160010613440944,-0.0605233802729004,0.1133185999764918,0.1573904559782376,-0.152620003066404,0.8770881177952271,0.7948665160404143,0.8789211493796257,0.7588120697190913,0.8326200030664039,combined_data.csv
16,215,5,medium,medium,0.1156000632041108,-0.0683044524325915,0.1234331585308283,0.1400485461668404,-0.1749220226189232,0.8777603922020963,0.7623026229067595,0.8675878278368786,0.7651390126127497,0.8300944364120266,combined_data.csv
17,19,5,medium,medium,0.131764445754379,-0.0166946461528691,0.1375456742352968,0.1582970895649944,-0.1471564255954659,0.8584876711869174,0.7550674760225268,0.8500530997532347,0.7704103860150014,0.8138230922621326,combined_data.csv
17,20,5,medium,medium,0.1167411024239705,-0.0251745576896366,0.1151549106484167,0.1338176723643257,-0.1462180968037925,0.8747258310839577,0.8021854285317641,0.872948145531879,0.7863869235118154,0.8254633798226604,combined_data.csv
17,24,5,medium,medium,0.1136024727998535,-0.1010425423515753,0.1134225422950524,0.1522005253880904,-0.1839014597862366,0.8793763651239871,0.8082802516248492,0.8765113265664902,0.7800673840863158,0.8254108937485009,combined_data.csv
17,25,5,medium,medium,0.1168429414467494,-0.0856512229512479,0.0977642430649825,0.1462777399243325,-0.1560895086692131,0.8755610337058042,0.7912214217560752,0.8917404969107784,0.7849811153770481,0.8315341051124416,combined_data.csv
17,32,5,medium,medium,0.1083140892841043,-0.1083464595460569,0.1088002310444496,0.169079353683844,-0.1585719648455346,0.8857256673935348,0.8008249206402455,0.88229875395092,0.773956064792596,0.8482271372593277,combined_data.csv
17,33,5,medium,medium,0.1102594682964495,-0.0605543802987419,0.1227641363728462,0.103590339725927,-0.2193680212057385,0.8785365077215601,0.765382618126257,0.8605419410721931,0.7798019449903371,0.8443680212057385,combined_data.csv
17,40,5,medium,medium,0.1067050503975385,-0.0428753066435501,0.1062541783293153,0.1979045390852881,-0.1699522998187694,0.8837311134066919,0.7628407830917544,0.8814551217391127,0.7484646707571416,0.8499522998187694,combined_data.csv
17,42,5,medium,medium,0.128564547815061,-0.0031590946853359,0.1690158317178178,0.1122809311087963,-0.1738436882345617,0.860990755716138,0.5918737393984295,0.8146437477814297,0.7617963586599746,0.866151380542254,combined_data.csv
17,51,5,medium,medium,0.1128755639521709,-0.1167836199093194,0.1021994652496608,0.129070081451845,-0.1599672097779086,0.8791321489230862,0.7764687603198678,0.8864929908251689,0.77084119842631,0.8420724729358035,combined_data.csv
17,53,5,medium,medium,0.1139247676544816,-0.0527868879533321,0.1252259449074245,0.1235589763723777,-0.1823608273422573,0.8754991915256175,0.7540842170866762,0.8622827925443586,0.7623375599873186,0.8466800761685485,combined_data.csv
17,54,5,medium,medium,0.1087550913420104,-0.0690855949359617,0.0923150122740793,0.1149371035390136,-0.2404843812106548,0.8796991260795354,0.8209707088347842,0.8908143562847819,0.7666382494631858,0.8385613042875779,combined_data.csv
17,55,5,medium,medium,0.1139837585032977,-0.0653815973254716,0.1069015317375542,0.1548559588165917,-0.2966640155005486,0.8791406808999837,0.7988863376871604,0.882689633845077,0.7701384419769414,0.8351255539620872,combined_data.csv
17,57,5,medium,medium,0.1089807661519016,-0.042842271991218,0.1006862184672202,0.1854002019644333,-0.1463364551101796,0.8811437730609388,0.7877166744599371,0.8862266135197016,0.7647936348141281,0.8500401588138834,combined_data.csv
17,61,5,medium,medium,0.1104940248014537,-0.0708433625039675,0.1103050543166755,0.1257566617309569,-0.17865954861765,0.88210249813706,0.7906641566324815,0.8806832110064335,0.7655642768552208,0.8357912100596563,combined_data.csv
17,62,5,medium,medium,0.1182793300144833,-0.0235244137179035,0.1231849139505738,0.1739984829889216,-0.1904349849997773,0.8714253792513778,0.6960019536176947,0.8613854217931833,0.7298708768266973,0.820064614629407,combined_data.csv
17,66,5,medium,medium,0.1142008087050548,-0.0182636995705542,0.1303108357086094,0.1451430652116502,-0.1352490112906874,0.8761992315999327,0.7170125967013836,0.8549717501536717,0.7473699240638236,0.8389527149943912,combined_data.csv
17,70,5,medium,medium,0.1094273295389011,-0.0074828957080831,0.1169965845954896,0.1518555783417827,-0.1837445465053214,0.8822224132472518,0.7252733833851436,0.8711930316434835,0.7578619603191546,0.8266016893624643,combined_data.csv
17,73,5,medium,medium,0.1166634880511292,-0.0762940213847498,0.1147853220041759,0.1458312225272229,-0.1609170296863962,0.8744106476437927,0.7983801496469745,0.8723305379512856,0.7655042833642713,0.827583696353063,combined_data.csv
17,75,5,medium,medium,0.110900177280798,-0.032347153013953,0.1142575335652342,0.1427053611785365,-0.1528849735805699,0.8786528106185698,0.7853846894221456,0.8692223979907077,0.7508184728724201,0.8250161211215536,combined_data.csv
17,81,5,medium,medium,0.1182389016384832,-0.0867687780179358,0.14332113673218,0.1571547645142583,-0.1393148261236279,0.8734321093646471,0.724450655524784,0.8445938083217909,0.7362551100727601,0.8349670000366713,combined_data.csv
17,83,5,medium,medium,0.1161630842672482,-0.1070844729304526,0.1097257843646339,0.1417529715739928,-0.149060783372907,0.8753122590316665,0.7976689730918939,0.878160724040261,0.7711615347905864,0.8157274500395738,combined_data.csv
17,84,5,medium,medium,0.1133592222330244,-0.1159272672783422,0.1140926806773112,0.11586232808061,-0.1421347816089045,0.878348199916956,0.798045500558185,0.8737261261656483,0.7877358727428897,0.8473486853522201,combined_data.csv
17,88,5,medium,medium,0.1109319189939501,-0.0822373661567531,0.1228919713981656,0.1786640411940779,-0.1618138995648143,0.8783269776529807,0.7286897077945762,0.8614105384121615,0.751289015386712,0.8156600534109683,combined_data.csv
17,89,5,medium,medium,0.1072146747003558,-0.0227547582147107,0.0986321052815762,0.146265019513138,-0.1979813301532688,0.8856890810806098,0.7808624304412776,0.8917192509454527,0.7633410438920543,0.8356075927795314,combined_data.csv
17,91,5,medium,medium,0.107860405659848,-0.0247500693574012,0.127873660964479,0.1523969261678835,-0.2076093449276609,0.8834294137505393,0.7600022867583147,0.8591603165020275,0.7466061237935383,0.8099349263230098,combined_data.csv
17,97,5,medium,medium,0.1153697991250335,-0.0896947955472224,0.1142580568889763,0.1486300312082344,-0.1453171503631924,0.8747835676042157,0.8139685029909431,0.8725910028566402,0.7782461729728385,0.8391947013836007,combined_data.csv
17,105,5,medium,medium,0.1175121467057522,-0.0034136463061584,0.1261694527002717,0.1577863407814489,-0.1689678724470095,0.8759780311235821,0.7496467772587365,0.8639242706703255,0.7767141356160431,0.8489678724470094,combined_data.csv
17,108,5,medium,medium,0.1210183370377162,-0.0512692277685055,0.1305070029081877,0.1160867363201845,-0.175702553799861,0.8702475042921939,0.7597541654425862,0.8578603761029198,0.7862944452250337,0.8423692204665277,combined_data.csv
17,115,5,medium,medium,0.1132525620681667,-0.0621500157663883,0.1049976123289492,0.1445844770488639,-0.1625752392729944,0.8772642129493925,0.7838859091534451,0.882493116053033,0.7664447624129602,0.8292419059396612,combined_data.csv
17,117,5,medium,medium,0.1076978815371897,-0.0824698027227393,0.1027877015055394,0.1188576542722015,-0.2015891027246761,0.8836328738213908,0.7814191136245778,0.8847192142784002,0.7901274215064291,0.8467503930472569,combined_data.csv
17,121,5,medium,medium,0.1190906637744904,-0.0831351976926322,0.1124789404235823,0.1894142489709256,-0.1156670570997526,0.8725740542030518,0.773803944546936,0.8756528168131544,0.7406986865323026,0.8145042664020783,combined_data.csv
17,133,5,medium,medium,0.1092810315928727,-0.0717972495804282,0.1201814786690427,0.1718870147210033,-0.1884207130538537,0.8832305490234499,0.7959951348461638,0.8694215282782777,0.779279732734441,0.840594626097332,combined_data.csv
17,135,5,medium,medium,0.1073038343424902,-0.0465689444812004,0.1080247406504817,0.1179602300834,-0.1662229522339602,0.8816869965747252,0.8017996424493425,0.8789334289420591,0.785013118435329,0.8480411340521421,combined_data.csv
17,142,5,medium,medium,0.1142246591061194,-0.1227085635336329,0.106032859899981,0.1490791779095501,-0.1665360733373106,0.8788126311444356,0.8267422278352424,0.8840838683617485,0.76268283566878,0.8332027400039772,combined_data.csv
17,143,5,medium,medium,0.1161771969008437,-0.2134404120117957,0.1459848162037479,0.1160794546070388,-0.1994581028536958,0.8724793625801411,0.7448657825375714,0.8367432340796376,0.754153640034352,0.8358217392173322,combined_data.csv
17,145,5,medium,medium,0.1132629753554953,-0.0798958246277395,0.1098249777522965,0.1469586058759411,-0.1561494923995702,0.8796256208549443,0.7988777710894881,0.8809112915487287,0.7607052810355285,0.8228161590662367,combined_data.csv
17,147,5,medium,medium,0.1130994141466672,-0.090653745194994,0.1180644002701862,0.1693602455229597,-0.1340302072870753,0.878234896642317,0.7759938391620587,0.8692219298667664,0.7771487624094984,0.8158483891052573,combined_data.csv
17,151,5,medium,medium,0.1186303953715792,-0.1019229685071296,0.1190448451497879,0.1791865232522818,-0.1639372703909292,0.8754067546578779,0.7566130289121793,0.8733624623175786,0.7466797895482905,0.8389372703909292,combined_data.csv
17,155,5,medium,medium,0.1192763477699001,-0.0686280219958512,0.1057788539955045,0.1364062404837428,-0.164534839741023,0.8718692872031386,0.7601212254367165,0.8820913030612961,0.7651934195318397,0.8312015064076896,combined_data.csv
17,158,5,medium,medium,0.1156204474829843,-0.1058450749026502,0.1246632729716361,0.1607068696766692,-0.1484126947599102,0.8761906725594686,0.8096302001442726,0.865532863103962,0.7825343668725909,0.8074682214853903,combined_data.csv
17,166,5,medium,medium,0.1060973458726002,-0.0751122732643261,0.0913418722273624,0.136672774184686,-0.1417716158289654,0.8836371009883305,0.7855991974052061,0.8972846154898672,0.7781558407400783,0.8340793081366578,combined_data.csv
17,168,5,medium,medium,0.1146354247887291,-0.092903506270969,0.1095684216578088,0.1529323507023365,-0.1997148700893607,0.8756414520412367,0.7998063428425832,0.8769332886309074,0.7551263367830225,0.8293444997189905,combined_data.csv
17,169,5,medium,medium,0.1050730572372679,-0.1156369724893251,0.101403981666324,0.1184285016577118,-0.2138958482581007,0.8839187679808894,0.8211964017360525,0.8833757552172622,0.7860047230670182,0.8439280543772634,combined_data.csv
17,171,5,medium,medium,0.1231049785841381,-0.1206081970327616,0.1183053559307216,0.1592945190166614,-0.2205952104289222,0.8681717133336911,0.7776564009412922,0.8684580933874391,0.764957601852231,0.8347391310244557,combined_data.csv
17,192,5,medium,medium,0.1086922294331776,-0.0421254947224511,0.1120999143484283,0.108269203596183,-0.2183156047426147,0.8815077886662195,0.7383994715753935,0.8744634899454213,0.7977547663145099,0.8270112569165278,combined_data.csv
17,202,5,medium,medium,0.1148912303182647,-0.1437592977680944,0.1114164872009888,0.1522818762302004,-0.173349680021871,0.8759072458881993,0.8224585798829099,0.8752408644025429,0.7718767216399827,0.8400163466885378,combined_data.csv
17,203,5,medium,medium,0.1336351256615718,0.0390335538715733,0.2001092557084434,0.1356519774048037,-0.1663906389906106,0.8556832222554507,0.5937405782126535,0.7863991823419028,0.7402331371376523,0.8330573056572774,combined_data.csv
17,206,5,medium,medium,0.1193085562558305,-0.077635457109667,0.0962194980204228,0.1488157581519769,-0.1776622914372395,0.8734486308373687,0.7821405732032964,0.894173974513965,0.761147478860795,0.8339122914372396,combined_data.csv
17,207,5,medium,medium,0.1118433547344971,-0.1097190233557336,0.1097806982332102,0.1657380483824337,-0.1833621786302643,0.8791848813339527,0.8121348164118475,0.8778368693995787,0.7615038282380345,0.841898763996118,combined_data.csv
17,210,5,medium,medium,0.1201266318169568,-0.0491404540434814,0.1239549996111195,0.1588500386116224,-0.1407238312394672,0.8711521866995873,0.7416657344586768,0.8636600876473413,0.7588688350641721,0.8312000217156577,combined_data.csv
17,214,5,medium,medium,0.1127976980629383,-0.0934488330185345,0.1185270912775564,0.1258184137808543,-0.1702791635525774,0.8795400674425533,0.7594716438674808,0.8706743047345711,0.7712281153009407,0.8369458302192441,combined_data.csv
17,215,5,medium,medium,0.1105900161345503,-0.1038753821235068,0.1145790720655074,0.1339986758641396,-0.156793277650179,0.8804603384659437,0.7999488141962362,0.8736343620571014,0.7888059472831621,0.8288362884028673,combined_data.csv
19,20,5,medium,medium,0.1147519399255584,-0.1015755045032126,0.1150396994427026,0.1562367784117033,-0.127552297073372,0.8764521253113605,0.7764482601908208,0.875213507749297,0.7634108068497953,0.783802297073372,combined_data.csv
19,24,5,medium,medium,0.1023615850767415,-0.0966412881159241,0.0889839425424926,0.1457282819858165,-0.1956996368229642,0.890009991323162,0.7847207545728848,0.9010028849971732,0.7743562402142656,0.8356996368229641,combined_data.csv
19,25,5,medium,medium,0.1226768189778801,-0.0664542013352982,0.1270561437941666,0.1539474968117413,-0.1325098267477718,0.8701799672767668,0.7204801058879313,0.8636727388861519,0.7598926082373768,0.8325098267477717,combined_data.csv
19,32,5,medium,medium,0.1139862487001265,-0.0593911541952001,0.1108807924440334,0.1349005054253511,-0.2046476936156664,0.8787618893443091,0.7734856166742492,0.8788488409081003,0.7872825657414582,0.841011329979303,combined_data.csv
19,33,5,medium,medium,0.1102317271225327,-0.0538234662757154,0.0990578353875677,0.1050483105966025,-0.1462450399025162,0.8791752099219382,0.7908238060169394,0.885785592530933,0.7606381439829895,0.8239377681693287,combined_data.csv
19,40,5,medium,medium,0.1133520496608747,-0.0604632253273346,0.0802344770869649,0.0773623970480628,-0.145964950947001,0.8749353842288582,0.7793187928978068,0.9027038787007402,0.798279363307452,0.8429346479166979,combined_data.csv
19,42,5,medium,medium,0.1233737713948437,-0.0702875117596013,0.1408912641438894,0.150862135888112,-0.2067540350406144,0.8663649958995607,0.6878831611037548,0.8456511757196047,0.7284438810371496,0.8496111778977572,combined_data.csv
19,51,5,medium,medium,0.1100759028581981,-0.0709448461411659,0.1061106270414613,0.1349228429523591,-0.1221852786603672,0.8818669952713749,0.819602530550568,0.8830900420449773,0.7802983644534807,0.8415602786603672,combined_data.csv
19,53,5,medium,medium,0.1162251929419611,-0.0931704759612996,0.1170058673056698,0.1257461432222753,-0.1541873124034912,0.8727875197541297,0.7786347308101476,0.8689427517350249,0.7747596200473204,0.8306703632509489,combined_data.csv
19,54,5,medium,medium,0.1143869838156947,0.0365616310710688,0.1164742489551654,0.060050734211131,-0.2354712058179814,0.8727150203738335,0.7431552942186614,0.863937522860824,0.7596650399104136,0.8119819270655447,combined_data.csv
19,55,5,medium,medium,0.1224645806069335,-0.0392244625830726,0.1470252982555359,0.1693510670071655,-0.3126337440105429,0.8697745725552477,0.7027063909243476,0.8425810862670067,0.7500238200977918,0.8254542568310557,combined_data.csv
19,57,5,medium,medium,0.1153693351274373,-0.0473794855052333,0.1041151396843602,0.1210342732684871,-0.149275569404598,0.875391583323242,0.776098754579053,0.8834576109402384,0.7872905859047078,0.85112742125645,combined_data.csv
19,61,5,medium,medium,0.1186261675454803,-0.112696689545126,0.1341391421507746,0.1180561102830142,-0.1266280977953351,0.8730575526511487,0.7490563515831508,0.8562073030519504,0.7603959883339684,0.8409138120810493,combined_data.csv
19,62,5,medium,medium,0.1194622522444867,-0.1040398542058544,0.0945473340571938,0.1694344875768151,-0.1833251949623839,0.8711095469907661,0.8078805716053441,0.8935267532429558,0.7619318784598431,0.8553682057150722,combined_data.csv
19,66,5,medium,medium,0.1024450173053349,-0.0998784515486914,0.0989264295149027,0.095382634530166,-0.1726266729930314,0.8879412244049332,0.7630449672937609,0.8888885908803619,0.7776658016232405,0.8523379191936393,combined_data.csv
19,70,5,medium,medium,0.1203998514065186,-0.0465651176266688,0.1180352954356558,0.1224393033348221,-0.1691037933530521,0.8706597239916354,0.8004993199574659,0.8699702294819615,0.7855072744690365,0.8357704600197188,combined_data.csv
19,73,5,medium,medium,0.1076601438929304,-0.1006319004238534,0.1242324927151237,0.1565970783174205,-0.1543348461388299,0.8808217216153215,0.7744087750180015,0.861201835696639,0.7557015725333348,0.8300010452973153,combined_data.csv
19,75,5,medium,medium,0.1077109966402343,-0.0213558920581322,0.1131555718444541,0.0682394472105393,-0.1759872968609135,0.8811147592337234,0.808764302439843,0.8714193615539665,0.7928248781994494,0.8246359455095622,combined_data.csv
19,81,5,medium,medium,0.1213172762192231,-0.0392831698973359,0.108915323451003,0.1485289034122696,-0.1764593455867398,0.8700248508838797,0.8195511626370031,0.8778596462948766,0.7843617540482994,0.8286332586302181,combined_data.csv
19,83,5,medium,medium,0.1217498541308008,-0.0313490119229403,0.1385310528966629,0.1205618957022176,-0.1649440140211243,0.8691844614121604,0.7169575142101444,0.8496342819605793,0.7580246770936261,0.8449440140211243,combined_data.csv
19,84,5,medium,medium,0.115779261651175,-0.0409547038744961,0.1286566459520506,0.1098279319141914,-0.1507100650756559,0.8766418310248223,0.7624761389235144,0.8612421421662895,0.7696835082771325,0.8463622389886994,combined_data.csv
19,88,5,medium,medium,0.1150633620136442,-0.0790918866155855,0.1029172170351055,0.1447878463750171,-0.1520231079959417,0.8750830881831352,0.7884987328882394,0.8841143107659262,0.7631765235872497,0.813481441329275,combined_data.csv
19,89,5,medium,medium,0.1128744528504908,-0.0654930946387661,0.1316698957754102,0.1245765983181556,-0.1719311751288473,0.8786494498025269,0.7983662164971401,0.8558328950088168,0.7630139173310514,0.8385978417955139,combined_data.csv
19,91,5,medium,medium,0.1138690624404688,-0.0558608234858315,0.1199468347048907,0.1233524717745719,-0.2613984705479146,0.8775545214674974,0.7994164895470806,0.8680553848807179,0.7807265608883107,0.8411947354036022,combined_data.csv
19,97,5,medium,medium,0.1111969702163337,-0.0671198710868201,0.1288017474061076,0.1626788518525064,-0.1722159139225747,0.8787126723302726,0.7932048183698426,0.8597168592276724,0.7651930457216944,0.8518385554320087,combined_data.csv
19,105,5,medium,medium,0.1176147286288324,-0.1173476046678737,0.1234192454714013,0.1306128181668928,-0.1683154381297149,0.8753270983603759,0.8092325708458341,0.8678758425588458,0.7848125218664702,0.8234878519228184,combined_data.csv
19,108,5,medium,medium,0.1117691920306108,-0.1508337796736408,0.1251721352841017,0.1192072477336896,-0.1102728896008211,0.8796505595718693,0.8264384920987291,0.8627527618405018,0.801577145502561,0.8510136303415619,combined_data.csv
19,115,5,medium,medium,0.1209278294325617,-0.0760583837569176,0.103585331826602,0.1058942960328002,-0.1891666708443066,0.8694159554999739,0.7424656617449542,0.8833465870204064,0.7673927703791796,0.8413405838877849,combined_data.csv
19,117,5,medium,medium,0.1204770537607822,-0.077347177415999,0.1423978371589513,0.1199910288442991,-0.2198294056900189,0.8700714626818563,0.7292292574675725,0.8440976617704135,0.7594294816034531,0.8352140210746344,combined_data.csv
19,121,5,medium,medium,0.1112389171404899,-0.083079901088319,0.107046451104466,0.1010642616857425,-0.1905162871169783,0.8815019801964915,0.8036269968788053,0.8839160393310537,0.7786872745872127,0.8571829537836451,combined_data.csv
19,133,5,medium,medium,0.1098626775082675,-0.0664674145139067,0.1058352709763662,0.1707879911698058,-0.14029252393398,0.8826436976278589,0.7829506520209247,0.8851969532175465,0.7593836445065667,0.84029252393398,combined_data.csv
19,135,5,medium,medium,0.1059510998906896,-0.0646356481215059,0.1166525525854917,0.0998993145498773,-0.0830765112082013,0.8839591710175759,0.7770440201123732,0.8696716601846688,0.76978628230795,0.8120974902291804,combined_data.csv
19,142,5,medium,medium,0.1318034963170218,-0.0519194706552981,0.155488885513476,0.1241366433079298,-0.1649385479232508,0.8603079845595727,0.7038683543654252,0.8343922367663156,0.7499514855448285,0.8171124609667291,combined_data.csv
19,143,5,medium,medium,0.1102557171943758,-0.0748758880066453,0.095721166262663,0.112823012553534,-0.2948532707059197,0.8787417778066159,0.7779665521311021,0.8901393518619429,0.7674232449212963,0.8432403674801133,combined_data.csv
19,145,5,medium,medium,0.113930462872633,-0.0029137398383441,0.1019481787513779,0.1532263312096171,-0.1378064342651759,0.8789112875147614,0.7561218066155541,0.8892438587385,0.7625963244554551,0.8578064342651759,combined_data.csv
19,147,5,medium,medium,0.1077730509287673,-0.0511007554347142,0.0879841393704742,0.1462854824875529,-0.1576057536136966,0.881644540037345,0.8022608889285658,0.8969074366983965,0.76657635978898,0.8376057536136966,combined_data.csv
19,151,5,medium,medium,0.1243780164206956,-0.038223813986546,0.1610254066334965,0.1444341771607126,-0.2274606076783982,0.8700737446035485,0.6463504085932861,0.8314993474704808,0.7343324436663725,0.8274606076783981,combined_data.csv
19,155,5,medium,medium,0.1019360847849966,-0.1171610415710339,0.1011413394017822,0.0949742644684464,-0.2127954098406304,0.8872189139110543,0.8218945418266997,0.8846195374632838,0.7784128438573552,0.8491590462042669,combined_data.csv
19,158,5,medium,medium,0.1211226503203319,-0.0422794428857148,0.1316879142137782,0.1689907333248815,-0.2395816243394999,0.871429639974458,0.7515343480456586,0.8582907990561132,0.7610494019870309,0.8395816243394998,combined_data.csv
19,166,5,medium,medium,0.1163205999856089,-0.0165033344777872,0.1138314665497245,0.1037847851946719,-0.1382797362220074,0.872360730639522,0.7330909394949064,0.8707756970003191,0.760174642041201,0.8547975933648646,combined_data.csv
19,168,5,medium,medium,0.1152663250611896,-0.0135411980071566,0.1130154561087458,0.1241565666473724,-0.1217485113476269,0.8748584402485181,0.722663535149233,0.8756696455011723,0.7504715803666611,0.8375870206643972,combined_data.csv
19,169,5,medium,medium,0.1084466012887604,-0.0120773832598032,0.1140218173709377,0.1348302919299483,-0.1997125641081406,0.8808051129670074,0.7412346634291198,0.8708599321588313,0.7731519960619179,0.8397125641081405,combined_data.csv
19,171,5,medium,medium,0.1168062542542788,-0.0527684700573006,0.1197534030774489,0.098791750359497,-0.1841736063084573,0.8751740202971846,0.8093090784949466,0.8668535404770714,0.7891006249052058,0.8114884211232722,combined_data.csv
19,192,5,medium,medium,0.1050173058368355,-0.0378637597543617,0.1127977787614405,0.111236435560156,-0.2181431303939258,0.8847507937477481,0.7848626722488778,0.8728804034584874,0.7682666866044601,0.8247448619956574,combined_data.csv
19,202,5,medium,medium,0.1136930481657132,-0.0524897022422656,0.1095893320540799,0.1210093280616797,-0.1510977512875684,0.875563237001495,0.771217720484553,0.8733370892186515,0.7939412469718261,0.8450776843979363,combined_data.csv
19,203,5,medium,medium,0.1173277938292232,-0.0625499107700002,0.1427488800959883,0.1553638420089669,-0.1376481818958088,0.871495958743819,0.7107484235838366,0.8427023898177597,0.7589798005019162,0.8541660390386661,combined_data.csv
19,206,5,medium,medium,0.1297091822601411,-0.0324820702887206,0.1597401800711967,0.1366011193506713,-0.1700539014657035,0.8636765171559313,0.7056355492269746,0.8322527537922835,0.7451629177717793,0.8496726697941493,combined_data.csv
19,207,5,medium,medium,0.1225032536230885,-0.0504938885503791,0.112039835257638,0.1208130264654072,-0.1985003953156847,0.8696952122481577,0.7643985231828112,0.8766493565675795,0.7697005606770535,0.850674308359163,combined_data.csv
19,210,5,medium,medium,0.1168890785168275,-0.0604788185141433,0.1017505263616999,0.1585618461738203,-0.1635153266728907,0.8747898693826336,0.7889759704357002,0.8882084946015404,0.7599303877062238,0.8301819933395573,combined_data.csv
19,214,5,medium,medium,0.1279970187281941,0.0090458425325229,0.1776611034594426,0.1184966025718802,-0.1393283433967683,0.8647177701732588,0.637030074745605,0.8137961144878962,0.7622190185760774,0.8393283433967683,combined_data.csv
19,215,5,medium,medium,0.1065547317094598,-0.0863153619916008,0.0917109051277409,0.1567953075377546,-0.1539686365812935,0.884501710788374,0.8045064450978838,0.8972659820616266,0.7560688973691047,0.8206353032479603,combined_data.csv
20,24,5,medium,medium,0.1065864193755522,-0.1134403217840419,0.1008576066217608,0.1646998656245109,-0.2332986896027825,0.8851338237593962,0.7975432365700924,0.8885525466867966,0.772440444863786,0.8469350532391462,combined_data.csv
20,25,5,medium,medium,0.1149087451413772,-0.0842898667371425,0.1207972904434221,0.1792461527464717,-0.1931444060767397,0.8777232302076864,0.801589316984231,0.871081189970204,0.7630250760822579,0.8360015489338826,combined_data.csv
20,32,5,medium,medium,0.1228552919637225,-0.0430811819020546,0.1081640936231624,0.161175390980529,-0.217251939759636,0.8696558880332139,0.7596642850482636,0.8815752908900424,0.7724578971216347,0.8488308871280571,combined_data.csv
20,33,5,medium,medium,0.1052823429128607,-0.1006761353250621,0.111370518151421,0.1039235816488493,-0.2007549002739631,0.8840869217373795,0.7829790829247667,0.8754070990420728,0.7730376828785384,0.8578272686950158,combined_data.csv
20,40,5,medium,medium,0.1099235399729896,-0.0881117223187231,0.0958498027585993,0.157548850527834,-0.1768102983521513,0.8793004691267068,0.7846638998340583,0.890579793297867,0.7743315494342786,0.8225631941050471,combined_data.csv
20,42,5,medium,medium,0.145984295755846,-0.0126777678720353,0.1800578026277132,0.2112862699957158,-0.128351107311018,0.8443997958978798,0.6194616197735421,0.8067646171739906,0.7141453205026693,0.8373564836551041,combined_data.csv
20,51,5,medium,medium,0.1211890896453042,-0.0585060833960994,0.1197088607527694,0.1618125729837597,-0.1878567164542578,0.8725721535703558,0.7888468401750711,0.8711464464328463,0.7726890531044043,0.8330180067768386,combined_data.csv
20,53,5,medium,medium,0.1170540417665371,-0.0684704011107305,0.1205764058983235,0.0971465848955571,-0.1700377561690648,0.8721796037437902,0.7436399038244607,0.8660275362637744,0.7541979993120324,0.8238839100152188,combined_data.csv
20,54,5,medium,medium,0.1063866969986909,-0.0511656527367554,0.1071408828780369,0.1221211035279399,-0.2482199239237542,0.8802830245255621,0.7996054831404675,0.8729327428530566,0.7643126281027071,0.8346567055329497,combined_data.csv
20,55,5,medium,medium,0.1090050830696358,-0.0746013401050404,0.1217588385469032,0.106710487099631,-0.2684459395394396,0.8830761452992758,0.7950836506063939,0.8676869544707537,0.7761504672413511,0.8376767087702088,combined_data.csv
20,57,5,medium,medium,0.1130617135638656,-0.0561766195604014,0.1143685056797888,0.1725413699228737,-0.2012595640053814,0.8774724654798617,0.7804843822021219,0.8738388020180397,0.7571054803442061,0.8376232003690179,combined_data.csv
20,61,5,medium,medium,0.1129449774989658,-0.1199877965945287,0.1118157043686941,0.1139197644871377,-0.1929732052469245,0.8798559704821867,0.8254265962667074,0.8794841765657817,0.7738826412169346,0.8446415571175009,combined_data.csv
20,62,5,medium,medium,0.1216875164128408,-0.1068517092152059,0.1045743000138189,0.1839219191485177,-0.1342086733175752,0.8692016687933006,0.7314588397265056,0.8854950843510219,0.7517708061328685,0.829199728773747,combined_data.csv
20,66,5,medium,medium,0.1162822810263739,-0.0788278180868009,0.1041691348437143,0.1471475869232481,-0.1670495412138477,0.875371497853566,0.7603884785571962,0.8839118871366802,0.7521239759070104,0.8337162078805144,combined_data.csv
20,70,5,medium,medium,0.114709130339481,-0.0696464338756074,0.1190902583082584,0.1234313394706037,-0.2145825021772186,0.8772512655358955,0.7494590167764603,0.8710884673514433,0.7694683782998433,0.850946138540855,combined_data.csv
20,73,5,medium,medium,0.1109706551616348,-0.0420672403545336,0.1170346286300495,0.1328091004614993,-0.1935879616778764,0.8801945640044916,0.8058505724959929,0.871246380730011,0.78822381738723,0.8324768505667653,combined_data.csv
20,75,5,medium,medium,0.1060649719796291,-0.0340359517908817,0.1077870563693709,0.1350976748602178,-0.175761499799475,0.8825034430007457,0.7982094033993835,0.8765783510878773,0.7535967202175972,0.8269242904971496,combined_data.csv
20,81,5,medium,medium,0.1168627444580311,-0.0703900292966539,0.1219721318953871,0.1783204615214965,-0.1577448729867446,0.8743158205725488,0.7768346788561586,0.8664123735994019,0.7563041228466582,0.8244115396534113,combined_data.csv
20,83,5,medium,medium,0.1179703864652982,-0.0899816712600114,0.1045522875956445,0.1168291109940389,-0.1781768803967323,0.8731414866682643,0.8053493154013704,0.8825973507838469,0.77812207968607,0.832686164216361,combined_data.csv
20,84,5,medium,medium,0.1075697548739149,-0.1024978198843484,0.1050665648924064,0.1084901972654813,-0.1631018964796822,0.8840469133829534,0.7965712341288727,0.8835058502770056,0.7750363177249178,0.8297685631463488,combined_data.csv
20,88,5,medium,medium,0.1269393192108194,-0.0788311076640857,0.1023265563269374,0.1225799559810701,-0.2226925050641959,0.8637493867189248,0.7343983413555479,0.8864114276164688,0.7664041089245328,0.831388157238109,combined_data.csv
20,89,5,medium,medium,0.1193688767766332,-0.0790491493102962,0.1176453872816246,0.1407162437814524,-0.1942981113512339,0.8728812633477985,0.8227944570330463,0.8718711294734185,0.7829147318206545,0.8306617477148703,combined_data.csv
20,91,5,medium,medium,0.1133370787707073,0.0289106120988525,0.1233405953124504,0.1635214709116694,-0.1919317109167482,0.8784231910506464,0.7472918683534585,0.8636394066145565,0.7634119051208972,0.8252650442500815,combined_data.csv
20,97,5,medium,medium,0.1113905163018195,-0.0603732938713101,0.1098138143285804,0.1390827402171572,-0.1760351024737532,0.8789147948815981,0.8177718606903177,0.8787585984848918,0.7777280701024438,0.8282090155172315,combined_data.csv
20,105,5,medium,medium,0.1037687518614752,-0.0484526880827965,0.104877376289443,0.1244528564498789,-0.1314473742352678,0.8893215634586847,0.7907057249524566,0.8849714901144259,0.7698975204893019,0.8373297271764443,combined_data.csv
20,108,5,medium,medium,0.1184580367552768,-0.1145100672921266,0.1135890802859387,0.1527556535707521,-0.1767197715345613,0.8725936590698427,0.7848567916177279,0.8763598674480793,0.7748543041021981,0.8305659253807153,combined_data.csv
20,115,5,medium,medium,0.1052975744473686,-0.1118070979892911,0.0975842476295233,0.0910039771945062,-0.1725170688898043,0.8848474142419397,0.8254105704493155,0.8889427344942632,0.7821962438187723,0.8236798595874788,combined_data.csv
20,117,5,medium,medium,0.1172491205796596,-0.0690745079724598,0.107796660219479,0.1433598665529099,-0.1860751782789559,0.8734529778979572,0.7967622209238242,0.8788049059255614,0.7740940826652448,0.8527418449456226,combined_data.csv
20,121,5,medium,medium,0.1171413241205785,-0.0879592301306162,0.1092755560077963,0.0939984060765023,-0.1891257974525464,0.8746440912096863,0.7906617809896566,0.8805954044999377,0.7852356100304517,0.8291257974525463,combined_data.csv
20,133,5,medium,medium,0.1059182358427709,-0.0959312242690322,0.0991004414733647,0.1686273420447327,-0.1998096028453602,0.8857147671412193,0.795381756806923,0.8897344953923573,0.7814930870516396,0.8248096028453602,combined_data.csv
20,135,5,medium,medium,0.1042048237195796,-0.0620508446929313,0.0927368458656512,0.1482571466993559,-0.1536313106500287,0.8844954633009295,0.8102933198915911,0.8905096786629145,0.772880777536994,0.8202979773166955,combined_data.csv
20,142,5,medium,medium,0.1171488187377676,-0.1151038906228786,0.1017583857460281,0.1328151201975133,-0.214881875649191,0.8748556080762859,0.7858605503598323,0.8876105576466339,0.7836692868666987,0.8559075166748321,combined_data.csv
20,143,5,medium,medium,0.1198291045851278,-0.1108485128302352,0.1094859408575639,0.1468232165498638,-0.2689537469727634,0.8691319516196561,0.7512995914344645,0.8757713013257273,0.74148965727653,0.8330563110753275,combined_data.csv
20,145,5,medium,medium,0.1203220948093451,-0.0782682594855675,0.1288179240651238,0.1280199110868043,-0.167333148704276,0.8721023208691654,0.8059576741323897,0.8600239702102066,0.7573550712484933,0.8339998153709427,combined_data.csv
20,147,5,medium,medium,0.1157800031030933,-0.0696608213335782,0.1107309458033246,0.2038831502818321,-0.208838282821162,0.8740342368276948,0.7677494534942331,0.8778227448889524,0.7467638379343984,0.833838282821162,combined_data.csv
20,151,5,medium,medium,0.1190026499287937,-0.0626814932195213,0.1302038048836997,0.1571224070165776,-0.1652565321517299,0.8748795328210114,0.7316149399601855,0.86227089217979,0.7287096222676104,0.8319231988183966,combined_data.csv
20,155,5,medium,medium,0.1073135313561577,-0.0751940001747299,0.0889738386927192,0.1689896968158024,-0.158592194293658,0.8834000603185082,0.7999933367969585,0.897733037357096,0.7521801628462592,0.8252588609603246,combined_data.csv
20,158,5,medium,medium,0.1096262330355851,-0.0529923894098814,0.0953283204695467,0.1704203453372216,-0.2525360930648488,0.8825740179651308,0.7880893610756791,0.8936001332822536,0.7704540741514966,0.8525360930648487,combined_data.csv
20,166,5,medium,medium,0.1085926007151178,-0.1343310670066496,0.1024144515740034,0.1456916909464201,-0.1631626627109489,0.8797694033310444,0.8024290268725075,0.880383654915794,0.7769880294194842,0.8298293293776156,combined_data.csv
20,168,5,medium,medium,0.113974939257502,-0.089236445634475,0.1085233534315642,0.1205250969913099,-0.1904903976804998,0.8768020036004622,0.8028279859970523,0.8794468090822136,0.7818123306206683,0.8268540340441363,combined_data.csv
20,169,5,medium,medium,0.1133017812278937,-0.0896780741586287,0.09939157307488,0.108481367309754,-0.2293575445259037,0.8748974133306916,0.7874222287986974,0.884613367025065,0.7829390167645667,0.8463788211216484,combined_data.csv
20,171,5,medium,medium,0.1066772566404676,-0.07678999537575,0.1064810178878106,0.1563519277209897,-0.2307238621820225,0.885085718625071,0.7752841770577088,0.8816909518480017,0.7786764630084215,0.8307238621820225,combined_data.csv
20,192,5,medium,medium,0.1089750207867354,-0.0589080358089503,0.1113449097053181,0.1542785169435306,-0.1896037570275851,0.8801648395325387,0.7532372534035768,0.8724990757990115,0.767287968480441,0.8396037570275852,combined_data.csv
20,202,5,medium,medium,0.1122254185871672,-0.0944028133082793,0.0949408038538316,0.1027729876904812,-0.2052695246871617,0.8774983057606993,0.7912059832416504,0.8910081698685106,0.7783155706252568,0.8302695246871618,combined_data.csv
20,203,5,medium,medium,0.1142578573218481,-0.0192100010273086,0.1501559351797524,0.1363863433514972,-0.2261136446028416,0.875969185515002,0.6561950608805298,0.8342738087713159,0.7107903932709386,0.8468032997752554,combined_data.csv
20,206,5,medium,medium,0.1114035748790127,-0.1163770382096825,0.1194264734400282,0.1119199138108422,-0.1991485438128621,0.8811671986792993,0.7957723681391736,0.8708130189253104,0.7773186145631141,0.8391485438128621,combined_data.csv
20,207,5,medium,medium,0.1001841782152677,-0.0688283814316707,0.1035236825099258,0.1343167180122843,-0.1889092118859694,0.8913894463096442,0.827202011293221,0.8852574467869314,0.790988341197525,0.823055553349384,combined_data.csv
20,210,5,medium,medium,0.1178526348606621,-0.0801155859581759,0.1113126718109077,0.1611721442335477,-0.1831522305774227,0.8746632980539698,0.7269410371072439,0.8775176589849611,0.7446993315147521,0.8460310184562105,combined_data.csv
20,214,5,medium,medium,0.1182179556897596,-0.0863528836272795,0.1234915926359544,0.1388161266017661,-0.1991275178732913,0.87455598891487,0.756349937023729,0.8672048499115309,0.7543751198118386,0.8276989464447198,combined_data.csv
20,215,5,medium,medium,0.1134337890707906,-0.0518252872508382,0.1077509675362494,0.0964286663029017,-0.1764310240116851,0.8774807397376398,0.7856940366427592,0.8806229755151435,0.7848117684763207,0.8430976906783517,combined_data.csv
24,25,5,medium,medium,0.1145091278275117,-0.0966758392396082,0.114822471752671,0.1470158206224717,-0.267367075361512,0.8798217222554574,0.8159172890332879,0.8778327716457417,0.7706144735745373,0.8507004086948453,combined_data.csv
24,32,5,medium,medium,0.1166724415887577,-0.0610993799332588,0.1145176235668337,0.1799839543525814,-0.209614341506948,0.8772555992129172,0.7976048612825848,0.8775095705130322,0.7667108040138391,0.8266356181026927,combined_data.csv
24,33,5,medium,medium,0.1215249833864471,-0.0710087503603068,0.0953020548345594,0.115649273842484,-0.1604717791346366,0.870355379374951,0.7708426999625889,0.892471390893142,0.7779278099751301,0.8271384458013034,combined_data.csv
24,40,5,medium,medium,0.1131439359550404,-0.0668826321901752,0.1169523357600139,0.1387061297838961,-0.2459024794238874,0.8783770413346986,0.8045800273916748,0.8707585401875896,0.7633765780878197,0.8459024794238874,combined_data.csv
24,42,5,medium,medium,0.134086893504153,-0.0849096931157273,0.1806064997294688,0.1537729132330437,-0.2423592763137965,0.8578749582009828,0.7154502336856554,0.8074754114895917,0.7447373161478424,0.8256926096471298,combined_data.csv
24,51,5,medium,medium,0.1237905357609975,-0.1012867345859575,0.1194570361405695,0.1738188648869375,-0.2414393726558923,0.8707071430941119,0.7843001982181849,0.8739371371692203,0.7683954498418176,0.8380495421474178,combined_data.csv
24,53,5,medium,medium,0.1162943867436296,0.0155390144412662,0.1126507809034534,0.1171830849950987,-0.2477510655520745,0.8753901432262546,0.7590492994682135,0.8751351181934413,0.7570304719888321,0.853412947529746,combined_data.csv
24,54,5,medium,medium,0.1174832403408339,0.0016675918321314,0.1139705073379568,0.1022321762972342,-0.211102353306359,0.8708206046630458,0.770075438161454,0.8658895318881167,0.7931176819193803,0.8404511490244679,combined_data.csv
24,55,5,medium,medium,0.1195934695103128,0.0112801873502863,0.133226142346691,0.1860317809590533,-0.2739668949119748,0.8742594024757128,0.7518383513347549,0.8582244987396452,0.7557383745007005,0.8364668949119748,combined_data.csv
24,57,5,medium,medium,0.1083337183832789,-0.096165828594002,0.1131971719325722,0.1521674141912127,-0.2432231982096013,0.8832580687172176,0.8036815115959662,0.8757288527389643,0.7704720213031164,0.8481012469900892,combined_data.csv
24,61,5,medium,medium,0.118293292962295,-0.1324755763305656,0.1074874511108696,0.1691022555110896,-0.1647807741403145,0.875190326729612,0.8119701008382991,0.8841907636584488,0.7528663474549138,0.8314474408069812,combined_data.csv
24,62,5,medium,medium,0.1230364358894168,-0.1287237680940935,0.1242096043826913,0.1828992080139537,-0.2091481830288657,0.8690563963799557,0.7609741274389314,0.8666060552907191,0.7320022254524516,0.8374376567130762,combined_data.csv
24,66,5,medium,medium,0.1138231100124503,-0.093706090351454,0.1146356388840238,0.193178035054632,-0.2355323704825671,0.8789677676128332,0.7922076860937087,0.8743580692020654,0.730832104360706,0.8301269650771617,combined_data.csv
24,70,5,medium,medium,0.1194864368913458,-0.0551675281915082,0.130325991503951,0.1228372879336556,-0.2371054841406062,0.8739114395906655,0.765364680364848,0.8619941770421492,0.7645205740869117,0.8442483412834635,combined_data.csv
24,73,5,medium,medium,0.1140409583438346,-0.0600732075272554,0.1241140817459484,0.1562275263011083,-0.2230014504371738,0.8779582154944476,0.7969516226096249,0.8655637859154853,0.7868831346499723,0.8165950440307674,combined_data.csv
24,75,5,medium,medium,0.123691632775054,-0.0317159293253994,0.1204478334762239,0.1459389398563469,-0.2490163465238549,0.8672654446537292,0.7997286528658337,0.8667860220937895,0.7519630395495212,0.8421752368138928,combined_data.csv
24,81,5,medium,medium,0.1079364479547165,-0.0788477249111084,0.107643627650924,0.1639152599167584,-0.2213439798745587,0.8837286182732872,0.777449870656094,0.8812989410680451,0.7695438913669093,0.8441888074607656,combined_data.csv
24,83,5,medium,medium,0.1121087365075289,-0.0246324190841122,0.1295964560120123,0.1344256486648376,-0.25240941700493,0.8806539861336812,0.7694294232181906,0.8593545800720868,0.7784877904463625,0.8450020095975226,combined_data.csv
24,84,5,medium,medium,0.1202657956611557,-0.0370576387829819,0.1173546219760894,0.1169584581633075,-0.2051809944649926,0.8726628471492155,0.7738582660540272,0.8734496654671011,0.7679028926320252,0.8104441523597294,combined_data.csv
24,88,5,medium,medium,0.1183348852858289,-0.040398146385928,0.1336800724986111,0.1212042747963202,-0.2839478339207419,0.8727802337079631,0.7474820547314049,0.8515602856035401,0.7779013826123258,0.8613287863016943,combined_data.csv
24,89,5,medium,medium,0.1125612247226534,-0.0188197941518316,0.1092560418478331,0.1399390973933798,-0.2008945602265881,0.8810637324631502,0.7921196594164338,0.8816811296898037,0.7930090964071385,0.8205163096355717,combined_data.csv
24,91,5,medium,medium,0.1143381341754835,0.0264939058339728,0.0991110555188868,0.159390525265345,-0.2200159949873412,0.8791713525489868,0.8076639039739931,0.8909573677747165,0.7814911371345414,0.8225800975514439,combined_data.csv
24,97,5,medium,medium,0.1151877990979741,-0.0644212399840526,0.1102320102129733,0.147075997702877,-0.2218172711457858,0.8768661782952976,0.7948031824253861,0.8797983810042636,0.786470489421415,0.8149207194216479,combined_data.csv
24,105,5,medium,medium,0.1095361884526522,-0.1116695329030738,0.1033841076999748,0.1444055433165199,-0.2236637058445316,0.8848985298670122,0.8104599776844051,0.8890514221028781,0.7859750561532111,0.8390483212291471,combined_data.csv
24,108,5,medium,medium,0.1079713355756738,-0.090598355080625,0.1017258563508528,0.2050539421753641,-0.2493318693073041,0.8853329309915159,0.7872427810794902,0.8883845582477857,0.7583747131731265,0.8207604407358755,combined_data.csv
24,115,5,medium,medium,0.1090972022408298,-0.0571708178156271,0.1079894057173102,0.1347237844254454,-0.2154991172905348,0.8830821036536423,0.7844248119489656,0.8810338463032185,0.7805327933420303,0.8404991172905348,combined_data.csv
24,117,5,medium,medium,0.1097202142064559,-0.02368710588837,0.1028316471149989,0.1553128672475419,-0.202933892542183,0.8825087031161775,0.7433789687548142,0.8871816559454089,0.7710136618842875,0.8279338925421831,combined_data.csv
24,121,5,medium,medium,0.126869933961003,-0.0891544976912634,0.1243753509850104,0.1725678623097715,-0.2037354797455217,0.8671380363117663,0.8077786358523029,0.8678078959061769,0.7582692429478535,0.8287354797455218,combined_data.csv
24,133,5,medium,medium,0.1129556674315873,-0.0294665792936877,0.1079782822236617,0.1522428581375838,-0.2838223286576853,0.8807042325156256,0.789816100862742,0.8829428197753632,0.7722184860791488,0.8438223286576854,combined_data.csv
24,135,5,medium,medium,0.1111491409732339,-0.100151124010136,0.1090102944429678,0.1544579249398442,-0.235926607405067,0.8789894477920495,0.7649722433916991,0.8755586243020588,0.7712809036721088,0.8405777701957646,combined_data.csv
24,142,5,medium,medium,0.1161714190430213,-0.0919074395054663,0.1216306894291171,0.1542841128193094,-0.1840147964258021,0.8773667216322417,0.786319822244058,0.8698518864144853,0.7677622241991708,0.831073619955214,combined_data.csv
24,143,5,medium,medium,0.1084791129953914,-0.0122690753242282,0.1099544000349704,0.1775248538591947,-0.2273483389130712,0.8830478927590696,0.7642680979479948,0.8778959096027459,0.7526517346239504,0.8523483389130713,combined_data.csv
24,145,5,medium,medium,0.1104956618233463,-0.0235610243651966,0.1202819902782205,0.1455129497370939,-0.2585388694746178,0.8829097496074049,0.7676255951011053,0.8708576501609773,0.764290016597363,0.8391840307649403,combined_data.csv
24,147,5,medium,medium,0.1172288662169547,-0.0691949762322425,0.0948645214307249,0.1818138496646153,-0.2838965603770143,0.8753624341338262,0.7741236576150867,0.8940646215811606,0.7727470757114134,0.8375364071203093,combined_data.csv
24,151,5,medium,medium,0.1266761976103597,-0.1261380157398403,0.15228950618147,0.174810920069644,-0.1691947649031948,0.8678261450826961,0.6945809199499045,0.8402798168468048,0.7325307196128037,0.8091947649031948,combined_data.csv
24,155,5,medium,medium,0.1093351525455504,-0.0810228260239662,0.1094917053715023,0.1300768950897839,-0.2486542543111788,0.883092615914846,0.788000683122695,0.880107884013847,0.7932284795952492,0.8243498353259088,combined_data.csv
24,158,5,medium,medium,0.1165212693077334,-0.0169101951562522,0.124006472692054,0.1767752512364854,-0.1986682267598437,0.8775565112063086,0.7845885168713305,0.86701638367919,0.7547530959833693,0.8272396553312722,combined_data.csv
24,166,5,medium,medium,0.1164608223329246,-0.0766935719744386,0.1033814699176622,0.1163813492738023,-0.2606741820175058,0.8738345565336362,0.7684422673250866,0.8819787724048019,0.7772103542117356,0.8440075153508391,combined_data.csv
24,168,5,medium,medium,0.12058032332622,-0.1160635416073028,0.1214630086659008,0.1321733251883667,-0.2220372728883677,0.8714164768006138,0.818262823487719,0.8670588673230822,0.7865162681604402,0.8280978789489737,combined_data.csv
24,169,5,medium,medium,0.1064925126659579,-0.063729711832811,0.1025219188354293,0.1298112214667897,-0.225376444501838,0.8825114374347405,0.7851469515361914,0.8816948426293384,0.7835288013804764,0.8407610598864534,combined_data.csv
24,171,5,medium,medium,0.1187618296213516,-0.0090302054978955,0.1135270403071738,0.2047800179629183,-0.2117027652308294,0.8748544086583094,0.7725760262088397,0.8773003805687883,0.7279978113261368,0.8089249874530516,combined_data.csv
24,192,5,medium,medium,0.111743361604331,0.0158028537040649,0.1204712723813223,0.1581416814638123,-0.2149397789231206,0.8802862908395045,0.7953257674777503,0.8682833901280818,0.771124326781869,0.8215415105248522,combined_data.csv
24,202,5,medium,medium,0.1078573470176015,-0.075988803347603,0.1238289721304547,0.1558835248052998,-0.1774840355906815,0.8842610183033325,0.807493882415578,0.8643943224450854,0.7831308472299209,0.8226453259132622,combined_data.csv
24,203,5,medium,medium,0.1305226204136185,-0.0857377320272833,0.1064527598299928,0.1615262573944675,-0.2415865107591795,0.8612512523940502,0.6854479984391917,0.8818312626416727,0.7590204451957174,0.8368246059972748,combined_data.csv
24,206,5,medium,medium,0.1095216941946234,-0.1045265257605947,0.1201174121873356,0.1508155538442929,-0.1558747765545517,0.8844490704195744,0.7663093849986986,0.8708977820883645,0.775545274553135,0.8225414432212184,combined_data.csv
24,207,5,medium,medium,0.1201816702891592,-0.0736463073969158,0.1199921752840331,0.1759675598123105,-0.2305220487871196,0.8731164228378472,0.7913415923030084,0.870374803536849,0.7798703297415431,0.8521436704087414,combined_data.csv
24,210,5,medium,medium,0.1240290505164077,-0.1053622990100879,0.114514203952608,0.189957352784449,-0.2234978677474234,0.8692340691595087,0.758932934673467,0.8762038540479633,0.7691007840324722,0.8406608771518121,combined_data.csv
24,214,5,medium,medium,0.1148248194481735,-0.041010287821229,0.1250446228716758,0.1587930152642297,-0.1768584768426498,0.8789894602104903,0.7311528089458533,0.866293298604069,0.7534070552682528,0.8290323898861282,combined_data.csv
24,215,5,medium,medium,0.1117875418252787,-0.0932594385841513,0.1067883791931351,0.1771155838883936,-0.1770195650119101,0.8802466274809398,0.8178016877587019,0.8824729872419245,0.7710982764295162,0.8340919334329628,combined_data.csv
25,32,5,medium,medium,0.1068066603382178,-0.121030236158988,0.1139496135466615,0.1568282326530993,-0.1643840309263632,0.887489204802142,0.8086968361982639,0.8782099055757407,0.7767968844757194,0.8310506975930299,combined_data.csv
25,33,5,medium,medium,0.1251994001889637,-0.067427753635169,0.1273556887307445,0.1200021414484834,-0.1712270892936401,0.8669376223329858,0.7203790805308732,0.8621476783159608,0.7558366134882408,0.8378937559603068,combined_data.csv
25,40,5,medium,medium,0.1270036742960016,-0.0731637238724156,0.1090630399659309,0.1728206647805343,-0.175020932094474,0.8647064506969439,0.7617005509046297,0.8798264418099921,0.7656260725478278,0.8416875987611407,combined_data.csv
25,42,5,medium,medium,0.1422991981373663,-0.014070258855046,0.225597190801166,0.1632359278474092,-0.1160064474054612,0.8509792485341785,0.5883337640212286,0.7654249824808694,0.7442572780081907,0.8660064474054613,combined_data.csv
25,51,5,medium,medium,0.1148669851965332,-0.0727988738677593,0.1197832986396336,0.1583016380420459,-0.1490246452652448,0.8796378192345453,0.7419918599177546,0.8720841407756488,0.7368761077040085,0.8527283489689486,combined_data.csv
25,53,5,medium,medium,0.1185751803700374,-0.0631558968507545,0.1079187777121774,0.0853834168226467,-0.1905990956206197,0.874186032948291,0.7577732937743112,0.8829883629957583,0.7681802800404472,0.8572657622872863,combined_data.csv
25,54,5,medium,medium,0.1138068770360664,-0.0589054284003485,0.1111908659090583,0.1214357993063651,-0.3113062968298147,0.87599549306947,0.8029653590762433,0.873502095304165,0.7559174696068072,0.8376951857187036,combined_data.csv
25,55,5,medium,medium,0.1116936522417424,-0.0783966453140643,0.1120707730034392,0.1172265093981618,-0.320183604213021,0.8823359385108662,0.8067683292988335,0.8799859648431752,0.7913530876675424,0.8349022189316357,combined_data.csv
25,57,5,medium,medium,0.1140228992668204,-0.1304106532449893,0.109291856178349,0.1363179502845584,-0.1058557183012792,0.8799494121434711,0.7969961523348474,0.8816636802753434,0.7792499236696093,0.844986153083888,combined_data.csv
25,61,5,medium,medium,0.1120741156787474,-0.0668432085379785,0.1215008821169456,0.1470476233881762,-0.0950280535690948,0.8814793756583269,0.8164869254873969,0.8718588133930141,0.770349269965387,0.8270793356203769,combined_data.csv
25,62,5,medium,medium,0.1148682332268796,-0.0647556702869444,0.1301146565053256,0.0677403432685805,-0.1459921340323453,0.8779842294462759,0.7109627650148164,0.8624830585649182,0.7573040775902776,0.8459921340323453,combined_data.csv
25,66,5,medium,medium,0.1108401242685277,-0.0750618008499285,0.125229589336167,0.141285221423995,-0.103629833102681,0.8824122453623041,0.7071781760200742,0.8654716704817367,0.7407812559858944,0.8356872493706237,combined_data.csv
25,70,5,medium,medium,0.1296438891866145,-0.0272585191329906,0.1367510688355274,0.1047057378136724,-0.0731175668312192,0.8638534748432043,0.7076394728806195,0.8540693189663249,0.7612398507066659,0.839784233497886,combined_data.csv
25,73,5,medium,medium,0.1140013969603611,-0.0984223360005966,0.1089343681267395,0.1658850008103218,-0.1481666024248735,0.8780250915774402,0.8076958982187765,0.8804452570291036,0.7523195195035999,0.8356666024248736,combined_data.csv
25,75,5,medium,medium,0.1085597875767014,-0.1312197927937245,0.1155990038712589,0.1392626071445054,-0.1811927482840629,0.8835305222170401,0.8126731808523956,0.8743800670989242,0.7775299267368709,0.8188190109103256,combined_data.csv
25,81,5,medium,medium,0.1211826725498149,-0.1096838656312167,0.1206837787159493,0.1428068048491498,-0.1302197396088559,0.8719674902744963,0.7343351186034783,0.8699444566686627,0.7655893975892982,0.8302197396088559,combined_data.csv
25,83,5,medium,medium,0.1102476677400678,-0.0360782483653039,0.1145121063853392,0.152780319583852,-0.1567986700270093,0.8820836932453507,0.7960945545042104,0.8757512252323658,0.7655272814069671,0.8386168518451912,combined_data.csv
25,84,5,medium,medium,0.1208639903802589,-0.050948231129607,0.1319767890140037,0.1119050591881495,-0.1566818628368013,0.8723694765673141,0.816592236337077,0.8594595092299392,0.7821064471504081,0.8505594138572096,combined_data.csv
25,88,5,medium,medium,0.1219877993312122,-0.1106410482486824,0.1186780280689041,0.1294656118105398,-0.0633138687119452,0.8705275177184857,0.7292065137689779,0.8729494807637421,0.7662293695802779,0.8410916464897231,combined_data.csv
25,89,5,medium,medium,0.1082874297828232,-0.0839052382733648,0.1037689839214434,0.1228940415328653,-0.2019915966887171,0.8852201267777358,0.8044362654667033,0.8878558378049597,0.780411313440145,0.8269915966887171,combined_data.csv
25,91,5,medium,medium,0.111071117732842,-0.0880977294223729,0.1159660113424193,0.1508892552484372,-0.2532157111828309,0.8821763811054546,0.7889466139510847,0.8756187642047562,0.7503208332193281,0.8441248020919219,combined_data.csv
25,97,5,medium,medium,0.1114325954069402,-0.1056222991358828,0.1150114658302144,0.1558950231635284,-0.1015069678320151,0.8809694884716078,0.8078340839819593,0.8761739281372751,0.7732120191060708,0.8365946871302609,combined_data.csv
25,105,5,medium,medium,0.1137014420184266,-0.1066031658159202,0.1308181104370318,0.1560158743028948,-0.1149615492597428,0.8806323336805872,0.7892281439203002,0.8618508386678242,0.7543325046606051,0.8208439022009193,combined_data.csv
25,108,5,medium,medium,0.111332090818081,-0.0962547369377142,0.1054785714749005,0.1649134108427782,-0.0800809775671945,0.8826964614979117,0.7539548524232089,0.8866338819081191,0.7680827387048621,0.8338688563550734,combined_data.csv
25,115,5,medium,medium,0.106799041560996,-0.091614878194002,0.1072821235310583,0.1043283551124929,-0.2021109766273917,0.8862847737414697,0.8167748093520235,0.8841929911881419,0.773235553496764,0.8392583120505892,combined_data.csv
25,117,5,medium,medium,0.1091900916565341,-0.0251119594395352,0.0941739716683486,0.1366027891609834,-0.1866417924135193,0.883167450553881,0.7647958790475282,0.8964780863302232,0.7612914710649425,0.8248236105953375,combined_data.csv
25,121,5,medium,medium,0.1259569621711399,-0.1145490403230868,0.1356153448400675,0.1424315817977491,-0.2165628714152281,0.867546436067657,0.7982329274444866,0.8569929015631295,0.7635841816836905,0.8465950775343908,combined_data.csv
25,133,5,medium,medium,0.1134948793489297,-0.0761371381217974,0.1137505527732288,0.1748740650738648,-0.1029784940756384,0.8798428980202477,0.8180787003062597,0.8788042180608178,0.7622412120777026,0.8398205993387964,combined_data.csv
25,135,5,medium,medium,0.1061282376563739,-0.0865914356737749,0.1088445636230343,0.1614033012224943,-0.0996259733943729,0.8844041427622462,0.796658205581648,0.879904572451066,0.7717193059556343,0.8329593067277064,combined_data.csv
25,142,5,medium,medium,0.1096035384121401,-0.0740314812904615,0.1072993488788742,0.1258948367627392,-0.172299037301266,0.8839383694242887,0.7943986022339603,0.8841501234881042,0.7697876077183541,0.8389657039679328,combined_data.csv
25,143,5,medium,medium,0.1222855025485157,-0.0535345988815502,0.1274294816013671,0.1145214249475296,-0.4373830327027278,0.87068735229146,0.6709829968590579,0.8627751692296275,0.7621708751724997,0.8498830327027278,combined_data.csv
25,145,5,medium,medium,0.1132300116268342,-0.0769498688864704,0.1039618565576724,0.1009564972272389,-0.0940439409643046,0.8798979473698177,0.8060254999761907,0.8874242838930764,0.762542655040889,0.8248131717335355,combined_data.csv
25,147,5,medium,medium,0.1075167749651841,-0.0164192264217016,0.1076959490647929,0.1429436073845672,-0.0960295114090319,0.8849881711390852,0.769462842157107,0.8841451271112726,0.7751686987969124,0.8328716166721899,combined_data.csv
25,151,5,medium,medium,0.1087677367400509,-0.0380537905067808,0.1110362867951796,0.1411615856073258,-0.1612892185989834,0.8858456467416231,0.7630890132499135,0.8821169748772433,0.7512087599737829,0.8387085734376932,combined_data.csv
25,155,5,medium,medium,0.114228569537786,-0.0860051310418954,0.1211961527245076,0.1218770826940204,-0.1326522587604677,0.879234514981903,0.7858057951389392,0.8706607267269635,0.7704491759753038,0.8469379730461819,combined_data.csv
25,158,5,medium,medium,0.1177749314143454,-0.0956954296131465,0.1136634805547829,0.1136026481048207,-0.2412677307844645,0.8754847693839283,0.8149198278273492,0.8782838378852521,0.7880368656391264,0.8412677307844645,combined_data.csv
25,166,5,medium,medium,0.1077395620393129,-0.0468396137333083,0.1116500022317191,0.1352935912750766,-0.1144414928115552,0.8829144207830206,0.8041127500525591,0.8766402149928486,0.7789319124721892,0.8287272070972694,combined_data.csv
25,168,5,medium,medium,0.1125349712421096,-0.0802835784346863,0.1108539128021212,0.1476149754388063,-0.1178811956693135,0.880414208595549,0.7883488803274713,0.8811111625463067,0.7648101517223489,0.8321669099550278,combined_data.csv
25,169,5,medium,medium,0.1092581763283564,-0.0961275331923552,0.0980025285319218,0.1038149257079881,-0.1920611788846353,0.8811319309084825,0.8192062798715107,0.8896954969897861,0.7809956856836551,0.8349183217417782,combined_data.csv
25,171,5,medium,medium,0.119344326171538,-0.1005051980622219,0.1249026957234107,0.1591747185540442,-0.2266207063666316,0.8743962344009437,0.7766107433885788,0.8662877849955574,0.7587615477903764,0.8442677651901611,combined_data.csv
25,192,5,medium,medium,0.1089900264830538,-0.0687490030135355,0.1042340962546017,0.1265606631792404,-0.2331764039143431,0.8838097403873516,0.7589285465145881,0.8862725228211212,0.766097606178107,0.83843956180908,combined_data.csv
25,202,5,medium,medium,0.1191239294914444,-0.1089421872359134,0.1152147082239642,0.1563481426493564,-0.1506671618971069,0.8738779898123668,0.7906737624798622,0.8758476510159194,0.7616397584287744,0.8324853437152888,combined_data.csv
25,203,5,medium,medium,0.1355179292213274,-0.0458677114497374,0.1553934289234573,0.1151173487743981,-0.1373368673226536,0.8569247958876957,0.6111610040855648,0.8350203175410963,0.747255750545466,0.8329890412356971,combined_data.csv
25,206,5,medium,medium,0.1144553720889656,-0.0997812808734384,0.1055768729121348,0.094042150771914,-0.1416048711572543,0.8795204413883427,0.8042933019897627,0.8870908656292622,0.7795279911394593,0.8312600435710474,combined_data.csv
25,207,5,medium,medium,0.1071888886470942,-0.0796154072059408,0.1027737716158473,0.1428856568163728,-0.2377047376429315,0.8856434128743861,0.8243241112956321,0.888217763132705,0.7772936164166845,0.8259400317605785,combined_data.csv
25,210,5,medium,medium,0.1174958473292445,-0.0772473214724731,0.1432637760157268,0.1436148226477903,-0.101772303552825,0.8765387473861433,0.7378533596516019,0.8496799729357258,0.7295514802473473,0.8290450308255524,combined_data.csv
25,214,5,medium,medium,0.1183826982502161,-0.0533224068483054,0.11780336004081,0.1252596632116829,-0.1329506727262897,0.8755442481598891,0.7563552646882378,0.8736758441803784,0.7618079911853096,0.8286028466393331,combined_data.csv
25,215,5,medium,medium,0.1188232597782561,-0.0854713094671111,0.1238912152559538,0.1257157955804019,-0.0770699953624964,0.8742186293698511,0.7759783341091393,0.8675337084925276,0.7832120301749766,0.8139121006256544,combined_data.csv
32,33,5,medium,medium,0.1087264650339536,-0.0474469720344042,0.1004512211382931,0.1408717237895186,-0.1245705890082519,0.8834770553888172,0.7802376322559794,0.8889849891153795,0.7513846184540957,0.8102848747225376,combined_data.csv
32,40,5,medium,medium,0.1169142376033599,-0.0649550121876392,0.1079345645624789,0.1335009103988881,-0.220283877268643,0.8756965451934001,0.7800636794972244,0.8821319701545378,0.7571327661887457,0.8452838772686431,combined_data.csv
32,42,5,medium,medium,0.1341412721866204,-0.0432305447819506,0.1807596402721525,0.1541179614733547,-0.1305535635092265,0.8596143651779568,0.6797934681264961,0.810737425464931,0.7345881170167137,0.8239296318852949,combined_data.csv
32,51,5,medium,medium,0.1202711414809544,-0.0167388609309387,0.1225833738418004,0.1854320278499771,-0.1689581583158187,0.8742084232128022,0.790103161517531,0.8704628567413377,0.7348410004209568,0.8356248249824854,combined_data.csv
32,53,5,medium,medium,0.1148238102121146,-0.0729205957058237,0.1277887079405678,0.1088789293802346,-0.2347877088664759,0.8779360006645464,0.7808439887306128,0.8644754798260056,0.7740610576153216,0.8635560120533838,combined_data.csv
32,54,5,medium,medium,0.1108926755658088,-0.0959948711916786,0.1008119600972784,0.1272594737986067,-0.2820213280151905,0.877807067210097,0.806510089058749,0.8825664715221525,0.7710537024861637,0.840091435873434,combined_data.csv
32,55,5,medium,medium,0.1225154229055004,-0.0595896723862249,0.1108552727923455,0.1727621477796582,-0.2700161558125018,0.8713152463377387,0.7639917523570027,0.8804703920621434,0.7695859463928352,0.8300161558125019,combined_data.csv
32,57,5,medium,medium,0.1194655876394752,-0.1243954046312295,0.1077062914606497,0.138472227984421,-0.1619139584307541,0.8736967049925072,0.804511757802749,0.8837139483010283,0.790651752900126,0.8285806250974208,combined_data.csv
32,61,5,medium,medium,0.1205070670238296,-0.0556372439338387,0.1223027792647584,0.1417320746500319,-0.1956457010136416,0.8734926532970433,0.7955342952835237,0.8714646642407671,0.7853463812276507,0.8508181148067451,combined_data.csv
32,62,5,medium,medium,0.1189187010462033,-0.0479243586054272,0.1340131689189758,0.1408181201720045,-0.1803522771473793,0.8744013707327506,0.7422194368071637,0.8575807832038356,0.7882626660814205,0.8099819067770091,combined_data.csv
32,66,5,medium,medium,0.1141024315932502,-0.0885023828640264,0.1228770678308218,0.1297335678613548,-0.1513282949998532,0.87879860773795,0.7636968434922614,0.8687050531969174,0.7630538368120872,0.8321793588296406,combined_data.csv
32,70,5,medium,medium,0.1211872877960716,-0.1146222819150845,0.1260500232334818,0.1712900667008219,-0.1657297340670119,0.8721009124994654,0.7774770784205894,0.8655131876981433,0.7604017607187367,0.8414054097426877,combined_data.csv
32,73,5,medium,medium,0.1043184209073657,-0.1349084661044506,0.1053097497171363,0.1511456686659842,-0.1782988996092002,0.8868469850562728,0.7908326020429428,0.8844940042939684,0.7724574106006804,0.821156042466343,combined_data.csv
32,75,5,medium,medium,0.1187771495566369,-0.0598367613425465,0.1167806702016582,0.1104539161680087,-0.1921360340303004,0.8720488793661184,0.7788888525781077,0.8707245343723539,0.7693913719656578,0.8321360340303005,combined_data.csv
32,81,5,medium,medium,0.1118909537944747,-0.0791573837975371,0.118132998881147,0.1766621696581423,-0.1900251161545225,0.8808018915168832,0.7609934887691538,0.8721835847767273,0.7496441756757293,0.8438712700006765,combined_data.csv
32,83,5,medium,medium,0.1186916465504153,-0.0483112324711521,0.1050083868011834,0.1019370796472117,-0.1740581469221892,0.8744298298538472,0.7627686158283971,0.8849389450266905,0.7930463366555819,0.8532025319489271,combined_data.csv
32,84,5,medium,medium,0.1081858657645664,-0.0795163765746476,0.1102279228054042,0.1458803109132037,-0.1828715765737902,0.8850711691158943,0.8114191679829872,0.8811392173713422,0.7576974435337548,0.8350454896172685,combined_data.csv
32,88,5,medium,medium,0.1169818034994674,-0.0644933702309247,0.1169840176660694,0.141864683073047,-0.1998385344601052,0.875802363711405,0.739681430360901,0.8745835044820073,0.7479168689536408,0.820528189632519,combined_data.csv
32,89,5,medium,medium,0.1119694791484715,-0.0985831313266336,0.1108575011539052,0.1369001688613287,-0.1859497295414711,0.8809635688844407,0.8015067213129388,0.8801983513132695,0.7580895783692245,0.8381236425849493,combined_data.csv
32,91,5,medium,medium,0.1100578027300902,-0.0310493005682467,0.13073397666954,0.1715486408072981,-0.3007437255798809,0.8837792023913027,0.811805730173976,0.861487879998988,0.7710585024343731,0.8461982710344264,combined_data.csv
32,97,5,medium,medium,0.1136578931712611,-0.0674637844746723,0.1283492861687215,0.1389227052425056,-0.1504648300008313,0.8801705500915471,0.7953923915368168,0.863861252435483,0.7759178886963809,0.8284602217059005,combined_data.csv
32,105,5,medium,medium,0.1115691723641586,-0.1364875135524718,0.1028162568121328,0.16130876709789,-0.1763981229009708,0.8834434231924008,0.791360978852189,0.8903730268179662,0.7902716626609778,0.8315705366940742,combined_data.csv
32,108,5,medium,medium,0.1043401004172218,-0.0855169474594028,0.123990584575877,0.1418375144395045,-0.1990205194320008,0.8892304353619513,0.7952466407649008,0.8676052048498806,0.7811117852968248,0.8418776622891436,combined_data.csv
32,115,5,medium,medium,0.1111876295260331,-0.1589524816547031,0.1029302810227738,0.1795624649791583,-0.1706670199426834,0.8805873348162128,0.8038435432073819,0.8865660659408304,0.758412430664654,0.8280603126256102,combined_data.csv
32,117,5,medium,medium,0.1169996950665954,-0.0527211265230417,0.1017119865997112,0.1448175560994311,-0.1837157055651737,0.8753015336789313,0.7871284993958328,0.8872851518942537,0.7729509423961627,0.8323643542138224,combined_data.csv
32,121,5,medium,medium,0.1117564241658187,-0.147652201223748,0.1160098608201251,0.1338247542687214,-0.1825589096414139,0.8817976046766728,0.8140211296886237,0.8762477573154176,0.7923597913376017,0.8370681934610427,combined_data.csv
32,133,5,medium,medium,0.1139395127554151,-0.1001313036204595,0.1127465103281432,0.1847320049424605,-0.2084234323105683,0.8800053307336406,0.7972780144230883,0.8800411685562877,0.7691207766879724,0.8334234323105684,combined_data.csv
32,135,5,medium,medium,0.111604147088742,-0.1170148761544354,0.1047117410609697,0.139225308960582,-0.1528338459252123,0.8782284362129623,0.8073879563400896,0.8837880564433839,0.7585896016905691,0.8346520277433942,combined_data.csv
32,142,5,medium,medium,0.11368406545362,-0.1070173345096988,0.1171174515212278,0.131969725855126,-0.2381584216489559,0.8795484043543111,0.8058551546899321,0.8740157093554871,0.771957971125272,0.8381584216489559,combined_data.csv
32,143,5,medium,medium,0.1226955852831617,0.0061812711816449,0.1288691401606521,0.1040791002474996,-0.2600155208289217,0.8696253278077719,0.6935140848595038,0.8597196265350561,0.7841221911457255,0.8353943087077096,combined_data.csv
32,145,5,medium,medium,0.1155568320546764,-0.0582143183014459,0.1244514760651949,0.149330136604498,-0.1417882600134978,0.8780875182582425,0.7913124910160865,0.8670102716158103,0.7754831899076207,0.8362327044579424,combined_data.csv
32,147,5,medium,medium,0.1162565360969255,-0.0313549696434816,0.1183849602792292,0.1723180194269867,-0.2082455289523056,0.876083569475863,0.7663377443748236,0.8719383971262294,0.7838578875488553,0.849674100380877,combined_data.csv
32,151,5,medium,medium,0.1232655691796767,-0.0653150974073173,0.1490710270926828,0.156502345559644,-0.1931683352339975,0.8714171697049923,0.7114442275909003,0.8442460077524123,0.7358134555420285,0.829531971597634,combined_data.csv
32,155,5,medium,medium,0.1224641935908499,-0.0659256572056971,0.1201733037877995,0.1453375772726878,-0.182536886687761,0.8701809128585039,0.7834429953317193,0.8709164496407994,0.7618810113615948,0.8347107997312393,combined_data.csv
32,158,5,medium,medium,0.1169513681385764,-0.0830258631907642,0.1294033141816546,0.1604480995218286,-0.2248059476062943,0.8767619161673992,0.7921115239057371,0.8627913982162113,0.7802350266755791,0.8266927400591245,combined_data.csv
32,166,5,medium,medium,0.1076212837981319,-0.1240042486245953,0.1080935701871873,0.120161683810267,-0.1245605653860904,0.8831599068630436,0.8008401991687706,0.8797353036817676,0.7745310075112819,0.8202127392991339,combined_data.csv
32,168,5,medium,medium,0.113714982005166,-0.1143361637730178,0.1258109837867048,0.1204197387157114,-0.1891053961600101,0.879316935635203,0.7996452650274406,0.8651237663200394,0.7760399275642247,0.8476419815258637,combined_data.csv
32,169,5,medium,medium,0.108807021167434,-0.0697090947221392,0.1048123546193825,0.0960921960833299,-0.1787671716028838,0.8823653473887705,0.7866891994991649,0.882793562723819,0.7940069621809607,0.8350171716028838,combined_data.csv
32,171,5,medium,medium,0.1234965304216977,-0.0466399368730907,0.1326857350253375,0.1718089840920111,-0.2588182375888733,0.8707215344268651,0.7946716581361395,0.8594774102560437,0.7589083875526279,0.8259353547059906,combined_data.csv
32,192,5,medium,medium,0.1153461224093986,-0.1112204134833311,0.1400556726722184,0.1443856949113293,-0.271525220316491,0.8765865991420546,0.83202205628248,0.8496967701210232,0.7837524756650056,0.8572395060307767,combined_data.csv
32,202,5,medium,medium,0.1194973882720101,-0.0803116340205394,0.1049202209203592,0.1522770935444222,-0.1166138967130332,0.8725568527722656,0.7912514771862924,0.886182927191307,0.7693424231021098,0.8195295783521191,combined_data.csv
32,203,5,medium,medium,0.1419983451212777,-0.0439554747490661,0.1244906845800511,0.1505521870117772,-0.1834889093596388,0.8517700622768409,0.6921254915435735,0.8667064519687812,0.7325413702329866,0.8653070911778207,combined_data.csv
32,206,5,medium,medium,0.1128481277394065,-0.1201077638241505,0.1075267453672322,0.1458723634748021,-0.1800173645356191,0.8804629693631608,0.7901794588868449,0.8849195377709579,0.7598843612423721,0.8345266483552478,combined_data.csv
32,207,5,medium,medium,0.1084123178070949,-0.1122541734687544,0.1001165718627825,0.1395372896195995,-0.1946434435656071,0.8848818629909402,0.7858641009394299,0.8904822396898089,0.7747243287037053,0.8310070799292435,combined_data.csv
32,210,5,medium,medium,0.106432786272859,-0.1331144974035571,0.1139638360472713,0.2022323526085173,-0.1436895155869907,0.8875395734132138,0.792063662586127,0.8785466953684209,0.7437138961523675,0.8022261009528443,combined_data.csv
32,214,5,medium,medium,0.1152444777915477,-0.0773407631868337,0.1386425960859405,0.1685607108185397,-0.2145090289644571,0.8778021691905336,0.7532572608113067,0.852872065029395,0.7633865903728884,0.8321560877879866,combined_data.csv
32,215,5,medium,medium,0.1060898132240283,-0.0771534980875398,0.1083706244326707,0.1128776638318063,-0.1769950137808353,0.8876715739971062,0.8190688407071073,0.8835411239607224,0.7848814390435197,0.8332450137808354,combined_data.csv
33,40,5,medium,medium,0.1109995901634655,-0.0684706137128292,0.1111264933028947,0.1269794295909153,-0.2060533611603503,0.8768651148021459,0.8070323762673497,0.8709849868783903,0.7665004264651567,0.8393866944936836,combined_data.csv
33,42,5,medium,medium,0.1213600425623113,0.0713320035832004,0.1001201207796326,0.2068058373394246,-0.2659125950914175,0.8669721233890539,0.621199474813461,0.8815190321088012,0.7115278196965278,0.8627875950914174,combined_data.csv
33,51,5,medium,medium,0.1212464022120481,-0.0239808734942366,0.1196051178332326,0.1437303532335796,-0.1690165832758982,0.8696404232497663,0.7896467182755458,0.8678378700768385,0.7643359321180606,0.8356832499425648,combined_data.csv
33,53,5,medium,medium,0.1148616258732941,-0.0999333438937337,0.1219236678542543,0.0557360181861927,-0.1680854342999453,0.8739064800242571,0.8095651827772823,0.8615542111560808,0.8032937919241445,0.826622019665799,combined_data.csv
33,54,5,medium,medium,0.1028401856088668,-0.0108666293102124,0.1124686961302954,0.167931867293712,-0.2067543376279169,0.8818979889653953,0.7530215459051603,0.8641810575570683,0.7608600224853233,0.8274439928003307,combined_data.csv
33,55,5,medium,medium,0.1213100618634498,-0.0352865036627365,0.1339083806976556,0.1383511204512186,-0.2578950545335147,0.8704357339614122,0.7345807566354174,0.8543668554437827,0.7523672688229204,0.8531331497716099,combined_data.csv
33,57,5,medium,medium,0.1053005762724896,-0.0951498770566966,0.1003219114134236,0.1135201193881005,-0.1539616786598321,0.8840276398333644,0.8180176706060599,0.8837613811271231,0.7765826526309871,0.835779860478014,combined_data.csv
33,61,5,medium,medium,0.1172148542464265,-0.0896703974298444,0.1251713840308811,0.1399239634344423,-0.2050655219321134,0.8754071424052325,0.7547296029401844,0.8667493313376905,0.7764224117898537,0.8383988552654468,combined_data.csv
33,62,5,medium,medium,0.1051070966593608,-0.0455545531507054,0.1045434219966038,0.1057184366748551,-0.116534905102573,0.8839403820909792,0.7614435116307371,0.8791467290800444,0.7379381179181841,0.7939542599412828,combined_data.csv
33,66,5,medium,medium,0.1028383065754522,-0.0695546374516409,0.1050884519645033,0.1621065495658573,-0.1202489438576923,0.8874415214221896,0.7810527698365908,0.8808962626140914,0.7429763106292067,0.8299711660799146,combined_data.csv
33,70,5,medium,medium,0.1153013340904972,-0.0556202327554856,0.0883307470748198,0.0975319380565482,-0.2067338789006557,0.8752353522497591,0.7718955120404006,0.8984412520246319,0.7560185192422224,0.8474963422437642,combined_data.csv
33,73,5,medium,medium,0.1097569393639906,-0.0626689230652679,0.1175587000752529,0.1878925845119931,-0.1799897107782925,0.878022983626276,0.7421508766689762,0.8647810875278531,0.7534379490099699,0.8321636238217708,combined_data.csv
33,75,5,medium,medium,0.1047470053935073,-0.1044457175596828,0.1312318770534922,0.1299740423752662,-0.1794875716537514,0.881785175328514,0.8276016389349228,0.8521503174317038,0.781229382515217,0.8373823084958567,combined_data.csv
33,81,5,medium,medium,0.1045844472525133,-0.0591481437850833,0.0976270691176975,0.1013181250007928,-0.1879772497646494,0.8843375770955867,0.7695610885100103,0.8846247981113793,0.7683559706309006,0.8375936180510944,combined_data.csv
33,83,5,medium,medium,0.1216185468695528,-0.0626847544526238,0.1228668877199361,0.1772127260829836,-0.1833787825073012,0.8682753003008479,0.7401386103537486,0.8639157974198488,0.7481419877421704,0.8500454491739678,combined_data.csv
33,84,5,medium,medium,0.1157982393180089,-0.0866851853248946,0.1238895677704234,0.180696012448149,-0.1816166562093671,0.8742759343868649,0.7771652230901571,0.8654589037134938,0.7575532218158392,0.8264195235928797,combined_data.csv
33,88,5,medium,medium,0.1170884316028315,-0.1605664548711506,0.1275922128942416,0.1240550139434509,-0.2405780041723918,0.8722431806627756,0.8289895337411088,0.8583549464118327,0.7489576532409756,0.8239113375057252,combined_data.csv
33,89,5,medium,medium,0.1072670407550042,-0.012190017150408,0.1155296569261526,0.1742483546463858,-0.2283199263844181,0.8826670395084251,0.7627222308358697,0.8716851771627326,0.7531259763456566,0.8490095815568318,combined_data.csv
33,91,5,medium,medium,0.1062433639301496,0.0234077974385836,0.098060595960178,0.1559827919986476,-0.2493336076923938,0.8838337204348086,0.7665620579823808,0.8879708430787104,0.7725078185034833,0.8444542217274816,combined_data.csv
33,97,5,medium,medium,0.1103208724658394,-0.0697375096843738,0.1181378594581468,0.1282213198245948,-0.2337461223787967,0.8787700642362336,0.7645340778218506,0.8665185754008454,0.7768524111017694,0.8527937414264157,combined_data.csv
33,105,5,medium,medium,0.1202144504153458,-0.0266476886789668,0.0956555691435357,0.0944352833673174,-0.1384289935502222,0.8738922367728874,0.7737300011418675,0.8969174051550708,0.7621135782965535,0.8340811674632657,combined_data.csv
33,108,5,medium,medium,0.1094675529891613,-0.125549040291253,0.0972547785728432,0.1096882530938483,-0.1194569745421429,0.8813421609230829,0.8447589709872559,0.8894797218568465,0.7833379907085329,0.8231606782458467,combined_data.csv
33,115,5,medium,medium,0.1179475063819289,-0.1049177417259217,0.1190056325379183,0.1270473121715413,-0.1765046603961629,0.8713135017193335,0.781104402100735,0.8658359502808832,0.7718335211439775,0.8226147173221592,combined_data.csv
33,117,5,medium,medium,0.1118681071166403,-0.0321952674831441,0.1279275252643462,0.1765478636160117,-0.1781938821276257,0.878234441248062,0.7224648534399706,0.8587966757120021,0.7608287521909405,0.8312039155724419,combined_data.csv
33,121,5,medium,medium,0.1126148592721716,-0.1700871732897526,0.1085376915083425,0.1663863778296079,-0.1469888205612946,0.8794420909533789,0.7771203842433978,0.8821059981283207,0.7566569337993674,0.8249842122663638,combined_data.csv
33,133,5,medium,medium,0.1090116753799761,-0.0860919144769553,0.1205612055578987,0.0902678389143459,-0.230886389020956,0.8823076622338508,0.7875858914349885,0.8687815732764219,0.7689575325457509,0.8413199933569994,combined_data.csv
33,135,5,medium,medium,0.1175349207340603,-0.0797494342879572,0.1119937002860531,0.1569800831272638,-0.1365702662255172,0.8708368330661249,0.7609725725141515,0.8717652667645548,0.7640212202043475,0.8365702662255172,combined_data.csv
33,142,5,medium,medium,0.1099652719578343,-0.1551132100126243,0.1162520529924243,0.1675481656972588,-0.2142155938328385,0.8823456736011813,0.7606684952956476,0.8739295149035476,0.7426611711620503,0.850579230196475,combined_data.csv
33,143,5,medium,medium,0.1213789050761208,-0.0342594305644132,0.1211486450920734,0.1968243468044394,-0.2097907675681811,0.8663001828767196,0.7523492892938646,0.8631077986461495,0.7297407294772361,0.829790767568181,combined_data.csv
33,145,5,medium,medium,0.1148365223790527,-0.0434375361556794,0.128886719193241,0.1100205844819016,-0.1565898180507602,0.8775429215221822,0.7613444858571544,0.8620711736895269,0.7621296514830493,0.8232564847174269,combined_data.csv
33,147,5,medium,medium,0.1173297854450555,-0.0853447901356252,0.1171216822368024,0.1544950083358348,-0.229130191719447,0.8719041044857335,0.8092899805231757,0.8675435086801232,0.7589742373514241,0.8587598213490768,combined_data.csv
33,151,5,medium,medium,0.1324766192409567,-0.1060667749667504,0.1767102079403899,0.1517439440890911,-0.2028716889361022,0.8619198159479429,0.6785934321061661,0.8145601206158111,0.7294876719880514,0.8343531704175837,combined_data.csv
33,155,5,medium,medium,0.1143061052846333,-0.073338524185318,0.117677539313736,0.1520089629228966,-0.133334785580748,0.873786516949179,0.7947164230706336,0.8664932862574698,0.7636027983307183,0.833334785580748,combined_data.csv
33,158,5,medium,medium,0.1174076672241385,-0.0214647825693327,0.1135991455687954,0.1379904058479909,-0.139356453295885,0.874062687327922,0.7624186255953828,0.8756277113159789,0.7453716768697736,0.8245416384810702,combined_data.csv
33,166,5,medium,medium,0.1057988736085643,-0.0318677956065747,0.1217736237288776,0.1123046014713964,-0.2334043949723384,0.8818566277056651,0.7645740642300318,0.8619239097972122,0.7592532175909821,0.825996987564931,combined_data.csv
33,168,5,medium,medium,0.1098665317310614,-0.1152809429283652,0.1213949598495129,0.1547440304854125,-0.1934618733435831,0.8795626788683597,0.761042586666764,0.8658605055339206,0.7478149232192479,0.8363190162007259,combined_data.csv
33,169,5,medium,medium,0.1207204934251295,-0.078626845006855,0.1251634636955375,0.1680059906049213,-0.2089299647480654,0.8680402139132983,0.7638273065401378,0.8564593390533041,0.747093991111532,0.8611038777915437,combined_data.csv
33,171,5,medium,medium,0.1238766661102858,-0.0821439811101708,0.1259126459414645,0.1241401200828071,-0.1851830031766951,0.8654229477245161,0.7987357423748699,0.8564939784943983,0.7592108945503196,0.8101830031766951,combined_data.csv
33,192,5,medium,medium,0.118459385264624,-0.0442646306942271,0.0961941898585468,0.1550897152244995,-0.2045661690225123,0.8693143107679372,0.7959741379982295,0.885904208028833,0.7566420945827839,0.8393809838373272,combined_data.csv
33,202,5,medium,medium,0.1164180069614303,-0.0411198182333477,0.1115009329514855,0.1415294238660068,-0.1848273959504482,0.8730164693160354,0.7983189013045856,0.8717329394985517,0.759814968055101,0.8370013089939266,combined_data.csv
33,203,5,medium,medium,0.1262226735085105,0.0851335921838674,0.1321598910534762,0.1148051780516117,-0.1893065655642568,0.8613302056662429,0.6277879195243325,0.8486880458017096,0.7628280995117778,0.8444789793573603,combined_data.csv
33,206,5,medium,medium,0.1145410641734793,-0.0729902300940028,0.1170756529135487,0.16974892760721,-0.174393589110789,0.877590893543723,0.7186579078344444,0.87316763211681,0.75001101845332,0.8306435891107891,combined_data.csv
33,207,5,medium,medium,0.1249560900950982,-0.1183850442841093,0.128019950010632,0.1413194864085915,-0.2388554120847638,0.8656626960898743,0.7336835902961674,0.8599960234112699,0.778845054457071,0.8242212657433003,combined_data.csv
33,210,5,medium,medium,0.1007178519777665,-0.0667026822194898,0.0783785201295588,0.1265094741906474,-0.1825000310032363,0.889803640586893,0.7944206580369526,0.908135736867624,0.7752637522017052,0.8355100644480524,combined_data.csv
33,214,5,medium,medium,0.1289061936282433,-0.0458273940474764,0.1373816209639684,0.1788544543466813,-0.1694661269873045,0.8631494282184106,0.6814807108176404,0.8509012160664082,0.7404460989003305,0.8512843088054864,combined_data.csv
33,215,5,medium,medium,0.1134659705791736,-0.0349351252708047,0.1090647654670757,0.1419760246943554,-0.1825280618198197,0.8766535261611831,0.7582019021469562,0.8791681494605965,0.7544869697108693,0.8225280618198196,combined_data.csv
40,42,5,medium,medium,0.1170031838397694,-0.0587807085568203,0.1367149985082346,0.1168650249237184,-0.1997912922639896,0.8701669975024552,0.6589431828531243,0.8424903003121686,0.7657184140508224,0.8186467581480689,combined_data.csv
40,51,5,medium,medium,0.1215557688812632,-0.0408723805326181,0.1031355044010173,0.1125311259279481,-0.1781546559232321,0.8688522581817263,0.7806217970518428,0.8827505362201075,0.7915451845942257,0.859972837741414,combined_data.csv
40,53,5,medium,medium,0.1028649096652069,-0.0550130603655365,0.10378394220483,0.053614727322101,-0.2037490656014818,0.8845127942043955,0.7799404812169387,0.8767860566853432,0.7924714702235867,0.8473998592522755,combined_data.csv
40,54,5,medium,medium,0.1076126645198426,-0.0303650505676225,0.1037553747716116,0.108254707507708,-0.2205294343306548,0.8767699932982058,0.7794764577930996,0.8734719045945866,0.7643060243178521,0.8305524758053092,combined_data.csv
40,55,5,medium,medium,0.1208184895205507,-0.0881968388660121,0.133403850041362,0.0882408854884074,-0.3057087365683444,0.8705337227213422,0.7727965328140275,0.8543540766236313,0.7816922528157914,0.8402325460921539,combined_data.csv
40,57,5,medium,medium,0.1101984671810113,-0.0634033409051996,0.106454196223572,0.1510559705247329,-0.190726949396825,0.8798196801214927,0.8096170004528057,0.8784679340359224,0.7959308883910106,0.8283532120230876,combined_data.csv
40,61,5,medium,medium,0.1143916140659905,-0.078996781479784,0.1116503327364001,0.1362306527536259,-0.1505229813142878,0.8775265811594464,0.7528639017803654,0.8781532860248987,0.7744455934264262,0.8428306736219802,combined_data.csv
40,62,5,medium,medium,0.1096111190576102,0.0127522957844422,0.1046088926713189,0.09238070967256,-0.2046494558296242,0.878541626731663,0.7378111792880845,0.8782817805994281,0.7586426572916799,0.8410130921932607,combined_data.csv
40,66,5,medium,medium,0.1020278833681446,-0.0488535985927309,0.0934806256074914,0.1105995976126824,-0.1806579518812938,0.8873791747487375,0.8066861765580604,0.889421447771409,0.785969886748602,0.8102875815109236,combined_data.csv
40,70,5,medium,medium,0.1098377506673501,0.0157481190642396,0.1187628631081552,0.0854910217192451,-0.1747143311246756,0.8806649944783616,0.7884098549383457,0.8668635937319564,0.7885376649371445,0.8413809977913423,combined_data.csv
40,73,5,medium,medium,0.1065633887909754,-0.110015836853796,0.0975236152221179,0.1491788456807521,-0.2037791692676608,0.8810599144727561,0.7586892180403997,0.8858127877907062,0.7710030990890727,0.8466363121248036,combined_data.csv
40,75,5,medium,medium,0.106686449775221,-0.0178805032117955,0.0981938325121311,0.1023880756933728,-0.1623361516406144,0.8814100143558038,0.7783784061135557,0.8841691460069927,0.772559952913644,0.822373675092772,combined_data.csv
40,81,5,medium,medium,0.1000148846377649,-0.0302562930380796,0.0882793232555273,0.1558564347289885,-0.206885261424824,0.8887658493389474,0.772680236697542,0.8965402960496273,0.7629861553117796,0.8402185947581573,combined_data.csv
40,83,5,medium,medium,0.1127390485888267,-0.0576319025607057,0.1077680337823137,0.1156535502324755,-0.1903787353825475,0.8778401568940704,0.7652410550346749,0.8788706829908925,0.7757172009176654,0.8355400257051283,combined_data.csv
40,84,5,medium,medium,0.1155219426599231,-0.1319137080368855,0.1104033417491467,0.1259565471007733,-0.1869904714731818,0.8751947642646785,0.7907372062556834,0.8759205887867104,0.7709805898571993,0.8421628852662852,combined_data.csv
40,88,5,medium,medium,0.1137025170536006,-0.0595441755507695,0.1146261963077716,0.1222619568635189,-0.2081677343896497,0.8739606491642005,0.8072901998037909,0.8711983475510741,0.7729118053146256,0.8354825492044646,combined_data.csv
40,89,5,medium,medium,0.106899882806194,-0.0439733944269674,0.1223812432856634,0.1136618650818866,-0.2167446123996146,0.8834409805691718,0.8100460965789255,0.86444697987089,0.7976905396602082,0.8228052184602206,combined_data.csv
40,91,5,medium,medium,0.1346918174503106,0.0258423503457051,0.1241952696139859,0.1413030081400663,-0.2650525631787269,0.8555711336101326,0.7924170900171438,0.8608159097596494,0.7679300079935278,0.8324184365147496,combined_data.csv
40,97,5,medium,medium,0.1131710702743152,-0.0409977468139524,0.113758167694161,0.1327845205533637,-0.1528513263575919,0.8756239236362109,0.8019550761583483,0.8723824997596401,0.7740142937142498,0.8124257944426982,combined_data.csv
40,105,5,medium,medium,0.1097166308407064,-0.0972600234555799,0.1074041060411807,0.1237108128442106,-0.1398759281527992,0.8814235545915484,0.7991976187464883,0.8796135233425288,0.7771545340298651,0.821981191310694,combined_data.csv
40,108,5,medium,medium,0.1011864026144585,-0.0510683403484784,0.1077957553151814,0.1306670351321125,-0.1346662786098785,0.887927844130303,0.7845804778218488,0.8775259887751738,0.7772096520849372,0.825142469086069,combined_data.csv
40,115,5,medium,medium,0.1021327944692245,-0.0783446450500644,0.0964249932060283,0.0778152647912424,-0.1634003006988726,0.8865909954997901,0.7807252485598828,0.8875892159709557,0.7935390671493078,0.8300669673655393,combined_data.csv
40,117,5,medium,medium,0.1092892166480061,-0.0597142371159096,0.1010149391425957,0.1366767348559951,-0.1903287631924229,0.8809080509318044,0.7779122369465612,0.8849732980852975,0.765227991616497,0.8569954298590897,combined_data.csv
40,121,5,medium,medium,0.1176676709171803,-0.0855840978097555,0.1056074985362863,0.1205050917859472,-0.1549747326434974,0.8717762145014814,0.7973264021102451,0.8805726614701141,0.7655911766578838,0.8349747326434974,combined_data.csv
40,133,5,medium,medium,0.1190766012938739,-0.0764562541065239,0.1145025404595101,0.1636879233041515,-0.1907902905675846,0.8719076360822923,0.7918747773310515,0.8734970036926933,0.7697570898285065,0.8271539269312211,combined_data.csv
40,135,5,medium,medium,0.0981605779305566,-0.0923076733381156,0.101866892945962,0.160895264563176,-0.1568889421364537,0.8906642310624767,0.7964003170673766,0.8844187774625404,0.7638970126335851,0.8333595303717478,combined_data.csv
40,142,5,medium,medium,0.1186544458986654,-0.1286651585204195,0.1087767956190707,0.1596156935582581,-0.1988579201181637,0.8715414736807879,0.7652293278754481,0.8786365888155472,0.7590751961511555,0.8240588201503077,combined_data.csv
40,143,5,medium,medium,0.1011242243018688,0.0032110819713921,0.0796266254521895,0.1306279084650407,-0.2212876644741086,0.8860138966653776,0.7699378156370545,0.9016045555485052,0.7534990660656345,0.8287972922019649,combined_data.csv
40,145,5,medium,medium,0.1238710205596922,-0.0289799929859286,0.1164682624450127,0.099247877576211,-0.201039582438532,0.8668136748356319,0.7526313613882715,0.8708005161732162,0.7536207851781836,0.8438967252956748,combined_data.csv
40,147,5,medium,medium,0.1076880374725479,-0.0940945672512119,0.1300673841311643,0.1205681793363215,-0.1833165427548045,0.8816951994298449,0.8243804504577261,0.8567300802488487,0.8009733605730986,0.8388110482493101,combined_data.csv
40,151,5,medium,medium,0.1252516566261087,-0.0611278157679823,0.1541705214899773,0.1637552314885687,-0.1854022963107343,0.8678217528225302,0.6805033401027472,0.8375702590369004,0.7316567472460077,0.839911580130363,combined_data.csv
40,155,5,medium,medium,0.1081306783970736,-0.1365440703395135,0.1051561975470172,0.1233977324825753,-0.1778730415368146,0.8809793211247134,0.7963350912000886,0.8783776382154147,0.7758867138349992,0.8300469545802929,combined_data.csv
40,158,5,medium,medium,0.1107878744613967,-0.0494708465253659,0.1123386176272195,0.1739350892654674,-0.1790297156436811,0.8797947133127062,0.7865870866757574,0.8758425909365506,0.7541946586461317,0.8329855246244366,combined_data.csv
40,166,5,medium,medium,0.1114208030372337,-0.0603520821530726,0.1143986353927495,0.1420218864241608,-0.163311748347295,0.8769626258850338,0.7826289887314253,0.8698119344511892,0.7526269267764565,0.8299784150139617,combined_data.csv
40,168,5,medium,medium,0.1075982573220027,-0.1404568371557835,0.1088081789865155,0.1029629820345766,-0.2082680429614269,0.8797497999247735,0.7842608517908687,0.8747155125112193,0.7745408161636277,0.8553268664908387,combined_data.csv
40,169,5,medium,medium,0.1068743846081825,-0.0694634352570774,0.1075965155806417,0.1336175561907977,-0.1727234186120947,0.8798430567110163,0.7823484324660227,0.8756350353612582,0.7601017532390869,0.8197822421415066,combined_data.csv
40,171,5,medium,medium,0.1100497321110329,-0.0923178681313774,0.1009216296676004,0.1222791067119047,-0.2288019412497676,0.8794401173543862,0.8039577139954968,0.8832385257604526,0.7872078327603499,0.8252931693199431,combined_data.csv
40,192,5,medium,medium,0.1144414572965732,0.0017274799104137,0.112830176684038,0.1080688953670122,-0.2320246974321633,0.8744136877571934,0.795834839263464,0.8713083844628662,0.7796599119098413,0.8474093128167788,combined_data.csv
40,202,5,medium,medium,0.0949313271401804,-0.0489617579381057,0.0907475059638809,0.1431640743311146,-0.230235379790719,0.8929521553212542,0.8256678244427191,0.8909845993019462,0.7564187591540732,0.8456199951753345,combined_data.csv
40,203,5,medium,medium,0.1104138444882982,0.0507084256691676,0.1459463740290872,0.1613312169399686,-0.1578792356906284,0.8781364254743405,0.6697596768882448,0.8336896530327902,0.7275823049461853,0.8130516494837319,combined_data.csv
40,206,5,medium,medium,0.1096643795423145,-0.1291555967149971,0.1127001274290858,0.0965379657074734,-0.1889564947887511,0.8816519626307021,0.7686671018774247,0.8766577603030411,0.7609767037793572,0.8446677016853028,combined_data.csv
40,207,5,medium,medium,0.1251656192993621,-0.0255875598110438,0.1190522584086377,0.1104522211228686,-0.2009301618523732,0.8653660838129902,0.7662147124597593,0.8665424216072006,0.7866034784038438,0.8423587332809446,combined_data.csv
40,210,5,medium,medium,0.1132456083404941,-0.0153039731934077,0.1233515007533984,0.1064634668257008,-0.1726396745991032,0.8742336416599421,0.7550651875437805,0.8607863545847046,0.7909844115403745,0.83930634126577,combined_data.csv
40,214,5,medium,medium,0.1175422475764318,-0.0498517021018564,0.1274344480924424,0.1549179016286564,-0.2079249019365109,0.8744288891728439,0.70315056877647,0.8609580276067132,0.749747354165046,0.8528828851297882,combined_data.csv
40,215,5,medium,medium,0.1082213039706014,-0.1078736306340868,0.0970000564910211,0.1354480990744591,-0.2209757614134505,0.8807928194296214,0.7799629881055139,0.8882714377695606,0.7656681694294919,0.8514105440221462,combined_data.csv
42,51,5,medium,medium,0.1148568759058565,-0.052142581004605,0.1245904544001043,0.2013334107151209,-0.1775465017917523,0.8786744068273504,0.7028571349062644,0.8677947844620296,0.7183934470498845,0.8755521997974504,combined_data.csv
42,53,5,medium,medium,0.1051640949926973,0.0346069669885105,0.1116216596671397,0.1192256537741972,-0.0887450344934548,0.882868474443471,0.695041315496004,0.8708623385022294,0.7390655485778128,0.8387450344934548,combined_data.csv
42,54,5,medium,medium,0.131400061813636,-0.0146628997711146,0.1789439964429159,0.1864713210772675,-0.3777657754809864,0.8532291226028025,0.5889801501334331,0.7970506237656811,0.7305073183647428,0.8499019983912032,combined_data.csv
42,55,5,medium,medium,0.1389817695616934,-0.0015395310824519,0.2057830198798845,0.1783580035268521,-0.4078029841600589,0.8534865756320604,0.582230273556454,0.7832773015909746,0.7626145143010952,0.8489794547482942,combined_data.csv
42,57,5,medium,medium,0.1274089027969742,-0.13705105134646,0.1505367652274933,0.1641792080895118,-0.0975097055062297,0.8637192643050517,0.710214648081072,0.8376148674967032,0.7336046249448733,0.8475097055062297,combined_data.csv
42,61,5,medium,medium,0.1464418520730483,-0.0472404023709424,0.2250203048761546,0.1847022933824043,-0.1025499793303315,0.8473474188647832,0.6027180196820475,0.7675292915261069,0.732330521432653,0.8601257369060891,combined_data.csv
42,62,5,medium,medium,0.1222026619942762,-0.1264912482154299,0.1367081947963834,0.1425028002387244,-0.1158697320414036,0.8686363644128229,0.7743538885771847,0.8527500563772897,0.7741805672785786,0.8431424593141309,combined_data.csv
42,66,5,medium,medium,0.1329023644946068,-0.0865644753291483,0.1271576322542513,0.1635823095939271,-0.0385616327376295,0.8585682869099789,0.7219595985281941,0.8600149687155857,0.7487122557871746,0.8280353169481559,combined_data.csv
42,70,5,medium,medium,0.1180699908843723,0.004396667829323,0.170202708498569,0.1267239832985641,-0.0421886780730272,0.8726161843554254,0.6687709128691097,0.8156933970707675,0.7220974249431326,0.8247973737252011,combined_data.csv
42,73,5,medium,medium,0.1349988393687142,-0.0099850574717321,0.1915805083758683,0.1247159536731159,-0.1201311283762357,0.8538368452782196,0.5817756224346327,0.7908506014850331,0.7762283572107055,0.8401311283762357,combined_data.csv
42,75,5,medium,medium,0.1237576370867024,-0.047021391424416,0.1678379128294954,0.1532204087395073,-0.3058472013517401,0.8646206177881465,0.6369508210641905,0.8132298579646605,0.7349402922886945,0.863624979129518,combined_data.csv
42,81,5,medium,medium,0.1088374730132021,-0.062859962399645,0.131320576216683,0.223971997948148,-0.1273093009087093,0.8807343930883895,0.7523903350330414,0.8550385435368129,0.7112412738434744,0.851447231943192,combined_data.csv
42,83,5,medium,medium,0.1512050084719093,0.0571039073681287,0.2289625284183988,0.18418465450805,-0.1125154093367734,0.8398415091122129,0.5485917565692922,0.7590146521186258,0.7291916146561715,0.8625154093367734,combined_data.csv
42,84,5,medium,medium,0.124803572055356,-0.0769608086997702,0.1392013920307543,0.1672110368877678,-0.136481749553387,0.8666763270475448,0.6219438110870943,0.8501666851968606,0.7298974452082126,0.8182999313715689,combined_data.csv
42,88,5,medium,medium,0.1411692908359479,-0.1302898653882351,0.1689068358182878,0.1426909334106751,-0.019715273368329,0.8489645648362383,0.7312195397294625,0.8164308604715247,0.7823738863501246,0.8091889575788553,combined_data.csv
42,89,5,medium,medium,0.1306054754290638,0.0022634026381991,0.1612009751923258,0.1831715211436059,-0.2566854583589472,0.8607336675366191,0.6405130215401378,0.8267439068737201,0.7567092853197394,0.8400187916922807,combined_data.csv
42,91,5,medium,medium,0.1298493371110965,0.0254926934636757,0.1556653496953672,0.1856610208028556,-0.3576232065373029,0.8605144705064982,0.671817854616801,0.8308695724102229,0.7578520685103767,0.8092361097631093,combined_data.csv
42,97,5,medium,medium,0.1366217108390215,-0.1059056711990698,0.1771324712235659,0.1375388124451618,-0.1376950045763512,0.8537866767611929,0.6638687576014974,0.8091238578739799,0.7644222239262635,0.8460283379096846,combined_data.csv
42,105,5,medium,medium,0.118076516394023,0.0123411129357331,0.1385623887568152,0.1924040201964636,-0.0788203752896847,0.8765666235653825,0.6537416405734852,0.854730345991509,0.7163957520136444,0.8288203752896848,combined_data.csv
42,108,5,medium,medium,0.1206026839249088,-0.0449858728172172,0.1375890791428009,0.200838219763588,-0.0805631618173546,0.8717889601971363,0.6504933216862336,0.8514796650915295,0.7392783820502657,0.8305631618173547,combined_data.csv
42,115,5,medium,medium,0.1373487284700671,-0.1121662500925211,0.172480372490279,0.1754543268118424,-0.2198441732560307,0.853354731029723,0.6450067921136045,0.8131789917897083,0.7213905181098436,0.8448441732560308,combined_data.csv
42,117,5,medium,medium,0.1278111525671433,0.0625719981337108,0.1873906368394664,0.2015626432513868,-0.1575338450992519,0.8627010060207634,0.5601958692517254,0.7968555336430934,0.7094230215493125,0.8242005117659186,combined_data.csv
42,121,5,medium,medium,0.1362378334583097,-0.0739365660040909,0.1442437598314123,0.1758018264348405,-0.1452507427022075,0.8578430813817981,0.6563149414446596,0.8496604752871351,0.7420969051548945,0.7881078855593503,combined_data.csv
42,133,5,medium,medium,0.1289935040325398,-0.0289681650460515,0.1427568144772502,0.1628456666873492,-0.086439941223914,0.8630541903073278,0.6340281614936998,0.8466092742542088,0.7305040110485489,0.8271806819646548,combined_data.csv
42,135,5,medium,medium,0.144229683370666,-0.0751693183850912,0.1777350990591414,0.2297777312768836,-0.0565569388376412,0.8450757814176719,0.6464997719700734,0.8041316448761858,0.6689641113801061,0.8343347166154191,combined_data.csv
42,142,5,medium,medium,0.1415608491954263,-0.0765605959632371,0.2194564325518198,0.1928826075849256,-0.1806176857590608,0.8518842072942747,0.6060167767658273,0.7709750309699255,0.738858807952558,0.8472843524257274,combined_data.csv
42,143,5,medium,medium,0.1182645556028034,-0.0097860722072525,0.0823148832416837,0.2369595662824244,-0.3053080502091467,0.8710031840395456,0.7397549535766841,0.9026290198176798,0.6952922029356511,0.8386413835424802,combined_data.csv
42,145,5,medium,medium,0.1258891831850044,0.0554288852472598,0.184164453785649,0.1990700276546914,-0.0046662592945717,0.8675157530168087,0.5946219290003583,0.8067760955118676,0.7293839796427755,0.7941399435050981,combined_data.csv
42,147,5,medium,medium,0.1291403213054728,0.0190088791924945,0.1499823340232702,0.2073925053603166,-0.0435553410199408,0.8610717074705976,0.5970611541403743,0.8351356766327945,0.7328170677880468,0.8435553410199409,combined_data.csv
42,151,5,medium,medium,0.1443721074450162,0.0372381868615171,0.2260569967566772,0.1949183844280868,-0.1440957859510803,0.8506895950785448,0.5492738963133436,0.7679560293184382,0.6992451704821436,0.8337509583648735,combined_data.csv
42,155,5,medium,medium,0.1110683436607964,-0.0353617093691313,0.1337727762441437,0.1801878143836565,-0.0967322577466627,0.8801100017167418,0.6971267982849709,0.8539495941163894,0.7546181236607634,0.8467322577466627,combined_data.csv
42,158,5,medium,medium,0.1422932361268681,0.039259938556911,0.1699220149933548,0.1557787165033874,-0.1792061352984911,0.8494894931548294,0.6425593860482548,0.8182509639288765,0.7359376635079817,0.8458728019651578,combined_data.csv
42,166,5,medium,medium,0.1331496746037243,0.0567322529067482,0.1679896938751981,0.1441648952039212,-0.1281979318963919,0.8557894116766763,0.5615794782521142,0.8138954327645536,0.7580229112921361,0.8481979318963919,combined_data.csv
42,168,5,medium,medium,0.1300639289115043,-0.0405168313979752,0.1464927207117818,0.135970237279717,-0.0978659092598366,0.8614894872860266,0.615504557101276,0.8405256118907981,0.7508028561333107,0.8478659092598366,combined_data.csv
42,169,5,medium,medium,0.1332372518382875,0.0010422179911939,0.1664272351742354,0.1884929754991937,-0.2641015911415614,0.8550977546367106,0.6161159844696,0.8136188876717756,0.711494964628604,0.8503084876932856,combined_data.csv
42,171,5,medium,medium,0.1267002526185574,-0.1120471620837693,0.1547149826966348,0.2074023805420588,-0.3029416109032213,0.8654867966092945,0.6755115937366512,0.8347266467855876,0.7282417622184532,0.8201829902135661,combined_data.csv
42,192,5,medium,medium,0.1159556634040365,0.0304577544799204,0.1019368632710299,0.1933659809574867,-0.2754764102330251,0.8711046504317334,0.6969870529288991,0.8812858968388804,0.7191020870196423,0.8019542427453404,combined_data.csv
42,202,5,medium,medium,0.1170270428087713,0.0438356577919809,0.1332803269270898,0.1311145221458547,-0.1692923466740834,0.8730137420649349,0.5867149269486998,0.8518568639629804,0.7559089376348999,0.8645304419121786,combined_data.csv
42,203,5,medium,medium,0.1244565297090921,-0.1676242696935512,0.1007181530231852,0.1414075926506136,-0.1670799728268164,0.8619841727254385,0.7951273018190486,0.8787958498420888,0.7792629572065558,0.8670799728268164,combined_data.csv
42,206,5,medium,medium,0.1347532867926778,-0.0017039874512813,0.1544394852444948,0.2188294942197036,-0.1165599158891502,0.8587726511628533,0.6133912522444163,0.8374501510944872,0.7043729357985185,0.8225784344076689,combined_data.csv
42,207,5,medium,medium,0.1370064969432498,-0.0436733807747444,0.1589590167340714,0.2037704373830959,-0.2746733758002528,0.854214737982604,0.6369211009691143,0.828210592092228,0.7262753090729537,0.8504309515578286,combined_data.csv
42,210,5,medium,medium,0.1323797346708093,-0.1383205417619935,0.1593442159790404,0.1701067388484424,-0.0781361376217188,0.8605006401498071,0.7262093538697857,0.8325823745314028,0.7580199430355897,0.8503583598439411,combined_data.csv
42,214,5,medium,medium,0.1391061373214235,0.003170287673591,0.1998422437223381,0.2169325177034242,-0.1252144276030511,0.8534809014753986,0.5431947292838797,0.7884468043944242,0.6771854096970229,0.8452144276030511,combined_data.csv
42,215,5,medium,medium,0.131332680004571,0.0244339829681132,0.1642980680214818,0.1637937245974968,-0.0314833603893232,0.8606028627701208,0.6675782277025077,0.8237972144353041,0.7311722500964979,0.7907937052169094,combined_data.csv
51,53,5,medium,medium,0.1164019807593218,-0.022126990345798,0.1193853557435212,0.0786640879873132,-0.1557070875069145,0.8758003944734656,0.8031030200908476,0.8679811062665699,0.7922894509804277,0.8223737541735812,combined_data.csv
51,54,5,medium,medium,0.1144890363900352,-0.0257938545937767,0.1036303672831475,0.1358207001648715,-0.2696288583462902,0.8729631583877485,0.7645600875702071,0.8764806399879599,0.7650173013344419,0.8410574297748616,combined_data.csv
51,55,5,medium,medium,0.1247298636191363,0.0403019863624442,0.1619806719296285,0.1969206337475115,-0.2878249516332506,0.8688783786810153,0.6919388939084936,0.8288477715260623,0.7343305922499952,0.8317159808022104,combined_data.csv
51,57,5,medium,medium,0.1090710994255993,-0.1011497837215998,0.0991682470498888,0.1116949698290847,-0.1171506507793431,0.8841060258783595,0.7824728072816777,0.8921621955691298,0.7948297652243442,0.8504839841126766,combined_data.csv
51,61,5,medium,medium,0.1251098997700932,-0.0541338897007329,0.1092681060446109,0.1943266405157602,-0.1454092985621433,0.8688801527555254,0.7490325691475795,0.8842634286681545,0.7293093665351105,0.8398537430065879,combined_data.csv
51,62,5,medium,medium,0.1276094098758801,-0.0591138692486937,0.1298790032478931,0.1333138781775912,-0.1369685053491276,0.86644976710022,0.7701169808436944,0.8627250360338412,0.7777433903190096,0.8369685053491277,combined_data.csv
51,66,5,medium,medium,0.1103330353210592,-0.0754001842297624,0.098933637181384,0.1679883979126133,-0.0834525346814591,0.8827056248959783,0.8114585709887008,0.8925407483872438,0.7679279099086659,0.8167858680147926,combined_data.csv
51,70,5,medium,medium,0.1088065286044102,-0.1033141801361728,0.0851206754643439,0.1000696268053916,-0.1241511595847633,0.8834204113893818,0.7971786082981781,0.9061797850416596,0.8008457703826685,0.8312940167276204,combined_data.csv
51,73,5,medium,medium,0.1157603639634603,-0.1049841231372272,0.1213422100930307,0.1872988890836675,-0.1876883731444758,0.8763312637939177,0.7896872760918376,0.8665367848853909,0.7558080433868737,0.8398622861879541,combined_data.csv
51,75,5,medium,medium,0.1252760263782469,-0.0823350362005445,0.1163876524138454,0.1359376480429126,-0.1602711963587187,0.8650233465098593,0.806299235854978,0.8678598015080342,0.7839369305317209,0.8269378630253855,combined_data.csv
51,81,5,medium,medium,0.1164655608997872,-0.0642478750537204,0.1361488303584451,0.1849346403712197,-0.1234609891780107,0.8764417995464884,0.7972582860235097,0.85415635934141,0.7688064164090275,0.8264021656485989,combined_data.csv
51,83,5,medium,medium,0.1248797695518885,-0.089322786898027,0.1159503323262149,0.1584072413049043,-0.1150879576699818,0.8673513582431883,0.7658561104478143,0.8721138774787223,0.7540843808242058,0.8392258887044646,combined_data.csv
51,84,5,medium,medium,0.1163757863387547,-0.1033259488725599,0.1118916534084898,0.1441426000394733,-0.0891929381875127,0.876360991203749,0.7810063264941818,0.8779094777241679,0.7784447485174941,0.8225262715208461,combined_data.csv
51,88,5,medium,medium,0.120177166521826,-0.141303391585634,0.1243655953590157,0.145613207880257,-0.1399054888927063,0.872568690758117,0.8049079095760343,0.8664699173781788,0.7457903124141161,0.8208145798017973,combined_data.csv
51,89,5,medium,medium,0.1030549141877685,-0.1246842390091496,0.0974120683624862,0.1810340968574126,-0.2231446791054621,0.8906138392359433,0.7995543389156958,0.8924605215520991,0.7737163929141432,0.8163159754017584,combined_data.csv
51,91,5,medium,medium,0.1086058813708495,-0.0786375395803795,0.0991922527750696,0.175362820409349,-0.2965911346823955,0.8846489623014513,0.7990352075048568,0.8911104606394153,0.769659092764309,0.84856246084727,combined_data.csv
51,97,5,medium,medium,0.1163810169352294,-0.0577809747216061,0.1197722706127379,0.18486940778931,-0.1340897080668192,0.8753595887267926,0.7815052736714841,0.8684233811683182,0.7616734659231267,0.8414067812375509,combined_data.csv
51,105,5,medium,medium,0.1116691107357824,-0.1244716685052992,0.1140691058703928,0.1261231848763812,-0.1063545028152651,0.883667861850306,0.8240928152651218,0.8798393619005598,0.7799022883155293,0.8206402171009793,combined_data.csv
51,108,5,medium,medium,0.1108885345472211,-0.1389275018653937,0.117153371734722,0.175321992953615,-0.1176539068167212,0.8833399527285741,0.8279333208680193,0.8750039886760479,0.7656154038653766,0.8359078750706895,combined_data.csv
51,115,5,medium,medium,0.1145153537211862,-0.0758655821418639,0.1231444358484132,0.1525841016099578,-0.1756213577593103,0.877864655781073,0.746065279474394,0.8652643210327127,0.7616759972931009,0.8382229837755705,combined_data.csv
51,117,5,medium,medium,0.1224383641276751,-0.0397509097887843,0.1319425919362353,0.179661654431541,-0.1711895752506829,0.8695698382990709,0.7632841990097993,0.8555158486885399,0.749811532684306,0.8378562419173495,combined_data.csv
51,121,5,medium,medium,0.1093989963370433,-0.1207654669560402,0.1141720933182935,0.1507390029973058,-0.1301766676563402,0.8857328172203973,0.7936826757489341,0.8798143227958368,0.7817881830072235,0.8258288415693837,combined_data.csv
51,133,5,medium,medium,0.1215816886423875,-0.0314426584795598,0.1154140495539671,0.1471946088201547,-0.1609789061359299,0.8719337063682441,0.7456502878789322,0.87704136678216,0.7556968566180167,0.8276455728025967,combined_data.csv
51,135,5,medium,medium,0.1086213300387896,-0.0413066413016793,0.1054516798277805,0.1831848472233849,-0.1244154293167455,0.8814075025283559,0.7337249214559864,0.8798165402162258,0.7460380320737658,0.8431654293167455,combined_data.csv
51,142,5,medium,medium,0.1197464979316198,-0.048778629035723,0.1421452494458042,0.2310026348880753,-0.1770161259916276,0.873610431449923,0.7284811291859998,0.8497456675026581,0.708516400760165,0.8190500242967124,combined_data.csv
51,143,5,medium,medium,0.1165697711476948,-0.0628761389558619,0.113409136161434,0.1791404327618692,-0.2013047451668402,0.874114046643043,0.7802188111816541,0.8736038422600297,0.7755588495924766,0.8050783300725007,combined_data.csv
51,145,5,medium,medium,0.1234954025847872,-0.0211523103271604,0.0983351447007446,0.1405942043669402,-0.1556612802879322,0.8706713059852773,0.7537023490611416,0.8939390147978086,0.7707276948673518,0.8513134542009757,combined_data.csv
51,147,5,medium,medium,0.1115377698927833,-0.0715701563287228,0.101799901112656,0.1276351022720456,-0.0916538175144082,0.8806129264729887,0.8065151623568665,0.8878065833269942,0.7972309032081653,0.8189265447871356,combined_data.csv
51,151,5,medium,medium,0.1265001525857052,-0.0233758536633479,0.1684993401904454,0.1500501528073301,-0.1513037849182588,0.8685668677721774,0.6528783939411587,0.8255315729216481,0.7403759325826331,0.8287231397569685,combined_data.csv
51,155,5,medium,medium,0.114377794670276,-0.0527957139877365,0.1157099027389718,0.1775261282187143,-0.1356827451872894,0.8781711330061671,0.7853730129092503,0.8737591888549857,0.7647964326330366,0.841701263705808,combined_data.csv
51,158,5,medium,medium,0.110627916127838,0.0018981494124321,0.1109852439548996,0.1712389841658179,-0.1677088869821184,0.8826364295289315,0.7409871543851625,0.8794434373398219,0.7382149096319577,0.8239588869821184,combined_data.csv
51,166,5,medium,medium,0.1199215318360846,-0.0636062148162532,0.1206875860935562,0.1111315783119057,-0.1086745093304614,0.8697336112605388,0.755476157255645,0.8634187481724813,0.7768825319498596,0.8251923664733186,combined_data.csv
51,168,5,medium,medium,0.1250891701573513,-0.1197535536149021,0.1444788565474509,0.1393944166659805,-0.1371110617239417,0.8678444861671522,0.7946065791313514,0.8460179347178738,0.7662496712679426,0.8189292435421236,combined_data.csv
51,169,5,medium,medium,0.115963011595372,-0.0682417648961714,0.1214869364440198,0.1194154511697724,-0.1986892278811094,0.8736222636182054,0.7639730135366124,0.8623673787044359,0.7817817994155889,0.8350528642447459,combined_data.csv
51,171,5,medium,medium,0.1250450198648128,-0.0525514246689812,0.1203174355301183,0.1846233646209409,-0.2128853380290755,0.8689943229231321,0.8105688960580107,0.8713668446545684,0.7650302009618202,0.8424585087607828,combined_data.csv
51,192,5,medium,medium,0.0998657200228642,-0.0091072234517199,0.0965341848324863,0.1460484397745226,-0.207319678650708,0.8912504201020464,0.8099068603411398,0.8896208503622802,0.7768993663912133,0.8501768215078508,combined_data.csv
51,202,5,medium,medium,0.1182413119346973,-0.0693112421614577,0.1119847990816197,0.1431016220205161,-0.156019062669062,0.8738923095474411,0.7854949213256519,0.8780526229075545,0.7818729459699272,0.8516712365821055,combined_data.csv
51,203,5,medium,medium,0.128897305813453,-0.0443067717313255,0.1511142451232463,0.1290615355268279,-0.0857682513249132,0.8634735706555612,0.692805109914343,0.8392492333644411,0.7837835892126477,0.8489261460617554,combined_data.csv
51,206,5,medium,medium,0.125171794226905,-0.02237645575741,0.1407108765661127,0.178142830738636,-0.1088193828149199,0.8690905866968719,0.720938105733056,0.8523177749924847,0.7533690559642955,0.8231050971006342,combined_data.csv
51,207,5,medium,medium,0.1093129271918249,-0.0607498208205105,0.1077949659627188,0.1834243914348632,-0.2651215697777845,0.8834828575322587,0.7897860491282157,0.8832447033278463,0.7538543277261418,0.8391956438518586,combined_data.csv
51,210,5,medium,medium,0.1164393579357557,-0.1971144834404581,0.0969938371281144,0.1976083884416294,-0.1410806237562554,0.8778422510464394,0.7961105869621092,0.8954818684251181,0.7570399133096679,0.8367327976692989,combined_data.csv
51,214,5,medium,medium,0.1275609276717111,-0.0032060466597224,0.1585029612008566,0.1830558033286993,-0.1585167687803995,0.8657737078178556,0.6732288598533508,0.8326016789725339,0.7338922021110155,0.8164115056225049,combined_data.csv
51,215,5,medium,medium,0.1197373899400472,-0.0618337671954188,0.10572703748582,0.1700154131637931,-0.1235680821450082,0.872701285173452,0.800935813427174,0.8841937800232573,0.7582837241255257,0.8295866006635269,combined_data.csv
53,54,5,medium,medium,0.104709122411454,-0.0599624303305753,0.1176072932431374,0.1043677606530355,-0.3196560557346479,0.8795735939026199,0.7487013389375521,0.8596789131398925,0.7599103170793728,0.819656055734648,combined_data.csv
53,55,5,medium,medium,0.1225785355407346,-0.0228040409148779,0.1287933126041842,0.1296742696454738,-0.2851936520038148,0.8698140959952012,0.728377484541207,0.8603543598047663,0.73169131918422,0.8257341925443554,combined_data.csv
53,57,5,medium,medium,0.120653659277313,-0.1189980854829152,0.0936200969935749,0.1212150987575697,-0.151927965315983,0.870750711552962,0.8185255590872004,0.8940644055772461,0.7828434899354522,0.8376422510302688,combined_data.csv
53,61,5,medium,medium,0.1268240035760521,-0.0402076185804283,0.133237229215164,0.1250450455527276,-0.12058944448569,0.8663801937525912,0.6880513984370289,0.857851808967466,0.7499094688486447,0.82058944448569,combined_data.csv
53,62,5,medium,medium,0.1182194465823952,-0.0716408046076683,0.1235497302834076,0.1517749480375221,-0.1082606835499446,0.8711697522491311,0.8195845349367865,0.8629419749884046,0.7815843970426667,0.8363712826282856,combined_data.csv
53,66,5,medium,medium,0.1281908838214474,-0.0771389071976617,0.1443478142598935,0.0819954435917099,-0.1300366058575742,0.8623340155524114,0.7878567441630077,0.8445697157325693,0.7800055382760639,0.8390419822016603,combined_data.csv
53,70,5,medium,medium,0.1109855354190497,-0.0519977449918191,0.0902736358549464,0.130415238911137,-0.1295648494482695,0.8806692162730266,0.7823702617793808,0.8975450454538075,0.8157895356770758,0.8235447825586374,combined_data.csv
53,73,5,medium,medium,0.1150528276887242,-0.0310874300917987,0.1154652275307591,0.1088697242154734,-0.2210960518201754,0.8738452283297489,0.7347880684225541,0.8671805442499523,0.7683246318186638,0.8507256814498052,combined_data.csv
53,75,5,medium,medium,0.1143870942592848,-0.0212015503222339,0.1064385043856179,0.1135167403056279,-0.1634433365486562,0.8726646334278292,0.759107057626743,0.8735734802570555,0.7637794791392124,0.8179887910941108,combined_data.csv
53,81,5,medium,medium,0.1122868699593849,-0.0448687149122699,0.1326664784665381,0.1669183000716736,-0.1893986102744733,0.8765529183169183,0.7902140920915217,0.8510321673699317,0.7337636850407911,0.8415725233179516,combined_data.csv
53,83,5,medium,medium,0.1239511365638944,-0.0392088864411611,0.1291639401027038,0.1536472907831458,-0.1290265235386017,0.8672917226373418,0.7232675403352316,0.858074134698565,0.730580393039413,0.8246786974516452,combined_data.csv
53,84,5,medium,medium,0.1136175392062358,-0.0946612954907644,0.1109129850297379,0.1242258254833452,-0.1509568600697564,0.8772109430495101,0.7952617086332688,0.8776940011917196,0.7455770467431102,0.8327750418879383,combined_data.csv
53,88,5,medium,medium,0.1256250129802357,-0.2019346000488747,0.1466515385054109,0.154377892494458,-0.1381631567406329,0.8640429570962732,0.8102968899829364,0.8405253081989171,0.7735779334360041,0.8359892436971548,combined_data.csv
53,89,5,medium,medium,0.1157549331260068,-0.1095563726349982,0.1129714594580147,0.0541409694206238,-0.2763620491872665,0.8758560528846893,0.7779558881184188,0.8754930376108496,0.7528335966505185,0.8477906206158379,combined_data.csv
53,91,5,medium,medium,0.120797291265341,0.0271392975891485,0.1179170668772926,0.1145553565592812,-0.3091062938338822,0.8689546344837624,0.7924018679378124,0.8673721874557524,0.755942158127684,0.8410211874509035,combined_data.csv
53,97,5,medium,medium,0.1150138319388868,-0.074245307538855,0.1166218181177854,0.0809154339468394,-0.1736085675174329,0.874128916060888,0.7613694835430568,0.8694954364792867,0.7716098082068201,0.8444419008507663,combined_data.csv
53,105,5,medium,medium,0.1094448490028604,-0.0644480827045138,0.1099027088547492,0.1818735334978648,-0.1566583923771656,0.8836848709516693,0.7799351800976889,0.8801608563379184,0.7567187545478626,0.8352298209485942,combined_data.csv
53,108,5,medium,medium,0.1210188060852822,-0.0629609953317124,0.1238518937174144,0.1397629344535225,-0.0921535731747659,0.8700775173176273,0.7543248853503443,0.8631411761132233,0.7704926789524371,0.8289956784379239,combined_data.csv
53,115,5,medium,medium,0.1124556146374263,-0.0691782262351092,0.1218593764544665,0.1764208532118238,-0.1941167156651516,0.8777308725465779,0.7312735405228168,0.8646417976160442,0.7320773021895017,0.8260047012116738,combined_data.csv
53,117,5,medium,medium,0.1178255774634073,-0.0636734310398927,0.1233718502967189,0.157625892511001,-0.2077638549718785,0.8728305822617051,0.7547055575625903,0.8626140936773095,0.7364577661809066,0.8373934846015083,combined_data.csv
53,121,5,medium,medium,0.1152561783626491,-0.1014996338703809,0.1160906760839752,0.1085253124437648,-0.1495327700937534,0.8767039512203051,0.7599881318336913,0.8725497219844938,0.7592009261529078,0.8295327700937534,combined_data.csv
53,133,5,medium,medium,0.1076885116881272,-0.0757996265169735,0.1151121736401923,0.1681956332926045,-0.1017788196657876,0.88466903211229,0.7530060739487218,0.8763972176844695,0.7664690016507273,0.8325480504350184,combined_data.csv
53,135,5,medium,medium,0.1121438651128121,-0.1087784016007742,0.119117041517205,0.119326791328606,-0.0974756069205222,0.874998452135988,0.7700934155047245,0.8602617663941695,0.7482457834049179,0.8139934640633794,combined_data.csv
53,142,5,medium,medium,0.1146883928767437,-0.005574705065939,0.1268616986015003,0.0914823971255731,-0.1739289917541412,0.8766336628633639,0.6878858956841617,0.861670747480983,0.7616324729728313,0.8153575631827126,combined_data.csv
53,143,5,medium,medium,0.1126630998453654,-0.1090243575570553,0.1381016771380423,0.0711006225707296,-0.2581563425002756,0.8744891729807522,0.7936606152764909,0.8448021692786115,0.78844013342856,0.8369740764904234,combined_data.csv
53,145,5,medium,medium,0.1321232965658673,-0.0576546148262157,0.1302624439155628,0.1735591950322201,-0.1042671813318638,0.859343281764387,0.7526861483340294,0.8604586150614553,0.7494910208382177,0.8236421813318638,combined_data.csv
53,147,5,medium,medium,0.101279685574675,-0.0607672996037322,0.0876097174076034,0.1276499865507192,-0.0554736868012346,0.8888091448977673,0.7849790666836856,0.9004801618735476,0.7762265897325057,0.8247044560320038,combined_data.csv
53,151,5,medium,medium,0.1285167043921828,-0.0186179149351227,0.1588441865630298,0.1698521098599241,-0.1316623588544798,0.8659232070468412,0.6185851009170034,0.8326239528806916,0.73095142769028,0.8273145327675233,combined_data.csv
53,155,5,medium,medium,0.1049493372197832,-0.0710585790693433,0.1072681557306797,0.1017595871147544,-0.1056081294672306,0.8842564741607312,0.798398266529499,0.8797673733232565,0.7716063315717941,0.835857609716711,combined_data.csv
53,158,5,medium,medium,0.1163727694634939,-0.0508804730964989,0.1142936112366239,0.1278218828850703,-0.2351898894495974,0.8753669947875902,0.7431025387349888,0.8748794404524886,0.7550086331213732,0.8351898894495973,combined_data.csv
53,166,5,medium,medium,0.1168091847688492,-0.083619084813313,0.1166601974380927,0.0968113381968251,-0.1420471057041762,0.8713031520495563,0.764006054093529,0.8661410404033922,0.7556611565894458,0.8503804390375096,combined_data.csv
53,168,5,medium,medium,0.1079973635928063,-0.0213803324322415,0.123465259830347,0.1152390453483904,-0.1793090799756087,0.8825066119625223,0.7384070573450384,0.8626679809048534,0.7622992012237257,0.8344814937687122,combined_data.csv
53,169,5,medium,medium,0.1164539060373596,-0.0418546631200379,0.1263000115239593,0.1465138266299039,-0.2432615381390684,0.871296379891288,0.7253925732580531,0.8566898497062798,0.721097713599153,0.8294684346907927,combined_data.csv
53,171,5,medium,medium,0.1092718843480838,-0.088685763114808,0.1141737650748233,0.1589514188182705,-0.2684820678712158,0.881839821310025,0.8062023533464044,0.8738410136285943,0.7381651484797176,0.8573784680740213,combined_data.csv
53,192,5,medium,medium,0.1097218134265323,-0.0435151409863647,0.0898940421636538,0.0825539966862897,-0.2496680607412086,0.8798947359557472,0.8002403739398674,0.8950157202120848,0.7963505164443154,0.8192193427924906,combined_data.csv
53,202,5,medium,medium,0.108019668178622,-0.0466618860972408,0.1100066606188043,0.1192870247971954,-0.1432082207209464,0.8815333274419376,0.8017629833914127,0.8764344660440487,0.7932843731723935,0.8214435148385935,combined_data.csv
53,203,5,medium,medium,0.1212526198048431,-0.0417806534924495,0.1225021111097879,0.1255398024434147,-0.0969113785620334,0.8655847237861606,0.6777832571040987,0.8637935670557406,0.7780607014520277,0.8276806093312643,combined_data.csv
53,206,5,medium,medium,0.1274304193913241,-0.0833219862343492,0.1521997736318429,0.1673891093598842,-0.1420557777873576,0.8651249083454133,0.692099503102813,0.8379783155141041,0.7368440340345075,0.8377079517004011,combined_data.csv
53,207,5,medium,medium,0.1096895200732422,-0.0293954658805433,0.1429787335695861,0.0912946197584693,-0.2261618624699681,0.8819106725002596,0.7368462807536973,0.8462048506674198,0.7459061255039483,0.8291921655002712,combined_data.csv
53,210,5,medium,medium,0.1073297120542775,-0.0932847092789378,0.115285366595931,0.1103466098426265,-0.1492880066925983,0.8849958668681779,0.7810028654581693,0.8751412883314711,0.7886324684638338,0.8350022924068841,combined_data.csv
53,214,5,medium,medium,0.1300818780144418,-0.0334747099844657,0.1224560433598156,0.1398264034151711,-0.156420782091889,0.8622675853185492,0.6632449667250649,0.8680648408007902,0.7379917299243286,0.8468969725680795,combined_data.csv
53,215,5,medium,medium,0.1003842350708019,-0.0933159940847656,0.1060607375867442,0.1028123669398866,-0.1887209344597153,0.8898544177058396,0.7814634149212119,0.8810899741345323,0.760753714720162,0.855387601126382,combined_data.csv
54,55,5,medium,medium,0.1125980857235795,-0.0433370310044872,0.1199788452972727,0.1214286856886305,-0.2305152436237233,0.8781755289118375,0.7782316024309994,0.8676275468031054,0.7798963343788632,0.819275747825404,combined_data.csv
54,57,5,medium,medium,0.1084919806343743,-0.0195350670174475,0.1153120476921572,0.0974526827295951,-0.292614760512867,0.8771761289095871,0.7430726512771294,0.8644853340273916,0.7655946624983351,0.8239873095324749,combined_data.csv
54,61,5,medium,medium,0.1056358294995977,-0.1130392005968162,0.1074309707305877,0.1473371933207486,-0.2771369801906496,0.8833421742177212,0.8025733472349744,0.8783668858338598,0.7717900099392888,0.8371369801906496,combined_data.csv
54,62,5,medium,medium,0.1131535228936879,-0.0273655354747408,0.1412383536195036,0.1166248098820783,-0.2758030985327678,0.8714878799626933,0.7012760410033148,0.8343079011595879,0.7556684933007343,0.8196627476555748,combined_data.csv
54,66,5,medium,medium,0.1208100037738869,0.0141045555212628,0.143938303132097,0.1462376788106634,-0.3318824759742675,0.8649996671210376,0.7339757825226765,0.8340034250856663,0.7666543709937084,0.8480115082323321,combined_data.csv
54,70,5,medium,medium,0.1125158579660322,0.056654156068689,0.1245839786348561,0.0773336511223395,-0.3632040065323199,0.8739730271881434,0.6905955649013278,0.8545845862669162,0.7686776847579809,0.8520709041077776,combined_data.csv
54,73,5,medium,medium,0.0963648347319133,-0.0240431401376882,0.0993871678967142,0.0904019854857965,-0.2530991695964699,0.890650338321078,0.8006635245285714,0.8812438912057337,0.8006384257471592,0.8324842502416312,combined_data.csv
54,75,5,medium,medium,0.1057576328385837,-0.0297703502340287,0.1121156500085355,0.1657250979812013,-0.2317859956666643,0.880612388385865,0.7785619257996781,0.8675823588300342,0.7496878204275979,0.8425854346568467,combined_data.csv
54,81,5,medium,medium,0.128630097054046,0.0079598710801868,0.124544741374458,0.1009901112005495,-0.2335311500710309,0.8569567146498555,0.6899629084341259,0.8545663565067642,0.7646381701561275,0.8387943079657678,combined_data.csv
54,83,5,medium,medium,0.1167429789402105,-0.0222342686419041,0.1100620416736214,0.1591548515344852,-0.2697554369477764,0.8726035610393028,0.7961913109209622,0.8750471707714265,0.7701121266376059,0.8274477446400841,combined_data.csv
54,84,5,medium,medium,0.10294524218313,-0.0473855763583827,0.0983941372703138,0.1344115920049272,-0.2569053679365768,0.8851035598410532,0.8067548495207919,0.8859857143688,0.7698564193760555,0.8201009164262429,combined_data.csv
54,88,5,medium,medium,0.1180791352904179,-0.0165716013150403,0.1102043721243737,0.0842360984484988,-0.3561348556300506,0.8674366681285949,0.6945761702605069,0.8679570297886616,0.7698143166996813,0.8307111268164914,combined_data.csv
54,89,5,medium,medium,0.1090515892140389,-0.0346377684836068,0.1093948860282427,0.1404168912016916,-0.2032538654679704,0.8795321654395799,0.7928224170502872,0.8740122145975227,0.7778029202362221,0.8265646762787813,combined_data.csv
54,91,5,medium,medium,0.1183668233412621,0.0516082657410388,0.1271570863633633,0.1710366079281909,-0.2151906195782095,0.8684906088516313,0.7558981724634521,0.85211004541047,0.7536389842624145,0.8374128418004317,combined_data.csv
54,97,5,medium,medium,0.1135460337306254,0.0117915697002963,0.1053364352280336,0.134493467653193,-0.273884505734618,0.8750939993420599,0.7759809090626977,0.8768805034298751,0.7600219352374431,0.833884505734618,combined_data.csv
54,105,5,medium,medium,0.1084264835517681,0.0175027747525413,0.1108912350261871,0.1154134603801674,-0.2881313768338028,0.879298512170178,0.7480958906057861,0.8720240062532832,0.7544729372412254,0.8365184736079965,combined_data.csv
54,108,5,medium,medium,0.1107724673631876,0.0168479043410848,0.1163536442429513,0.1219711640643697,-0.3832390920256844,0.8760515731508284,0.750844480941494,0.8628334443034557,0.7800929319466412,0.8713275775617025,combined_data.csv
54,115,5,medium,medium,0.1073777379175174,-0.0633974335212522,0.1049511273476033,0.1110906723360307,-0.2486134293474006,0.8790903665044664,0.7861274374640609,0.8756049364841616,0.7723813515237115,0.8412060219399932,combined_data.csv
54,117,5,medium,medium,0.1004135624807903,-0.0077998377128551,0.0985501262353664,0.1325749355177636,-0.2404285613277431,0.8875585469745847,0.7952579580501422,0.8845869337725978,0.7879196558077792,0.8420158629150447,combined_data.csv
54,121,5,medium,medium,0.1059764896882096,-0.0513587705264759,0.1187269664237907,0.1719727160481537,-0.2373472997241829,0.8811759749074364,0.7913593115048874,0.8609862284310517,0.747359764513101,0.8349663473432305,combined_data.csv
54,133,5,medium,medium,0.1191217171132924,-0.0366630359442634,0.0987893656376102,0.0772566617395235,-0.3498803470276771,0.8689185071921349,0.7990799115729603,0.8841498521392862,0.788324162491513,0.8355946327419628,combined_data.csv
54,135,5,medium,medium,0.1132771753786294,-0.0823012303477862,0.1334225141735597,0.1284203724770399,-0.3362371094394121,0.8723187516240191,0.808942767435272,0.8473164466599813,0.7707265305529936,0.8201080771813476,combined_data.csv
54,142,5,medium,medium,0.0996802086625914,-0.0407800288306651,0.0934732985979662,0.1368138581206314,-0.2503651853232166,0.889345753204912,0.7993188456450466,0.8916554510774585,0.7752920939606975,0.8374942398435755,combined_data.csv
54,143,5,medium,medium,0.1125644558228659,0.0326397822915266,0.1195574190241908,0.1721368020311727,-0.1938589796975864,0.8717855119996939,0.715872022373694,0.8573885648355374,0.7191840877851656,0.8234886093272162,combined_data.csv
54,145,5,medium,medium,0.1049047280188578,-0.0526638469858633,0.1040379879157733,0.0965995916072426,-0.3258930027098012,0.8846665654685999,0.7960929073017451,0.8800876101677528,0.779665620608043,0.8258930027098013,combined_data.csv
54,147,5,medium,medium,0.1104352237904678,-0.0274324514240887,0.1073141094333702,0.1126475777951605,-0.3796836665885017,0.8761707278384454,0.7695382379452785,0.8724846705536072,0.7628625866830155,0.8401826270874622,combined_data.csv
54,151,5,medium,medium,0.1150380853394975,-0.1229225449699122,0.1270944043663339,0.1067257037300288,-0.2277189134299611,0.8769374898847169,0.7775399318380435,0.8614311352190455,0.7781873626047726,0.8406221392364127,combined_data.csv
54,155,5,medium,medium,0.1117325021037802,-0.0371670207381138,0.1213997824746376,0.1467663454215061,-0.2675326689738228,0.874977281681746,0.7666384863276019,0.8576213186680403,0.7680948786942234,0.8479787064091074,combined_data.csv
54,158,5,medium,medium,0.1048903115033331,0.0212539160976094,0.0949588516590069,0.1046540437630125,-0.2323500958793324,0.8841271166931922,0.7868341722665148,0.8889557395539928,0.7888824708902514,0.8429056514348879,combined_data.csv
54,166,5,medium,medium,0.1015591831585379,-0.0953218306528815,0.093056923724184,0.0854415803250702,-0.292852624956312,0.8844623804094833,0.8187428304306303,0.8881163268348115,0.7687853061690619,0.8178526249563121,combined_data.csv
54,168,5,medium,medium,0.1092040201804219,-0.0252130659738805,0.0906021707552307,0.1115729091259772,-0.2953823155726206,0.8773376428298433,0.781061181369926,0.8898028125730237,0.7841014521305072,0.8139008340911392,combined_data.csv
54,169,5,medium,medium,0.1097720290762699,-0.0229014782942532,0.0976690403355452,0.118765054074756,-0.2437039301673015,0.8766598817804598,0.7880004810997806,0.8832566634000194,0.7805110638361642,0.8393883242387924,combined_data.csv
54,171,5,medium,medium,0.1145890826346879,0.0028646502308806,0.1108086151339663,0.1657568624160955,-0.1856057605992811,0.8722273115045844,0.729940314587036,0.8685142888519567,0.7252896287694527,0.8156809485692059,combined_data.csv
54,192,5,medium,medium,0.1137857111922713,0.019586976755151,0.1053586341949995,0.122775859488462,-0.2116286177910629,0.8732140165669325,0.7456124718471957,0.8757460623653881,0.774299125454212,0.8432075651594839,combined_data.csv
54,202,5,medium,medium,0.1117810092350942,-0.0159061881403063,0.0953636435290151,0.1425708849562967,-0.28513194144346,0.8748818604553353,0.7678768153506011,0.8853440737641022,0.7709285950762212,0.8439554708552247,combined_data.csv
54,203,5,medium,medium,0.1255266335046529,0.0164330121063259,0.1706661040478537,0.1593897804842869,-0.2821357746750356,0.8581802014682861,0.6223063123681588,0.8006265777101266,0.6836938384733153,0.8178500603893213,combined_data.csv
54,206,5,medium,medium,0.1079715905093705,-0.0990208474920328,0.1026469243993737,0.1408410769572655,-0.2566843265369947,0.8816304065114201,0.8013182429673741,0.8845314673042182,0.7649409536041913,0.8348093265369947,combined_data.csv
54,207,5,medium,medium,0.1090131551254393,-0.0679503456130397,0.0971763317097658,0.1390493535972059,-0.2199919272513931,0.87872567247609,0.8237930795464833,0.8854351460306139,0.7801035087585346,0.8279111819097783,combined_data.csv
54,210,5,medium,medium,0.1020340935849075,-0.0687632418811621,0.104886612060115,0.1629001731018576,-0.3103757945450683,0.8835045304747788,0.7165964328556773,0.8710933402396457,0.7424633671388673,0.8488373330066069,combined_data.csv
54,214,5,medium,medium,0.1139696250592109,-0.0900714691136078,0.108285586124984,0.1402483795468266,-0.2158104001520088,0.8768291623320027,0.7894362348582152,0.8794837442019828,0.7599131670382739,0.8408104001520088,combined_data.csv
54,215,5,medium,medium,0.1192775466618893,0.0164653032239988,0.0844856533692517,0.1504178516083733,-0.2879038315908664,0.8679773701911203,0.7585356743557592,0.8963299097698557,0.7574767083851623,0.843459387146422,combined_data.csv
55,57,5,medium,medium,0.122869307884456,-0.039770017907256,0.1307679461213531,0.1705149504511365,-0.2963021182877988,0.8698819990906357,0.7803525347699967,0.8588664250655296,0.7518949512337931,0.8358031577888384,combined_data.csv
55,61,5,medium,medium,0.1129779177722375,-0.0637621280623031,0.117843243037838,0.1364014503985599,-0.2914799240928374,0.8809846579799344,0.7969896990887991,0.8742656479052381,0.7860334386113542,0.8489187188197678,combined_data.csv
55,62,5,medium,medium,0.1378680540511914,-0.0710386074574959,0.1758845013561522,0.1803245878185297,-0.2573995138805377,0.8540823520588292,0.6569045420483911,0.8122456206345622,0.738141517414572,0.8491463087523327,combined_data.csv
55,66,5,medium,medium,0.1244203084645367,-0.0493823572650941,0.1560801285310716,0.181390035656747,-0.3227548534749043,0.8681320175425179,0.665401412215234,0.8343007695056937,0.7274292045100881,0.8388838857329688,combined_data.csv
55,70,5,medium,medium,0.1181519269588442,-0.0038857500535702,0.1339797641188973,0.1489575611952851,-0.3903195249046872,0.8753021139719419,0.7161600205444676,0.8574707057926642,0.7538320275716772,0.8513519135686548,combined_data.csv
55,73,5,medium,medium,0.1193954393904488,-0.0756625661917105,0.1079735979432368,0.1379462123956314,-0.2421773918320173,0.87325463772391,0.8135625284759589,0.8821213202386079,0.7801847045621153,0.8199551696097951,combined_data.csv
55,75,5,medium,medium,0.1188947645172018,-0.0986321689836737,0.1203757153297635,0.1306465759464656,-0.2499838018969689,0.8727948410049762,0.7586228358764915,0.8688400639015224,0.7766669943838893,0.8382190960146159,combined_data.csv
55,81,5,medium,medium,0.1209221574344637,-0.1321976674239269,0.1673645780931459,0.1647625026643648,-0.3096060156219492,0.8716918087454499,0.720740906798273,0.8216148143407439,0.7323682608079556,0.8247575307734644,combined_data.csv
55,83,5,medium,medium,0.1115231153884298,-0.0777432279877625,0.1140619041808627,0.1483943932015868,-0.2712014054472033,0.8806736535142573,0.8103162019215839,0.8756727555556862,0.7721350293729884,0.8229255433782378,combined_data.csv
55,84,5,medium,medium,0.1132373814903289,-0.0987254913859132,0.1103428751942261,0.1559415150288304,-0.305230925001722,0.8798467327545255,0.8063499090522951,0.8810369830362725,0.7618263143206583,0.8247211798742857,combined_data.csv
55,88,5,medium,medium,0.121639503458685,-0.0371024930806138,0.1363869946396059,0.1392903118897315,-0.3687856307873719,0.8701412163468422,0.6872950728878748,0.8512294451654334,0.7589235753738641,0.826776230082319,combined_data.csv
55,89,5,medium,medium,0.1187723243245545,-0.0545763400326829,0.1336943684711202,0.1456236330012685,-0.3027528298686578,0.8749129933983956,0.7853279920906238,0.8574768413389275,0.7726117233773078,0.8482073753232033,combined_data.csv
55,91,5,medium,medium,0.1254582573818821,0.0872626703417239,0.1291978394212672,0.1644833502973154,-0.2458846851462399,0.8675638591477681,0.6778125327824901,0.8603853370385238,0.7590371657260845,0.8362110254725803,combined_data.csv
55,97,5,medium,medium,0.1117121567867802,-0.0494922459521397,0.1048246230022785,0.1736556759248861,-0.3290624274264475,0.8809417682261327,0.7840789667208392,0.88570878362888,0.7475856728668646,0.8418829402469603,combined_data.csv
55,105,5,medium,medium,0.1099216358503566,-0.0151757080746136,0.0970052565667982,0.1543285238523608,-0.2889906889285348,0.8839436516280931,0.7422349978833156,0.8945699771155773,0.749318333016985,0.8400110970918001,combined_data.csv
55,108,5,medium,medium,0.1223109196308958,-0.0846941727225745,0.1348998459094129,0.1490612406374604,-0.3368286756783352,0.8712968929963031,0.723309327998845,0.855703118391128,0.7595149481265946,0.8251755591471699,combined_data.csv
55,115,5,medium,medium,0.1183092900604164,-0.1214375614243269,0.1127628149084074,0.1639262294275215,-0.2054130415254207,0.8740212234488052,0.7927136915364712,0.8771397387538741,0.7756521296098933,0.819448129244719,combined_data.csv
55,117,5,medium,medium,0.1093325673504448,-0.099862675485073,0.1084156137767261,0.1429305328208368,-0.233370164149441,0.883058730305538,0.8074079810130522,0.8817435793538264,0.7735155511525992,0.833370164149441,combined_data.csv
55,121,5,medium,medium,0.1142469129960953,-0.1557727032920537,0.1063349531767084,0.181979204927017,-0.2049394961017132,0.8788695429679024,0.7697020278119033,0.8851724967793645,0.7651543023333859,0.8239871151493323,combined_data.csv
55,133,5,medium,medium,0.1126925503938633,-0.0993424382206784,0.1241774594125585,0.1725395335321083,-0.3697001782066192,0.8805464755182871,0.8146354706839833,0.8671511684846411,0.767594230465992,0.8165986744472208,combined_data.csv
55,135,5,medium,medium,0.1034875356108766,-0.1210642501041631,0.1116378318704489,0.1512551644953055,-0.3332920685005277,0.887483068458594,0.7920533299801253,0.8758848376556221,0.7814172678190303,0.8230879868678747,combined_data.csv
55,142,5,medium,medium,0.1123054265397007,-0.1216350276395443,0.1094304450006232,0.1162361381806258,-0.2536037361621143,0.8813752282812153,0.8080679957426367,0.8821683547885105,0.7915352295101324,0.8305268130851912,combined_data.csv
55,143,5,medium,medium,0.1270382946576909,-0.0255213723302606,0.1430860887637697,0.1586270944836956,-0.206398677318764,0.8651511600883633,0.6858573298830961,0.8454964184563662,0.7503312644693838,0.8049061400053312,combined_data.csv
55,145,5,medium,medium,0.1110330760538064,-0.0600851381761049,0.1121243248909369,0.1424491478012199,-0.3308342096328959,0.8821817641359874,0.8000087294966572,0.879293372600007,0.7877856395947994,0.8308342096328959,combined_data.csv
55,147,5,medium,medium,0.1207417983072711,-0.0437595688484555,0.1292459138244933,0.216856809878703,-0.3827082284264443,0.8720067278131372,0.7562748841629703,0.8608053898516633,0.7445285852685527,0.8398510855693014,combined_data.csv
55,151,5,medium,medium,0.1216260874078923,-0.0627615302199582,0.1310199872730197,0.1283466717187839,-0.2447431810341578,0.8723526211265676,0.7848824145454949,0.8609920762800669,0.781389191386143,0.8225209588119355,combined_data.csv
55,155,5,medium,medium,0.1173752361630897,-0.0238386383705189,0.1260994185755503,0.1593557086173861,-0.2972113921704101,0.8752621479577353,0.7419615899735774,0.8630434245654077,0.7520128481370353,0.8467672593980866,combined_data.csv
55,158,5,medium,medium,0.1121730993520019,-0.0829661589709578,0.1197251579286523,0.1478244747789238,-0.2224811082461502,0.8810708475138627,0.8083355190265871,0.8709998594114038,0.7837663564725477,0.8444030301680722,combined_data.csv
55,166,5,medium,medium,0.1094253840814927,-0.095747672996767,0.1146070784692752,0.0882547198815574,-0.3769217476961621,0.8820802996993552,0.8217280829663466,0.8740894842359199,0.7752522795358328,0.8469097428942414,combined_data.csv
55,168,5,medium,medium,0.1090581161384238,-0.1018664648828858,0.1125996965503333,0.1492280688607594,-0.3429587248128107,0.8833912335935347,0.7887155969592864,0.8769692621013412,0.7700765726506531,0.8429587248128108,combined_data.csv
55,169,5,medium,medium,0.1136440479910244,-0.1254863504204719,0.1072425864006394,0.1335791627266451,-0.2707715214510615,0.8775468393497131,0.7971291699094636,0.8815296605577634,0.7746491988317515,0.8249883889209411,combined_data.csv
55,171,5,medium,medium,0.1248865940412347,0.0244344950886905,0.1536527675020957,0.1716015561672754,-0.2787426480322538,0.868661616392171,0.6887568190673592,0.8368655199364323,0.7461532904483359,0.8342982035878094,combined_data.csv
55,192,5,medium,medium,0.1147274798179432,-0.0610774105400973,0.1286418907912923,0.1951057508648703,-0.229408925669535,0.8772374463040502,0.7336488901792726,0.8602811538313596,0.7508479518389253,0.8381045778434482,combined_data.csv
55,202,5,medium,medium,0.1105927468454165,-0.0696793143759602,0.1042677028738737,0.162003274600202,-0.2569777460729212,0.8815562037923395,0.7530921335360286,0.8857715681188826,0.7652453906632068,0.8452130401905682,combined_data.csv
55,203,5,medium,medium,0.1279328381653093,-0.0221455453465694,0.1671567335462819,0.1380744148898013,-0.3876516627472037,0.863769365004026,0.5737279838179979,0.8206133383138877,0.7218525344342358,0.828828133335439,combined_data.csv
55,206,5,medium,medium,0.1202830190338636,-0.0997201699796761,0.11879041573807,0.1440736203563537,-0.2434392651815932,0.8734030348908668,0.7887836336011564,0.8734120790521633,0.7722463818680481,0.8267725985149265,combined_data.csv
55,207,5,medium,medium,0.1099837572309233,-0.0813895384710757,0.1137334348524636,0.1445528461857947,-0.2611281400961943,0.8833252866687766,0.8074201504286515,0.8783958843883803,0.7701662332169168,0.8423598116504466,combined_data.csv
55,210,5,medium,medium,0.1138965424669808,-0.1115815458680486,0.131126893406167,0.1947160132649397,-0.3041833064984752,0.8795078860878812,0.750755995924046,0.8596466900895734,0.740891965039687,0.8447238470390158,combined_data.csv
55,214,5,medium,medium,0.1171609361702505,-0.1150561901245672,0.1160396008060004,0.1367682935071282,-0.2552024335438549,0.8764491109360647,0.8073154446303077,0.8751324726307087,0.7756217861915795,0.8266310049724264,combined_data.csv
55,215,5,medium,medium,0.1075831939263957,-0.0978848918160516,0.1078595733636033,0.121599362981539,-0.3107103254782153,0.8859925170095335,0.7844011353491495,0.8832648731117207,0.7808353693002703,0.830200580350779,combined_data.csv
57,61,5,medium,medium,0.1162026300242969,-0.0761699901202443,0.1037516392888087,0.127588116755719,-0.0783254005872373,0.8775140851655332,0.7833088101947654,0.8881956814951601,0.7774294869217793,0.8283254005872374,combined_data.csv
57,62,5,medium,medium,0.1260967034076762,-0.0968687910571014,0.146541861826673,0.1467085523735218,-0.0881777340486048,0.8666067124363986,0.7937766527780363,0.8440584377841098,0.7489794753546417,0.8316944955919319,combined_data.csv
57,66,5,medium,medium,0.1147674310712338,-0.1310003019026772,0.112520767262269,0.1240000143934928,-0.0792706094296163,0.875694803214654,0.8029474236442643,0.8740189053979994,0.7758701477814491,0.8519978821568892,combined_data.csv
57,70,5,medium,medium,0.1143534496084249,-0.1039153761446158,0.1026659047642535,0.1652232673862913,-0.0601191016644823,0.8770179624301193,0.7854935188471275,0.8863938898899912,0.7673572871743894,0.8328463743917551,combined_data.csv
57,73,5,medium,medium,0.1125459166352419,-0.1134906398114299,0.1130690936421174,0.1764878993314412,-0.0981351348402235,0.8782432530081766,0.7820248391874962,0.8766511260568866,0.7500789837560548,0.8481351348402235,combined_data.csv
57,75,5,medium,medium,0.1102803508117137,-0.1103581678245106,0.126651525835246,0.116188501865186,-0.2142827156074669,0.8788343490719034,0.8330749022005716,0.8578563702149097,0.779585107434294,0.8283178033267652,combined_data.csv
57,81,5,medium,medium,0.1050712472972777,-0.0759030542529161,0.0971300602650355,0.1578843448276639,-0.1236952864312268,0.8859568266207828,0.8034783193591774,0.8902563475877866,0.7612986873628473,0.8379810007169411,combined_data.csv
57,83,5,medium,medium,0.1003092652604824,-0.1000191499440102,0.1192475374444264,0.1629334801943939,-0.0830186916579034,0.8911790505527969,0.7976982923609868,0.8700365029830763,0.7474341639838566,0.8243568039637577,combined_data.csv
57,84,5,medium,medium,0.1050774296646976,-0.0962211187476074,0.1056542769767394,0.133215707660375,-0.0789561152690337,0.8866657712147077,0.7898529834348986,0.8827859334769608,0.7710001770848374,0.8289561152690338,combined_data.csv
57,88,5,medium,medium,0.1072608385333039,-0.087069150706878,0.1113832450026633,0.1932697371660694,-0.0690959291410422,0.8846793728376577,0.7569966704279215,0.8783764297717751,0.7581315845689935,0.8468737069188201,combined_data.csv
57,89,5,medium,medium,0.1108121729975813,-0.0545720923730767,0.101793911581389,0.139788114952884,-0.2142805530519407,0.8813181405016363,0.8119450402372785,0.8872140659123375,0.7750778293664496,0.8359021746735624,combined_data.csv
57,91,5,medium,medium,0.1217276242081768,-0.044011305675634,0.1207332867118657,0.1197069647602695,-0.2124029569737916,0.8691769903423722,0.7696415060420781,0.8677499737053893,0.757090687983385,0.8049955495663842,combined_data.csv
57,97,5,medium,medium,0.1153764302214053,-0.0303005612026574,0.1133936392580972,0.1121972730901748,-0.0637491502608217,0.8753730637970223,0.7834421468864318,0.8743186102894529,0.7862640239801468,0.8256539121655836,combined_data.csv
57,105,5,medium,medium,0.111915018994505,-0.1448107569175818,0.0935900540072979,0.1343668883753656,-0.1015249957071364,0.8829050474839537,0.8144048687729848,0.9002445666914297,0.770367869515992,0.8383671009702944,combined_data.csv
57,108,5,medium,medium,0.1215987609094174,-0.1678956721481358,0.1241962464761603,0.1463824506965881,-0.0730900097207212,0.8705649067964311,0.8056715402050104,0.8667117746850552,0.7625011363245102,0.8440690306997423,combined_data.csv
57,115,5,medium,medium,0.1070257749833162,-0.0486474750815019,0.1099558670551852,0.1599200551998046,-0.162583012255451,0.8833944483902235,0.7723319471837345,0.878970427474653,0.7691548113627034,0.8244877741602129,combined_data.csv
57,117,5,medium,medium,0.1095648980615836,-0.109361096426984,0.1154810298623029,0.1190596682189832,-0.1965032043179236,0.8817963234350505,0.7959184510110593,0.8719159805861226,0.7809360287764542,0.8503493581640776,combined_data.csv
57,121,5,medium,medium,0.1169892331137958,-0.0892635682321929,0.1245356989732208,0.1282357657239153,-0.1671169599826117,0.8761740459080608,0.7951529396802948,0.8667200404118593,0.7757305684262544,0.8337836266492784,combined_data.csv
57,133,5,medium,medium,0.1153683767375195,-0.0489592457685603,0.1082920651973687,0.1743250062941581,-0.098187218977772,0.8770308367944315,0.7863299945298987,0.8807354642556625,0.7615765840541401,0.8519750977656508,combined_data.csv
57,135,5,medium,medium,0.1122848010952178,-0.0894621226459357,0.1007220365299826,0.1329854658903395,-0.0428965574518659,0.8768558736028005,0.7859284743203425,0.8836968066219313,0.7551255270308198,0.8323702416623923,combined_data.csv
57,142,5,medium,medium,0.1140872718187979,-0.0921193636875453,0.1083987492475968,0.1549403814087249,-0.1423564568612072,0.8787979374894012,0.7862417115438437,0.8826684562410463,0.7645831538944204,0.8408413053460557,combined_data.csv
57,143,5,medium,medium,0.1178997063894253,-0.0847925349651226,0.1274597426345226,0.168256324574053,-0.2494197849094588,0.8731224391475079,0.7541344526580169,0.8594666956894509,0.736402207906019,0.8328458138304822,combined_data.csv
57,145,5,medium,medium,0.1030359594712029,-0.1112003666463199,0.1077700530104406,0.147212451442776,-0.0544474952563075,0.889741846200913,0.8041241249242412,0.882130142521163,0.7600803154154139,0.8236782644870768,combined_data.csv
57,147,5,medium,medium,0.111907073154825,-0.0586575517275544,0.108259218462594,0.1447747648960954,-0.0809857900212294,0.8796826861520957,0.8143557117594351,0.8807501861283629,0.7865199844809199,0.8428905519259913,combined_data.csv
57,151,5,medium,medium,0.1207814679911319,-0.0407512871796242,0.1464344795122411,0.1689082792891356,-0.13199914639173,0.873867666626811,0.6961522916954259,0.8468934686534151,0.7532520630138195,0.8462848606774442,combined_data.csv
57,155,5,medium,medium,0.1052668604634701,-0.1272150083840251,0.0943063540670062,0.1469444755799874,-0.085571191151011,0.885533218737151,0.7994434828304946,0.8943223982035152,0.7632059499868916,0.8189045244843445,combined_data.csv
57,158,5,medium,medium,0.1191206390833387,-0.0507620719246296,0.1221112537584229,0.1596942750814812,-0.2007767616648447,0.873126303486113,0.778198318724727,0.8663285237244848,0.7753122813134214,0.8293481902362732,combined_data.csv
57,166,5,medium,medium,0.111417501193574,-0.032728873520589,0.1213383481663699,0.1419905612805133,-0.0745733959128278,0.8781496074252121,0.7660992961380764,0.8629656543264033,0.7520288416238706,0.8245733959128279,combined_data.csv
57,168,5,medium,medium,0.12023361654088,-0.1044579835029427,0.135517594182855,0.1902884972800428,-0.1426254825910587,0.8717218274420563,0.7845850620315972,0.8540485152272249,0.7389341599942234,0.8426254825910587,combined_data.csv
57,169,5,medium,medium,0.109856096935466,-0.0374519506120174,0.1045231310422322,0.1468482724364971,-0.2114245942995386,0.8792179198280816,0.7603915210800366,0.8789644591440737,0.7530998598251473,0.8410542239291684,combined_data.csv
57,171,5,medium,medium,0.1214566492525116,-0.1166288602063716,0.1174908927608056,0.1583832522341861,-0.2381504072906244,0.8712477550645451,0.8010868364158339,0.8720893825523515,0.7634668557303925,0.8458427149829322,combined_data.csv
57,192,5,medium,medium,0.1168924526829311,-0.159266325135933,0.1196907232203137,0.1397289666117713,-0.2630657384242983,0.8737527616554467,0.799182607323815,0.8660610328482808,0.766222993676813,0.8446375541424556,combined_data.csv
57,202,5,medium,medium,0.1099089234820704,-0.0854119697894422,0.1090988866772204,0.1552747749627286,-0.1664901863696947,0.8810194701056243,0.8148195978098309,0.8792710041400014,0.7591358392766016,0.8331568530363613,combined_data.csv
57,203,5,medium,medium,0.1300427577392867,-0.0841609974060482,0.1563080307334885,0.2015605548964828,-0.0686121616923535,0.8609521614861004,0.7062310622572439,0.8319796434696672,0.6996110337028347,0.8463899394701314,combined_data.csv
57,206,5,medium,medium,0.1207620470527731,-0.0839192260864483,0.1370969237043896,0.1678251241456992,-0.1052543343947276,0.87287489258679,0.7515725420696149,0.8549415452098896,0.7500884548837291,0.8325270616674549,combined_data.csv
57,207,5,medium,medium,0.1180847313981167,-0.0647444472320996,0.1081960573986047,0.1291857811753202,-0.2504322975395043,0.8734251522054908,0.7792624416166517,0.8798132048089397,0.7726559961704094,0.8386675916571513,combined_data.csv
57,210,5,medium,medium,0.1184490391187876,-0.1342141457191012,0.1166220729466234,0.1429602839627212,-0.0558310496297037,0.8744136601050381,0.7809001618313887,0.8748563425341424,0.7753035530187511,0.8453047338402301,combined_data.csv
57,214,5,medium,medium,0.1164832734980867,0.0068327824868654,0.1200471192589367,0.1716620502356888,-0.0920692565600957,0.8761547849599282,0.704932600167895,0.8698974564370934,0.7421992886207938,0.8340047404310635,combined_data.csv
57,215,5,medium,medium,0.1214713175606397,-0.0744278979735652,0.1213572632300317,0.0940011736043318,-0.0840254776282973,0.870323991499906,0.8109726064560864,0.8683756780802795,0.7983919041934067,0.8208675828914553,combined_data.csv
61,62,5,medium,medium,0.1260682043197848,0.0291082405213237,0.148293168670329,0.1686745512162811,-0.1279160969075804,0.8672370125616538,0.6526274681952481,0.8437706379283358,0.7148756483142119,0.8362494302409138,combined_data.csv
61,66,5,medium,medium,0.1209419868249758,-0.0025815386086209,0.1501861068301931,0.1738500675976833,-0.1214479892501796,0.8725666965106066,0.6675140465687772,0.8429917703493869,0.7490087900150249,0.8214479892501797,combined_data.csv
61,70,5,medium,medium,0.1195110662515723,-0.0476071376156626,0.1340477515179001,0.1015629923044414,-0.081724900354534,0.8738847141815882,0.7187146060187701,0.8580194282155946,0.76271109607816,0.8281534717831054,combined_data.csv
61,73,5,medium,medium,0.1173255067032078,-0.076888255313496,0.1209480896912323,0.1478428553252053,-0.1221539107055711,0.8748905961000024,0.7723919677468754,0.8696970342937117,0.7716492492618847,0.8364396249912853,combined_data.csv
61,75,5,medium,medium,0.113468809703108,-0.0976411973655535,0.1245366884658841,0.1664150930181634,-0.1916611616994596,0.8779164956127311,0.7693642061514134,0.8631812889978953,0.7583899980090549,0.8232401090678807,combined_data.csv
61,81,5,medium,medium,0.1254541013491761,-0.0506681338517392,0.120055072602045,0.1439053753202661,-0.1376647697564221,0.8675256400431731,0.695730433397874,0.8707633758597848,0.7463873711263015,0.8333169436694656,combined_data.csv
61,83,5,medium,medium,0.1213487260869732,-0.0993825408201202,0.1260471059844523,0.159632580832933,-0.0909674994156199,0.8714052712177136,0.8062151854948081,0.8650537682342663,0.7778546776187987,0.8173489610911993,combined_data.csv
61,84,5,medium,medium,0.1145918844496722,-0.1391379513675869,0.1185435050180109,0.1380083600414539,-0.1409813693209128,0.877982946639217,0.8176761261832634,0.8735835840738883,0.7825351687460499,0.8409813693209128,combined_data.csv
61,88,5,medium,medium,0.1374050423140983,-0.0802465239980733,0.154866077423331,0.122465308310104,-0.114727558224994,0.8556966118536921,0.7017193593120532,0.8351746831183392,0.7578577565996851,0.814727558224994,combined_data.csv
61,89,5,medium,medium,0.1147328077577806,-0.0840844742366181,0.1169357037201207,0.1562314941834255,-0.1549996750887278,0.8791849192532903,0.8046874528440661,0.876296003098806,0.7599030717003203,0.812518472081209,combined_data.csv
61,91,5,medium,medium,0.1215262321785387,-0.1012595311395851,0.133541240194596,0.1739614532718343,-0.2598115441900253,0.8718719568349331,0.7433553977460192,0.8581400568727612,0.7460553233317005,0.8367346211131022,combined_data.csv
61,97,5,medium,medium,0.1135435834953645,-0.0968246363220659,0.1171542786265401,0.1609107032344103,-0.1021308554232329,0.8794515703446968,0.7965024035314688,0.8744798113853078,0.7687994431719665,0.8412612902058417,combined_data.csv
61,105,5,medium,medium,0.1254656203541659,-0.0596208764486552,0.1327687403687615,0.1371699683641958,-0.129424156489225,0.8692034427706767,0.74878789188461,0.8608751821366871,0.7525710820003876,0.8377574898225584,combined_data.csv
61,108,5,medium,medium,0.1341225363007856,-0.0036259051997545,0.1380131688764561,0.152275928746342,-0.1065978213251187,0.8599549761306493,0.7221501652672924,0.854862249912864,0.762457239831675,0.833870548597846,combined_data.csv
61,115,5,medium,medium,0.1179959348281011,-0.1071703351900245,0.1257687501391916,0.1381097557912726,-0.1641180119129407,0.8748588690172151,0.7873682923359712,0.8660318309149051,0.770667548871189,0.8307846785796075,combined_data.csv
61,117,5,medium,medium,0.1148941766606537,-0.1581179555011441,0.1149592907930819,0.1565368609859816,-0.167866004584249,0.8770101648981723,0.8240322390321364,0.8754747238789153,0.7757745325636995,0.8464374331556777,combined_data.csv
61,121,5,medium,medium,0.1104438758274222,-0.0906363284462354,0.1117346883838891,0.1743345866799641,-0.1782724880705684,0.8839146785023381,0.7648243769006253,0.8824182477029682,0.7575258371652267,0.8327817718901971,combined_data.csv
61,133,5,medium,medium,0.1096264447537264,-0.1226868149169558,0.1055268847970855,0.1075066487991268,-0.1208402913125969,0.8842444825641276,0.8028580090363753,0.8871655755229042,0.7860245353264171,0.8351260055983112,combined_data.csv
61,135,5,medium,medium,0.1138671754773475,-0.1344011538472974,0.1062008742596163,0.139454197981827,-0.0935790486061962,0.8762174601724417,0.8110966600677468,0.8819238036546351,0.7851825258888558,0.8304211538693542,combined_data.csv
61,142,5,medium,medium,0.1192511595123008,-0.1323346373372216,0.1075059909612132,0.1497507696598876,-0.1616758004707224,0.8745224734681465,0.8109484599371564,0.8851913531595367,0.7811017938842995,0.8416758004707223,combined_data.csv
61,143,5,medium,medium,0.1308503775786368,-0.0125939907268768,0.1552980296807896,0.1688881771793721,-0.2564046703290763,0.8618460203007012,0.6207030602632355,0.8336143698405281,0.748340383654403,0.8308727554354594,combined_data.csv
61,145,5,medium,medium,0.1168812714419603,-0.1153181869190307,0.1239982279231148,0.119137482421795,-0.1032941247243635,0.8757448187805658,0.8063334055389293,0.8674270461699044,0.7770280586283316,0.8305668519970908,combined_data.csv
61,147,5,medium,medium,0.1188719764145975,-0.0850833108075965,0.1171052094935363,0.1260275148668493,-0.096050280211532,0.8739921988858759,0.7661315455211039,0.8742456363394729,0.7782053141772888,0.8359858679732068,combined_data.csv
61,151,5,medium,medium,0.1129155641125941,-0.1482700036993612,0.1187504986327715,0.1746482354924039,-0.1321770999210216,0.8811992009796331,0.7875359370722442,0.8744369399755999,0.7596326351121101,0.8399569860690292,combined_data.csv
61,155,5,medium,medium,0.1171316196814927,-0.0476410231436414,0.10957778192873,0.1668631659756513,-0.117674559362388,0.876183483140216,0.7633122734532949,0.882851172105146,0.7692192493787848,0.837674559362388,combined_data.csv
61,158,5,medium,medium,0.1129386144354209,-0.1285330846049899,0.10910149023202,0.1098207879241638,-0.2263786812761103,0.8804250544230688,0.7952516583657159,0.8827694263569636,0.7831645993839874,0.836548172801534,combined_data.csv
61,166,5,medium,medium,0.1072380800647126,-0.0945184579654384,0.0838036021673144,0.0966392413525851,-0.1268759375051763,0.8839223942415473,0.793441718022471,0.9054428888587864,0.7778323391143849,0.8456259375051763,combined_data.csv
61,168,5,medium,medium,0.1132267389309493,-0.0703075404952119,0.1225035537925074,0.1248360825905288,-0.1448813716492484,0.879678755161311,0.7684881010372887,0.8686670469181144,0.7622369491184886,0.8448813716492484,combined_data.csv
61,169,5,medium,medium,0.1117168276043789,-0.1537321977192617,0.1158332882362646,0.117832580598128,-0.1905111414628482,0.878858776797191,0.8127682954106271,0.8737314962829278,0.777598958093435,0.8155111414628482,combined_data.csv
61,171,5,medium,medium,0.11656694314295,-0.0710995530820942,0.1245001914183154,0.1657033047056075,-0.2122656441439868,0.8774866255561977,0.7460242489366855,0.8679089640548732,0.7571263959300232,0.8390513584297011,combined_data.csv
61,192,5,medium,medium,0.125859819518134,-0.0515085071910577,0.1400530174537497,0.181850613619567,-0.1954416296453696,0.8663206159151543,0.7307150251956467,0.850648137025558,0.7466079875907792,0.8364672706710107,combined_data.csv
61,202,5,medium,medium,0.1142398395174759,-0.0842057703465251,0.113377768573356,0.1510393807464143,-0.1409622991772113,0.8788386619005348,0.7418394468332489,0.8789462934867246,0.7535691617197476,0.8366144730902548,combined_data.csv
61,203,5,medium,medium,0.1310871873867616,-0.0719493183844742,0.2073960942413301,0.1198274445420383,-0.1450005061367951,0.861896452993986,0.6363518650210113,0.7839325948513219,0.7577679202278639,0.826818687954977,combined_data.csv
61,206,5,medium,medium,0.1136077163558093,-0.0919853581196126,0.1105844455842139,0.1416089258279503,-0.1403261404587552,0.8806526658765279,0.801106979496861,0.8828600080906422,0.789997777680151,0.8372958374284521,combined_data.csv
61,207,5,medium,medium,0.1087829897493484,-0.0998056069287312,0.1019123548316143,0.1531295579441569,-0.2257046266812856,0.8838843317713201,0.7878110747523321,0.8888713767736672,0.77553156217187,0.8289833152058759,combined_data.csv
61,210,5,medium,medium,0.1169109401804135,-0.088923684255765,0.1435992796126798,0.1477957104189505,-0.1580478658231636,0.8771902587985415,0.7577493573635228,0.8486012331422965,0.758269617616276,0.8537000397362071,combined_data.csv
61,214,5,medium,medium,0.1094200752208761,-0.0879806660963674,0.1164893346027529,0.1630300033385743,-0.1050156886696963,0.8837678623610746,0.768461995794917,0.875456310665453,0.7627209661996448,0.8418577939328543,combined_data.csv
61,215,5,medium,medium,0.1191845203877423,-0.0843297013099767,0.1339369401721702,0.1258502148640178,-0.0966789962751739,0.8736042993387237,0.7495086209159819,0.85801063457312,0.7757117289511795,0.8358094310577827,combined_data.csv
62,66,5,medium,medium,0.1087068659860948,-0.1343593339077901,0.110953165656908,0.1196791223805073,-0.0493465641912059,0.881814635224931,0.7914428591715127,0.8762773958193828,0.8085414090594298,0.8493465641912059,combined_data.csv
62,70,5,medium,medium,0.1108975992292925,-0.1058605829101868,0.1023412072543441,0.1607109896849418,-0.113172406690538,0.8813496213324266,0.8027452959613905,0.8894315502988476,0.7808476685044379,0.813172406690538,combined_data.csv
62,73,5,medium,medium,0.120358711276745,-0.0441928835360471,0.1205768022276543,0.1774218980186069,-0.1486709870381408,0.8685179735620345,0.7109516153751675,0.8612707845054066,0.7214146728727302,0.8486709870381408,combined_data.csv
62,75,5,medium,medium,0.1063626779372683,-0.0569245452100148,0.1015459713120666,0.1000235628904877,-0.2230072082084687,0.8802858417849787,0.7385231337356994,0.8803005106583581,0.7757697872966082,0.8480072082084688,combined_data.csv
62,81,5,medium,medium,0.1217314892284001,-0.1667807919435171,0.0997009313335172,0.1431403355056658,-0.1313935481649616,0.8682620119250244,0.7915352987163777,0.8836489968474901,0.768124735582236,0.8290679667696128,combined_data.csv
62,83,5,medium,medium,0.1191346379659823,-0.0143068648848686,0.1441296722899041,0.1289790315433504,-0.1393735062797776,0.8718191152252066,0.6819050902777801,0.8414488425379573,0.732831297583407,0.8179449348512062,combined_data.csv
62,84,5,medium,medium,0.1203901742425048,0.0122316019892098,0.1522706889110756,0.0816659248399103,-0.1280015415138506,0.870700035842118,0.721924298804934,0.836662032325918,0.7505032996178818,0.842287255799565,combined_data.csv
62,88,5,medium,medium,0.1190385415119431,-0.0839602618621019,0.1098639448004121,0.1114555426751103,-0.122769653203653,0.8725110759111796,0.7875924986486676,0.8793573155720522,0.7858125432067731,0.8464060168400167,combined_data.csv
62,89,5,medium,medium,0.1264421301707847,-0.1045239445516391,0.1629667594804904,0.1142428779901884,-0.1983319895171277,0.8654833819363993,0.777267570756696,0.8260998174664435,0.7597753651723791,0.7983319895171278,combined_data.csv
62,91,5,medium,medium,0.1065875574971001,-0.0908834090065375,0.1123587563224967,0.1376044031683275,-0.2893118999990625,0.8846128981556154,0.8149598930463222,0.8738401491946026,0.7686200891816922,0.8205618999990625,combined_data.csv
62,97,5,medium,medium,0.1169294002035721,-0.0907466746711302,0.1012277155586353,0.1570241385928497,-0.1216006715305846,0.872269960858769,0.7487274486596296,0.8820348465297729,0.7360634296158097,0.8216006715305846,combined_data.csv
62,105,5,medium,medium,0.1287661304678449,-0.1106741876339615,0.121010313163277,0.2097865733064744,-0.1664402095663768,0.8660782233065973,0.780520456293921,0.8723748903116622,0.7312111429428394,0.851625394751562,combined_data.csv
62,108,5,medium,medium,0.1175998137500831,-0.1353446282340104,0.127039637314767,0.1618122990729383,-0.1119012236443965,0.8739024796177517,0.7722123592432198,0.8633713491806945,0.771273944256276,0.8510316584270053,combined_data.csv
62,115,5,medium,medium,0.1290191638663551,-0.023354233257312,0.1483437120543554,0.2040270591527506,-0.1571379507423054,0.8621008710679986,0.6897596317663091,0.8380760437119853,0.7107197119218465,0.8272059779531897,combined_data.csv
62,117,5,medium,medium,0.1237789429135042,-0.0115910556718239,0.1433804478857421,0.155196705641489,-0.1935857860764821,0.8667123319361472,0.6677363286877129,0.8427163538394606,0.730463480358588,0.8282011706918668,combined_data.csv
62,121,5,medium,medium,0.1165557055866378,-0.0657386651072319,0.1166151594093044,0.124226653168167,-0.2160086325931046,0.8765265262073902,0.7701720260241304,0.8744853111736346,0.7847779412469738,0.8560086325931046,combined_data.csv
62,133,5,medium,medium,0.1143163232315782,-0.1336748231195398,0.1316740006191864,0.1872005123088025,-0.1391897601223535,0.8776409652996905,0.7597598579219251,0.8592982519545627,0.7445709549395777,0.8488671794771923,combined_data.csv
62,135,5,medium,medium,0.119618070428461,-0.053723103895526,0.1395241332539922,0.1529041150672083,-0.1517457692258309,0.8691079375714217,0.7097194572795104,0.8423522714237297,0.7406627578184682,0.851745769225831,combined_data.csv
62,142,5,medium,medium,0.1267643250884301,0.0143848309183284,0.1576249644276133,0.1999203257393449,-0.1500677117702642,0.866092068891775,0.6389394503113098,0.8339452545122832,0.7115941740155456,0.8318858935884461,combined_data.csv
62,143,5,medium,medium,0.1033480409205168,-0.1135950930576349,0.0933684182650173,0.0983519919837945,-0.2543218773134261,0.8855515713059056,0.8010172683228333,0.8906044643099343,0.8013172319252317,0.8143218773134262,combined_data.csv
62,145,5,medium,medium,0.1194635337046299,-0.054244478001032,0.1448744682750166,0.1938815609473962,-0.104743975287271,0.8736754972108111,0.7361528175353407,0.8462560385715441,0.7506887124718757,0.8089106419539378,combined_data.csv
62,147,5,medium,medium,0.1127864816646607,-0.0814633871646097,0.1277567882900629,0.157888363574812,-0.15350680699322,0.8772019271740225,0.7591832093401996,0.8579769138463917,0.7719771875680339,0.8353249888114019,combined_data.csv
62,151,5,medium,medium,0.1300929166699066,-0.0399362611985407,0.1840261545894348,0.1529492742843591,-0.2375716798620796,0.8646351356766523,0.6139603744727997,0.8090942848188372,0.7298248882265157,0.8436322859226856,combined_data.csv
62,155,5,medium,medium,0.103277808091223,-0.0828586294692276,0.1087731326060493,0.1020932503715587,-0.1475012431708323,0.8870938224612296,0.8050500269487135,0.878844393302465,0.767488698122567,0.8475012431708323,combined_data.csv
62,158,5,medium,medium,0.1183551432075672,-0.0978936447369542,0.1372568034351604,0.1629675731206591,-0.2529039857321689,0.8732425863395739,0.7029116416720949,0.8511610537103316,0.7680540305503554,0.8362373190655021,combined_data.csv
62,166,5,medium,medium,0.1081245108778421,-0.058461361982173,0.1335814201086875,0.1802141803677575,-0.1556245994572247,0.8803092754341781,0.6912283017615631,0.8478745068450431,0.736764630350585,0.8525942964269216,combined_data.csv
62,168,5,medium,medium,0.1169722204230213,-0.1092285656321292,0.1075633519976914,0.1446520707146987,-0.1832021465265476,0.8721578684651943,0.7435696890433803,0.8780572678445162,0.7415443231691219,0.8353760595700259,combined_data.csv
62,169,5,medium,medium,0.1197384535704116,-0.0613029997885077,0.1396105882360517,0.1321747277586695,-0.2226778479766672,0.8683045407087973,0.7158846673114259,0.8414610163797727,0.7474996356911485,0.8501288283688241,combined_data.csv
62,171,5,medium,medium,0.1214170998131791,-0.0429655055289426,0.1355853770629448,0.1439754595214147,-0.322240447026172,0.8700344965186533,0.7582945792378646,0.8537096197504911,0.7655908601935572,0.869115447026172,combined_data.csv
62,192,5,medium,medium,0.1294223445965493,-0.0281516497291488,0.119071017830612,0.1740130569507908,-0.2408728776465859,0.8609610518896584,0.7757734878671251,0.8667572441239748,0.7610669151783876,0.8291081717642329,combined_data.csv
62,202,5,medium,medium,0.1228219741040861,-0.006896097594046,0.1133106313546612,0.1725636372967118,-0.1272420718196609,0.8670147245974765,0.7377180348856951,0.8730805423375434,0.7634810451115774,0.8313666509442401,combined_data.csv
62,203,5,medium,medium,0.1284627826200111,-0.0723963545993858,0.1277610766367676,0.1632087892996786,-0.1241152934763581,0.8605854750479647,0.7176399473890797,0.858031762565258,0.740630289699698,0.8005858817116522,combined_data.csv
62,206,5,medium,medium,0.1387549902397666,-0.0581839402963276,0.1887591168804294,0.1869670792311091,-0.1330671397497315,0.8547043680335198,0.6805571038476496,0.8040145645528147,0.7257297978279996,0.8330671397497315,combined_data.csv
62,207,5,medium,medium,0.1241583320000472,-0.0474998494795848,0.137519380376952,0.161944303927603,-0.2438350085626632,0.8670602223731804,0.7062781144652003,0.8501052387538577,0.7118891977291796,0.8417073489881952,combined_data.csv
62,210,5,medium,medium,0.1227134666482882,-0.0126178399889803,0.1401573544668742,0.1570005693819897,-0.0751629844104676,0.8680775809444856,0.8026981132028245,0.8498709446790828,0.7720650061856733,0.8159037251512083,combined_data.csv
62,214,5,medium,medium,0.1275386283046895,0.0219804455038404,0.1717939174342729,0.1085792303773847,-0.1151440031720903,0.8651298774613043,0.6088099356298765,0.8171775214438239,0.743684708515419,0.8271255699923669,combined_data.csv
62,215,5,medium,medium,0.1172070177259422,-0.0375947114952535,0.1246227299620112,0.1082104490536471,-0.1433323162555181,0.8737666947074572,0.7682595243403562,0.8627665044778436,0.780481016241283,0.8690376454091231,combined_data.csv
66,70,5,medium,medium,0.1249714161000947,-0.0831469206495877,0.1276713644685729,0.1333723780302731,-0.0967077642801195,0.867734202165956,0.783225697267668,0.8626191084614291,0.7568484818537857,0.8467077642801195,combined_data.csv
66,73,5,medium,medium,0.107827272143436,-0.1207598525755199,0.1097408778468939,0.1427735520668489,-0.1350785612469345,0.8821388796795949,0.7765718007439307,0.8744741683960358,0.7803145668297857,0.8350785612469345,combined_data.csv
66,75,5,medium,medium,0.1030744996471559,-0.0581201610799371,0.1259960591239591,0.1293850071324457,-0.229362312977061,0.8849447719198698,0.7889089708438993,0.8586306331599293,0.7882005575951839,0.8529734240881721,combined_data.csv
66,81,5,medium,medium,0.0999998287921613,-0.0472736349291192,0.1065231553325509,0.1703730294875319,-0.1552997894747975,0.8901688154496658,0.776563500882778,0.8805156573649722,0.764423515199924,0.8602687335741763,combined_data.csv
66,83,5,medium,medium,0.1237206455445114,-0.013148144792316,0.1294639610995183,0.1631591760937889,-0.0778634941024524,0.8675486151180467,0.6988879159472373,0.8575243469591294,0.7500560805729795,0.8505907668297252,combined_data.csv
66,84,5,medium,medium,0.1183740129049504,-0.1011807101320705,0.1349931258033371,0.1729025946343604,-0.1117897625704199,0.8730253736407483,0.7304224842770264,0.8525489362683417,0.7325877442834678,0.8390624898431472,combined_data.csv
66,88,5,medium,medium,0.1112465815976865,-0.1095497000545537,0.1185202518046592,0.1238111877504567,-0.1018212006623385,0.8801595751027116,0.791633759510137,0.8700389565579635,0.7573779251691015,0.8386633059254965,combined_data.csv
66,89,5,medium,medium,0.1254744995628979,0.0046971148651551,0.128575021530492,0.1935648652686465,-0.2295025367229879,0.8665274655119061,0.7192480906475003,0.8612422555372552,0.7369727425119539,0.8709311081515593,combined_data.csv
66,91,5,medium,medium,0.11044340578805,-0.0594814781600567,0.1068515465430925,0.1455777476328167,-0.3510241419187218,0.8817935992969202,0.8094209587157435,0.8819778486192923,0.7886705719315373,0.8110241419187217,combined_data.csv
66,97,5,medium,medium,0.1205416599234122,-0.0464030615894985,0.1190949749341914,0.1723007839214009,-0.0975570223699779,0.8697565401768563,0.7549798144511695,0.8695496377260082,0.7498630359213928,0.8608623444988295,combined_data.csv
66,105,5,medium,medium,0.1230641111414864,-0.1772334839052425,0.1228999123200422,0.1435446105854843,-0.0566028574395877,0.8710298402871846,0.8208086098752833,0.8686647839029606,0.7589410164089182,0.8185076193443496,combined_data.csv
66,108,5,medium,medium,0.1164902759565743,-0.0640859096990854,0.1143884712544629,0.1556441112198034,-0.0747844730461941,0.8755234669922852,0.7882728103456924,0.8773283435501483,0.7680365019152282,0.8155252137869349,combined_data.csv
66,115,5,medium,medium,0.1213237549996791,-0.0395995677512243,0.124596423697782,0.1400033804709154,-0.1466095665274012,0.8700098272839897,0.6991620017974604,0.863582632999302,0.7562449102861234,0.8429205019687714,combined_data.csv
66,117,5,medium,medium,0.1261075980446586,-0.0737907543706081,0.11545651107829,0.22150982367749,-0.1521358179979693,0.8644372339064952,0.7513170899479996,0.8707027974720164,0.7202633671628769,0.8188024846646361,combined_data.csv
66,121,5,medium,medium,0.1090861809172284,-0.1297321949461181,0.1082487853464219,0.1720110218818716,-0.1115433259397206,0.884066712675444,0.7946449864665572,0.8825248393249091,0.7679036758784904,0.8307551485998191,combined_data.csv
66,133,5,medium,medium,0.1161233221413021,-0.0609242939349414,0.1333345361510562,0.137682842118905,-0.0875826268225274,0.8760143175473065,0.7505961145686646,0.8569315192667271,0.7581580552176488,0.8267130616051362,combined_data.csv
66,135,5,medium,medium,0.1222932515697488,-0.0388269378838177,0.1286399391617692,0.1435049035246515,-0.054365653467495,0.8673020998931882,0.713024984744139,0.8556496913264277,0.7692161747525801,0.8369743491196688,combined_data.csv
66,142,5,medium,medium,0.117350750289811,-0.000522946217123,0.1525076735543558,0.171359358423109,-0.1326421728166793,0.8750878514098388,0.7052275189052328,0.8366215003567992,0.7543194462781571,0.8282943467297228,combined_data.csv
66,143,5,medium,medium,0.1160157613314813,-0.0441269095209181,0.1098525893716122,0.1423380417363254,-0.2619450051328109,0.8742520912908238,0.8040015167012424,0.8754701740728157,0.7799365711223559,0.8133735765613823,combined_data.csv
66,145,5,medium,medium,0.1142628874181371,-0.0584573302725807,0.1120778705804402,0.1263562346692965,-0.0917143951337846,0.878111636392746,0.730634530731986,0.8784481803239913,0.7796887092869125,0.8417143951337847,combined_data.csv
66,147,5,medium,medium,0.1141138936943909,-0.0755112936996428,0.097586657619761,0.1648406280768346,-0.0569317298146778,0.8770072146088295,0.8112452476990129,0.8901322762247043,0.7526797251519781,0.8347095075924558,combined_data.csv
66,151,5,medium,medium,0.1383930562480246,-0.0278063033162794,0.198226491779674,0.1401654616348475,-0.1186454874011295,0.8563687318673291,0.6479620191931141,0.794413112128811,0.7632313157092815,0.8459182146738569,combined_data.csv
66,155,5,medium,medium,0.1198126751246819,-0.0990687849568662,0.140918832876825,0.1668321824388742,-0.0888273359898995,0.8717218087920958,0.8081298198829067,0.8473582800394828,0.7653915062296709,0.8161000632626269,combined_data.csv
66,158,5,medium,medium,0.1250792149195275,-0.0048042622053219,0.1119230840361823,0.1675245576364876,-0.2073785715117153,0.8672016561820396,0.7317493759966123,0.8761336075565642,0.7430977226440565,0.8290001931333371,combined_data.csv
66,166,5,medium,medium,0.1096674128625567,-0.0827272888007966,0.1077677562826291,0.1173279920863886,-0.09909768254528,0.8782457104247894,0.7520440562011378,0.8735414457986554,0.7465998331775849,0.8382281173278888,combined_data.csv
66,168,5,medium,medium,0.110816024633678,-0.0879567363830691,0.1139645022640795,0.1082560226087684,-0.1100653325225533,0.8802054096440437,0.7611211254775647,0.8740043101355568,0.789280204232631,0.8469074377857113,combined_data.csv
66,169,5,medium,medium,0.123505370162665,-0.0402161506647236,0.1320186071262086,0.1878941700781915,-0.1919343438104477,0.8647212233628465,0.7247935958336262,0.8511271742834219,0.7319934937704444,0.8415507120968927,combined_data.csv
66,171,5,medium,medium,0.1213047032723201,-0.1131443225959155,0.0948847517062673,0.1772519357053185,-0.2624166296070044,0.871315757003938,0.81751652553132,0.8968444305628314,0.7584169702115601,0.8457499629403377,combined_data.csv
66,192,5,medium,medium,0.1100979745944352,-0.0938354158150159,0.1225763717237211,0.1383643189939971,-0.2396841040982424,0.8783668176719888,0.8181133408153027,0.8617606363600973,0.777470491002846,0.832276696690835,combined_data.csv
66,202,5,medium,medium,0.1174418823362611,-0.0705418752574261,0.106563516498911,0.1551732411787555,-0.1310963790780013,0.8732968017756727,0.7483458551637054,0.8814080646190985,0.7761468687600219,0.8332240386524694,combined_data.csv
66,203,5,medium,medium,0.1099650008193312,-0.0826642630991941,0.1437121524019994,0.1400418322043054,-0.1129632249586773,0.8796191735953268,0.7550502659019601,0.8412424918254515,0.7581572774774544,0.8272489392443916,combined_data.csv
66,206,5,medium,medium,0.1202417298639094,0.0379032283173392,0.1411615588979428,0.2134091866849885,-0.1081532143811558,0.8737706883846046,0.6255330263253392,0.8503351739105012,0.7069868031949343,0.8414865477144893,combined_data.csv
66,207,5,medium,medium,0.1280913877784457,0.0256983874325968,0.1096817696989892,0.1401135804062661,-0.2465871964004737,0.8631633616803229,0.7037916951344902,0.8778923050930545,0.783928623923204,0.832794092952198,combined_data.csv
66,210,5,medium,medium,0.1122101654473457,-0.105800686548148,0.1080752829039756,0.1595832701536269,-0.1220113892020384,0.8804012038560798,0.806982026113843,0.8829028563385918,0.7659337350613487,0.8362971034877527,combined_data.csv
66,214,5,medium,medium,0.1314349298705125,-0.013710053014591,0.1742529670913065,0.1721248289440253,-0.1000520703616432,0.8615126449232623,0.6527323883234875,0.8147944172835215,0.7121140766362041,0.841987554232611,combined_data.csv
66,215,5,medium,medium,0.1175973876420477,-0.1227243431995301,0.1055712335299097,0.1745384093693227,-0.1020609607533041,0.8734064420367477,0.7815538039971327,0.8826741659845241,0.7539589871626342,0.8520609607533042,combined_data.csv
70,73,5,medium,medium,0.1191700276445518,-0.0854751917901892,0.1235682332561235,0.1241332132281212,-0.1035830068996737,0.8716477547862278,0.795268740164517,0.8638043623487046,0.7728973832024137,0.8223330068996737,combined_data.csv
70,75,5,medium,medium,0.1115792378076863,-0.01408390987301,0.1034866635341225,0.1413184317287416,-0.2633867629974269,0.8764138204986514,0.7634195160631929,0.8781461517830517,0.7460727966014855,0.8531303527410167,combined_data.csv
70,81,5,medium,medium,0.1183674180034189,-0.0716826870005591,0.126127256820785,0.1064292588338911,-0.1166658514692158,0.8719258524993029,0.7979919616667113,0.8607614687553186,0.7777551457256797,0.8089735437769081,combined_data.csv
70,83,5,medium,medium,0.1288572488773022,0.0154840075838201,0.127269279920701,0.1823968431707497,-0.1014203507910268,0.863307679253754,0.7082215757406691,0.861451845264098,0.7288526943370752,0.8405507855736356,combined_data.csv
70,84,5,medium,medium,0.1126529052209895,-0.0802095023760635,0.1208902591171093,0.114484798162847,-0.1379792985943537,0.8791463463372992,0.758416817430397,0.8695670953887006,0.7515520315242498,0.8522650128800681,combined_data.csv
70,88,5,medium,medium,0.1221357276253043,-0.1314925065186051,0.0914241685995232,0.207929256970749,-0.0756015075270535,0.868918414133495,0.8160646484690487,0.8972959254890795,0.7596490976093581,0.8533792853048314,combined_data.csv
70,89,5,medium,medium,0.1261069209736488,-0.0291630988535626,0.1555351490165623,0.0942637212770538,-0.2148476426906176,0.8660040410139725,0.7488307935077132,0.8341861521189252,0.7625295164506527,0.8364692643122393,combined_data.csv
70,91,5,medium,medium,0.1185753034108494,-0.0820787253095717,0.1234790592588972,0.1256423604951262,-0.35243994908412,0.8729841127744965,0.8056453258893324,0.8634476006115872,0.767786028866045,0.8230281843782377,combined_data.csv
70,97,5,medium,medium,0.1160108542669281,-0.0193857474920889,0.1054968441338219,0.1150083979802208,-0.0454452518698034,0.8752326734300422,0.7621960811896423,0.8835425293063555,0.7581061414157094,0.8232230296475813,combined_data.csv
70,105,5,medium,medium,0.1243607124361796,-0.0718733066841905,0.1229599379173244,0.1494849754739337,-0.1053980402408303,0.8699739472442252,0.7895895707657609,0.8704248634016402,0.7920477404195543,0.8422401455039883,combined_data.csv
70,108,5,medium,medium,0.1155102363360417,-0.0232814716007717,0.1245779164382542,0.1258497501614763,-0.1111145522356504,0.8771222433246739,0.7763172692143705,0.8666678412735083,0.779988881129228,0.8730193141404123,combined_data.csv
70,115,5,medium,medium,0.1105185515565763,-0.0510740529234936,0.1368991801598674,0.1462175074155551,-0.2039268379402715,0.8815138940511219,0.7478437412347916,0.8530599561718051,0.7533867753099961,0.8335564675699013,combined_data.csv
70,117,5,medium,medium,0.1179601065598067,-0.0102454932203411,0.1242863529706846,0.1210090175294714,-0.1622394219772136,0.8740660444862975,0.7368103558938891,0.8658430888957802,0.7452275327728999,0.8387100102125077,combined_data.csv
70,121,5,medium,medium,0.1135938100436719,-0.0829658544162242,0.0911683478985727,0.1586803363502038,-0.172551102306607,0.8797893778766785,0.790204917567615,0.9008921140832238,0.7343702597316288,0.8247250153500854,combined_data.csv
70,133,5,medium,medium,0.1192891795115975,-0.0634859025618117,0.1329878176659459,0.1774551688612782,-0.0295687334634311,0.8729411498784128,0.7447324391372458,0.8585968789604941,0.7438282611132658,0.8190424176739575,combined_data.csv
70,135,5,medium,medium,0.1165516601287468,-0.0459441869487424,0.1046086064415964,0.1336291115730931,-0.0863823418361481,0.8731043037220231,0.7086010445501076,0.8817162878219567,0.7666188815338892,0.8317527122065185,combined_data.csv
70,142,5,medium,medium,0.118079280708503,-0.026929509995061,0.1304194160011883,0.0943737896985517,-0.1644922929791031,0.8750054709921871,0.7047800980094481,0.8601964061496805,0.765704041904878,0.8311589596457698,combined_data.csv
70,143,5,medium,medium,0.1114515226033957,-0.0797812950824391,0.1097095940879306,0.096997703266241,-0.3953308630987386,0.8785273612333793,0.8208676551559884,0.8737938525309266,0.777416984372336,0.8382795810474566,combined_data.csv
70,145,5,medium,medium,0.1105241835650877,-0.0704235472707716,0.1183249848015736,0.1958613908559946,-0.0430566710782228,0.8829977641500346,0.7727754674510829,0.8735347920271415,0.7570219026399863,0.8208344488560008,combined_data.csv
70,147,5,medium,medium,0.1234953909764304,-0.0893014492393515,0.1013360576134271,0.1325014101945342,-0.0710349005959205,0.8680898281624404,0.7802120663737311,0.8877268157704975,0.7646856972096967,0.8488126783736984,combined_data.csv
70,151,5,medium,medium,0.1317694146015868,0.0037951368842313,0.1865258825608737,0.2086446036513941,-0.1471578193710516,0.8630968294767912,0.6120977551106057,0.8059922068187838,0.7139331062171745,0.8411377524814195,combined_data.csv
70,155,5,medium,medium,0.1115427645761951,-0.069815256822078,0.1166181763260784,0.0973265836128103,-0.1124903092552215,0.8800488589049217,0.7667574266870352,0.8746815708552649,0.777252646020297,0.8432595400244524,combined_data.csv
70,158,5,medium,medium,0.1113550074607536,-0.096147851917971,0.1255048611180083,0.1786786395352791,-0.2982807856750055,0.8809856889784192,0.7510123935033391,0.864142016022199,0.7505521675166661,0.836742324136544,combined_data.csv
70,166,5,medium,medium,0.1148066112720529,0.0097904419363332,0.1353133523606137,0.1408172562577277,-0.0976155179623934,0.8739417929686885,0.717890871905537,0.8497083314442392,0.7429011676457123,0.8476155179623934,combined_data.csv
70,168,5,medium,medium,0.11592032402811,-0.0646167016002913,0.1347317163240691,0.154114807755656,-0.0926501119671781,0.8753402774376874,0.7309123239857946,0.8559616118428077,0.7550571926967966,0.8294922172303361,combined_data.csv
70,169,5,medium,medium,0.1302905717195616,-0.0678002320226963,0.1307415207827178,0.1519485670523562,-0.2272234282428304,0.8589769182787679,0.7613030289672542,0.8534708421700105,0.74992422985004,0.8359190804167436,combined_data.csv
70,171,5,medium,medium,0.1133447920464335,-0.0345351336230119,0.1211993956683513,0.1149436231938872,-0.318862901850898,0.8792529086725374,0.7702827318809504,0.8694669657526383,0.7972296175296754,0.8276348316754595,combined_data.csv
70,192,5,medium,medium,0.1141585920159751,0.0025801980385743,0.1232624517102933,0.1163938493019871,-0.3095898311757834,0.8753567732992549,0.8240174313870452,0.8603891472173624,0.7735577503873676,0.8390015958816657,combined_data.csv
70,202,5,medium,medium,0.1252199839672948,-0.0908103197525168,0.1209217331949956,0.1671370152819959,-0.1482378625933366,0.8655890333602598,0.787548887364581,0.8673553267617404,0.7631290803581167,0.8392192949540793,combined_data.csv
70,203,5,medium,medium,0.1183293897721867,-0.0895678827201481,0.1000071336017182,0.1193434428960489,-0.0724627280548219,0.872265226343609,0.7101104620509863,0.8912612728702306,0.7597234999439729,0.8086946121127929,combined_data.csv
70,206,5,medium,medium,0.1151662532414357,-0.0585289627670266,0.1382495968796611,0.1649368491086273,-0.187919077943352,0.8778551114474707,0.7016651898139981,0.8533039786274925,0.749935136378409,0.8545857446100187,combined_data.csv
70,207,5,medium,medium,0.1168750546757332,-0.0268658617833777,0.1327310008177636,0.124481757220078,-0.2546011452450111,0.8760047996903239,0.7448470740733384,0.8569020450918804,0.7538883709591209,0.8352463065353336,combined_data.csv
70,210,5,medium,medium,0.1042491173208441,-0.0882840070337651,0.1121912986587173,0.1090127050858452,-0.0984651102433391,0.887752880064773,0.8134950780988104,0.8776462158992219,0.7855703947219614,0.8409285038695236,combined_data.csv
70,214,5,medium,medium,0.1294858057607377,-0.0021517265806171,0.1628745707742395,0.1492827193725427,-0.1244671476921549,0.8634245869692172,0.6687101471611439,0.8263574300552416,0.7232806441927905,0.8244671476921549,combined_data.csv
70,215,5,medium,medium,0.1203243930462404,-0.086805295714605,0.116803249804305,0.0805916541785696,-0.0863222185373021,0.870835734918078,0.7983360478171262,0.8715860047198638,0.7827678142298817,0.8363222185373022,combined_data.csv
73,75,5,medium,medium,0.0994996418449755,-0.0812689742563077,0.1145402452781313,0.1565605105888835,-0.193458950372471,0.8897693680570022,0.7918852453732074,0.8694615257272649,0.7847460008323865,0.8184589503724711,combined_data.csv
73,81,5,medium,medium,0.1213431881438578,-0.0971083321853112,0.1405275718631056,0.1841242927992036,-0.1781269284009348,0.868256112651364,0.7487479316422506,0.8448588993539619,0.7537509654821721,0.8332993421940382,combined_data.csv
73,83,5,medium,medium,0.1101971485108355,-0.0777562480134256,0.1189966447228128,0.1593299058449282,-0.1290611940961784,0.8790548445146885,0.7860219193547134,0.8670806516325837,0.7654196928597753,0.8290611940961784,combined_data.csv
73,84,5,medium,medium,0.1066042557399851,-0.081303978622924,0.1004553571916495,0.1153519066354781,-0.1464694531988393,0.8836607882054127,0.8042879458220192,0.8881713018005764,0.7857843726594679,0.850173156902543,combined_data.csv
73,88,5,medium,medium,0.1217536797102359,-0.0945096460727319,0.1439091945694243,0.1309549124659837,-0.1238045603950444,0.8662973876840883,0.7411515338608836,0.8414257564983271,0.7631084255849507,0.8270077635982476,combined_data.csv
73,89,5,medium,medium,0.106893750495311,-0.0741190323568576,0.0977243395205991,0.1713711950682318,-0.191795041378549,0.8844258146214281,0.7898832757884935,0.8913328320198011,0.761271928871327,0.831795041378549,combined_data.csv
73,91,5,medium,medium,0.1158263075200973,-0.0136693718698219,0.1175128508779641,0.1839057236193253,-0.2761477587214529,0.8744492220525046,0.7590398629491673,0.8687895717401137,0.771063315568446,0.8344133413772795,combined_data.csv
73,97,5,medium,medium,0.1120214528092587,-0.1053322759970232,0.1240084359853926,0.1775777836508664,-0.1230046995327216,0.8780069057683814,0.8128823523470101,0.8625735051178277,0.7691596559705873,0.8230046995327216,combined_data.csv
73,105,5,medium,medium,0.1243155367036719,-0.0680744823461354,0.1136160631816953,0.1408880042208987,-0.1124680068072717,0.8672504797126303,0.7803690754283422,0.8733481661688313,0.7735234557053758,0.8201603144995794,combined_data.csv
73,108,5,medium,medium,0.1101859305765226,-0.032369411915369,0.1177418065324523,0.1777732309943818,-0.1379831057338333,0.8794392004301699,0.7592431436914071,0.8681765845772855,0.7591263317225712,0.8379831057338333,combined_data.csv
73,115,5,medium,medium,0.1134496002455628,-0.066490220070812,0.1048551291705652,0.1435302562592748,-0.1342386875420315,0.8767070732290952,0.7961996207559863,0.8833674109153177,0.7663892709691442,0.8180049213082653,combined_data.csv
73,117,5,medium,medium,0.1045476829870795,-0.0878054774562095,0.0992004236640851,0.1493479245673556,-0.1731829984873711,0.885722827590548,0.8032470718382728,0.8877114076572842,0.7811437087167308,0.8398496651540379,combined_data.csv
73,121,5,medium,medium,0.11274340642745,-0.1297687494787469,0.1102721864659299,0.1621067749518684,-0.1783235481659322,0.8787440767310164,0.7802519351212085,0.8780637250937493,0.7675997600136603,0.8241568814992655,combined_data.csv
73,133,5,medium,medium,0.1064181469952302,-0.0921744221327041,0.1082618839991607,0.1415710974825745,-0.1308592689908696,0.885343592064631,0.8209667827978999,0.8809761054251894,0.7741627041731168,0.8308592689908696,combined_data.csv
73,135,5,medium,medium,0.1112178698170797,-0.097703129596647,0.116629079657451,0.1409436694320781,-0.1356681068259229,0.8789707151132252,0.7844190115030444,0.8713114516967411,0.7769057186449313,0.8356681068259229,combined_data.csv
73,142,5,medium,medium,0.1079164016882171,-0.1161343386548781,0.0955603513930245,0.147103892964478,-0.1782254794702406,0.8839977268572652,0.7901906195248549,0.8937649340488164,0.7919161285550719,0.8303993925137189,combined_data.csv
73,143,5,medium,medium,0.1322870008656358,-0.0551604757450129,0.1393357382246536,0.217409522292425,-0.2082383385526679,0.8553865383680457,0.6900814035643582,0.8434428573496997,0.7024483800392891,0.8121599071801189,combined_data.csv
73,145,5,medium,medium,0.1180813991519258,-0.1060448463645353,0.1054661599363342,0.1225806647541091,-0.1511688688731376,0.8735353940432256,0.8161642400457978,0.8820381108854825,0.7856483712181952,0.8421503012338803,combined_data.csv
73,147,5,medium,medium,0.1108046892298941,-0.0539765722457642,0.1085473347791097,0.1276211576985166,-0.1221708547953744,0.879087272802759,0.8029366357939787,0.8769850966207638,0.7880308621343437,0.8258745584990782,combined_data.csv
73,151,5,medium,medium,0.1228070040067478,-0.0744725139760174,0.1384236643556159,0.1494661161098236,-0.150257990605392,0.8714975339943958,0.7470222226067631,0.8541734645308692,0.7599749255599892,0.8359722763196777,combined_data.csv
73,155,5,medium,medium,0.1066097557613157,-0.0863943705840003,0.099799181190648,0.1714482535049364,-0.0870130657895564,0.8817969439132884,0.7797046459462987,0.8825808476588513,0.7743445823777917,0.8167427955192863,combined_data.csv
73,158,5,medium,medium,0.1150160953129477,-0.122120678208595,0.109341798507869,0.155160806255917,-0.2072282142266073,0.8761170808581097,0.7982163175541286,0.8796462682489393,0.7758771220546541,0.8405615475599406,combined_data.csv
73,166,5,medium,medium,0.1072698753360514,-0.1069502096201596,0.1156275492962217,0.1218140748664163,-0.1205634741169525,0.8821612839269015,0.795343613638878,0.8703579552067092,0.7749586331119918,0.8377063312598096,combined_data.csv
73,168,5,medium,medium,0.1180235263067369,-0.1306229943982865,0.1304805288400624,0.1376761415158843,-0.1714009432803552,0.873072551818318,0.8226076477047987,0.8573197941762287,0.7704002246830436,0.8158453877247998,combined_data.csv
73,169,5,medium,medium,0.1025589811126036,-0.101400602449851,0.1034425123738426,0.1630862767608983,-0.2123156828508489,0.8860473158737238,0.809953173220962,0.8812986584880375,0.7714553688803278,0.8373156828508489,combined_data.csv
73,171,5,medium,medium,0.1087148689687925,-0.0763860214178664,0.1091027027768569,0.1619627187836497,-0.2614699135039022,0.8823432779870025,0.7576198173305806,0.8779974381255169,0.7718788552269106,0.8448032468372357,combined_data.csv
73,192,5,medium,medium,0.1099201967442742,-0.0845403102292835,0.0993812534902168,0.1578240078732758,-0.2568237564906486,0.8798578448319365,0.7786187507768464,0.8868181046862466,0.7601518974087701,0.8177211923880845,combined_data.csv
73,202,5,medium,medium,0.1181792033277407,-0.0947002705853792,0.1402963755186712,0.1689964527717972,-0.1796504170478522,0.8716572184634471,0.7789612131790374,0.8448743088505956,0.7550052813554485,0.8463170837145189,combined_data.csv
73,203,5,medium,medium,0.1324002942457175,0.0660279458330123,0.1736769292273543,0.1293782233623625,-0.1778483855602606,0.8564422004231196,0.6007967068351008,0.8074315716735911,0.7501121914386488,0.833020799353364,combined_data.csv
73,206,5,medium,medium,0.1147632541818988,-0.0937054133799474,0.0976633080306075,0.1454554108483762,-0.1678979416891923,0.8779754395086382,0.7940571876932073,0.8931178789932185,0.7837064389049572,0.8387312750225258,combined_data.csv
73,207,5,medium,medium,0.1130545381909269,-0.0530890830647422,0.1018582303891085,0.1865394349664855,-0.2285406831708148,0.8773319489456771,0.7860839162395344,0.8847435133399224,0.767012229567279,0.837236335344728,combined_data.csv
73,210,5,medium,medium,0.1140661369808082,-0.1146436258286403,0.1246626432009148,0.154913817514107,-0.1079837357869374,0.8767382393149115,0.7241133411336158,0.8617141753542302,0.7771125740630181,0.8336890649405424,combined_data.csv
73,214,5,medium,medium,0.1111281919624277,-0.0928084360362789,0.1210580978236777,0.1308561393773997,-0.1347932457840097,0.8814632239719423,0.7653727403280046,0.8697810060823427,0.7771474685579607,0.8347932457840097,combined_data.csv
73,215,5,medium,medium,0.1141502150932288,-0.0639785509218396,0.114494504746473,0.1548779264044921,-0.1672516471652271,0.8766811707583231,0.763629338443003,0.872226470476594,0.7845289552328333,0.8474464523600324,combined_data.csv
75,81,5,medium,medium,0.1067480580635108,-0.0508686013559349,0.0977573678664065,0.1362439986932604,-0.2092650612981754,0.8813527848823594,0.7774930984836206,0.8845164134154202,0.7554331832276119,0.8304206996951932,combined_data.csv
75,83,5,medium,medium,0.1075692891660352,-0.0512374930989438,0.1067749798411622,0.1362936241766312,-0.1985695493308743,0.8821685013305727,0.7798611328142768,0.8791598411639934,0.7799825306076241,0.8349331856945108,combined_data.csv
75,84,5,medium,medium,0.1062574725749325,-0.0910442714425313,0.1220170423311706,0.1390823044276893,-0.1564902399323389,0.8840921736575651,0.8062740161078571,0.8663692408570403,0.78238758512241,0.8022418739192669,combined_data.csv
75,88,5,medium,medium,0.1123035136425524,-0.0927751542291808,0.1115160058573454,0.1338082260759003,-0.3206582006833416,0.8764606403820011,0.7956726955816669,0.8722044111145436,0.7595309607884738,0.8206582006833416,combined_data.csv
75,89,5,medium,medium,0.1092249139152288,-0.0012145325287583,0.1034313011904132,0.1196322453427576,-0.2252549247912589,0.880610883115439,0.7711717094010844,0.8817593043935836,0.7814167376114232,0.8323977819341162,combined_data.csv
75,91,5,medium,medium,0.1180054344882336,0.0303237845679618,0.1005575482174068,0.155877672534902,-0.2483450718361557,0.8712745001710861,0.7940766994479582,0.8829628287128917,0.7681386286977857,0.8462174122616877,combined_data.csv
75,97,5,medium,medium,0.1083908142748336,-0.021685829592945,0.0984221743752828,0.1363921028417626,-0.1411725055284773,0.8809117101954211,0.806495140730288,0.8869707672249283,0.7690892761241717,0.8078391721951441,combined_data.csv
75,105,5,medium,medium,0.1074174290324585,-0.0407753892437354,0.1053103210682396,0.1102551539161188,-0.2334047520073604,0.8837322307925677,0.785320237484531,0.8803685720227855,0.7671766362960197,0.8394653580679664,combined_data.csv
75,108,5,medium,medium,0.1021666001653834,-0.095368338811591,0.0881540261345016,0.1125682805298299,-0.2315359542173013,0.8871298240830735,0.8040857604506958,0.8952783426491296,0.7763088426553133,0.8375965602779073,combined_data.csv
75,115,5,medium,medium,0.1035545975022457,-0.076036349727022,0.1036957004179532,0.1174293778370531,-0.1981164860555128,0.8846052270031077,0.8063143927967178,0.8804072857740781,0.7846055342773421,0.8344801224191492,combined_data.csv
75,117,5,medium,medium,0.1108656115931513,-0.1122498978337495,0.104151253489564,0.1438980318663645,-0.2212669489523385,0.8778964645264914,0.8001060550272275,0.8808697514598957,0.7823998599990232,0.838914007775868,combined_data.csv
75,121,5,medium,medium,0.1125923353973785,-0.0768905031398121,0.1022783161353888,0.1293203364092892,-0.1543934329942454,0.8778508805062877,0.7747466195803656,0.8845475476562201,0.77181874887888,0.8210600996609121,combined_data.csv
75,133,5,medium,medium,0.1180556535183762,-0.0881261255295288,0.1198841519406928,0.1024804660994996,-0.1993831310561269,0.8737027893104883,0.7947717182798308,0.8680605707338073,0.7629256037997654,0.8243831310561269,combined_data.csv
75,135,5,medium,medium,0.1025014293256931,-0.0701156460674014,0.0926981293961952,0.1482700180617658,-0.2019070907325819,0.8849714723590194,0.774096079025981,0.8910275432956888,0.774590934475018,0.8195541495561114,combined_data.csv
75,142,5,medium,medium,0.1080586230416859,-0.0299493496794641,0.1184423706075212,0.1389188746578841,-0.1708628667128493,0.8826796172910916,0.7671294335323938,0.8699503754611975,0.773206439394294,0.8214442620616865,combined_data.csv
75,143,5,medium,medium,0.1087870055353948,-0.0224736424657309,0.1030201992445259,0.1426261704508525,-0.2047574558883201,0.8776131058087575,0.7257425259761122,0.8777739243407614,0.7794051524400923,0.8297574558883202,combined_data.csv
75,145,5,medium,medium,0.1195082579564758,-0.0754406079889485,0.1204345183444565,0.1099489997517987,-0.1938588808433657,0.871215200868491,0.7859464164545112,0.8674030383045777,0.7911157981812722,0.8501088808433658,combined_data.csv
75,147,5,medium,medium,0.1020528201818906,-0.0462229622247998,0.0979075957246343,0.1476617311139334,-0.2607819542422105,0.8874003033497276,0.8231042995601648,0.8886221071653103,0.7471109118641828,0.8389796286608152,combined_data.csv
75,151,5,medium,medium,0.1195749744711056,-0.057463420617156,0.1380897907093177,0.1708941344302483,-0.1882312923751721,0.8734238984999121,0.6779567904746393,0.8525111522569382,0.7488162472264308,0.8310884352323149,combined_data.csv
75,155,5,medium,medium,0.1155399914352851,-0.0776462706271446,0.1034311350439541,0.1686523724336199,-0.2202286469295438,0.8727961344194054,0.8127698217122253,0.8820063780805297,0.7592632673627435,0.8452286469295438,combined_data.csv
75,158,5,medium,medium,0.1163019099916654,-0.0492553687078158,0.1089710289725633,0.0980212966229341,-0.1659779900963137,0.8740821185712806,0.8061386268279552,0.8759750755998329,0.7760685565012662,0.8222279900963138,combined_data.csv
75,166,5,medium,medium,0.1178037369670443,-0.0561023469669645,0.1207318814457359,0.1019659560152699,-0.1852376048745264,0.8681524001375052,0.7776944507449706,0.8617135744720623,0.7639216260835417,0.8275616986911575,combined_data.csv
75,168,5,medium,medium,0.1126352889061209,-0.0939981471732762,0.1267747057633884,0.1414789740225562,-0.2326985584643288,0.8768536701799055,0.815906174080852,0.8614858482013366,0.7732428092391006,0.8468424790598623,combined_data.csv
75,169,5,medium,medium,0.1102241373598489,-0.0499336762415172,0.1010883802760971,0.1312186817188365,-0.210699123181831,0.8766765965359185,0.7858938991433922,0.879686399478266,0.7660341697720761,0.8260837385664465,combined_data.csv
75,171,5,medium,medium,0.1115049785132006,-0.0792097042701122,0.0957024795985541,0.1179094604315826,-0.2409963371755326,0.8773362652426886,0.8160035565567451,0.8880849349071893,0.779672837857134,0.856380952560148,combined_data.csv
75,192,5,medium,medium,0.105981863520675,-0.0683248130649458,0.1054007068691373,0.1259309680679387,-0.1861509611477436,0.8813738586939408,0.8354378338183338,0.8748059535942644,0.7856367755613395,0.8372379176694829,combined_data.csv
75,202,5,medium,medium,0.1057333120299498,-0.073582842740654,0.0968126679034765,0.1428270602011689,-0.2230582301524495,0.8828696403380709,0.8159655611890242,0.887476773004209,0.7838689648044486,0.8480582301524495,combined_data.csv
75,203,5,medium,medium,0.1195723408454547,-0.0595814226259375,0.1699707284069999,0.1759448070639799,-0.2058202425786938,0.8659386528452105,0.6790233744863792,0.8076201308302089,0.7226324217995341,0.8308202425786938,combined_data.csv
75,206,5,medium,medium,0.1152004423620003,-0.0794038413751287,0.1207938955797131,0.1495036155360997,-0.158330711669642,0.8766856867424867,0.7628195769261734,0.8687882499305402,0.7739413090042618,0.8249973783363087,combined_data.csv
75,207,5,medium,medium,0.1092187525528075,-0.0859493039316372,0.1130860638908017,0.1644807079112336,-0.2125108211342308,0.8805096995641131,0.8093232460258764,0.8729721107635297,0.7511798529766351,0.8396691471512048,combined_data.csv
75,210,5,medium,medium,0.1123621384004508,-0.0288399631327014,0.099303755257479,0.1213605823262661,-0.2129535036676717,0.8767457295558372,0.7622279397292471,0.8835450727798518,0.7780642394433559,0.8379535036676717,combined_data.csv
75,214,5,medium,medium,0.1168650209107288,-0.0259703896450611,0.1239212766126517,0.1350165400520331,-0.2122179216990926,0.8753236477407016,0.7045786022587317,0.8652354963278965,0.7608034075616972,0.8372179216990926,combined_data.csv
75,215,5,medium,medium,0.1191543321895214,-0.0645285218813774,0.1024800896330578,0.1282534986679958,-0.2270982976486387,0.869858549365528,0.8064970332812014,0.8787447929706169,0.7695269162654673,0.840346160896502,combined_data.csv
81,83,5,medium,medium,0.1187165157871392,-0.016459555662256,0.1328172431813835,0.1482562759511732,-0.140142871245871,0.8725819464297302,0.6969294396379341,0.8559971081806986,0.7426116848067781,0.8357950451589145,combined_data.csv
81,84,5,medium,medium,0.1110834774900407,-0.0522204236300317,0.1055934051297541,0.1253643586012595,-0.1327022030194401,0.88009302056989,0.7683570663832252,0.883751060861136,0.7747261749481961,0.8432285188089138,combined_data.csv
81,88,5,medium,medium,0.1155749144447855,-0.0992007918274912,0.1342825350782885,0.1084188511013435,-0.1443968501808082,0.8733752462248849,0.7973896560593838,0.8504904784336399,0.7817617384592449,0.8615397073236654,combined_data.csv
81,89,5,medium,medium,0.1188680731012864,-0.0363398520813307,0.1136763820300988,0.1745490771080426,-0.2301202145508335,0.8736018787228923,0.7738055501556376,0.8758271457089596,0.7532528878191053,0.8301202145508334,combined_data.csv
81,91,5,medium,medium,0.1307092465200761,-0.0149707008983023,0.1171550441312502,0.1468710822139908,-0.2700512044821268,0.8597834566476537,0.7800758678710437,0.8680234708847614,0.7782698083575252,0.824105258536181,combined_data.csv
81,97,5,medium,medium,0.1264913095149012,-0.027064637061098,0.1253294971677068,0.1545940891731624,-0.1409644773827881,0.8631151924701699,0.7313235625039092,0.8602017901925246,0.7710872764497275,0.8191997715004352,combined_data.csv
81,105,5,medium,medium,0.1132269442282518,-0.1448456282139192,0.1131592627888428,0.1402348004629694,-0.1909929934999268,0.880005821140302,0.8060080044403346,0.8795756072442805,0.7689184858902578,0.8385085214502374,combined_data.csv
81,108,5,medium,medium,0.1206041946196199,-0.1630863188966579,0.1167562317203042,0.1690498235170179,-0.1305729693003243,0.8719707756432024,0.8033433361710571,0.8724484115269496,0.7616184803627004,0.8342766730040281,combined_data.csv
81,115,5,medium,medium,0.1215867025890785,-0.0894963027571953,0.1480961817639611,0.1527245097561657,-0.1408876511064687,0.8691463731135862,0.7338318387325687,0.8391629839523848,0.7634372002465756,0.8503174756678722,combined_data.csv
81,117,5,medium,medium,0.1161119032232573,-0.0442724662652718,0.1367884708374804,0.1525276719489753,-0.1452581055729382,0.8746371399804902,0.7355054337786249,0.8491100449318907,0.7653725883228506,0.830972391287224,combined_data.csv
81,121,5,medium,medium,0.1079643749717408,-0.1093170089388377,0.1161340914024324,0.1404391186990031,-0.1016606225024534,0.8850398586023078,0.8197746730284358,0.875754272596277,0.7642547926353366,0.8216606225024534,combined_data.csv
81,133,5,medium,medium,0.1151958582247384,-0.0820498547437224,0.1022661074709991,0.1446102723825453,-0.083926374523843,0.8773711688030519,0.7533243143046985,0.8881190715213229,0.765969075427869,0.8406831312805998,combined_data.csv
81,135,5,medium,medium,0.1129578886502477,-0.0816282866716968,0.1103645938333981,0.1275771692513245,-0.0711446494319787,0.8765533139879704,0.7524731027516807,0.8732425185639563,0.7543940748707383,0.8513378861469546,combined_data.csv
81,142,5,medium,medium,0.1216201399445396,-0.0989621234327082,0.1263815015666088,0.1491820066322784,-0.1809761824278162,0.8712343389014223,0.7400715232742989,0.8638530741145977,0.7619960537033923,0.824985399017678,combined_data.csv
81,143,5,medium,medium,0.1192241211140029,-0.1158840225270217,0.1018139357161516,0.1772741465038704,-0.2584180301422377,0.8680086922293688,0.8093733564861689,0.8808256051468405,0.7617872976378485,0.8372357641323855,combined_data.csv
81,145,5,medium,medium,0.1181455689090557,-0.10356337409743,0.1288289271611935,0.1351360099425156,-0.1296175286843293,0.8745695406485718,0.7678838902946159,0.8629330854237656,0.737644187241774,0.8439032429700435,combined_data.csv
81,147,5,medium,medium,0.1141387632348855,-0.0395889797472809,0.0979750365117428,0.1705639000994205,-0.1108415601660748,0.875417351294769,0.7814525867077409,0.8904344791849987,0.7561560285941947,0.8191748934994082,combined_data.csv
81,151,5,medium,medium,0.134564886579383,0.0063627882185268,0.2077140097678264,0.1846005439845954,-0.1309813057164955,0.8600361134414951,0.6149894754622298,0.7852244222343553,0.7185434713022893,0.8309813057164955,combined_data.csv
81,155,5,medium,medium,0.1225963997240772,-0.0045382210223364,0.1000129378077344,0.1786613318006141,-0.1243254082281205,0.8684446285854587,0.7795427232826347,0.8873060868389003,0.7510618756392768,0.8243254082281205,combined_data.csv
81,158,5,medium,medium,0.1188347673875954,-0.0143542316863961,0.1190584999001296,0.1656443310781977,-0.2102061653621864,0.8732117691543311,0.7444675139342147,0.8670869592427505,0.7408977874587692,0.8278532241857158,combined_data.csv
81,166,5,medium,medium,0.118246351347422,-0.0625701192984995,0.1053980943799901,0.130618413884642,-0.0712684501084268,0.8700664216201406,0.7154736424892176,0.8778611961179634,0.7464630715503621,0.8212684501084269,combined_data.csv
81,168,5,medium,medium,0.1166651485268651,-0.0677261450852595,0.1133009268799004,0.1241221911113644,-0.113991520025916,0.8730190329378975,0.7480727685090762,0.8721358957767635,0.7603493393436094,0.813991520025916,combined_data.csv
81,169,5,medium,medium,0.1143336393916727,-0.0610040007438211,0.1267929022793469,0.1275048992737484,-0.22412585852741,0.875146795161344,0.71802018911703,0.8570586922978282,0.7506142841167986,0.8526972870988385,combined_data.csv
81,171,5,medium,medium,0.1177226817208468,-0.0426646701249627,0.1394243647402866,0.1474805019191619,-0.2152563332645261,0.8741744098197524,0.8076171997315144,0.8482527803926592,0.7779322972288772,0.8468352806329471,combined_data.csv
81,192,5,medium,medium,0.1045265836387018,0.0141992755581272,0.1031798381261972,0.1027971105253314,-0.1950039105332489,0.8860717677578355,0.7840290609333798,0.8829336913055621,0.8082729122564748,0.8254386931419446,combined_data.csv
81,202,5,medium,medium,0.1198590714838532,-0.074087511353329,0.1038556372308838,0.1645972349109237,-0.1486398532614986,0.8707880251946696,0.7843230132737438,0.8831910622183556,0.7610931801200052,0.8230584579126615,combined_data.csv
81,203,5,medium,medium,0.1279180549277532,-0.0854547907122816,0.139088563310469,0.130680892323364,-0.1287804081925537,0.859656230974688,0.7312940539812296,0.8421980304143138,0.7797551903114162,0.8030228324349781,combined_data.csv
81,206,5,medium,medium,0.1231111042504178,-0.0439793851289853,0.1331696769236025,0.1542528468123514,-0.1187236980337488,0.8704894569531828,0.6852152866533461,0.857385897228055,0.7541611834952253,0.8270570313670822,combined_data.csv
81,207,5,medium,medium,0.1139010226964704,-0.0608368561414621,0.1209267629398194,0.1407336347481725,-0.2547958211857193,0.8775631994904748,0.7404627480561083,0.8659245298260029,0.7779400290873039,0.8547958211857193,combined_data.csv
81,210,5,medium,medium,0.1159323903631184,-0.0781060015758987,0.0985001508172962,0.13964934897888,-0.1696137925499045,0.8748406158169243,0.7839543701566227,0.8878493423930789,0.795964751722317,0.8592689649636976,combined_data.csv
81,214,5,medium,medium,0.1235902339291099,-0.0484779504640318,0.1596775298257147,0.159313367291112,-0.0969843840795663,0.8692592827139916,0.667631397390027,0.8307153210139675,0.7292209916604443,0.8211223151140491,combined_data.csv
81,215,5,medium,medium,0.105903712015465,-0.1081057962501541,0.1119897751431936,0.1831895659360385,-0.137626401917584,0.8851842207845714,0.807188293021635,0.8760639834523782,0.7345698247539357,0.8376264019175841,combined_data.csv
83,84,5,medium,medium,0.1060774148731904,-0.0282086960078409,0.1048743019093271,0.1193883995712139,-0.1603594397209916,0.8852810153871445,0.7624913133607123,0.8828997299299937,0.7844249783786279,0.8526671320286839,combined_data.csv
83,88,5,medium,medium,0.1249483151745705,-0.001424191456637,0.1396167866077374,0.1696313338695413,-0.1006907124043148,0.8660407323806718,0.6891492104424028,0.849093856431594,0.71647917010018,0.8375328176674728,combined_data.csv
83,89,5,medium,medium,0.1203356902425194,-0.0356362819415499,0.1265171094745946,0.1590457725784547,-0.2020861062622183,0.8722355795077734,0.7788959987902081,0.8630829323141781,0.7697476681038656,0.8317157358918481,combined_data.csv
83,91,5,medium,medium,0.1197321920676207,-0.052185220876315,0.1153317132966287,0.1440218247424157,-0.2362548006228709,0.8721968949800175,0.7046669357140474,0.87317848145856,0.7756651623970771,0.8244900947405179,combined_data.csv
83,97,5,medium,medium,0.1083617020862125,-0.1274504648668375,0.1050313625304332,0.157131900410558,-0.1163209736989572,0.8825039613362223,0.8204871496309338,0.8841245633592006,0.7624032341504392,0.8306066879846714,combined_data.csv
83,105,5,medium,medium,0.1178305255485351,-0.0849051833590748,0.1184480799659504,0.1133691015025067,-0.1587814064651014,0.8750050170745506,0.757934111451456,0.8716621967185445,0.7735944281988065,0.8544335803781449,combined_data.csv
83,108,5,medium,medium,0.1251009406658173,-0.0246297491078134,0.1389473534529873,0.1521249774523887,-0.1335435669153569,0.8672108417263055,0.7276387441055258,0.8503416659255966,0.7481964854920355,0.8377102335820237,combined_data.csv
83,115,5,medium,medium,0.1135273062969346,-0.0578544691709983,0.1137525197403684,0.1322955073006961,-0.1808125897354732,0.8780647419324201,0.7856764905688653,0.8752217429819181,0.7720514479461612,0.8474792564021398,combined_data.csv
83,117,5,medium,medium,0.1169951954384982,-0.0366624814502539,0.1116332516880774,0.1625175656685699,-0.1764540327909155,0.87395781743345,0.7910081889539156,0.8761172391345362,0.7607418806418184,0.8431206994575822,combined_data.csv
83,121,5,medium,medium,0.1202136862656629,-0.0447401608438996,0.1129488788405405,0.1637810529231159,-0.1482230448764974,0.8720957589151512,0.7501398038709467,0.8774806946979531,0.7541387765611166,0.8324335711922868,combined_data.csv
83,133,5,medium,medium,0.1134499068331291,-0.0393107821463748,0.1234850118651476,0.1184551430277343,-0.0946896714518097,0.8790728041190812,0.7907574583564163,0.8661044655413428,0.7684925128055482,0.8354304121925504,combined_data.csv
83,135,5,medium,medium,0.111702694635845,-0.0595673023775155,0.1069073930534603,0.1350190947538025,-0.1032161585352144,0.8776409004846124,0.7891944457992135,0.8791849746249341,0.774902337954013,0.8451516424061822,combined_data.csv
83,142,5,medium,medium,0.1031323650247942,-0.0727364362801507,0.1115677786603498,0.1622764487707,-0.1271881974474539,0.889023819985825,0.8260002421051769,0.8786754814089262,0.7680603929265654,0.8250142844039757,combined_data.csv
83,143,5,medium,medium,0.1215284313157184,-0.0280331627012098,0.1543803247767262,0.1996808612560712,-0.2574169491537359,0.8690653837949599,0.67133345586877,0.833196847915317,0.7032790140296814,0.8331745249113116,combined_data.csv
83,145,5,medium,medium,0.1013147492208442,-0.115492325878555,0.0988416275568714,0.1079068201326115,-0.1045378545716777,0.8909664165139057,0.8130178857800291,0.8907712119974598,0.7761430913828006,0.8342675843014076,combined_data.csv
83,147,5,medium,medium,0.1244342343151407,-0.0225015665223742,0.1195608132976653,0.1330360603454669,-0.0852703691822179,0.8672902311281461,0.7474848401847717,0.8690341144448988,0.757479627513842,0.8471751310869798,combined_data.csv
83,151,5,medium,medium,0.1170994903134595,-0.1062833754778991,0.1195262896499982,0.1379900517466354,-0.132873375908318,0.8769126299441865,0.7726017609414695,0.8730009158895273,0.7720641374655606,0.832873375908318,combined_data.csv
83,155,5,medium,medium,0.119703316933545,0.0039500968126817,0.122075536184273,0.164083849365231,-0.0916708416306102,0.8713580471118896,0.7439667017269955,0.8645313445555263,0.7690720050837243,0.8059565559163244,combined_data.csv
83,158,5,medium,medium,0.1200111187481851,-0.0490356853659548,0.1185683895413176,0.1590722046524266,-0.2420340230608765,0.8724482880863004,0.8060981770852462,0.8714702963583429,0.7675084339960427,0.8420340230608765,combined_data.csv
83,166,5,medium,medium,0.1218865361576774,-0.0560942044025349,0.1055601949217708,0.0911250114350247,-0.0944576816147902,0.867997029933457,0.7904311120780567,0.8813478593541241,0.7640419161937942,0.833588116397399,combined_data.csv
83,168,5,medium,medium,0.1132968728057349,-0.0478116902438392,0.115815644555855,0.1252872067635431,-0.1295313342895753,0.8777013004993317,0.800454849486046,0.871660157354241,0.7783555324952556,0.833235037993279,combined_data.csv
83,169,5,medium,medium,0.1119965361939397,-0.0822678931665482,0.1040891933659721,0.1475118637972226,-0.1785265444680992,0.8786685560358828,0.8093301588017938,0.8829932591721524,0.7725179743927728,0.82368783479068,combined_data.csv
83,171,5,medium,medium,0.1214528886935819,-0.1077544632510572,0.1150823605580859,0.1382179094272514,-0.2209316010230511,0.8709846610592683,0.7638344995160489,0.8731753271529836,0.7762456223174433,0.8278834726808051,combined_data.csv
83,192,5,medium,medium,0.1141817695652919,-0.0496779391893208,0.1146483679910598,0.1577990393856259,-0.2121688995838737,0.8765033006055998,0.7654714326184039,0.8729576445282353,0.7420330876242471,0.8463152410472883,combined_data.csv
83,202,5,medium,medium,0.1188549561862784,-0.1055383678908411,0.1162084067259268,0.1204028805327406,-0.1389931128682987,0.8721051315653311,0.7903492555397381,0.8726322664950137,0.7831436058970439,0.8346452867813422,combined_data.csv
83,203,5,medium,medium,0.143859253538098,0.1030375343657533,0.1860809990491001,0.1209978966479613,-0.0810532335063621,0.847319217626394,0.5628128614652431,0.8016855051831142,0.7452773599817966,0.8410532335063621,combined_data.csv
83,206,5,medium,medium,0.1158870796075027,-0.0845186793122532,0.0993207759267059,0.1224430939404249,-0.0992242467616396,0.8772619947796968,0.7920691388289622,0.892613520633874,0.7908034780773096,0.826496974034367,combined_data.csv
83,207,5,medium,medium,0.1146957160077423,-0.0450166370708917,0.1081605030203723,0.1546999827781001,-0.2348633515911093,0.8780879924913502,0.7852808315076552,0.8819528963804388,0.7845103296854858,0.8409239576517153,combined_data.csv
83,210,5,medium,medium,0.1255891295764977,-0.0160902527647833,0.1357507565564746,0.1769218659089917,-0.1408756003314522,0.8670587510290957,0.7125132966184924,0.8533854922131001,0.7459424183635619,0.8551613146171664,combined_data.csv
83,214,5,medium,medium,0.1103058395990052,-0.1193146038457217,0.1170921031551518,0.1398405003742653,-0.1286713344930948,0.8819454998178068,0.7911035429649792,0.8742273292929714,0.7596863426490348,0.8429570487788092,combined_data.csv
83,215,5,medium,medium,0.1188423424215183,-0.0310129851628486,0.1126064671960488,0.1595161025893517,-0.1209799131869213,0.8743425727688177,0.7661556634661943,0.8780049026682717,0.7721192090349636,0.8352656274726356,combined_data.csv
84,88,5,medium,medium,0.1271201997279538,-0.0587644094138317,0.1432897867766737,0.1209878487907427,-0.0776562137666793,0.8646411691883091,0.7631791845370148,0.8477339651018326,0.7281804143345136,0.8144983190298373,combined_data.csv
84,89,5,medium,medium,0.115065749994204,-0.0766690299308406,0.1123298836456682,0.12601185263518,-0.1996803162493909,0.8777294286520152,0.7974428148521379,0.8773684112765461,0.7871216497863875,0.8396803162493909,combined_data.csv
84,91,5,medium,medium,0.1121372595976527,-0.0362884466960693,0.1360825675951532,0.1593246657274815,-0.2470455334586678,0.8806375268322275,0.74658232501791,0.8547108683273017,0.7635190265190376,0.8523086913534047,combined_data.csv
84,97,5,medium,medium,0.1200732113915574,-0.0951587822797045,0.1062199832548083,0.1288401699051145,-0.0924919034641751,0.8718299099146473,0.8032556304900524,0.8837581048129766,0.7723406820428926,0.8090097606070323,combined_data.csv
84,105,5,medium,medium,0.1249113309645701,-0.0883391708825191,0.1173725195282464,0.1209094356264237,-0.1086253289512235,0.8686570087401273,0.7973578295277082,0.8742097377704288,0.7532265426367831,0.8358980562239509,combined_data.csv
84,108,5,medium,medium,0.1160797765182779,-0.0706543949122457,0.1166423065406133,0.1542101287298721,-0.1405929420901804,0.8770735269125469,0.7619931103108895,0.8741180744432963,0.7397000153487986,0.8506769757036258,combined_data.csv
84,115,5,medium,medium,0.1140831954443603,-0.0954922055030768,0.1065004800147542,0.0983334933315467,-0.1588650661894158,0.8775676896294651,0.7792162664633367,0.8820263927294117,0.7976838512278837,0.8255317328560826,combined_data.csv
84,117,5,medium,medium,0.1108047992457502,-0.0703369121248144,0.1042772397738847,0.1369845465604808,-0.1494786831360319,0.8805891751130208,0.7768904337219176,0.8855440922315394,0.7847420680175332,0.8294786831360319,combined_data.csv
84,121,5,medium,medium,0.1076297545292127,-0.1096081159965445,0.1024567102585645,0.1448881223715986,-0.1441831012363373,0.8842900530752027,0.8017570754473329,0.8868834726916924,0.7732945343996893,0.822754529807766,combined_data.csv
84,133,5,medium,medium,0.11786423035051,-0.1352506049768731,0.1127848612562891,0.1038362125449529,-0.1325637398039366,0.8743798023972943,0.8083578714318305,0.878003886054338,0.7861342908415425,0.8325637398039366,combined_data.csv
84,135,5,medium,medium,0.1180862032676662,-0.1097726881130226,0.0995137558964568,0.1236905265646461,-0.1437821776145291,0.8721989853740374,0.8017461101310869,0.8883020487151333,0.7736471510045155,0.8580678919002434,combined_data.csv
84,142,5,medium,medium,0.1210263374169077,-0.0318742480214854,0.1232000507239875,0.1261340444680011,-0.1635706186407365,0.8709748907891331,0.7921347225070434,0.867270721477313,0.7850134780887833,0.8209440595798414,combined_data.csv
84,143,5,medium,medium,0.1113864468155981,-0.0174157227265936,0.1250841450358202,0.176859623920038,-0.3003645719011303,0.8786660720125942,0.6807377965308608,0.8610713447305942,0.732609044119161,0.8486994470167639,combined_data.csv
84,145,5,medium,medium,0.101996880535024,-0.0701902499541167,0.0999797521502774,0.1124899673168493,-0.0931149250606939,0.890738548425156,0.8005809190237041,0.8912568346811538,0.7730147225777624,0.8238841558299248,combined_data.csv
84,147,5,medium,medium,0.1085777945393491,-0.0604466567460674,0.0970506487432207,0.1227495395698168,-0.1022122804896361,0.8826852520489556,0.7768233267940522,0.8921657449128952,0.7735914428706371,0.8313789471563029,combined_data.csv
84,151,5,medium,medium,0.1161268108858035,-0.069844781136715,0.1312444314531259,0.1413032345724578,-0.1250861160965225,0.8779914873762812,0.7465385205235503,0.8615465724617104,0.7434093801355386,0.820738290009566,combined_data.csv
84,155,5,medium,medium,0.1133831061380924,-0.0354562863041185,0.1023294222183544,0.1755381214747905,-0.1324404709652835,0.8779276475392449,0.7884066514303794,0.8849429865122946,0.750725877222703,0.8247481632729758,combined_data.csv
84,158,5,medium,medium,0.1192507622480459,-0.0526055735825995,0.1227406637773731,0.0944490166272589,-0.1813565418018361,0.8733530884204233,0.7773116979554454,0.8681169162376889,0.7766027188607477,0.8335304548453144,combined_data.csv
84,166,5,medium,medium,0.11073658015043,-0.1545513384349341,0.1105557700399356,0.0904856062046202,-0.1044559781753468,0.8804530201684828,0.7969411870463139,0.8768623974758794,0.7702085835324972,0.8317287054480741,combined_data.csv
84,168,5,medium,medium,0.1115609349380457,-0.1202576417338242,0.1254749969065238,0.1417048658988209,-0.1551426325150946,0.8802886933391645,0.8098788876404991,0.8642148766660716,0.747137871190402,0.8403278177002798,combined_data.csv
84,169,5,medium,medium,0.1110847163477052,-0.0868394394261509,0.1130378101758317,0.1713438253665272,-0.1927072138527279,0.8790469386596598,0.8052093221764192,0.8734355772936124,0.7672690188060592,0.8290708502163644,combined_data.csv
84,171,5,medium,medium,0.114158410297122,-0.0684104597458432,0.1085308885977575,0.1203270353669728,-0.2332069249811577,0.8784716251102975,0.7722443518601976,0.881922987746343,0.7823541669931108,0.8373735916478244,combined_data.csv
84,192,5,medium,medium,0.1067451508991143,-0.0733999965544657,0.1195968822485085,0.1062378516120569,-0.2582181947296625,0.8842530108433909,0.8239870901492109,0.8682764586042653,0.7646577724321435,0.8447566562681241,combined_data.csv
84,202,5,medium,medium,0.1218689037530146,-0.0297232342621767,0.1206920457861021,0.1555044311318298,-0.189548750348072,0.8691486389355053,0.7824125485029216,0.8660815373650541,0.7680161590951071,0.8562154170147387,combined_data.csv
84,203,5,medium,medium,0.1201835393728483,-0.0785430403650868,0.1666113647966313,0.0688092216773511,-0.1644611834247944,0.8706009368699001,0.6321911906407326,0.820581390045709,0.774684369798029,0.8541163558385876,combined_data.csv
84,206,5,medium,medium,0.1166321049523303,-0.1324020979651927,0.102300728599435,0.1665693513204006,-0.1089901009891674,0.8765557190326156,0.7953677509379702,0.8901524060162893,0.7724506319878807,0.8186675203440061,combined_data.csv
84,207,5,medium,medium,0.1173219390345365,-0.1055586806601551,0.119404039341139,0.1535922980476948,-0.20247224532116,0.8748570146102376,0.8218098665646119,0.8701062800893317,0.769547683636152,0.8231619004935737,combined_data.csv
84,210,5,medium,medium,0.1173134666751145,-0.0918167015885556,0.1055294506758458,0.1570905392160402,-0.0975020403101774,0.8757813590111888,0.7596935579359898,0.8831431136487187,0.749386545619148,0.8232073694637825,combined_data.csv
84,214,5,medium,medium,0.1072699895700475,-0.0888823488669493,0.1127305202516137,0.1656300435889095,-0.1244416282699438,0.8852622445642725,0.7933923266576025,0.8780397146299145,0.7641339600537458,0.8444416282699438,combined_data.csv
84,215,5,medium,medium,0.1135775784692622,-0.0939259228453156,0.1291301232740057,0.191877781783519,-0.136685424020883,0.8779483896556274,0.7817784535086024,0.8611579850481208,0.743298592312326,0.8317337331996271,combined_data.csv
88,89,5,medium,medium,0.1125054046776127,-0.1156073587503315,0.1006313231069474,0.1135931487883432,-0.2574126933403865,0.8773836823733817,0.755710990668636,0.8867432030135222,0.7677542543407747,0.8174126933403866,combined_data.csv
88,91,5,medium,medium,0.1179034258034332,-0.0555064194514329,0.114874310175065,0.1056015326194985,-0.4154590882609914,0.8731097854531737,0.7956352680273422,0.8729292364989653,0.7732524206876975,0.846014643816547,combined_data.csv
88,97,5,medium,medium,0.1111283714808545,-0.0556830492628657,0.1054857493536178,0.1411605513252068,-0.0409087761828165,0.8778856181799022,0.74090708613554,0.880523166220969,0.7682546684573179,0.8136360489100893,combined_data.csv
88,105,5,medium,medium,0.1127334122462474,-0.0775122365376765,0.1074633946511745,0.1377265013539097,-0.0868517737258747,0.8802062938250025,0.7931747732679867,0.8839922357350632,0.7708359812356433,0.8368517737258747,combined_data.csv
88,108,5,medium,medium,0.1070840729714944,-0.0735315780662763,0.0859593508969254,0.1527424601525467,-0.0465180745838198,0.8837050982340594,0.7795807497975068,0.9006112240755332,0.7624406981922361,0.8291267702359937,combined_data.csv
88,115,5,medium,medium,0.1136030357051249,-0.0774992303814745,0.1355363328460022,0.1740202272689478,-0.1825820551714049,0.8758678271920571,0.7367915348464573,0.8500264436866328,0.7361539690972497,0.8338294564188062,combined_data.csv
88,117,5,medium,medium,0.1248851056465973,-0.055444684710996,0.1329804914959741,0.1349838904089673,-0.2076209732723487,0.8657826428146429,0.7413052472381644,0.8537715882125935,0.7296577836005664,0.8276209732723486,combined_data.csv
88,121,5,medium,medium,0.1182100300380317,-0.0468649451310454,0.1282808477490252,0.1466931195156106,-0.2124129291809301,0.8748236485872579,0.7560776454427065,0.8637582825992601,0.741548058675399,0.8211085813548432,combined_data.csv
88,133,5,medium,medium,0.1163684819179516,-0.1059922989624544,0.1248447238916956,0.1602749112029508,0.00263228484024,0.8750581459577932,0.7662048116570209,0.8647649374769475,0.7570239832243165,0.8208971269244658,combined_data.csv
88,135,5,medium,medium,0.1183203393131903,-0.0176778205489501,0.1306089568748568,0.1284262491829586,-0.0503508177387328,0.86956609379812,0.6745588734872774,0.8535516223651334,0.7335977224446215,0.8589588763467915,combined_data.csv
88,142,5,medium,medium,0.1226897828788677,-0.0603462822407488,0.1448573499565003,0.0995133102185886,-0.177650680126801,0.8697482555507945,0.6953679023670133,0.8456268876073484,0.7607852987104762,0.8443173467934677,combined_data.csv
88,143,5,medium,medium,0.1027061888971284,-0.0815229002272855,0.1128371677742671,0.1253162885611638,-0.364981340028401,0.8847839700129857,0.8099985565156113,0.8722227270270502,0.7703000727367704,0.8506956257426866,combined_data.csv
88,145,5,medium,medium,0.1166626971517309,-0.1855280631684716,0.1271696217274952,0.1539795382727545,-0.0082941419284514,0.8761884896005006,0.7729550922683895,0.8643149459171839,0.7585283762863227,0.8291497569017134,combined_data.csv
88,147,5,medium,medium,0.1073134022585801,-0.0806675217987991,0.1206256391202328,0.1566085338621636,-0.0098004565359575,0.8826726362645301,0.7861321043274834,0.8672271017313069,0.7648149772622161,0.8431337898692909,combined_data.csv
88,151,5,medium,medium,0.1334007939601863,-0.0657867606669087,0.1732791401184064,0.201788500742895,-0.1913796967428657,0.8611861314928722,0.654328637780409,0.8187488862228781,0.7234854104777455,0.8580463634095323,combined_data.csv
88,155,5,medium,medium,0.1211621799609228,-0.0539874215927279,0.1056851744204562,0.0853729143147675,-0.0539742648824355,0.8693732539752743,0.7663707377554768,0.8815752297111084,0.7769660367096989,0.8317520426602134,combined_data.csv
88,158,5,medium,medium,0.1204519632957016,-0.0042981924328223,0.125658250970705,0.1529140586295361,-0.327984550670497,0.8708942947421429,0.7131276788349897,0.8618347279167637,0.7570235959110567,0.8613178840038305,combined_data.csv
88,166,5,medium,medium,0.1179864593340102,-0.0887785668648581,0.1477314544914684,0.1262154512894416,-0.0479704437551471,0.8696015107693078,0.7433490644407854,0.8356352387886736,0.759256982315847,0.82069771648242,combined_data.csv
88,168,5,medium,medium,0.1070612188743721,-0.0321776115692377,0.111987451887354,0.1419418436094423,-0.079361442440299,0.8832002315113893,0.7458982655226577,0.8762603136995579,0.7540833213380257,0.8412662043450609,combined_data.csv
88,169,5,medium,medium,0.1164102269183874,-0.0520149046288032,0.1276026421240512,0.1398990310091468,-0.2598347628082209,0.8722136561051355,0.6884176118551872,0.8554376389159526,0.7587090318873351,0.8452006164667575,combined_data.csv
88,171,5,medium,medium,0.1144362083939751,-0.1298258241132365,0.0989561239645341,0.126382918642441,-0.3558451981628578,0.8770212207304889,0.8083928182008808,0.8898818222328015,0.7601719295914051,0.8415594838771435,combined_data.csv
88,192,5,medium,medium,0.1166860346890349,-0.0247848945265145,0.093770160136425,0.1224622905725989,-0.2836739951253836,0.8705858311503373,0.7900129156048147,0.8888573028978738,0.7670863331693436,0.8009153744357284,combined_data.csv
88,202,5,medium,medium,0.0993838552203763,-0.1337809876182575,0.1015484965704199,0.1548377515927765,-0.1408104883691185,0.8906324710823037,0.778888320658736,0.8857858604031581,0.772406889351142,0.8208104883691185,combined_data.csv
88,203,5,medium,medium,0.1075201559311311,-0.0669867764673574,0.1199136965725325,0.1333310809144536,-0.0481422047378892,0.8822296903376943,0.7026236743047702,0.8694582320217922,0.7517219206571213,0.8376158889484155,combined_data.csv
88,206,5,medium,medium,0.1211102669766215,-0.0734243070449731,0.1620867694940735,0.1711611704085099,-0.1317229086380724,0.8715413955411582,0.7292201508335112,0.8283895699865917,0.7273459866333524,0.8460086229237866,combined_data.csv
88,207,5,medium,medium,0.1242578242783256,-0.0880903950988265,0.1147527980695198,0.1041198243638965,-0.3148571521404715,0.8669539577411682,0.73570307336002,0.8738918572728165,0.7823843513831787,0.8388222937526719,combined_data.csv
88,210,5,medium,medium,0.1184546950891756,-0.1166227829949199,0.112896085564613,0.1529941325421998,-0.1165229468646209,0.8741877462899034,0.7636012304440624,0.8775381606372854,0.7573108260050435,0.8472921776338518,combined_data.csv
88,214,5,medium,medium,0.1273099496060805,-0.0315204177291187,0.1323500000374372,0.0999192263849356,-0.0930279643359288,0.8654745713934482,0.6516585264084883,0.8574098230683106,0.7592343705866502,0.8430279643359289,combined_data.csv
88,215,5,medium,medium,0.1060899176907921,-0.089923231449812,0.1059161637954038,0.1103119902522218,-0.1713298603236782,0.8850434823590551,0.7865840998938575,0.883092027913356,0.7581648531364635,0.837996526990345,combined_data.csv
89,91,5,medium,medium,0.1068095309106724,-0.0047772578661579,0.091593692209743,0.1811202733037287,-0.3003098346899799,0.8855634409081958,0.8155465019941316,0.8964225806434162,0.7671878512976217,0.8486969314641736,combined_data.csv
89,97,5,medium,medium,0.1191664847650657,-0.0701069832147295,0.1119073365710744,0.1709764162848396,-0.2338809480291949,0.8725090996371662,0.8024103249406143,0.8783892712513836,0.7812381435663974,0.8461258459883786,combined_data.csv
89,105,5,medium,medium,0.112534259846162,-0.0687915661092898,0.114937013278352,0.1158897943589478,-0.2266121958184017,0.8819822993439155,0.8033067850520509,0.877465855803557,0.7743580099168618,0.8551836243898302,combined_data.csv
89,108,5,medium,medium,0.1190852531057001,-0.0568824389924699,0.1021856041405414,0.1294463403104053,-0.2357902764567168,0.8731647357299521,0.7554301033261407,0.8871991322220701,0.7969595376544291,0.842933133599574,combined_data.csv
89,115,5,medium,medium,0.1110848811330394,-0.089125467405988,0.1046794785857651,0.1409475970367966,-0.2179453734131519,0.8808534984783489,0.7931555445912861,0.8848024250793509,0.7621093671333032,0.8364484919162705,combined_data.csv
89,117,5,medium,medium,0.112082594698063,-0.0691067157858679,0.1109603268199556,0.1530732327665631,-0.1701539249525151,0.8799947261524677,0.8045680998723014,0.8784437656240704,0.781170760355945,0.834132419576171,combined_data.csv
89,121,5,medium,medium,0.1109959523122016,-0.0747885631153345,0.0932015828433543,0.1310544274619689,-0.1837669948948264,0.8822582974385986,0.7695705788144042,0.8984523266682766,0.7868944392724911,0.8324156435434751,combined_data.csv
89,133,5,medium,medium,0.1093129122793211,-0.08097280527764,0.1042888767013888,0.1132698941736438,-0.2556199366886081,0.8834149586636979,0.8085014227814382,0.8855340401748975,0.7923877578572598,0.855619936688608,combined_data.csv
89,135,5,medium,medium,0.1152123720199367,-0.0733639032103513,0.1236355519947567,0.1394355599789523,-0.2141476226589447,0.8759887234209895,0.8155768807038135,0.865101248071768,0.7835012638935495,0.8442228106288695,combined_data.csv
89,142,5,medium,medium,0.1084936307712352,-0.0781323994927749,0.1052931896440229,0.1630014772356516,-0.1951414156759497,0.8846657527708384,0.7933091461953825,0.8861027720469145,0.7729475736912306,0.8222600597437464,combined_data.csv
89,143,5,medium,medium,0.1199208490184705,-0.055774573040322,0.132630377949611,0.1868670648737865,-0.2160754151376547,0.8706059066274767,0.7508820208587392,0.8540634554389361,0.7411961245418385,0.8410754151376547,combined_data.csv
89,145,5,medium,medium,0.1239726294678026,-0.0806860169193716,0.1362482237846128,0.1120956226326123,-0.2201450366890507,0.8683373534634486,0.8203316469726323,0.8536161100664241,0.7848654405147433,0.8288406888629638,combined_data.csv
89,147,5,medium,medium,0.1094147739502764,-0.0502365482066795,0.0953406800321697,0.1232959567842679,-0.2493625950697734,0.8817922099236967,0.8168714584483513,0.8928128469333025,0.7927556305547001,0.8355694916214976,combined_data.csv
89,151,5,medium,medium,0.1273384558817712,-0.1123904884239784,0.1544368050321473,0.167786484618432,-0.2023831591314462,0.8670406619170429,0.7367011371492158,0.8390276289747111,0.7349276629277445,0.8545570721749245,combined_data.csv
89,155,5,medium,medium,0.1030020114514744,-0.0631828103246542,0.1118433908201054,0.1715185001971919,-0.248610032071859,0.8890502148258964,0.8034394895127183,0.8764152771496264,0.7743081064298873,0.8319433654051923,combined_data.csv
89,158,5,medium,medium,0.1281468800749498,0.0239307924972709,0.1117517106064125,0.1285288430636211,-0.2002585809959947,0.8647203840068345,0.7789435623755756,0.8772188655133109,0.7783493303890792,0.8366222173596312,combined_data.csv
89,166,5,medium,medium,0.1115934502423853,-0.0590180042544372,0.1174551120452525,0.1104198851830119,-0.2317978541629965,0.878507669112891,0.8200554862154963,0.8704220038212069,0.7695709235536131,0.8383995857647282,combined_data.csv
89,168,5,medium,medium,0.1071054438850087,-0.0853548839563733,0.1029082052094176,0.1007284209724482,-0.2334086707608428,0.8852761078845258,0.7978329532435553,0.8866078068762815,0.8055954081322577,0.8463118965672944,combined_data.csv
89,169,5,medium,medium,0.1112574603268522,-0.0648991004476359,0.109906192288175,0.1131931680788067,-0.1638969125694317,0.8780842664920692,0.7744322920001013,0.8726337183535156,0.782814224816961,0.8229768157171314,combined_data.csv
89,171,5,medium,medium,0.1202976223517416,-0.0856663699945967,0.1159626684164562,0.1506445170699859,-0.2110374376612258,0.8725263426907528,0.8052120826387371,0.8751729186796466,0.7839818732447101,0.8455457864552889,combined_data.csv
89,192,5,medium,medium,0.1110785044779442,-0.0400330160563292,0.0997748228728996,0.1572263918849035,-0.2358087341343161,0.8803941174049147,0.7923149567772299,0.8869748525315689,0.7718367895077881,0.8429515912771733,combined_data.csv
89,202,5,medium,medium,0.1065706426591139,-0.1362274480040526,0.1102809014179181,0.1302485451597429,-0.2067422605112163,0.8845476558923022,0.814376927326655,0.8774305385898551,0.7817447894800019,0.8349473887163446,combined_data.csv
89,203,5,medium,medium,0.1318437651179714,-0.1106153951244341,0.1634383972964123,0.1643050245207142,-0.1776293028121156,0.8587805506466388,0.7036992651557452,0.823680368117463,0.7469951477904127,0.8124777876606005,combined_data.csv
89,206,5,medium,medium,0.1158305113479527,-0.0682779581416799,0.1090784765924559,0.1653193201095796,-0.2221929444497014,0.8772360992419231,0.7886437638617865,0.8821247886288286,0.7590944417750412,0.8438145660713231,combined_data.csv
89,207,5,medium,medium,0.1127856057470382,-0.0523382091924155,0.1107632949811395,0.1641517504421136,-0.2440601630075661,0.8798322139486972,0.7953369965422808,0.8792819878855335,0.771049784063506,0.8527558151814792,combined_data.csv
89,210,5,medium,medium,0.1233619418902544,-0.1021954439888785,0.1246567576327495,0.1675901239784633,-0.2008097241001313,0.8694929875409907,0.7602430457106311,0.8654186032252683,0.7561282478967282,0.8436668669572741,combined_data.csv
89,214,5,medium,medium,0.1236510289667152,-0.0298119473380704,0.1145319915721015,0.1450145756835982,-0.1902605126832,0.8697590355125306,0.7396583728030006,0.8772635458270246,0.7560357653035463,0.8363705696091962,combined_data.csv
89,215,5,medium,medium,0.1165301100024092,-0.08473540132539,0.1328899683109953,0.1551229548801246,-0.2213630543218153,0.8747008610049993,0.8076393793373535,0.8545879544667752,0.786140855119906,0.8292823089802005,combined_data.csv
91,97,5,medium,medium,0.1133450430110616,-0.0451083301687956,0.1085214565202732,0.1713863304519872,-0.3724368097962541,0.8771746819502422,0.7990874746834277,0.8778324244015038,0.7582858788104394,0.8506976793614716,combined_data.csv
91,105,5,medium,medium,0.1129461110397992,-0.0664532376608728,0.1132224912835396,0.1366033374465187,-0.2666444784977316,0.8806328856368888,0.8051543409288642,0.8788644050130155,0.7596750783349521,0.8337274760803264,combined_data.csv
91,108,5,medium,medium,0.1142724614382201,-0.0257505244925998,0.1043147284374819,0.1556406336731475,-0.2520932881526494,0.8775137953086235,0.7943870551244201,0.8847246307247956,0.7755743932910322,0.8021489055052635,combined_data.csv
91,115,5,medium,medium,0.1148458771718262,-0.064035205788502,0.1046332419864892,0.1443934551963805,-0.2558451663706674,0.8769498780700741,0.7951106328818434,0.8839366885967951,0.7810372892421644,0.841211020029204,combined_data.csv
91,117,5,medium,medium,0.1178183655150061,-0.0291326201104284,0.1153403538269547,0.1805002814587881,-0.1915823145301221,0.8737956167392877,0.7440070502120608,0.8733891513512158,0.7443239246945588,0.8227236599571819,combined_data.csv
91,121,5,medium,medium,0.116478438477947,-0.1131724658707089,0.118903410723326,0.1757212843700822,-0.2582726026558709,0.8760156064657515,0.7964213388529262,0.8707473265370602,0.748093379297954,0.8436384563144075,combined_data.csv
91,133,5,medium,medium,0.1121306824439312,-0.0031433574078387,0.122789453886081,0.1240304832971899,-0.3631874966420517,0.8808909451341905,0.7738166946752179,0.866944520172873,0.7716986477270034,0.8337757319361694,combined_data.csv
91,135,5,medium,medium,0.1084168374911241,-0.0813355637301089,0.1155859751832923,0.1539415436284449,-0.2773481127483402,0.8814152820162202,0.7464015799107118,0.8697880991383884,0.7725319590288267,0.8299796916957087,combined_data.csv
91,142,5,medium,medium,0.1201273594070033,-0.0454300814600012,0.1294957906639546,0.1634082209521247,-0.2676288139478151,0.8721398425916129,0.7512867629197648,0.8599325836166243,0.7678899961327365,0.8255447352358295,combined_data.csv
91,143,5,medium,medium,0.1190101875912994,-0.0104020123374999,0.0899107476961228,0.1982797409504246,-0.2243224054618675,0.8702720676048583,0.7744126690668394,0.8973688348306937,0.7339642325334479,0.8582861564468951,combined_data.csv
91,145,5,medium,medium,0.1116780452028162,-0.0366442834842295,0.1063389235728693,0.1502687526211805,-0.3537240372825625,0.8808956402185365,0.7853065535913983,0.8835366888813944,0.7503360089142662,0.8364826579722177,combined_data.csv
91,147,5,medium,medium,0.1196311353534218,-0.008297367683735,0.1317575982753072,0.1524974213595017,-0.391031451899512,0.8717393816954974,0.7871067359080777,0.8562375070262486,0.7784643842998117,0.8426443551253184,combined_data.csv
91,151,5,medium,medium,0.1261890428497468,-0.0387506164884732,0.1524550481693176,0.1571418589345432,-0.1753508211223904,0.8684046277890154,0.6493138104575349,0.8401228128835317,0.7336019716732642,0.8032577978665765,combined_data.csv
91,155,5,medium,medium,0.1198552055628852,-0.0158736891334502,0.1123913786537673,0.1730281200458591,-0.3188507936290379,0.8717004788460948,0.7830242879918274,0.8752234983266356,0.7638668612645312,0.8279417027199469,combined_data.csv
91,158,5,medium,medium,0.1141356624953043,0.0014288455872208,0.1420608856032019,0.1758863222490444,-0.2363085997205439,0.8786291306982674,0.744722646712722,0.8462940843143402,0.7526147233377545,0.8522200854950435,combined_data.csv
91,166,5,medium,medium,0.1141408714008427,-0.017069939763158,0.1134887588697199,0.1190247447101238,-0.3111230344335527,0.8756199250377381,0.7581252606393267,0.8706273625844481,0.7664912364794975,0.8444563677668862,combined_data.csv
91,168,5,medium,medium,0.1160807393742543,-0.0533059308894506,0.1285491179255612,0.1466707620410979,-0.2872551515120107,0.8754849369069909,0.7569052487016709,0.8586853683679712,0.7587027930277679,0.8453946863957318,combined_data.csv
91,169,5,medium,medium,0.1210971206757458,-0.0873584172134943,0.1310036243563448,0.1755841170026921,-0.2464515420562547,0.8688702190506542,0.7513235378835289,0.8533246378429924,0.7403395995681744,0.8346868361739017,combined_data.csv
91,171,5,medium,medium,0.124977886413292,0.0192205450433633,0.1219334208408013,0.1733107124007954,-0.2275283803594316,0.8676662438799442,0.7609731783431607,0.8668299446523066,0.7709034634296187,0.8093465621776135,combined_data.csv
91,192,5,medium,medium,0.112847674238371,0.092906393187759,0.1152278817107158,0.169008691655164,-0.2026604685459085,0.8780877611158724,0.7861617937540145,0.8710905270791104,0.7601209162592296,0.8137715796570197,combined_data.csv
91,202,5,medium,medium,0.1110977760503229,-0.0631961485589378,0.1177764451066832,0.1607886252291996,-0.2585840929049308,0.8794561422685371,0.7841098724642495,0.8694722319258623,0.785298307247662,0.8355071698280077,combined_data.csv
91,203,5,medium,medium,0.1385926818130591,0.0924300146960919,0.1715947652027084,0.1681633368887346,-0.3381965162628781,0.8526460074179022,0.6697015290042794,0.8146047436628432,0.7349818799562324,0.8543255485209427,combined_data.csv
91,206,5,medium,medium,0.1159278687719224,-0.0467294243474426,0.1368986625821689,0.1652766479666552,-0.1887760137145269,0.8767210141784821,0.737314037279072,0.8530847281245069,0.7659248581632573,0.8444872206110786,combined_data.csv
91,207,5,medium,medium,0.1131655024102835,-0.0525436446924927,0.1053903630502746,0.1807961850197073,-0.2076620846133444,0.8783409775559547,0.7536877188471744,0.8820327708359834,0.7550958754028789,0.8205653104197961,combined_data.csv
91,210,5,medium,medium,0.1068343597927152,-0.0708782059200954,0.1092105939425051,0.1800398148738948,-0.2638508322624074,0.885242980118595,0.8129127869810382,0.8811938097131726,0.7747371936049949,0.8058088742204494,combined_data.csv
91,214,5,medium,medium,0.1254653728858089,-0.0421168925769268,0.1453681643450919,0.2257476723876196,-0.2103213391180882,0.8677633972736409,0.6725987419027499,0.845557844841287,0.6969132040668622,0.8214324502291994,combined_data.csv
91,215,5,medium,medium,0.1297756359738872,-0.0162399726237149,0.1313227061423426,0.1304773292348338,-0.2839637369587677,0.8627131749410427,0.8022207822052019,0.8574560920779303,0.7788251818833678,0.8580378110328418,combined_data.csv
97,105,5,medium,medium,0.1163106013756137,-0.1028437279133793,0.1257307607749611,0.1263027462222047,-0.1154990790216352,0.8768326044267806,0.8028802243200223,0.8649640114637358,0.7749202061976765,0.8515671904767437,combined_data.csv
97,108,5,medium,medium,0.111775483344957,-0.0542114952518149,0.1087578304472965,0.1445255232448931,-0.0735714743450954,0.8787922280115192,0.7869480173596737,0.8803289868188272,0.7865056872809375,0.8321921640002679,combined_data.csv
97,115,5,medium,medium,0.1146772616018967,-0.0434325211225395,0.1135472207498837,0.1456420370236119,-0.1818305946201037,0.8773363976582863,0.7896923566744466,0.8749553846999476,0.7693557075616908,0.8484972612867703,combined_data.csv
97,117,5,medium,medium,0.1109724919420156,-0.0482626381732322,0.099537972031919,0.1566913345380949,-0.1769695832496004,0.8804709718186026,0.7908575271159819,0.88889580397329,0.7754026525209455,0.8369695832496004,combined_data.csv
97,121,5,medium,medium,0.1141145461801046,-0.0820565113211847,0.1246717698941569,0.1573390827742182,-0.1586505274702254,0.8774588164056929,0.786370476925722,0.8663224958538543,0.7738319585221884,0.8404687092884073,combined_data.csv
97,133,5,medium,medium,0.1049386322971687,-0.0614839263449438,0.0972131349989414,0.154963497175692,-0.0358291994346677,0.8875117170698208,0.818182668231381,0.8930465009887983,0.7696349138451796,0.8253028836451941,combined_data.csv
97,135,5,medium,medium,0.114179040541205,-0.1104909699767536,0.1019754413673581,0.1551034372099504,-0.0917359545889723,0.875231229453572,0.8098810747721111,0.8854438395555952,0.7715474366122577,0.8308663893715811,combined_data.csv
97,142,5,medium,medium,0.1099184724571454,-0.0946788846216132,0.0972398565708104,0.1775032836901368,-0.163894012897241,0.8818747741384662,0.7972724652993758,0.8938534896692274,0.7664207247843385,0.8305606795639077,combined_data.csv
97,143,5,medium,medium,0.1168708395047236,0.0371409401721203,0.1271430099195212,0.1616696139430836,-0.3073693526739025,0.8729348483568619,0.7059325431587171,0.857296997959289,0.7558266681628296,0.818007650546243,combined_data.csv
97,145,5,medium,medium,0.1148194282127181,-0.0891413437698542,0.1293463275362181,0.1065869102124014,-0.0644068497434779,0.8775034193231175,0.8157390799885242,0.8621555235134193,0.7720826302456977,0.814406849743478,combined_data.csv
97,147,5,medium,medium,0.1080814614736772,-0.0552090719965072,0.1085800311927057,0.1412834129323816,-0.0455478779141229,0.882271261563458,0.8016612125723866,0.8797613690091105,0.7864571490942527,0.8281565735662968,combined_data.csv
97,151,5,medium,medium,0.1171225412171801,-0.0708027793851977,0.1383567060854491,0.1696726926084668,-0.1838063816071936,0.8769141280259654,0.7291804291623669,0.8545206028821447,0.7343352156132064,0.8334227498936386,combined_data.csv
97,155,5,medium,medium,0.1070848458256511,-0.116196273628343,0.0986228265602839,0.1484015177654916,-0.1327430626484649,0.8823783083856818,0.8015237089939327,0.886161083212296,0.7816447855579431,0.8527430626484649,combined_data.csv
97,158,5,medium,medium,0.116536654456788,-0.0220715185919748,0.1065089670590017,0.1462729139194081,-0.2151116104953254,0.8758592247386161,0.7981754196428279,0.8833755845578777,0.772566141401759,0.8250149921378376,combined_data.csv
97,166,5,medium,medium,0.1139372499582976,-0.0529130121499723,0.1173681506989947,0.0980739576844579,-0.1061839118494459,0.8763200417378252,0.7999446305598032,0.8691317143300148,0.7701576691099492,0.8441701818723293,combined_data.csv
97,168,5,medium,medium,0.1124356782694544,-0.0320748397786987,0.1185191196041197,0.158519849425593,-0.1064505992003707,0.8789122694265067,0.8060051700780417,0.8696584498085956,0.7544441391182772,0.8207363134860849,combined_data.csv
97,169,5,medium,medium,0.1084028665284623,-0.0803652531174357,0.1042161281085659,0.1462182686799826,-0.1818388303267254,0.8804201556653497,0.7783384307382427,0.8826759211034299,0.7668840347234385,0.8148354633233584,combined_data.csv
97,171,5,medium,medium,0.1158146663427795,-0.0275530643591532,0.1128205750187003,0.1919024747936334,-0.244825066290773,0.8759488479794917,0.7809110063432103,0.8774214993572864,0.7563492239335983,0.844825066290773,combined_data.csv
97,192,5,medium,medium,0.1076277557844161,-0.0241546780335158,0.1125289725674657,0.1463564767745548,-0.2636056656991311,0.8818530066934369,0.7895409543588836,0.8731239101925029,0.7901547974552392,0.8352682373617027,combined_data.csv
97,202,5,medium,medium,0.1132554375207561,-0.0297561186226541,0.0977019386288502,0.1500754236955065,-0.1202579481181892,0.8773466950094505,0.794934254301967,0.8893706389112845,0.7729511113819352,0.8487591766194178,combined_data.csv
97,203,5,medium,medium,0.1220406551200309,-0.1031523530552256,0.1310993239513309,0.1402351275742581,-0.1054224886404985,0.8678620525085514,0.6876396765187209,0.8545040545841549,0.7332484576993248,0.8197082029262127,combined_data.csv
97,206,5,medium,medium,0.1112465586988233,-0.1082429784592586,0.1079970366962279,0.128529377894895,-0.108640960680311,0.8814703267761421,0.7821029248891505,0.8833655846984689,0.7902529296478245,0.8359136879530383,combined_data.csv
97,207,5,medium,medium,0.111880682187843,-0.0804583161983067,0.1056109345750777,0.1438239564068616,-0.2613136593738728,0.8794442712263606,0.790482985017684,0.8823402129648575,0.7855215980918784,0.8503031013044913,combined_data.csv
97,210,5,medium,medium,0.1203242972013577,-0.0272822889669084,0.1429620719207009,0.1897222557477419,-0.1106953326427044,0.8713261575979045,0.7821771923149259,0.8457762921703168,0.7561087062412957,0.8249810469284187,combined_data.csv
97,214,5,medium,medium,0.1165777358236258,-0.046007497773139,0.1313280720642197,0.1414426961708319,-0.102040885184018,0.875858618331876,0.7575951027643664,0.8599134679673082,0.7588682812466607,0.8293136124567453,combined_data.csv
97,215,5,medium,medium,0.1054783521226525,-0.0714562330343552,0.1046558780608371,0.1562464303205099,-0.0910453559258617,0.8857204361413104,0.7952003068270833,0.8848407759815662,0.7834890057770304,0.8151832869603445,combined_data.csv
105,108,5,medium,medium,0.1154242094865626,-0.1223177123793379,0.1018296315622132,0.1703647726538215,-0.0669456306796095,0.8786156011417559,0.8010185068558214,0.8911700117422187,0.7532315363284166,0.8315610152949942,combined_data.csv
105,115,5,medium,medium,0.1256406780155081,-0.0373141647496434,0.1283265318524883,0.1861692246115263,-0.1877381287621358,0.8663413407964417,0.7502658508214832,0.8629065960548299,0.7483950842624215,0.8241017651257723,combined_data.csv
105,117,5,medium,medium,0.1142392932904026,-0.0525472568486851,0.1041215107581035,0.1395332852043197,-0.2245701067388905,0.8775204495623105,0.7840036462013115,0.8831615163339676,0.7509275594939455,0.833795981606335,combined_data.csv
105,121,5,medium,medium,0.1165039868364338,-0.0429800158125257,0.0957180769338557,0.1210114119357733,-0.1931650031836628,0.8785490670770892,0.7959652318318905,0.897963807810155,0.7832384772171891,0.8138546583560765,combined_data.csv
105,133,5,medium,medium,0.1128564587532023,-0.0657656270936087,0.130440801639263,0.1857871012898411,-0.0908344166878691,0.8807125660204387,0.8009252656436284,0.861776676175029,0.7606727031609912,0.8521980530515056,combined_data.csv
105,135,5,medium,medium,0.112409517717799,-0.1102605271146158,0.1114259321871216,0.1355501218728401,-0.1043782839510349,0.8776807685822975,0.7692909272791886,0.8761101823637842,0.767237934437359,0.8316510112237623,combined_data.csv
105,142,5,medium,medium,0.1216567477135349,-0.0807974348079754,0.1193344901011009,0.1413052735221784,-0.1726275090558352,0.8725006007277895,0.7532190500683913,0.8738556708801479,0.760447367966539,0.8392941757225019,combined_data.csv
105,143,5,medium,medium,0.1157608616440725,-0.0526609211677528,0.1072288964107247,0.1111999290174227,-0.2742018583173137,0.8773431217811548,0.7822665194629304,0.8825380067750522,0.7915089679384842,0.8365078450135442,combined_data.csv
105,145,5,medium,medium,0.115314819047781,-0.0932164197872124,0.0975554035743231,0.1753663926909729,-0.0766775607429856,0.8793746808315672,0.7876630251346995,0.8952153733362911,0.7771765686857819,0.8135196660061436,combined_data.csv
105,147,5,medium,medium,0.1108317681291777,-0.0870122566009019,0.1336083193622359,0.1824511362680463,-0.0713660156422277,0.8825174325252363,0.8094356417449378,0.858065744931509,0.7624618857424343,0.8213660156422278,combined_data.csv
105,151,5,medium,medium,0.1269540818552065,0.0293019393409839,0.1623341117248538,0.1585236007642388,-0.1388168181130311,0.868177650700425,0.6469963941048149,0.8320701525548942,0.7424395074012533,0.8344689920260746,combined_data.csv
105,155,5,medium,medium,0.1195378617371156,-0.0856024106451841,0.1077633298471533,0.1137589438955612,-0.1103085191024864,0.8740418242434969,0.7985271354311334,0.8839958102117045,0.7815018674207865,0.8400382488322162,combined_data.csv
105,158,5,medium,medium,0.1176885967730871,-0.0184426135145678,0.108337878790515,0.1785853638436269,-0.2191444025610794,0.8756982378294502,0.7685550528108576,0.8835705452865635,0.7526539605637694,0.8191444025610793,combined_data.csv
105,166,5,medium,medium,0.1139370690418072,-0.0859675990153209,0.0985831907198471,0.1285218831082311,-0.1300711795126252,0.8766215499177097,0.7854277696990554,0.8886234546371754,0.7677272382674377,0.8590921585336043,combined_data.csv
105,168,5,medium,medium,0.1230042832036272,-0.0633594267282253,0.1250032962971243,0.1340061591068434,-0.1207924239165774,0.8697086761404822,0.7835511063695597,0.8653356168355517,0.7705758604975084,0.8007924239165773,combined_data.csv
105,169,5,medium,medium,0.1176249255684408,-0.0387853669360613,0.1135162107928912,0.1543298035046619,-0.1899084791875018,0.8720138180552643,0.7648172096374686,0.872075282043667,0.766492314383376,0.8132192899983126,combined_data.csv
105,171,5,medium,medium,0.1109129082591363,-0.0681118734392525,0.1052023635508944,0.1765132845450663,-0.2060466758224529,0.8830590673332073,0.7919970155689122,0.8871558712171161,0.7621267756058236,0.8158027733834285,combined_data.csv
105,192,5,medium,medium,0.1177234889233815,-0.0874964582655036,0.1210140890293006,0.1433943700192244,-0.2155154045189895,0.87394247927753,0.7998414500273546,0.8685732392520895,0.7697566639733843,0.8362050596914032,combined_data.csv
105,202,5,medium,medium,0.1175307682715149,-0.1150701480692137,0.1256280336679367,0.1918145141080882,-0.1888012223900641,0.8746491698196213,0.7850697820664445,0.8644169619785628,0.7504693469332497,0.8251648587537006,combined_data.csv
105,203,5,medium,medium,0.1418613246970126,-0.0630272179135041,0.159658910831834,0.167676960640973,-0.0714837977710916,0.8532632070928658,0.6811628511776378,0.8348780470957282,0.7519534333325522,0.8214837977710916,combined_data.csv
105,206,5,medium,medium,0.1168353698492551,-0.0360217973022993,0.1258714859161221,0.1600152240226607,-0.1309048196380615,0.8780738260027553,0.739605346969511,0.8676427044188055,0.755321391092967,0.8309048196380615,combined_data.csv
105,207,5,medium,medium,0.1072952599614125,-0.0715076606547011,0.1027355966574508,0.1365503927493018,-0.2358559320706776,0.8862127486884792,0.8189099799433168,0.8888654253343206,0.7818460372315038,0.8497642072451542,combined_data.csv
105,210,5,medium,medium,0.1149883546376357,-0.157610908875371,0.1266729235270233,0.1697708613279815,-0.0921700969242944,0.8798063718136253,0.7933836566310898,0.8679258459312922,0.7869694011266342,0.8194428241970217,combined_data.csv
105,214,5,medium,medium,0.1249089711355367,-0.0240872331839594,0.1399844460737892,0.1445732949956555,-0.1255326226424451,0.8684479506091783,0.7120145423843567,0.8509730972658806,0.7339845301326768,0.8398183369281594,combined_data.csv
105,215,5,medium,medium,0.1133020241554435,-0.1002241979796535,0.1064551949882952,0.0907434694712254,-0.1100051180812542,0.8802864522804783,0.8007183700646274,0.886183317938882,0.789923981887906,0.8100051180812542,combined_data.csv
108,115,5,medium,medium,0.1234199768958038,-0.0700457090317105,0.1196550496297184,0.1530956822279378,-0.185016590025957,0.8678528685861682,0.7426567467187462,0.8687396943438694,0.7416874886231217,0.8408907805902494,combined_data.csv
108,117,5,medium,medium,0.1061333790433048,-0.0611749119330282,0.1140220141997079,0.1643598757617708,-0.1701790386373858,0.8853145850006059,0.7580316263960063,0.8739640122311355,0.7536012609744338,0.8101790386373857,combined_data.csv
108,121,5,medium,medium,0.1208919475977772,-0.1191114719516416,0.1271022171622001,0.1650252707250158,-0.1862225797073344,0.8732587752156685,0.8088710867032426,0.8652079421151649,0.7607810975441585,0.8413949935004379,combined_data.csv
108,133,5,medium,medium,0.1236054661476055,-0.0138502192625259,0.1263736291166369,0.1810932788542083,-0.065631967231728,0.8698016140907454,0.750806025227119,0.8636992764250345,0.7547655640775882,0.8434097450095059,combined_data.csv
108,135,5,medium,medium,0.106719461448655,-0.113411077842753,0.1178262611755691,0.1422830381087694,-0.027606097302459,0.8824582286401281,0.7700761518206898,0.8655007485216877,0.7477935916484013,0.8246649208318707,combined_data.csv
108,142,5,medium,medium,0.1150133458309791,-0.0625175325269948,0.1264122734371736,0.1805933193682156,-0.1699330360151001,0.8780327219426418,0.7468635917014496,0.8641452087973758,0.7645538354176326,0.8365997026817666,combined_data.csv
108,143,5,medium,medium,0.1056559001875363,-0.0098371638582677,0.1206099898224367,0.1656076373178394,-0.2928384617548158,0.8833242488597954,0.7316536378437425,0.8649719345691118,0.7703629167123879,0.8397592828691853,combined_data.csv
108,145,5,medium,medium,0.1191644267602755,-0.0478529278724835,0.1369910721161457,0.143103434075527,-0.0360471652184031,0.8737280549720962,0.7704680557017077,0.8541207750034293,0.7748653677677305,0.816240401933379,combined_data.csv
108,147,5,medium,medium,0.1151350152009277,-0.0340780120938817,0.0936331188434484,0.1615036990103392,-0.0654264515498996,0.8763428926929029,0.7831982194556852,0.8940798839881701,0.7623278099536516,0.8570931182165663,combined_data.csv
108,151,5,medium,medium,0.1217581315300969,-0.0484731635064636,0.1560702201972783,0.1444992588230634,-0.1144194171274429,0.873093432333942,0.6446610731833606,0.8374679755004015,0.7360178853474223,0.8287051314131573,combined_data.csv
108,155,5,medium,medium,0.1074342699679067,-0.0946667584131772,0.1033852697621912,0.131290444316391,-0.0643038926610417,0.8833179091197622,0.815635234718413,0.885128326792482,0.7804666950691749,0.8143038926610418,combined_data.csv
108,158,5,medium,medium,0.1226666166056115,-0.0853555075628277,0.1363463235468269,0.1573449647987459,-0.2599071792804536,0.8697892249008637,0.7709517483523102,0.8531587597136265,0.7581274365136743,0.8356647550380293,combined_data.csv
108,166,5,medium,medium,0.1113814490103999,-0.0778683474234688,0.1307303440319528,0.1659784694551713,-0.072980611961757,0.8775121614637567,0.7637702071222817,0.8554557927303199,0.7484732297138139,0.847980611961757,combined_data.csv
108,168,5,medium,medium,0.1099652231702001,-0.0929225092604468,0.105554416979638,0.1333506993158324,-0.1038332404381421,0.8819327895805631,0.7688918919481571,0.8835551210757666,0.766794185786448,0.8429636752207509,combined_data.csv
108,169,5,medium,medium,0.1099592837315258,-0.0614664728167091,0.1256349755406193,0.1323901511231839,-0.2205151612064431,0.8799564332026245,0.7791573514955972,0.8582307990436043,0.7771241645877537,0.8271168928081747,combined_data.csv
108,171,5,medium,medium,0.1094645708641298,-0.1030032015798775,0.0968928110997193,0.1626954304741737,-0.2462498241417109,0.8840375387357107,0.8156645255073455,0.8939710606861805,0.7707247146680831,0.8366637674968308,combined_data.csv
108,192,5,medium,medium,0.1163533513653886,-0.0188227046932705,0.1215585156223442,0.1341740917515166,-0.2457669392806543,0.8734992670721612,0.7976024076920345,0.863617867202755,0.782252305155535,0.8611515546652697,combined_data.csv
108,202,5,medium,medium,0.1177878745442634,-0.1215616652107858,0.1115441337578688,0.1700779787285355,-0.174497955639948,0.8737142436271825,0.8120410020582672,0.8761608108317449,0.7691942298543297,0.828344109486102,combined_data.csv
108,203,5,medium,medium,0.114170555388634,-0.0774121693422962,0.1281276537613725,0.189821611560487,-0.0580576263611751,0.8770491995503772,0.7334115754363777,0.8587023052601235,0.7118218948828503,0.840666322013349,combined_data.csv
108,206,5,medium,medium,0.124171476290522,-0.0638498582688565,0.1286749557381228,0.1737445917584001,-0.1478654479797513,0.8694297076996358,0.7202286881345931,0.8639617029822124,0.730260872659476,0.8561987813130847,combined_data.csv
108,207,5,medium,medium,0.1127748474107266,-0.039046261671369,0.1205320351981902,0.1864099129775985,-0.2811444637502409,0.8801842261627082,0.7894864962591343,0.8704801807386606,0.7594993167364814,0.841144463750241,combined_data.csv
108,210,5,medium,medium,0.1213741018328257,-0.1204479258831024,0.1177206425210476,0.1769972507471502,-0.1288720201452754,0.8717956692484483,0.7919945386444089,0.8739605153135892,0.7650592788930684,0.8596412509145063,combined_data.csv
108,214,5,medium,medium,0.1274208325387382,-0.0661159528698311,0.1599339933224873,0.1325277701201478,-0.1126990847804602,0.8658063583275601,0.707153058097107,0.8305893137134038,0.7395749386290674,0.8534398255212009,combined_data.csv
108,215,5,medium,medium,0.1159288000666516,-0.115796426813704,0.0961076108344308,0.1949603483245037,-0.0906269808359001,0.8764846041610936,0.8110187670040067,0.8945694594287182,0.7512834690673056,0.8274690860990581,combined_data.csv
115,117,5,medium,medium,0.1146112625811514,-0.0659526470102964,0.0995109561446984,0.1428884048660171,-0.2207832613203595,0.8762700232936036,0.7986639286127257,0.8877566659182713,0.7744941929945021,0.8414729164927732,combined_data.csv
115,121,5,medium,medium,0.1212678996344591,-0.1102441891501074,0.1108255042722005,0.1347768799782951,-0.2070973275535852,0.8698965110823612,0.7544305013192979,0.876895992892572,0.7762442304564109,0.849954470410728,combined_data.csv
115,133,5,medium,medium,0.1132189611412163,-0.0827481721536321,0.1069917403465212,0.1483883329316355,-0.1897227692329416,0.8794587021897581,0.7988172205505416,0.8831770119692445,0.7769748949992252,0.8260864055965781,combined_data.csv
115,135,5,medium,medium,0.1092362091587579,-0.0752430724381582,0.1234653164980709,0.1539104235032529,-0.1638660413552126,0.8796928450979167,0.8136876301858424,0.8635390082755212,0.7600840476079354,0.8409895934787648,combined_data.csv
115,142,5,medium,medium,0.1072266021595016,-0.0248024096169394,0.0992786019851612,0.119081914887169,-0.1684911346000737,0.8841310285791455,0.7968379971151405,0.8895566395743577,0.7787558647251908,0.8432004369256552,combined_data.csv
115,143,5,medium,medium,0.1172666908370048,-0.0862276784098509,0.1412993725891832,0.1320811173573267,-0.1982546530419405,0.8714547816801751,0.705784478526996,0.8435032079378327,0.7604985512407695,0.8232546530419406,combined_data.csv
115,145,5,medium,medium,0.1118660940256288,-0.1299326211222724,0.1305451922158025,0.163658184356494,-0.2036750255254128,0.8798354151179357,0.7985323301876192,0.858908082807667,0.7568695515632403,0.8333046551550426,combined_data.csv
115,147,5,medium,medium,0.1138647878390153,-0.0782705482638534,0.1196277042481248,0.161767451348971,-0.1481918320329538,0.8769088535875111,0.8077458625238014,0.8691599114433992,0.7770880760431603,0.8148584986996205,combined_data.csv
115,151,5,medium,medium,0.1176510926608627,-0.0845098603109582,0.1354925793717041,0.1552557368469387,-0.1538575683651893,0.8762694454628571,0.7456825409608712,0.8559276295130629,0.7563469696025145,0.8295332440408651,combined_data.csv
115,155,5,medium,medium,0.1168529213471978,-0.0788859852531727,0.110827226373996,0.1484958230854589,-0.1470805469690096,0.8725467266041279,0.7585930463951316,0.8729191103972666,0.7539181733489153,0.843743843227857,combined_data.csv
115,158,5,medium,medium,0.1146424330137606,-0.1309783493485057,0.1045367207529436,0.1199184905305172,-0.1530937383382038,0.8775123414832181,0.8147345456451842,0.8843612303062385,0.7887128707233718,0.8109884751803091,combined_data.csv
115,166,5,medium,medium,0.1085469167217357,-0.1097891729437485,0.0895210609822796,0.1126709685405481,-0.1849528446189765,0.8801642998177422,0.8056084252169533,0.8946938401221297,0.7651015291291066,0.8434894299848301,combined_data.csv
115,168,5,medium,medium,0.1033710118715939,-0.076353847733006,0.0922705616531925,0.1329037175377351,-0.1728307100859143,0.8881112720553247,0.8098082248741075,0.8951916709645431,0.7893881511677543,0.8369332741884784,combined_data.csv
115,169,5,medium,medium,0.1067130038029523,-0.1250189202706416,0.103054899164358,0.123686508251581,-0.2178342047147634,0.8810277494032702,0.8074570950937693,0.8814085832079586,0.7771348999167966,0.8385238598871771,combined_data.csv
115,171,5,medium,medium,0.1147391258884826,-0.0814984686156579,0.1136241180343473,0.1362663182569737,-0.192625072548807,0.8765868391875486,0.7744035723028297,0.873846549077753,0.7832115419868367,0.844548149471884,combined_data.csv
115,192,5,medium,medium,0.1188301731673721,-0.0665353498746683,0.1209739579103263,0.1539200356324562,-0.2391606522095291,0.8705268437342095,0.7574113447198929,0.8642458938354746,0.7641623202083276,0.8364579495068263,combined_data.csv
115,202,5,medium,medium,0.1118353398290736,-0.0986088374475616,0.1153573163157042,0.1359336270580686,-0.1958515693969705,0.878117703648297,0.8202717722804906,0.8723660880233097,0.7810056901390188,0.8521015693969706,combined_data.csv
115,203,5,medium,medium,0.1300437358131381,-0.0501091758792129,0.1388720266581882,0.1766739107584577,-0.2208857541677854,0.8601078570198516,0.6558891400640319,0.8468344370125666,0.7197666844504855,0.8760581679608889,combined_data.csv
115,206,5,medium,medium,0.116986576064296,-0.0609199780959174,0.1123232507355921,0.1332477702493493,-0.1555252385102947,0.8763191430007611,0.7956363234801572,0.8790328553816577,0.7863540204504441,0.8412395242245805,combined_data.csv
115,207,5,medium,medium,0.1090136243652725,-0.0951878496020419,0.1104364919358528,0.1208553382738136,-0.1804866048251813,0.8818890522824946,0.8169557042933845,0.8757235785932598,0.7734807848157749,0.8193754937140703,combined_data.csv
115,210,5,medium,medium,0.1113874435275105,-0.150358264793493,0.1320587488212061,0.1784797783644167,-0.1794914109571344,0.8790497417371764,0.7518225097531153,0.8544513542510512,0.7644827191363136,0.8294914109571343,combined_data.csv
115,214,5,medium,medium,0.1101474432663601,-0.1429224321324399,0.1147528690119384,0.1459715950940879,-0.1448385474124505,0.8818417456213925,0.7570529101237577,0.8752366706416204,0.7614666665749603,0.8266567292306324,combined_data.csv
115,215,5,medium,medium,0.1071390114490639,-0.105380605511709,0.1049084038931628,0.1049826882896545,-0.1804136253731362,0.8836408686269086,0.7933374158163315,0.8836869544050262,0.7942751761771665,0.8325875384166145,combined_data.csv
117,121,5,medium,medium,0.1139828134700683,-0.0987076907124969,0.1242793103770202,0.1597379523024737,-0.1859536698877826,0.8780461468585826,0.7901647366142448,0.8645996794422343,0.7756647924286004,0.8404629537074113,combined_data.csv
117,133,5,medium,medium,0.1138377148432285,-0.0359664811715657,0.0999444846101609,0.1322754684627269,-0.1947716299615032,0.8785743029341475,0.7865505897133571,0.8905561751539566,0.7638966752999184,0.839932920284084,combined_data.csv
117,135,5,medium,medium,0.107280661305618,-0.0931843196053895,0.0996527253505851,0.1592985570211762,-0.1881237017944136,0.8820122714949571,0.7997499385199812,0.8842993608522824,0.7747572456291943,0.8359774378834438,combined_data.csv
117,142,5,medium,medium,0.1198017810128548,-0.0419599302390861,0.1176034944998113,0.1640508715023418,-0.1884833097993788,0.8733156800286944,0.7977003236203264,0.8736181967178677,0.7738722667824296,0.8446409452673591,combined_data.csv
117,143,5,medium,medium,0.1198806280203441,-0.0217802809194106,0.1646060489443119,0.1838389598801501,-0.2267935253481158,0.8699345521658846,0.7077555668332086,0.8218127680383012,0.7407311696136332,0.8446797042099045,combined_data.csv
117,145,5,medium,medium,0.1122989308159859,-0.0928338609311474,0.1087427288615192,0.117381832649602,-0.1675908182982539,0.8797430433430986,0.8158800968071119,0.8813417794164922,0.7858171207225447,0.8396338290509422,combined_data.csv
117,147,5,medium,medium,0.1187078626689593,-0.075109816401959,0.110501137621532,0.1646792351093818,-0.1965249289885516,0.871306635967989,0.7754445001816385,0.8757395447834374,0.7551120734318996,0.8365249289885516,combined_data.csv
117,151,5,medium,medium,0.1194248540435183,-0.0703193212236721,0.1262112233686585,0.1496084677668826,-0.1982044571297104,0.8745349806769054,0.7415276225148064,0.8662851857677385,0.7624548016800936,0.842648901574155,combined_data.csv
117,155,5,medium,medium,0.1146122598907436,-0.0379209621779896,0.1186340622150592,0.178464671931137,-0.1838229480395312,0.8756361928255343,0.7591399981957445,0.8681835760889305,0.7700927561382391,0.8201865844031677,combined_data.csv
117,158,5,medium,medium,0.1082954262280687,-0.0627014398274368,0.1087612010345908,0.1517043318489916,-0.1497987310247215,0.8838305924722722,0.8122807437279074,0.8808071535062418,0.772106985530969,0.8164653976913882,combined_data.csv
117,166,5,medium,medium,0.1065657874969842,-0.0998322434157631,0.0954797198783634,0.1130776856326432,-0.1766576336915174,0.8830111353859038,0.8145951884834955,0.8902955280480257,0.7744493327124108,0.8270689145375809,combined_data.csv
117,168,5,medium,medium,0.1086392003398084,-0.092847972325566,0.0859486066718672,0.1271832925429211,-0.1854869111805733,0.8822303813152453,0.8070488171936776,0.9020349331879424,0.7813317255557558,0.8238968728663971,combined_data.csv
117,169,5,medium,medium,0.109262546707926,-0.0900254373785636,0.1020348981436337,0.130938655190627,-0.1401295118369439,0.8804313224316419,0.7900277414973347,0.8836420409232393,0.7758814073900737,0.8145481164881068,combined_data.csv
117,171,5,medium,medium,0.107386873785546,-0.0497327864228804,0.1145615494736781,0.1604567587245389,-0.2053276783298284,0.8838911204609213,0.7754355342068666,0.8727760028109802,0.7622367224941602,0.8386610116631618,combined_data.csv
117,192,5,medium,medium,0.114567691515003,-0.0908779013731347,0.1056074392829116,0.1657145066509757,-0.2281249118512507,0.8759444854814908,0.7887279617396866,0.8822774686750667,0.7474447596152911,0.8143318084029749,combined_data.csv
117,202,5,medium,medium,0.1097141462716475,-0.0863703397953967,0.0971169304205081,0.1350758245647172,-0.16824255105806,0.8811698985382328,0.78899141569381,0.8911794064563232,0.7753765464149565,0.8349092177247268,combined_data.csv
117,203,5,medium,medium,0.1306794201232036,0.0272305507355126,0.1892592436516779,0.150458749730747,-0.1615636378808465,0.8598452450746525,0.6313328324363426,0.7958395401643075,0.7010019236783451,0.8160729217004752,combined_data.csv
117,206,5,medium,medium,0.1078852320327471,-0.0746073774433865,0.1103662672923067,0.1413100498762175,-0.1841821514793866,0.8845880772351522,0.7900197581042933,0.8797196312089101,0.774193099074632,0.8441821514793866,combined_data.csv
117,207,5,medium,medium,0.1051672230939089,-0.1231063166427962,0.1072855693779668,0.1490580799799699,-0.213625020583135,0.8861701106298122,0.8101768893921606,0.8817908595603563,0.7785031603402117,0.8207678777259922,combined_data.csv
117,210,5,medium,medium,0.1193030372464872,-0.093432962253253,0.1359927481178124,0.1761862810357203,-0.1814901171564162,0.8724151958255082,0.7392212218092971,0.852990064016693,0.744805582790196,0.8400267025222699,combined_data.csv
117,214,5,medium,medium,0.1059904372050238,-0.0988944464494131,0.1109796306234236,0.1577461182564067,-0.1999855316133698,0.8858234004391523,0.7846181446182833,0.8801421723264959,0.7662111075987385,0.8428426744705126,combined_data.csv
117,215,5,medium,medium,0.1228286821808392,-0.0180042390480997,0.1143302812329419,0.1582219952144813,-0.1543930727980941,0.8685932616528687,0.7684011016266523,0.8747301482877805,0.7670624152232826,0.8300687484737699,combined_data.csv
121,133,5,medium,medium,0.1164375974173456,-0.1312779248075777,0.1247161816266948,0.1311063498078587,-0.150493918634714,0.8771039230075763,0.8100636082956858,0.867175132516246,0.7694654303374071,0.8171605853013808,combined_data.csv
121,135,5,medium,medium,0.1088702708706875,-0.1066971987673252,0.1171179434299261,0.1730183502120982,-0.1544095185769838,0.8812393617429201,0.798545140231526,0.8694619147617292,0.760309202172069,0.832404910282053,combined_data.csv
121,142,5,medium,medium,0.123266617666139,-0.0735966563515154,0.126383395772668,0.1718281990332691,-0.1807797603418103,0.8694618770676446,0.7320089319677329,0.8650368134928941,0.7477681754942826,0.835289044161439,combined_data.csv
121,143,5,medium,medium,0.1035025816617875,-0.1460498353812247,0.1021220281364319,0.1631458605318694,-0.2554694976130864,0.8881186584067317,0.7716067648643676,0.886293634169617,0.766026994788364,0.8512141784641503,combined_data.csv
121,145,5,medium,medium,0.1180638658292525,-0.0813316181322794,0.1182742697666707,0.1503032020745736,-0.1888025975339783,0.8757237918988506,0.7837148632870287,0.8745734681239399,0.7616360224124616,0.8221359308673116,combined_data.csv
121,147,5,medium,medium,0.1142319424118893,-0.1008363219252461,0.1149451266933976,0.1686010814040636,-0.1902515304634857,0.8782087887339336,0.8120760830268321,0.8759176394925852,0.7595211317542034,0.8531303183422736,combined_data.csv
121,151,5,medium,medium,0.1271484599382664,-0.0197247660442091,0.1532571957707785,0.1653835354833401,-0.1814311804015239,0.8674452107004959,0.6635273234523399,0.8405317323236419,0.7360115697980949,0.8480978470681906,combined_data.csv
121,155,5,medium,medium,0.1187163881127101,-0.114775763600417,0.112443525891168,0.1773338027237473,-0.1439862662555575,0.8739869211286975,0.772888933200477,0.8790023306024312,0.7582187412483881,0.8239862662555575,combined_data.csv
121,158,5,medium,medium,0.1205106045419818,-0.1112469202869056,0.1107653093871727,0.1662286473363735,-0.1995977958253108,0.8720671471902035,0.7712282848306522,0.8788085330806245,0.7573918148003659,0.8359614321889473,combined_data.csv
121,166,5,medium,medium,0.1169065754921167,-0.0560785860719922,0.1223644716475057,0.1122841231759099,-0.1802401302600917,0.8728434962407112,0.7516930613179346,0.8627777771136436,0.7476528561284317,0.8332501637049079,combined_data.csv
121,168,5,medium,medium,0.1036639114644629,-0.0978865298257739,0.1141390294888295,0.1508332416046324,-0.2180800522844185,0.8896631085129506,0.8083408443889432,0.8767473402534901,0.7668599771119428,0.8580800522844184,combined_data.csv
121,169,5,medium,medium,0.1165244108260966,-0.058941629647621,0.107456949557142,0.1496186320110425,-0.166003088538292,0.8734047466136883,0.7857736617776898,0.8790725294896249,0.7704560793125002,0.8261937043740692,combined_data.csv
121,171,5,medium,medium,0.1168494003849772,-0.1035373994172353,0.1104026987480951,0.1723538279903981,-0.1934772627331181,0.87690384351142,0.7878740014292351,0.882278762284912,0.7545913441022494,0.8409079864350283,combined_data.csv
121,192,5,medium,medium,0.1189811417970621,-0.1469487170773704,0.1062319470641651,0.1497719579145274,-0.2255334705921848,0.8722929701021308,0.8036490667475766,0.8831952647741794,0.7721826417045119,0.8381004747613332,combined_data.csv
121,202,5,medium,medium,0.1131915125898843,-0.0777535139699877,0.1093674562953503,0.1353086022855233,-0.1933484433571514,0.8785916076183615,0.7736991002624289,0.8798144859361952,0.7796324360995119,0.8183484433571514,combined_data.csv
121,203,5,medium,medium,0.1310702893154429,0.0021197594444004,0.1816226632144644,0.1316901361986687,-0.1897103946342454,0.8620780537013979,0.6295919690550527,0.8115258144908277,0.7583680541366046,0.8459603946342454,combined_data.csv
121,206,5,medium,medium,0.1117771468264958,-0.0448727295330919,0.1217726535518227,0.1572814947535756,-0.1489428505699808,0.8825149211875687,0.7445403047523793,0.8716841690291218,0.753596388875671,0.8378317394588697,combined_data.csv
121,207,5,medium,medium,0.1187229870984643,-0.0935226255483259,0.120092966743768,0.1687609131425969,-0.2268999895641082,0.8738097836507267,0.8002264167818885,0.8690776485240341,0.7546783040509193,0.8355956417380214,combined_data.csv
121,210,5,medium,medium,0.1233503461580792,-0.0738693662905624,0.1177108024626187,0.1751989888397636,-0.1220679717739765,0.8710198171080262,0.7763030795413092,0.8759983447563493,0.7507457413817695,0.8020679717739765,combined_data.csv
121,214,5,medium,medium,0.1267780451183532,-0.0032679019354886,0.1305961297440037,0.1627817464668753,-0.2017652939389488,0.8664424188748109,0.7087339653060374,0.8606746464598807,0.7546739798256065,0.8454160875897424,combined_data.csv
121,215,5,medium,medium,0.1157548581164666,-0.1169587419806412,0.1066226455137477,0.1322324190461968,-0.1615283452466727,0.8758945930264104,0.765164082437008,0.8844775517391308,0.7729975988772417,0.8281950119133394,combined_data.csv
133,135,5,medium,medium,0.108461310339636,-0.1475747986599339,0.1112937665166148,0.1376265012491493,-0.0390459477374586,0.8823786038123729,0.8117687536056395,0.8758819867286961,0.7968761367259884,0.8296161231760552,combined_data.csv
133,142,5,medium,medium,0.1112267033623483,-0.0860574704327863,0.1081267653806474,0.1283572527801124,-0.159907100604144,0.8817523822191207,0.8046593750774222,0.8824788333662822,0.7860252353545932,0.8355827762798198,combined_data.csv
133,143,5,medium,medium,0.1201819097398347,-0.0443884133706478,0.1171488537230426,0.1482276324498529,-0.4343822400745935,0.8720749303274624,0.698979498114356,0.8723451199720438,0.7412904440741441,0.8397876454799988,combined_data.csv
133,145,5,medium,medium,0.1150764430998307,-0.0936436670560187,0.0985361829906189,0.1704320339379464,-0.0624269784608824,0.8778173956903178,0.8021063029558047,0.8917166126613896,0.7612086069561147,0.8519006626714087,combined_data.csv
133,147,5,medium,medium,0.1147896586573005,-0.1263110610139624,0.1199065099822248,0.1973532661368132,-0.0041214028313441,0.8774313494949157,0.812645952190076,0.8706862693190559,0.760952887489252,0.8276508145960499,combined_data.csv
133,151,5,medium,medium,0.1222726666631335,-0.042032623155792,0.1381996055072671,0.1483403796597943,-0.1301974152296731,0.8721395876312963,0.7331658604337029,0.8548176456868744,0.7580231188178754,0.830197415229673,combined_data.csv
133,155,5,medium,medium,0.1131198680550715,-0.0270344017172513,0.1123670942710403,0.1271446253140813,-0.1299780473791878,0.8779260554172053,0.7804762497550056,0.8750634091677016,0.7610328759897369,0.8299780473791879,combined_data.csv
133,158,5,medium,medium,0.1221935762219,-0.0919339005459096,0.1157784992211157,0.1894646109539888,-0.2684415633440701,0.870739828020566,0.7936221491917529,0.8737384200184992,0.7625945215183625,0.8341558490583558,combined_data.csv
133,166,5,medium,medium,0.1164056780435436,-0.0593650510321311,0.1258049586569145,0.1494020888318944,-0.064260769022959,0.8741681866641062,0.8038571639429033,0.8623815550039069,0.7544557796467775,0.842038546800737,combined_data.csv
133,168,5,medium,medium,0.1062195366343217,-0.0875991039095258,0.1041544249610709,0.1123923679561973,-0.0745874945616201,0.8856354590937039,0.8185199747825047,0.884772042604137,0.7906077187897484,0.8345874945616201,combined_data.csv
133,169,5,medium,medium,0.1084433895432354,-0.1487228823313372,0.1054858072200236,0.1274000932893555,-0.2373794885623552,0.8819506831554336,0.8111570229568013,0.8822959088961881,0.789519938590197,0.8373794885623552,combined_data.csv
133,171,5,medium,medium,0.1152682246735748,-0.1124624307783488,0.1212814677861838,0.1913197415681288,-0.2856151663425329,0.8781185676166142,0.7923455804822381,0.869695778045702,0.7418356581502153,0.8240767048040715,combined_data.csv
133,192,5,medium,medium,0.1225401455670788,-0.0974441152378727,0.1025598289407982,0.1186473838335039,-0.3358957785940373,0.8691896284787443,0.7613080284288997,0.8856650847125312,0.7711730623990873,0.8358957785940373,combined_data.csv
133,202,5,medium,medium,0.1179400998668742,-0.1031259691732751,0.1200769702386763,0.1485038142877353,-0.2048668452825488,0.8731393275267137,0.8048412004340948,0.8680131481949043,0.766247043225718,0.8519256688119605,combined_data.csv
133,203,5,medium,medium,0.1407880202806587,-0.0659334620230805,0.1687361583963004,0.1459376229665875,-0.0946302187838525,0.8513377838114713,0.6398666419085377,0.8203204624434832,0.7519380585511515,0.8314723240470105,combined_data.csv
133,206,5,medium,medium,0.1127390084660245,-0.0994694744316471,0.1076854854727171,0.1371821396197216,-0.1099640145228083,0.8805383048907145,0.8042219300219231,0.8844830337710571,0.7768929472188355,0.8460321259779168,combined_data.csv
133,207,5,medium,medium,0.1063572259639785,-0.0854692440330858,0.1082236620128864,0.1094730560156372,-0.2915224305327917,0.8860292186158024,0.8033434116192585,0.8814806309045258,0.7892372474218197,0.8248557638661251,combined_data.csv
133,210,5,medium,medium,0.115057784299298,-0.0473244403263031,0.1302880079476301,0.1487164570763817,-0.0643182117698606,0.87823135204272,0.7277844014372523,0.8607374012389684,0.7835872618221987,0.8143182117698606,combined_data.csv
133,214,5,medium,medium,0.1215587405470034,-0.008483635983678,0.1189539587517229,0.1345189733736584,-0.1256934245769889,0.8714045607180516,0.7666974497877571,0.8719101884717692,0.7684809008408273,0.8340267579103223,combined_data.csv
133,215,5,medium,medium,0.1208091511093728,-0.0973887191895531,0.1256810238100485,0.1422710973880728,-0.071752789187512,0.8710614104713723,0.7967446393161589,0.86380959824363,0.7681336227921668,0.8303734788426844,combined_data.csv
135,142,5,medium,medium,0.1091074558727345,-0.1202318366447737,0.0873129104219206,0.1278342727401379,-0.1612259300164245,0.8818679836284745,0.7913882978183957,0.9005929259594523,0.7997231885264011,0.8482888670793616,combined_data.csv
135,143,5,medium,medium,0.1240603523312424,-0.1437595853426322,0.1434941270060411,0.1633610122125768,-0.2884251347374875,0.863407174475554,0.7065321693016184,0.8384718260257906,0.7460825613779289,0.8303831766955295,combined_data.csv
135,145,5,medium,medium,0.104337328183577,-0.0757827508036774,0.0913437602691679,0.154611529331525,-0.0857546397154099,0.8865256935162903,0.7986911111344279,0.8973238409778957,0.7645078374376522,0.8400649845429962,combined_data.csv
135,147,5,medium,medium,0.1131129489115484,-0.0916001005879156,0.1206052304743734,0.1495813576340254,-0.028716684532683,0.8759612971211557,0.7996917410859081,0.8647495175799778,0.7669799129721406,0.8435314993474978,combined_data.csv
135,151,5,medium,medium,0.1169785901511464,-0.0810019863146676,0.1273705711591793,0.1788821808740608,-0.1263162348917234,0.8761229547301017,0.7446514202421539,0.8630595728948283,0.7557513460618631,0.8424334510089395,combined_data.csv
135,155,5,medium,medium,0.1073216888840685,-0.0792724968267719,0.1068737552354448,0.147067962242575,-0.0749661196443444,0.8815825236908799,0.7646530354425585,0.8789591804551965,0.7703537939787598,0.8452957899740147,combined_data.csv
135,158,5,medium,medium,0.1173467173911058,-0.0883047216587209,0.1029719313358992,0.1214176360026656,-0.2531029711849856,0.8726871383615733,0.7822433454358304,0.8839270584057791,0.7878406525490216,0.8364363045183191,combined_data.csv
135,166,5,medium,medium,0.1189289698461953,-0.105315326407939,0.112664139979127,0.0929157879804105,-0.0767201257631406,0.8694620797385337,0.8121953482325864,0.8713908756177154,0.7870658558580227,0.8267201257631407,combined_data.csv
135,168,5,medium,medium,0.1215770306038872,-0.0807218059713726,0.116068217847405,0.1479617155821605,-0.0969811969617225,0.8672636120632187,0.7854178362540943,0.8717558782076761,0.7612056336948763,0.8369167847233974,combined_data.csv
135,169,5,medium,medium,0.1103892198124496,-0.1409547962994153,0.1061426240649453,0.1110134938437459,-0.2313227825064139,0.8777917906147847,0.8205547029230602,0.8776915926493759,0.7755681270675063,0.8539642919403763,combined_data.csv
135,171,5,medium,medium,0.1060739154250007,-0.0777518475884162,0.0942189488460109,0.166906872011969,-0.2810598869517399,0.8833230632952138,0.7687989807871511,0.8908165781042352,0.7616064272639534,0.8435598869517399,combined_data.csv
135,192,5,medium,medium,0.113297889075976,-0.0163232255901568,0.1182073148698644,0.1528717782194564,-0.2861826343820673,0.8758980262671893,0.7369881619320593,0.8683388145512368,0.7608107188569739,0.8155943990879497,combined_data.csv
135,202,5,medium,medium,0.1100787181722705,-0.1396896696617975,0.1036547395495222,0.1425055025326809,-0.1959314611238611,0.8785341765563337,0.7997744979444183,0.8809416598942661,0.7587010724718346,0.8359314611238611,combined_data.csv
135,203,5,medium,medium,0.1215307529621454,0.0303746813354834,0.1549772445528652,0.1679303560604851,-0.0727691988194719,0.866897925237498,0.5864306823845576,0.8276247418418011,0.7288205956143081,0.8419999680502411,combined_data.csv
135,206,5,medium,medium,0.1178798154889737,-0.0755416329469796,0.1017800115082615,0.1380341201709584,-0.1273719248318652,0.87364091574302,0.7904284035849563,0.8877551678604791,0.7717746163466536,0.8461219248318652,combined_data.csv
135,207,5,medium,medium,0.1114952938388031,-0.0932318525000468,0.110218710535248,0.1430117833518908,-0.2261504247023983,0.8789291037625713,0.8004783526519494,0.8770665235896591,0.7823635678032985,0.8126888862408599,combined_data.csv
135,210,5,medium,medium,0.1205551595054921,-0.1298612102340689,0.139418789942356,0.133715740058453,-0.0894129350853076,0.8695792017575189,0.7676918681159969,0.8444879823320505,0.777381687546808,0.8482008138731865,combined_data.csv
135,214,5,medium,medium,0.1105430767291861,-0.1343548714272536,0.1190780287873135,0.1226607595618991,-0.1210404621329818,0.8808000126227091,0.7918874665940193,0.8709582496442045,0.7615524086327654,0.8210404621329818,combined_data.csv
135,215,5,medium,medium,0.1110168507947798,-0.0885977647937594,0.1199956720600219,0.1461971717032142,-0.1297725325298053,0.8796354582387966,0.7916636288835059,0.8688037537180258,0.7599615567101328,0.8440582468155196,combined_data.csv
142,143,5,medium,medium,0.1324183607020578,0.0441876298372941,0.1564260349163563,0.2473382927856102,-0.2654164150667346,0.8591025551348397,0.6608473143415067,0.8312530469875181,0.6761694601314241,0.8472345968849164,combined_data.csv
142,145,5,medium,medium,0.1095120200521282,-0.0765580886959488,0.1046463161817439,0.1275688529301204,-0.1627063747999415,0.8834955694276151,0.7992440620181167,0.8862969423242719,0.7520768986775701,0.8293730414666083,combined_data.csv
142,147,5,medium,medium,0.1090947369202685,-0.03891537807785,0.1202931740107119,0.1436378294090368,-0.1683509864863417,0.882644741606359,0.7498884776420996,0.868253358824955,0.757555034084614,0.8350176531530084,combined_data.csv
142,151,5,medium,medium,0.1179775147237928,-0.0812306445492543,0.1196200933811263,0.1533890192331092,-0.2263363900122297,0.8762911873939615,0.7726027715015653,0.87306459944487,0.7612212662516393,0.8417210053968451,combined_data.csv
142,155,5,medium,medium,0.1286506000174605,-0.0413726857991786,0.1397550645167684,0.159040672579021,-0.1445087817324958,0.8644714403233942,0.7518954769850236,0.8513019500137461,0.7581801849443606,0.8445087817324958,combined_data.csv
142,158,5,medium,medium,0.1156925834578366,-0.0378677892213535,0.117018888590907,0.1542165315270489,-0.1963516260458063,0.877799787565114,0.8074464293597962,0.8751703477280223,0.7590399066802966,0.826383832164969,combined_data.csv
142,166,5,medium,medium,0.1034868486752091,-0.0522625880252395,0.1054092510369107,0.0982615444503851,-0.1562578851283601,0.8876112170358363,0.8041180381554542,0.8829894712756174,0.7777137351720178,0.838076066946542,combined_data.csv
142,168,5,medium,medium,0.1113065033397197,-0.103111142722748,0.1095301599854892,0.1271618795381258,-0.2012997979044313,0.881145066540129,0.7752609613055481,0.8808867122926395,0.7850191545481628,0.8441569407615741,combined_data.csv
142,169,5,medium,medium,0.1134882350493499,-0.0403840854693388,0.1099176614665438,0.1655073607689168,-0.211125147476994,0.877880827379367,0.7999930903741584,0.8786428488292647,0.7596469513289045,0.8361251474769941,combined_data.csv
142,171,5,medium,medium,0.116300791752229,-0.0638583616719649,0.1254541140089959,0.160088012957706,-0.226954074287707,0.8773914478256524,0.7359187767562034,0.8663230709557095,0.7645462860897967,0.8269540742877071,combined_data.csv
142,192,5,medium,medium,0.1122439087209159,-0.0837829931665821,0.1214028471464825,0.169201480171989,-0.2206391028461182,0.8782536563478918,0.7353695215386922,0.8658719712948482,0.7448991167593053,0.7995864712671709,combined_data.csv
142,202,5,medium,medium,0.1234668697539004,-0.046339021599144,0.1167570305822797,0.1392389003652899,-0.1708546244660989,0.8689507320324912,0.7770380178485639,0.8738563005244198,0.7711321320671318,0.8375212911327656,combined_data.csv
142,203,5,medium,medium,0.132107971952084,-0.0096160803772269,0.2046526910888113,0.138010507712431,-0.1354130716857546,0.8601842688988685,0.5989512329320466,0.7861988655396825,0.7370444519639716,0.8075442192267384,combined_data.csv
142,206,5,medium,medium,0.1087821383843506,-0.112234487443783,0.1186164406879891,0.122255891183779,-0.2116789832508598,0.8848786115667963,0.8222747827537358,0.8738189089171484,0.7832566102068644,0.8568402735734406,combined_data.csv
142,207,5,medium,medium,0.1097252480952829,-0.0911763178894351,0.1083173198579168,0.169866591182741,-0.219063010421731,0.883126015195246,0.7979392963689171,0.8821498424213462,0.7718382979520303,0.8515191507726083,combined_data.csv
142,210,5,medium,medium,0.1218414130056814,-0.0635458926548424,0.143614556093827,0.1865765521392718,-0.1609064371130022,0.8720769625020091,0.7071018344948874,0.8482564481528012,0.7352251804060865,0.8418155280220931,combined_data.csv
142,214,5,medium,medium,0.1159357313060606,-0.0705599193373232,0.1149456062892192,0.129786260252143,-0.1565944272674456,0.8775846161530231,0.7851235664263327,0.8765351739677005,0.7782236985076838,0.8232610939341123,combined_data.csv
142,215,5,medium,medium,0.1092999217474025,-0.0612416666222572,0.1193653491287199,0.1705165603446071,-0.2051065276686665,0.8834370814679833,0.7786059108045063,0.87189495580284,0.7731637292522565,0.841470164032303,combined_data.csv
143,145,5,medium,medium,0.1176601000095474,-0.0507960469420966,0.1292256264310041,0.161218611714452,-0.3063195245122433,0.8741357387041354,0.6925281729145272,0.8610440364895401,0.7469034917578772,0.8276831608758797,combined_data.csv
143,147,5,medium,medium,0.1057365454713714,0.0296742836536174,0.09683203589245,0.1457707852300754,-0.3276898976323557,0.8836903539005885,0.750322531333192,0.8871203806052046,0.7631905187154621,0.8504171703596284,combined_data.csv
143,151,5,medium,medium,0.1423842280649652,0.029466336873789,0.1839858679305502,0.1662931415082774,-0.2459869628434697,0.8519835051099852,0.5937908820226234,0.8076498393967884,0.7226001169933949,0.8459869628434697,combined_data.csv
143,155,5,medium,medium,0.1087490866111942,-0.1058554813648001,0.105430401549517,0.1660541869348997,-0.2739357358004493,0.881030694030708,0.7658857705315499,0.8804541022328202,0.7803597065730078,0.8256598737314838,combined_data.csv
143,158,5,medium,medium,0.125667620815537,-0.0410713489474864,0.1288469382083441,0.1497051464600025,-0.2049762910508886,0.8654812646598924,0.7117287735970091,0.8581503252787075,0.7395427797147309,0.8351132773522586,combined_data.csv
143,166,5,medium,medium,0.1127744855019282,-0.0327907735227462,0.1220323540669549,0.1160299118850121,-0.2032296339279848,0.8746319463407178,0.7013935598023928,0.8594429558051073,0.7282306886241683,0.8282296339279849,combined_data.csv
143,168,5,medium,medium,0.118482200109841,-0.0905235382131289,0.1457601848073666,0.1347050501876117,-0.2727872047983509,0.8708217146936699,0.7041286342111142,0.839865245830879,0.7543785775078907,0.8442157762269223,combined_data.csv
143,169,5,medium,medium,0.1142438343603134,-0.0332699536554234,0.1572276144647124,0.1603007275460581,-0.2794385887501491,0.8735378750896924,0.6848752154056645,0.8253708386705405,0.7555098542111598,0.8446559800544969,combined_data.csv
143,171,5,medium,medium,0.1059643386658562,0.0027733257370156,0.0850552414214225,0.1331631701649559,-0.1753566821605626,0.8839347645615132,0.7306693327673137,0.8987510090118606,0.7856341544130081,0.7973804916843722,combined_data.csv
143,192,5,medium,medium,0.11174491210734,-0.0331697854391586,0.0996859887536062,0.1616100957217179,-0.1930627753796899,0.8756570299073899,0.7949169027725884,0.8847867035984245,0.7558961980333284,0.8205755857856813,combined_data.csv
143,202,5,medium,medium,0.1156907488613721,-0.0660090313866782,0.1196908518857258,0.140105828911204,-0.252447534121065,0.8736667890861187,0.7231085579237144,0.8654990547507928,0.7727606438790156,0.8505244571979881,combined_data.csv
143,203,5,medium,medium,0.1219580387302435,-0.1621368204826393,0.0937516467152858,0.1469334980042079,-0.3566990668628692,0.8658023350125675,0.7808870431409842,0.8929873380833769,0.7670593111954515,0.8377888104526128,combined_data.csv
143,206,5,medium,medium,0.120905084668795,-0.0700131294770809,0.1670544061742641,0.2210753865560253,-0.1858773748090814,0.8719782081908145,0.6858258310943208,0.82285363060241,0.7196926748338819,0.8258773748090813,combined_data.csv
143,207,5,medium,medium,0.1225228001167489,0.0302036309511626,0.1113451815166061,0.1747445300912599,-0.2011075290095401,0.8686513624098045,0.6808696496974653,0.8762156534946809,0.7596596872800109,0.8261075290095401,combined_data.csv
143,210,5,medium,medium,0.1157546548825462,-0.0856153856424399,0.1250447880442344,0.1864222135549323,-0.2677036061634891,0.8745720516288724,0.8071590252220082,0.8621671767708464,0.7574624722568521,0.8421716912698721,combined_data.csv
143,214,5,medium,medium,0.133238612508077,0.0101729478879526,0.179692194546108,0.2015771129407576,-0.3355381705193707,0.8582917921305018,0.6045465329313142,0.8080167288478245,0.7123293503070418,0.812810897792098,combined_data.csv
143,215,5,medium,medium,0.1108824161496341,-0.0167571081566978,0.1158455371953265,0.1792022264387031,-0.3035445367977704,0.8782340762215428,0.716571152692353,0.8688432071103276,0.7512718390416443,0.8491666566134386,combined_data.csv
145,147,5,medium,medium,0.1149704878137459,-0.0604547058481509,0.1145960880344751,0.1529596511129595,-0.0497304590161145,0.8770298650934691,0.7951619061474817,0.8770714041966642,0.7728611622802815,0.8392041432266408,combined_data.csv
145,151,5,medium,medium,0.1240394796753785,-0.0807771561180956,0.1385613215276894,0.1271847962712639,-0.1522258785534971,0.8701564293437118,0.7331892324861111,0.8541759687862105,0.7670803697809331,0.8418810509672903,combined_data.csv
145,155,5,medium,medium,0.1143864876370622,-0.0980122576533282,0.1159232277613122,0.136016753586035,-0.1095407814672381,0.8782804955920818,0.7913682289680927,0.8751032925557162,0.7636728409711259,0.855508523402722,combined_data.csv
145,158,5,medium,medium,0.1092791465143288,-0.0792568947445448,0.1067732049116255,0.1474201738652557,-0.2287578219304052,0.8837525726224218,0.8013735629333063,0.8835652372890457,0.7890374576954211,0.8287578219304053,combined_data.csv
145,166,5,medium,medium,0.1185036524728886,-0.0612800606356698,0.107196218035694,0.0878877037109833,-0.0982292761027525,0.8722565755930464,0.8010558861386314,0.8805537398747868,0.7830696335900007,0.8482292761027526,combined_data.csv
145,168,5,medium,medium,0.1069755629468725,-0.0773323483264422,0.1004725319437683,0.1275498320781428,-0.1140654870379216,0.8855610696733411,0.8048063792494949,0.8898899314237814,0.7796383997268082,0.8509075923010796,combined_data.csv
145,169,5,medium,medium,0.1043655879321222,-0.0717253898387059,0.1001877189916355,0.1545709004210923,-0.2181737101728385,0.8859158762692014,0.7970045868447142,0.8870028553349983,0.762342051763151,0.8381737101728384,combined_data.csv
145,171,5,medium,medium,0.1212802746604619,-0.0978690764774904,0.1165322389622752,0.1542107103853268,-0.2255241131692871,0.8716782850949731,0.7829796190728048,0.8731587702646142,0.7661170301985318,0.8218204094655834,combined_data.csv
145,192,5,medium,medium,0.1111802466836868,-0.0744632740108881,0.1130477450509681,0.1536586965009687,-0.2378558740754078,0.8799262384340587,0.7797560687872942,0.8751438870776717,0.7870551597899085,0.8232217277339444,combined_data.csv
145,202,5,medium,medium,0.1066337881762089,-0.0597056644837545,0.1106802680891794,0.1485842194430621,-0.1837231954031173,0.8850457754338146,0.7743696646826914,0.8799873547735648,0.779574866661105,0.8265803382602601,combined_data.csv
145,203,5,medium,medium,0.1338556119342997,-0.031862031188893,0.2021350261644903,0.247746203224383,-0.1690805511335775,0.8581992984930891,0.6228975424176846,0.7878587937354549,0.6829368327592452,0.8212544641770558,combined_data.csv
145,206,5,medium,medium,0.1162808768290155,-0.0758487747181362,0.1227776688132615,0.1624844150770396,-0.0953176084846827,0.8767028004481761,0.7949912818369496,0.8682433263923043,0.7655454467651843,0.8250473382144126,combined_data.csv
145,207,5,medium,medium,0.1139541747583144,-0.0846903692954526,0.097609404881598,0.1360136605754195,-0.2286808579786433,0.8785777905169729,0.8092820654322908,0.8932439540446354,0.7760114392726492,0.8358237151215006,combined_data.csv
145,210,5,medium,medium,0.1358668377172005,-0.079922760231868,0.1317811724101395,0.1660006303851533,-0.1198716997716058,0.8577810440287538,0.7532294456332709,0.8613446991925503,0.7521629337105946,0.8471444270443331,combined_data.csv
145,214,5,medium,medium,0.1100492062285903,-0.027084893866855,0.1122108434283507,0.1351387129999903,-0.079270249780631,0.8828640495283151,0.7525506757612579,0.8784381085884705,0.7732919767596746,0.829270249780631,combined_data.csv
145,215,5,medium,medium,0.1217144750942146,-0.0518739946955849,0.1172454018734411,0.0877984692516065,-0.0887685157044899,0.870617274221973,0.7923276981762776,0.8739056942404738,0.7843502846771864,0.8256106209676479,combined_data.csv
147,151,5,medium,medium,0.125724047884176,-0.0412374507351513,0.1683619894002613,0.1643413923179998,-0.0982269673263541,0.8683355066286258,0.6883894782601107,0.8243930101833132,0.7476228446347664,0.8272479463473332,combined_data.csv
147,155,5,medium,medium,0.1062911349399532,-0.0149928027288914,0.0879553482337207,0.1274607882847028,-0.0757884423530174,0.8833152864271343,0.7875745920526163,0.8969823588863444,0.7930426066160938,0.8376932042577793,combined_data.csv
147,158,5,medium,medium,0.120471285065796,-0.0660718238324491,0.1285757448119259,0.1879790389989747,-0.2776184078617751,0.8714138730227101,0.8066592823505974,0.8608749227208382,0.7601474751520709,0.8490469792903466,combined_data.csv
147,166,5,medium,medium,0.1099763493967604,-0.0223184458836213,0.1173331664665042,0.1459043276674178,-0.0546920693104504,0.8790263312855631,0.7637327045722581,0.8688636960230098,0.751458896586698,0.8324698470882284,combined_data.csv
147,168,5,medium,medium,0.1057799381314208,-0.0556588378449507,0.1050396130890272,0.1291372024775799,-0.1131931129854221,0.8854961110480788,0.7999037487243601,0.8816216282556165,0.7858928357656166,0.8422140920064012,combined_data.csv
147,169,5,medium,medium,0.1028620551846963,-0.0816697759906681,0.1097376482166596,0.1392103994663847,-0.2376573314586096,0.885227597640654,0.8037455130326354,0.8737489726052765,0.7666565451732674,0.8376573314586095,combined_data.csv
147,171,5,medium,medium,0.1117144771742606,-0.0342479998876718,0.105479952530756,0.1612497555310429,-0.3051495390870349,0.8796930747613505,0.7701231233234942,0.8821832989026034,0.778052952329451,0.8384828724203683,combined_data.csv
147,192,5,medium,medium,0.1222523322763468,-0.0222129747198108,0.1126444454793476,0.1698722572621201,-0.3123410394556916,0.8675085723241343,0.7893806905291849,0.873169213258419,0.7689869195928013,0.8409358106975215,combined_data.csv
147,202,5,medium,medium,0.1190358123876903,-0.0493160086355861,0.116435624998792,0.1587758014839463,-0.1379243543682617,0.8718622396988757,0.8029461275248,0.8700139301163037,0.7712516280620716,0.8295004413247835,combined_data.csv
147,203,5,medium,medium,0.1206995322410307,-0.0070598799461926,0.1223762414660973,0.1209108482479836,-0.0444603564674283,0.8696670230255111,0.6664369702585606,0.8646522723689224,0.7587309347375757,0.8521526641597361,combined_data.csv
147,206,5,medium,medium,0.114573208324194,-0.0571683362079105,0.1387448089237272,0.1666224164167411,-0.1150444213346323,0.8783223587844061,0.7382889983888855,0.8520107262661472,0.7285874739600966,0.8518865265977903,combined_data.csv
147,207,5,medium,medium,0.1065479715983211,-0.0234828499305095,0.1041671160697493,0.1621431458394593,-0.2567014908500294,0.8845252579891099,0.755021693275703,0.8840163810472352,0.7517556921555136,0.837346652140352,combined_data.csv
147,210,5,medium,medium,0.1120597904035911,-0.1176960031780861,0.1229672719987001,0.1616470820393577,-0.0677581757563453,0.8792642322360081,0.7952946466025806,0.864598937858515,0.7844555580415534,0.8296629376611072,combined_data.csv
147,214,5,medium,medium,0.1237182159704702,-0.0509602777523662,0.1442271228585367,0.1806245699455404,-0.0844517104050533,0.8684618401084179,0.720125012296713,0.8458870822061855,0.7588150260979911,0.8463564723098153,combined_data.csv
147,215,5,medium,medium,0.108777922403747,-0.0426198565813286,0.0970433617567559,0.1718501408815257,-0.0700352778618936,0.8828482685858425,0.7835264136274589,0.8905826081247034,0.749981904997421,0.8357092590531162,combined_data.csv
151,155,5,medium,medium,0.1204140774379742,-0.0401907517110317,0.1496575252678518,0.1865037105197134,-0.1446697328027095,0.8737201904381545,0.6612791664795009,0.8414335135690542,0.7406405538397818,0.8465215846545615,combined_data.csv
151,158,5,medium,medium,0.1156132214387611,-0.0746363836309842,0.1135299854422807,0.1564502272318598,-0.1874154688116182,0.8789810306197879,0.765654423769886,0.8790769415703834,0.7492117625894721,0.8374154688116181,combined_data.csv
151,166,5,medium,medium,0.1146349053829244,-0.0747530178864317,0.1244442643999559,0.1278694083274323,-0.1212948781029518,0.8782683711370675,0.7528266016544367,0.8665163145770266,0.7618596688089652,0.835580592388666,combined_data.csv
151,168,5,medium,medium,0.1166816742755271,-0.0319543256807233,0.1365619787490704,0.1661486939495816,-0.1450592845183509,0.8769312065531811,0.7015933545104336,0.8554772615120381,0.757664760632779,0.8224786393570607,combined_data.csv
151,169,5,medium,medium,0.1145468833044998,-0.1044247535840843,0.1161201139811296,0.1367905860656132,-0.1973091581085957,0.8777058791775796,0.764142519064245,0.874869496436141,0.7485218358408716,0.8336727944722322,combined_data.csv
151,171,5,medium,medium,0.1249660709931006,-0.0569093025528406,0.1575671957727593,0.1554427893883782,-0.2469141791784157,0.8698453027408692,0.6866212160797023,0.834556510355462,0.7333749101156233,0.843068025332262,combined_data.csv
151,192,5,medium,medium,0.1270653481182115,-0.042965101731201,0.1602721326404549,0.1400656050111808,-0.2404834377053222,0.8669109788250775,0.6584162403109006,0.8323758415622959,0.7567961699324823,0.8504462322485219,combined_data.csv
151,202,5,medium,medium,0.1220006804667505,-0.052917169151972,0.1540932431734347,0.1718861731764973,-0.1746361945840374,0.8719681944442582,0.7029405924848313,0.8390012684687165,0.7518859906355756,0.8413028612507041,combined_data.csv
151,203,5,medium,medium,0.141124178142121,-0.1177386784084272,0.2279776010279303,0.1849272971881486,-0.2586937975889211,0.8535479286379395,0.5813991598192474,0.7635814399936236,0.7165622587657694,0.8539318928270163,combined_data.csv
151,206,5,medium,medium,0.1154835344917943,-0.0904160714828317,0.1297100864192411,0.1614917975406422,-0.1731206898273599,0.8790755007732529,0.7919541245260903,0.8641582699509639,0.7576962828858811,0.8397873564940266,combined_data.csv
151,207,5,medium,medium,0.118825780770237,-0.091310154932989,0.1303699648492274,0.1742448676640996,-0.235361373903876,0.8749436958176029,0.7435588407344796,0.861559530457125,0.7406945183787282,0.826270464812967,combined_data.csv
151,210,5,medium,medium,0.1391255580386915,-0.0343008036401654,0.1813769421777369,0.1988180698072262,-0.1730129480813469,0.8556758983050797,0.6349330823021173,0.8120228794468516,0.6986518325092506,0.8548311298995288,combined_data.csv
151,214,5,medium,medium,0.1142686993516309,-0.1070504691399094,0.1100138262648386,0.1266958227369459,-0.165632683814309,0.8793138164228467,0.8107377564056664,0.8822135087215859,0.77071758720843,0.8322993504809757,combined_data.csv
151,215,5,medium,medium,0.1197218014358024,-0.0562139156041912,0.1427585064583278,0.1410451562871402,-0.1305931564504001,0.8741037925803831,0.7170233079540373,0.8500441937675137,0.7550342627285758,0.8448788707361143,combined_data.csv
155,158,5,medium,medium,0.124303098546304,-0.0518820493737943,0.1120282122382189,0.1467970619842596,-0.2315830739949678,0.8679492820701812,0.777247191705353,0.8763334122638347,0.7650354953515728,0.8315830739949678,combined_data.csv
155,166,5,medium,medium,0.1171498952515807,-0.0602024644097939,0.1268830812856511,0.1181961386550545,-0.0884443130350133,0.8723002890496581,0.7517254717324193,0.8590771972173846,0.7658153238464289,0.8252864182981713,combined_data.csv
155,168,5,medium,medium,0.1213932459704816,-0.0436667812069894,0.1082862712324761,0.1247209762999048,-0.1086820976644965,0.868177865722992,0.7804366953567241,0.8760261370810001,0.7776408149302744,0.8229678119502108,combined_data.csv
155,169,5,medium,medium,0.1002140633345637,-0.1290207921169202,0.1016147077008254,0.1406033112307818,-0.206582131463352,0.8882071465895167,0.7992558646718064,0.8841414164258452,0.7740509575089982,0.8362117610929818,combined_data.csv
155,171,5,medium,medium,0.1201943988740015,-0.0830519006065987,0.1161862017908696,0.1707205786421628,-0.1878018512227589,0.8718293772075998,0.7952486375775522,0.8718606032604778,0.7638770934168881,0.81938079859118,combined_data.csv
155,192,5,medium,medium,0.1072582463991184,-0.0337802155875736,0.0900521502154796,0.1763758084640196,-0.2367803534871868,0.8828941652546597,0.8027527919647227,0.8945224871175804,0.7521340874690451,0.8099946392014725,combined_data.csv
155,202,5,medium,medium,0.1054182145818601,-0.109550965748454,0.1024931468438125,0.130132631621113,-0.1281546661358811,0.8838155290109403,0.7923441715626575,0.8833086355715798,0.7795100040784604,0.8364879994692145,combined_data.csv
155,203,5,medium,medium,0.1215018171125091,-0.0169899488251893,0.1710319675499917,0.0992851997825808,-0.1711388920219005,0.8677836557151197,0.7189244337013899,0.8169089594657406,0.7624977104027217,0.8444722253552339,combined_data.csv
155,206,5,medium,medium,0.1226566363705485,-0.0402584290941029,0.1251424511674798,0.1867171348881837,-0.1774410349553208,0.870232964916806,0.7559105330405993,0.865590794923672,0.7384453587589017,0.8524410349553209,combined_data.csv
155,207,5,medium,medium,0.1082050491212346,-0.1171392362130897,0.1170021900342664,0.1566931163359919,-0.2360111088385094,0.8836727581383435,0.7939384088439297,0.8718053357497795,0.777660938154145,0.8360111088385094,combined_data.csv
155,210,5,medium,medium,0.1179758997772866,-0.1013415739524675,0.1059093069702323,0.1633312457269916,-0.0837345430327973,0.873469328406077,0.7648796229458208,0.8819087322961644,0.7609062090757975,0.8337345430327974,combined_data.csv
155,214,5,medium,medium,0.1145995931233054,-0.0430974518966554,0.1314977670536723,0.1724592023398167,-0.1388787160570695,0.8781591166245316,0.6926388838109647,0.858388360659383,0.7405787199410027,0.8333231605015141,combined_data.csv
155,215,5,medium,medium,0.1104348156042657,-0.0822545969904501,0.1197135046120687,0.1639564250802423,-0.1860005032537128,0.8801330138714065,0.8308593324875219,0.8671075212281651,0.7562651008370243,0.8076221248753346,combined_data.csv
158,166,5,medium,medium,0.1131026220479951,-0.0916927945048317,0.1189290992350817,0.0926272708982403,-0.2391848994597203,0.8780813837974206,0.8161766153817954,0.8670926350232465,0.7780453651855903,0.8317774920523129,combined_data.csv
158,168,5,medium,medium,0.1119590422628894,-0.0989780841330877,0.1011469094528716,0.1263813507789276,-0.2605939333473052,0.8804373232562165,0.8120980253289095,0.8877517652263314,0.7898340998699722,0.860593933347305,combined_data.csv
158,169,5,medium,medium,0.1052724172042588,-0.0502031540877684,0.1025792569849163,0.1519196575035538,-0.2255898478072954,0.8849032159574807,0.7995293111560845,0.8847070286560555,0.7668349343151626,0.839226211443659,combined_data.csv
158,171,5,medium,medium,0.1151761070109806,-0.1186520181887438,0.1216420521910522,0.1819575552183789,-0.2285753926797104,0.877001704021211,0.7899029648659182,0.8673485530118344,0.7576762579798533,0.8439600080643258,combined_data.csv
158,192,5,medium,medium,0.1044873487882129,-0.0991140568812132,0.1176160823000134,0.1309602373092704,-0.197135910971926,0.8870420056695719,0.7688574717582446,0.8714633841036662,0.7753938933158755,0.8349898603012852,combined_data.csv
158,202,5,medium,medium,0.104624910583589,-0.0794765732052015,0.0995241277879772,0.1412809532144013,-0.1999568764123535,0.8866884331400555,0.7864210062566446,0.8883393510116983,0.7783247648584752,0.8483552748107519,combined_data.csv
158,203,5,medium,medium,0.1430774477726871,0.0633217532725858,0.1790599509741084,0.1611048477880824,-0.2364105451154119,0.8488685967837104,0.6279297051424264,0.8091890106295867,0.7464478400357341,0.8468808201819603,combined_data.csv
158,206,5,medium,medium,0.1204238320689801,-0.0895001117083605,0.1169793114140305,0.1448539109305137,-0.192446512774741,0.8731452707500529,0.7749839833774749,0.8743375966376842,0.7625166286525917,0.824025460143162,combined_data.csv
158,207,5,medium,medium,0.109142038324177,-0.0634808609559918,0.1082618448692516,0.114377367403155,-0.240100622455208,0.8829727729428662,0.7957269054911973,0.8805446277999466,0.7979604385822842,0.843130925485511,combined_data.csv
158,210,5,medium,medium,0.1150614713970279,-0.1143487992409728,0.1457825878132326,0.169167917832482,-0.2583172377780921,0.8775960770133435,0.7413714885440668,0.8450689351486197,0.7496886275103438,0.8324930619539163,combined_data.csv
158,214,5,medium,medium,0.1086760790311842,-0.0684310791843232,0.1010420731350525,0.1357999368843317,-0.1723033661265233,0.8846607518917724,0.7849001664801237,0.8908535210925682,0.7697616037391142,0.8389700327931899,combined_data.csv
158,215,5,medium,medium,0.1238135479678592,-0.043625467043436,0.1157045431021149,0.118805163860444,-0.2268840547788341,0.868410296988865,0.7894304800057476,0.8739900355866874,0.7788644089360189,0.8445311136023635,combined_data.csv
166,168,5,medium,medium,0.1053341164695992,-0.1034449500321899,0.1024502078586544,0.0819730710042209,-0.0878424792132053,0.8834496957987533,0.8072979974974559,0.8824858177338759,0.7650547844276355,0.8378424792132053,combined_data.csv
166,169,5,medium,medium,0.1039283755896772,-0.0594529216609582,0.0968735306324328,0.0909009043100954,-0.2407300760768437,0.8833331872546559,0.7982697411112556,0.8858989994578661,0.7652529551441574,0.8497654021638003,combined_data.csv
166,171,5,medium,medium,0.1029918264239153,-0.0708496826483304,0.1218222353875735,0.1371525691187517,-0.2628236948033422,0.8878014457099952,0.768653809273541,0.8637983634308319,0.7609283564069991,0.8323217643014118,combined_data.csv
166,192,5,medium,medium,0.1099060017554751,-0.0762488490996197,0.1172466593768618,0.0757343554244821,-0.2760172477263752,0.8785116669207286,0.7674090115526079,0.8671237204164534,0.7814772339447064,0.8240203199229958,combined_data.csv
166,202,5,medium,medium,0.1184395217798107,-0.1470868648264012,0.1037096656782263,0.1344001149717091,-0.0903016451985962,0.8712203327808685,0.7890755718365903,0.881808415339953,0.7715345998347403,0.8157918412770278,combined_data.csv
166,203,5,medium,medium,0.125473399724411,-0.1054534737233708,0.1723549426669584,0.1702904055468689,-0.1511092164427901,0.861981673777148,0.6335223371025428,0.8073750579259331,0.7333874859109437,0.8493235021570759,combined_data.csv
166,206,5,medium,medium,0.1087260025021878,-0.0774584319757241,0.1018219492543879,0.0891205078736109,-0.1404285028272438,0.8833326053909272,0.8081976796962826,0.8874177317175082,0.7846240644809162,0.8360806767402873,combined_data.csv
166,207,5,medium,medium,0.1177727482157352,-0.1088210148360213,0.1220794573768625,0.1111223532138789,-0.2456682121105365,0.8715965188871336,0.8147745476970869,0.8641611076083031,0.7795196196090783,0.8270355688751009,combined_data.csv
166,210,5,medium,medium,0.1211321347013439,-0.0306197397846678,0.1316976609754692,0.1944977537157387,-0.0765742979944461,0.8672629739869236,0.717951866421492,0.8515910502182438,0.7031012058052979,0.8265742979944461,combined_data.csv
166,214,5,medium,medium,0.111318791745073,-0.0423681710813554,0.1065554095529185,0.0880416335908799,-0.1286158994048318,0.8803782296381331,0.7646505283344618,0.8821632609789943,0.7569870713197686,0.8451337565476891,combined_data.csv
166,215,5,medium,medium,0.1140662309972484,-0.023029131457432,0.1051001972044618,0.1057646117726391,-0.1125662865182117,0.8756144163631675,0.7595464449961438,0.88023441781602,0.7712746517168143,0.8398390137909391,combined_data.csv
168,169,5,medium,medium,0.1175072155381654,-0.1053526725789214,0.1154475310683327,0.1287906286583047,-0.2335222117476418,0.8705267253683661,0.8078371313848745,0.8681945863721787,0.7676354773435745,0.8489068271322573,combined_data.csv
168,171,5,medium,medium,0.1054197660321345,-0.0596147694586397,0.0992573054899365,0.1585809176128858,-0.312697610403373,0.8872514135128182,0.7778271313875795,0.8898977431004129,0.7470269672974138,0.8644217483344075,combined_data.csv
168,192,5,medium,medium,0.1156312689152772,-0.0736665966889555,0.1198192841001423,0.1425852450956811,-0.2852099234650401,0.8739897423531426,0.7699405735418979,0.8664948447431191,0.7643746213734882,0.8369340613960746,combined_data.csv
168,202,5,medium,medium,0.1035637140989778,-0.0811387318486404,0.1042090350525007,0.1425377232309482,-0.1757137405508321,0.8861150426913575,0.8042472476010277,0.8838199494087782,0.762823342856563,0.8278876535943104,combined_data.csv
168,203,5,medium,medium,0.1343211311893629,0.0136948544888622,0.1767094851914281,0.156453064107383,-0.1488986064431194,0.8554473092488781,0.6021044389530626,0.8100155845600052,0.713489921749757,0.8488986064431195,combined_data.csv
168,206,5,medium,medium,0.1170151327326152,-0.0661877603603027,0.1111225559150239,0.1362013233948286,-0.1509925793274963,0.8752509820450353,0.7992119535359694,0.8784789082099698,0.7848432680663596,0.836706865041782,combined_data.csv
168,207,5,medium,medium,0.1127995610186274,-0.1212636472034232,0.121923113007424,0.1500089309370047,-0.2404473660135164,0.87904075823635,0.8176870230364852,0.8669016465589658,0.7657188241869458,0.8452018069748539,combined_data.csv
168,210,5,medium,medium,0.1153829319478549,-0.0938260712451801,0.1315171920728364,0.1698830240784308,-0.1207243340232651,0.8759129710090282,0.7553822522054772,0.856159468041749,0.7417179064057993,0.8407243340232651,combined_data.csv
168,214,5,medium,medium,0.12151989670439,-0.0689862944761435,0.1233707259783836,0.1456101470330582,-0.1582531057518603,0.8705028398028216,0.751615159667485,0.8660012391141443,0.7719069064313269,0.8582531057518603,combined_data.csv
168,215,5,medium,medium,0.1066856823661375,-0.0104339386574179,0.1029024983487035,0.1080463177835486,-0.1077231923140369,0.8838181266435363,0.7906474182749619,0.8839557902816058,0.7764798853629313,0.8468536270966457,combined_data.csv
169,171,5,medium,medium,0.107488709828476,-0.0790841772022482,0.1150835553264032,0.1440622717440831,-0.19320325449634,0.8822183828320304,0.7609467187034923,0.8698760848208404,0.7658579271188214,0.8432032544963399,combined_data.csv
169,192,5,medium,medium,0.1153869039367094,-0.0956803323434442,0.1066252874065959,0.1351434710652301,-0.2504408547506457,0.872088702343349,0.7456081733143024,0.8753655290537768,0.7667140046442331,0.8430334473432383,combined_data.csv
169,202,5,medium,medium,0.1127477650487357,-0.0843196011031667,0.1166251205989121,0.1393155451366732,-0.2484876959744351,0.8766331304806035,0.7705142252944285,0.870251788124365,0.7663739870246511,0.8484876959744351,combined_data.csv
169,203,5,medium,medium,0.1238248923095513,-0.0076807470325853,0.1854342041286302,0.1882147905416953,-0.2267654440879687,0.8629492650717139,0.5943712565062451,0.7947805985296341,0.676523416622264,0.8267654440879686,combined_data.csv
169,206,5,medium,medium,0.1133736625189018,-0.0948670744557758,0.1226460072380837,0.1436056430799603,-0.2143676773059408,0.8783352534633105,0.8051059238971496,0.8666893331802058,0.7827699473189381,0.8272709031123925,combined_data.csv
169,207,5,medium,medium,0.1178044205900136,-0.0714575329459018,0.1176509241101974,0.1386137270481976,-0.2100803256834931,0.8721294067422083,0.8134662840157079,0.8684575119606321,0.770449419816628,0.8350803256834931,combined_data.csv
169,210,5,medium,medium,0.1169476787356302,-0.0286033718010132,0.1234432598415667,0.1560766129897557,-0.2088939117618494,0.8713010068071456,0.7353165239857236,0.8593273755516814,0.7556323231134185,0.8315354211958118,combined_data.csv
169,214,5,medium,medium,0.1099904770598785,-0.1076537605380953,0.1177555829248439,0.1522331128318849,-0.1612051863383283,0.8818951656312799,0.787462315347423,0.8729249304306894,0.74285220552052,0.8469194720526141,combined_data.csv
169,215,5,medium,medium,0.1152809125394639,-0.0394953185037121,0.1063722501942445,0.1626440905587558,-0.2002777998024859,0.873767559573107,0.7707332346017024,0.8784986133994077,0.7620962508187465,0.825277799802486,combined_data.csv
171,192,5,medium,medium,0.1019899198413174,0.0135380108704887,0.0931507747232689,0.1332051648654254,-0.2061923541590447,0.8886277661411017,0.7877822096580195,0.8927453985706144,0.7780827398050545,0.8140354914139467,combined_data.csv
171,202,5,medium,medium,0.1016128452991707,-0.1456450393363377,0.0816550306484498,0.1512190444893602,-0.1830492026427151,0.8893927161521206,0.792907203210555,0.9043375252098064,0.7823355279585659,0.833501691330498,combined_data.csv
171,203,5,medium,medium,0.1426550296403528,-0.054146282835543,0.1703221386343348,0.1913533014034095,-0.2280285868746221,0.8487994287722596,0.684925063752096,0.8178899764536997,0.7168984240135681,0.8030285868746221,combined_data.csv
171,206,5,medium,medium,0.1150525805440957,-0.0735781048972172,0.1267138456541512,0.1895166491766763,-0.2427861051699844,0.8788111041589359,0.7444016280201271,0.8649371350342139,0.7412096721491216,0.8465596900756449,combined_data.csv
171,207,5,medium,medium,0.1115285233566936,-0.0481619754738997,0.1174510049037907,0.167948704386421,-0.2042048771588176,0.8806445317658681,0.769774300507704,0.871942444949966,0.7649670081546949,0.8182399648781159,combined_data.csv
171,210,5,medium,medium,0.1134935562563266,-0.1222950842104084,0.1160398916061152,0.180129710493941,-0.2559836698569128,0.8794966288627019,0.7989505919740418,0.8735034074091323,0.7803986823059674,0.8333032574857787,combined_data.csv
171,214,5,medium,medium,0.1269274353371935,-0.0015728029767276,0.1725361309695732,0.1340588637600768,-0.2982366343211723,0.8661450901343261,0.678894293205357,0.8171709245597659,0.7480433178254269,0.8449365097881711,combined_data.csv
171,215,5,medium,medium,0.1237055397424141,-0.1489849776420029,0.1305724829782355,0.1307040117838849,-0.2108342737132048,0.8696987307324531,0.7947483236033341,0.860869798173673,0.7668865712734088,0.8108342737132048,combined_data.csv
192,202,5,medium,medium,0.1127559585704547,-0.0337107629481238,0.1131012608015368,0.135364202156602,-0.1911965529301791,0.8768878799320595,0.7808075595396969,0.8728899729106745,0.7766988039268606,0.8110651900401955,combined_data.csv
192,203,5,medium,medium,0.1388100859569756,-0.0270412211691528,0.1538873489814824,0.1649085449587467,-0.2412940506899793,0.8482433877398129,0.681199712670622,0.8292841092742352,0.7506933311919018,0.8012940506899794,combined_data.csv
192,206,5,medium,medium,0.1154271419385183,-0.0425374932150646,0.1252661181778215,0.1745136530118559,-0.2456346793049062,0.8775765988644544,0.7176585424433444,0.8654972165134307,0.7494094030191273,0.8365738327440597,combined_data.csv
192,207,5,medium,medium,0.1105661595598899,-0.1008349919243111,0.1095494088131766,0.1471999702147578,-0.2282522441672598,0.8808640162023763,0.7813445385953588,0.8775918442640068,0.7753544313548184,0.8436368595518753,combined_data.csv
192,210,5,medium,medium,0.1110324291508885,-0.0627569315881446,0.1126121764317494,0.135678526875994,-0.2675128470480806,0.8806932278663696,0.7910121031060715,0.8750212659373686,0.7919820621300906,0.8621074416426752,combined_data.csv
192,214,5,medium,medium,0.1270317861226109,-0.0346043573293176,0.1450646352201849,0.1675378812555898,-0.2360451172195704,0.8650869687734306,0.6676061381888648,0.8457166738433872,0.7525136693125376,0.833664164838618,combined_data.csv
192,215,5,medium,medium,0.1063143796978839,-0.0165482184536084,0.1252596065979053,0.1307202392206525,-0.2565913774533082,0.8840683557663046,0.800695922146004,0.8615011344780452,0.7614823411095674,0.8565913774533082,combined_data.csv
202,203,5,medium,medium,0.1218394230341736,-0.0756398760206138,0.1208774733872267,0.2060927617243516,-0.155442072566303,0.8667410739699059,0.6627207027055227,0.8623623792588306,0.7304984931584944,0.8319126608015971,combined_data.csv
202,206,5,medium,medium,0.1106087853441005,-0.1149395055016241,0.1309968379603239,0.1869858504192203,-0.1649902510887533,0.8816454535943268,0.7630110613407297,0.8594279352860501,0.7699534963638698,0.83165691775542,combined_data.csv
202,207,5,medium,medium,0.1183335777812232,-0.0668453679569212,0.1030671658065757,0.1414194816868149,-0.2298864190685132,0.8731733876558532,0.7582281096556325,0.8831976552176366,0.7674113115858625,0.8427896448749649,combined_data.csv
202,210,5,medium,medium,0.1168739430103443,-0.0824108146174168,0.124618868570866,0.1799823800279449,-0.1885038012109057,0.873849591718395,0.7742168103816953,0.8631809497350108,0.7602645415104917,0.8551704678775723,combined_data.csv
202,214,5,medium,medium,0.1232885773979632,-0.0672804974752698,0.127692447245545,0.1530494420597005,-0.1678611764314126,0.8694959436015655,0.6957888308902327,0.8629969038684203,0.7420478405453801,0.8478611764314126,combined_data.csv
202,215,5,medium,medium,0.1136486129462128,-0.0448333505416325,0.1106306390794619,0.1670355613803401,-0.2090738766921414,0.8771359461060184,0.8001689593827557,0.8776779373288354,0.7627590573826883,0.8306954983137631,combined_data.csv
203,206,5,medium,medium,0.1376898885359296,-0.0536913416578067,0.2106661073354008,0.181012439839596,-0.1341560624646404,0.8554179115836102,0.6189800152623416,0.7807833342398685,0.7089871599476556,0.8360079143164924,combined_data.csv
203,207,5,medium,medium,0.1298970704007797,0.0029820350081282,0.1643526913468618,0.1849052425302647,-0.2454080959940549,0.8617722797998923,0.5997382545491834,0.8228265828426755,0.7228098996993431,0.8525509531369121,combined_data.csv
203,210,5,medium,medium,0.1207104941802932,-0.0980749278674735,0.1266928757453245,0.18502571864167,-0.0766884800868805,0.8707617187161053,0.736750149330768,0.8647290958397886,0.7111746924118476,0.8135305853500385,combined_data.csv
203,214,5,medium,medium,0.141687624318243,0.0470018629306774,0.2165792606903757,0.1779982437077278,-0.071015856246079,0.8508493944742616,0.5485833567945639,0.7726786809175116,0.6841230461726433,0.807857961509237,combined_data.csv
203,215,5,medium,medium,0.119246766252395,-0.0997269270433603,0.0968179114995991,0.1330615291049507,-0.1497190939972913,0.8716967058175684,0.7080840344002705,0.8893912811553073,0.7597423000933707,0.8466887909669882,combined_data.csv
206,207,5,medium,medium,0.1068598639319696,-0.0955717979521262,0.1014802689666811,0.1549324341061986,-0.1961186582337573,0.8866177315641945,0.7918930829269396,0.890725004162751,0.7555368150061128,0.843177481763169,combined_data.csv
206,210,5,medium,medium,0.1315971783474132,-0.0909404254940772,0.1371583669654767,0.2030640895354405,-0.1316489998312808,0.8625221704575251,0.7371417952303887,0.8536093539292007,0.728443245749236,0.8273011737443243,combined_data.csv
206,214,5,medium,medium,0.1114213537061894,-0.1028155899386514,0.1077441400781481,0.1321631826800808,-0.1460061490894085,0.8814113214251097,0.8079613480295741,0.8841222213515821,0.7761117518861939,0.8399860821997764,combined_data.csv
206,215,5,medium,medium,0.1126562482669442,-0.0469082586918074,0.1130715090433948,0.1578339550236014,-0.1376641779163485,0.8812089918274305,0.7674492476461177,0.879535881808478,0.7628939710932663,0.8253922044503452,combined_data.csv
207,210,5,medium,medium,0.1182355697554929,-0.0611021531722213,0.1049915817527664,0.1782172139676212,-0.218894591398687,0.873671301865188,0.7396453788453805,0.8828977922933203,0.7536308270734471,0.8275902435726001,combined_data.csv
207,214,5,medium,medium,0.1092952850252694,-0.0796456662227134,0.1104615212099351,0.1268685623197445,-0.2130477861020745,0.8835405918098764,0.7541045448390816,0.880360403266548,0.769497633417666,0.8463811194354078,combined_data.csv
207,215,5,medium,medium,0.1148916137199627,-0.0783145079520013,0.1218142346012289,0.1621965653996244,-0.2291375140765499,0.876622796316117,0.8000997893557382,0.8664259581066291,0.7811809590215191,0.8291375140765499,combined_data.csv
210,214,5,medium,medium,0.1382086094567168,0.0322264440822632,0.1642942189867583,0.1614575929662716,-0.1220936127058548,0.8554156222707731,0.6280519731204224,0.827112413121293,0.7422175866371746,0.836379326991569,combined_data.csv
210,215,5,medium,medium,0.1136685364385965,-0.0415982247678426,0.1013562734878033,0.1530706401857676,-0.1333951553220093,0.8784888936401345,0.8023436572077923,0.8876059908433918,0.7691779324227638,0.8476808696077235,combined_data.csv
214,215,5,medium,medium,0.1257446498394853,-0.0299451920699024,0.1390786814706802,0.1310195792654448,-0.1255287653232191,0.8670862751492581,0.7092468418931142,0.8516392317233362,0.7406854976918065,0.8352061846780579,combined_data.csv
3,5,5,none,none,0.1136813217679357,-0.1009142435506998,0.1084892278915157,0.1665205742520923,-0.1265618107828489,0.8788390372333924,0.8031801933169859,0.8818577750466372,0.7611905037652351,0.8465618107828489,combined_data.csv
3,12,5,none,none,0.1085767977135343,-0.054051539749153,0.1006486419224707,0.1363845005039778,-0.1233138143567812,0.8826645716772895,0.8305783948511223,0.8862078040853385,0.8110527666791008,0.8177582588012258,combined_data.csv
3,28,5,none,none,0.1182041493884963,-0.0613695003775193,0.1151823593119486,0.1812435881075073,-0.2169632284585326,0.8749233338488654,0.799933438015851,0.8754381193313121,0.7683750476093589,0.8169632284585325,combined_data.csv
3,30,5,none,none,0.0997798970403248,-0.063154382546235,0.09941029592235,0.1809287919263256,-0.1543212410360162,0.8926799291726635,0.8038326509033827,0.8913759170780606,0.7722742135581828,0.8328926696074448,combined_data.csv
3,36,5,none,none,0.1138204480962704,-0.0744213641542844,0.110787339681375,0.1602799244428593,-0.0989998016986971,0.877550515463308,0.8155647876891735,0.8789622052334267,0.7860151613588738,0.8079945106934061,combined_data.csv
3,93,5,none,none,0.106802821350547,-0.0473904992972625,0.1059846723551891,0.1728002277216213,-0.1681727887505982,0.8853657495308471,0.7717147827331982,0.8857237963080343,0.7784598551339255,0.834839455417265,combined_data.csv
3,96,5,none,none,0.1078166809972014,0.0016744118097592,0.1159791153452913,0.167008838165214,-0.2951781082691534,0.8838771076805166,0.8028680816181641,0.8731094278833496,0.7655310467051392,0.8558398729750357,combined_data.csv
3,110,5,none,none,0.1231708072141234,-0.0772785561774836,0.0959886321710319,0.161182281262617,-0.1507790870546211,0.8696021573053334,0.7964748217262687,0.8954862790295063,0.7925362445379689,0.8507790870546211,combined_data.csv
3,154,5,none,none,0.1266848918372044,-0.0179986905710938,0.1460082451312685,0.1715054392463367,-0.105514164797087,0.8670464167797158,0.7241596168089872,0.8456951025794156,0.7285545827760084,0.8362833955663179,combined_data.csv
3,163,5,none,none,0.1084372677331871,-0.0267124357054491,0.0962670757151868,0.1814574718364274,-0.1576615794171209,0.8812951214587263,0.8055198625726925,0.8904176909401899,0.76952359772133,0.8376615794171208,combined_data.csv
3,181,5,none,none,0.1275995195972221,-0.067381219132513,0.1274039517189895,0.1631753255179256,-0.1355533020979067,0.8651235667163903,0.8266764857776504,0.8618419533812512,0.7736090092053717,0.8374051539497586,combined_data.csv
3,189,5,none,none,0.1190692274067076,-0.0131336488210143,0.1112440439565878,0.179521024455457,-0.2180726048569837,0.8732451173212101,0.787373042284398,0.8774662123713775,0.7584295509311787,0.825215461999841,combined_data.csv
3,196,5,none,none,0.1261352643992443,0.053888423727449,0.1864569270895469,0.1932359216622226,-0.1171890228275986,0.8617815973613641,0.6326070993887061,0.7936017222303329,0.7056235530374504,0.8408253864639623,combined_data.csv
3,201,5,none,none,0.1167395156234548,-0.0131692065153803,0.1134593742160222,0.1956995061095091,-0.2622889158312957,0.8758092119028987,0.7950832746806576,0.876953378454999,0.7486480716325902,0.8548815084238883,combined_data.csv
3,204,5,none,none,0.1331646727560286,-0.0014609205782513,0.1825162534679589,0.2004816987184999,-0.1830524313708772,0.8586352442482232,0.6292395973096804,0.8036900890329917,0.7228481148967183,0.8409471682129825,combined_data.csv
3,211,5,none,none,0.1318806652294332,-0.0466158975008487,0.135874601402176,0.1710505796308365,-0.1505784942043124,0.8610536072605538,0.7502377109146635,0.8550734711540549,0.733582493096375,0.8305784942043124,combined_data.csv
5,12,5,none,none,0.1088997634090598,-0.0472766134182398,0.112507315629886,0.1426346919590448,-0.1596089395230888,0.8829138052183909,0.7825616510857585,0.8772379394760732,0.7588639330684185,0.8262756061897556,combined_data.csv
5,28,5,none,none,0.1048357825805695,0.0137068279762311,0.118546520086302,0.1914938038626333,-0.2416612294902647,0.8887846200214714,0.7991836983291063,0.8720473542008791,0.7662474980001036,0.8236504768020927,combined_data.csv
5,30,5,none,none,0.1118430647428728,-0.0856017524481452,0.1001088045043419,0.1841698387794731,-0.1607378419316473,0.8807153825301316,0.78426880394281,0.8883130148045428,0.7565336184389144,0.8568916880854934,combined_data.csv
5,36,5,none,none,0.1133811592181979,-0.0833938103722786,0.1040845048907062,0.1816066156519454,-0.089515810614877,0.8789465872719437,0.7983081010994708,0.8855491089270631,0.772605341560276,0.8202850413841078,combined_data.csv
5,93,5,none,none,0.1172655270734813,-0.0197511253692986,0.1320423337825398,0.1248284607484748,-0.2341562955081536,0.8745106873388254,0.7431313030345199,0.8571915218359785,0.7720924975104988,0.8267488881007462,combined_data.csv
5,96,5,none,none,0.1161012393582798,-0.0505071032798618,0.1114786782198206,0.1299251161831166,-0.2860884998801736,0.874913427174098,0.7883101824987924,0.8754956508045558,0.7641425550371583,0.8346778415729635,combined_data.csv
5,110,5,none,none,0.1257294687743511,0.0002103561797273,0.1355978344442534,0.2033802097946383,-0.184085822193072,0.8677831365684494,0.8142558477643012,0.8567532914171018,0.7648000522236765,0.837931976039226,combined_data.csv
5,154,5,none,none,0.121024821984163,-0.1155723378098083,0.1274251192273449,0.184247208334176,-0.1418210362658746,0.8731246876499051,0.7611362250762425,0.8649291219560655,0.7529958974373476,0.8466140645883147,combined_data.csv
5,163,5,none,none,0.1062701711519168,-0.0112748786801633,0.1027665802449606,0.1293165674761729,-0.1726808109873487,0.8860145459014036,0.7846783084320816,0.8874719192509057,0.7948191088756619,0.8526808109873487,combined_data.csv
5,181,5,none,none,0.1138544020870374,-0.0107116107928403,0.109075745574256,0.2040787305868405,-0.1319482489536109,0.8801907742948082,0.7764698494543548,0.8838863342179707,0.7399533062456303,0.8402815822869443,combined_data.csv
5,189,5,none,none,0.1189249194080098,0.0157759356692771,0.1105526901530176,0.151863462251605,-0.2094736626967304,0.874901635268595,0.7973838854916888,0.8822293157107434,0.7669104066980934,0.8520543078580207,combined_data.csv
5,196,5,none,none,0.1219196286960609,0.0244645555664029,0.1536295617180197,0.1482194569758762,-0.1165897034719215,0.8667603224196713,0.6790487901268991,0.8292176658927686,0.7293839469135299,0.8349390624462806,combined_data.csv
5,201,5,none,none,0.1266606177192627,-0.0403369254838489,0.1241221186764433,0.17424689022128,-0.1326103562902411,0.8671489921027415,0.7828047297948199,0.8690777285562697,0.7472399928893864,0.8374033846126812,combined_data.csv
5,204,5,none,none,0.1289355747918454,-0.001855814800742,0.1625423950147693,0.1992834280377456,-0.1346748372711775,0.8630646818885639,0.61638516565549,0.8243871155061829,0.6900915781674544,0.8072938848902251,combined_data.csv
5,211,5,none,none,0.1117407077655642,-0.0039043321978983,0.1092132567845065,0.171649916360624,-0.1543771948570048,0.882000547362291,0.7750701180470893,0.8818966789706629,0.7772034847118596,0.8210438615236714,combined_data.csv
12,28,5,none,none,0.1139926734666613,-0.0214461784378185,0.1315988995213772,0.1699945011794914,-0.1605115248880029,0.8778484450871537,0.7812476145999947,0.8563732720831877,0.7597824935634109,0.8524135964510915,combined_data.csv
12,30,5,none,none,0.1075814827503439,-0.1005473088742092,0.1013032974947757,0.1409014621500764,-0.1201242261805127,0.8835254088045411,0.8195666070618082,0.8864111143902688,0.7828459322389916,0.8124319184882051,combined_data.csv
12,36,5,none,none,0.1171945496283374,-0.0763685752024467,0.1068246216843785,0.1595564216382921,-0.1284591691697183,0.8729329534185045,0.8244577636818593,0.8817971004799169,0.7709621855565022,0.8241113430827618,combined_data.csv
12,93,5,none,none,0.1071823291273346,-0.0926617225004498,0.0985935259125175,0.1749151715629011,-0.2076440467197039,0.8816141266111005,0.7925247047937041,0.8870774424349391,0.7689607354786384,0.8409773800530372,combined_data.csv
12,96,5,none,none,0.1000373506434235,-0.0345418506285685,0.0971554794462898,0.1817878190749646,-0.2221312124305191,0.8906411181156604,0.8079722859097981,0.8895575259225081,0.7588939761751287,0.8345049498042565,combined_data.csv
12,110,5,none,none,0.121984199955974,-0.0845640550614283,0.1160365122455024,0.1729711452406873,-0.1410301916185764,0.8705360853612116,0.8113827201220285,0.8725310740532595,0.7411755366869628,0.8314463328543898,combined_data.csv
12,154,5,none,none,0.1247217760706612,-0.0299954582495216,0.1490576216718456,0.1730822321545435,-0.1153658324755653,0.8686935985117029,0.6995642004400477,0.8421753391556739,0.7405043759173355,0.8296515467612795,combined_data.csv
12,163,5,none,none,0.1037094094495548,-0.0533948112076463,0.1066266387610668,0.1369397113490228,-0.138546639864613,0.8856368201909648,0.8268373072276076,0.8776409985607381,0.7811523845729891,0.8335949490433571,combined_data.csv
12,181,5,none,none,0.1223828098676635,-0.0139640336141365,0.1151556393714935,0.1226407446714602,-0.1484794399843811,0.870451618487656,0.8221462832415702,0.8752329234493036,0.782193501300579,0.8151461066510479,combined_data.csv
12,189,5,none,none,0.1194571755291706,-0.0515932322985338,0.1205491564659666,0.1784687480394756,-0.1866345981565852,0.8727365416351061,0.8050705738568942,0.8687170081958544,0.7611611588242482,0.8420323254293125,combined_data.csv
12,196,5,none,none,0.1160786604681618,0.0125942717705231,0.1471662764880645,0.1586887021331194,-0.1137776142440555,0.8717096020838458,0.6433397199427857,0.8345075936199292,0.7439774534679027,0.8174813179477592,combined_data.csv
12,201,5,none,none,0.1143748483526903,-0.0361506010860084,0.1103647569962272,0.1828518689527213,-0.17402131729739,0.8773138465375752,0.7595811978212145,0.8780717024920934,0.761561182230432,0.8366229433136502,combined_data.csv
12,204,5,none,none,0.1203275105288744,-0.1007581024425177,0.1463834814762898,0.2153218814227075,-0.1831082174635191,0.8680782740754438,0.6838515361854323,0.8332604899720812,0.7016582987652478,0.8352821305069974,combined_data.csv
12,211,5,none,none,0.1204584438392943,-0.0731326775280976,0.1162500399601333,0.1316645076660384,-0.188801609289703,0.8723940984548211,0.7818137554587473,0.8754219114244801,0.7576122503097535,0.8554682759563698,combined_data.csv
28,30,5,none,none,0.1173002480413826,0.0119841543914532,0.1182821945820071,0.1270643267825142,-0.2856929952322741,0.8744214979508661,0.7894783157976965,0.8693282731578165,0.7487174744335291,0.8311475406868195,combined_data.csv
28,36,5,none,none,0.0953647384746058,-0.0138495668615972,0.0995453994623322,0.2047833217430534,-0.2727304751512871,0.8954846454572215,0.7832843899661213,0.8865305995406245,0.7522067044596823,0.8352304751512871,combined_data.csv
28,93,5,none,none,0.1103379301722992,-0.1011004306604153,0.1289097171345861,0.2090389848204487,-0.2516111828556227,0.8808457301583265,0.781654796743712,0.8600335069014527,0.7333016660918095,0.8305585512766753,combined_data.csv
28,96,5,none,none,0.107558855023117,-0.0412119040519707,0.1322916837931499,0.1595184760954306,-0.2180211381263487,0.8828178382671683,0.7966070885671763,0.8532687613004631,0.7309020904412629,0.8240817441869547,combined_data.csv
28,110,5,none,none,0.1176396949066006,0.0875061294387308,0.0936104871754243,0.202275885445528,-0.2037358839516163,0.876437090830158,0.7686452600659779,0.8975816622876236,0.7711820920010516,0.8446088998246322,combined_data.csv
28,154,5,none,none,0.1229197379803759,-0.0439054477890483,0.1345875552280069,0.1322188482548066,-0.2438051992782988,0.8713663144126151,0.6887105461060374,0.857138673638927,0.7620316479724254,0.8438051992782987,combined_data.csv
28,163,5,none,none,0.1164191802656322,-0.009096233606285,0.1222046082723259,0.1620843979886348,-0.1725962588628942,0.8728073119412232,0.785861235135804,0.8638856527229587,0.7754328309437821,0.8247701719063725,combined_data.csv
28,181,5,none,none,0.1182298092539702,0.0326356599763755,0.1143639165252213,0.0969498370712964,-0.2278229093529028,0.8754589183331084,0.7979551755190032,0.8761166864994752,0.7827341318988147,0.8474572495754783,combined_data.csv
28,189,5,none,none,0.124396993750122,0.0158405580214605,0.1208725481869649,0.1329098038110021,-0.1437761109550196,0.8685368090119379,0.7781943175281725,0.8703463086061842,0.7676193996661189,0.8211954657937294,combined_data.csv
28,196,5,none,none,0.1253530828290042,0.0135900218578349,0.1704965010048432,0.1307614921844379,-0.2858091937158753,0.8612230212763119,0.6378080749680631,0.8073323435534555,0.7305370749724815,0.8458091937158754,combined_data.csv
28,201,5,none,none,0.1169685569805746,-0.0983616418397816,0.1062826456027542,0.2000002170641743,-0.2121700882818576,0.8760808102249317,0.7869139943448042,0.8847851742368661,0.7504274209898638,0.8428519064636759,combined_data.csv
28,204,5,none,none,0.1243459660755871,-0.1292919963919199,0.1121688117509769,0.1555474034534422,-0.3301126001954423,0.8645886622149856,0.7308072233489105,0.8704664073284117,0.7689189444803985,0.8593333794162216,combined_data.csv
28,211,5,none,none,0.11437168254688,0.0226912498876945,0.0917453862986287,0.133852892060016,-0.2318751270040095,0.878623105439701,0.7635023755537862,0.8972823551492143,0.7738863409493276,0.841101001871454,combined_data.csv
30,36,5,none,none,0.1116798869472504,-0.0094479007725729,0.101848014350204,0.1465948340675069,-0.0932224567870128,0.8795378974004853,0.7626238043220117,0.8868228186795148,0.7658486877796891,0.8339631975277535,combined_data.csv
30,93,5,none,none,0.1158132680225035,-0.0657921339468849,0.1027930257243504,0.1278515732253443,-0.1837830831530088,0.876415060687676,0.7453919195399319,0.8867882726574104,0.7308643286702827,0.8504497498196755,combined_data.csv
30,96,5,none,none,0.1001580903620951,-0.062241944974879,0.0960284796993315,0.1421915022076685,-0.2799632411926505,0.8907233829145129,0.7856631417778801,0.8909852061574699,0.7751479306172107,0.8470803583097677,combined_data.csv
30,110,5,none,none,0.1152162512885028,-0.0821776421568943,0.1193101305278793,0.1671897858159865,-0.1633225038320914,0.8768654911434532,0.8006984358646768,0.8687599685691053,0.773431465138704,0.8529776762458846,combined_data.csv
30,154,5,none,none,0.1122582927163492,-0.0265478462838832,0.1356056860198773,0.2132067230852561,-0.1524010840935035,0.8817161785459849,0.7133388391166788,0.855459308319886,0.7336475332374977,0.8470397787321982,combined_data.csv
30,163,5,none,none,0.1262934796017885,-0.0670372550871788,0.1149323562058233,0.1584710572576321,-0.1694860775249717,0.8640079262890907,0.7893258963904755,0.8713779438007189,0.7760965063590038,0.8503951684340626,combined_data.csv
30,181,5,none,none,0.1063866827284819,-0.054684709993805,0.0958646099103173,0.1582893641280415,-0.1492424155384651,0.8857492781688134,0.7997542485581195,0.8929644878592673,0.7853652720356068,0.8350976786963599,combined_data.csv
30,189,5,none,none,0.1247239339574732,-0.1146557279314482,0.1172019367175316,0.1824656609375028,-0.1253569313826662,0.8670347550022196,0.8065361315740034,0.8706461606209972,0.7561653034740886,0.8366664551921901,combined_data.csv
30,196,5,none,none,0.1282926216862226,0.028462506300794,0.1560565808339993,0.1639820155206508,-0.1203512750982871,0.85975376528566,0.6416540093011163,0.8248509230103988,0.7287144018831828,0.8286846084316205,combined_data.csv
30,201,5,none,none,0.1071931886433753,-0.0919550455430685,0.1098221819522681,0.1548130349924753,-0.1750240583302822,0.8854859986527821,0.8104765713867355,0.8815015349847118,0.7621298986401173,0.8416907249969489,combined_data.csv
30,204,5,none,none,0.1246509194575306,-0.0048805776526383,0.1743905264549293,0.2145413756636052,-0.1957551707850495,0.865511766014968,0.6526280115553849,0.8090044481212797,0.7141382840237027,0.8757551707850495,combined_data.csv
30,211,5,none,none,0.1183395903092775,-0.0690605998132553,0.1186284220368256,0.1346969500368817,-0.1285810093972328,0.8753437712293615,0.7898583613814453,0.8722184673623569,0.7742513147546104,0.8082036509066668,combined_data.csv
36,93,5,none,none,0.1119946695317887,-0.0336969066589313,0.1166756677256165,0.1648501972588574,-0.1887838848272029,0.8788911303774952,0.7756395742605301,0.8744421021178805,0.7689501174412463,0.8160986996420179,combined_data.csv
36,96,5,none,none,0.1238120797774157,0.0117795573572099,0.1076282474348746,0.1466193529759636,-0.2847921354463969,0.8665054882274708,0.7534669909559253,0.8774025427506933,0.7624194560725384,0.8302466809009423,combined_data.csv
36,110,5,none,none,0.1105664268310018,-0.0072804659110267,0.1047346767840826,0.1642957458990972,-0.1561853067056904,0.8810483498042139,0.7795437944732384,0.8850116940956985,0.7814050300715074,0.822851973372357,combined_data.csv
36,154,5,none,none,0.1288635192847982,-0.0490547925494303,0.1512151531820253,0.1770610420572841,-0.1170694683680354,0.864588406090039,0.7090708595454082,0.8409867191713403,0.7495781019596186,0.8404737236871844,combined_data.csv
36,163,5,none,none,0.1100972138344863,-0.0736391826851652,0.1171247613933516,0.1565010731972098,-0.1546268114032577,0.8794026703418532,0.7816408624433915,0.8701372546799291,0.7655718757617198,0.8357862316931128,combined_data.csv
36,181,5,none,none,0.1266920243739419,-0.0139647494270449,0.1158611555194865,0.1897629550760398,-0.1297185998546199,0.8661264293392499,0.8018727876215456,0.8751226755516806,0.7438687354485053,0.8318462594290881,combined_data.csv
36,189,5,none,none,0.1060556908033177,-0.0224172899600052,0.1056645023480717,0.1393361726163329,-0.2077330308411434,0.885287980338741,0.8269804380189044,0.8818875556847865,0.769558825481625,0.8284226860135572,combined_data.csv
36,196,5,none,none,0.1241047492058813,-0.0299689428105387,0.1585111933156228,0.1632958746647842,-0.1230373105532712,0.8634730982317672,0.6704758638230877,0.8210261641505969,0.6950734218937167,0.8230373105532712,combined_data.csv
36,201,5,none,none,0.1083707062561279,-0.0921113572068704,0.1024498220617117,0.1597748660960903,-0.1657681383957403,0.8840288805134855,0.8127882856660062,0.8862878025784422,0.7781384717772165,0.8246828670779109,combined_data.csv
36,204,5,none,none,0.1163412111032287,0.0138114825265063,0.1125797261591747,0.160812631613096,-0.0837784399920416,0.8716329368139187,0.6903320718590671,0.8667961207560627,0.7512141844943703,0.8337784399920416,combined_data.csv
36,211,5,none,none,0.1124126586515177,-0.0318876029552658,0.1096560706625815,0.1082691942401213,-0.2036552144092905,0.8802358112919885,0.7822585220434886,0.8816916696002519,0.7911405407102421,0.8593929193273234,combined_data.csv
93,96,5,none,none,0.1259673745188824,0.0318066585837966,0.1388925108393521,0.1308459567202495,-0.2362533487931233,0.8643478993059549,0.7031302706897296,0.8465979038840387,0.7459811644183043,0.8176486976303328,combined_data.csv
93,110,5,none,none,0.1126030967283109,-0.0146578571890625,0.0899489828570614,0.1519456649600464,-0.1784184980413919,0.8800520720649021,0.7765837778312572,0.9015108851386204,0.7619766370551306,0.8228629424858365,combined_data.csv
93,154,5,none,none,0.1348118751138088,-0.0555544345479008,0.1740879767748683,0.1519573271188997,-0.1342769696063361,0.8584546863050735,0.6715528465669942,0.8179441505880568,0.7128710595787697,0.8342769696063362,combined_data.csv
93,163,5,none,none,0.1152649277181853,-0.0769449745210205,0.1112742088048085,0.1528643573223918,-0.1408108785502271,0.8743684630751557,0.7526162164271093,0.8752372996111331,0.7601463304460497,0.8283108785502271,combined_data.csv
93,181,5,none,none,0.1138474451703362,-0.0932325993164171,0.106722312459884,0.1341933266859403,-0.1952659882635841,0.8786911173262133,0.7945960019707285,0.8831407984371276,0.7296569417954466,0.8231729650077702,combined_data.csv
93,189,5,none,none,0.1238029396745145,-0.0768220945905453,0.1254023652878537,0.1278365037674048,-0.1403987715920331,0.8686853672164963,0.7633521235739167,0.8641528422920746,0.7799884942433797,0.8146411958344575,combined_data.csv
93,196,5,none,none,0.1281508104301322,0.0420284147810375,0.1998420926783727,0.2107727219532834,-0.1574520897107443,0.8595476914329258,0.5964109872052631,0.7808887785275987,0.6632436579489268,0.8574520897107443,combined_data.csv
93,201,5,none,none,0.1167025048191962,-0.0655851395234399,0.1171123642869337,0.1652320773589829,-0.1654350125759655,0.8756546407815079,0.7934006159043849,0.8733239881854578,0.7446683480226545,0.8321016792426322,combined_data.csv
93,204,5,none,none,0.1080850001236981,0.0547183943966328,0.1739176110234915,0.1548306219648513,-0.1778602982669022,0.8797547519086918,0.6495257398183744,0.8064251617808913,0.7478320866546613,0.8445269649335688,combined_data.csv
93,211,5,none,none,0.1174702962541136,-0.0749469658385881,0.1456744855951812,0.1250029038327822,-0.1817513881739687,0.8752313902840421,0.7250543302613854,0.8454946599979342,0.7365542194010244,0.8244864309090115,combined_data.csv
96,110,5,none,none,0.1251896077119192,-0.047789603708519,0.1097607704172752,0.1183345764084341,-0.2499175235590724,0.8669331037652576,0.7828861046030904,0.8783374667292755,0.7746784107444227,0.8579564380495999,combined_data.csv
96,154,5,none,none,0.1112278228439292,-0.1235485379432226,0.1096164805528099,0.1613258200935902,-0.2566618031535876,0.881500057050553,0.7766316978359542,0.8811352917073664,0.7767157830224553,0.8366618031535877,combined_data.csv
96,163,5,none,none,0.1094589470989853,-0.0653141636087576,0.1047817177679519,0.1516563247950343,-0.2617727960479876,0.8808147218880905,0.8032151370218754,0.8808167288738991,0.7781670144572581,0.833201367476559,combined_data.csv
96,181,5,none,none,0.1082748455842551,-0.0087829454744401,0.1122040534095816,0.1238016279889778,-0.2836748260153294,0.8830255541751499,0.7938299726493921,0.8755423225972889,0.7841566813878702,0.8503414926819961,combined_data.csv
96,189,5,none,none,0.1041584235757929,-0.0193146994488201,0.102659085094568,0.1402036660417059,-0.2212274507461725,0.8874962727155584,0.792735937285805,0.886691925484542,0.7873645686221009,0.8601163396350615,combined_data.csv
96,196,5,none,none,0.1136455483927363,-0.038084388246351,0.133132818030995,0.1653407111554339,-0.2474585262998575,0.8748728434469191,0.7249287608294115,0.849332414350125,0.7506685117282861,0.8336654228515817,combined_data.csv
96,201,5,none,none,0.1233322269424873,-0.0001781068341655,0.106441764586958,0.175714333221442,-0.1803383852345303,0.8677255005648381,0.7238407543338126,0.8794060396964328,0.7472084097054195,0.808627858918741,combined_data.csv
96,204,5,none,none,0.1236747830630786,-0.0242723804968907,0.1821740096371132,0.1565016843828373,-0.2964134615486464,0.8653883443745067,0.6061346831727177,0.8022518910351446,0.734643625386165,0.8365825947410355,combined_data.csv
96,211,5,none,none,0.1135323153295263,0.0043778107902686,0.0947801766345385,0.1235057498648565,-0.1963951617087549,0.8780294632733783,0.778477287826562,0.8926239722861401,0.7801917294564756,0.8045822962116789,combined_data.csv
110,154,5,none,none,0.1256625319072307,0.0187491809368151,0.1504951423921999,0.1691527234128202,-0.1495527531356167,0.8686062028080423,0.6755927053367254,0.8415210649014747,0.7501950541091863,0.8313709349537987,combined_data.csv
110,163,5,none,none,0.1202080091045094,-0.0319011762755208,0.121936862025802,0.1529092286985186,-0.1923659033885757,0.87221247973469,0.7888533471168495,0.8672432190480488,0.7801476983564675,0.8462120572347297,combined_data.csv
110,181,5,none,none,0.1083908893211119,0.0078506289952342,0.1006115351597586,0.2065991969579464,-0.1348261068441247,0.8856371402604678,0.7625216385942695,0.8917179358911554,0.7532996418465934,0.8244812792579179,combined_data.csv
110,189,5,none,none,0.1115672882465607,-0.0332030958424863,0.1126150438618346,0.1038834989122905,-0.1487672362866519,0.8823095878412975,0.7610901555832029,0.8795294177106883,0.7784264110554825,0.8154339029533185,combined_data.csv
110,196,5,none,none,0.1205937216212983,-0.002108311511241,0.147869494712612,0.1415292517397872,-0.1343820044252484,0.8683011688293832,0.6562405197811602,0.8336329838094769,0.731224080043449,0.8343820044252483,combined_data.csv
110,201,5,none,none,0.1157347564610551,-0.0728145169494689,0.098199071799956,0.2097206719264923,-0.1560269141265797,0.8786541193011147,0.7930528171021898,0.8947171790812116,0.7591153887360484,0.848334606434272,combined_data.csv
110,204,5,none,none,0.1412825954356987,0.0108552253612814,0.1685853444223333,0.2039732025909497,-0.1523379367756974,0.849313519132573,0.6710750294693215,0.8166971968225902,0.7136063837365105,0.8341561185938793,combined_data.csv
110,211,5,none,none,0.122525834312091,-0.0240966037510824,0.1240955408823853,0.2069408568931019,-0.2351066023560454,0.8713488796690838,0.7830177431196661,0.8668726315519486,0.7546526618588141,0.8567282239776671,combined_data.csv
154,163,5,none,none,0.121168233177485,-0.0587164792748247,0.1191553525616594,0.1620216547274338,-0.1347991880637582,0.8722750863962679,0.7339890116820997,0.8719715152430513,0.7579747470883468,0.8147991880637582,combined_data.csv
154,181,5,none,none,0.1290821421615108,-0.036433957363235,0.1488163386340211,0.1770042258665736,-0.1606281778987188,0.865202553515188,0.7380160379465184,0.8438307012320869,0.7499457931230193,0.8350467825498817,combined_data.csv
154,189,5,none,none,0.1174088539359978,-0.0424774301108124,0.1093823707947394,0.1660210086356041,-0.1916008113796391,0.8765962800056386,0.754640434147964,0.8827994099465494,0.7795638739282091,0.8402494600282878,combined_data.csv
154,196,5,none,none,0.1127186970904239,-0.0592687826285792,0.1128846729382311,0.1345687974232176,-0.1467680324451106,0.877678090876353,0.7817013421964248,0.8735875299774998,0.7712227595740364,0.8333751753022534,combined_data.csv
154,201,5,none,none,0.1270009926175216,-0.1154257926270119,0.1219485567083538,0.1746074335705707,-0.1644445220575829,0.8672881220254234,0.7329354639414586,0.8703074687025066,0.7257428763247242,0.8311111887242497,combined_data.csv
154,204,5,none,none,0.1461226215111721,0.0095715846934563,0.2362814363139942,0.1291536092918985,-0.1810088736065547,0.8476205454900955,0.587685150719371,0.7541606416442087,0.7304481034944419,0.8395454589724083,combined_data.csv
154,211,5,none,none,0.1180792746747056,-0.0662714382071242,0.1254672607910852,0.1590077850170235,-0.1747156860811751,0.8757931024214101,0.787279027669848,0.8667515492807275,0.7598847226819072,0.8285618399273291,combined_data.csv
163,181,5,none,none,0.1157224937397221,-0.0769306012756478,0.1194767852842181,0.1581733034781753,-0.1709329557800077,0.8742804022278903,0.7887198690841764,0.8680442549395239,0.7634646283364925,0.8495043843514364,combined_data.csv
163,189,5,none,none,0.1103926561696374,-0.0074869565974543,0.1096185125766322,0.1665375274269935,-0.1569488011447578,0.8805693942150168,0.8104690923911415,0.8769385619853518,0.7631366622865601,0.8188535630495197,combined_data.csv
163,196,5,none,none,0.1259997576350823,-0.0124562264946394,0.1682789589270056,0.1541295308947516,-0.1491116569527993,0.8618017357339678,0.6798975021512859,0.811733670591659,0.7318221977381179,0.8509635088046513,combined_data.csv
163,201,5,none,none,0.118941541130351,-0.0273717185038235,0.1164859498707067,0.1638596407523038,-0.1349166197894209,0.8718192849676287,0.7861839916926543,0.8704806033028485,0.7665049722458794,0.8349166197894209,combined_data.csv
163,204,5,none,none,0.1140748030195104,-0.0040434616247319,0.1628438906344207,0.1825208936407327,-0.1914502774311237,0.8742971802272714,0.6264907068685024,0.8166478944268545,0.7358076066604637,0.8547836107644571,combined_data.csv
163,211,5,none,none,0.1130228164896286,-0.0198785086966906,0.1086964713327846,0.1481541470981803,-0.1739969163131094,0.8794953453512276,0.7969302316847536,0.8809553289632428,0.7769809718286732,0.8261708293565877,combined_data.csv
181,189,5,none,none,0.1075402576350033,-0.0135355783840542,0.124243209979395,0.1524222525605082,-0.177007507295426,0.8866390092677827,0.782005387565585,0.8673757677614486,0.7775162916261883,0.8398862951742139,combined_data.csv
181,196,5,none,none,0.1280798433510733,-0.0151308360297467,0.1458816913356863,0.1012104888592351,-0.1393703316117971,0.8604883974914296,0.6630627319288888,0.8354151875575044,0.7669042679728368,0.8222971608800898,combined_data.csv
181,201,5,none,none,0.1158814829095049,-0.0756047588423057,0.1082402908537151,0.1567848194642138,-0.129362571355403,0.8785378544847025,0.7946240702546624,0.8845645522221488,0.7942722126724046,0.8265847935776254,combined_data.csv
181,204,5,none,none,0.1427508045255254,-0.054259921234771,0.148425593898314,0.1859359214745477,-0.2209669940735301,0.8480268175085273,0.6138989681764692,0.8386563217760207,0.7271365744351412,0.8573306304371666,combined_data.csv
181,211,5,none,none,0.1142912216420345,-0.0014363381372971,0.1063241320961706,0.1771628557774297,-0.1261050899666755,0.8795398970651348,0.7906589612536026,0.8848971441995317,0.7641706703970166,0.8025756782019696,combined_data.csv
189,196,5,none,none,0.1225741933610883,0.0014375777022577,0.144101559761575,0.1658480762759315,-0.1637045826954176,0.8660919444020181,0.6904929288605399,0.837505944961221,0.7357040659049116,0.8088658730179984,combined_data.csv
189,201,5,none,none,0.1204908437118293,-0.0414846396451206,0.1291781087831935,0.1661173789239985,-0.1620802895941447,0.8729924876586221,0.7205679616756447,0.8612876443359263,0.7575696771675209,0.8287469562608114,combined_data.csv
189,204,5,none,none,0.1316324849261976,-0.0010072049521903,0.1747712086529658,0.2130314072058099,-0.1593742311586492,0.8595387152783811,0.65180336495906,0.812065889918191,0.7225179233351743,0.8093742311586491,combined_data.csv
189,211,5,none,none,0.1138750079647767,0.0015727094056533,0.1013393281897826,0.14510332939907,-0.1602194596752957,0.8796890838737507,0.7978395967693434,0.8895872156597731,0.7769481996365032,0.8187560450411493,combined_data.csv
196,201,5,none,none,0.1290079704210852,0.0534058129460202,0.1907436882719719,0.1951165599880444,-0.184122275191625,0.8591067262144951,0.597161069855173,0.7893971316687081,0.6993904861359905,0.8017693340151545,combined_data.csv
196,204,5,none,none,0.1392434938917507,-0.0094336277064324,0.1977748981501811,0.1518213072170471,-0.2173480824717729,0.8475083806481253,0.5329191036031303,0.7797736205078516,0.7328349657531632,0.8695219955152512,combined_data.csv
196,211,5,none,none,0.1219968084572237,-0.005283102706753,0.1207086182003177,0.1424376270670921,-0.1927262176659867,0.8676630573940648,0.7284981805836859,0.8626857334110519,0.7428938505319447,0.8355833605231295,combined_data.csv
201,204,5,none,none,0.1276163599838471,0.0192661258950982,0.0998278844248219,0.1495632592857492,-0.195368696066383,0.8654557133423368,0.6955933463796682,0.8897546731124297,0.7157396719084594,0.822683510881198,combined_data.csv
201,211,5,none,none,0.1286537558648662,-0.049335077187154,0.1172115643025508,0.1729846000707654,-0.1596260716590358,0.8647750375432859,0.7648277015741146,0.8722121647038216,0.7625055288451406,0.8181626570248894,combined_data.csv
204,211,5,none,none,0.1375905523433381,0.0126914912458468,0.1655686507526496,0.1081097423440571,-0.185999891892763,0.8544752544967809,0.6127173943703257,0.8210733983524319,0.7456661990411286,0.8209205268133979,combined_data.csv
48,68,5,high,high,0.9934969124573412,0.7527178649960978,0.991911979103819,0.899001915831046,0.6956521739130435,,,,,,Java_high_results.csv
48,80,5,high,high,0.9864653627785768,0.7153184222252706,0.9844881806321458,0.8666493434498214,0.7543103448275861,,,,,,Java_high_results.csv
48,82,5,high,high,0.9924129420919676,0.7410063559314796,0.9903467512148978,0.8720748646346734,0.5901639344262295,,,,,,Java_high_results.csv
48,69,5,high,high,0.99172092383313,0.7112520973853775,0.9886506225644214,0.9210477381569484,0.5849056603773586,,,,,,Java_high_results.csv
48,118,5,high,high,0.9892152604646748,0.7622652695579568,0.986337043555138,0.910576255778122,0.5640909090909091,,,,,,Java_high_results.csv
48,86,5,high,high,0.9932281445382192,0.7160100528415515,0.9896441313927058,0.8949842051130521,0.5757575757575757,,,,,,Java_high_results.csv
48,87,5,high,high,0.9922661469628076,0.6583514006651894,0.9892005633174796,0.953577982940032,0.5763403263403263,,,,,,Java_high_results.csv
48,178,5,high,high,0.9919181253015328,0.7458821550187855,0.9907279609599576,0.9456489463092232,0.7752525252525253,,,,,,Java_high_results.csv
68,80,5,high,high,0.9875032181128636,0.6175172647320974,0.98593563846773,0.916928243652367,0.717948717948718,,,,,,Java_high_results.csv
68,82,5,high,high,0.9928818933845256,0.7576889961410751,0.989103567018182,0.91269798536212,0.6216216216216217,,,,,,Java_high_results.csv
68,69,5,high,high,0.9931924757482908,0.6849648545594689,0.9907783866744876,0.9292692521191876,0.6666666666666665,,,,,,Java_high_results.csv
68,118,5,high,high,0.9912260727096012,0.7465596552432269,0.9905955161575382,0.9451609007949404,0.6666666666666666,,,,,,Java_high_results.csv
68,86,5,high,high,0.9944051798038523,0.7073759235832384,0.9927655726676144,0.9444336528257208,0.653846153846154,,,,,,Java_high_results.csv
68,87,5,high,high,0.9936425710196904,0.7058167679598047,0.9923168978737024,0.958614575665774,0.6,,,,,,Java_high_results.csv
68,178,5,high,high,0.9934703372940014,0.7042686031920048,0.991212167407048,0.9590108634845196,0.6799999999999999,,,,,,Java_high_results.csv
69,80,5,high,high,0.988891611167685,0.5918109035950908,0.984492760714084,0.8955827563117184,0.6666666666666666,,,,,,Java_high_results.csv
69,82,5,high,high,0.9908012974367072,0.6981565638178013,0.9869744341424156,0.9347709155220086,0.6590909090909092,,,,,,Java_high_results.csv
69,118,5,high,high,0.991458334438669,0.6829664673089386,0.9876753405503136,0.9000722382384365,0.6000000000000001,,,,,,Java_high_results.csv
69,178,5,high,high,0.9924288695891642,0.6902381934655998,0.9911445184107052,0.9001514270407623,0.6296296296296298,,,,,,Java_high_results.csv
69,87,5,high,high,0.9930900082843004,0.7653898484290528,0.9909568097352398,0.912338687569992,0.6428571428571428,,,,,,Java_high_results.csv
69,86,5,high,high,0.9929576271535776,0.7329563364353877,0.9915951962409664,0.9524299153326472,0.6419413919413919,,,,,,Java_high_results.csv
80,82,5,high,high,0.9873504876620016,0.653201588066941,0.9833876195393796,0.9326017363913954,0.6086956521739131,,,,,,Java_high_results.csv
80,86,5,high,high,0.9904300867066824,0.6418321171314939,0.9857969562929176,0.9066428799967255,0.6129032258064516,,,,,,Java_high_results.csv
80,118,5,high,high,0.983394578716238,0.7839368340848685,0.9759424506097536,0.9241963484172048,0.6086956521739131,,,,,,Java_high_results.csv
80,87,5,high,high,0.9902441561181032,0.6859288253342424,0.9869432021813292,0.8684980596365066,0.626453488372093,,,,,,Java_high_results.csv
80,178,5,high,high,0.9872283493804456,0.6458178613313682,0.9827390517258572,0.8676209686422023,0.7407407407407407,,,,,,Java_high_results.csv
82,118,5,high,high,0.9891367035678656,0.7729250298769139,0.9834476884708794,0.9144860196220777,0.6410256410256411,,,,,,Java_high_results.csv
82,86,5,high,high,0.9925346501649926,0.7500774549927555,0.989337616447927,0.923674298351926,0.625,,,,,,Java_high_results.csv
82,87,5,high,high,0.9919847040164746,0.7176294076152225,0.9906269156054358,0.8911686650681745,0.6274509803921569,,,,,,Java_high_results.csv
82,178,5,high,high,0.99153599488083,0.7675990608487259,0.9899258821360652,0.9128700553829118,0.5999999999999999,,,,,,Java_high_results.csv
86,118,5,high,high,0.9912840621471594,0.699537066467091,0.9863750395218676,0.8926244401313647,0.657142857142857,,,,,,Java_high_results.csv
86,178,5,high,high,0.9931465575554996,0.7702650859797145,0.99033659657508,0.9114763909058896,0.5999999999999999,,,,,,Java_high_results.csv
86,87,5,high,high,0.9936759037769116,0.7743825631977009,0.9907428820982735,0.8922018210490958,0.6,,,,,,Java_high_results.csv
87,118,5,high,high,0.9912609747475704,0.6589592477415307,0.9878472659807664,0.9190787252867428,0.5714285714285714,,,,,,Java_high_results.csv
87,178,5,high,high,0.9926530399436082,0.6946313640778234,0.9897494006295116,0.9595970168182988,0.5231481481481481,,,,,,Java_high_results.csv
118,178,5,high,high,0.9897801653453372,0.7370074303635377,0.9861456189944502,0.927922615446336,0.629100529100529,,,,,,Java_high_results.csv
10,27,5,low,low,0.9903650406216936,0.6996316902546178,0.9845234226040064,0.8813574680798666,0.6428571428571428,,,,,,Java_low_results.csv
10,29,5,low,low,0.991557183564132,0.7166026260072922,0.9883425069698628,0.8990812650141529,0.6530100334448161,,,,,,Java_low_results.csv
10,21,5,low,low,0.9926944105416954,0.6613516085794038,0.9888608295028368,0.8759457192262917,0.7384615384615385,,,,,,Java_low_results.csv
10,31,5,low,low,0.9928239733796193,0.6863484025078759,0.9904262905098982,0.9098727072139896,0.6923076923076923,,,,,,Java_low_results.csv
10,13,5,low,low,0.991285737839834,0.647503178683594,0.9869105598728488,0.8580847290997072,0.6082693947144076,,,,,,Java_low_results.csv
10,34,5,low,low,0.992766077311234,0.712646666417059,0.9902248838117428,0.8882067231648272,0.6180371352785146,,,,,,Java_low_results.csv
10,35,5,low,low,0.9902419802688224,0.697378883166929,0.9842308119619684,0.9138246807062992,0.5865817091454273,,,,,,Java_low_results.csv
10,37,5,low,low,0.9921969749974886,0.7093697253634292,0.9889534117923896,0.9381019187450348,0.6085349462365591,,,,,,Java_low_results.csv
10,43,5,low,low,0.9924374596771068,0.6945108055925646,0.9885057588146616,0.9078692935137352,0.6545092838196287,,,,,,Java_low_results.csv
10,44,5,low,low,0.9921998589882104,0.7861042908850124,0.9891623802136342,0.9001468446580655,0.6469230769230769,,,,,,Java_low_results.csv
10,41,5,low,low,0.99338614007418,0.6662273299556749,0.9910368638390844,0.8817316035960293,0.6888888888888889,,,,,,Java_low_results.csv
10,56,5,low,low,0.992497063703591,0.7926997514593621,0.9891225429776372,0.875447020455904,0.6291666666666667,,,,,,Java_low_results.csv
10,60,5,low,low,0.9910666722190764,0.7799002627158522,0.9861436855794584,0.88947218781958,0.6486486486486487,,,,,,Java_low_results.csv
10,65,5,low,low,0.9880713831295408,0.7450370228851715,0.984399812753097,0.9441248537102408,0.6666666666666666,,,,,,Java_low_results.csv
10,63,5,low,low,0.9919495678326004,0.7266426631637355,0.987955995847081,0.903524143925277,0.653846153846154,,,,,,Java_low_results.csv
10,74,5,low,low,0.9904882896087176,0.7498536968216387,0.9864669154298786,0.9128723143351458,0.6666666666666666,,,,,,Java_low_results.csv
10,64,5,low,low,0.9911483318440618,0.6976384998250911,0.9873226454912865,0.8860989627319574,0.6896551724137931,,,,,,Java_low_results.csv
10,78,5,low,low,0.9925119577083008,0.6841604980048717,0.9892825016547138,0.8939132604314846,0.6153846153846154,,,,,,Java_low_results.csv
10,94,5,low,low,0.9919316828123164,0.7215950925263017,0.9878566789768444,0.8604297424634193,0.6399999999999999,,,,,,Java_low_results.csv
10,77,5,low,low,0.9909413724951798,0.6687594317261188,0.9861599831214576,0.8668908766149779,0.6551724137931034,,,,,,Java_low_results.csv
10,79,5,low,low,0.9933067470555442,0.6712752338615153,0.9900966221736478,0.8777775800406792,0.6666666666666666,,,,,,Java_low_results.csv
10,99,5,low,low,0.9937336830171652,0.7037631510133217,0.9910624015105712,0.8717046987151683,0.6923076923076923,,,,,,Java_low_results.csv
10,104,5,low,low,0.9903756016229311,0.7389311725570447,0.9866164187361058,0.8668014558231675,0.6399999999999999,,,,,,Java_low_results.csv
10,114,5,low,low,0.9894910394388728,0.7214855423241209,0.9843878022795772,0.9544631327293868,0.6666666666666666,,,,,,Java_low_results.csv
10,124,5,low,low,0.9923291628022034,0.8146761803402365,0.9896797520702554,0.9169693487843524,0.6399999999999999,,,,,,Java_low_results.csv
10,126,5,low,low,0.9924787529962532,0.6971606803295956,0.9902614075272028,0.8606627085815108,0.6923076923076923,,,,,,Java_low_results.csv
10,139,5,low,low,0.9910455305538172,0.7129568582198287,0.990211289021516,0.9458398571245918,0.6799999999999999,,,,,,Java_low_results.csv
10,132,5,low,low,0.992547354430976,0.6888009190481501,0.9904218215683248,0.8842805874676534,0.6341269841269841,,,,,,Java_low_results.csv
10,140,5,low,low,0.99199936650709,0.7359129403092113,0.9881988205150308,0.9083026634329624,0.638888888888889,,,,,,Java_low_results.csv
10,164,5,low,low,0.9900099497684284,0.670721798246737,0.9864082267028434,0.9153721229465028,0.6923076923076923,,,,,,Java_low_results.csv
10,128,5,low,low,0.9921687052036584,0.596938165961508,0.9889208859579016,0.8681112918349029,0.6666666666666666,,,,,,Java_low_results.csv
10,170,5,low,low,0.9920391768120442,0.7476823698050187,0.9887896079323968,0.9268556665401608,0.6857142857142857,,,,,,Java_low_results.csv
10,180,5,low,low,0.9917997059251316,0.7470492409209637,0.990069765452067,0.8824296537196079,0.6730769230769231,,,,,,Java_low_results.csv
10,182,5,low,low,0.9916513213152316,0.7087791509131247,0.98968397763394,0.8730916909697469,0.6666666666666666,,,,,,Java_low_results.csv
10,176,5,low,low,0.993854925468684,0.7226442666188131,0.9915320995542434,0.8749036096219436,0.6428571428571428,,,,,,Java_low_results.csv
10,200,5,low,low,0.9898649257965,0.7280568033675525,0.9845976192428229,0.882678417687587,0.6799999999999999,,,,,,Java_low_results.csv
10,179,5,low,low,0.9930699665924496,0.621174374658032,0.9889291700130064,0.850412510394069,0.6440092165898618,,,,,,Java_low_results.csv
10,101,5,low,low,0.9922731932430328,0.6400257796003912,0.9870975367604706,0.9019657903912564,0.6891891891891893,,,,,,Java_low_results.csv
10,208,5,low,low,0.993577652339502,0.6772283691493337,0.991881425462409,0.8834002598694808,0.6451612903225807,,,,,,Java_low_results.csv
13,27,5,low,low,0.9914718006076908,0.6363356511820637,0.9868387874448216,0.9192966724468844,0.6176470588235294,,,,,,Java_low_results.csv
13,43,5,low,low,0.9918668114504652,0.6626514318241876,0.9878301842410684,0.90265068816115,0.6666666666666666,,,,,,Java_low_results.csv
13,29,5,low,low,0.9912381501481802,0.6273715342088464,0.9886364588040748,0.9293686769742606,0.6582156611039794,,,,,,Java_low_results.csv
13,56,5,low,low,0.9920510543401284,0.6896260700709519,0.9884966788104872,0.9372244020592638,0.6053558844256519,,,,,,Java_low_results.csv
13,31,5,low,low,0.9923134949386382,0.6914009972113345,0.9890266126881776,0.943703738959512,0.6428571428571428,,,,,,Java_low_results.csv
13,65,5,low,low,0.99008995416333,0.5816862709134674,0.9850311028115828,0.8475469183151156,0.6363636363636365,,,,,,Java_low_results.csv
13,21,5,low,low,0.9920771781081352,0.7061323190372771,0.9888723150251292,0.9423079993401816,0.653846153846154,,,,,,Java_low_results.csv
13,44,5,low,low,0.992182844245679,0.6406281314978994,0.9889740959169432,0.9237945301556544,0.6458333333333333,,,,,,Java_low_results.csv
13,37,5,low,low,0.9924512244285942,0.7068227463919106,0.990083398061074,0.8851229492866555,0.606060606060606,,,,,,Java_low_results.csv
13,35,5,low,low,0.991468245956594,0.7182311896107648,0.9879109135508432,0.9492203611826066,0.6216216216216217,,,,,,Java_low_results.csv
13,34,5,low,low,0.9920265239327164,0.6859409594894241,0.9891972003653732,0.9310540288139424,0.6666666666666667,,,,,,Java_low_results.csv
13,60,5,low,low,0.9923728203730268,0.7039055045127716,0.9892280222456216,0.9294707839478328,0.6285714285714284,,,,,,Java_low_results.csv
13,64,5,low,low,0.9920701551947207,0.7418340327956292,0.9900536186315037,0.889289920204172,0.633739837398374,,,,,,Java_low_results.csv
13,114,5,low,low,0.9912544229333496,0.6128814872632377,0.9854349999531002,0.8955615460206406,0.6399999999999999,,,,,,Java_low_results.csv
13,94,5,low,low,0.9914996748572168,0.6484292034380588,0.9879721164590124,0.93981257241463,0.6700680272108844,,,,,,Java_low_results.csv
13,63,5,low,low,0.9911811323757916,0.7267026995921504,0.9882841759923796,0.923357457374026,0.6153846153846154,,,,,,Java_low_results.csv
13,74,5,low,low,0.9917405290026396,0.58288677188322,0.9864493454861708,0.9403621680274892,0.631578947368421,,,,,,Java_low_results.csv
13,78,5,low,low,0.9922402099557096,0.7283090336812462,0.9900049865065488,0.9317139184506896,0.6203448275862068,,,,,,Java_low_results.csv
13,41,5,low,low,0.993096723955813,0.7237286088655757,0.9901861810176472,0.9410498716477294,0.6666666666666666,,,,,,Java_low_results.csv
13,79,5,low,low,0.9925766468184388,0.6980295780242463,0.9894941761963764,0.9251792073000492,0.6071428571428572,,,,,,Java_low_results.csv
13,99,5,low,low,0.992433888706434,0.7484349757664734,0.9890559926117402,0.9404178956443208,0.6099033816425121,,,,,,Java_low_results.csv
13,139,5,low,low,0.9920691779768326,0.5863356672361162,0.988190545518141,0.9239243491906396,0.6419413919413919,,,,,,Java_low_results.csv
13,77,5,low,low,0.99209212830965,0.7220470296429903,0.989037637353336,0.9211391931659708,0.6148351648351648,,,,,,Java_low_results.csv
13,164,5,low,low,0.991004935455813,0.668954034703642,0.987503774594402,0.9121797036509146,0.6363636363636365,,,,,,Java_low_results.csv
13,140,5,low,low,0.991998764700488,0.5984183667097125,0.9886233810606893,0.9132188561557272,0.6216216216216217,,,,,,Java_low_results.csv
13,104,5,low,low,0.991200957864508,0.6615923494537279,0.9888520935425312,0.902133113130074,0.625,,,,,,Java_low_results.csv
13,170,5,low,low,0.992682791366436,0.7299029328474558,0.9899355313310256,0.9393296894827856,0.6300322061191627,,,,,,Java_low_results.csv
13,128,5,low,low,0.9923755130632306,0.7397182511982738,0.9904444454067216,0.9217308721495808,0.6470588235294118,,,,,,Java_low_results.csv
13,126,5,low,low,0.992686613780408,0.7081186814915108,0.9902254650939338,0.9143431820878004,0.6363636363636364,,,,,,Java_low_results.csv
13,180,5,low,low,0.991700194798592,0.6405808025912963,0.9873517747168896,0.9280404794074674,0.629100529100529,,,,,,Java_low_results.csv
13,124,5,low,low,0.9920200487416696,0.6843115363400902,0.9892877050003536,0.909563612237934,0.5999999999999999,,,,,,Java_low_results.csv
21,29,5,low,low,0.9918231767500229,0.6542114387911158,0.990491349183582,0.9164684837811666,0.6956521739130435,,,,,,Java_low_results.csv
21,27,5,low,low,0.9926553252971207,0.6146904033242755,0.9894786962465592,0.924098060294628,0.7,,,,,,Java_low_results.csv
21,35,5,low,low,0.9917095633622636,0.6961728832725738,0.9900086712621148,0.9471886153110688,0.5306122448979591,,,,,,Java_low_results.csv
13,200,5,low,low,0.9908354516745668,0.6534446577718701,0.9878549496822868,0.9004809798905103,0.6296296296296298,,,,,,Java_low_results.csv
13,182,5,low,low,0.9917178423740076,0.7164651478232247,0.9893003319882762,0.9206506447594492,0.6206896551724137,,,,,,Java_low_results.csv
21,43,5,low,low,0.992793884836006,0.6773298952301621,0.990579105319636,0.896969048868881,0.6785714285714286,,,,,,Java_low_results.csv
21,44,5,low,low,0.9924501545254732,0.6676910668700066,0.9902646025302142,0.9181118733328184,0.6499999999999999,,,,,,Java_low_results.csv
13,179,5,low,low,0.9930111965323472,0.7329157719002362,0.991221580965964,0.921185272287921,0.6545454545454545,,,,,,Java_low_results.csv
21,37,5,low,low,0.9929399623124098,0.703139039742283,0.9913846700933736,0.8612100684622511,0.6428571428571428,,,,,,Java_low_results.csv
21,65,5,low,low,0.989977938469873,0.6271721320345509,0.9884068706624084,0.9086177156268572,0.7391304347826088,,,,,,Java_low_results.csv
21,56,5,low,low,0.9926108171855752,0.7180040535599358,0.9888608295028368,0.9183181293473156,0.6666666666666667,,,,,,Java_low_results.csv
21,41,5,low,low,0.9938519103620604,0.6945926541469827,0.9939888646653288,0.8727497704762909,0.6956521739130435,,,,,,Java_low_results.csv
21,60,5,low,low,0.9915770450336168,0.7061276795058093,0.9880233547446132,0.911647273779681,0.653846153846154,,,,,,Java_low_results.csv
21,63,5,low,low,0.9911375407151782,0.7393214145024634,0.9876021237112992,0.8913075740101988,0.6425806451612903,,,,,,Java_low_results.csv
21,74,5,low,low,0.991608124304309,0.6299631305806469,0.9880296649014672,0.8743706852552648,0.6333333333333333,,,,,,Java_low_results.csv
13,132,5,low,low,0.9917414070396326,0.6859181500654681,0.9890584035998846,0.930290683365602,0.6153846153846154,,,,,,Java_low_results.csv
21,34,5,low,low,0.9930064205646992,0.7175778505123697,0.9901016761157312,0.928977151382272,0.6341463414634145,,,,,,Java_low_results.csv
13,176,5,low,low,0.992043710631256,0.738058956375025,0.9910579653411888,0.9185673136935826,0.6478537360890303,,,,,,Java_low_results.csv
21,31,5,low,low,0.9930337875064678,0.7263847032346471,0.9913088982976996,0.9237903414347066,0.7000000000000001,,,,,,Java_low_results.csv
13,208,5,low,low,0.992436805546408,0.7158676855821879,0.9899263821589817,0.913317619820402,0.6094325718496684,,,,,,Java_low_results.csv
21,94,5,low,low,0.991610018686161,0.6527751489397604,0.9887689950888726,0.9551036870272284,0.6470588235294117,,,,,,Java_low_results.csv
21,64,5,low,low,0.992289961919038,0.7313475202262272,0.9891593896890324,0.8789044886377425,0.6579433497536945,,,,,,Java_low_results.csv
21,114,5,low,low,0.9920480585683088,0.597621564132077,0.989610622254897,0.9028937915973582,0.7142857142857142,,,,,,Java_low_results.csv
21,78,5,low,low,0.993007111591456,0.6839110828947033,0.9895407694419356,0.9244610456356775,0.6666666666666667,,,,,,Java_low_results.csv
21,79,5,low,low,0.9928521886183538,0.7111647958334157,0.9906475100605608,0.925424923494778,0.6923076923076923,,,,,,Java_low_results.csv
21,77,5,low,low,0.991347798941908,0.7346877744118698,0.990498464212748,0.9308150035753788,0.6818181818181819,,,,,,Java_low_results.csv
21,99,5,low,low,0.9931056647643386,0.7166899417822088,0.991665721021976,0.9120290606111844,0.676470588235294,,,,,,Java_low_results.csv
21,104,5,low,low,0.9905481046708164,0.6873563286894322,0.9888418344836224,0.933416897126428,0.7272727272727273,,,,,,Java_low_results.csv
21,139,5,low,low,0.993177181848858,0.6392621766645481,0.991066961175839,0.9329859549824866,0.6521739130434783,,,,,,Java_low_results.csv
21,124,5,low,low,0.9927703082892416,0.7125272881098933,0.9913971453305312,0.9136731365240776,0.7037037037037037,,,,,,Java_low_results.csv
21,140,5,low,low,0.993072758784036,0.6353030887325151,0.9902935460561552,0.9132007015519576,0.72,,,,,,Java_low_results.csv
21,126,5,low,low,0.9928408050401032,0.7590024240153922,0.9904743184896214,0.919392255906324,0.6875,,,,,,Java_low_results.csv
21,132,5,low,low,0.992254043764947,0.758155756937323,0.990554904749854,0.8842973550771714,0.7058823529411764,,,,,,Java_low_results.csv
21,164,5,low,low,0.9915777055574532,0.6719257460707879,0.9881674479702266,0.911529463639721,0.7307692307692308,,,,,,Java_low_results.csv
21,180,5,low,low,0.9922051597638978,0.6393981048050354,0.9891712783077492,0.9145502809941078,0.6956521739130435,,,,,,Java_low_results.csv
27,29,5,low,low,0.9913429955027196,0.7305621825294433,0.9879047552870054,0.9212616981513416,0.674916573971079,,,,,,Java_low_results.csv
27,31,5,low,low,0.9935193372807388,0.7041104413295485,0.9914627949457602,0.8887411284142723,0.6666666666666667,,,,,,Java_low_results.csv
21,170,5,low,low,0.9926310145853856,0.7649136746871739,0.9900910182787226,0.922024898279259,0.6504112808460634,,,,,,Java_low_results.csv
21,182,5,low,low,0.9933057265509824,0.6801089411300687,0.9919595266292208,0.8998103863261372,0.7037037037037037,,,,,,Java_low_results.csv
21,200,5,low,low,0.992293396189494,0.6818491430187703,0.991282137020096,0.8879501736235142,0.6956521739130435,,,,,,Java_low_results.csv
27,34,5,low,low,0.9934952277243856,0.7319257411262905,0.9911884673249752,0.8897976558231026,0.6530100334448161,,,,,,Java_low_results.csv
27,35,5,low,low,0.9893723989814844,0.6697943121656508,0.9830663818700603,0.8877435576746258,0.46875,,,,,,Java_low_results.csv
21,208,5,low,low,0.9923374394908407,0.7101133254524739,0.9897904799057564,0.937433901366568,0.7047930283224401,,,,,,Java_low_results.csv
27,37,5,low,low,0.9918779130334868,0.6905529110637563,0.989803992104012,0.8952554403776566,0.6666666666666665,,,,,,Java_low_results.csv
21,128,5,low,low,0.9927669576319064,0.7172836632256001,0.9905748233839812,0.905452733062802,0.6585365853658536,,,,,,Java_low_results.csv
27,43,5,low,low,0.9922734086603132,0.692457664015526,0.9877405584194304,0.8906365323406839,0.6666666666666666,,,,,,Java_low_results.csv
27,44,5,low,low,0.992979593327808,0.7143049247052284,0.989779123482348,0.9425037927152732,0.7142857142857142,,,,,,Java_low_results.csv
27,41,5,low,low,0.9944767844361696,0.6432763322979278,0.9933641203575128,0.8856059393011504,0.7037037037037037,,,,,,Java_low_results.csv
27,56,5,low,low,0.9925297025358844,0.6919906595902081,0.9909578022368908,0.9168894635897902,0.625,,,,,,Java_low_results.csv
21,176,5,low,low,0.9935659326577986,0.7548713263229567,0.991588781039037,0.942089749968401,0.6715686274509804,,,,,,Java_low_results.csv
27,60,5,low,low,0.9912870349565712,0.6723341476098961,0.9876193198157426,0.9093043182966276,0.6915760869565217,,,,,,Java_low_results.csv
27,65,5,low,low,0.9884105525942788,0.7097064956603116,0.984366302293072,0.824791243720727,0.7894736842105263,,,,,,Java_low_results.csv
27,63,5,low,low,0.989912190399216,0.6843724417766329,0.9851269364550722,0.9225638753725592,0.675,,,,,,Java_low_results.csv
21,179,5,low,low,0.9926121233910752,0.724586606899302,0.991172183322336,0.914623895452214,0.6352549889135255,,,,,,Java_low_results.csv
27,64,5,low,low,0.9914959706036566,0.6607818319784269,0.9865727813684676,0.8808444488766154,0.72,,,,,,Java_low_results.csv
27,74,5,low,low,0.9893976259097093,0.6674233806368979,0.984222559448241,0.885775420349635,0.6328626444159178,,,,,,Java_low_results.csv
27,78,5,low,low,0.9928651418121126,0.6752220418910949,0.990022239863496,0.9260662557851816,0.7,,,,,,Java_low_results.csv
27,94,5,low,low,0.9924940183976516,0.7091160715969004,0.9900251528890868,0.9212242309641832,0.6666666666666667,,,,,,Java_low_results.csv
27,77,5,low,low,0.991978751090458,0.6672143688678246,0.9887733053477356,0.9261724557512984,0.6521739130434783,,,,,,Java_low_results.csv
27,79,5,low,low,0.9943278660171884,0.7491043251921482,0.9934003788934762,0.8960307139996665,0.7096774193548387,,,,,,Java_low_results.csv
13,101,5,low,low,0.9921937214468602,0.7405766811806958,0.9898161978443316,0.9238271898888768,0.606060606060606,,,,,,Java_low_results.csv
27,99,5,low,low,0.9936909234576476,0.6677717491255124,0.9913279321384444,0.908090087691898,0.7352941176470589,,,,,,Java_low_results.csv
27,104,5,low,low,0.9912021302461282,0.7230610691568853,0.9876678167558828,0.8338480797654728,0.7360681114551084,,,,,,Java_low_results.csv
27,114,5,low,low,0.9916724378043604,0.712660236810194,0.986820842745586,0.8679714736289259,0.7142857142857142,,,,,,Java_low_results.csv
27,124,5,low,low,0.9927981090377443,0.7359249440612019,0.989829230832911,0.8973320028789995,0.7894736842105263,,,,,,Java_low_results.csv
27,126,5,low,low,0.9934068778256084,0.6839716903375728,0.9902583522935036,0.907650545192653,0.7307692307692308,,,,,,Java_low_results.csv
27,139,5,low,low,0.992383859112852,0.7232930928984536,0.9907079184473996,0.8911794566049343,0.6289926289926291,,,,,,Java_low_results.csv
27,132,5,low,low,0.993390543732112,0.654765281358658,0.991056400861555,0.8770822009394819,0.75,,,,,,Java_low_results.csv
27,140,5,low,low,0.992650051231026,0.7004501341131952,0.9914860330597934,0.939289344069598,0.7192118226600985,,,,,,Java_low_results.csv
27,128,5,low,low,0.992005868909635,0.6294132211762666,0.9877715444935036,0.8931509396875131,0.6521739130434783,,,,,,Java_low_results.csv
27,164,5,low,low,0.991774428770168,0.6460370960148054,0.9890652237098884,0.867366868732847,0.75,,,,,,Java_low_results.csv
27,170,5,low,low,0.9916774142438542,0.6781558025631798,0.9876288510116126,0.8920033607532507,0.6666666666666666,,,,,,Java_low_results.csv
27,180,5,low,low,0.99271203926841,0.7602121574025975,0.989629424068704,0.9199662588811006,0.6799999999999999,,,,,,Java_low_results.csv
27,176,5,low,low,0.9933924609935604,0.6860012281694652,0.9897978566417006,0.8801629979097291,0.6666666666666666,,,,,,Java_low_results.csv
27,182,5,low,low,0.9927989559762372,0.729314490367782,0.9897607981807608,0.9069565400563832,0.736842105263158,,,,,,Java_low_results.csv
27,101,5,low,low,0.991587485670934,0.6039838590340373,0.9875628342474808,0.8668209288615629,0.72,,,,,,Java_low_results.csv
27,200,5,low,low,0.989808501231584,0.5977015293459661,0.983678778509179,0.9233709369935592,0.6956521739130435,,,,,,Java_low_results.csv
21,101,5,low,low,0.9921585125180576,0.698433737624669,0.9893911221576276,0.9158555016441842,0.7027027027027026,,,,,,Java_low_results.csv
27,179,5,low,low,0.9939358459842028,0.6948917310393972,0.9911534152850444,0.8924571862721944,0.6153846153846154,,,,,,Java_low_results.csv
27,208,5,low,low,0.994395708997667,0.7173988410342764,0.9919261889909508,0.9134482944591058,0.75,,,,,,Java_low_results.csv
29,31,5,low,low,0.9934466427678118,0.7429851094716458,0.992503843145507,0.9094864371016688,0.6666666666666666,,,,,,Java_low_results.csv
29,34,5,low,low,0.9921768222291976,0.6896825487212797,0.9916115283511092,0.9125709481149088,0.6470588235294119,,,,,,Java_low_results.csv
29,35,5,low,low,0.9898437329888764,0.74200658430928,0.9843306293535076,0.9036800649575684,0.5326241134751774,,,,,,Java_low_results.csv
29,43,5,low,low,0.989725267655883,0.6631753990557239,0.9873501006592764,0.9179655162912912,0.6453968253968254,,,,,,Java_low_results.csv
29,37,5,low,low,0.991787597998894,0.7252373836483166,0.9906145797660422,0.9120551560256028,0.6521739130434783,,,,,,Java_low_results.csv
29,44,5,low,low,0.9912902185172292,0.7191584463655895,0.989180254296148,0.9438568365800022,0.6956521739130435,,,,,,Java_low_results.csv
29,56,5,low,low,0.9916510358432048,0.7387716146130197,0.9875268234578468,0.9548672940026276,0.6595744680851063,,,,,,Java_low_results.csv
29,41,5,low,low,0.9937813827064128,0.6717902927949171,0.9925985605264468,0.923092110605502,0.7083333333333334,,,,,,Java_low_results.csv
29,60,5,low,low,0.9904538496717752,0.7681577077898762,0.9863096675287986,0.9289836229384136,0.6944444444444445,,,,,,Java_low_results.csv
29,65,5,low,low,0.9894189368322024,0.757902255279743,0.9840125764526088,0.8599687779224768,0.708994708994709,,,,,,Java_low_results.csv
29,63,5,low,low,0.9908366390812507,0.6714363842934518,0.9874741087015376,0.9253677692583996,0.6428571428571428,,,,,,Java_low_results.csv
29,74,5,low,low,0.9896746236873591,0.6955239715790318,0.9857147824294504,0.9170573082542413,0.6363636363636365,,,,,,Java_low_results.csv
29,64,5,low,low,0.9916186992078658,0.689156407541011,0.9883475761932714,0.9053565940237216,0.6363636363636365,,,,,,Java_low_results.csv
29,78,5,low,low,0.9924124981519618,0.7470172303506779,0.990133989636158,0.9226169536241626,0.6545092838196287,,,,,,Java_low_results.csv
29,94,5,low,low,0.9919163639729168,0.7587290866629983,0.9900763030793496,0.9067471062147956,0.6176470588235294,,,,,,Java_low_results.csv
29,79,5,low,low,0.993022100842954,0.714947553348442,0.9909901246238108,0.933340887955603,0.6905982905982906,,,,,,Java_low_results.csv
29,77,5,low,low,0.9914082023181734,0.6981293245728266,0.9888935337283898,0.9424104604701246,0.6666666666666666,,,,,,Java_low_results.csv
29,114,5,low,low,0.99115975123239,0.6902749511002226,0.9869626561780002,0.903009222221509,0.6521739130434783,,,,,,Java_low_results.csv
29,99,5,low,low,0.9928847649287844,0.7010682224823781,0.9912442340282764,0.9378396239872272,0.6711711711711712,,,,,,Java_low_results.csv
29,104,5,low,low,0.9899560564278416,0.7019492951176489,0.9871585144595504,0.8684234024130372,0.6909814323607427,,,,,,Java_low_results.csv
29,124,5,low,low,0.9919699023427712,0.7412166217109466,0.9905142087315042,0.9219510780659572,0.6969696969696969,,,,,,Java_low_results.csv
29,126,5,low,low,0.9923308871578828,0.7433835599095554,0.99045512490835,0.9155796312804736,0.7142857142857143,,,,,,Java_low_results.csv
29,139,5,low,low,0.9916124603558256,0.6980547082830703,0.9895166119233016,0.9222568841749323,0.6645021645021645,,,,,,Java_low_results.csv
29,132,5,low,low,0.9911865616596336,0.7138010309135654,0.9901869037498708,0.9096148759382472,0.6619047619047619,,,,,,Java_low_results.csv
29,140,5,low,low,0.9914483651567176,0.6921024555133277,0.988637023371884,0.9523367006527464,0.6923076923076923,,,,,,Java_low_results.csv
29,164,5,low,low,0.990823463513892,0.7070872064731084,0.9893600850644548,0.912938670660018,0.6969696969696969,,,,,,Java_low_results.csv
29,128,5,low,low,0.9918945542652512,0.6779263848302357,0.989322331149386,0.9089903036794632,0.640625,,,,,,Java_low_results.csv
29,170,5,low,low,0.9917686934227812,0.7140248494564988,0.9887346085890492,0.9242114737429232,0.6666666666666666,,,,,,Java_low_results.csv
29,180,5,low,low,0.992565226787274,0.6726366840628737,0.9895057245997586,0.9529825288163296,0.6730769230769231,,,,,,Java_low_results.csv
29,182,5,low,low,0.9913307527463204,0.7305193043289004,0.9904816832911164,0.9272996855861242,0.7037037037037037,,,,,,Java_low_results.csv
29,176,5,low,low,0.9934608397798588,0.7173645513336404,0.9914589258506916,0.9123635771002132,0.6666666666666666,,,,,,Java_low_results.csv
29,200,5,low,low,0.9899494598358044,0.741981238576248,0.9870717975992668,0.9391743385390472,0.6792857142857143,,,,,,Java_low_results.csv
29,208,5,low,low,0.9929940067081384,0.7385271792993542,0.9917938184035198,0.91357650326385,0.7083333333333334,,,,,,Java_low_results.csv
29,179,5,low,low,0.9935187687652132,0.6797203393467843,0.9925960723508,0.908617249499172,0.631578947368421,,,,,,Java_low_results.csv
29,101,5,low,low,0.9915424655953482,0.6348318125466533,0.987424602123177,0.912718415294781,0.6071428571428572,,,,,,Java_low_results.csv
31,34,5,low,low,0.9937441261028996,0.7471835171439601,0.991297765578548,0.9245136742782096,0.6490740740740741,,,,,,Java_low_results.csv
31,43,5,low,low,0.9934864381376414,0.717830176359996,0.992495142805833,0.9116354093976252,0.676470588235294,,,,,,Java_low_results.csv
31,35,5,low,low,0.9922958671901164,0.7153764564824928,0.9893701864501514,0.9442899774245403,0.5510204081632653,,,,,,Java_low_results.csv
31,37,5,low,low,0.9931670171864878,0.6812701969508441,0.9911665282101064,0.8912623322530854,0.5911680911680912,,,,,,Java_low_results.csv
31,44,5,low,low,0.9933897644432508,0.7086191025521186,0.9913491565057398,0.9284709539608368,0.6875,,,,,,Java_low_results.csv
31,56,5,low,low,0.9938236605610534,0.7342476990201988,0.992470591687424,0.9114039513935698,0.5882352941176471,,,,,,Java_low_results.csv
31,65,5,low,low,0.9918418057296752,0.7158382108249228,0.9888186464248504,0.8855815186034759,0.6875,,,,,,Java_low_results.csv
31,41,5,low,low,0.9947287951884816,0.7182270650825706,0.9933508217795216,0.9395760202171008,0.7,,,,,,Java_low_results.csv
31,60,5,low,low,0.9926814938071716,0.7265807886096023,0.9904127992819703,0.9121184966097624,0.6904761904761905,,,,,,Java_low_results.csv
31,63,5,low,low,0.9916571825375708,0.7191692599186701,0.990038146708881,0.9050646708427632,0.6666666666666666,,,,,,Java_low_results.csv
31,74,5,low,low,0.9932482878761408,0.6679031436877401,0.9893619341395812,0.9591200058599364,0.6666666666666667,,,,,,Java_low_results.csv
31,94,5,low,low,0.9930777334735176,0.7567330216957999,0.9900158668329412,0.8544739961376431,0.7209302325581396,,,,,,Java_low_results.csv
31,78,5,low,low,0.994156921570572,0.6930007145978418,0.9920052286228406,0.9434414931764388,0.6666666666666666,,,,,,Java_low_results.csv
31,64,5,low,low,0.9929993329517648,0.6962124797215227,0.9911958791506404,0.8836936681579021,0.6923076923076923,,,,,,Java_low_results.csv
31,114,5,low,low,0.9935005448274123,0.7100605268606177,0.990702547098251,0.8909613935494433,0.7241379310344828,,,,,,Java_low_results.csv
31,79,5,low,low,0.9939318105356286,0.726191049002326,0.9930075273937784,0.8951099852138934,0.6949910554561718,,,,,,Java_low_results.csv
31,104,5,low,low,0.9925513577317188,0.693090910869659,0.9903962081678378,0.8791655183951965,0.7119815668202765,,,,,,Java_low_results.csv
31,77,5,low,low,0.9924536616803166,0.7114132653018979,0.9900283273887064,0.9038884700357764,0.6779953917050692,,,,,,Java_low_results.csv
31,99,5,low,low,0.9937953375869986,0.733980122525894,0.9916560982493484,0.9012191963459372,0.7037037037037037,,,,,,Java_low_results.csv
31,124,5,low,low,0.9931100218002854,0.7362870922095199,0.9921130883669214,0.9356764717590684,0.6818181818181819,,,,,,Java_low_results.csv
31,139,5,low,low,0.9940870057051552,0.6533879296436302,0.9914649003064354,0.9121782789400156,0.6666666666666666,,,,,,Java_low_results.csv
31,140,5,low,low,0.9937168966691096,0.6030901718244517,0.9926733605609876,0.925382008189225,0.7000000000000001,,,,,,Java_low_results.csv
31,126,5,low,low,0.9935933919751688,0.7664017223249872,0.9921119119570482,0.8783984713431071,0.7071078431372549,,,,,,Java_low_results.csv
31,132,5,low,low,0.9935435607857354,0.7497082177036706,0.9924397769454054,0.893568665219318,0.7096774193548387,,,,,,Java_low_results.csv
31,164,5,low,low,0.9916503578426632,0.7241583287882014,0.991814330425984,0.9326765148706606,0.7083333333333334,,,,,,Java_low_results.csv
31,180,5,low,low,0.9928076556001586,0.7514023574181233,0.9893373794424642,0.9183386020383304,0.7000000000000001,,,,,,Java_low_results.csv
31,170,5,low,low,0.9935134871427213,0.7651896776653927,0.9912590695431964,0.93434906323862,0.6666666666666666,,,,,,Java_low_results.csv
31,128,5,low,low,0.9928606485379208,0.6994164058250878,0.9903801383883948,0.8987514102058742,0.6818181818181819,,,,,,Java_low_results.csv
31,182,5,low,low,0.9930367171185628,0.6942871702448794,0.9913353431451642,0.9116196332126644,0.6808510638297873,,,,,,Java_low_results.csv
31,200,5,low,low,0.9919306361582044,0.7345865776267602,0.9895103971521044,0.8956698946328624,0.6666666666666666,,,,,,Java_low_results.csv
31,208,5,low,low,0.9933637888892456,0.7634939393680936,0.9923605158605234,0.9130377208803602,0.6666666666666666,,,,,,Java_low_results.csv
31,176,5,low,low,0.9936606853145048,0.7718911988630488,0.9909004280564444,0.8823397550223292,0.6363636363636365,,,,,,Java_low_results.csv
34,43,5,low,low,0.9937314701026058,0.6939830963213605,0.9916741992488548,0.9201968671143786,0.6666666666666666,,,,,,Java_low_results.csv
34,44,5,low,low,0.9932194528104622,0.7091440763600991,0.991360965294214,0.9278857033340828,0.6414285714285713,,,,,,Java_low_results.csv
34,35,5,low,low,0.9905247560819068,0.7107636235281614,0.9866299815533944,0.9176895947199522,0.6171568627450981,,,,,,Java_low_results.csv
34,37,5,low,low,0.9930764375729434,0.7410876891053924,0.9896094236909766,0.9080136857300214,0.6058970099667773,,,,,,Java_low_results.csv
31,179,5,low,low,0.9937138950853616,0.7871739565286747,0.9910836423520006,0.8835891573727811,0.657142857142857,,,,,,Java_low_results.csv
34,56,5,low,low,0.9937712465676382,0.6891023368879048,0.991404663843096,0.9403573228820288,0.6065573770491803,,,,,,Java_low_results.csv
34,65,5,low,low,0.9901384788091392,0.7041139785359605,0.9882198559436906,0.8447763226361137,0.5806451612903225,,,,,,Java_low_results.csv
34,41,5,low,low,0.9942173493762853,0.7233089194621211,0.9924924061868452,0.9198081824487968,0.6052631578947368,,,,,,Java_low_results.csv
34,60,5,low,low,0.992108043517866,0.7261174385926723,0.9903261814836904,0.9443926016783,0.6486676016830295,,,,,,Java_low_results.csv
34,74,5,low,low,0.992997129117732,0.6496971436503488,0.9905581979596698,0.905401817811096,0.6333333333333333,,,,,,Java_low_results.csv
34,63,5,low,low,0.9913678536071392,0.7591499202389889,0.9882812718371558,0.9391519793696368,0.6333333333333333,,,,,,Java_low_results.csv
34,94,5,low,low,0.9930793450540922,0.6919054277116496,0.9906224448980844,0.8807352702489373,0.6311413454270598,,,,,,Java_low_results.csv
34,78,5,low,low,0.9936535761508024,0.778353768403589,0.991520104907774,0.9492218605182592,0.6097560975609756,,,,,,Java_low_results.csv
34,64,5,low,low,0.9929867988058312,0.7331537029581622,0.9903405660086324,0.8970586835605352,0.6333333333333333,,,,,,Java_low_results.csv
34,79,5,low,low,0.9935582394931188,0.7464248592169686,0.992662010328321,0.9295920834859592,0.6521739130434783,,,,,,Java_low_results.csv
34,114,5,low,low,0.992955337185322,0.6206845702554309,0.9901466184744614,0.948699856002272,0.6739439962031325,,,,,,Java_low_results.csv
34,77,5,low,low,0.9921156529139258,0.6916393625576346,0.9904293527795632,0.946717926891856,0.6304347826086957,,,,,,Java_low_results.csv
34,99,5,low,low,0.9936758040997448,0.7477519977865326,0.9926841368298868,0.9407771862881829,0.6774193548387097,,,,,,Java_low_results.csv
34,104,5,low,low,0.9912740412822936,0.6761561363621522,0.9891890065368312,0.9083107115858808,0.5833333333333333,,,,,,Java_low_results.csv
34,124,5,low,low,0.9936186904915224,0.7834543502447128,0.9908752803237276,0.9279875330225136,0.5925925925925926,,,,,,Java_low_results.csv
31,101,5,low,low,0.9928715131251572,0.6662752544648097,0.9895967795904572,0.8840457820222362,0.7101018675721562,,,,,,Java_low_results.csv
34,139,5,low,low,0.993904037575414,0.6269868419789506,0.9928095817733104,0.9431927095539412,0.6354895104895105,,,,,,Java_low_results.csv
34,140,5,low,low,0.9935504496866528,0.6311880520687009,0.9915674302142689,0.957376282234215,0.6333333333333333,,,,,,Java_low_results.csv
34,126,5,low,low,0.9935344396592592,0.7495527859691773,0.9916257982744112,0.926221262666943,0.6451612903225807,,,,,,Java_low_results.csv
34,132,5,low,low,0.9935338628042444,0.7320931386572813,0.9910311066533272,0.9217086076944878,0.59375,,,,,,Java_low_results.csv
34,164,5,low,low,0.9911635681193712,0.7195065219271084,0.9882727444238216,0.8973732160037968,0.6461100569259962,,,,,,Java_low_results.csv
34,180,5,low,low,0.9936325527336836,0.7207818473855911,0.991427776821066,0.9310973297452212,0.6917663617171006,,,,,,Java_low_results.csv
34,170,5,low,low,0.9930317788381676,0.7582095166617653,0.9900212474155246,0.935882734171152,0.6612903225806452,,,,,,Java_low_results.csv
34,128,5,low,low,0.9931017398130204,0.688000991897519,0.990208787792418,0.9075276243362846,0.6376262626262627,,,,,,Java_low_results.csv
34,182,5,low,low,0.9936617666193558,0.7049309540829198,0.9913032561733722,0.9324298331548224,0.625,,,,,,Java_low_results.csv
34,200,5,low,low,0.9918499415910144,0.7208119308336431,0.9892628367337716,0.923113331464676,0.6818181818181819,,,,,,Java_low_results.csv
34,176,5,low,low,0.9934522685744316,0.6922096248920986,0.9911170642991308,0.941581472915052,0.6779953917050692,,,,,,Java_low_results.csv
34,208,5,low,low,0.9935151938905976,0.7265032839212098,0.9920958499204872,0.9444183176686064,0.6296296296296298,,,,,,Java_low_results.csv
34,179,5,low,low,0.9935628309007644,0.6897159781293752,0.990936501486816,0.912033553074657,0.6585365853658536,,,,,,Java_low_results.csv
35,43,5,low,low,0.9898759700987664,0.6214689500886935,0.9865716762734792,0.9038624941995784,0.6049571603427173,,,,,,Java_low_results.csv
35,44,5,low,low,0.9908184069903384,0.7096834811762824,0.9864369385836762,0.9194794070077786,0.553191489361702,,,,,,Java_low_results.csv
35,37,5,low,low,0.9919450524844748,0.7313215202532466,0.9885465724755774,0.8731980846473546,0.5999999999999999,,,,,,Java_low_results.csv
35,56,5,low,low,0.9926112054786718,0.6759879058176526,0.9890527853931848,0.9266133964141564,0.6458333333333333,,,,,,Java_low_results.csv
35,65,5,low,low,0.9869298745027786,0.6398171265677416,0.979460504606212,0.8805137449433057,0.432444523979957,,,,,,Java_low_results.csv
35,41,5,low,low,0.9934483597529477,0.7012257403143991,0.990963105557226,0.9481685111872732,0.56,,,,,,Java_low_results.csv
35,60,5,low,low,0.9909824773514054,0.7742985870197574,0.989448034930298,0.9229631950300288,0.5272727272727273,,,,,,Java_low_results.csv
35,74,5,low,low,0.9892919625613728,0.6222724840869567,0.9841605457410726,0.9258724372528124,0.56,,,,,,Java_low_results.csv
35,63,5,low,low,0.990090425360602,0.7419666477395057,0.9864280030762692,0.9264961739532318,0.554093567251462,,,,,,Java_low_results.csv
35,94,5,low,low,0.9902433098626444,0.740989028996909,0.9848055155174644,0.8938607716998644,0.5781976744186047,,,,,,Java_low_results.csv
35,78,5,low,low,0.991960677624721,0.7097736857340178,0.989462942200247,0.922762771484858,0.56,,,,,,Java_low_results.csv
35,64,5,low,low,0.9906332958394706,0.7515950443280242,0.9869356158434496,0.8770665298918706,0.5882352941176471,,,,,,Java_low_results.csv
35,79,5,low,low,0.9915780482655618,0.7187294999221189,0.988939349311573,0.9134843724078529,0.5650337837837838,,,,,,Java_low_results.csv
35,114,5,low,low,0.9895423413815558,0.6798946800345009,0.9834153443162976,0.9106262351239944,0.5384615384615385,,,,,,Java_low_results.csv
35,104,5,low,low,0.9888507463074484,0.7640369501119809,0.9828280251604816,0.9075326268968202,0.4523809523809523,,,,,,Java_low_results.csv
35,77,5,low,low,0.990768532552617,0.7198708502250906,0.987715266164822,0.9096318874280184,0.5357142857142857,,,,,,Java_low_results.csv
34,101,5,low,low,0.9920824483731704,0.6790270067792075,0.9890922741212124,0.9219238219080788,0.6363636363636364,,,,,,Java_low_results.csv
35,99,5,low,low,0.9920444414070956,0.7256593732037031,0.9891707173543998,0.8980193942272445,0.5521778584392014,,,,,,Java_low_results.csv
35,124,5,low,low,0.9914753390242996,0.7172421762325284,0.9883862142546056,0.9249451933236404,0.4782608695652174,,,,,,Java_low_results.csv
35,139,5,low,low,0.9909292831908876,0.7031788060538815,0.9846654097885164,0.9153432323087636,0.5366666666666666,,,,,,Java_low_results.csv
35,140,5,low,low,0.9906405834566429,0.6591516384471767,0.9876734053077728,0.9266394451104568,0.4891304347826086,,,,,,Java_low_results.csv
35,126,5,low,low,0.9918053452152178,0.7322911373073813,0.9884827821431996,0.8820958498047435,0.5517241379310345,,,,,,Java_low_results.csv
35,132,5,low,low,0.9918006769860768,0.6827501768246818,0.9886476992099296,0.9122923070739246,0.5,,,,,,Java_low_results.csv
35,164,5,low,low,0.9884590078039646,0.6942228286183776,0.9814027036244958,0.8966188435290706,0.5116279069767442,,,,,,Java_low_results.csv
35,180,5,low,low,0.9900651167912414,0.6840446686743651,0.9872576419254996,0.9300582774880922,0.5429975429975431,,,,,,Java_low_results.csv
35,170,5,low,low,0.9916787901280268,0.791992742417305,0.9875621723002694,0.9345012675881608,0.5828059071729957,,,,,,Java_low_results.csv
35,182,5,low,low,0.9918545254813907,0.7482680208784336,0.987593780575115,0.92438534877475,0.4883720930232559,,,,,,Java_low_results.csv
35,200,5,low,low,0.989491142089018,0.7409789664054628,0.9849347722223832,0.9075171297514328,0.5,,,,,,Java_low_results.csv
35,128,5,low,low,0.991977831225262,0.7152028121321026,0.9884319537885304,0.9110499673334016,0.5714285714285714,,,,,,Java_low_results.csv
35,208,5,low,low,0.9921172798011418,0.7577028705490692,0.989307565398621,0.9234407557338664,0.4897959183673469,,,,,,Java_low_results.csv
35,176,5,low,low,0.9929554890502688,0.7160989871736039,0.9896279502471126,0.8900844184895103,0.5769230769230769,,,,,,Java_low_results.csv
37,43,5,low,low,0.9916842202396,0.6995100211097793,0.9882856415930048,0.9301505299650604,0.6170212765957447,,,,,,Java_low_results.csv
37,56,5,low,low,0.9924357709443185,0.6997312321008977,0.990855914206437,0.8901085108215581,0.6092258748674444,,,,,,Java_low_results.csv
37,44,5,low,low,0.9927011210046114,0.7120804124548308,0.9911949576669682,0.8835114968519925,0.625,,,,,,Java_low_results.csv
35,179,5,low,low,0.9930526720918974,0.7142501413414549,0.9896728747971212,0.8967691166902987,0.6,,,,,,Java_low_results.csv
37,65,5,low,low,0.9901956953487104,0.6240473429782855,0.9880215953101688,0.8872174184458101,0.6530100334448161,,,,,,Java_low_results.csv
37,60,5,low,low,0.9924672064582976,0.7554174223856459,0.9905017609638456,0.8520034926511377,0.6216216216216217,,,,,,Java_low_results.csv
37,41,5,low,low,0.9934706973575008,0.6539728724474763,0.9925494651978668,0.8739135914547264,0.6594569719282098,,,,,,Java_low_results.csv
37,74,5,low,low,0.9919410067080066,0.6958419586276816,0.9893344734186592,0.916365424552154,0.6071428571428572,,,,,,Java_low_results.csv
37,63,5,low,low,0.9910160407044644,0.7452057922235276,0.9885877921546796,0.9030867740451788,0.6198686371100164,,,,,,Java_low_results.csv
37,94,5,low,low,0.9927834898530596,0.7003036579299642,0.9895058251851284,0.8289616360438682,0.6363636363636365,,,,,,Java_low_results.csv
37,78,5,low,low,0.992483374210727,0.7580078004450426,0.9901669537718636,0.91390975676603,0.632996632996633,,,,,,Java_low_results.csv
37,64,5,low,low,0.9921014882711932,0.7122325177386446,0.9899114573043885,0.8976293936942561,0.6222222222222222,,,,,,Java_low_results.csv
37,114,5,low,low,0.991551139163865,0.6754277155124553,0.9866557827136676,0.9498048123048138,0.6428571428571428,,,,,,Java_low_results.csv
37,79,5,low,low,0.9931755018967648,0.7633235539045854,0.991432954012429,0.8686010743773658,0.6436507936507936,,,,,,Java_low_results.csv
37,77,5,low,low,0.9919583295558726,0.6975980818707781,0.9898079997026874,0.9142819183726896,0.6448028673835126,,,,,,Java_low_results.csv
37,104,5,low,low,0.9910831234142106,0.7178426488704052,0.9881424348778508,0.8640509632435357,0.625,,,,,,Java_low_results.csv
37,99,5,low,low,0.9935359526277728,0.7424190402433395,0.9916192788145018,0.9327091002927445,0.7013513513513514,,,,,,Java_low_results.csv
37,124,5,low,low,0.9924623962989312,0.7434561944699568,0.990698963138304,0.941879602593968,0.6666666666666666,,,,,,Java_low_results.csv
37,139,5,low,low,0.9924463712120222,0.6872630631365442,0.9906036098150938,0.9104047003137318,0.6,,,,,,Java_low_results.csv
37,140,5,low,low,0.9926545704321904,0.7015702448422882,0.990039820203091,0.9078103182442354,0.6363636363636365,,,,,,Java_low_results.csv
35,101,5,low,low,0.991802649984554,0.6580111754067368,0.9878814384054742,0.8967349495914401,0.5779352226720648,,,,,,Java_low_results.csv
37,126,5,low,low,0.9926008035895644,0.7485858257145863,0.9903025491499454,0.894098500736146,0.6396103896103896,,,,,,Java_low_results.csv
37,132,5,low,low,0.9926339843076426,0.7654513397152722,0.990400844114925,0.8962356134163403,0.625,,,,,,Java_low_results.csv
37,164,5,low,low,0.9926438140945176,0.6715460355869509,0.9898612284107904,0.9278209823353912,0.653167602245389,,,,,,Java_low_results.csv
37,180,5,low,low,0.9927241718551628,0.7375985407460319,0.9908776345455264,0.9310925588817364,0.6295031055900621,,,,,,Java_low_results.csv
37,170,5,low,low,0.99252373866115,0.7128376256015411,0.9905450321247256,0.8973462111979972,0.6198686371100164,,,,,,Java_low_results.csv
37,182,5,low,low,0.9927748084151882,0.6893074304498155,0.9910491635657774,0.9197204368065768,0.5999999999999999,,,,,,Java_low_results.csv
37,128,5,low,low,0.9922951005703748,0.718015822754972,0.9906295916482512,0.8842755331732459,0.6172161172161172,,,,,,Java_low_results.csv
37,200,5,low,low,0.9907373424526208,0.6815491813081233,0.9872265791730578,0.8614750363039432,0.6206896551724137,,,,,,Java_low_results.csv
37,208,5,low,low,0.9936200112299496,0.6802375979729995,0.9922740206774558,0.8989972989371533,0.6086956521739131,,,,,,Java_low_results.csv
37,176,5,low,low,0.9930392244498484,0.7230763442356555,0.9914449052905456,0.8854149992057064,0.627906976744186,,,,,,Java_low_results.csv
37,179,5,low,low,0.993695230890818,0.7319165263469275,0.9914504135767246,0.909412192970566,0.625,,,,,,Java_low_results.csv
41,43,5,low,low,0.9945386040049068,0.6131654412044192,0.9934301459548048,0.924506247571717,0.7083333333333334,,,,,,Java_low_results.csv
41,44,5,low,low,0.993792791567286,0.692518001997227,0.9933066201356096,0.8903519786329722,0.6829268292682926,,,,,,Java_low_results.csv
41,56,5,low,low,0.994490407022437,0.630263499282145,0.9937863504678596,0.9146494260214888,0.6818181818181819,,,,,,Java_low_results.csv
41,65,5,low,low,0.9929619554994816,0.6173553668544725,0.9911516013415466,0.880389620791515,0.75,,,,,,Java_low_results.csv
41,74,5,low,low,0.994196870969659,0.6603113796863855,0.9928474384045624,0.9451170453417156,0.6551724137931034,,,,,,Java_low_results.csv
41,60,5,low,low,0.9932427682257906,0.6998490866869536,0.9907083341513032,0.909507582748334,0.6939799331103679,,,,,,Java_low_results.csv
41,63,5,low,low,0.992472442035178,0.6862446819409938,0.990470735215058,0.9121822519443058,0.6792857142857143,,,,,,Java_low_results.csv
41,94,5,low,low,0.9947805872797162,0.7150178118677932,0.9931765695848934,0.8556269069928373,0.6818181818181819,,,,,,Java_low_results.csv
41,78,5,low,low,0.9944831519980608,0.7249264786152071,0.993008473649436,0.9170424782047776,0.6333333333333333,,,,,,Java_low_results.csv
37,101,5,low,low,0.9926449519689728,0.6680739971689853,0.9884736833676347,0.8837630475374275,0.6399999999999999,,,,,,Java_low_results.csv
41,114,5,low,low,0.99428909057389,0.6566188677643875,0.992228475760122,0.9242979068292844,0.7165178571428572,,,,,,Java_low_results.csv
41,64,5,low,low,0.9933877653638484,0.7542741375392339,0.991653190098393,0.8754289705281915,0.6923076923076923,,,,,,Java_low_results.csv
41,79,5,low,low,0.9945027519211748,0.6891120147982908,0.9937043867047818,0.905102628089148,0.7096774193548387,,,,,,Java_low_results.csv
41,104,5,low,low,0.992389839987976,0.7148582245843104,0.9895011530537476,0.9016292230860148,0.7142857142857142,,,,,,Java_low_results.csv
41,77,5,low,low,0.9934548769528088,0.7173878675405279,0.9914597393334792,0.902592118286202,0.6799999999999999,,,,,,Java_low_results.csv
41,99,5,low,low,0.9943139104126028,0.7096126300770528,0.9930260516901736,0.9020984324723544,0.7231800766283525,,,,,,Java_low_results.csv
41,139,5,low,low,0.995163496662813,0.6375779021637511,0.993049833319677,0.92425135130642,0.6296296296296298,,,,,,Java_low_results.csv
41,124,5,low,low,0.994071160478348,0.7276409387251879,0.992395832074738,0.8973531389195564,0.719375,,,,,,Java_low_results.csv
41,140,5,low,low,0.9943899910002528,0.7043464808480016,0.9937913651087484,0.9143458586700448,0.7058823529411764,,,,,,Java_low_results.csv
41,126,5,low,low,0.9940234719763884,0.723842777104847,0.9922960857700434,0.8596077912461839,0.6956521739130435,,,,,,Java_low_results.csv
41,132,5,low,low,0.9933736860453082,0.6994943148384167,0.9917747603642416,0.8888137170292482,0.6923076923076923,,,,,,Java_low_results.csv
41,164,5,low,low,0.9934760260285516,0.6630209849938806,0.9921173783433924,0.9322371999753596,0.6923076923076923,,,,,,Java_low_results.csv
41,180,5,low,low,0.9940326336430708,0.6666789837297943,0.993021573914656,0.9046464550804818,0.6363636363636365,,,,,,Java_low_results.csv
41,170,5,low,low,0.9935647545209816,0.7547590632969887,0.9909065425407916,0.9353422124157428,0.6428571428571428,,,,,,Java_low_results.csv
41,182,5,low,low,0.9939484656591004,0.6880236643858915,0.9935027626850212,0.892204338096387,0.7,,,,,,Java_low_results.csv
41,200,5,low,low,0.9928285059962888,0.7169971451346221,0.9914629987227348,0.8930278447889207,0.7083333333333334,,,,,,Java_low_results.csv
41,176,5,low,low,0.9940449293190328,0.7411246791218906,0.9926773242410742,0.883710844758774,0.6909090909090909,,,,,,Java_low_results.csv
41,208,5,low,low,0.9947204123258137,0.6890484458022234,0.9935277052813776,0.8968488403580634,0.7,,,,,,Java_low_results.csv
41,128,5,low,low,0.9935756036805894,0.7177820062450551,0.9912721796505491,0.9060359568677426,0.7,,,,,,Java_low_results.csv
43,44,5,low,low,0.993071976885612,0.6698392431121529,0.993108460242516,0.928007282691542,0.6835686777920411,,,,,,Java_low_results.csv
43,56,5,low,low,0.992698355786566,0.6411548721773171,0.9912914062457724,0.944064975674043,0.6666666666666667,,,,,,Java_low_results.csv
43,60,5,low,low,0.9905630747347842,0.6762189312677681,0.9874461543568908,0.9042394081784296,0.6578947368421053,,,,,,Java_low_results.csv
41,179,5,low,low,0.9937785388822394,0.7136513060295122,0.99275670525462,0.8814981066061711,0.6799999999999999,,,,,,Java_low_results.csv
43,65,5,low,low,0.9903435336640276,0.6976855390723855,0.9866931498847428,0.90511495506593,0.6978260869565218,,,,,,Java_low_results.csv
43,63,5,low,low,0.9903944508221488,0.6864947194163408,0.987261861879425,0.9360393018664548,0.6666666666666665,,,,,,Java_low_results.csv
43,74,5,low,low,0.9922180567717656,0.7456652684654984,0.9900272070717488,0.9361403622468328,0.6594202898550724,,,,,,Java_low_results.csv
43,64,5,low,low,0.9925439616839348,0.6604484839562927,0.9894776415710894,0.8895018124749283,0.674969987995198,,,,,,Java_low_results.csv
43,78,5,low,low,0.9926424405669652,0.6186761015429111,0.9904023004153022,0.9422695971753814,0.6191683569979716,,,,,,Java_low_results.csv
43,94,5,low,low,0.9911455220852836,0.71340231116733,0.9873255516625716,0.8800460260841758,0.65625,,,,,,Java_low_results.csv
43,79,5,low,low,0.9937513623387124,0.732189556646688,0.9915830040817848,0.9059074590356682,0.6956521739130435,,,,,,Java_low_results.csv
43,77,5,low,low,0.991826917374758,0.673376087023458,0.9875044425394652,0.9208825024789116,0.6956521739130435,,,,,,Java_low_results.csv
43,99,5,low,low,0.9934634143371992,0.686902455447302,0.9918148525562804,0.922212708225046,0.6666666666666666,,,,,,Java_low_results.csv
43,114,5,low,low,0.9906183207972852,0.6824903427017971,0.9874136135939644,0.942554520032363,0.6778378378378379,,,,,,Java_low_results.csv
43,104,5,low,low,0.9912849675059742,0.6874438840860397,0.986576871708573,0.8809346082725837,0.6799999999999999,,,,,,Java_low_results.csv
43,124,5,low,low,0.9908191794942244,0.6343155539823389,0.9891729538456272,0.9470390172869942,0.6923076923076923,,,,,,Java_low_results.csv
43,139,5,low,low,0.9928960666985988,0.6806668361842372,0.9911492353774288,0.9304483798927792,0.6808510638297873,,,,,,Java_low_results.csv
43,126,5,low,low,0.9924130491691892,0.6666331888846572,0.9892556371079176,0.8941477360045191,0.6585365853658536,,,,,,Java_low_results.csv
43,140,5,low,low,0.9927138087914184,0.699243410428942,0.991489990516476,0.9405946422992512,0.6964285714285714,,,,,,Java_low_results.csv
43,132,5,low,low,0.993058402037079,0.6637308330903449,0.9899658000930364,0.920929371708991,0.6666666666666666,,,,,,Java_low_results.csv
43,164,5,low,low,0.9914361827283082,0.6524466556745633,0.9896425049963448,0.9294604498488406,0.7454545454545455,,,,,,Java_low_results.csv
43,128,5,low,low,0.9919901045939172,0.5964167672283676,0.9879013989597734,0.9046607726591092,0.6585365853658536,,,,,,Java_low_results.csv
43,180,5,low,low,0.991814432871014,0.7697301276109962,0.988812601101428,0.92866222266206,0.6848275862068965,,,,,,Java_low_results.csv
43,170,5,low,low,0.9912070350067946,0.6378480526696445,0.9881909090761282,0.9317423575786528,0.6666666666666665,,,,,,Java_low_results.csv
43,182,5,low,low,0.9919759480685116,0.6856585841085434,0.9885303330498568,0.900359165550727,0.6530100334448161,,,,,,Java_low_results.csv
41,101,5,low,low,0.99284355660793,0.7128216689051601,0.9898684213372914,0.9117948840562912,0.6923076923076923,,,,,,Java_low_results.csv
43,176,5,low,low,0.9931302883885138,0.6361872317582458,0.9904010651169316,0.9263190471487188,0.6729020979020979,,,,,,Java_low_results.csv
43,200,5,low,low,0.9905991397868434,0.6641846596050203,0.9859324450625347,0.8880927239642329,0.6842105263157894,,,,,,Java_low_results.csv
43,208,5,low,low,0.9935250206856324,0.6432858592024728,0.9930301652040304,0.9413414451856404,0.6363636363636365,,,,,,Java_low_results.csv
43,179,5,low,low,0.9931458462516648,0.6376422225223219,0.9909120439836534,0.8963607451028552,0.6636904761904762,,,,,,Java_low_results.csv
43,101,5,low,low,0.9917024065255308,0.63121826817288,0.98604567241813,0.9072242717260854,0.6799999999999999,,,,,,Java_low_results.csv
44,56,5,low,low,0.993898616673796,0.7773339931193003,0.9921560941151588,0.9457505915771556,0.6129032258064516,,,,,,Java_low_results.csv
44,60,5,low,low,0.9913696290610884,0.7601004282592863,0.9889864791823572,0.9331177167924524,0.6866071428571427,,,,,,Java_low_results.csv
44,65,5,low,low,0.9900758611152964,0.6579578696324584,0.9881548273878474,0.8742659771570456,0.7037037037037037,,,,,,Java_low_results.csv
44,63,5,low,low,0.9913295128435256,0.6906992198993058,0.988809322543904,0.932153183557636,0.6779953917050692,,,,,,Java_low_results.csv
44,74,5,low,low,0.9924370914188916,0.7524579630229409,0.9895183233446624,0.9341450550786936,0.7333333333333334,,,,,,Java_low_results.csv
44,64,5,low,low,0.9921676202280216,0.6825810746480405,0.9891159793564972,0.8796870960230119,0.709005376344086,,,,,,Java_low_results.csv
44,94,5,low,low,0.9933478802917112,0.7526931355387294,0.991934782415686,0.9188315445112856,0.6984848484848485,,,,,,Java_low_results.csv
44,78,5,low,low,0.9926630549110276,0.6828731939857806,0.9901089295193652,0.9550308227655114,0.6333333333333333,,,,,,Java_low_results.csv
44,79,5,low,low,0.994243833611786,0.6926157426304774,0.9933861874873272,0.947046174973036,0.6978260869565218,,,,,,Java_low_results.csv
44,77,5,low,low,0.991747030159355,0.6647630733747231,0.9892670815938966,0.9432330344951904,0.6666666666666665,,,,,,Java_low_results.csv
44,99,5,low,low,0.99367386316619,0.7512000053956982,0.9925244779616296,0.9285255056327032,0.6984848484848485,,,,,,Java_low_results.csv
44,114,5,low,low,0.9926451317342182,0.6954357335036176,0.9903820759167292,0.9211270357340446,0.6521739130434783,,,,,,Java_low_results.csv
44,104,5,low,low,0.991442328923004,0.7524608727552029,0.989748727681447,0.8759100198758154,0.6666666666666666,,,,,,Java_low_results.csv
44,124,5,low,low,0.992079044561682,0.7383230491867973,0.9895807992074236,0.9264972035275726,0.7,,,,,,Java_low_results.csv
44,126,5,low,low,0.993065542215607,0.7285676322324097,0.9907850651583676,0.922719706749374,0.658125,,,,,,Java_low_results.csv
44,139,5,low,low,0.9925389223688518,0.7293801624850533,0.9905247881578008,0.9193071817556842,0.6399999999999999,,,,,,Java_low_results.csv
44,140,5,low,low,0.9931827039174372,0.7204346137712695,0.991340290510423,0.949670300391566,0.75,,,,,,Java_low_results.csv
44,132,5,low,low,0.99298973837626,0.747254344946344,0.9912653291252524,0.9091368651026568,0.6785714285714286,,,,,,Java_low_results.csv
44,164,5,low,low,0.9918812467726498,0.7015905546102783,0.991271484769736,0.896036851943474,0.721875,,,,,,Java_low_results.csv
44,128,5,low,low,0.9925001895636988,0.6856927899028029,0.9887977488309648,0.9126948572703928,0.6290322580645161,,,,,,Java_low_results.csv
44,170,5,low,low,0.9919825762088104,0.7954993600162743,0.9889515430674206,0.9095695202881529,0.6693989071038251,,,,,,Java_low_results.csv
44,180,5,low,low,0.9917350833744804,0.7636273111363474,0.9901519669071877,0.9233294983163034,0.6771235521235521,,,,,,Java_low_results.csv
44,182,5,low,low,0.9925630329676466,0.7383495329506887,0.9893823708350236,0.9187928741377138,0.6846590909090908,,,,,,Java_low_results.csv
44,176,5,low,low,0.9933937585086676,0.6968812097633443,0.9908854500551676,0.9107526254298388,0.674234693877551,,,,,,Java_low_results.csv
44,200,5,low,low,0.990845886754681,0.756040125726704,0.9897177443968432,0.93726174150738,0.6666666666666666,,,,,,Java_low_results.csv
44,208,5,low,low,0.9939287406332148,0.7135392674249087,0.9924965122922844,0.9209096707935768,0.6875,,,,,,Java_low_results.csv
44,179,5,low,low,0.993738798362842,0.673425137427121,0.9909145828449044,0.8921827407239563,0.6599999999999999,,,,,,Java_low_results.csv
44,101,5,low,low,0.9920298311133886,0.6717158094256616,0.9875892983957204,0.9009987161568722,0.6956521739130435,,,,,,Java_low_results.csv
56,60,5,low,low,0.9922512939615424,0.7474672142682042,0.9879616027502784,0.9492256352554028,0.6346153846153847,,,,,,Java_low_results.csv
56,65,5,low,low,0.9893089084679332,0.737659614491584,0.9840987831027904,0.8683739793533736,0.5833333333333333,,,,,,Java_low_results.csv
56,63,5,low,low,0.990999439460546,0.7528595534174952,0.9863502602351172,0.9282030579757052,0.592214663643235,,,,,,Java_low_results.csv
56,74,5,low,low,0.9912584007853764,0.7169309330945834,0.9884119857510512,0.9223059632982816,0.7114275414563807,,,,,,Java_low_results.csv
56,64,5,low,low,0.9923991209901736,0.7010081011726785,0.9882493886143404,0.8966246458584913,0.6201923076923077,,,,,,Java_low_results.csv
56,78,5,low,low,0.9931834444489316,0.6952156701990075,0.9902197101190424,0.9471985430660568,0.6363636363636364,,,,,,Java_low_results.csv
56,94,5,low,low,0.9930945294832676,0.7004388615311186,0.9919856690300064,0.9082335583425792,0.6137015781922525,,,,,,Java_low_results.csv
56,77,5,low,low,0.9927739681526409,0.7101305279741343,0.9890632706084196,0.9400318808888082,0.5862068965517242,,,,,,Java_low_results.csv
56,79,5,low,low,0.9942020280843668,0.7097670669356058,0.9918866451116104,0.9292993110759588,0.5904139433551199,,,,,,Java_low_results.csv
56,114,5,low,low,0.9916660043148864,0.7030490334583628,0.9869869194657293,0.903945486398845,0.6191683569979716,,,,,,Java_low_results.csv
56,99,5,low,low,0.9933596739575792,0.6741691376464295,0.9905306483034366,0.9439822399266736,0.6666666666666667,,,,,,Java_low_results.csv
56,104,5,low,low,0.9907302873256632,0.75910222386795,0.9876960479205996,0.862522369924,0.6153846153846154,,,,,,Java_low_results.csv
56,124,5,low,low,0.9929492925738734,0.6504048582134774,0.9902070889563058,0.9332541512720156,0.520159151193634,,,,,,Java_low_results.csv
56,126,5,low,low,0.9931040024528908,0.6373694001679355,0.9908179661435984,0.9363585186931755,0.6326530612244898,,,,,,Java_low_results.csv
56,139,5,low,low,0.992931482705706,0.6897603441786655,0.9901177039654256,0.9183654712468142,0.6602564102564104,,,,,,Java_low_results.csv
56,132,5,low,low,0.9926782425955276,0.7198658275102919,0.989808265221661,0.9130008914842548,0.5862068965517242,,,,,,Java_low_results.csv
56,140,5,low,low,0.9929286772093856,0.7134694548671608,0.99060323900549,0.9632009487842385,0.5893997445721584,,,,,,Java_low_results.csv
56,164,5,low,low,0.9918247319456932,0.7215424873696017,0.9878119913418124,0.9007089593032713,0.6428571428571428,,,,,,Java_low_results.csv
56,128,5,low,low,0.9925811723682768,0.698165732782287,0.9889608985383964,0.9203774781818228,0.6213204373423044,,,,,,Java_low_results.csv
56,170,5,low,low,0.991537694513024,0.7185481850394748,0.9887801052862036,0.9361775344947116,0.6363636363636365,,,,,,Java_low_results.csv
56,180,5,low,low,0.9923695152730948,0.7686759625245263,0.9898446378684768,0.941303819858762,0.6153846153846154,,,,,,Java_low_results.csv
56,182,5,low,low,0.9924371904746306,0.7039039342548427,0.9887114367583468,0.9386933209793366,0.6321225071225072,,,,,,Java_low_results.csv
56,176,5,low,low,0.9936010812501864,0.6873889665181481,0.990889968046298,0.9195468945143296,0.6339712918660287,,,,,,Java_low_results.csv
56,200,5,low,low,0.991452290180694,0.7705090728975869,0.986933603919612,0.9374305027143311,0.6233108108108107,,,,,,Java_low_results.csv
56,208,5,low,low,0.9937018052004358,0.6835509541430334,0.9923146329782904,0.90819464619888,0.5806451612903225,,,,,,Java_low_results.csv
56,179,5,low,low,0.9934838966825196,0.6736431954915398,0.9905546626142152,0.9137047355973544,0.6153846153846154,,,,,,Java_low_results.csv
56,101,5,low,low,0.9920635732162588,0.6649881188681614,0.9869144800049984,0.9219444403205268,0.606060606060606,,,,,,Java_low_results.csv
60,65,5,low,low,0.989040447683685,0.6814422090662235,0.9845817052407972,0.8804035958510058,0.6818181818181819,,,,,,Java_low_results.csv
60,74,5,low,low,0.9913604545871608,0.7528567377070854,0.9869023900795192,0.8942923204574,0.6666666666666666,,,,,,Java_low_results.csv
60,63,5,low,low,0.9901165190516849,0.7534730729219066,0.9863506866639816,0.9369968756334202,0.6666666666666666,,,,,,Java_low_results.csv
60,94,5,low,low,0.9918823190694512,0.7284267535185053,0.9877793673364508,0.9109416792810672,0.6666666666666667,,,,,,Java_low_results.csv
60,78,5,low,low,0.9921656267622584,0.7182052132106904,0.9902305938702926,0.954840184604486,0.6666666666666666,,,,,,Java_low_results.csv
60,64,5,low,low,0.9920735856541538,0.7495966793899272,0.988850576768624,0.8591121253805926,0.6666666666666666,,,,,,Java_low_results.csv
60,79,5,low,low,0.9931822027327876,0.7641734099586043,0.990476854080516,0.9309377162900204,0.676470588235294,,,,,,Java_low_results.csv
60,114,5,low,low,0.9911622912311424,0.6839774932310485,0.987670670071075,0.8945568527431051,0.6978260869565218,,,,,,Java_low_results.csv
60,77,5,low,low,0.9911769040561876,0.7633487966796981,0.9876258861031104,0.9322366486876844,0.6666666666666667,,,,,,Java_low_results.csv
60,104,5,low,low,0.990435901473036,0.7222724633762401,0.9886267602795706,0.881499260538179,0.6521739130434783,,,,,,Java_low_results.csv
60,99,5,low,low,0.9931935183689472,0.7365563586449972,0.9917394276119332,0.9298380453895156,0.7,,,,,,Java_low_results.csv
60,124,5,low,low,0.9921105416866602,0.7611117787615919,0.9903744017315856,0.8971926483563908,0.6666666666666667,,,,,,Java_low_results.csv
60,139,5,low,low,0.9913987263622788,0.6907294328501201,0.9881479813947384,0.9082814080384728,0.6666666666666666,,,,,,Java_low_results.csv
60,140,5,low,low,0.991630582285992,0.708553074471848,0.9900697602364248,0.9304282649585,0.6888888888888889,,,,,,Java_low_results.csv
60,126,5,low,low,0.9924747493008372,0.763734872515941,0.9903486543254272,0.931893318104604,0.6956521739130435,,,,,,Java_low_results.csv
60,132,5,low,low,0.9919488907286128,0.7573085163042053,0.9901847746716772,0.910425304272748,0.6666666666666667,,,,,,Java_low_results.csv
60,164,5,low,low,0.9909344712158306,0.6886687839977337,0.9897310279707766,0.8828112658500049,0.6787096774193548,,,,,,Java_low_results.csv
60,180,5,low,low,0.9912965775373502,0.7598084073507343,0.9897969133398484,0.924943019287594,0.6521739130434783,,,,,,Java_low_results.csv
60,170,5,low,low,0.992445219959686,0.7544314581729854,0.9892646106356944,0.9418019965659016,0.6666666666666666,,,,,,Java_low_results.csv
60,128,5,low,low,0.9928295883640113,0.7326741522577696,0.9903285694518392,0.9273336991889476,0.6842105263157894,,,,,,Java_low_results.csv
60,182,5,low,low,0.9921804264783822,0.7788885035963294,0.9891242192146876,0.9169176008546857,0.7,,,,,,Java_low_results.csv
60,200,5,low,low,0.9898314321022073,0.7882486103328964,0.9859354336433328,0.9181697171169876,0.6799999999999999,,,,,,Java_low_results.csv
60,176,5,low,low,0.9937782565578096,0.7474542824685277,0.9913761283162164,0.9294857152101066,0.6804255319148936,,,,,,Java_low_results.csv
60,208,5,low,low,0.9928648910551862,0.7110072199309859,0.9904694363027944,0.9183054363472704,0.6521739130434783,,,,,,Java_low_results.csv
60,179,5,low,low,0.9935383537870353,0.7669900372086259,0.9904035721159686,0.9216865382115512,0.6521739130434783,,,,,,Java_low_results.csv
63,65,5,low,low,0.9885254021570196,0.605252576036311,0.984914996339048,0.876445801878747,0.6363636363636365,,,,,,Java_low_results.csv
63,74,5,low,low,0.9901987664520664,0.6612070083450081,0.9842560447890484,0.9096662626894696,0.6666666666666666,,,,,,Java_low_results.csv
63,94,5,low,low,0.9909619990090544,0.7445733556176106,0.987555674078872,0.9089252684454788,0.6666666666666667,,,,,,Java_low_results.csv
63,78,5,low,low,0.9919342694290156,0.7171801730691445,0.9891777508680148,0.9376002688954012,0.6666666666666666,,,,,,Java_low_results.csv
63,64,5,low,low,0.9916704628524328,0.7557017043655418,0.9887049139598932,0.9161937815608094,0.6947648624667259,,,,,,Java_low_results.csv
60,101,5,low,low,0.9923867369340358,0.6545626699884539,0.9885422329640664,0.9015738418188612,0.7142857142857143,,,,,,Java_low_results.csv
63,114,5,low,low,0.9890043225176725,0.650806853563977,0.9819717324103188,0.9019571671212684,0.7124060150375939,,,,,,Java_low_results.csv
63,79,5,low,low,0.9919936688919212,0.6889811146153706,0.9897453695457566,0.930947265402436,0.6666666666666667,,,,,,Java_low_results.csv
63,104,5,low,low,0.9892046788239796,0.7252381849507494,0.98835359832441,0.8669469104658214,0.6851713859910582,,,,,,Java_low_results.csv
63,77,5,low,low,0.991253729503736,0.7093673444192082,0.9894718533042623,0.9141366513812392,0.6410256410256411,,,,,,Java_low_results.csv
63,99,5,low,low,0.9926321567206884,0.7357157474587883,0.9902043187392732,0.9383895106957032,0.6666666666666667,,,,,,Java_low_results.csv
63,124,5,low,low,0.9908808270862338,0.7217064690517654,0.9884485270346048,0.9411782444688184,0.6666666666666665,,,,,,Java_low_results.csv
63,139,5,low,low,0.9903882536974584,0.6955799251318925,0.9877467650336428,0.9140277391087878,0.6486486486486487,,,,,,Java_low_results.csv
63,140,5,low,low,0.9907172426570032,0.6569415346280039,0.986006209063954,0.927448251405142,0.6759189797449363,,,,,,Java_low_results.csv
63,126,5,low,low,0.99180154254639,0.7332957734450137,0.989484140450306,0.908140998049304,0.6666666666666667,,,,,,Java_low_results.csv
63,132,5,low,low,0.9921440516838368,0.7203185486849748,0.9894852802747404,0.921156898975684,0.6666666666666666,,,,,,Java_low_results.csv
63,164,5,low,low,0.9900897724082504,0.7365166794826846,0.985262447102056,0.9180594483509634,0.7083333333333334,,,,,,Java_low_results.csv
63,180,5,low,low,0.9909772112738912,0.7528765726812878,0.9888539057603424,0.9157805319733084,0.6923076923076923,,,,,,Java_low_results.csv
63,170,5,low,low,0.9918433008749932,0.7392662444558042,0.9897825531345088,0.9063017063976104,0.6666666666666666,,,,,,Java_low_results.csv
63,128,5,low,low,0.9911748485374254,0.7243049116660272,0.9875419177997264,0.9073215576948724,0.6666666666666667,,,,,,Java_low_results.csv
63,182,5,low,low,0.9915998907872764,0.7419666477395057,0.9880042771238344,0.9228055394970872,0.683375104427736,,,,,,Java_low_results.csv
63,200,5,low,low,0.9900901123767528,0.6630718623417912,0.987229670124658,0.933546592604704,0.6324561403508773,,,,,,Java_low_results.csv
63,208,5,low,low,0.9914008238968176,0.7287007662901908,0.989301383054404,0.9379596077163056,0.6666666666666667,,,,,,Java_low_results.csv
63,176,5,low,low,0.9923509928454176,0.7334144156950706,0.990117573776384,0.9335143184803542,0.6666666666666666,,,,,,Java_low_results.csv
63,179,5,low,low,0.9928166149860578,0.7083273535416679,0.9901590501611702,0.9204752893816962,0.6394444444444445,,,,,,Java_low_results.csv
64,65,5,low,low,0.9890210153804178,0.6282517388971207,0.9850157568696184,0.8263828499171011,0.6944444444444445,,,,,,Java_low_results.csv
64,74,5,low,low,0.9911406174385676,0.6529694511078776,0.9868195286616996,0.8742208210199407,0.653846153846154,,,,,,Java_low_results.csv
64,94,5,low,low,0.9921929402825675,0.7107975768074035,0.988223955276746,0.8544418717089253,0.6837662337662338,,,,,,Java_low_results.csv
64,114,5,low,low,0.9903355006986826,0.6084906502242997,0.9847764759596974,0.8908111769343149,0.6944444444444445,,,,,,Java_low_results.csv
64,78,5,low,low,0.9918632805439268,0.6921654953778758,0.9883304674737676,0.8918102282759688,0.6799999999999999,,,,,,Java_low_results.csv
63,101,5,low,low,0.9915520326088252,0.6736320893874848,0.9880915724117484,0.9112571777226164,0.6929280397022333,,,,,,Java_low_results.csv
64,104,5,low,low,0.9907934737133838,0.7033102169518236,0.9887283560419614,0.8656723648624397,0.6956521739130435,,,,,,Java_low_results.csv
64,79,5,low,low,0.9928014726937152,0.7471826637304821,0.9901970428256296,0.8872512986660506,0.6779953917050692,,,,,,Java_low_results.csv
64,99,5,low,low,0.9931374104926932,0.7330432852521983,0.991473156285758,0.9011604640097608,0.7142857142857142,,,,,,Java_low_results.csv
64,77,5,low,low,0.9917159966497674,0.7602945632020267,0.9897485704486424,0.910685350873356,0.6666666666666667,,,,,,Java_low_results.csv
64,139,5,low,low,0.9922377437237916,0.6281112416645512,0.989870252916598,0.8801676686175923,0.6382978723404256,,,,,,Java_low_results.csv
64,124,5,low,low,0.9922002953585818,0.7068663310855244,0.9889246701373056,0.8782827352302502,0.7,,,,,,Java_low_results.csv
64,140,5,low,low,0.9922440736478504,0.6836793526615339,0.987303322811205,0.8905948200909366,0.6666666666666667,,,,,,Java_low_results.csv
64,126,5,low,low,0.9927618173413376,0.7374918554058806,0.9907069796192164,0.9242240980551282,0.6799999999999999,,,,,,Java_low_results.csv
64,132,5,low,low,0.9917052137467938,0.7475187257420917,0.9889569131367544,0.9057011177516668,0.6923076923076923,,,,,,Java_low_results.csv
64,164,5,low,low,0.9913760773155388,0.6877157429652324,0.9879183972913133,0.8947210056034844,0.6852134146341463,,,,,,Java_low_results.csv
64,180,5,low,low,0.9921459974817332,0.7170461434737772,0.989394228924682,0.8851517724056024,0.6923076923076923,,,,,,Java_low_results.csv
64,208,5,low,low,0.9925190888501112,0.7240887413818387,0.9894714398718673,0.8948394213705078,0.6545092838196287,,,,,,Java_low_results.csv
64,170,5,low,low,0.9923455220769546,0.7676928305113042,0.989719522317843,0.8909710643520239,0.675,,,,,,Java_low_results.csv
64,200,5,low,low,0.99064109269153,0.6711412399996142,0.9871116737263428,0.9105089388314016,0.6511627906976745,,,,,,Java_low_results.csv
64,182,5,low,low,0.99284234116277,0.7423385432045505,0.9894566139186785,0.9045876245726244,0.6799999999999999,,,,,,Java_low_results.csv
64,128,5,low,low,0.9921162624631212,0.6922613401540517,0.9896419062781338,0.9081553032873526,0.6597341337907376,,,,,,Java_low_results.csv
64,176,5,low,low,0.9926791050863136,0.7527096788553314,0.9905002995227572,0.9074498227852712,0.6799999999999999,,,,,,Java_low_results.csv
65,74,5,low,low,0.9878221678119464,0.7159457301645779,0.9831895439919732,0.9044560442578268,0.6666666666666666,,,,,,Java_low_results.csv
64,179,5,low,low,0.9929721827071354,0.74164829464678,0.9910530851812244,0.920314608314846,0.6551724137931034,,,,,,Java_low_results.csv
65,78,5,low,low,0.9914055361588,0.6123293060434799,0.9883355155062544,0.8977259951282582,0.6956521739130435,,,,,,Java_low_results.csv
65,94,5,low,low,0.9904611278365916,0.6906457709193492,0.984530751514789,0.8218806981650378,0.6521739130434783,,,,,,Java_low_results.csv
65,79,5,low,low,0.991528163618232,0.6953874784126991,0.9873156148410146,0.8586217628621037,0.7173913043478262,,,,,,Java_low_results.csv
65,77,5,low,low,0.9898093456355064,0.6503819417184817,0.9863571546771442,0.876964520760642,0.6956521739130435,,,,,,Java_low_results.csv
65,99,5,low,low,0.9927806950989604,0.6416906464767294,0.991100921973599,0.8524122637143555,0.7352941176470589,,,,,,Java_low_results.csv
65,104,5,low,low,0.9878497517250684,0.6435194313727646,0.9828660523857004,0.9172879849426678,0.8333333333333334,,,,,,Java_low_results.csv
65,114,5,low,low,0.989768721452245,0.7331341823588888,0.983131285463556,0.9320498644147188,0.7148387096774194,,,,,,Java_low_results.csv
65,124,5,low,low,0.9904240599664575,0.6596857056261005,0.9876457138396914,0.8881635912422781,0.8,,,,,,Java_low_results.csv
65,126,5,low,low,0.9905411790186108,0.6704073441036347,0.9878921107617477,0.8173457759095075,0.7018518518518518,,,,,,Java_low_results.csv
65,139,5,low,low,0.988243367585375,0.7003949935920069,0.9855070365704254,0.9001854185230979,0.645,,,,,,Java_low_results.csv
65,132,5,low,low,0.9903166360670276,0.6526104190436299,0.9880283524346252,0.9047530327701808,0.8,,,,,,Java_low_results.csv
65,140,5,low,low,0.9894092175380558,0.7393288642258912,0.9861773637398402,0.8754659877857199,0.7549999999999999,,,,,,Java_low_results.csv
65,128,5,low,low,0.9905607939653388,0.644717132835092,0.98760411079738,0.8835152839609706,0.6551724137931034,,,,,,Java_low_results.csv
65,164,5,low,low,0.98819312717685,0.713010134398889,0.9855808876654149,0.9274058318258748,0.7673160173160174,,,,,,Java_low_results.csv
65,170,5,low,low,0.990242671894685,0.6324424419211763,0.9858314688447032,0.8847547519330078,0.6666666666666666,,,,,,Java_low_results.csv
65,180,5,low,low,0.9871388932739004,0.6720328032203946,0.9828663138921312,0.859428896483497,0.6666666666666667,,,,,,Java_low_results.csv
65,176,5,low,low,0.9924272644244364,0.5962264415255647,0.9893329761209696,0.8551348779636745,0.6875,,,,,,Java_low_results.csv
65,182,5,low,low,0.990037198198801,0.6848679710372032,0.986536515201734,0.8841713853615724,0.7692307692307693,,,,,,Java_low_results.csv
65,101,5,low,low,0.9907502550091872,0.5450640706754504,0.985285389773171,0.8338619569502818,0.7272727272727273,,,,,,Java_low_results.csv
65,200,5,low,low,0.9862398865208732,0.6979919587880836,0.981375031552054,0.8699950782644215,0.7804878048780488,,,,,,Java_low_results.csv
65,179,5,low,low,0.9923359676732592,0.6344927076964971,0.9893991318041592,0.901642727284334,0.6296296296296298,,,,,,Java_low_results.csv
65,208,5,low,low,0.9923206268661686,0.6100462818732365,0.9897737619047108,0.8901458081028025,0.7777777777777779,,,,,,Java_low_results.csv
64,101,5,low,low,0.9922328564637865,0.6997323740551293,0.989390845644112,0.9166414228662298,0.6956521739130435,,,,,,Java_low_results.csv
74,78,5,low,low,0.993285742785554,0.7121711497888303,0.9892750710236432,0.9398392010746608,0.6833333333333333,,,,,,Java_low_results.csv
74,77,5,low,low,0.9913312352435304,0.6709139786238446,0.9865749959797768,0.903910257737977,0.7083333333333334,,,,,,Java_low_results.csv
74,94,5,low,low,0.9921122424674412,0.6515828473265062,0.9899384616504052,0.8407141115498262,0.6363636363636365,,,,,,Java_low_results.csv
74,79,5,low,low,0.9934185845165568,0.6732082434886979,0.9917861408215112,0.9009531550999408,0.653453689167975,,,,,,Java_low_results.csv
74,99,5,low,low,0.993691497995323,0.6100230233190629,0.9914418093628156,0.9024904571597268,0.6875,,,,,,Java_low_results.csv
74,104,5,low,low,0.9894250194895492,0.6481730772176594,0.985248902012014,0.9042604759459628,0.6339712918660287,,,,,,Java_low_results.csv
74,114,5,low,low,0.989378221904494,0.7427319037324751,0.9846054024596615,0.937064587797176,0.6666666666666666,,,,,,Java_low_results.csv
74,124,5,low,low,0.991915702683218,0.6346621261870362,0.9889113048645686,0.9298042500237248,0.6801948051948052,,,,,,Java_low_results.csv
74,126,5,low,low,0.9921609920279972,0.6773768176010722,0.9883838930970752,0.8825498790639,0.6799999999999999,,,,,,Java_low_results.csv
74,139,5,low,low,0.9908522782689044,0.6239561717479165,0.98776973850932,0.9210056635124008,0.6666666666666666,,,,,,Java_low_results.csv
74,132,5,low,low,0.9926908776964588,0.6303832867417141,0.9895816859776596,0.9128981681773176,0.6282894736842105,,,,,,Java_low_results.csv
74,140,5,low,low,0.990691105139156,0.6566702766256638,0.9907455470990394,0.941417389472932,0.6876847290640393,,,,,,Java_low_results.csv
74,128,5,low,low,0.9918760522360096,0.6225754059256402,0.9872102757238446,0.9322914728247882,0.6785714285714286,,,,,,Java_low_results.csv
74,164,5,low,low,0.9907414292388004,0.6996889381155633,0.9881756680460808,0.9296880353038816,0.7142857142857143,,,,,,Java_low_results.csv
74,170,5,low,low,0.9915041005039948,0.7210590580419622,0.9865941698922316,0.9484016070682046,0.6842105263157894,,,,,,Java_low_results.csv
74,180,5,low,low,0.990190837499125,0.6986906726889723,0.9863698927085564,0.9320226553840442,0.6956521739130435,,,,,,Java_low_results.csv
74,101,5,low,low,0.9919173498964122,0.5975838876842019,0.9869923288968327,0.8830230403757462,0.6666666666666666,,,,,,Java_low_results.csv
74,176,5,low,low,0.9929323046182568,0.619449482893448,0.990809130759068,0.8874028869819153,0.6666666666666666,,,,,,Java_low_results.csv
74,182,5,low,low,0.9917824101770314,0.7201639874285757,0.9877072110858064,0.9194181971273844,0.6939799331103679,,,,,,Java_low_results.csv
74,179,5,low,low,0.9933047434182404,0.6606046631245879,0.9888754774645536,0.912630946684816,0.6729020979020979,,,,,,Java_low_results.csv
74,200,5,low,low,0.9896930569347706,0.7260493389304193,0.9831123503761504,0.9053084014732145,0.6575187969924812,,,,,,Java_low_results.csv
74,208,5,low,low,0.9940189836235586,0.6371046034580565,0.9902470864158271,0.9141621645896206,0.6428571428571428,,,,,,Java_low_results.csv
77,94,5,low,low,0.9915768580687072,0.6906441612186003,0.988042154476398,0.8971300353446144,0.6666666666666667,,,,,,Java_low_results.csv
77,114,5,low,low,0.9914408297872452,0.5850540058094849,0.9859786891685404,0.9145059689733478,0.6551724137931034,,,,,,Java_low_results.csv
77,78,5,low,low,0.9918636371786144,0.715895640825976,0.9891165959229696,0.9403787570740588,0.6408730158730158,,,,,,Java_low_results.csv
77,79,5,low,low,0.9925379701444258,0.7492989634648435,0.9917307150075328,0.9111192980283062,0.6785714285714286,,,,,,Java_low_results.csv
77,104,5,low,low,0.990040053996034,0.6794838893672146,0.9877561573223008,0.8933446103496239,0.6818181818181819,,,,,,Java_low_results.csv
77,99,5,low,low,0.9923691056857734,0.7393523418611836,0.9900086992699672,0.928082979326744,0.6809090909090909,,,,,,Java_low_results.csv
77,139,5,low,low,0.9923569570017164,0.66370019871823,0.9889422443396848,0.929035871982666,0.6405128205128205,,,,,,Java_low_results.csv
77,124,5,low,low,0.9915274924434476,0.6945041179459217,0.9895701344836269,0.9369571968128424,0.6666666666666667,,,,,,Java_low_results.csv
77,140,5,low,low,0.9924905227322468,0.6321744777423267,0.9892829732328976,0.9228895243054897,0.6666666666666667,,,,,,Java_low_results.csv
77,164,5,low,low,0.990758335743857,0.6642582517267187,0.9891751191456992,0.9165063381864004,0.736842105263158,,,,,,Java_low_results.csv
77,126,5,low,low,0.991812942760256,0.752312675817704,0.9896336226802186,0.9013959775483242,0.6956521739130435,,,,,,Java_low_results.csv
77,132,5,low,low,0.9923480266083164,0.724636731821537,0.9908830089011786,0.9122601369867056,0.6809090909090909,,,,,,Java_low_results.csv
77,180,5,low,low,0.9917182840277078,0.7075456504359388,0.988424912131478,0.9446632584112926,0.6399999999999999,,,,,,Java_low_results.csv
77,200,5,low,low,0.991257263157843,0.7430256780569536,0.9881229971240664,0.9233532101278048,0.6525862068965517,,,,,,Java_low_results.csv
77,182,5,low,low,0.99224806067881,0.7368004636385542,0.98946185730015,0.9275782747921228,0.6666666666666666,,,,,,Java_low_results.csv
77,170,5,low,low,0.9922054774637904,0.7757585075481259,0.989138498971418,0.9151721538895664,0.6666666666666666,,,,,,Java_low_results.csv
77,208,5,low,low,0.9920016073539356,0.7271895489333349,0.9903453484148614,0.9419262487082388,0.6666666666666667,,,,,,Java_low_results.csv
77,128,5,low,low,0.9922980124730434,0.7051044314087629,0.990207254380728,0.9195812823307198,0.6444444444444445,,,,,,Java_low_results.csv
77,176,5,low,low,0.99324231259871,0.7749593531904622,0.9918168477044836,0.9238929484649396,0.6551724137931034,,,,,,Java_low_results.csv
77,179,5,low,low,0.9928194096173244,0.7532977437787224,0.9905178983596225,0.9211852290787248,0.6705426356589148,,,,,,Java_low_results.csv
78,94,5,low,low,0.9928407372171802,0.700288249483604,0.989785361127236,0.8877699998898713,0.6744186046511629,,,,,,Java_low_results.csv
78,79,5,low,low,0.9941721485654096,0.7214181123323802,0.9924521680523746,0.9472207535757738,0.6799999999999999,,,,,,Java_low_results.csv
78,114,5,low,low,0.9924841300155118,0.6288396698847367,0.9899613399373028,0.9127680410959124,0.7142857142857142,,,,,,Java_low_results.csv
78,104,5,low,low,0.9921472565418368,0.7405488215099048,0.9890829340312512,0.9049591925520594,0.6818181818181819,,,,,,Java_low_results.csv
78,99,5,low,low,0.9932918987964358,0.7195067732738283,0.991059990798732,0.936465233386705,0.7126984126984126,,,,,,Java_low_results.csv
78,124,5,low,low,0.993394053037542,0.718262222012081,0.9906675618372822,0.9421777786690252,0.6933760683760684,,,,,,Java_low_results.csv
78,139,5,low,low,0.99397800770284,0.6440505779013967,0.9929139004746852,0.9399899932798002,0.6530100334448161,,,,,,Java_low_results.csv
78,140,5,low,low,0.9933091511804047,0.6390961020373148,0.9930771246501852,0.9489858719307404,0.6818181818181819,,,,,,Java_low_results.csv
78,126,5,low,low,0.9931815834762434,0.7090003368679424,0.991369678066542,0.92926500201018,0.6792857142857143,,,,,,Java_low_results.csv
78,132,5,low,low,0.9928847167228236,0.7469140811100429,0.9910980106955004,0.9154152185161056,0.6857366771159874,,,,,,Java_low_results.csv
78,164,5,low,low,0.9916649425276844,0.7457864417218364,0.9894964143214694,0.9361536105352524,0.6799999999999999,,,,,,Java_low_results.csv
78,180,5,low,low,0.9936165669744652,0.7197954537725217,0.9907401434126182,0.9475442604628546,0.625,,,,,,Java_low_results.csv
78,170,5,low,low,0.992892144913903,0.7079226722046981,0.990774167036828,0.9398555833716584,0.6410256410256411,,,,,,Java_low_results.csv
78,128,5,low,low,0.9927612198423874,0.6665241773046819,0.9910244197565312,0.9123929537183932,0.625,,,,,,Java_low_results.csv
77,101,5,low,low,0.9922235366771468,0.6852384463506591,0.9894501085393472,0.9071897399959276,0.6969696969696969,,,,,,Java_low_results.csv
78,182,5,low,low,0.9933884785190612,0.7587874310411047,0.9909402677789348,0.9226579574621492,0.6666666666666667,,,,,,Java_low_results.csv
78,200,5,low,low,0.991674783431453,0.7111354655225858,0.9885311555397271,0.922809200691702,0.6692708333333334,,,,,,Java_low_results.csv
78,176,5,low,low,0.9941214301782368,0.7426770401322447,0.9920597391651604,0.918116232329404,0.6785714285714286,,,,,,Java_low_results.csv
78,208,5,low,low,0.9939399730711777,0.6791002775410506,0.9920465568640512,0.9489146684245208,0.6666666666666666,,,,,,Java_low_results.csv
78,179,5,low,low,0.9940850748217728,0.7237499350802516,0.9917007626300054,0.9059487696443542,0.638888888888889,,,,,,Java_low_results.csv
79,94,5,low,low,0.9935968163041538,0.7399663014995124,0.990829965145556,0.9299641951494036,0.676470588235294,,,,,,Java_low_results.csv
78,101,5,low,low,0.9921908256640392,0.6548937781338005,0.9880575155523976,0.915753477697721,0.6557112068965517,,,,,,Java_low_results.csv
79,114,5,low,low,0.9933695021925116,0.6755755430232249,0.9899559530358067,0.8567825651006622,0.6956521739130435,,,,,,Java_low_results.csv
79,104,5,low,low,0.99175009220383,0.7152589287919902,0.98884372176982,0.893061873167799,0.7142857142857142,,,,,,Java_low_results.csv
79,99,5,low,low,0.9940062356583128,0.7501631877746188,0.9932507862568092,0.9177523644503884,0.7058823529411764,,,,,,Java_low_results.csv
79,124,5,low,low,0.993624983699445,0.7521882973606225,0.99243013072645,0.8992178802332713,0.6818181818181819,,,,,,Java_low_results.csv
79,139,5,low,low,0.9939207046079188,0.7086315772808734,0.9915736339864464,0.8932089390351445,0.6551724137931034,,,,,,Java_low_results.csv
79,140,5,low,low,0.9934311691323526,0.678940536088261,0.9921325100803003,0.9489034031179876,0.6666666666666666,,,,,,Java_low_results.csv
79,126,5,low,low,0.9934267515046648,0.737621612486745,0.992206951566,0.9598804122689988,0.6823725055432373,,,,,,Java_low_results.csv
79,132,5,low,low,0.9935279080204972,0.6877758028067587,0.9919244371623724,0.9026011823909992,0.6956521739130435,,,,,,Java_low_results.csv
79,164,5,low,low,0.9937772086168702,0.6879309458030803,0.9919105148982432,0.8893120031468891,0.736842105263158,,,,,,Java_low_results.csv
79,180,5,low,low,0.9933946664303772,0.7201907364328167,0.9913691150078056,0.932273374660828,0.6821052631578948,,,,,,Java_low_results.csv
79,170,5,low,low,0.9928027262821836,0.7552777657044074,0.990975705143924,0.9272779175892844,0.6486486486486487,,,,,,Java_low_results.csv
79,128,5,low,low,0.9930971065546836,0.7128081288742673,0.9916791957918212,0.9321674491852832,0.6086956521739131,,,,,,Java_low_results.csv
79,182,5,low,low,0.9935417299929984,0.6768502650854122,0.992086154129286,0.9419972241044128,0.7096774193548387,,,,,,Java_low_results.csv
79,200,5,low,low,0.991599548879402,0.6847607831655879,0.9881116830997164,0.9335268204360132,0.6666666666666667,,,,,,Java_low_results.csv
79,208,5,low,low,0.9937534800591514,0.7342713223818929,0.9931131262498704,0.90772489325231,0.6666666666666666,,,,,,Java_low_results.csv
79,176,5,low,low,0.9946345475897328,0.719127752351178,0.9931525707027902,0.9268709203448504,0.6666666666666666,,,,,,Java_low_results.csv
79,179,5,low,low,0.9943867116251072,0.6984337407653431,0.992828828336927,0.9155591461957652,0.6521739130434783,,,,,,Java_low_results.csv
94,99,5,low,low,0.9939862518273308,0.6993616717086474,0.99217108196653,0.9090335695423288,0.6521739130434783,,,,,,Java_low_results.csv
94,104,5,low,low,0.990521442871574,0.7290175164671283,0.9883232890710936,0.885892551942766,0.7,,,,,,Java_low_results.csv
94,114,5,low,low,0.9919703421751864,0.6856548642179332,0.9876565132577648,0.8513218620990369,0.6742424242424242,,,,,,Java_low_results.csv
94,124,5,low,low,0.9927875012514596,0.7433000208253516,0.9910560833848,0.9109024339905416,0.6470588235294117,,,,,,Java_low_results.csv
79,101,5,low,low,0.9921823822675832,0.7191496000477884,0.988282854483056,0.8900179111108396,0.6875,,,,,,Java_low_results.csv
94,126,5,low,low,0.9926376468607694,0.7000095386200874,0.9902714721127336,0.9336016416608296,0.7037037037037037,,,,,,Java_low_results.csv
94,139,5,low,low,0.99204543415487,0.7476047157106374,0.9904537176932964,0.875215499011814,0.6296296296296298,,,,,,Java_low_results.csv
94,132,5,low,low,0.9930290043116392,0.6917232728336158,0.9904632423470846,0.9228490119883652,0.638888888888889,,,,,,Java_low_results.csv
94,140,5,low,low,0.9924130464043462,0.7591859858965802,0.9894970028214712,0.9038946673934418,0.653453689167975,,,,,,Java_low_results.csv
94,164,5,low,low,0.9905897342089564,0.7169546158812958,0.9889616941224464,0.8676514674281158,0.6666666666666666,,,,,,Java_low_results.csv
94,128,5,low,low,0.9920927111462324,0.6198426369588392,0.9880342524470708,0.8878187622100141,0.6984848484848485,,,,,,Java_low_results.csv
94,170,5,low,low,0.9923619608981126,0.757671206743071,0.9889795265945,0.8575419839798548,0.629100529100529,,,,,,Java_low_results.csv
94,180,5,low,low,0.992404570045181,0.7094246117727769,0.9899293257547276,0.9187779668583184,0.6711711711711712,,,,,,Java_low_results.csv
94,182,5,low,low,0.9927493271474392,0.6989119166214686,0.989567384009796,0.9060583364563906,0.6499999999999999,,,,,,Java_low_results.csv
94,176,5,low,low,0.9937159565784128,0.6996903991222291,0.9912925038236168,0.9147331269092348,0.6978260869565218,,,,,,Java_low_results.csv
94,200,5,low,low,0.98971248104215,0.6995008189730446,0.9863755997086162,0.8955306169174425,0.6666666666666667,,,,,,Java_low_results.csv
94,208,5,low,low,0.9942498166620086,0.7207882827025304,0.9922447574461842,0.8571111901101985,0.625,,,,,,Java_low_results.csv
94,179,5,low,low,0.9935389039636392,0.6792669447612101,0.9899765305693567,0.9395590046382604,0.6585365853658536,,,,,,Java_low_results.csv
94,101,5,low,low,0.9920709328839528,0.6341589980849075,0.9873715005603464,0.8825582513854007,0.629100529100529,,,,,,Java_low_results.csv
99,114,5,low,low,0.9935638930414988,0.5990049265112465,0.9923366150009206,0.8905887155882073,0.7142857142857142,,,,,,Java_low_results.csv
99,104,5,low,low,0.9925611213761432,0.6923397257038366,0.9902892167345914,0.8593525962394181,0.736842105263158,,,,,,Java_low_results.csv
99,124,5,low,low,0.9936672447169518,0.7515330209151675,0.9920304649142,0.9369408361735456,0.736842105263158,,,,,,Java_low_results.csv
99,139,5,low,low,0.9937943113723292,0.6079196008065175,0.9929826067966742,0.8786691379067803,0.6363636363636365,,,,,,Java_low_results.csv
99,140,5,low,low,0.993241115235424,0.6404797113728589,0.9922072469534788,0.9170981264889296,0.75,,,,,,Java_low_results.csv
99,126,5,low,low,0.9934218063238408,0.7185790456137275,0.99222243656525,0.9192809403249004,0.6963109354413702,,,,,,Java_low_results.csv
99,132,5,low,low,0.9922785261687638,0.7070966214510748,0.9908111479747764,0.9172098308284788,0.71875,,,,,,Java_low_results.csv
99,164,5,low,low,0.9932399260410916,0.7367132507261822,0.9921387316499108,0.8896674583313388,0.7307692307692308,,,,,,Java_low_results.csv
99,180,5,low,low,0.9936674443002812,0.728149683079546,0.991089282435628,0.9226272704653352,0.7142857142857142,,,,,,Java_low_results.csv
99,170,5,low,low,0.9934049413713286,0.793400931528354,0.990463124294812,0.8937903529560443,0.6666666666666666,,,,,,Java_low_results.csv
99,182,5,low,low,0.9928678281561348,0.7468663812746372,0.9920841678251814,0.9221232737018902,0.7041245791245792,,,,,,Java_low_results.csv
99,200,5,low,low,0.9922764329145356,0.7188059486110141,0.9887555251229456,0.9027656188975188,0.7142857142857142,,,,,,Java_low_results.csv
99,128,5,low,low,0.9932128643751515,0.7666255493770833,0.9911117041389812,0.917000653952537,0.6756756756756758,,,,,,Java_low_results.csv
99,208,5,low,low,0.9939180201769976,0.7046817038282935,0.9924963107733128,0.880227496545689,0.7,,,,,,Java_low_results.csv
99,176,5,low,low,0.9938822094351756,0.7385049775318926,0.9923563256429844,0.948915230460752,0.6666666666666666,,,,,,Java_low_results.csv
99,179,5,low,low,0.993845322328032,0.7203416747578871,0.9922311469081244,0.8799206495818798,0.6666666666666666,,,,,,Java_low_results.csv
99,101,5,low,low,0.992704466330984,0.7144290002799977,0.9886907730343112,0.909498665388409,0.7272727272727273,,,,,,Java_low_results.csv
101,114,5,low,low,0.991556629283042,0.5818047499543836,0.9861573294543664,0.9107495814714158,0.7307185234014502,,,,,,Java_low_results.csv
101,139,5,low,low,0.9920325482320062,0.5745582758345111,0.987189498626587,0.9302760470639174,0.6909814323607427,,,,,,Java_low_results.csv
101,104,5,low,low,0.9914301736219224,0.6104774008705094,0.9875911105493502,0.8691609745992758,0.7142857142857143,,,,,,Java_low_results.csv
101,164,5,low,low,0.9914441223474748,0.6109907452856805,0.9871958288169098,0.9135526136917688,0.717948717948718,,,,,,Java_low_results.csv
101,140,5,low,low,0.9920926008461886,0.6238288316457696,0.9875209282416072,0.9198646887229448,0.7272727272727273,,,,,,Java_low_results.csv
101,124,5,low,low,0.9922896888209388,0.6402950078602873,0.9887051689857488,0.9027904752700984,0.6823725055432373,,,,,,Java_low_results.csv
101,182,5,low,low,0.992232239708026,0.7148550287143995,0.989241540677786,0.9021903825664958,0.6666666666666666,,,,,,Java_low_results.csv
101,180,5,low,low,0.9919340793394528,0.615921687493821,0.9867221559063274,0.906563783300344,0.6799999999999999,,,,,,Java_low_results.csv
101,208,5,low,low,0.9920814725631392,0.6333490539620577,0.9882538364454616,0.9235757541529002,0.6896551724137931,,,,,,Java_low_results.csv
101,176,5,low,low,0.9925750379300168,0.7197835220586826,0.9892433450563536,0.9176840784097662,0.6666666666666666,,,,,,Java_low_results.csv
101,170,5,low,low,0.9926805513883274,0.6988522967899718,0.9896386367895068,0.929021304816424,0.6776927282668125,,,,,,Java_low_results.csv
104,114,5,low,low,0.9889792854538684,0.6456325838459412,0.9850515405159752,0.898416121970012,0.7119815668202765,,,,,,Java_low_results.csv
104,124,5,low,low,0.991255346512847,0.7491660876695521,0.9885810649280418,0.8623017545451869,0.7894736842105263,,,,,,Java_low_results.csv
101,126,5,low,low,0.9922867701880892,0.6985274723424073,0.989759829454576,0.8910873527168405,0.6774193548387097,,,,,,Java_low_results.csv
104,126,5,low,low,0.9916440896115876,0.7328726674598316,0.9894163936144932,0.9051657052907144,0.7,,,,,,Java_low_results.csv
104,139,5,low,low,0.9894706450954658,0.679371615360223,0.9835187796901218,0.8859611229265925,0.6,,,,,,Java_low_results.csv
101,200,5,low,low,0.9912320865738208,0.6330162284493072,0.987650843858956,0.8855722975051613,0.6956521739130435,,,,,,Java_low_results.csv
104,140,5,low,low,0.9915123702706432,0.705513824260285,0.9899313606375448,0.89196103471823,0.75,,,,,,Java_low_results.csv
104,132,5,low,low,0.991497568158237,0.7087427862187301,0.9892947944195484,0.8974710908764173,0.7619047619047619,,,,,,Java_low_results.csv
101,132,5,low,low,0.9922406536672268,0.7039295497604945,0.9891220560746836,0.890134766850612,0.72,,,,,,Java_low_results.csv
104,164,5,low,low,0.990125147157363,0.6837058947613666,0.9877830223500432,0.8975413457935448,0.7413381123058542,,,,,,Java_low_results.csv
104,128,5,low,low,0.991268951686352,0.6504566918241423,0.986960858494556,0.904215145789922,0.6363636363636365,,,,,,Java_low_results.csv
104,170,5,low,low,0.9912513698669104,0.7573994964395945,0.9883705984289204,0.9181142284146868,0.625,,,,,,Java_low_results.csv
104,180,5,low,low,0.9887874566933428,0.6908870716614497,0.9837368214724392,0.8869497156163015,0.6984848484848485,,,,,,Java_low_results.csv
101,128,5,low,low,0.9924842383280472,0.7101832528424175,0.9897787666288292,0.9308739584286074,0.6666666666666665,,,,,,Java_low_results.csv
104,182,5,low,low,0.9913033820128077,0.6799058473734693,0.9871317477409324,0.8475955873487429,0.7352941176470589,,,,,,Java_low_results.csv
104,200,5,low,low,0.9884755462554864,0.7434893023453215,0.9838073946271836,0.8507458030973547,0.75,,,,,,Java_low_results.csv
104,176,5,low,low,0.9929993166352652,0.6832709201603842,0.9917130823815165,0.8768609322953654,0.6475155279503105,,,,,,Java_low_results.csv
104,208,5,low,low,0.9920566730236432,0.6925815077282693,0.9911908041714158,0.8787433568746273,0.7619047619047619,,,,,,Java_low_results.csv
104,179,5,low,low,0.9922397816348888,0.685107996720999,0.9904090983723164,0.905568902408577,0.6071428571428572,,,,,,Java_low_results.csv
101,179,5,low,low,0.9930079537522328,0.7534807741048736,0.9902692982439624,0.8890409659467293,0.6666666666666666,,,,,,Java_low_results.csv
114,124,5,low,low,0.9919682815041436,0.7226715602100333,0.988526568207794,0.9425721340133424,0.7619047619047619,,,,,,Java_low_results.csv
114,126,5,low,low,0.9931183193488562,0.6487952192143276,0.9890955831032204,0.8726212681285411,0.7142857142857142,,,,,,Java_low_results.csv
114,132,5,low,low,0.9922513443861418,0.6514231252004103,0.9887860356485916,0.9181223143390116,0.7142857142857142,,,,,,Java_low_results.csv
114,139,5,low,low,0.9921518171194094,0.7146969139616008,0.9890577678008712,0.9440658262774534,0.7096774193548387,,,,,,Java_low_results.csv
114,140,5,low,low,0.9911135865883044,0.6884435874632511,0.9902660315840014,0.940786940382784,0.7142857142857142,,,,,,Java_low_results.csv
114,128,5,low,low,0.9917368290223676,0.5943962389076725,0.9870739512287204,0.8906852257380422,0.6976744186046512,,,,,,Java_low_results.csv
114,164,5,low,low,0.9894692335005838,0.6564796637187256,0.9879262523504428,0.9459629540558464,0.7290209790209791,,,,,,Java_low_results.csv
114,170,5,low,low,0.991442714060997,0.6460827928148996,0.9873368217029695,0.9473855110101936,0.6504112808460635,,,,,,Java_low_results.csv
114,180,5,low,low,0.9914548800459568,0.6734501684657279,0.9891801033335268,0.9357096797267848,0.7,,,,,,Java_low_results.csv
114,176,5,low,low,0.9931228214693736,0.6702350466640024,0.9900691968615536,0.9109157150678128,0.7000000000000001,,,,,,Java_low_results.csv
114,182,5,low,low,0.9907806328895552,0.685227859937881,0.986733477351165,0.8852978950799215,0.7037037037037037,,,,,,Java_low_results.csv
114,179,5,low,low,0.9930986327750198,0.5953992749262564,0.9906346177049709,0.8723414638305458,0.676470588235294,,,,,,Java_low_results.csv
114,200,5,low,low,0.9891586649499406,0.6599331517505295,0.9833173725117016,0.8623405824567671,0.717948717948718,,,,,,Java_low_results.csv
114,208,5,low,low,0.9936832118509954,0.6082150587319508,0.9914333239356486,0.9307799734099784,0.7,,,,,,Java_low_results.csv
124,139,5,low,low,0.9925244264972024,0.6846613748100616,0.9898288481797928,0.9309458369026956,0.5862068965517242,,,,,,Java_low_results.csv
124,126,5,low,low,0.9927381734009132,0.7275228617495537,0.991508320674219,0.8962392644297502,0.7142857142857142,,,,,,Java_low_results.csv
124,140,5,low,low,0.9921659634128086,0.7287335808140514,0.989214593507081,0.9489440823441372,0.75,,,,,,Java_low_results.csv
124,132,5,low,low,0.9929834869432206,0.743237957452576,0.9901847746716772,0.922313339212642,0.7619047619047619,,,,,,Java_low_results.csv
124,164,5,low,low,0.9913548818085968,0.7002720140510963,0.990171513061853,0.9494550737254904,0.7692307692307693,,,,,,Java_low_results.csv
124,180,5,low,low,0.991724073817456,0.7288937024573784,0.9896200712566382,0.9385422717830624,0.718349358974359,,,,,,Java_low_results.csv
124,170,5,low,low,0.9932033746247784,0.7882187999502543,0.9898263764297248,0.944560918271892,0.6521739130434783,,,,,,Java_low_results.csv
124,128,5,low,low,0.992137177903027,0.7077683175104362,0.9893148346547862,0.897700919983562,0.6535897435897436,,,,,,Java_low_results.csv
124,182,5,low,low,0.9930307884472914,0.7315145913617911,0.9905533167513368,0.9244941585755544,0.75,,,,,,Java_low_results.csv
124,200,5,low,low,0.9911053627970048,0.789239168877252,0.9887372544218628,0.8920874566685268,0.7236363636363636,,,,,,Java_low_results.csv
124,208,5,low,low,0.992918253415833,0.7362246614052625,0.9922669073406034,0.9512634323494986,0.7586206896551724,,,,,,Java_low_results.csv
124,176,5,low,low,0.993549724826554,0.7158772456229487,0.9917082228347606,0.9160748034057876,0.6818181818181819,,,,,,Java_low_results.csv
124,179,5,low,low,0.9934413930720504,0.7009201264872276,0.9908951082265326,0.8724803505970771,0.6296296296296298,,,,,,Java_low_results.csv
126,139,5,low,low,0.9931621461149788,0.73033240917295,0.9910557681630806,0.902582507964492,0.7,,,,,,Java_low_results.csv
126,140,5,low,low,0.9931208124241624,0.6736943984918138,0.9909958567427104,0.9198229846911676,0.6666666666666667,,,,,,Java_low_results.csv
126,132,5,low,low,0.993755771198295,0.7196205787799512,0.9920335763028988,0.8961963977398676,0.7,,,,,,Java_low_results.csv
126,164,5,low,low,0.9926251829879684,0.7380978369551161,0.9914726282166864,0.8754747184356757,0.72,,,,,,Java_low_results.csv
126,180,5,low,low,0.9929063028694542,0.7149676056624945,0.9920674964212548,0.9246021416958332,0.7000000000000001,,,,,,Java_low_results.csv
126,170,5,low,low,0.9928008544402012,0.7343970583031676,0.9897776712475956,0.9299412234606608,0.6666666666666665,,,,,,Java_low_results.csv
126,128,5,low,low,0.9923687116741704,0.7464772521778973,0.9903265531176784,0.9210086937981624,0.6565335753176044,,,,,,Java_low_results.csv
126,200,5,low,low,0.9921572690320336,0.7128691810288851,0.990739759977992,0.9173699735225616,0.6896551724137931,,,,,,Java_low_results.csv
126,182,5,low,low,0.9926973765573398,0.7070589405819251,0.9915671814348164,0.9287486902494624,0.7037037037037037,,,,,,Java_low_results.csv
126,208,5,low,low,0.993392528984412,0.7220854207248282,0.9911664860858788,0.9197508549099022,0.6521739130434783,,,,,,Java_low_results.csv
126,176,5,low,low,0.9936986336121908,0.7592467356292213,0.992335173703137,0.9302278526734112,0.6666666666666666,,,,,,Java_low_results.csv
126,179,5,low,low,0.9935511044436994,0.7426278309861744,0.9922374485051356,0.934491025545486,0.6511627906976745,,,,,,Java_low_results.csv
128,139,5,low,low,0.9925851405065564,0.6480898081032217,0.9878661911826024,0.8963690358887577,0.6666666666666665,,,,,,Java_low_results.csv
128,140,5,low,low,0.9923255394208362,0.6074226805248304,0.9887152683801808,0.9091532999892696,0.6818181818181819,,,,,,Java_low_results.csv
128,164,5,low,low,0.991291612335003,0.6819984620915558,0.9888421929825514,0.90572462820552,0.6545092838196287,,,,,,Java_low_results.csv
128,132,5,low,low,0.992201779006262,0.6741586683262963,0.9902542216919792,0.9293670247065204,0.6521739130434783,,,,,,Java_low_results.csv
128,180,5,low,low,0.9914473673146088,0.6342280885700811,0.9878304932118178,0.9203284245211436,0.6938775510204083,,,,,,Java_low_results.csv
128,170,5,low,low,0.9924500977563412,0.7138349924017244,0.9907075372332612,0.9110886164575228,0.6875,,,,,,Java_low_results.csv
128,208,5,low,low,0.9930507091980288,0.6924469343989248,0.9907139467553988,0.9037857109002077,0.6363636363636365,,,,,,Java_low_results.csv
128,200,5,low,low,0.9905047335896696,0.6499600045820698,0.9872053267999004,0.8964744618190899,0.6428571428571428,,,,,,Java_low_results.csv
128,182,5,low,low,0.992393904923954,0.6952483967455716,0.9892431339497624,0.913193711292076,0.6363636363636364,,,,,,Java_low_results.csv
128,176,5,low,low,0.9932601143066752,0.755974900049011,0.9903817791693144,0.9349252747684236,0.6530100334448161,,,,,,Java_low_results.csv
128,179,5,low,low,0.9934637512487656,0.7730501877389645,0.9915851189638624,0.9109188013926592,0.6363636363636364,,,,,,Java_low_results.csv
132,139,5,low,low,0.9926432487353,0.6663960405449507,0.9893474806829348,0.924093566956374,0.6267857142857142,,,,,,Java_low_results.csv
132,140,5,low,low,0.9925304014557484,0.6932367138614823,0.9910199196373004,0.9068717376155156,0.75,,,,,,Java_low_results.csv
132,164,5,low,low,0.9913832217090632,0.7248326604110411,0.9903000769705922,0.9316837037162208,0.7391304347826088,,,,,,Java_low_results.csv
132,180,5,low,low,0.9927131078439072,0.7096977534496585,0.9907573837097848,0.9091964307146736,0.7036585365853658,,,,,,Java_low_results.csv
132,170,5,low,low,0.9922189332529234,0.7273363848590852,0.9902299483508455,0.9068600457196884,0.6341463414634145,,,,,,Java_low_results.csv
132,182,5,low,low,0.9925886114536192,0.7101262853750667,0.9908640352024848,0.8861330437693845,0.7037037037037037,,,,,,Java_low_results.csv
132,200,5,low,low,0.991901999342116,0.7280446932433366,0.9882378193796048,0.9035055698000564,0.7013513513513514,,,,,,Java_low_results.csv
132,208,5,low,low,0.9935555021988748,0.7209911870413761,0.9923359950479702,0.9053887830613008,0.75,,,,,,Java_low_results.csv
132,176,5,low,low,0.9933679739859288,0.7314764477127842,0.991513149291684,0.9100305848895394,0.6666666666666666,,,,,,Java_low_results.csv
132,179,5,low,low,0.9932053326020936,0.699035041500609,0.9912847389981928,0.8945252747567991,0.5833333333333333,,,,,,Java_low_results.csv
139,140,5,low,low,0.993428103667458,0.7289264915813487,0.9926648784738942,0.9313312298081408,0.6170212765957447,,,,,,Java_low_results.csv
139,164,5,low,low,0.9906431116731614,0.6823767909269206,0.987846137210918,0.9535428609381976,0.7165178571428571,,,,,,Java_low_results.csv
139,170,5,low,low,0.991909570212144,0.6743502999017328,0.9879008666328836,0.9345523713793342,0.6799999999999999,,,,,,Java_low_results.csv
139,180,5,low,low,0.9925219135560196,0.6096290536472733,0.991089624783038,0.9428294269063724,0.6666666666666666,,,,,,Java_low_results.csv
139,176,5,low,low,0.9936178319534408,0.6719981918240658,0.9912425873362432,0.9342739579856152,0.6451612903225807,,,,,,Java_low_results.csv
139,182,5,low,low,0.99336186118442,0.6424910251789391,0.9911784838812244,0.8925145583423223,0.6595744680851063,,,,,,Java_low_results.csv
139,200,5,low,low,0.9903041845064668,0.7306498276044863,0.9855654212848328,0.8871815494430744,0.6363636363636365,,,,,,Java_low_results.csv
139,179,5,low,low,0.9935965115480898,0.6588523920454581,0.990539851286934,0.8782724842782728,0.6499999999999999,,,,,,Java_low_results.csv
139,208,5,low,low,0.993908458194292,0.6611103291256463,0.9919785041307057,0.9389439049132348,0.6510869565217391,,,,,,Java_low_results.csv
140,164,5,low,low,0.991140034456302,0.6670160418535621,0.9878618774126504,0.9186363634801014,0.7272727272727273,,,,,,Java_low_results.csv
140,170,5,low,low,0.992562523546184,0.668124544860049,0.9893702485285144,0.938498044316301,0.6666666666666667,,,,,,Java_low_results.csv
140,180,5,low,low,0.9920373726129514,0.7458662281044554,0.9902230048260168,0.9616798410788766,0.6944444444444445,,,,,,Java_low_results.csv
140,176,5,low,low,0.9932639017245214,0.6659836414432775,0.9914713268906732,0.9054805164030422,0.6457528957528957,,,,,,Java_low_results.csv
140,182,5,low,low,0.9930746576684788,0.6574189529149777,0.9904745653987612,0.9142685741001332,0.6909814323607427,,,,,,Java_low_results.csv
140,200,5,low,low,0.9904635842753164,0.6920205456498076,0.9860735631516996,0.9437795420268285,0.7222222222222223,,,,,,Java_low_results.csv
140,208,5,low,low,0.9944375616071268,0.696088026625707,0.9939095499788942,0.9306543647030884,0.7272727272727273,,,,,,Java_low_results.csv
140,179,5,low,low,0.993333536213226,0.6288645716617856,0.9918012477199072,0.910453589999511,0.653846153846154,,,,,,Java_low_results.csv
164,180,5,low,low,0.9921512620983436,0.7003877647023364,0.9906472904656474,0.9216935264786223,0.6956521739130435,,,,,,Java_low_results.csv
164,170,5,low,low,0.9918215831928584,0.7000790006398818,0.988702010443622,0.9252489197356124,0.675,,,,,,Java_low_results.csv
164,182,5,low,low,0.990623884821618,0.6806712902462023,0.9884733614425932,0.9019743228011338,0.7241014799154334,,,,,,Java_low_results.csv
164,200,5,low,low,0.9897207292759768,0.6970261426545412,0.9857648756757182,0.9070677666955432,0.7142857142857143,,,,,,Java_low_results.csv
164,176,5,low,low,0.992387727026128,0.7106260374119777,0.9910710606714568,0.9153224865071624,0.6923076923076923,,,,,,Java_low_results.csv
164,208,5,low,low,0.9932662079190572,0.747968857861209,0.9916282718268464,0.9454092103813712,0.736842105263158,,,,,,Java_low_results.csv
164,179,5,low,low,0.9929561907879904,0.6794673802461049,0.9906846936224398,0.887156266454743,0.6216216216216217,,,,,,Java_low_results.csv
170,180,5,low,low,0.9925858049099128,0.7336259233157378,0.989968742928087,0.936081235977614,0.6666666666666667,,,,,,Java_low_results.csv
170,200,5,low,low,0.9916675240285442,0.7483795021062651,0.988543029306426,0.9014482089794804,0.6666666666666666,,,,,,Java_low_results.csv
170,182,5,low,low,0.993155872987345,0.7286536887610796,0.9915424484028036,0.9211079993140148,0.6428571428571428,,,,,,Java_low_results.csv
170,208,5,low,low,0.992253778999208,0.7511348369370393,0.9896694557264808,0.9183143751037238,0.6363636363636365,,,,,,Java_low_results.csv
170,176,5,low,low,0.993031853144732,0.7509287961679696,0.9909174387997962,0.8932928636366329,0.6721311475409837,,,,,,Java_low_results.csv
170,179,5,low,low,0.9934391204537296,0.7394422532439779,0.9919450741530494,0.8763314897698655,0.6585365853658536,,,,,,Java_low_results.csv
176,180,5,low,low,0.9931981348545308,0.6714584683101864,0.9909468143243128,0.9260506036283572,0.6399999999999999,,,,,,Java_low_results.csv
176,200,5,low,low,0.9922294617206234,0.692455517647545,0.989610064314588,0.9002032603474257,0.6708333333333334,,,,,,Java_low_results.csv
176,208,5,low,low,0.993628898330455,0.7396436771354961,0.9919709543627452,0.9216832658282847,0.6419413919413919,,,,,,Java_low_results.csv
176,182,5,low,low,0.9934075675451212,0.7028592137175425,0.9914189806463948,0.9294983108519416,0.6799999999999999,,,,,,Java_low_results.csv
176,179,5,low,low,0.9940876739321703,0.7818777361461234,0.9928194960471404,0.9172741301939716,0.6666666666666666,,,,,,Java_low_results.csv
179,180,5,low,low,0.9931960668593498,0.6436891986642865,0.9903954607131102,0.8930495568802994,0.6566964285714285,,,,,,Java_low_results.csv
179,208,5,low,low,0.9938562095090034,0.7068802573430795,0.992766782860462,0.9314447198080325,0.6086956521739131,,,,,,Java_low_results.csv
179,182,5,low,low,0.9934391814426142,0.6891650295784114,0.9904276788539552,0.8862868430758616,0.6521739130434783,,,,,,Java_low_results.csv
179,200,5,low,low,0.9929056208062684,0.6858765748132185,0.9905147453824223,0.9063205961995422,0.6666666666666666,,,,,,Java_low_results.csv
180,182,5,low,low,0.992472627212973,0.7239489642364899,0.9908807324568492,0.9380531037895432,0.7272727272727273,,,,,,Java_low_results.csv
180,200,5,low,low,0.989258616480047,0.6988751723880311,0.9858385654935292,0.9367506731729672,0.6666666666666666,,,,,,Java_low_results.csv
180,208,5,low,low,0.9932899784985876,0.6672210802996931,0.9912568714874744,0.938719284296556,0.6666666666666667,,,,,,Java_low_results.csv
182,200,5,low,low,0.990741303430545,0.7074442939919952,0.988314144151645,0.9114395217715018,0.7000000000000001,,,,,,Java_low_results.csv
182,208,5,low,low,0.992987818959024,0.6918620035175301,0.9906044875764752,0.9143102797060272,0.6799999999999999,,,,,,Java_low_results.csv
200,208,5,low,low,0.9912346302423536,0.7134939784104419,0.9895979884397004,0.8830690588233778,0.709005376344086,,,,,,Java_low_results.csv
4,6,5,medium,medium,0.9918805626358448,0.6935601112851416,0.9899387975960056,0.9208841225313618,0.6726190476190477,,,,,,Java_medium_results.csv
4,19,5,medium,medium,0.991332940353325,0.6892660912634019,0.9892115338996074,0.8737015277322724,0.7,,,,,,Java_medium_results.csv
4,17,5,medium,medium,0.9929293564417588,0.7130587277338561,0.9897301739729384,0.9212748159665284,0.6666666666666666,,,,,,Java_medium_results.csv
4,24,5,medium,medium,0.9929837003905004,0.7608985091725303,0.9905248970514884,0.9259639253250768,0.6,,,,,,Java_medium_results.csv
4,20,5,medium,medium,0.9930978062374264,0.7080488632854134,0.9913322388630216,0.8978229238063972,0.6809090909090909,,,,,,Java_medium_results.csv
4,16,5,medium,medium,0.9935373785900312,0.6744492523971498,0.9917602583359688,0.9363727039137218,0.6666666666666666,,,,,,Java_medium_results.csv
4,42,5,medium,medium,0.9921549119903535,0.5981246577247173,0.9889910585844216,0.922295431594114,0.72,,,,,,Java_medium_results.csv
4,33,5,medium,medium,0.9907191146135352,0.6955148721074742,0.9874150742201808,0.912369498356739,0.6470588235294117,,,,,,Java_medium_results.csv
4,32,5,medium,medium,0.993291424743934,0.7642757390902459,0.990841015790224,0.943019473377737,0.6852134146341463,,,,,,Java_medium_results.csv
4,40,5,medium,medium,0.9910575946297094,0.6787941877781456,0.9883372329606228,0.9035549662142282,0.6666666666666667,,,,,,Java_medium_results.csv
4,25,5,medium,medium,0.9941587043985808,0.7277846845057505,0.9936629498039298,0.9036915544778084,0.7142857142857142,,,,,,Java_medium_results.csv
4,51,5,medium,medium,0.9935476970706528,0.6966180846907333,0.9915739964136412,0.9365675718870864,0.6944444444444445,,,,,,Java_medium_results.csv
4,53,5,medium,medium,0.992107369824392,0.7484147095989729,0.9897086452007144,0.8828489080077679,0.7,,,,,,Java_medium_results.csv
4,57,5,medium,medium,0.9922279777894096,0.725438767572176,0.9893061843650148,0.939589375213074,0.72,,,,,,Java_medium_results.csv
4,62,5,medium,medium,0.9918271755514586,0.626179412102244,0.9910415632998726,0.909327345572945,0.7142857142857143,,,,,,Java_medium_results.csv
4,54,5,medium,medium,0.9879881372634948,0.7615532554837529,0.9827308952086452,0.911546485158442,0.5833333333333333,,,,,,Java_medium_results.csv
4,66,5,medium,medium,0.992927587450874,0.6793646836859912,0.990029471984352,0.9224962395046274,0.7142857142857142,,,,,,Java_medium_results.csv
4,70,5,medium,medium,0.9931380009325912,0.7375774663657699,0.9921162779203008,0.9022205467758408,0.7142857142857142,,,,,,Java_medium_results.csv
4,55,5,medium,medium,0.9929129274284552,0.685710561812483,0.9907674795432182,0.948723522740798,0.5555555555555556,,,,,,Java_medium_results.csv
4,81,5,medium,medium,0.992510045648945,0.7105573832350216,0.9890368136913262,0.9160047332512308,0.7,,,,,,Java_medium_results.csv
4,61,5,medium,medium,0.9926855653162112,0.6909825089916524,0.992150793233765,0.9372246985584266,0.7119815668202765,,,,,,Java_medium_results.csv
4,75,5,medium,medium,0.9907723924157996,0.7452992685725576,0.9867143806993188,0.9136874223420832,0.6428571428571428,,,,,,Java_medium_results.csv
4,73,5,medium,medium,0.99120692166491,0.7115682930602751,0.988887058392245,0.939449153061467,0.7041245791245792,,,,,,Java_medium_results.csv
4,88,5,medium,medium,0.9910179842527927,0.6976078071653715,0.990147322216865,0.8856974788798018,0.6720430107526882,,,,,,Java_medium_results.csv
4,91,5,medium,medium,0.9925928662620808,0.6930323144509891,0.9904089678195376,0.9430040911692767,0.5208333333333334,,,,,,Java_medium_results.csv
4,84,5,medium,medium,0.9933144006254636,0.7608500727234964,0.9912545123470198,0.9266455452130145,0.7142857142857143,,,,,,Java_medium_results.csv
4,89,5,medium,medium,0.992473154247743,0.7483751929652187,0.9896255761045616,0.9247973649815984,0.6163419913419913,,,,,,Java_medium_results.csv
4,108,5,medium,medium,0.9936448409556664,0.6801395585233156,0.9930238194506602,0.9091107437212546,0.75,,,,,,Java_medium_results.csv
4,105,5,medium,medium,0.9940940604149228,0.6925177749102704,0.9919072940807712,0.9030459133379054,0.6809090909090909,,,,,,Java_medium_results.csv
4,83,5,medium,medium,0.9922522019349068,0.7425973881242436,0.9897060552881496,0.9277649616401598,0.7073170731707317,,,,,,Java_medium_results.csv
4,97,5,medium,medium,0.9912048616222554,0.7534347920962886,0.9889852886947352,0.9461429710876856,0.7,,,,,,Java_medium_results.csv
4,121,5,medium,medium,0.993164646932706,0.7007111791731979,0.9913020202829116,0.9338295524044188,0.6419413919413919,,,,,,Java_medium_results.csv
4,115,5,medium,medium,0.9911937678929054,0.7548010757210017,0.9876081821308912,0.915006260845148,0.653846153846154,,,,,,Java_medium_results.csv
4,117,5,medium,medium,0.9920962150651212,0.7279549589657368,0.9894661918339556,0.9304182716814848,0.6486486486486487,,,,,,Java_medium_results.csv
4,143,5,medium,medium,0.9913887175257626,0.6433252267645819,0.9880666975351492,0.9251768000710352,0.575,,,,,,Java_medium_results.csv
4,133,5,medium,medium,0.993009515435328,0.7532081075179748,0.9909092698500984,0.8990964943763621,0.6896551724137931,,,,,,Java_medium_results.csv
4,135,5,medium,medium,0.988754564534619,0.7405351803386652,0.9851753030062292,0.9416834850753548,0.7083333333333334,,,,,,Java_medium_results.csv
4,147,5,medium,medium,0.9919342953209744,0.6862533124262251,0.9894343631787949,0.9239640023275232,0.6899038461538461,,,,,,Java_medium_results.csv
4,145,5,medium,medium,0.9930780012480966,0.7556523282449824,0.9927423563729318,0.9144245151054144,0.7272727272727273,,,,,,Java_medium_results.csv
4,155,5,medium,medium,0.9916027543960012,0.7171806714066036,0.9882728308487644,0.9328918820432782,0.6818181818181819,,,,,,Java_medium_results.csv
4,142,5,medium,medium,0.9931293307261284,0.6933945171574641,0.9911008689210048,0.9257513382971672,0.6899038461538461,,,,,,Java_medium_results.csv
4,171,5,medium,medium,0.9931537981553687,0.738222507956038,0.9914025722823604,0.917345003422999,0.546875,,,,,,Java_medium_results.csv
4,158,5,medium,medium,0.993449239868146,0.7346412680688275,0.9911790598734498,0.9297551989783142,0.6403125,,,,,,Java_medium_results.csv
4,168,5,medium,medium,0.9913976951589368,0.7682495799247923,0.9890208615955176,0.931747938441333,0.6666666666666667,,,,,,Java_medium_results.csv
4,166,5,medium,medium,0.989642343797387,0.716254402583974,0.9862623064087676,0.8527820839157579,0.7000000000000001,,,,,,Java_medium_results.csv
4,192,5,medium,medium,0.9915114488868476,0.734940231003986,0.988789557734418,0.941284445936146,0.6352549889135255,,,,,,Java_medium_results.csv
4,169,5,medium,medium,0.989451748546972,0.7424329672016088,0.986321183527158,0.91533360291249,0.6428571428571428,,,,,,Java_medium_results.csv
4,203,5,medium,medium,0.9919112040534096,0.5976842861116641,0.9896104293415566,0.9042001856096856,0.6666666666666667,,,,,,Java_medium_results.csv
4,202,5,medium,medium,0.9913097121540954,0.7264615046542161,0.9871897325868036,0.9048692751576788,0.6799999999999999,,,,,,Java_medium_results.csv
4,210,5,medium,medium,0.9937429506825172,0.6210738458493654,0.9924738040853984,0.9034587268036236,0.6521739130434783,,,,,,Java_medium_results.csv
4,207,5,medium,medium,0.9925719130081716,0.7253949054698443,0.990217339400141,0.915894004272442,0.6394444444444445,,,,,,Java_medium_results.csv
4,215,5,medium,medium,0.9926116635020636,0.7662631914781305,0.9905871701910424,0.9060605984290542,0.7000000000000001,,,,,,Java_medium_results.csv
4,206,5,medium,medium,0.993635104967596,0.6939149011850543,0.9920530740109028,0.9305531577481644,0.6771235521235521,,,,,,Java_medium_results.csv
6,19,5,medium,medium,0.9912117262902268,0.7186359763283858,0.9885117381355196,0.9250883289409644,0.7037037037037037,,,,,,Java_medium_results.csv
4,151,5,medium,medium,0.9948399852947232,0.6810564417151013,0.9929759266540517,0.9110854905573712,0.6984848484848485,,,,,,Java_medium_results.csv
6,17,5,medium,medium,0.9910195270047512,0.6758503330023105,0.9881796299313328,0.9280420003631756,0.6381818181818182,,,,,,Java_medium_results.csv
6,24,5,medium,medium,0.992404201992692,0.7123562572883431,0.9907262122356753,0.9227148152716166,0.6153846153846154,,,,,,Java_medium_results.csv
6,20,5,medium,medium,0.9907980452859948,0.7421574174745338,0.9890286057954768,0.9122947676709312,0.6333333333333333,,,,,,Java_medium_results.csv
6,16,5,medium,medium,0.993355369728454,0.7113549795621019,0.9916749768485608,0.9251070734716472,0.6486676016830295,,,,,,Java_medium_results.csv
6,33,5,medium,medium,0.9898038890624704,0.6845294891341773,0.9876547946921344,0.903409789718806,0.65625,,,,,,Java_medium_results.csv
6,42,5,medium,medium,0.9919625384014692,0.6572064820579337,0.9886500466410332,0.8966264040165389,0.7587878787878788,,,,,,Java_medium_results.csv
6,32,5,medium,medium,0.99352277811624,0.7266094718465889,0.9914887486028428,0.9416575427314504,0.653846153846154,,,,,,Java_medium_results.csv
6,40,5,medium,medium,0.9912002569514474,0.7033157730291273,0.9873610797044828,0.9081870922408024,0.6666666666666666,,,,,,Java_medium_results.csv
6,25,5,medium,medium,0.9930514790182414,0.7033070141433821,0.992088149059162,0.9141432792885594,0.7379862700228833,,,,,,Java_medium_results.csv
4,214,5,medium,medium,0.9932863511008612,0.7063847724819201,0.9911091873303888,0.9268941888616512,0.7,,,,,,Java_medium_results.csv
6,51,5,medium,medium,0.9936533892793616,0.7088875413953941,0.9923717909612492,0.9103165795346128,0.72,,,,,,Java_medium_results.csv
6,53,5,medium,medium,0.9912471107860216,0.7302337805091115,0.9884874479910912,0.8944024819347833,0.7037037037037037,,,,,,Java_medium_results.csv
6,57,5,medium,medium,0.9929391932967764,0.7054586498034906,0.990924766203976,0.9159861086009032,0.7599999999999999,,,,,,Java_medium_results.csv
6,62,5,medium,medium,0.9930524652229828,0.6982024167859624,0.9903869638938952,0.9181810331095316,0.75,,,,,,Java_medium_results.csv
6,54,5,medium,medium,0.9856659819635758,0.7299447474940973,0.9811700419515909,0.8705432138030056,0.5067567567567568,,,,,,Java_medium_results.csv
6,66,5,medium,medium,0.991191071953806,0.6573910644944436,0.9892533595869916,0.8762123313335022,0.7587878787878788,,,,,,Java_medium_results.csv
6,70,5,medium,medium,0.9918779257666596,0.6768378559923646,0.9896173528632504,0.9210721149026896,0.7727272727272728,,,,,,Java_medium_results.csv
6,55,5,medium,medium,0.993423166947081,0.7128343059504982,0.9913909377792636,0.9211854616509016,0.46875,,,,,,Java_medium_results.csv
6,61,5,medium,medium,0.9931238285161826,0.6741654914362691,0.9916283201449546,0.9023910330988644,0.6846590909090908,,,,,,Java_medium_results.csv
6,81,5,medium,medium,0.9929258841710686,0.6870980568425706,0.991602237751471,0.9197478889861512,0.7360681114551084,,,,,,Java_medium_results.csv
6,75,5,medium,medium,0.989608084211242,0.722696303201133,0.9847136346528718,0.8716862054853798,0.6228448275862069,,,,,,Java_medium_results.csv
6,73,5,medium,medium,0.9912328900767884,0.6913388015059392,0.9877380595803212,0.9021688992320324,0.7142857142857143,,,,,,Java_medium_results.csv
6,88,5,medium,medium,0.9901778383446396,0.6844303144744398,0.9857052390453088,0.9083508542077864,0.7916666666666666,,,,,,Java_medium_results.csv
6,91,5,medium,medium,0.9922322889111784,0.7754924236395109,0.9902362246669044,0.8921332194336721,0.5116279069767442,,,,,,Java_medium_results.csv
6,84,5,medium,medium,0.9929715486406306,0.7284112934828784,0.9899705071945442,0.8772458395817857,0.7307692307692308,,,,,,Java_medium_results.csv
6,89,5,medium,medium,0.9920757310045922,0.7035996316509234,0.9892462793301322,0.9000891646992504,0.6180371352785146,,,,,,Java_medium_results.csv
6,105,5,medium,medium,0.99415693164065,0.7121775502206655,0.9933569289738404,0.9192174066080072,0.7113095238095237,,,,,,Java_medium_results.csv
6,83,5,medium,medium,0.992098870402157,0.6939535903833615,0.9899854403540604,0.8799025060700952,0.736842105263158,,,,,,Java_medium_results.csv
6,97,5,medium,medium,0.991971303246632,0.6967373175858596,0.9899762906599792,0.8938789758559885,0.75,,,,,,Java_medium_results.csv
6,108,5,medium,medium,0.9928103010778152,0.7527021596683912,0.9911398224151312,0.8836575017179036,0.7391304347826088,,,,,,Java_medium_results.csv
6,121,5,medium,medium,0.9937349399530536,0.717536192732406,0.99276230948603,0.905554116368192,0.6726190476190477,,,,,,Java_medium_results.csv
6,115,5,medium,medium,0.991640364501114,0.6915798219654243,0.9883103783169436,0.9157860197734852,0.6774193548387097,,,,,,Java_medium_results.csv
6,117,5,medium,medium,0.9907534695809512,0.7374775865553239,0.9867268285152349,0.8914862681053488,0.6451612903225807,,,,,,Java_medium_results.csv
6,143,5,medium,medium,0.9905939291868836,0.6440561354137453,0.9882470765365016,0.8999088716908691,0.5603030303030303,,,,,,Java_medium_results.csv
6,133,5,medium,medium,0.9920903188518172,0.7052449885788565,0.9905288097940432,0.9122881132816631,0.75,,,,,,Java_medium_results.csv
6,135,5,medium,medium,0.989090060077776,0.713276262188119,0.9839462460110732,0.8963773432788413,0.7777777777777779,,,,,,Java_medium_results.csv
6,147,5,medium,medium,0.9918991727980132,0.7462869857977761,0.9902275787063404,0.9323675084384442,0.7777777777777779,,,,,,Java_medium_results.csv
6,145,5,medium,medium,0.9930750605297864,0.7181207047112463,0.992962304505252,0.8998524547519031,0.75,,,,,,Java_medium_results.csv
6,155,5,medium,medium,0.9912671562588312,0.7029354962532701,0.9898554369898328,0.8904553866980245,0.75,,,,,,Java_medium_results.csv
6,142,5,medium,medium,0.9926905373327872,0.7175078124310285,0.9912147621884756,0.8781426474804794,0.6666666666666666,,,,,,Java_medium_results.csv
6,158,5,medium,medium,0.9927047388085009,0.689624061942326,0.9892339189172848,0.9261818929314466,0.5641025641025641,,,,,,Java_medium_results.csv
6,171,5,medium,medium,0.993186336378188,0.7118093218255324,0.9918964607507906,0.9016706976919342,0.5511055486024197,,,,,,Java_medium_results.csv
6,168,5,medium,medium,0.9919856736281562,0.7167108202215066,0.9902432666484444,0.8648807104837896,0.7407407407407407,,,,,,Java_medium_results.csv
6,166,5,medium,medium,0.9903745870607984,0.6724056617392911,0.9881119156582556,0.8705218383898534,0.75,,,,,,Java_medium_results.csv
6,169,5,medium,medium,0.9892611219118308,0.718446349070835,0.983135065445458,0.8921272018564075,0.6086956521739131,,,,,,Java_medium_results.csv
6,192,5,medium,medium,0.9917309196550586,0.7974153897262097,0.9886899466112012,0.9273269097837772,0.5555555555555556,,,,,,Java_medium_results.csv
6,203,5,medium,medium,0.9923211400072244,0.5886981507835429,0.9918732348964104,0.90064956527822,0.7142857142857142,,,,,,Java_medium_results.csv
6,202,5,medium,medium,0.9918398786170034,0.700542521897376,0.9892970025949884,0.9102157391182872,0.7204651162790697,,,,,,Java_medium_results.csv
6,210,5,medium,medium,0.9930537514344364,0.6942234169706063,0.993081507156925,0.9115912512260368,0.736842105263158,,,,,,Java_medium_results.csv
6,207,5,medium,medium,0.992251124870864,0.7018680217167812,0.989885934285296,0.8978445273327962,0.5925925925925926,,,,,,Java_medium_results.csv
6,151,5,medium,medium,0.9941931741847604,0.644882652056,0.9933903359615563,0.8798239956897611,0.7083333333333334,,,,,,Java_medium_results.csv
6,215,5,medium,medium,0.991706428293851,0.7181849882245851,0.9890152470663228,0.8967803635854041,0.7142857142857142,,,,,,Java_medium_results.csv
6,206,5,medium,medium,0.99366678727284,0.7028844195085687,0.9930087584954672,0.8926665982311566,0.7,,,,,,Java_medium_results.csv
6,214,5,medium,medium,0.9931331386683212,0.6957920500247672,0.9910181145747782,0.8972670525989163,0.72,,,,,,Java_medium_results.csv
16,19,5,medium,medium,0.9926210710587428,0.6690359404403059,0.9895999624104488,0.9083730123508464,0.6440677966101696,,,,,,Java_medium_results.csv
16,42,5,medium,medium,0.9932360595711004,0.5435897367557501,0.99083065602375,0.9312447359446808,0.6399999999999999,,,,,,Java_medium_results.csv
16,24,5,medium,medium,0.9938863706333966,0.7219317293478016,0.9913558509218612,0.9467113299156118,0.6,,,,,,Java_medium_results.csv
16,33,5,medium,medium,0.9923944338909249,0.7003756699274551,0.9896298393425438,0.8964675551742896,0.6451612903225807,,,,,,Java_medium_results.csv
16,17,5,medium,medium,0.9931370179196471,0.6880855468530174,0.9907000401933324,0.9448320117648648,0.6585365853658536,,,,,,Java_medium_results.csv
16,20,5,medium,medium,0.993157751404762,0.6917564799988901,0.9904993212044644,0.9367299444449214,0.6381818181818182,,,,,,Java_medium_results.csv
16,40,5,medium,medium,0.9921745202411572,0.6742482711165718,0.9882792929008992,0.946047948307745,0.632996632996633,,,,,,Java_medium_results.csv
16,32,5,medium,medium,0.9936089469775834,0.7108148011554878,0.9919185720769472,0.95103362370539,0.6138147566718996,,,,,,Java_medium_results.csv
16,51,5,medium,medium,0.9943819797238912,0.6560400658320656,0.9923057798351512,0.919998900110694,0.6666666666666667,,,,,,Java_medium_results.csv
16,53,5,medium,medium,0.9926971969934149,0.6464007840259498,0.9890216772597548,0.8725843981399886,0.6521739130434783,,,,,,Java_medium_results.csv
16,25,5,medium,medium,0.993511367847511,0.7272828735461185,0.9922030018805736,0.9364700800650994,0.6551724137931034,,,,,,Java_medium_results.csv
16,62,5,medium,medium,0.9934672587777124,0.6008417258112513,0.9906565316475896,0.90557569914999,0.645497311827957,,,,,,Java_medium_results.csv
16,66,5,medium,medium,0.9931393204767244,0.6662279130321755,0.9885452304136918,0.906321293955757,0.6899038461538461,,,,,,Java_medium_results.csv
16,57,5,medium,medium,0.993742894188422,0.7012097617819906,0.991568860715499,0.9518728895430412,0.6666666666666667,,,,,,Java_medium_results.csv
16,70,5,medium,medium,0.9933339143521024,0.6043294119992132,0.9907561174802128,0.8773034427541025,0.6666666666666666,,,,,,Java_medium_results.csv
16,81,5,medium,medium,0.9930136334848216,0.5880769550784122,0.9894256318120664,0.9394106706046595,0.6521739130434783,,,,,,Java_medium_results.csv
16,54,5,medium,medium,0.9899414269905318,0.7683703632365424,0.9842973557716038,0.8789256982270994,0.615079365079365,,,,,,Java_medium_results.csv
16,88,5,medium,medium,0.9924783199547508,0.5932123904082676,0.9904406773098308,0.904715008907568,0.6363636363636365,,,,,,Java_medium_results.csv
16,75,5,medium,medium,0.9923909518046165,0.6795542547377791,0.9883252972532924,0.8860193874654165,0.6399999999999999,,,,,,Java_medium_results.csv
16,55,5,medium,medium,0.9934977556535864,0.7168997043442877,0.9910981427705716,0.9422877232501122,0.6,,,,,,Java_medium_results.csv
16,91,5,medium,medium,0.9932181153935562,0.6698925602026851,0.9902489480100144,0.9432719468623064,0.6097560975609756,,,,,,Java_medium_results.csv
16,105,5,medium,medium,0.9945082027976544,0.6874312285254119,0.9921827680851972,0.8936680677040032,0.6666666666666666,,,,,,Java_medium_results.csv
16,73,5,medium,medium,0.9926046731921744,0.7305190128139929,0.9902949087109696,0.9349943910776416,0.625,,,,,,Java_medium_results.csv
16,89,5,medium,medium,0.993261101381207,0.6515946563776549,0.9915650063815828,0.9291041960648008,0.6111111111111112,,,,,,Java_medium_results.csv
16,61,5,medium,medium,0.9932238151828228,0.7187703142550386,0.9916387816756764,0.9098052641612682,0.6470588235294117,,,,,,Java_medium_results.csv
16,108,5,medium,medium,0.9941076340882308,0.6527277839918182,0.9908443360405828,0.9338224231924372,0.6792857142857143,,,,,,Java_medium_results.csv
16,84,5,medium,medium,0.9936459053465264,0.7074408302229521,0.9912678886669954,0.9006534651981325,0.6536731634182908,,,,,,Java_medium_results.csv
16,97,5,medium,medium,0.9929669070668212,0.693948545501367,0.9909988634816947,0.9003658753184779,0.6666666666666666,,,,,,Java_medium_results.csv
16,83,5,medium,medium,0.9926794242350924,0.7396496355779982,0.9901703672657676,0.906931392369062,0.6923076923076923,,,,,,Java_medium_results.csv
16,121,5,medium,medium,0.9933223145532116,0.6703800721745566,0.990988231233104,0.9301960285687628,0.6428571428571428,,,,,,Java_medium_results.csv
16,143,5,medium,medium,0.9925193872509114,0.604382321635462,0.9888569372694008,0.898329207409955,0.5681818181818182,,,,,,Java_medium_results.csv
16,115,5,medium,medium,0.9928615064870312,0.6772569514464917,0.9902480419603926,0.9319952652173772,0.6521739130434783,,,,,,Java_medium_results.csv
16,117,5,medium,medium,0.9927704157184938,0.7107232306906962,0.9905649120350912,0.927632790705498,0.6521739130434783,,,,,,Java_medium_results.csv
16,133,5,medium,medium,0.99380614879853,0.6820464118659509,0.9924029475776348,0.9437330029083504,0.6666666666666666,,,,,,Java_medium_results.csv
16,147,5,medium,medium,0.9928835837237052,0.6858402348854541,0.9912116136259966,0.9542379008716708,0.6666666666666666,,,,,,Java_medium_results.csv
16,155,5,medium,medium,0.9928821194756626,0.7277905207382928,0.9899086771413348,0.8979358702221281,0.6385933806146572,,,,,,Java_medium_results.csv
16,135,5,medium,medium,0.9919780044968094,0.6388737597505207,0.990036619075048,0.9471213042392248,0.6809090909090909,,,,,,Java_medium_results.csv
16,145,5,medium,medium,0.9935425769086,0.7318471978468604,0.991390488009798,0.907621624313214,0.6352549889135255,,,,,,Java_medium_results.csv
16,171,5,medium,medium,0.993874862811369,0.6765317670767423,0.9916745931464734,0.9350222824458836,0.59375,,,,,,Java_medium_results.csv
16,142,5,medium,medium,0.9935484004141788,0.7341777168465682,0.992525146341868,0.9084231129537792,0.6470588235294118,,,,,,Java_medium_results.csv
16,203,5,medium,medium,0.9925296383925398,0.5532836182883865,0.9882158619140357,0.8589805643850846,0.6363636363636364,,,,,,Java_medium_results.csv
16,168,5,medium,medium,0.9932720819572785,0.6867588720448539,0.9898814716593892,0.8959016998944707,0.625,,,,,,Java_medium_results.csv
16,158,5,medium,medium,0.9936388286412418,0.6690644393861693,0.9922241062891416,0.9413104320342426,0.6545092838196287,,,,,,Java_medium_results.csv
16,192,5,medium,medium,0.9923043842584586,0.6223978156433967,0.9901841973140144,0.9205277343781822,0.588235294117647,,,,,,Java_medium_results.csv
16,166,5,medium,medium,0.9915996226350956,0.7359254816189453,0.9895452291609704,0.8726193287957025,0.6852134146341463,,,,,,Java_medium_results.csv
16,169,5,medium,medium,0.9912943340696488,0.7255736263547816,0.989220051311278,0.9382867373801668,0.6578947368421053,,,,,,Java_medium_results.csv
16,202,5,medium,medium,0.9925733980904984,0.6640796929263677,0.990750760689774,0.9118504897438184,0.6470588235294117,,,,,,Java_medium_results.csv
16,210,5,medium,medium,0.9935855852486186,0.5814819318322899,0.9910031642800908,0.9292369604444016,0.6496163682864451,,,,,,Java_medium_results.csv
16,215,5,medium,medium,0.9933604554062072,0.693998170474168,0.991020986367707,0.9051875587795902,0.6551724137931034,,,,,,Java_medium_results.csv
17,19,5,medium,medium,0.9902521169412964,0.7383728298696576,0.9875987739885316,0.928707475579996,0.6666666666666666,,,,,,Java_medium_results.csv
16,207,5,medium,medium,0.9934818316263296,0.6501599880532933,0.9904989009905784,0.936566424453508,0.6206896551724137,,,,,,Java_medium_results.csv
17,24,5,medium,medium,0.9929788379238408,0.7072377092732738,0.9899338688615428,0.9322679094744064,0.6415094339622642,,,,,,Java_medium_results.csv
17,42,5,medium,medium,0.989555303531199,0.5887146447130935,0.9836595794992476,0.874077289768771,0.6923076923076923,,,,,,Java_medium_results.csv
17,20,5,medium,medium,0.9914669335079282,0.7770108708421275,0.9881030561802958,0.9202045958761412,0.6792452830188679,,,,,,Java_medium_results.csv
17,33,5,medium,medium,0.9887959760180096,0.704828237827515,0.9833060774450392,0.8833922847162641,0.625,,,,,,Java_medium_results.csv
16,206,5,medium,medium,0.993507090118952,0.7376986005282005,0.9923007062558356,0.9091599145242764,0.6956521739130435,,,,,,Java_medium_results.csv
17,40,5,medium,medium,0.9904361638042304,0.7199654764482043,0.987709300068428,0.9463692098424298,0.6799999999999999,,,,,,Java_medium_results.csv
17,32,5,medium,medium,0.9940397566776392,0.6924784610941885,0.9910989849953696,0.94303541847644,0.6896551724137931,,,,,,Java_medium_results.csv
17,51,5,medium,medium,0.9920077128752572,0.6596851404105484,0.9886924560748296,0.8999112798781551,0.6821052631578948,,,,,,Java_medium_results.csv
17,25,5,medium,medium,0.9924039751525536,0.7055701988048273,0.9895047399757608,0.9312588553013806,0.6754445964432285,,,,,,Java_medium_results.csv
17,53,5,medium,medium,0.9894239591800992,0.701297329133344,0.9875087374517832,0.8858965363596963,0.6643192488262911,,,,,,Java_medium_results.csv
17,57,5,medium,medium,0.9901245392128404,0.744874402468719,0.9869128319869218,0.9501938367785614,0.7037037037037037,,,,,,Java_medium_results.csv
17,62,5,medium,medium,0.9897047092658612,0.6724775398997911,0.9845703357437572,0.9038693598156188,0.6296296296296298,,,,,,Java_medium_results.csv
17,66,5,medium,medium,0.9904000403049876,0.6987488971308293,0.9852825858622812,0.8925129892754738,0.7037037037037037,,,,,,Java_medium_results.csv
17,70,5,medium,medium,0.9916497427861528,0.7177904876770604,0.9881896162389732,0.9097175386609374,0.6428571428571428,,,,,,Java_medium_results.csv
16,151,5,medium,medium,0.9942599749053996,0.6762235048643437,0.99303841242883,0.8929182014567327,0.6415094339622642,,,,,,Java_medium_results.csv
17,54,5,medium,medium,0.9884542174215458,0.7518851138988224,0.9831293685588612,0.8815753530021995,0.5980769230769231,,,,,,Java_medium_results.csv
17,81,5,medium,medium,0.9916710110031304,0.6376818775068482,0.9879149450539708,0.8934098745870185,0.6956521739130435,,,,,,Java_medium_results.csv
17,75,5,medium,medium,0.989552987899368,0.7530375364081925,0.983479931555942,0.8935238340509566,0.6721311475409837,,,,,,Java_medium_results.csv
17,55,5,medium,medium,0.9931244394032814,0.7335047403616888,0.9895911655826312,0.9249944007935332,0.5384615384615385,,,,,,Java_medium_results.csv
17,61,5,medium,medium,0.9925965229385136,0.719820794128514,0.9909882653231092,0.8913209385861777,0.6571316614420063,,,,,,Java_medium_results.csv
17,88,5,medium,medium,0.9892588966469308,0.6464523416378231,0.9843025098103272,0.92995305658079,0.653846153846154,,,,,,Java_medium_results.csv
17,73,5,medium,medium,0.991074135694922,0.7220861282622246,0.9871158599554616,0.9113355058914944,0.6666666666666667,,,,,,Java_medium_results.csv
17,91,5,medium,medium,0.9912898194103872,0.7352522174009135,0.9870339774665066,0.8990030499614219,0.6023255813953489,,,,,,Java_medium_results.csv
16,214,5,medium,medium,0.9930891791393216,0.7343431357675138,0.9922397493561176,0.916202525697329,0.6799999999999999,,,,,,Java_medium_results.csv
17,84,5,medium,medium,0.9917074221499804,0.6821182332798428,0.9878188068429596,0.9035982008234996,0.7052139037433155,,,,,,Java_medium_results.csv
17,89,5,medium,medium,0.9929037557809656,0.7581076722265668,0.990351356227029,0.9096060634051925,0.6376262626262627,,,,,,Java_medium_results.csv
17,105,5,medium,medium,0.9934901778293344,0.746233130952578,0.9900937233705972,0.934500476397492,0.6799999999999999,,,,,,Java_medium_results.csv
17,108,5,medium,medium,0.99126584132991,0.7084849376740807,0.9883673790111076,0.9023811815452182,0.6666666666666667,,,,,,Java_medium_results.csv
17,97,5,medium,medium,0.9901533667292493,0.7242737074437207,0.9868490597456164,0.926876204181073,0.6938775510204083,,,,,,Java_medium_results.csv
17,83,5,medium,medium,0.9914753432989148,0.6905845001614412,0.987886508404895,0.9129145063645792,0.6666666666666667,,,,,,Java_medium_results.csv
17,121,5,medium,medium,0.9916647179775422,0.6906687468543038,0.9881317572367369,0.9301129355032284,0.6988372093023256,,,,,,Java_medium_results.csv
17,115,5,medium,medium,0.9905167750175592,0.7217358933870568,0.9874907283819824,0.911029239461824,0.6666666666666667,,,,,,Java_medium_results.csv
17,143,5,medium,medium,0.9886565594809849,0.5314253705257757,0.9827280502833856,0.8702330946413909,0.6363636363636364,,,,,,Java_medium_results.csv
17,117,5,medium,medium,0.9913307553585804,0.6989493109018385,0.9875069157839396,0.9089850757786306,0.6451612903225807,,,,,,Java_medium_results.csv
17,133,5,medium,medium,0.9925115806163226,0.7241978852657356,0.9896030069473204,0.9511667474554444,0.6521739130434783,,,,,,Java_medium_results.csv
17,135,5,medium,medium,0.9889908309172154,0.7552306979681421,0.9869581695925408,0.902973348518729,0.6818181818181819,,,,,,Java_medium_results.csv
17,147,5,medium,medium,0.9913343107889844,0.6853400939670646,0.9872863301369528,0.946509007932458,0.6818181818181819,,,,,,Java_medium_results.csv
17,145,5,medium,medium,0.9928885962104396,0.7189819464617485,0.9907362693010252,0.9076638869114696,0.6666666666666665,,,,,,Java_medium_results.csv
17,155,5,medium,medium,0.9911456349730388,0.6914932034408652,0.9878701570568008,0.9015996600155826,0.6666666666666666,,,,,,Java_medium_results.csv
17,142,5,medium,medium,0.9930372902505552,0.7040336643016095,0.9901167282617296,0.9117620135783302,0.6666666666666665,,,,,,Java_medium_results.csv
17,171,5,medium,medium,0.9912766919178292,0.6570482039085306,0.9867634493181608,0.9242521208688924,0.6141439205955335,,,,,,Java_medium_results.csv
17,158,5,medium,medium,0.991811120042453,0.7037851252416223,0.9901961360755982,0.9432412365492602,0.6590555267254801,,,,,,Java_medium_results.csv
17,168,5,medium,medium,0.9902768768299658,0.7069028365716142,0.9865017102887162,0.9080586874853592,0.6296296296296298,,,,,,Java_medium_results.csv
17,166,5,medium,medium,0.9897344468609308,0.71048692414088,0.9886264877172296,0.9148286149247644,0.6923076923076923,,,,,,Java_medium_results.csv
17,169,5,medium,medium,0.9889918252181572,0.7055594292467273,0.9847797368835862,0.90443322472473,0.6300322061191627,,,,,,Java_medium_results.csv
17,192,5,medium,medium,0.9902000180993972,0.6962739768529423,0.9865634042938496,0.906023969910693,0.6086956521739131,,,,,,Java_medium_results.csv
17,203,5,medium,medium,0.9893183479170226,0.6327741320842268,0.9865084380503462,0.875885114542456,0.6666666666666667,,,,,,Java_medium_results.csv
17,202,5,medium,medium,0.990798476206464,0.6786992821148154,0.9866573516035316,0.9241585978701832,0.6666666666666667,,,,,,Java_medium_results.csv
17,210,5,medium,medium,0.991278818516544,0.6925252804151953,0.9876150872584608,0.9177188736757944,0.6904761904761905,,,,,,Java_medium_results.csv
17,207,5,medium,medium,0.9910282360684498,0.7024157930561138,0.987617567632789,0.9272418766204684,0.6585365853658536,,,,,,Java_medium_results.csv
17,215,5,medium,medium,0.991050354600494,0.6960734320727293,0.9882134341226088,0.9228046231473016,0.6720430107526882,,,,,,Java_medium_results.csv
17,206,5,medium,medium,0.9927571870931992,0.7045051160936294,0.9903934725343878,0.909963237012772,0.65625,,,,,,Java_medium_results.csv
17,151,5,medium,medium,0.9940371500294573,0.6546900604050496,0.9924073074673666,0.9258663128005724,0.675,,,,,,Java_medium_results.csv
17,214,5,medium,medium,0.9923377655054916,0.6660228108489462,0.9892013960121276,0.897046529081795,0.6666666666666666,,,,,,Java_medium_results.csv
19,24,5,medium,medium,0.9923715763999036,0.6880794664569607,0.9899868275396656,0.9200845222000822,0.6399999999999999,,,,,,Java_medium_results.csv
19,20,5,medium,medium,0.991204065236919,0.6748727556876082,0.9902532071919996,0.9196475852614988,0.65625,,,,,,Java_medium_results.csv
19,33,5,medium,medium,0.9894069370444708,0.7370003397412239,0.9848434279185008,0.865686454579592,0.6776927282668125,,,,,,Java_medium_results.csv
19,32,5,medium,medium,0.9927481380444356,0.7140944624790491,0.9897296333521338,0.9221830711668092,0.6363636363636365,,,,,,Java_medium_results.csv
19,25,5,medium,medium,0.992856786254647,0.6540259045526331,0.9907288826803186,0.9138401050491182,0.7,,,,,,Java_medium_results.csv
19,42,5,medium,medium,0.9897387672944044,0.6175956493441535,0.986542439863494,0.8793060169252617,0.6428571428571428,,,,,,Java_medium_results.csv
19,40,5,medium,medium,0.988287433889733,0.7188555675704722,0.9829383557877052,0.8756417603555148,0.6969696969696969,,,,,,Java_medium_results.csv
19,51,5,medium,medium,0.991942898129573,0.7486576844094021,0.9892006690864388,0.9152212074058398,0.719375,,,,,,Java_medium_results.csv
19,53,5,medium,medium,0.9890127126960908,0.6854642548488479,0.9859486190406948,0.9005057632695956,0.6764830508474576,,,,,,Java_medium_results.csv
19,54,5,medium,medium,0.9871020041895284,0.7797169252897302,0.9804117718159896,0.8197157741215446,0.5765107212475633,,,,,,Java_medium_results.csv
19,57,5,medium,medium,0.9907609184506792,0.7287192690738197,0.9875727506245988,0.9083248591731948,0.701851851851852,,,,,,Java_medium_results.csv
19,62,5,medium,medium,0.9905717992352528,0.7038407173994896,0.9880740873001496,0.9313663660366582,0.6720430107526882,,,,,,Java_medium_results.csv
19,66,5,medium,medium,0.990386241710268,0.6631665157450695,0.9878150203952646,0.8730484361534065,0.6797112462006079,,,,,,Java_medium_results.csv
19,55,5,medium,medium,0.9922391531621813,0.663481928341275,0.9896063845225426,0.9193748871049572,0.5128205128205128,,,,,,Java_medium_results.csv
19,70,5,medium,medium,0.991059575398154,0.7539342023307971,0.9880055249176172,0.9079465778038586,0.6666666666666666,,,,,,Java_medium_results.csv
19,61,5,medium,medium,0.9916837201966292,0.6363596620380247,0.990346445202725,0.8784520986169826,0.7142857142857142,,,,,,Java_medium_results.csv
19,75,5,medium,medium,0.9888257558739576,0.7874084103817107,0.9845749333984206,0.8610643254099887,0.6486486486486487,,,,,,Java_medium_results.csv
19,73,5,medium,medium,0.988481865508252,0.6737768745941481,0.9854343284117628,0.9122986508507552,0.6756661991584854,,,,,,Java_medium_results.csv
19,81,5,medium,medium,0.9913421271031028,0.7802679927396672,0.9867749697458796,0.9328906574605692,0.6521739130434783,,,,,,Java_medium_results.csv
19,88,5,medium,medium,0.9901464501967794,0.7094068462726538,0.9870315278010318,0.9079643699622668,0.6614583333333333,,,,,,Java_medium_results.csv
19,84,5,medium,medium,0.9924210926759972,0.7215214350490182,0.98989878811834,0.879511440191324,0.6956521739130435,,,,,,Java_medium_results.csv
19,83,5,medium,medium,0.9909343155429612,0.685608502287204,0.9881653348572422,0.8785865727958437,0.6799999999999999,,,,,,Java_medium_results.csv
19,91,5,medium,medium,0.991423583907966,0.743555666061249,0.9880022195856086,0.9040790326628828,0.5797962648556876,,,,,,Java_medium_results.csv
19,89,5,medium,medium,0.9915239026530176,0.7328731218583739,0.987502790784227,0.887590515649207,0.6666666666666665,,,,,,Java_medium_results.csv
19,105,5,medium,medium,0.9929418269892084,0.6918849661779604,0.9912950880302472,0.9154253400333632,0.6551724137931034,,,,,,Java_medium_results.csv
19,97,5,medium,medium,0.9899096425466064,0.7260849472830224,0.98851860663378,0.9278718975742009,0.679622641509434,,,,,,Java_medium_results.csv
19,108,5,medium,medium,0.9914197516024802,0.6756047124250882,0.9879248971246036,0.9207843932362506,0.7407407407407407,,,,,,Java_medium_results.csv
19,115,5,medium,medium,0.9903437849325356,0.6664072779880366,0.9869319188470084,0.8732870664119798,0.6521739130434783,,,,,,Java_medium_results.csv
19,121,5,medium,medium,0.9927408973369816,0.7205470957904863,0.9909624904355198,0.8797515362729552,0.6666666666666667,,,,,,Java_medium_results.csv
19,117,5,medium,medium,0.9905485164426384,0.6518820800515734,0.9864954989293648,0.8794205104477523,0.6153846153846154,,,,,,Java_medium_results.csv
19,133,5,medium,medium,0.9925063751361264,0.716483237507018,0.9910322241939128,0.9301716356763724,0.7,,,,,,Java_medium_results.csv
19,143,5,medium,medium,0.9889974950009918,0.7030906641244568,0.985860518124606,0.8802462574748303,0.5483870967741936,,,,,,Java_medium_results.csv
19,135,5,medium,medium,0.9899102709082656,0.7124083719908673,0.9863242127701606,0.8696855968578273,0.7290209790209791,,,,,,Java_medium_results.csv
19,147,5,medium,medium,0.9894175909661124,0.7511601334938516,0.9848915760688708,0.9128618422765328,0.6799999999999999,,,,,,Java_medium_results.csv
19,145,5,medium,medium,0.9928417503873944,0.7532080667772099,0.991192037489878,0.9158226556650724,0.72,,,,,,Java_medium_results.csv
19,142,5,medium,medium,0.9921114808765944,0.651948883710127,0.9898811222797916,0.8740881288527583,0.6521739130434783,,,,,,Java_medium_results.csv
19,155,5,medium,medium,0.989154998696051,0.7047335002556658,0.985760876865066,0.8733871083258017,0.6363636363636365,,,,,,Java_medium_results.csv
19,158,5,medium,medium,0.99255229029479,0.7092549051599437,0.9899787132698914,0.9300401353119124,0.5999999999999999,,,,,,Java_medium_results.csv
19,168,5,medium,medium,0.9901247653097076,0.7091223371420763,0.9886851016099182,0.8746281470140335,0.7158385093167702,,,,,,Java_medium_results.csv
19,166,5,medium,medium,0.988681330625131,0.7165876050171192,0.9846071635500436,0.8639594272358729,0.7165178571428572,,,,,,Java_medium_results.csv
19,171,5,medium,medium,0.9919802745514634,0.7565406084376459,0.9866069435545204,0.8878923752647029,0.6273148148148149,,,,,,Java_medium_results.csv
19,169,5,medium,medium,0.989251714255768,0.7291572801693166,0.984881749529769,0.9079822879918662,0.6399999999999999,,,,,,Java_medium_results.csv
19,192,5,medium,medium,0.9897680995845836,0.7469989124945161,0.985678182219928,0.8795031221646161,0.6066017316017316,,,,,,Java_medium_results.csv
19,203,5,medium,medium,0.9888237525730422,0.6481985128138363,0.985451269913748,0.9143436425108832,0.7165178571428572,,,,,,Java_medium_results.csv
19,151,5,medium,medium,0.9944517610242442,0.60812659460674,0.9925247541039772,0.8787666208270851,0.5999999999999999,,,,,,Java_medium_results.csv
19,202,5,medium,medium,0.9892562851672082,0.7187280182422873,0.9829264212727314,0.914950575033506,0.6939799331103679,,,,,,Java_medium_results.csv
19,210,5,medium,medium,0.9916789478994612,0.7284971519215568,0.9899590209632404,0.918492233880044,0.6666666666666666,,,,,,Java_medium_results.csv
19,207,5,medium,medium,0.9921984658712464,0.713904634632432,0.9886891918252176,0.8905135871424608,0.6521739130434783,,,,,,Java_medium_results.csv
19,206,5,medium,medium,0.9933856994160724,0.673153478938254,0.9919929338634802,0.8817640371224507,0.6796187683284458,,,,,,Java_medium_results.csv
19,215,5,medium,medium,0.991056442497834,0.718191083106283,0.9889768871893676,0.9128642049068592,0.6666666666666667,,,,,,Java_medium_results.csv
19,214,5,medium,medium,0.9927147889014528,0.646075917278128,0.9914572179473388,0.8807156211479577,0.7,,,,,,Java_medium_results.csv
20,24,5,medium,medium,0.9917202431349484,0.6841029147860505,0.9894101533085574,0.9371403104882968,0.6136363636363636,,,,,,Java_medium_results.csv
20,42,5,medium,medium,0.990384091653726,0.6067838519015067,0.9868224198017038,0.9254315904983852,0.709005376344086,,,,,,Java_medium_results.csv
20,33,5,medium,medium,0.9893692646502402,0.6823029475997046,0.986777617193494,0.8769612645273877,0.6570723684210527,,,,,,Java_medium_results.csv
20,32,5,medium,medium,0.9925111799969364,0.7165831031462089,0.9897393845132048,0.9336332881021636,0.631578947368421,,,,,,Java_medium_results.csv
20,40,5,medium,medium,0.9892240090996964,0.6965521775153352,0.9864295960564664,0.9318803999621128,0.6457528957528957,,,,,,Java_medium_results.csv
20,25,5,medium,medium,0.9926319753490636,0.7172994502470884,0.991878480413626,0.9422712288287296,0.6428571428571428,,,,,,Java_medium_results.csv
20,51,5,medium,medium,0.99376124321566,0.7303407567789717,0.9908553071856158,0.934501626088164,0.6451612903225807,,,,,,Java_medium_results.csv
20,53,5,medium,medium,0.9892336455103272,0.6751695027137301,0.986603942162098,0.8513445842075895,0.653846153846154,,,,,,Java_medium_results.csv
20,57,5,medium,medium,0.9905341790437272,0.7243077626417205,0.9882073076978284,0.9296468502670798,0.6363636363636365,,,,,,Java_medium_results.csv
20,62,5,medium,medium,0.9908891852061414,0.6246071305112997,0.9900693843648408,0.9356927252813864,0.6949910554561718,,,,,,Java_medium_results.csv
20,66,5,medium,medium,0.99165377887994,0.6815606604703952,0.9880810219803946,0.8992715628302586,0.6666666666666666,,,,,,Java_medium_results.csv
20,54,5,medium,medium,0.986669721524253,0.7484398304037121,0.9800736257310936,0.886433731630647,0.5864367816091954,,,,,,Java_medium_results.csv
20,70,5,medium,medium,0.9919603958753764,0.6798125829008529,0.9901787256597018,0.892899717770447,0.6363636363636364,,,,,,Java_medium_results.csv
20,55,5,medium,medium,0.9920812283689115,0.7204823105013534,0.989445793017657,0.8828609543409821,0.5692307692307692,,,,,,Java_medium_results.csv
20,61,5,medium,medium,0.9928009479811524,0.7054387996721787,0.991299880934476,0.8878024057040723,0.6516683518705764,,,,,,Java_medium_results.csv
20,81,5,medium,medium,0.99117856503058,0.7064446495595047,0.9883845054947892,0.9346245843681548,0.6666666666666666,,,,,,Java_medium_results.csv
20,75,5,medium,medium,0.9885684149803748,0.7641734516085018,0.9843654074572482,0.888694395077815,0.6511627906976745,,,,,,Java_medium_results.csv
20,88,5,medium,medium,0.9906887059297442,0.6555672336914622,0.9887379839434064,0.888984064905603,0.6086956521739131,,,,,,Java_medium_results.csv
20,73,5,medium,medium,0.9911652191661264,0.7637833321414592,0.9882810093600606,0.9210329178487292,0.638888888888889,,,,,,Java_medium_results.csv
20,91,5,medium,medium,0.9917602698213536,0.7762024804523111,0.986980001927007,0.9269333760325666,0.6333333333333333,,,,,,Java_medium_results.csv
20,84,5,medium,medium,0.9916166682568684,0.6940734142445242,0.988572415169412,0.8835265149903991,0.6666666666666666,,,,,,Java_medium_results.csv
20,89,5,medium,medium,0.9922501401244316,0.74374530772275,0.9895165167550432,0.9236309756021068,0.6363636363636364,,,,,,Java_medium_results.csv
20,105,5,medium,medium,0.99309031532016,0.74225303686966,0.9898488664038688,0.8943503769391808,0.7058823529411764,,,,,,Java_medium_results.csv
20,83,5,medium,medium,0.9911118731335624,0.715367644141359,0.9871496383794914,0.8949511906801089,0.6545092838196287,,,,,,Java_medium_results.csv
20,108,5,medium,medium,0.9910516958251196,0.6703467243256013,0.989948947734018,0.9276099576729504,0.653846153846154,,,,,,Java_medium_results.csv
20,97,5,medium,medium,0.9903053111834176,0.7573985668190075,0.9885724128134722,0.9168108103196012,0.6521739130434783,,,,,,Java_medium_results.csv
20,121,5,medium,medium,0.9917854153302648,0.7027025508590403,0.989870960507734,0.8792340161069541,0.6399999999999999,,,,,,Java_medium_results.csv
20,115,5,medium,medium,0.9901449886893084,0.7136034724600244,0.9865269821237864,0.8732002210132785,0.6511627906976745,,,,,,Java_medium_results.csv
20,117,5,medium,medium,0.9907020984776168,0.7276877129513644,0.9866015661450404,0.9174539492181548,0.6666666666666666,,,,,,Java_medium_results.csv
20,143,5,medium,medium,0.988961056204784,0.6404510786042292,0.9852572421832912,0.8883128738263939,0.5641025641025641,,,,,,Java_medium_results.csv
20,133,5,medium,medium,0.9916330029839904,0.6994505325378908,0.988834936865722,0.9501204290963724,0.625,,,,,,Java_medium_results.csv
20,135,5,medium,medium,0.9887002870205092,0.7482424751986598,0.9832465245285658,0.92113792423635,0.6666666666666667,,,,,,Java_medium_results.csv
20,147,5,medium,medium,0.989814239930788,0.6980886321606549,0.988553690692277,0.9506469882162304,0.625,,,,,,Java_medium_results.csv
20,145,5,medium,medium,0.9924244156785106,0.7276894146468221,0.9888418942753304,0.8853749823352977,0.6666666666666666,,,,,,Java_medium_results.csv
20,155,5,medium,medium,0.990713591674666,0.7247993366222285,0.9867068760498152,0.9211698596620616,0.6666666666666666,,,,,,Java_medium_results.csv
20,142,5,medium,medium,0.9920044268140537,0.6707566597369536,0.989368943392662,0.916484407064212,0.6410256410256411,,,,,,Java_medium_results.csv
20,171,5,medium,medium,0.9917629752655388,0.6984941816819588,0.9881719697358124,0.9350283907294112,0.6,,,,,,Java_medium_results.csv
20,158,5,medium,medium,0.992200251000716,0.7350969716657976,0.9889284537518004,0.9408744194887182,0.5999999999999999,,,,,,Java_medium_results.csv
20,168,5,medium,medium,0.9907769428579642,0.7135915403625772,0.987970162513778,0.9023374276119784,0.6363636363636365,,,,,,Java_medium_results.csv
20,166,5,medium,medium,0.9883620040461624,0.6680979598658578,0.9827981064897974,0.9226797203659044,0.6666666666666666,,,,,,Java_medium_results.csv
20,192,5,medium,medium,0.989139860319274,0.6943292175946265,0.9838439855043296,0.9215664854239716,0.65,,,,,,Java_medium_results.csv
20,169,5,medium,medium,0.9881991945585852,0.6977441546400687,0.984004940099945,0.8914203840743207,0.6170212765957447,,,,,,Java_medium_results.csv
20,203,5,medium,medium,0.99022704283685,0.6369850598532212,0.9844297439510684,0.8471767366224359,0.6206896551724137,,,,,,Java_medium_results.csv
20,202,5,medium,medium,0.9897237243478666,0.696803169933371,0.9859489737223422,0.8810885583157381,0.625,,,,,,Java_medium_results.csv
20,210,5,medium,medium,0.992515932914632,0.646825451149068,0.9888303307958688,0.9058714757482998,0.6628787878787878,,,,,,Java_medium_results.csv
20,207,5,medium,medium,0.991573624524912,0.7583736298615503,0.9887811292968572,0.9253050592098092,0.6341463414634145,,,,,,Java_medium_results.csv
20,215,5,medium,medium,0.9909145288084305,0.7338687493919209,0.9883739430513928,0.8812404347792224,0.6666666666666666,,,,,,Java_medium_results.csv
20,206,5,medium,medium,0.992570773558312,0.679395329929491,0.9902394923653386,0.8892385283739563,0.6399999999999999,,,,,,Java_medium_results.csv
20,151,5,medium,medium,0.9938821827498052,0.6689334467406641,0.9924746970634898,0.885832029284188,0.6666666666666666,,,,,,Java_medium_results.csv
24,42,5,medium,medium,0.9919618517051358,0.630540540569928,0.9880819112190604,0.8985102293808862,0.5833333333333333,,,,,,Java_medium_results.csv
24,33,5,medium,medium,0.991880362761398,0.6998339496022821,0.9877734457277014,0.8935770838176141,0.6666666666666667,,,,,,Java_medium_results.csv
24,32,5,medium,medium,0.993928040801675,0.7365054813493259,0.992027194079866,0.9466947583664204,0.6170212765957447,,,,,,Java_medium_results.csv
24,40,5,medium,medium,0.9915209772897392,0.7376973952014996,0.9877108759476037,0.9020827078717158,0.6,,,,,,Java_medium_results.csv
24,25,5,medium,medium,0.9943308500829692,0.7192414497936797,0.9926552433984128,0.917630294197009,0.5833333333333333,,,,,,Java_medium_results.csv
24,51,5,medium,medium,0.9944976788551094,0.6830134636322274,0.99339417330979,0.9422143147287552,0.5966101694915255,,,,,,Java_medium_results.csv
24,53,5,medium,medium,0.9916845299698844,0.7745883139094798,0.9877858990968948,0.8742135569839309,0.6056618819776715,,,,,,Java_medium_results.csv
20,214,5,medium,medium,0.9927739446046296,0.6699970533964494,0.9906964425474852,0.8931912464136047,0.6285714285714284,,,,,,Java_medium_results.csv
24,57,5,medium,medium,0.9915917871004966,0.7075156830019642,0.9889260246715366,0.9226394354943293,0.6048780487804878,,,,,,Java_medium_results.csv
24,62,5,medium,medium,0.9920928322693724,0.6322503593448379,0.9908156596734105,0.9149014334664054,0.6282894736842105,,,,,,Java_medium_results.csv
24,54,5,medium,medium,0.9883038450038796,0.7717430299935855,0.9798600392260736,0.8953498582166145,0.6293487957181089,,,,,,Java_medium_results.csv
24,66,5,medium,medium,0.9927908776252836,0.6985015957422547,0.9889937080860892,0.924010139415338,0.5945945945945945,,,,,,Java_medium_results.csv
24,70,5,medium,medium,0.9933978764820114,0.7101971521733397,0.9923201685461004,0.8873578620205673,0.6071428571428572,,,,,,Java_medium_results.csv
24,55,5,medium,medium,0.9938528719860256,0.7631185386850412,0.9914506410863364,0.9417701554597538,0.5625,,,,,,Java_medium_results.csv
24,61,5,medium,medium,0.993483619691907,0.6794945245077335,0.9916782147693184,0.9219686029660034,0.6666666666666666,,,,,,Java_medium_results.csv
24,81,5,medium,medium,0.9916650662280038,0.6986021457449856,0.9889425687189692,0.9334591512836676,0.6228448275862069,,,,,,Java_medium_results.csv
24,75,5,medium,medium,0.9909570774287833,0.7680127235404343,0.9872338555700134,0.8979019794058681,0.5931588902900379,,,,,,Java_medium_results.csv
24,73,5,medium,medium,0.9919991738382824,0.7368784150823695,0.9896778676614336,0.9431106609510806,0.5935935935935936,,,,,,Java_medium_results.csv
24,88,5,medium,medium,0.991115118993792,0.7070839083454769,0.9852403581021512,0.899105657408646,0.5773809523809523,,,,,,Java_medium_results.csv
24,84,5,medium,medium,0.9929286428103712,0.7368006272710452,0.9908042874431906,0.8848613507953327,0.6052631578947368,,,,,,Java_medium_results.csv
24,91,5,medium,medium,0.9935094867244704,0.8341578098079659,0.9900684232936032,0.9408816623998864,0.6025641025641026,,,,,,Java_medium_results.csv
24,89,5,medium,medium,0.9936249571858036,0.7732998652646021,0.9909371715376368,0.9329481938005184,0.6196217494089835,,,,,,Java_medium_results.csv
24,83,5,medium,medium,0.99276272264121,0.7447970041340783,0.9889510360840992,0.9129134391112002,0.5925925925925926,,,,,,Java_medium_results.csv
24,105,5,medium,medium,0.9944347183196643,0.6987904447813313,0.992435529802853,0.930380599469731,0.6153846153846154,,,,,,Java_medium_results.csv
24,97,5,medium,medium,0.9920539773932716,0.7303819424413334,0.9900303912172368,0.933546487124292,0.593103448275862,,,,,,Java_medium_results.csv
24,108,5,medium,medium,0.9933042665671896,0.6966444259988651,0.9901104145986386,0.9634286553484906,0.5714285714285714,,,,,,Java_medium_results.csv
24,115,5,medium,medium,0.992179305894472,0.7272539941333385,0.9890232520205288,0.9152565777674756,0.625,,,,,,Java_medium_results.csv
24,121,5,medium,medium,0.9940079702727692,0.7186241381610394,0.9921832468911872,0.930837105257625,0.625,,,,,,Java_medium_results.csv
24,117,5,medium,medium,0.9922289173226334,0.7196918628664442,0.9900133030604078,0.9263265291318294,0.625,,,,,,Java_medium_results.csv
24,143,5,medium,medium,0.9915270057544612,0.7519990226237665,0.9878503096377164,0.9301765884831452,0.625,,,,,,Java_medium_results.csv
24,133,5,medium,medium,0.9936598999472128,0.7603495215690542,0.990921101999025,0.9244613442167328,0.56,,,,,,Java_medium_results.csv
24,135,5,medium,medium,0.9901385887652834,0.6648211193815631,0.9845689187450266,0.925738828611953,0.6046511627906976,,,,,,Java_medium_results.csv
24,147,5,medium,medium,0.9925913003507808,0.7049286813828441,0.9889291430118856,0.9545609253760288,0.553639846743295,,,,,,Java_medium_results.csv
24,145,5,medium,medium,0.9934054114307512,0.7440645707359086,0.9911396404391978,0.9098029663344568,0.5806451612903225,,,,,,Java_medium_results.csv
24,142,5,medium,medium,0.993538140675263,0.6944123827385917,0.9914825758436024,0.9220463370184804,0.6470588235294119,,,,,,Java_medium_results.csv
24,155,5,medium,medium,0.9924277684603964,0.7069778570987287,0.9895995893853492,0.9233053746850332,0.57569558101473,,,,,,Java_medium_results.csv
24,158,5,medium,medium,0.994077780514042,0.7676783217150782,0.991022856371244,0.9315283472198548,0.6285714285714284,,,,,,Java_medium_results.csv
24,171,5,medium,medium,0.9936162382796612,0.7635458207109441,0.9908274208759622,0.9327778292890552,0.5972222222222222,,,,,,Java_medium_results.csv
24,168,5,medium,medium,0.991996800126834,0.7021992818804161,0.9885218759889832,0.918689593348807,0.606060606060606,,,,,,Java_medium_results.csv
24,166,5,medium,medium,0.9902953788665608,0.691748695350648,0.9853602423224642,0.893591703485538,0.5833333333333333,,,,,,Java_medium_results.csv
24,169,5,medium,medium,0.9890039501006984,0.7214172397033803,0.9842167614647678,0.913340022847266,0.6153846153846154,,,,,,Java_medium_results.csv
24,192,5,medium,medium,0.9920296524438356,0.8111286211818153,0.988754662509404,0.9292660082456814,0.6066017316017316,,,,,,Java_medium_results.csv
24,203,5,medium,medium,0.9917738728076688,0.5997102664119084,0.9882840224716656,0.920546702590185,0.5952380952380952,,,,,,Java_medium_results.csv
24,202,5,medium,medium,0.992118365320934,0.7315050790679749,0.98822329457554,0.9390143720352208,0.6451612903225807,,,,,,Java_medium_results.csv
24,210,5,medium,medium,0.9932631196759164,0.653570635663379,0.9907180580005712,0.9590581368169212,0.6171630094043887,,,,,,Java_medium_results.csv
24,207,5,medium,medium,0.9932980931270065,0.7176952849060926,0.9903669788208822,0.9558378895538536,0.6216216216216217,,,,,,Java_medium_results.csv
24,151,5,medium,medium,0.9945023426930558,0.5684429042100642,0.9925693230282748,0.9073416396824476,0.6399999999999999,,,,,,Java_medium_results.csv
24,206,5,medium,medium,0.993970764614198,0.6617828592381039,0.9910151942757002,0.926360828397428,0.6666666666666666,,,,,,Java_medium_results.csv
24,215,5,medium,medium,0.9920341693062186,0.7245422491745506,0.9892613664350596,0.94821386031791,0.6570723684210527,,,,,,Java_medium_results.csv
25,42,5,medium,medium,0.9932784466715447,0.5742635051661825,0.9910221732820356,0.9074932058556,0.75,,,,,,Java_medium_results.csv
25,33,5,medium,medium,0.9921370225219496,0.6529513268957041,0.9895033670467054,0.8758387549367243,0.6666666666666666,,,,,,Java_medium_results.csv
24,214,5,medium,medium,0.993814279658664,0.6901425211246243,0.9913379214757448,0.9122000705324824,0.6521739130434783,,,,,,Java_medium_results.csv
25,32,5,medium,medium,0.9942958651403598,0.6876666000392759,0.9921595191224024,0.9336251171288188,0.6666666666666666,,,,,,Java_medium_results.csv
25,40,5,medium,medium,0.9917101249929456,0.6885368270322141,0.9888894817759232,0.938446737328362,0.6666666666666667,,,,,,Java_medium_results.csv
25,51,5,medium,medium,0.9945048044310786,0.6691929860499953,0.9918674394152824,0.8951777457460544,0.7037037037037037,,,,,,Java_medium_results.csv
25,53,5,medium,medium,0.9927612133183285,0.6946173969235567,0.9909071407079356,0.853563696863094,0.6666666666666666,,,,,,Java_medium_results.csv
25,57,5,medium,medium,0.9939723114102916,0.6665854990898581,0.9909555364536924,0.9155678739541676,0.7391304347826088,,,,,,Java_medium_results.csv
25,62,5,medium,medium,0.9928524626731556,0.646207094727872,0.992597715070244,0.8250444208588582,0.7,,,,,,Java_medium_results.csv
25,66,5,medium,medium,0.993252369630832,0.6321163751701456,0.9907012598179036,0.8820664774098894,0.7320574162679426,,,,,,Java_medium_results.csv
25,70,5,medium,medium,0.9934973640298188,0.6803809537476289,0.9908203878018524,0.8659455885203383,0.7666666666666667,,,,,,Java_medium_results.csv
25,54,5,medium,medium,0.9898023701055364,0.7440599306758948,0.9846929612132234,0.8773532689131723,0.5263888888888889,,,,,,Java_medium_results.csv
25,81,5,medium,medium,0.9931501628243112,0.6246512529722615,0.990628235384612,0.908396202438448,0.7,,,,,,Java_medium_results.csv
25,55,5,medium,medium,0.9940295907526088,0.7283716839847691,0.9920567378466144,0.9085795970657042,0.5147186147186147,,,,,,Java_medium_results.csv
25,75,5,medium,medium,0.9920903097937416,0.6814533880586711,0.9899790709701832,0.9167925338813764,0.6376262626262627,,,,,,Java_medium_results.csv
25,88,5,medium,medium,0.992515317049698,0.6185654655202955,0.9916275088326464,0.8956949813908177,0.7777777777777779,,,,,,Java_medium_results.csv
25,61,5,medium,medium,0.9935534913370744,0.7496437169494183,0.9933596955099596,0.9173968933535632,0.7320512820512821,,,,,,Java_medium_results.csv
25,73,5,medium,medium,0.9920264885378014,0.7092735622181798,0.9893796251558432,0.9182045203139216,0.6875,,,,,,Java_medium_results.csv
25,91,5,medium,medium,0.9932474988382968,0.7008488845287117,0.9915847755471756,0.9012100884677652,0.5909090909090909,,,,,,Java_medium_results.csv
25,84,5,medium,medium,0.9932334669475732,0.76564400520747,0.991436298243943,0.8940115063385576,0.6938775510204083,,,,,,Java_medium_results.csv
25,89,5,medium,medium,0.993507556560559,0.7205310271933385,0.9916248217264032,0.9033053549730105,0.625,,,,,,Java_medium_results.csv
25,108,5,medium,medium,0.9940285523159929,0.6577001154854947,0.9921124533830196,0.9329961495476404,0.7537878787878788,,,,,,Java_medium_results.csv
25,105,5,medium,medium,0.994333775699014,0.6826249781043799,0.992668949104856,0.9103483789635,0.7058823529411764,,,,,,Java_medium_results.csv
25,97,5,medium,medium,0.992402083878548,0.7022117848460765,0.9911853939674896,0.9291070422695992,0.7350877192982457,,,,,,Java_medium_results.csv
25,83,5,medium,medium,0.9923313609854186,0.7600163061389065,0.9902633316177052,0.9183076009908192,0.6818181818181819,,,,,,Java_medium_results.csv
25,121,5,medium,medium,0.993503398238797,0.6836838871213997,0.992608246403197,0.9060157634814396,0.6300322061191627,,,,,,Java_medium_results.csv
25,115,5,medium,medium,0.9930838153024658,0.7251599311580215,0.9914751147192002,0.8775639086092569,0.6371473354231975,,,,,,Java_medium_results.csv
25,143,5,medium,medium,0.9929728548399758,0.6174483979775077,0.9902046508309946,0.8766923001200293,0.4125,,,,,,Java_medium_results.csv
25,117,5,medium,medium,0.9923575422104152,0.739683919607993,0.9906520579985718,0.897894260225926,0.6381818181818182,,,,,,Java_medium_results.csv
25,133,5,medium,medium,0.9933377773691776,0.7419415621844623,0.9925547708340466,0.9371152771515674,0.736842105263158,,,,,,Java_medium_results.csv
25,147,5,medium,medium,0.9925049461042694,0.7530436157354053,0.9918410761760657,0.9181123061814797,0.736842105263158,,,,,,Java_medium_results.csv
25,135,5,medium,medium,0.99053238041862,0.7100667699078731,0.9887491360741004,0.9331226071781288,0.7333333333333334,,,,,,Java_medium_results.csv
25,155,5,medium,medium,0.993463084519689,0.6998006640970438,0.9918568794514712,0.8923262586693242,0.7142857142857142,,,,,,Java_medium_results.csv
25,145,5,medium,medium,0.993127958996652,0.7290756310897202,0.9913861404507488,0.863499152268128,0.7307692307692308,,,,,,Java_medium_results.csv
25,142,5,medium,medium,0.9935419078364288,0.7203671209434988,0.9914494723669784,0.8956824444810934,0.6666666666666667,,,,,,Java_medium_results.csv
25,171,5,medium,medium,0.9937405605724816,0.6761055453263569,0.991190480718968,0.9179362663444206,0.6176470588235294,,,,,,Java_medium_results.csv
25,158,5,medium,medium,0.9932597007982736,0.7192243982142026,0.991947318440035,0.9016395137439472,0.6,,,,,,Java_medium_results.csv
25,168,5,medium,medium,0.9929491798376586,0.7080653018927849,0.991965075348428,0.9124251271611552,0.7142857142857143,,,,,,Java_medium_results.csv
25,166,5,medium,medium,0.9906539828223336,0.7572731363192508,0.9882902172245678,0.914225503747266,0.7142857142857142,,,,,,Java_medium_results.csv
25,192,5,medium,medium,0.9927997668704056,0.6901795435010525,0.990506619075723,0.8926582693573474,0.6052631578947368,,,,,,Java_medium_results.csv
25,203,5,medium,medium,0.9924427251090232,0.5652932926358274,0.9904137464645536,0.8623730993198642,0.6956521739130435,,,,,,Java_medium_results.csv
25,169,5,medium,medium,0.990390107236839,0.7230787466791555,0.987698025521708,0.8848106113916432,0.6428571428571428,,,,,,Java_medium_results.csv
25,202,5,medium,medium,0.9930019193038112,0.6817315752439488,0.9910623592398836,0.9179879010781308,0.6818181818181819,,,,,,Java_medium_results.csv
25,210,5,medium,medium,0.994034594715388,0.6606060381791288,0.9929437489514528,0.8731663028951376,0.7272727272727273,,,,,,Java_medium_results.csv
25,207,5,medium,medium,0.9928323015214804,0.7447087040896913,0.9909915347485524,0.9201792732330574,0.588235294117647,,,,,,Java_medium_results.csv
25,215,5,medium,medium,0.9930418891481072,0.6905070246420282,0.9914249237484816,0.9089278257553786,0.736842105263158,,,,,,Java_medium_results.csv
25,206,5,medium,medium,0.9939758134773083,0.7045120211163243,0.992667738541397,0.8735701419113733,0.6896551724137931,,,,,,Java_medium_results.csv
32,42,5,medium,medium,0.9937556373645772,0.6365629233445455,0.9914970657370836,0.8887060784900684,0.6933760683760684,,,,,,Java_medium_results.csv
32,33,5,medium,medium,0.9922035204227708,0.7327906602215751,0.9894362102536728,0.8922563422436143,0.6857142857142857,,,,,,Java_medium_results.csv
32,40,5,medium,medium,0.99261078279676,0.7151086673095852,0.9900665347170168,0.8906336765876338,0.625,,,,,,Java_medium_results.csv
25,151,5,medium,medium,0.994613383481674,0.7250352227431327,0.9931532616724228,0.8923703455811087,0.6774193548387097,,,,,,Java_medium_results.csv
32,51,5,medium,medium,0.9944795646937566,0.7733643005865922,0.993046230583138,0.920273028270934,0.6666666666666666,,,,,,Java_medium_results.csv
32,53,5,medium,medium,0.992759810876661,0.707923393024789,0.9922641877665734,0.8829399869955563,0.6287683031869079,,,,,,Java_medium_results.csv
32,57,5,medium,medium,0.9931622926319824,0.6801163531715194,0.991420239761678,0.9291239808845472,0.6666666666666666,,,,,,Java_medium_results.csv
32,62,5,medium,medium,0.993320071778954,0.6942950782017365,0.9915939521228114,0.929080786253425,0.6296296296296298,,,,,,Java_medium_results.csv
25,214,5,medium,medium,0.9939269464101051,0.7030328578399323,0.9914792042211884,0.8870676543969925,0.6956521739130435,,,,,,Java_medium_results.csv
32,66,5,medium,medium,0.9929010393312004,0.675194460628235,0.9915821210277392,0.892787404673442,0.6808510638297873,,,,,,Java_medium_results.csv
32,54,5,medium,medium,0.988699742775906,0.7105152178670704,0.983378431619431,0.8983131762847704,0.5580701078582435,,,,,,Java_medium_results.csv
32,70,5,medium,medium,0.9932882002955372,0.6628547965055049,0.9915632109316252,0.9316918274195586,0.6756756756756758,,,,,,Java_medium_results.csv
32,55,5,medium,medium,0.9938306692432392,0.7044020799707778,0.9913256648544888,0.9423480941724934,0.56,,,,,,Java_medium_results.csv
32,61,5,medium,medium,0.9939997203208728,0.739897051349685,0.9937674435055256,0.9270784558776826,0.6551724137931034,,,,,,Java_medium_results.csv
32,81,5,medium,medium,0.992692845311358,0.6818361049716167,0.9903165836578744,0.9263063453338716,0.653846153846154,,,,,,Java_medium_results.csv
32,75,5,medium,medium,0.9908260289227554,0.7190520912355611,0.987505204574012,0.8798452881336665,0.64,,,,,,Java_medium_results.csv
32,73,5,medium,medium,0.9911654059636386,0.6559241359384922,0.9898037540111048,0.9236030792666646,0.6428571428571428,,,,,,Java_medium_results.csv
32,88,5,medium,medium,0.9927841672108724,0.6751880601299762,0.9915675221480768,0.8897815520266878,0.6206896551724137,,,,,,Java_medium_results.csv
32,91,5,medium,medium,0.993837005121393,0.7807564296057292,0.992221856668528,0.9426071432416712,0.5454545454545454,,,,,,Java_medium_results.csv
32,84,5,medium,medium,0.9932570348804608,0.7319027914083396,0.9913671401767464,0.9035777544469584,0.6521739130434783,,,,,,Java_medium_results.csv
32,89,5,medium,medium,0.9929330480329124,0.7029235899863051,0.9910558524671748,0.8949897472305532,0.6521739130434782,,,,,,Java_medium_results.csv
32,105,5,medium,medium,0.9950125955565594,0.6548734652997172,0.993189283630099,0.9515804297588678,0.6551724137931034,,,,,,Java_medium_results.csv
32,83,5,medium,medium,0.9931214764042624,0.714457383357245,0.989947331827874,0.8949834163027937,0.6791443850267379,,,,,,Java_medium_results.csv
32,97,5,medium,medium,0.9938284432628084,0.7279286070621445,0.9922105386042044,0.9148405939388864,0.6779953917050692,,,,,,Java_medium_results.csv
32,108,5,medium,medium,0.9935705357791732,0.709729693305498,0.9915957894257575,0.9229492997363292,0.6428571428571428,,,,,,Java_medium_results.csv
32,121,5,medium,medium,0.9935540288424916,0.6663689284648757,0.9922576181355428,0.9261845456063232,0.6545092838196287,,,,,,Java_medium_results.csv
32,115,5,medium,medium,0.991774964342246,0.6448910615526788,0.9894963469636042,0.9379748956438124,0.6573932926829268,,,,,,Java_medium_results.csv
32,117,5,medium,medium,0.9923012287455268,0.7344073728727911,0.988997138493965,0.9177684984955938,0.6486486486486487,,,,,,Java_medium_results.csv
32,143,5,medium,medium,0.9923209130909336,0.6996953560411487,0.9885887666957082,0.8882012913932251,0.5753787878787878,,,,,,Java_medium_results.csv
32,133,5,medium,medium,0.9939448434890558,0.6971467108026288,0.9927876788844308,0.953852781630433,0.625,,,,,,Java_medium_results.csv
32,135,5,medium,medium,0.9898325833017044,0.6903730801856542,0.9884997975043536,0.8978149106511512,0.6818181818181819,,,,,,Java_medium_results.csv
32,147,5,medium,medium,0.9923401055727884,0.734982774731342,0.9903233574054588,0.956175906975842,0.6414285714285713,,,,,,Java_medium_results.csv
32,145,5,medium,medium,0.993644350312919,0.7330981727146405,0.9914617476810051,0.9248133265121188,0.6944444444444445,,,,,,Java_medium_results.csv
32,155,5,medium,medium,0.9926451064493538,0.7175173381260223,0.991089753428599,0.9072185886342826,0.6521739130434783,,,,,,Java_medium_results.csv
32,142,5,medium,medium,0.9932324698079312,0.6988378201802332,0.991133160876715,0.903927696980398,0.6,,,,,,Java_medium_results.csv
32,171,5,medium,medium,0.9942180648485628,0.7480317212630487,0.9921631452813812,0.9307173716446392,0.5671171171171172,,,,,,Java_medium_results.csv
32,158,5,medium,medium,0.9937132843059756,0.7090856607149729,0.992194712397866,0.9406831261974076,0.6018867924528302,,,,,,Java_medium_results.csv
32,168,5,medium,medium,0.993031917640369,0.6853091012544228,0.9909347501067444,0.8964596662799361,0.6585365853658536,,,,,,Java_medium_results.csv
32,166,5,medium,medium,0.9907811906611756,0.6768359505441752,0.9878288738689548,0.8946926913215489,0.6956521739130435,,,,,,Java_medium_results.csv
32,169,5,medium,medium,0.9911723685562044,0.7169801047770257,0.9876059173432016,0.8900991582642906,0.65625,,,,,,Java_medium_results.csv
32,192,5,medium,medium,0.9919327215514532,0.7208016427991489,0.9897524427932416,0.928138170576335,0.5857142857142856,,,,,,Java_medium_results.csv
32,203,5,medium,medium,0.9937684073981188,0.6481700167945074,0.9911971365488323,0.8830935572447638,0.6818181818181819,,,,,,Java_medium_results.csv
32,202,5,medium,medium,0.9920542410442758,0.710939843165753,0.9911031481116662,0.921619516646532,0.7029156816390859,,,,,,Java_medium_results.csv
32,210,5,medium,medium,0.9939723596860728,0.6589491651825699,0.9925105314156922,0.9459462487608848,0.6585365853658536,,,,,,Java_medium_results.csv
32,207,5,medium,medium,0.9932941807980352,0.6736099274706755,0.9905988115525914,0.9142616183233048,0.6363636363636364,,,,,,Java_medium_results.csv
32,215,5,medium,medium,0.9937613872211344,0.7419153426195675,0.9919117483933932,0.897759102875326,0.65625,,,,,,Java_medium_results.csv
32,206,5,medium,medium,0.9933110971025674,0.6700716950626944,0.9924462831381902,0.9057567247171744,0.6545092838196287,,,,,,Java_medium_results.csv
32,151,5,medium,medium,0.9946827388846692,0.646129130183583,0.9933170348450951,0.8923158011016725,0.6363636363636365,,,,,,Java_medium_results.csv
33,42,5,medium,medium,0.9883321659513652,0.6925314783966615,0.9816391528884338,0.9183336570359524,0.5968749999999999,,,,,,Java_medium_results.csv
33,40,5,medium,medium,0.9878647049656114,0.7385617625545204,0.982111480181285,0.893479856056072,0.6333333333333333,,,,,,Java_medium_results.csv
33,51,5,medium,medium,0.9908868254618144,0.7656658447813092,0.9874429879100712,0.9080662853516402,0.6666666666666666,,,,,,Java_medium_results.csv
33,53,5,medium,medium,0.9887681058975512,0.7096318388835485,0.9834778790103352,0.8590298101103373,0.6585365853658536,,,,,,Java_medium_results.csv
32,214,5,medium,medium,0.9930466469820812,0.675916497624473,0.9915146611153356,0.931947301191428,0.6176470588235294,,,,,,Java_medium_results.csv
33,57,5,medium,medium,0.989328216105854,0.7228677935493633,0.9840832925405468,0.8901027720190877,0.6818181818181819,,,,,,Java_medium_results.csv
33,54,5,medium,medium,0.9847381745742622,0.7421549165949479,0.9766497536873636,0.9287918897790352,0.6206896551724137,,,,,,Java_medium_results.csv
33,62,5,medium,medium,0.98904747875034,0.7158889584800316,0.9836901510766484,0.8436565545930392,0.6774193548387097,,,,,,Java_medium_results.csv
33,66,5,medium,medium,0.9902798279976418,0.7114981323849499,0.9859847145785948,0.905082860195064,0.7097222222222223,,,,,,Java_medium_results.csv
33,55,5,medium,medium,0.991745795824862,0.6992942529726809,0.9882752361414384,0.890718389274139,0.5952380952380952,,,,,,Java_medium_results.csv
33,70,5,medium,medium,0.9905366863402564,0.716275279284915,0.9867719990994516,0.8535504572987707,0.6407624633431085,,,,,,Java_medium_results.csv
33,61,5,medium,medium,0.9926219966516592,0.66505920551034,0.9919207153685716,0.916346375224296,0.6333333333333333,,,,,,Java_medium_results.csv
33,75,5,medium,medium,0.9865321807220212,0.72315592137524,0.983382194485196,0.9112034248904832,0.6578947368421053,,,,,,Java_medium_results.csv
33,81,5,medium,medium,0.9889220243481,0.7104129447249269,0.9822518672290768,0.8696740956316934,0.649616368286445,,,,,,Java_medium_results.csv
33,73,5,medium,medium,0.9877799229902666,0.6794819536037082,0.982339787603106,0.9413305335219628,0.6521739130434783,,,,,,Java_medium_results.csv
33,88,5,medium,medium,0.9893316122656072,0.6684230788699582,0.9859471593060743,0.8730126671844266,0.5833333333333334,,,,,,Java_medium_results.csv
33,84,5,medium,medium,0.9900741737048738,0.6904800377652625,0.9893484714839172,0.9382492342639882,0.6448028673835126,,,,,,Java_medium_results.csv
33,91,5,medium,medium,0.9900770843649582,0.7899698554209644,0.9860314390388883,0.9284906105021308,0.5951206140350878,,,,,,Java_medium_results.csv
33,83,5,medium,medium,0.9898938471704009,0.6774538559011247,0.986782685139785,0.925354713825154,0.6666666666666666,,,,,,Java_medium_results.csv
33,89,5,medium,medium,0.9899340802634292,0.7505322136854616,0.9872148340888852,0.9273743309920424,0.6206896551724137,,,,,,Java_medium_results.csv
33,97,5,medium,medium,0.989090936702073,0.6947965681374767,0.9846564348589922,0.9050737309263642,0.619047619047619,,,,,,Java_medium_results.csv
33,105,5,medium,medium,0.9941066871882333,0.7470823124629007,0.9925729742986066,0.8565488616638709,0.6956521739130435,,,,,,Java_medium_results.csv
33,108,5,medium,medium,0.9908097139122444,0.7192099306960029,0.9867345004296898,0.8930262438023813,0.7037037037037037,,,,,,Java_medium_results.csv
33,115,5,medium,medium,0.9892610081012624,0.6761866603748132,0.9848415828188016,0.8988808333155188,0.6461100569259962,,,,,,Java_medium_results.csv
33,121,5,medium,medium,0.9920569502255504,0.6070332109536452,0.9906436896366632,0.9230433116289752,0.6779953917050692,,,,,,Java_medium_results.csv
33,117,5,medium,medium,0.9901025483647024,0.6902695859568264,0.9867242009763484,0.9373766158069522,0.6530100334448161,,,,,,Java_medium_results.csv
33,133,5,medium,medium,0.991319337613827,0.7014939769580332,0.9893427788343206,0.8592253714600969,0.6104336043360433,,,,,,Java_medium_results.csv
33,143,5,medium,medium,0.9876790879528404,0.7180898587294513,0.984256443738223,0.9265650762816756,0.6199999999999999,,,,,,Java_medium_results.csv
33,135,5,medium,medium,0.9883717538001852,0.6812231382261943,0.983758967050608,0.9210013033316112,0.7,,,,,,Java_medium_results.csv
33,147,5,medium,medium,0.9892338899307892,0.7239451903875505,0.9846651909169256,0.913469245687259,0.6296296296296298,,,,,,Java_medium_results.csv
33,142,5,medium,medium,0.9923109455590156,0.6055552852830233,0.990181567895972,0.9102093368593092,0.6363636363636365,,,,,,Java_medium_results.csv
33,145,5,medium,medium,0.9923794439012348,0.717906949701475,0.990957892882768,0.872150235964951,0.6666666666666666,,,,,,Java_medium_results.csv
33,155,5,medium,medium,0.9880926222338124,0.7213778988853156,0.9841708255712058,0.915611761253615,0.7,,,,,,Java_medium_results.csv
33,158,5,medium,medium,0.9914703545520606,0.74095384302605,0.9892268568847744,0.8833620827177645,0.6851851851851851,,,,,,Java_medium_results.csv
33,168,5,medium,medium,0.9894292105994212,0.6457616437383988,0.9872554653834336,0.9025589537046604,0.6428571428571428,,,,,,Java_medium_results.csv
33,171,5,medium,medium,0.989299613834802,0.716591761264699,0.9824066244358628,0.8833510146331268,0.625,,,,,,Java_medium_results.csv
33,166,5,medium,medium,0.9876555013142294,0.7327062686234571,0.98369753352609,0.8715578190623785,0.5925925925925926,,,,,,Java_medium_results.csv
33,169,5,medium,medium,0.988760707338428,0.6852004615332827,0.9816228027488416,0.9150999817164532,0.6521739130434783,,,,,,Java_medium_results.csv
33,192,5,medium,medium,0.9877736960325612,0.7517095073040023,0.9820983978873798,0.9117318098072834,0.6348148148148148,,,,,,Java_medium_results.csv
33,203,5,medium,medium,0.9875528791747534,0.7129215117082,0.980847936855186,0.8776332775633895,0.6551724137931034,,,,,,Java_medium_results.csv
33,202,5,medium,medium,0.9894344762774656,0.7571990830712378,0.9832338724500372,0.9013443919211078,0.6521739130434783,,,,,,Java_medium_results.csv
33,151,5,medium,medium,0.9943964351888996,0.5725266571394156,0.991270328556201,0.8812316160771425,0.6314814814814815,,,,,,Java_medium_results.csv
33,210,5,medium,medium,0.9905214925646596,0.7277179758174628,0.9865142569971828,0.9017732263923526,0.6530100334448161,,,,,,Java_medium_results.csv
33,207,5,medium,medium,0.9906187861849726,0.615298546012058,0.988015973421902,0.9201645408656624,0.5853658536585366,,,,,,Java_medium_results.csv
33,206,5,medium,medium,0.9921319577172024,0.6456676777404415,0.9902432850303589,0.91975994606053,0.65625,,,,,,Java_medium_results.csv
33,215,5,medium,medium,0.9901194967403568,0.7232667768761514,0.9882329149276724,0.8964629944052247,0.6399999999999999,,,,,,Java_medium_results.csv
33,214,5,medium,medium,0.992055621846654,0.6356533167701639,0.9882828370303768,0.919300553247012,0.6818181818181819,,,,,,Java_medium_results.csv
40,42,5,medium,medium,0.9871701813422248,0.6001624742963039,0.9792052988204032,0.8825834389745408,0.6188554658840792,,,,,,Java_medium_results.csv
40,51,5,medium,medium,0.9904080270629896,0.7397494165192247,0.9858860406211248,0.904076310522174,0.6818181818181819,,,,,,Java_medium_results.csv
40,53,5,medium,medium,0.9873777038696024,0.7249274208514022,0.9805699988901732,0.8460861975456877,0.6436507936507936,,,,,,Java_medium_results.csv
40,57,5,medium,medium,0.990018147302504,0.7462136595476061,0.9849221302594944,0.9469868589157436,0.6376262626262627,,,,,,Java_medium_results.csv
40,54,5,medium,medium,0.9843826578180483,0.7491114072254771,0.9772272793661982,0.8725607318255602,0.6100230414746544,,,,,,Java_medium_results.csv
40,62,5,medium,medium,0.9881527457892731,0.7505634750725267,0.982890673270747,0.85102336696424,0.6363636363636365,,,,,,Java_medium_results.csv
40,66,5,medium,medium,0.989407058116882,0.7578325779653294,0.9829020733789005,0.8965694843612845,0.6296296296296298,,,,,,Java_medium_results.csv
40,55,5,medium,medium,0.991352212241893,0.6845996939480153,0.9877579266649932,0.8699331383041988,0.5345238095238095,,,,,,Java_medium_results.csv
40,70,5,medium,medium,0.9905027451457116,0.8041579740025854,0.9856264568401116,0.8740286866563897,0.6666666666666667,,,,,,Java_medium_results.csv
40,61,5,medium,medium,0.9919181952254368,0.6738671203005814,0.9898036187612989,0.910676246180052,0.6923076923076923,,,,,,Java_medium_results.csv
40,81,5,medium,medium,0.9887807339767124,0.7424239436594624,0.9848196193051546,0.9188425900407682,0.6333333333333333,,,,,,Java_medium_results.csv
40,75,5,medium,medium,0.9880964641310248,0.7604979029017601,0.9823629785191238,0.8749480286070168,0.6600375234521576,,,,,,Java_medium_results.csv
40,73,5,medium,medium,0.9876233032637316,0.6486733811866037,0.983336403012824,0.9201819447698248,0.6428571428571428,,,,,,Java_medium_results.csv
40,88,5,medium,medium,0.9876631662178011,0.7477460242530214,0.9858245438588455,0.8951737621781445,0.6273148148148149,,,,,,Java_medium_results.csv
40,84,5,medium,medium,0.9907167069246016,0.6588234982187979,0.9863239305358572,0.8969371369579726,0.6551724137931034,,,,,,Java_medium_results.csv
40,91,5,medium,medium,0.9902629510604432,0.8182594403628489,0.9850111793736354,0.9092330161335942,0.5673658733360226,,,,,,Java_medium_results.csv
40,89,5,medium,medium,0.9903408633753658,0.766072702151958,0.9868282231565536,0.9113524047420948,0.606060606060606,,,,,,Java_medium_results.csv
40,83,5,medium,medium,0.9905792054828972,0.7076091524739692,0.9866387167732062,0.891370751150141,0.6451612903225807,,,,,,Java_medium_results.csv
40,105,5,medium,medium,0.9911401854322548,0.7019375952909084,0.9870176293837096,0.9008653468740756,0.6821052631578948,,,,,,Java_medium_results.csv
40,97,5,medium,medium,0.9887949939105262,0.7609573293443959,0.9861406674538012,0.9067988142676136,0.6595744680851063,,,,,,Java_medium_results.csv
40,108,5,medium,medium,0.9891142467447616,0.7335121374733704,0.9853217440903552,0.9078766872170496,0.6904761904761905,,,,,,Java_medium_results.csv
40,115,5,medium,medium,0.9887237899690148,0.7023806035098183,0.984014209176984,0.8713543319405502,0.6666666666666666,,,,,,Java_medium_results.csv
40,121,5,medium,medium,0.9894438854186616,0.7117423043004896,0.9861801600064004,0.886096268443831,0.6799999999999999,,,,,,Java_medium_results.csv
40,117,5,medium,medium,0.9901972675798104,0.7181979998306516,0.9859882372278932,0.9019047264724922,0.6666666666666667,,,,,,Java_medium_results.csv
40,143,5,medium,medium,0.9871381209672464,0.7731488976084467,0.9812311810006948,0.8841269745306752,0.6075096277278562,,,,,,Java_medium_results.csv
40,133,5,medium,medium,0.9909842373761664,0.7154185232245276,0.9879995441522036,0.933445013132658,0.6363636363636365,,,,,,Java_medium_results.csv
40,135,5,medium,medium,0.9888248089930334,0.704092643729261,0.9862856704085023,0.9247922771967612,0.676470588235294,,,,,,Java_medium_results.csv
40,147,5,medium,medium,0.9893832369023928,0.7302858832065142,0.986797464380013,0.9215415399094202,0.6554945054945055,,,,,,Java_medium_results.csv
40,145,5,medium,medium,0.990684695395324,0.7236513684023428,0.9872687786182288,0.8528686627543947,0.6428571428571428,,,,,,Java_medium_results.csv
40,142,5,medium,medium,0.9901959195794534,0.6365641693550286,0.987413384434618,0.9186908897094136,0.625200900032144,,,,,,Java_medium_results.csv
40,155,5,medium,medium,0.9891099995217872,0.6597910208605751,0.983533835762432,0.8992844463175745,0.6521739130434783,,,,,,Java_medium_results.csv
40,158,5,medium,medium,0.9905825877741028,0.7371162401503915,0.98818120856377,0.9281297479115992,0.6539558089807556,,,,,,Java_medium_results.csv
40,168,5,medium,medium,0.9873480572467764,0.6438040146350852,0.9835236914977348,0.8775037981982043,0.6470588235294117,,,,,,Java_medium_results.csv
40,171,5,medium,medium,0.9894898494654192,0.7116398458641193,0.984160155428053,0.9094869394722548,0.5964912280701755,,,,,,Java_medium_results.csv
40,166,5,medium,medium,0.9883834289222676,0.7222769065783526,0.9842105698439388,0.8946488132006173,0.6666666666666667,,,,,,Java_medium_results.csv
40,169,5,medium,medium,0.9867174413191988,0.7128849972089453,0.9832315509419,0.8937193094298846,0.6470588235294119,,,,,,Java_medium_results.csv
40,192,5,medium,medium,0.9888551450537668,0.7975623191738778,0.9841385611469042,0.8877288072768535,0.6153846153846154,,,,,,Java_medium_results.csv
40,203,5,medium,medium,0.9885502699626388,0.7204681025574124,0.9796360270618776,0.8889135218861539,0.6551724137931034,,,,,,Java_medium_results.csv
40,202,5,medium,medium,0.9878834824614346,0.7767060665046134,0.9817321052658272,0.8995828334851879,0.6153846153846154,,,,,,Java_medium_results.csv
40,210,5,medium,medium,0.9874792500004362,0.7397612143503728,0.984137855338103,0.8974478783660753,0.6666666666666667,,,,,,Java_medium_results.csv
40,151,5,medium,medium,0.9930734094486388,0.6193755243347648,0.9917407805268778,0.8954119787345765,0.6545092838196287,,,,,,Java_medium_results.csv
40,207,5,medium,medium,0.9905317031123524,0.7406271526487154,0.9855946800158384,0.8970556995267125,0.6414285714285713,,,,,,Java_medium_results.csv
40,206,5,medium,medium,0.9913163421730168,0.6395115051624276,0.989357887732127,0.8575146694868306,0.6557112068965517,,,,,,Java_medium_results.csv
40,215,5,medium,medium,0.9890141234002228,0.6720893574714271,0.9852714942605818,0.901116268503951,0.6304347826086957,,,,,,Java_medium_results.csv
40,214,5,medium,medium,0.9919711367492756,0.6532988666746136,0.9883924756991556,0.9046652557937024,0.6449579831932772,,,,,,Java_medium_results.csv
42,51,5,medium,medium,0.993531282733207,0.6507145539016594,0.992385238862134,0.9197268577650054,0.698005698005698,,,,,,Java_medium_results.csv
42,53,5,medium,medium,0.9880325694361684,0.7296482824845145,0.9824839981693692,0.8582912023520101,0.75,,,,,,Java_medium_results.csv
42,54,5,medium,medium,0.9846291844164384,0.5743172503623184,0.9759946202085972,0.9169786394420104,0.4721362229102167,,,,,,Java_medium_results.csv
42,57,5,medium,medium,0.991128167102026,0.573163596734612,0.9881516327241966,0.8977838330343851,0.75,,,,,,Java_medium_results.csv
42,55,5,medium,medium,0.9924683451937538,0.580690742474002,0.9890603214708592,0.9409725178279472,0.4411764705882353,,,,,,Java_medium_results.csv
42,62,5,medium,medium,0.9908390264070992,0.6478626403617548,0.9894582511736733,0.9166833675173032,0.7272727272727273,,,,,,Java_medium_results.csv
42,61,5,medium,medium,0.9937892709378316,0.5554776173111051,0.9925495964022616,0.9170328148150572,0.7575757575757576,,,,,,Java_medium_results.csv
42,66,5,medium,medium,0.9914706514045856,0.6353951231990458,0.987172600969837,0.9122945653811018,0.7894736842105263,,,,,,Java_medium_results.csv
42,70,5,medium,medium,0.9906861752397976,0.6731675806984327,0.9858961055693364,0.8488214082416967,0.7826086956521738,,,,,,Java_medium_results.csv
42,73,5,medium,medium,0.9888356846469338,0.5717905649629005,0.9824311098609014,0.9009443108838214,0.72,,,,,,Java_medium_results.csv
42,75,5,medium,medium,0.9883782548748488,0.5899294296397745,0.981067770794156,0.8881607010282019,0.5577777777777778,,,,,,Java_medium_results.csv
42,81,5,medium,medium,0.9895718661015916,0.6895303726333963,0.986359119753496,0.9352132717916224,0.7241379310344828,,,,,,Java_medium_results.csv
42,83,5,medium,medium,0.9910465175841222,0.6056956639374209,0.9879771805370248,0.9133762691642217,0.75,,,,,,Java_medium_results.csv
42,84,5,medium,medium,0.9914798991029008,0.544983002387324,0.9893680772276148,0.8971084820959805,0.6818181818181819,,,,,,Java_medium_results.csv
42,88,5,medium,medium,0.9901338556721864,0.6009296743412273,0.9853376962898124,0.9250648197607998,0.7894736842105263,,,,,,Java_medium_results.csv
42,89,5,medium,medium,0.9913391429656828,0.6427764241783369,0.987944882066046,0.9398808064633452,0.5833333333333335,,,,,,Java_medium_results.csv
42,91,5,medium,medium,0.9903638076175948,0.6973105480804768,0.98653492210559,0.9435130893132324,0.4516129032258064,,,,,,Java_medium_results.csv
42,97,5,medium,medium,0.9904083876002144,0.5579630864024276,0.9862563290975458,0.9019610363714252,0.7083333333333334,,,,,,Java_medium_results.csv
42,105,5,medium,medium,0.9946431399594056,0.6660827535092183,0.9932927347483242,0.908799772210108,0.75,,,,,,Java_medium_results.csv
42,108,5,medium,medium,0.9923916441220452,0.6055074488690164,0.9890687442343304,0.9401166018138538,0.75,,,,,,Java_medium_results.csv
42,115,5,medium,medium,0.9907034594997902,0.5328405420210833,0.9856593642799872,0.896844844921686,0.625,,,,,,Java_medium_results.csv
42,117,5,medium,medium,0.9905121585879068,0.6227678673854362,0.9842461704825598,0.9109856648006992,0.6666666666666666,,,,,,Java_medium_results.csv
42,121,5,medium,medium,0.994080914840108,0.5823783754405687,0.9939042351185474,0.917898731589735,0.6428571428571428,,,,,,Java_medium_results.csv
42,133,5,medium,medium,0.9920476943398676,0.6050599964476482,0.989366088731459,0.8933496777358981,0.7407407407407407,,,,,,Java_medium_results.csv
42,135,5,medium,medium,0.989305464788338,0.5713304535849821,0.9818667439353272,0.8987418426569898,0.7777777777777779,,,,,,Java_medium_results.csv
42,143,5,medium,medium,0.989267739642349,0.7299688813694315,0.9849439030593636,0.9322517692180756,0.5333333333333334,,,,,,Java_medium_results.csv
42,142,5,medium,medium,0.993445056489701,0.5294561808025902,0.9904314635217452,0.9317414155374836,0.6666666666666666,,,,,,Java_medium_results.csv
42,145,5,medium,medium,0.9934049362018132,0.6500508142476181,0.9909405492975166,0.9284540072974669,0.7894736842105263,,,,,,Java_medium_results.csv
42,147,5,medium,medium,0.9902120287760704,0.6160700333328688,0.9851180106560647,0.9402095731483634,0.8,,,,,,Java_medium_results.csv
42,155,5,medium,medium,0.9911783453775382,0.6617650889158396,0.9877223703605332,0.93480593804442,0.75,,,,,,Java_medium_results.csv
42,158,5,medium,medium,0.9917827292816976,0.6818193246051658,0.9881729789222312,0.8917163800113692,0.6666666666666666,,,,,,Java_medium_results.csv
42,166,5,medium,medium,0.9889390862804006,0.6183117311588624,0.9818851266397516,0.9021878064960572,0.72,,,,,,Java_medium_results.csv
42,151,5,medium,medium,0.9950617025235612,0.5865120831748607,0.9940130260751154,0.8941635549102305,0.6896551724137931,,,,,,Java_medium_results.csv
42,168,5,medium,medium,0.9915534161975308,0.5749877257033008,0.98701833260258,0.8867730934130277,0.75,,,,,,Java_medium_results.csv
42,169,5,medium,medium,0.988335006474998,0.617158202460794,0.980046122846011,0.8999879401277977,0.5862068965517242,,,,,,Java_medium_results.csv
42,171,5,medium,medium,0.992187049227852,0.5634644316528818,0.9894416294822224,0.935644142760512,0.5172413793103448,,,,,,Java_medium_results.csv
42,192,5,medium,medium,0.98706031383577,0.7274448074088196,0.9832227601099104,0.912468067977129,0.5264778325123153,,,,,,Java_medium_results.csv
42,202,5,medium,medium,0.9900407848737062,0.6305505847406807,0.9851371908900702,0.8870234597807546,0.6952380952380952,,,,,,Java_medium_results.csv
42,203,5,medium,medium,0.9864407024345306,0.6275030321254973,0.979514002865274,0.9206705498571696,0.7,,,,,,Java_medium_results.csv
42,206,5,medium,medium,0.9935259379555312,0.611687264793135,0.991889636338982,0.923202430018222,0.7060185185185186,,,,,,Java_medium_results.csv
42,207,5,medium,medium,0.991221234925854,0.5932477201943698,0.9871696088262994,0.9300457464560496,0.5757575757575757,,,,,,Java_medium_results.csv
42,210,5,medium,medium,0.9928803748206164,0.5878888121077922,0.9919265905104432,0.928126681884032,0.7722222222222223,,,,,,Java_medium_results.csv
42,215,5,medium,medium,0.9919355427746918,0.692012210670621,0.988095282456786,0.8949659746939947,0.7593103448275862,,,,,,Java_medium_results.csv
42,214,5,medium,medium,0.992587038796822,0.5463650169574708,0.9882890481167624,0.8941179274004472,0.72,,,,,,Java_medium_results.csv
51,53,5,medium,medium,0.9922023752327874,0.7809760297450495,0.9873664620100912,0.870953538967741,0.6666666666666666,,,,,,Java_medium_results.csv
51,57,5,medium,medium,0.9931771253039589,0.6813230235600778,0.9913304426190186,0.906524735053429,0.7333333333333334,,,,,,Java_medium_results.csv
51,54,5,medium,medium,0.9874521947777838,0.7387662329764304,0.9801110072711074,0.9008380014993136,0.5714285714285714,,,,,,Java_medium_results.csv
51,62,5,medium,medium,0.9940591769761,0.7110031115950006,0.9926040392817344,0.9110572684966008,0.7000000000000001,,,,,,Java_medium_results.csv
51,66,5,medium,medium,0.9930386602170376,0.7360583867589383,0.991474385568628,0.9359163078212792,0.7333333333333334,,,,,,Java_medium_results.csv
51,55,5,medium,medium,0.9936082423001515,0.7322408802709378,0.9908284434556908,0.9312512259975068,0.5438910291689598,,,,,,Java_medium_results.csv
51,70,5,medium,medium,0.992226939993792,0.6938644281620052,0.9913004605060036,0.90091539718806,0.7071428571428571,,,,,,Java_medium_results.csv
51,61,5,medium,medium,0.9939900525256188,0.6948986794468466,0.9935315347127656,0.9236360070508708,0.6944444444444445,,,,,,Java_medium_results.csv
51,75,5,medium,medium,0.9902993728881064,0.7239641996544335,0.9842474539218796,0.9198745785746336,0.6666666666666667,,,,,,Java_medium_results.csv
51,81,5,medium,medium,0.9929073604462756,0.7330104109697893,0.9903051896998551,0.9537410567802472,0.7029411764705882,,,,,,Java_medium_results.csv
51,73,5,medium,medium,0.992091627757378,0.6847031529546104,0.9878789949784216,0.9431069324705412,0.6521739130434783,,,,,,Java_medium_results.csv
51,88,5,medium,medium,0.9927458572799432,0.6636045179904003,0.9908355127371944,0.8914035202943731,0.6809090909090909,,,,,,Java_medium_results.csv
51,84,5,medium,medium,0.9927367775425038,0.6776803776216218,0.9898011311326578,0.9225873485569674,0.7333333333333334,,,,,,Java_medium_results.csv
51,83,5,medium,medium,0.9922311277950768,0.6765333235497872,0.9880642098049373,0.9124916221291102,0.7241379310344828,,,,,,Java_medium_results.csv
51,91,5,medium,medium,0.9932548436723008,0.7203976679244772,0.990302713414485,0.945021913173658,0.5519713261648745,,,,,,Java_medium_results.csv
51,89,5,medium,medium,0.993668753423712,0.6748700999065462,0.9898725899145854,0.954750489771556,0.5931712962962963,,,,,,Java_medium_results.csv
51,97,5,medium,medium,0.991740605662022,0.723724298949878,0.9881956517810562,0.9465428737124368,0.7073170731707317,,,,,,Java_medium_results.csv
51,105,5,medium,medium,0.9953369725860884,0.6996211467598226,0.9939084677709528,0.9060254731919104,0.7142857142857142,,,,,,Java_medium_results.csv
51,108,5,medium,medium,0.9942284872757952,0.6890058190026256,0.99215736041077,0.9409373968189916,0.7182539682539683,,,,,,Java_medium_results.csv
51,115,5,medium,medium,0.9923800095022592,0.6701996973325302,0.988408756881126,0.9142600989030588,0.6626016260162602,,,,,,Java_medium_results.csv
51,121,5,medium,medium,0.9951318135574406,0.6729172087928939,0.9939864161141304,0.9325271860045292,0.6956521739130435,,,,,,Java_medium_results.csv
51,117,5,medium,medium,0.992008202426746,0.7235332892210149,0.9874584406247752,0.929473187115847,0.6666666666666666,,,,,,Java_medium_results.csv
51,133,5,medium,medium,0.9935153950106316,0.7142076293993723,0.9924554163361272,0.9028914654381714,0.6666666666666667,,,,,,Java_medium_results.csv
51,143,5,medium,medium,0.990683817790738,0.7173426722257922,0.9870129784214636,0.9546992823543458,0.6037735849056605,,,,,,Java_medium_results.csv
51,135,5,medium,medium,0.9900288325671456,0.6924182801543071,0.9852682200440064,0.9292228792971508,0.71875,,,,,,Java_medium_results.csv
51,147,5,medium,medium,0.992150696365772,0.7349450060281436,0.9896064844396504,0.9248660054802108,0.7272727272727273,,,,,,Java_medium_results.csv
51,145,5,medium,medium,0.9941667085700644,0.7325500387339812,0.9922741594985532,0.911321899234292,0.6956521739130435,,,,,,Java_medium_results.csv
51,142,5,medium,medium,0.9933569293815429,0.6797025001502768,0.9918909169484624,0.9395190356482404,0.6420338983050847,,,,,,Java_medium_results.csv
51,155,5,medium,medium,0.9925489276764432,0.7325772989215138,0.9894690915939576,0.942322560851751,0.7060185185185186,,,,,,Java_medium_results.csv
51,158,5,medium,medium,0.9932643456567696,0.7428853037975947,0.9904286812947216,0.9094538937977756,0.65625,,,,,,Java_medium_results.csv
51,166,5,medium,medium,0.9896551430966236,0.6918699424393917,0.9841063342660376,0.8880141102617654,0.7165178571428572,,,,,,Java_medium_results.csv
51,168,5,medium,medium,0.9929336563245036,0.6748530255164492,0.9904967912653247,0.9056440879339231,0.6818181818181819,,,,,,Java_medium_results.csv
51,171,5,medium,medium,0.9940393427879448,0.7580174713890295,0.9916842801846868,0.9496535655827611,0.6295731707317073,,,,,,Java_medium_results.csv
51,169,5,medium,medium,0.9895852752135774,0.695731248640441,0.9838543151484558,0.9011972505853614,0.6363636363636365,,,,,,Java_medium_results.csv
51,192,5,medium,medium,0.9911161401249106,0.8007996368894198,0.9861550351947664,0.922947806165736,0.6428571428571428,,,,,,Java_medium_results.csv
51,203,5,medium,medium,0.9923708764690142,0.6484983381830174,0.9903634784876876,0.9128451247394757,0.7631578947368421,,,,,,Java_medium_results.csv
51,202,5,medium,medium,0.9921336214821384,0.7161836791641941,0.9900374219891742,0.9249745679904432,0.6956521739130435,,,,,,Java_medium_results.csv
51,151,5,medium,medium,0.9950670203578826,0.6295025402778107,0.9940309131120936,0.8904260853899633,0.6774193548387097,,,,,,Java_medium_results.csv
51,210,5,medium,medium,0.9942816089821952,0.5989961035216511,0.9924757055532326,0.9546483017512972,0.6956521739130435,,,,,,Java_medium_results.csv
51,207,5,medium,medium,0.9927957847240836,0.7290362283077052,0.9910396692905652,0.937278719161005,0.5740740740740741,,,,,,Java_medium_results.csv
51,206,5,medium,medium,0.994262380923777,0.6985616499756458,0.9930286515585974,0.9315118867029316,0.7142857142857142,,,,,,Java_medium_results.csv
51,215,5,medium,medium,0.9924386751134991,0.7391020462317551,0.9899208175090772,0.9282991372893188,0.7060185185185186,,,,,,Java_medium_results.csv
51,214,5,medium,medium,0.9933346354895668,0.6700228131936283,0.9911046401733904,0.9169480054397148,0.6578947368421053,,,,,,Java_medium_results.csv
53,57,5,medium,medium,0.9914043708302752,0.6995274736042851,0.9876845025708212,0.904058588693022,0.6857142857142857,,,,,,Java_medium_results.csv
53,54,5,medium,medium,0.984282716314074,0.6887389086069767,0.97728620638303,0.8642780777324084,0.5,,,,,,Java_medium_results.csv
53,62,5,medium,medium,0.9893891988315264,0.7479437303291182,0.9864917052718124,0.9333593450801888,0.728110599078341,,,,,,Java_medium_results.csv
53,66,5,medium,medium,0.9905248993738588,0.710717836965346,0.9889175299924629,0.8620009818677739,0.709005376344086,,,,,,Java_medium_results.csv
53,55,5,medium,medium,0.9923926315359358,0.705573443626329,0.9891476724089504,0.8613655888296938,0.5405405405405406,,,,,,Java_medium_results.csv
53,70,5,medium,medium,0.9916547516920764,0.7303725167875617,0.987818681308754,0.9462047745882128,0.6939799331103679,,,,,,Java_medium_results.csv
53,61,5,medium,medium,0.9932041973286434,0.6478437798566006,0.99108903818263,0.8749545144013724,0.7,,,,,,Java_medium_results.csv
53,75,5,medium,medium,0.987051727687114,0.7379055073045091,0.9800119846426736,0.8772962194448404,0.6545454545454545,,,,,,Java_medium_results.csv
53,73,5,medium,medium,0.9888980560184732,0.7037006383307554,0.9826457717807114,0.8771943560341373,0.6296296296296298,,,,,,Java_medium_results.csv
53,81,5,medium,medium,0.9888397882763033,0.7453453771792518,0.9836986458364698,0.9006819851124648,0.6521739130434783,,,,,,Java_medium_results.csv
53,88,5,medium,medium,0.989667970076509,0.6083622899340616,0.987176846704328,0.927955825930462,0.6978260869565218,,,,,,Java_medium_results.csv
53,84,5,medium,medium,0.990828482255746,0.7006004131425044,0.9886069862214576,0.8698028722264555,0.6818181818181819,,,,,,Java_medium_results.csv
53,91,5,medium,medium,0.9897519257491034,0.819541165526961,0.985289254333045,0.8704975146869652,0.5319148936170213,,,,,,Java_medium_results.csv
53,83,5,medium,medium,0.9912428592012362,0.6840586538940704,0.9872380748012688,0.8842276838225589,0.6956521739130435,,,,,,Java_medium_results.csv
53,89,5,medium,medium,0.991610986010696,0.6683995154834205,0.9884644970688644,0.8069745660711424,0.5714285714285714,,,,,,Java_medium_results.csv
53,105,5,medium,medium,0.9931297199545296,0.7154870973931751,0.9900635651926676,0.9385922880457276,0.6785714285714286,,,,,,Java_medium_results.csv
53,97,5,medium,medium,0.9891427479997748,0.6871241760042017,0.9861172545970722,0.8525252421536595,0.6708333333333334,,,,,,Java_medium_results.csv
53,108,5,medium,medium,0.9910963234029097,0.6913638900186319,0.9869930698306376,0.9102556134059596,0.736842105263158,,,,,,Java_medium_results.csv
53,115,5,medium,medium,0.9901864871840044,0.6620953142877075,0.9865011740705107,0.9084981554013256,0.6318879855465221,,,,,,Java_medium_results.csv
53,117,5,medium,medium,0.9906561597251125,0.6910321265226975,0.9859859439740284,0.8940836586919076,0.6296296296296298,,,,,,Java_medium_results.csv
53,121,5,medium,medium,0.9919601295829542,0.6584884979633103,0.988640398068469,0.8677262385966726,0.6799999999999999,,,,,,Java_medium_results.csv
53,133,5,medium,medium,0.9923575438004172,0.6772064474317482,0.991509391324662,0.934664634943332,0.7307692307692308,,,,,,Java_medium_results.csv
53,143,5,medium,medium,0.9871522728261176,0.6846362577194356,0.9829038464166538,0.8595407559992897,0.5788177339901478,,,,,,Java_medium_results.csv
53,135,5,medium,medium,0.9871423172488002,0.6613150139039503,0.9793788079113744,0.8675725747335239,0.7165178571428571,,,,,,Java_medium_results.csv
53,147,5,medium,medium,0.9900888304724424,0.7242117670799533,0.9880898792811512,0.9038765762832248,0.7692307692307692,,,,,,Java_medium_results.csv
53,142,5,medium,medium,0.9913220557401076,0.6823111906182227,0.9885324460824834,0.8531148700984045,0.6414285714285713,,,,,,Java_medium_results.csv
53,145,5,medium,medium,0.9914665783302544,0.6950315335078137,0.990721058977018,0.923050215870438,0.719375,,,,,,Java_medium_results.csv
53,155,5,medium,medium,0.9892058113805144,0.7273396874601556,0.9870355290539362,0.8733659186865486,0.7302494802494803,,,,,,Java_medium_results.csv
53,158,5,medium,medium,0.991739764251084,0.6922220656384899,0.9891730516891124,0.8828305160064436,0.5999999999999999,,,,,,Java_medium_results.csv
53,168,5,medium,medium,0.9905039755553288,0.7170267249127968,0.9861332407352004,0.8775382465721162,0.6551724137931034,,,,,,Java_medium_results.csv
53,166,5,medium,medium,0.9881123368184056,0.6803869692802159,0.982801237841485,0.852472494786271,0.7083333333333334,,,,,,Java_medium_results.csv
53,171,5,medium,medium,0.9911117056581088,0.7175165902315964,0.9880147787034176,0.8971165672979882,0.5888964002028054,,,,,,Java_medium_results.csv
53,169,5,medium,medium,0.9877502859286476,0.6835379101380151,0.9829898612302392,0.867611540229057,0.5862068965517242,,,,,,Java_medium_results.csv
53,192,5,medium,medium,0.9896165493822796,0.7567252329535026,0.9849097623757386,0.8789045131306051,0.569551282051282,,,,,,Java_medium_results.csv
53,203,5,medium,medium,0.9868373435910036,0.6360026036116492,0.9862956781655284,0.9036005038954424,0.7307692307692308,,,,,,Java_medium_results.csv
53,151,5,medium,medium,0.994439911439024,0.5999671859818806,0.9914681394437214,0.900803537550204,0.6956521739130435,,,,,,Java_medium_results.csv
53,202,5,medium,medium,0.9895529956205597,0.7551010972941719,0.9864411266628532,0.912571397969589,0.678235294117647,,,,,,Java_medium_results.csv
53,210,5,medium,medium,0.9923255789224554,0.6877181561792315,0.990426654927402,0.8989790783064604,0.6857142857142857,,,,,,Java_medium_results.csv
53,207,5,medium,medium,0.9916001925735018,0.707450814873154,0.989183584237006,0.8372007452624176,0.603030303030303,,,,,,Java_medium_results.csv
53,206,5,medium,medium,0.9925553277367376,0.6087775168684637,0.990178089145947,0.9042331433943918,0.6956521739130435,,,,,,Java_medium_results.csv
53,215,5,medium,medium,0.9902386527766416,0.6881474208364462,0.9871507117212766,0.8635660816600486,0.6666666666666666,,,,,,Java_medium_results.csv
53,214,5,medium,medium,0.992349463332991,0.6297702567405992,0.9905208841606058,0.8778181333394998,0.6904761904761905,,,,,,Java_medium_results.csv
54,62,5,medium,medium,0.9846414028563812,0.6739105055285739,0.9755462547790916,0.8722933031828126,0.5438596491228069,,,,,,Java_medium_results.csv
54,57,5,medium,medium,0.9856681095439614,0.7235375842596818,0.9797973817195488,0.8630473452279303,0.5313725490196078,,,,,,Java_medium_results.csv
54,66,5,medium,medium,0.9858096708949246,0.7480803380439394,0.9779417282177632,0.9128920498043718,0.5161290322580645,,,,,,Java_medium_results.csv
54,70,5,medium,medium,0.9864888851541757,0.7472497209700169,0.9791685649017724,0.8460113358803205,0.4888668975754577,,,,,,Java_medium_results.csv
54,81,5,medium,medium,0.9855868117039016,0.6979227795143127,0.9791110978812222,0.865628281356677,0.6052631578947368,,,,,,Java_medium_results.csv
54,75,5,medium,medium,0.9863700212244488,0.7487915755656493,0.9796980088385696,0.9154129184087992,0.6107994389901823,,,,,,Java_medium_results.csv
54,55,5,medium,medium,0.990773614635417,0.7348945714265122,0.987606392100378,0.9013250200674936,0.5887605042016807,,,,,,Java_medium_results.csv
54,88,5,medium,medium,0.9855158034190128,0.6780045689454666,0.9781614019130354,0.8540504151481801,0.4745762711864407,,,,,,Java_medium_results.csv
54,61,5,medium,medium,0.9889780037173188,0.6895341466381582,0.9857978565644476,0.9191272032600376,0.56,,,,,,Java_medium_results.csv
54,73,5,medium,medium,0.9870151730529914,0.7766203843908831,0.980631059102448,0.8910404112329557,0.5793850806451613,,,,,,Java_medium_results.csv
54,91,5,medium,medium,0.9868574321928936,0.807506438204491,0.9792671317738332,0.9246755921906056,0.6222222222222222,,,,,,Java_medium_results.csv
54,84,5,medium,medium,0.9880488020241832,0.7593692731624092,0.984379851639114,0.9042680113809828,0.5631955484896661,,,,,,Java_medium_results.csv
54,89,5,medium,medium,0.9885837546536188,0.7581846485666803,0.9834071006257654,0.9182198114379138,0.6233108108108109,,,,,,Java_medium_results.csv
54,108,5,medium,medium,0.986824040514016,0.7676923852825789,0.979187088546407,0.9020640960110108,0.4880884855360181,,,,,,Java_medium_results.csv
54,105,5,medium,medium,0.987724995721946,0.7655986653583274,0.9829152412794704,0.8698863976213929,0.5483870967741936,,,,,,Java_medium_results.csv
54,97,5,medium,medium,0.9886400330726852,0.787772478762994,0.9822169386579088,0.8945154028906361,0.56,,,,,,Java_medium_results.csv
54,83,5,medium,medium,0.9893465399795134,0.773957042279058,0.985109212445048,0.9292669781720913,0.5576923076923077,,,,,,Java_medium_results.csv
54,121,5,medium,medium,0.987152464595646,0.7400005409784114,0.9797131948548424,0.9193324805612548,0.5976190476190476,,,,,,Java_medium_results.csv
54,115,5,medium,medium,0.9864681044219838,0.7227300039428086,0.980556063831765,0.8834720238597422,0.5925925925925926,,,,,,Java_medium_results.csv
54,143,5,medium,medium,0.9843499678225598,0.7485118046652206,0.9769459838597282,0.8913208898163384,0.6296296296296298,,,,,,Java_medium_results.csv
54,117,5,medium,medium,0.9879721094553752,0.787458120337287,0.9831370600079642,0.9204945913255428,0.6015873015873016,,,,,,Java_medium_results.csv
54,133,5,medium,medium,0.9880402243054274,0.7624168756286969,0.9829392177768964,0.8655808242310365,0.4857142857142856,,,,,,Java_medium_results.csv
54,147,5,medium,medium,0.9866059516289132,0.7421057865211897,0.9797987799869776,0.8755101644781761,0.4604989604989604,,,,,,Java_medium_results.csv
54,135,5,medium,medium,0.9855959270026484,0.7266415370874858,0.9807389608335412,0.8991469030300335,0.4838709677419355,,,,,,Java_medium_results.csv
54,155,5,medium,medium,0.9867097837855264,0.729471465589488,0.979021101142678,0.9148612241157296,0.5804460374352847,,,,,,Java_medium_results.csv
54,145,5,medium,medium,0.9895712934874578,0.7434290603158817,0.9841255980835262,0.8762652122152856,0.5,,,,,,Java_medium_results.csv
54,142,5,medium,medium,0.9890259618675036,0.7585388168143815,0.9851287496754249,0.9121059520813288,0.5871290545203589,,,,,,Java_medium_results.csv
54,171,5,medium,medium,0.9868163941392724,0.7328049648179167,0.979322903985923,0.8910464911855482,0.6300751879699248,,,,,,Java_medium_results.csv
54,158,5,medium,medium,0.9890174281965254,0.8080880883641242,0.9839145912129996,0.893536514653264,0.6105555555555555,,,,,,Java_medium_results.csv
54,168,5,medium,medium,0.9865416630102652,0.7558481153960455,0.9804049833282544,0.8956743612564845,0.5185185185185186,,,,,,Java_medium_results.csv
54,192,5,medium,medium,0.986999727759204,0.7651994486023468,0.9811046965603876,0.897074984942674,0.631578947368421,,,,,,Java_medium_results.csv
54,203,5,medium,medium,0.9837068349729392,0.6387393244744848,0.9712926817579804,0.8430836189576023,0.5357142857142857,,,,,,Java_medium_results.csv
54,166,5,medium,medium,0.9860215635680212,0.7234209997777488,0.9811732505589956,0.8542268864941321,0.525,,,,,,Java_medium_results.csv
54,169,5,medium,medium,0.9864319108567298,0.7650990028055273,0.9809257037355646,0.8992761179109202,0.5956843940714909,,,,,,Java_medium_results.csv
54,202,5,medium,medium,0.9866628696904296,0.7519706272102948,0.9807077172931172,0.913499480032518,0.5588235294117647,,,,,,Java_medium_results.csv
54,210,5,medium,medium,0.9855386240596864,0.6478331909745152,0.9759799522997608,0.905363540240725,0.5384615384615385,,,,,,Java_medium_results.csv
54,207,5,medium,medium,0.9877388276015292,0.7558427339334436,0.9826114777403796,0.9191528623557406,0.6079192546583851,,,,,,Java_medium_results.csv
54,215,5,medium,medium,0.9872549168530096,0.775000977579758,0.9808155631391074,0.9078945599935356,0.5555555555555556,,,,,,Java_medium_results.csv
54,206,5,medium,medium,0.9896019970207908,0.7022973954753412,0.987178391703592,0.9057820305614568,0.578125,,,,,,Java_medium_results.csv
54,151,5,medium,medium,0.9919755752242144,0.6546173868681312,0.9885255395853794,0.8849130663348015,0.6129032258064516,,,,,,Java_medium_results.csv
54,214,5,medium,medium,0.9907987873912136,0.6993647657446074,0.9877693303269668,0.9001615465851006,0.625,,,,,,Java_medium_results.csv
55,62,5,medium,medium,0.9919504061100206,0.5858659345908952,0.9881301219907144,0.9184661052331018,0.5917467948717949,,,,,,Java_medium_results.csv
55,57,5,medium,medium,0.9927513069750916,0.7405825168627406,0.9896343711868828,0.9224099016849296,0.5395010395010396,,,,,,Java_medium_results.csv
55,66,5,medium,medium,0.9925523260070548,0.6160190549501399,0.9903808980367652,0.9088192401668352,0.5161290322580645,,,,,,Java_medium_results.csv
55,70,5,medium,medium,0.9934540409307862,0.7122742704908973,0.9914504699115616,0.9027895887669624,0.4610323886639675,,,,,,Java_medium_results.csv
55,81,5,medium,medium,0.9926139661799136,0.588543239374346,0.98897939243389,0.8971307634723205,0.5151515151515151,,,,,,Java_medium_results.csv
55,88,5,medium,medium,0.9917807198055272,0.650192579807261,0.9876164398050392,0.8982138872635956,0.4579905992949471,,,,,,Java_medium_results.csv
55,61,5,medium,medium,0.993962575752172,0.7332275710264959,0.992108890943076,0.922434889009914,0.5574387947269304,,,,,,Java_medium_results.csv
55,75,5,medium,medium,0.991689605522178,0.6599906668928177,0.989215779231286,0.907313570330355,0.588235294117647,,,,,,Java_medium_results.csv
55,73,5,medium,medium,0.9926500771143588,0.7378999622842484,0.9900949181818448,0.9181309169577468,0.5777777777777777,,,,,,Java_medium_results.csv
55,91,5,medium,medium,0.9930221165296502,0.7650752031242141,0.9895831764597912,0.9235205160234,0.5903263403263403,,,,,,Java_medium_results.csv
55,105,5,medium,medium,0.9938652874784496,0.7270592898087019,0.9915752336823755,0.903646856869346,0.5510204081632653,,,,,,Java_medium_results.csv
55,108,5,medium,medium,0.9936078126271988,0.6386151552762704,0.990602964300541,0.908576188764055,0.4883468834688347,,,,,,Java_medium_results.csv
55,89,5,medium,medium,0.99368531772295,0.7307516520579408,0.9911712098100478,0.9182353563785765,0.5454545454545455,,,,,,Java_medium_results.csv
55,84,5,medium,medium,0.9930841142448544,0.7076244176663818,0.9913798582304988,0.9177678293494888,0.5194902548725637,,,,,,Java_medium_results.csv
55,97,5,medium,medium,0.9926539250129128,0.7345867207686995,0.9905334066311584,0.9212413487917508,0.5128205128205128,,,,,,Java_medium_results.csv
55,83,5,medium,medium,0.9921967689026872,0.7325729739338214,0.989734659736549,0.9205294225745752,0.5517241379310345,,,,,,Java_medium_results.csv
55,121,5,medium,medium,0.9931164559639978,0.6139293245198496,0.991507449956073,0.9471335072604028,0.6190476190476191,,,,,,Java_medium_results.csv
55,143,5,medium,medium,0.9921894547460542,0.6603359575528355,0.988582507220136,0.9089583589530794,0.5985074626865672,,,,,,Java_medium_results.csv
55,115,5,medium,medium,0.9923305135092216,0.6712761301121443,0.9899025536622816,0.9395783590374148,0.6140350877192983,,,,,,Java_medium_results.csv
55,117,5,medium,medium,0.9923912976559828,0.7075453055279792,0.9901591931305526,0.916446083973436,0.6,,,,,,Java_medium_results.csv
55,133,5,medium,medium,0.9932390259121504,0.7152930324633049,0.9913286278971996,0.9401337639981004,0.4468984962406015,,,,,,Java_medium_results.csv
55,147,5,medium,medium,0.9927485261204084,0.7125153153145147,0.9900513036761568,0.9613853951472556,0.4571428571428571,,,,,,Java_medium_results.csv
55,135,5,medium,medium,0.9909706040694708,0.6709890798759622,0.987522669526071,0.9326724323143358,0.4897959183673469,,,,,,Java_medium_results.csv
55,155,5,medium,medium,0.992637384120825,0.7181229516030585,0.989142843140958,0.9113685567544214,0.5495558672276765,,,,,,Java_medium_results.csv
55,145,5,medium,medium,0.9932148401897938,0.7399235913205523,0.991417697490944,0.9302347873960194,0.5,,,,,,Java_medium_results.csv
55,142,5,medium,medium,0.993680654820916,0.6864329681030923,0.9915987997891338,0.9077713676907584,0.5769230769230769,,,,,,Java_medium_results.csv
55,171,5,medium,medium,0.9935482104334056,0.7131913141560497,0.990518287438528,0.9177548466156114,0.5555555555555556,,,,,,Java_medium_results.csv
55,203,5,medium,medium,0.9917022031693352,0.5515824384714285,0.9877700718601696,0.8599269493240371,0.4411764705882353,,,,,,Java_medium_results.csv
55,192,5,medium,medium,0.9919649261219936,0.6725714796391753,0.988923044622652,0.9459537027037956,0.6086956521739131,,,,,,Java_medium_results.csv
55,158,5,medium,medium,0.9932439468658646,0.7253693600556292,0.990725017340056,0.9315908312514716,0.621921921921922,,,,,,Java_medium_results.csv
55,168,5,medium,medium,0.9924493497319584,0.6868491320764005,0.9895689586516744,0.9193046415114126,0.5,,,,,,Java_medium_results.csv
55,169,5,medium,medium,0.9911908873407376,0.6716428194889916,0.9887722469584028,0.9082283615583968,0.5542168674698795,,,,,,Java_medium_results.csv
55,166,5,medium,medium,0.991505683780848,0.7259804099695796,0.9886965627051952,0.8635069994173902,0.4699879951980792,,,,,,Java_medium_results.csv
55,202,5,medium,medium,0.992148950637756,0.6834128191600684,0.9900392709927563,0.9272486652634088,0.588235294117647,,,,,,Java_medium_results.csv
55,210,5,medium,medium,0.993404428554862,0.6391744500559973,0.9907735834957404,0.9356079783046268,0.5405405405405406,,,,,,Java_medium_results.csv
55,215,5,medium,medium,0.9935757109359292,0.6865162435330978,0.991124446475324,0.9024347322818094,0.5194902548725637,,,,,,Java_medium_results.csv
55,207,5,medium,medium,0.9933090438997,0.7260306119575757,0.992129319240844,0.9147190794027116,0.5812316715542523,,,,,,Java_medium_results.csv
55,206,5,medium,medium,0.9936860539247304,0.6890634636214803,0.9922024947902334,0.9163200022244018,0.5833333333333333,,,,,,Java_medium_results.csv
55,151,5,medium,medium,0.99397870853446,0.7221208843255367,0.9920120635530868,0.9097358631049268,0.5777777777777777,,,,,,Java_medium_results.csv
57,62,5,medium,medium,0.9927034158440748,0.6969078617209349,0.9906002996107828,0.8956880277281636,0.743516761543327,,,,,,Java_medium_results.csv
57,66,5,medium,medium,0.990462234285888,0.6719471217415871,0.9865396726602684,0.899870162174942,0.7727272727272728,,,,,,Java_medium_results.csv
57,70,5,medium,medium,0.9913714120385444,0.6815781427025116,0.9890597946542448,0.9325805545606808,0.7727272727272728,,,,,,Java_medium_results.csv
57,61,5,medium,medium,0.9937167151898302,0.707138820074521,0.9919473207839687,0.9050176036774984,0.75,,,,,,Java_medium_results.csv
55,214,5,medium,medium,0.9936100471063152,0.6922592545057404,0.9911720734367092,0.9123900796987078,0.5714285714285714,,,,,,Java_medium_results.csv
57,81,5,medium,medium,0.9910280739180606,0.7275752651062612,0.9873864078528222,0.9191830321905112,0.7142857142857143,,,,,,Java_medium_results.csv
57,75,5,medium,medium,0.9891146998836172,0.7227167343760609,0.9845078960501558,0.89577360929948,0.6140350877192983,,,,,,Java_medium_results.csv
57,73,5,medium,medium,0.9907891696434186,0.6685341993760663,0.989720219699004,0.926566883087496,0.75,,,,,,Java_medium_results.csv
57,88,5,medium,medium,0.9919402113709616,0.6699275197210435,0.9897596747744384,0.951401321735063,0.7777777777777779,,,,,,Java_medium_results.csv
57,91,5,medium,medium,0.990904614550549,0.7256302003664441,0.9884832604172552,0.8767976527436545,0.5925925925925926,,,,,,Java_medium_results.csv
57,84,5,medium,medium,0.9917432008794054,0.6936318646872912,0.9884402104537002,0.9042158847452124,0.75,,,,,,Java_medium_results.csv
57,89,5,medium,medium,0.9921303134992177,0.7573729478642018,0.9890079774937266,0.9148659443193335,0.6216216216216217,,,,,,Java_medium_results.csv
57,83,5,medium,medium,0.9914883158132792,0.6976791424169765,0.9892840404275028,0.9103676441782506,0.7413381123058542,,,,,,Java_medium_results.csv
57,105,5,medium,medium,0.9948200664784588,0.669594111855403,0.9938346206987276,0.9047347578913576,0.736842105263158,,,,,,Java_medium_results.csv
57,97,5,medium,medium,0.9907494940184276,0.7531415856837743,0.98771224954755,0.8984612970703216,0.7619047619047619,,,,,,Java_medium_results.csv
57,108,5,medium,medium,0.9921636677058484,0.6377758680568746,0.9909080211612156,0.9088835870210984,0.770979020979021,,,,,,Java_medium_results.csv
57,115,5,medium,medium,0.9904202233735396,0.7236844721022326,0.9889262945298384,0.929074866562508,0.6619047619047619,,,,,,Java_medium_results.csv
57,121,5,medium,medium,0.9931632790218566,0.7058893714481018,0.9912557393850802,0.9039663341501698,0.6666666666666666,,,,,,Java_medium_results.csv
57,117,5,medium,medium,0.9913612214966342,0.6865573545840753,0.9873970104484256,0.8999956969954375,0.653846153846154,,,,,,Java_medium_results.csv
57,143,5,medium,medium,0.9910221455369332,0.6693419176928943,0.9869264383239736,0.904658532480072,0.5834260289210234,,,,,,Java_medium_results.csv
57,133,5,medium,medium,0.992399213531951,0.7373707487613383,0.9890275294530312,0.9359015903482982,0.7537878787878788,,,,,,Java_medium_results.csv
57,135,5,medium,medium,0.9891406746980184,0.6964663516744067,0.984418843151914,0.8881109929211594,0.7894736842105263,,,,,,Java_medium_results.csv
57,147,5,medium,medium,0.9915897593069208,0.7556981600318806,0.9890094045909568,0.9312947493770152,0.7619047619047619,,,,,,Java_medium_results.csv
57,145,5,medium,medium,0.992777805672116,0.6929237582779213,0.9899001955316036,0.90729276685819,0.7692307692307693,,,,,,Java_medium_results.csv
57,142,5,medium,medium,0.9928852093081992,0.6941223478562983,0.9910672054886432,0.9195235353031452,0.6984848484848485,,,,,,Java_medium_results.csv
57,155,5,medium,medium,0.9908000792006212,0.6722284744464695,0.9886287522705216,0.9101504255668792,0.7333333333333334,,,,,,Java_medium_results.csv
57,158,5,medium,medium,0.9922469425694516,0.7274362468000973,0.9884397774829076,0.9350065563949028,0.6285714285714284,,,,,,Java_medium_results.csv
57,166,5,medium,medium,0.9895671086187862,0.7333704226174873,0.9843040024927732,0.894019402904384,0.75,,,,,,Java_medium_results.csv
57,171,5,medium,medium,0.9927044043170568,0.6844579762094622,0.9895802753131572,0.9218501079645788,0.6076923076923078,,,,,,Java_medium_results.csv
57,168,5,medium,medium,0.9919554439829364,0.6801270785286544,0.98956610941008,0.9292226572742662,0.7,,,,,,Java_medium_results.csv
57,169,5,medium,medium,0.9890740167635476,0.7229395704680192,0.983487590186306,0.8999481322616444,0.6296296296296298,,,,,,Java_medium_results.csv
57,192,5,medium,medium,0.9906452143383778,0.6399162821878819,0.9857517560685946,0.9059519602885844,0.5815718157181572,,,,,,Java_medium_results.csv
57,203,5,medium,medium,0.9909949192253872,0.6220700648511956,0.9882876742031558,0.9011715885993176,0.7777777777777779,,,,,,Java_medium_results.csv
57,202,5,medium,medium,0.9909283935876948,0.7294076280203887,0.9883698908172218,0.9144106142393302,0.6666666666666666,,,,,,Java_medium_results.csv
57,210,5,medium,medium,0.9928626992238258,0.6466860161122874,0.9914784154807658,0.9182638369814724,0.7894736842105263,,,,,,Java_medium_results.csv
57,207,5,medium,medium,0.9915098836036076,0.7145179943845521,0.9880092622075444,0.9018417773457296,0.588235294117647,,,,,,Java_medium_results.csv
57,151,5,medium,medium,0.994649134617943,0.6554010045158016,0.9933279481656562,0.9221603423029552,0.7142857142857142,,,,,,Java_medium_results.csv
57,215,5,medium,medium,0.9917953090605458,0.7365447084825212,0.9897329413103112,0.8923930777977385,0.736842105263158,,,,,,Java_medium_results.csv
57,206,5,medium,medium,0.9936369396395632,0.6676533159831666,0.9920384689142792,0.9179135790294284,0.7272727272727273,,,,,,Java_medium_results.csv
57,214,5,medium,medium,0.9926380584580148,0.7117653826547605,0.98994457569603,0.9138613388564826,0.7419354838709677,,,,,,Java_medium_results.csv
61,62,5,medium,medium,0.9933052168814386,0.6817357087165719,0.9920638065986648,0.8835501995304931,0.7083333333333334,,,,,,Java_medium_results.csv
61,66,5,medium,medium,0.9935086833355824,0.6649325079601562,0.99317787717958,0.922858857612708,0.7000000000000001,,,,,,Java_medium_results.csv
61,70,5,medium,medium,0.9933957804331606,0.6711074684031075,0.9920671797334948,0.8642740883826014,0.7464285714285713,,,,,,Java_medium_results.csv
61,81,5,medium,medium,0.9929797413923492,0.6450622995461347,0.99081844846183,0.8902927464465676,0.6956521739130435,,,,,,Java_medium_results.csv
61,88,5,medium,medium,0.9931016541677904,0.6214728353139799,0.9900407605416702,0.8803230649097892,0.7,,,,,,Java_medium_results.csv
61,75,5,medium,medium,0.9913853053158392,0.6717230087858599,0.9877179774637794,0.9248050910272184,0.631578947368421,,,,,,Java_medium_results.csv
61,91,5,medium,medium,0.993398189013472,0.642095866606434,0.9916812970673572,0.9200167766035348,0.5769230769230769,,,,,,Java_medium_results.csv
61,73,5,medium,medium,0.9922161028032104,0.6955037124333793,0.990645123984944,0.91949210458709,0.7142857142857142,,,,,,Java_medium_results.csv
61,105,5,medium,medium,0.9946690631248428,0.6891670154359548,0.9936439225054486,0.8897410503645834,0.7083333333333334,,,,,,Java_medium_results.csv
61,108,5,medium,medium,0.9940775124314348,0.7185242600675378,0.99287541878932,0.914733168578017,0.7272727272727273,,,,,,Java_medium_results.csv
61,89,5,medium,medium,0.993917727011071,0.7206029786074479,0.9932317068189268,0.916134565883746,0.6575187969924812,,,,,,Java_medium_results.csv
61,84,5,medium,medium,0.9925748310888892,0.6785381748156765,0.9921270890918992,0.9205435287875038,0.7,,,,,,Java_medium_results.csv
61,97,5,medium,medium,0.9929951538400612,0.6996777672094029,0.991634090011848,0.9297101464063768,0.7391304347826088,,,,,,Java_medium_results.csv
61,83,5,medium,medium,0.9927539973046868,0.7068326446746879,0.9911008742187186,0.9374872584517318,0.7263814616755793,,,,,,Java_medium_results.csv
61,121,5,medium,medium,0.9943585543297604,0.6741880484543898,0.9941529360868572,0.9318604238451909,0.6545092838196287,,,,,,Java_medium_results.csv
61,143,5,medium,medium,0.992696397879338,0.6081090695363587,0.9889123995213176,0.9172285608337752,0.574468085106383,,,,,,Java_medium_results.csv
61,115,5,medium,medium,0.9928548038453162,0.6801979571459467,0.9918005810540969,0.9087773046624616,0.6666666666666667,,,,,,Java_medium_results.csv
61,117,5,medium,medium,0.991904341558826,0.6659142835309922,0.9904340146719972,0.9323113935496812,0.6785714285714286,,,,,,Java_medium_results.csv
61,133,5,medium,medium,0.993870927317854,0.6801711941194194,0.9926924603199896,0.893531184125544,0.7142857142857142,,,,,,Java_medium_results.csv
61,147,5,medium,medium,0.9928641753004734,0.6810482347135073,0.9913508458330093,0.9042328290441382,0.7399355877616748,,,,,,Java_medium_results.csv
61,155,5,medium,medium,0.9933151028217088,0.7156712503096534,0.992428954033876,0.936082415354436,0.72,,,,,,Java_medium_results.csv
61,145,5,medium,medium,0.992626090222526,0.6910152186198986,0.9914252740930192,0.8961655410501266,0.7272727272727273,,,,,,Java_medium_results.csv
61,135,5,medium,medium,0.9900846356497892,0.6766955062204494,0.9881246779142514,0.9246367238706829,0.736842105263158,,,,,,Java_medium_results.csv
61,142,5,medium,medium,0.9937736329804472,0.6786138225999347,0.99269734412075,0.9308525635441872,0.6799999999999999,,,,,,Java_medium_results.csv
61,171,5,medium,medium,0.9940535686991476,0.6749246958545913,0.9924091554731886,0.9228297006356307,0.6267857142857143,,,,,,Java_medium_results.csv
61,168,5,medium,medium,0.9929054940922604,0.6981805605420768,0.9911706007106218,0.8870730317090174,0.7,,,,,,Java_medium_results.csv
61,158,5,medium,medium,0.9933636688584898,0.666718573760726,0.9918709165889836,0.8929853873081512,0.6101694915254237,,,,,,Java_medium_results.csv
61,166,5,medium,medium,0.99116047430626,0.6989232600570325,0.9892464910261008,0.87447158046697,0.71875,,,,,,Java_medium_results.csv
61,203,5,medium,medium,0.9929836403807476,0.564402546636537,0.991328689092652,0.8775953647699022,0.6818181818181819,,,,,,Java_medium_results.csv
61,192,5,medium,medium,0.9921804354332884,0.679206518004589,0.9907011544793076,0.9284586012103462,0.6410256410256411,,,,,,Java_medium_results.csv
61,169,5,medium,medium,0.99057560440157,0.6590360976913654,0.9895647845191924,0.8954315386915631,0.625,,,,,,Java_medium_results.csv
61,202,5,medium,medium,0.9930785014180108,0.6576336764867238,0.9923240620600806,0.904608542466162,0.6956521739130435,,,,,,Java_medium_results.csv
61,210,5,medium,medium,0.9941011989789552,0.6688256731077578,0.9922005127549764,0.9060653280352264,0.6956521739130435,,,,,,Java_medium_results.csv
61,207,5,medium,medium,0.9926673215206684,0.688005467823601,0.9907837316052815,0.928661120116027,0.6032786885245902,,,,,,Java_medium_results.csv
61,215,5,medium,medium,0.992788819726466,0.6651789196060052,0.9919475747452904,0.9015619438151972,0.7391304347826088,,,,,,Java_medium_results.csv
61,206,5,medium,medium,0.9942603822323371,0.7091216213772484,0.9934444536748562,0.9316067035081014,0.6969696969696969,,,,,,Java_medium_results.csv
62,66,5,medium,medium,0.9905215012110258,0.6570835252637226,0.9872305614762908,0.9282205314399372,0.7999999999999999,,,,,,Java_medium_results.csv
61,151,5,medium,medium,0.9941147650922272,0.639265933372883,0.9931874386083714,0.934280870604514,0.7077798861480076,,,,,,Java_medium_results.csv
62,70,5,medium,medium,0.9922472205617192,0.6968847130512037,0.9917727575531916,0.9415586581893796,0.7,,,,,,Java_medium_results.csv
62,75,5,medium,medium,0.9866485197222472,0.6815985885256846,0.9818464819704248,0.8757933501870959,0.625,,,,,,Java_medium_results.csv
62,73,5,medium,medium,0.9888766848387796,0.6667587318391204,0.9818475867330608,0.8988365708913372,0.7,,,,,,Java_medium_results.csv
62,81,5,medium,medium,0.9899935011534244,0.6247545067728606,0.9833499281810072,0.911265071087902,0.6976744186046512,,,,,,Java_medium_results.csv
61,214,5,medium,medium,0.9931879375819508,0.6804813296985496,0.991945645268206,0.9257509695382192,0.736842105263158,,,,,,Java_medium_results.csv
62,88,5,medium,medium,0.9915496174231228,0.7036322367865657,0.9892212603724644,0.8972680858818834,0.7236363636363636,,,,,,Java_medium_results.csv
62,84,5,medium,medium,0.9910902100846228,0.7341559007941438,0.9889327212369936,0.8321692244577921,0.7142857142857143,,,,,,Java_medium_results.csv
62,83,5,medium,medium,0.990953753191189,0.6675982253929115,0.9855785148278614,0.8618103291267575,0.6785714285714286,,,,,,Java_medium_results.csv
62,91,5,medium,medium,0.9912004556527156,0.7240764840397846,0.9861989055170992,0.9062244923500198,0.53125,,,,,,Java_medium_results.csv
62,89,5,medium,medium,0.991925512107184,0.6727436262050568,0.989066576946934,0.8740182431625675,0.6000000000000001,,,,,,Java_medium_results.csv
62,97,5,medium,medium,0.9891993610623412,0.6579807739884993,0.9832625620884082,0.8930875682086594,0.7,,,,,,Java_medium_results.csv
62,105,5,medium,medium,0.9948443537744422,0.6698462686599594,0.9933852034749392,0.9409977162493138,0.6851851851851851,,,,,,Java_medium_results.csv
62,108,5,medium,medium,0.9915022933678348,0.6368677310092095,0.9904109864954616,0.9330862433292144,0.7391304347826088,,,,,,Java_medium_results.csv
62,115,5,medium,medium,0.9911200349343536,0.666405398508997,0.9864197557663408,0.9147467710745972,0.6700680272108843,,,,,,Java_medium_results.csv
62,117,5,medium,medium,0.9904912748496514,0.656145273015889,0.9860968017252028,0.885660186000077,0.6346153846153847,,,,,,Java_medium_results.csv
62,121,5,medium,medium,0.993082231794028,0.7044333609168985,0.991100470582939,0.9090045944151408,0.6399999999999999,,,,,,Java_medium_results.csv
62,133,5,medium,medium,0.9919572885312689,0.6260850348023853,0.9909722525737492,0.9317714672483802,0.7096774193548387,,,,,,Java_medium_results.csv
62,143,5,medium,medium,0.9888996122264224,0.6874221752651983,0.9839728825749516,0.8996692239090263,0.56,,,,,,Java_medium_results.csv
62,135,5,medium,medium,0.9887260079998827,0.6559963533839843,0.981876404677722,0.8935668728856766,0.7000000000000001,,,,,,Java_medium_results.csv
62,142,5,medium,medium,0.9928563939802052,0.6533242812296383,0.9915702189398964,0.9115144997548904,0.6818181818181819,,,,,,Java_medium_results.csv
62,145,5,medium,medium,0.993139030915441,0.6819083395343086,0.9911305068465608,0.944570273419272,0.7041666666666667,,,,,,Java_medium_results.csv
62,147,5,medium,medium,0.9899884088386832,0.6777198221755898,0.9857337021364548,0.929865551142846,0.6818181818181819,,,,,,Java_medium_results.csv
62,155,5,medium,medium,0.9903716305524526,0.7221913974794859,0.9876175259085144,0.8695819484941257,0.7,,,,,,Java_medium_results.csv
62,158,5,medium,medium,0.9915977295471412,0.6050179969351406,0.988417857145492,0.9310216036710144,0.5833333333333333,,,,,,Java_medium_results.csv
62,166,5,medium,medium,0.9884337863120204,0.6327669397793901,0.9814559269537306,0.9169788107183424,0.6969696969696969,,,,,,Java_medium_results.csv
62,168,5,medium,medium,0.9891300888882156,0.634341123411251,0.9856206198422076,0.8861963938838207,0.6521739130434783,,,,,,Java_medium_results.csv
62,171,5,medium,medium,0.9914515963318324,0.715329073708922,0.989294996813436,0.909566319714972,0.546875,,,,,,Java_medium_results.csv
62,169,5,medium,medium,0.9880429942792088,0.6545816675229181,0.9810716046158244,0.8796743634498181,0.6274509803921569,,,,,,Java_medium_results.csv
62,151,5,medium,medium,0.9947280523465588,0.574024113274259,0.993120439408272,0.8827741625108748,0.606060606060606,,,,,,Java_medium_results.csv
62,192,5,medium,medium,0.9903833964862078,0.7476218381379762,0.9858282619545868,0.9350799721291784,0.588235294117647,,,,,,Java_medium_results.csv
62,202,5,medium,medium,0.9898366987015628,0.730821937291649,0.9863911736922046,0.9360446824082892,0.7041245791245792,,,,,,Java_medium_results.csv
62,203,5,medium,medium,0.9890482576679758,0.6452435927896938,0.9857928392020257,0.9038390789993768,0.676470588235294,,,,,,Java_medium_results.csv
62,210,5,medium,medium,0.9907910475927738,0.7900802732138441,0.990028299145957,0.929065575567663,0.7407407407407407,,,,,,Java_medium_results.csv
62,207,5,medium,medium,0.9912185543732276,0.6587782649856154,0.9876246191308096,0.8738335016567826,0.597872340425532,,,,,,Java_medium_results.csv
62,206,5,medium,medium,0.9934593582732864,0.6223731635513219,0.9927736814332442,0.9126968770591088,0.7,,,,,,Java_medium_results.csv
62,215,5,medium,medium,0.9909737124333994,0.7306648128451027,0.9873892344398548,0.8886914652949301,0.725705329153605,,,,,,Java_medium_results.csv
62,214,5,medium,medium,0.992668505765994,0.630790381133717,0.9889714388780968,0.8522639388928037,0.7119815668202765,,,,,,Java_medium_results.csv
66,70,5,medium,medium,0.9927056182660507,0.7000787766180803,0.990290472930002,0.8902208598840589,0.75,,,,,,Java_medium_results.csv
66,73,5,medium,medium,0.9899661518230308,0.6558119481684108,0.9842150462429295,0.9230881188966348,0.7,,,,,,Java_medium_results.csv
66,75,5,medium,medium,0.9880192715670256,0.7307888097639622,0.9846266922838884,0.9175855647276296,0.6236111111111111,,,,,,Java_medium_results.csv
66,81,5,medium,medium,0.990168644241827,0.7292898659536587,0.9870388126975232,0.934796544687456,0.7049689440993788,,,,,,Java_medium_results.csv
66,88,5,medium,medium,0.991406156700398,0.6820840594555833,0.9885592083626228,0.8811891129195583,0.736842105263158,,,,,,Java_medium_results.csv
66,84,5,medium,medium,0.9913993865456988,0.6292417741449559,0.9875420620716788,0.9054903389178284,0.7272727272727273,,,,,,Java_medium_results.csv
66,83,5,medium,medium,0.9912692606625582,0.6857397711549212,0.9869883080586476,0.9132152566667684,0.7727272727272728,,,,,,Java_medium_results.csv
66,91,5,medium,medium,0.9922370050849704,0.7499394805556867,0.9888293951623848,0.934248319564354,0.4599999999999999,,,,,,Java_medium_results.csv
66,89,5,medium,medium,0.992001965074804,0.7239452055126554,0.9898172770677472,0.9305376077806004,0.6414285714285713,,,,,,Java_medium_results.csv
66,97,5,medium,medium,0.9902982001002686,0.7085767528616709,0.9886446126601997,0.9221638198427936,0.7633053221288515,,,,,,Java_medium_results.csv
66,105,5,medium,medium,0.994093951428671,0.6435751259700407,0.9915646962230028,0.9024856269944024,0.7619047619047619,,,,,,Java_medium_results.csv
66,108,5,medium,medium,0.9920137429488596,0.724186900646607,0.9917168148046112,0.9236806131350316,0.7407407407407407,,,,,,Java_medium_results.csv
66,115,5,medium,medium,0.9913335822836687,0.659562434046236,0.988179056697084,0.8962482907570388,0.6963109354413702,,,,,,Java_medium_results.csv
66,117,5,medium,medium,0.9905448319511538,0.6775263355773915,0.9861593085503064,0.9417731908403668,0.6666666666666667,,,,,,Java_medium_results.csv
66,121,5,medium,medium,0.9931528935926724,0.6649127915204391,0.990773624671331,0.939914697760362,0.7192118226600985,,,,,,Java_medium_results.csv
66,133,5,medium,medium,0.9921376396886088,0.6896718206337231,0.9902660554177832,0.8958408973365538,0.7391304347826088,,,,,,Java_medium_results.csv
66,143,5,medium,medium,0.9902678526223052,0.7598746071803243,0.985322763444428,0.9222746128586814,0.5514285714285714,,,,,,Java_medium_results.csv
66,135,5,medium,medium,0.989595351462937,0.6741980468603213,0.9842896304881968,0.9127210782772316,0.7826086956521738,,,,,,Java_medium_results.csv
66,145,5,medium,medium,0.9923745238108832,0.6721772004594053,0.9905260509044316,0.906044943956209,0.75,,,,,,Java_medium_results.csv
66,147,5,medium,medium,0.9911211083032204,0.73573395399937,0.9877189338444652,0.9175203532288128,0.7777777777777779,,,,,,Java_medium_results.csv
66,142,5,medium,medium,0.9924386016996498,0.7047045726881098,0.989129173911155,0.925678804701266,0.6956521739130435,,,,,,Java_medium_results.csv
66,155,5,medium,medium,0.9915344839167778,0.7090610349260404,0.9882771129163078,0.9322236886685452,0.7272727272727273,,,,,,Java_medium_results.csv
66,158,5,medium,medium,0.9922808711015672,0.7269451137912903,0.9880566915927466,0.910622280280544,0.6216216216216217,,,,,,Java_medium_results.csv
66,166,5,medium,medium,0.9879131232873462,0.6693167674003412,0.9813092020812846,0.8639278252639736,0.7391304347826088,,,,,,Java_medium_results.csv
66,168,5,medium,medium,0.9910214342777216,0.6731643890944956,0.9879688123996364,0.8975362268413994,0.736842105263158,,,,,,Java_medium_results.csv
66,171,5,medium,medium,0.9926204602762582,0.7043722029354045,0.9917291822690988,0.9356689059168786,0.5833333333333333,,,,,,Java_medium_results.csv
66,169,5,medium,medium,0.9882265935255116,0.6845774451689026,0.9831457814096304,0.919887663848636,0.649616368286445,,,,,,Java_medium_results.csv
66,192,5,medium,medium,0.988464792266424,0.7242779250002868,0.9843370080838184,0.9158348099968432,0.5925925925925926,,,,,,Java_medium_results.csv
66,151,5,medium,medium,0.9947617881153538,0.6201557158768347,0.992639603908485,0.903396777344129,0.7272727272727273,,,,,,Java_medium_results.csv
66,203,5,medium,medium,0.989584174414658,0.672386002802766,0.9849546442274508,0.8981991096817599,0.7142857142857142,,,,,,Java_medium_results.csv
66,202,5,medium,medium,0.990738684111934,0.6778039799062793,0.9879715811180096,0.9313201099387776,0.7021276595744681,,,,,,Java_medium_results.csv
66,210,5,medium,medium,0.9926113693034256,0.701181339565695,0.9909781392425674,0.9255170052149756,0.7142857142857142,,,,,,Java_medium_results.csv
66,207,5,medium,medium,0.9912547494587688,0.7294900825670871,0.9875740747920436,0.92404220432947,0.5862068965517242,,,,,,Java_medium_results.csv
66,206,5,medium,medium,0.994012418248514,0.6634362546426785,0.991496732808444,0.9203959898799228,0.7333333333333334,,,,,,Java_medium_results.csv
66,215,5,medium,medium,0.9910038296787954,0.6588294607976025,0.9882453995144338,0.928497396531957,0.75,,,,,,Java_medium_results.csv
66,214,5,medium,medium,0.9929475747937748,0.6390223353088964,0.989047384374828,0.8842389055802294,0.7419354838709677,,,,,,Java_medium_results.csv
70,75,5,medium,medium,0.9879930583063375,0.7493356061901829,0.9816328153171742,0.8873912283302271,0.5897435897435898,,,,,,Java_medium_results.csv
70,81,5,medium,medium,0.990293270502722,0.7263092746661521,0.9868887255761036,0.8841844045595708,0.6923076923076923,,,,,,Java_medium_results.csv
70,73,5,medium,medium,0.9908177824307796,0.7097935483743277,0.9873725956048282,0.897030596430535,0.71875,,,,,,Java_medium_results.csv
70,88,5,medium,medium,0.9910541417587994,0.6845721419504436,0.9887200940886028,0.9675783545801072,0.7777777777777779,,,,,,Java_medium_results.csv
70,84,5,medium,medium,0.9917992515582889,0.6782073150543335,0.99045735450581,0.8660368296870968,0.7142857142857143,,,,,,Java_medium_results.csv
70,83,5,medium,medium,0.9921649281310562,0.7237055833244893,0.988721125184799,0.911249537507825,0.7391304347826088,,,,,,Java_medium_results.csv
70,91,5,medium,medium,0.991559416185346,0.7235666005797606,0.9869266598704844,0.8934283893611712,0.4705882352941176,,,,,,Java_medium_results.csv
70,89,5,medium,medium,0.9921109619876214,0.7196676946541506,0.9897213011354876,0.8567932377277065,0.6216216216216217,,,,,,Java_medium_results.csv
70,97,5,medium,medium,0.9912435276969704,0.7428103336975533,0.9890393734401774,0.8731145393959303,0.7777777777777779,,,,,,Java_medium_results.csv
70,105,5,medium,medium,0.9943346596804048,0.7177162640815703,0.9933848013189646,0.941532715893488,0.736842105263158,,,,,,Java_medium_results.csv
70,108,5,medium,medium,0.9926324796607155,0.7530357976135987,0.9912457577117624,0.9058386312907044,0.7619047619047619,,,,,,Java_medium_results.csv
70,115,5,medium,medium,0.9920324456076982,0.6967696883112979,0.9899591363316724,0.8996042827255513,0.6296296296296298,,,,,,Java_medium_results.csv
70,117,5,medium,medium,0.9920261510461044,0.7265648626735479,0.9901294418664648,0.8662365503023713,0.676470588235294,,,,,,Java_medium_results.csv
70,121,5,medium,medium,0.9933831879203504,0.7072390631513907,0.9920604619817964,0.8930505960818327,0.6521739130434783,,,,,,Java_medium_results.csv
70,133,5,medium,medium,0.9922303293900104,0.6812465365754341,0.99158469662644,0.921283429974544,0.7894736842105263,,,,,,Java_medium_results.csv
70,143,5,medium,medium,0.989978883836775,0.7410863600735492,0.9835034466188572,0.874414687638577,0.4429487179487179,,,,,,Java_medium_results.csv
70,135,5,medium,medium,0.98965596385077,0.6626568576013652,0.9863248942635532,0.9002479931069823,0.7453703703703703,,,,,,Java_medium_results.csv
70,142,5,medium,medium,0.99308475170069,0.677850588014387,0.9906158221508689,0.8600778316034297,0.6666666666666666,,,,,,Java_medium_results.csv
70,147,5,medium,medium,0.9915852191388708,0.6909106171343795,0.9890628733839246,0.8971871074042309,0.7777777777777779,,,,,,Java_medium_results.csv
70,145,5,medium,medium,0.9935219477151224,0.7023519201803113,0.9918597768287152,0.9528832934959808,0.7777777777777779,,,,,,Java_medium_results.csv
70,155,5,medium,medium,0.9915916234811168,0.6969421698649572,0.9912997471813432,0.8745792296331073,0.7307692307692308,,,,,,Java_medium_results.csv
70,158,5,medium,medium,0.9923406964391728,0.6548645415853681,0.9896468771402072,0.9292308070519452,0.5384615384615385,,,,,,Java_medium_results.csv
70,168,5,medium,medium,0.9912606014657974,0.6662956223855033,0.9906933281668768,0.9091720004524526,0.736842105263158,,,,,,Java_medium_results.csv
70,166,5,medium,medium,0.9887484042407414,0.7276813138418703,0.9850216838048528,0.8837184239034401,0.75,,,,,,Java_medium_results.csv
70,171,5,medium,medium,0.9925977007189708,0.7357475982579385,0.9906663614209896,0.9121732407235628,0.5087719298245614,,,,,,Java_medium_results.csv
70,169,5,medium,medium,0.9892674899983296,0.6935027969445579,0.9842123629527284,0.9018727969023964,0.6086956521739131,,,,,,Java_medium_results.csv
70,192,5,medium,medium,0.98951536531523,0.8265976294256195,0.9836515989276556,0.8899515996893548,0.5294117647058822,,,,,,Java_medium_results.csv
70,151,5,medium,medium,0.994866244078378,0.6158928919948371,0.9925180893796576,0.9225777098685688,0.6939799331103679,,,,,,Java_medium_results.csv
70,203,5,medium,medium,0.9905946161157958,0.6205425793308381,0.9912684064719488,0.8790669428400218,0.736231884057971,,,,,,Java_medium_results.csv
70,202,5,medium,medium,0.9908090173275548,0.6967385676120641,0.988277059956736,0.9302660956401126,0.6909814323607427,,,,,,Java_medium_results.csv
70,210,5,medium,medium,0.9920019973856172,0.7252110710650452,0.9898375145579392,0.8945830998078067,0.7424633936261844,,,,,,Java_medium_results.csv
70,207,5,medium,medium,0.9928798543660572,0.7179812122899606,0.989633045909644,0.8783701281791989,0.5806451612903225,,,,,,Java_medium_results.csv
70,206,5,medium,medium,0.9930213646889064,0.6431362270469714,0.9915535755071536,0.9148719854870364,0.6666666666666666,,,,,,Java_medium_results.csv
70,215,5,medium,medium,0.9911601279643184,0.7115307521025211,0.9883892545241688,0.8633594684084513,0.75,,,,,,Java_medium_results.csv
70,214,5,medium,medium,0.992910392729955,0.6665584205805267,0.9892320008294812,0.8725633635653333,0.7,,,,,,Java_medium_results.csv
73,81,5,medium,medium,0.9895993007952218,0.6516395994569394,0.9853864712170676,0.9378752582813756,0.6551724137931034,,,,,,Java_medium_results.csv
73,75,5,medium,medium,0.9892690099019776,0.7106162711168996,0.9840017710053962,0.94130651142127,0.625,,,,,,Java_medium_results.csv
73,88,5,medium,medium,0.9880510673943242,0.6466418877881517,0.9853349510677514,0.8940633380509345,0.7032032032032032,,,,,,Java_medium_results.csv
73,91,5,medium,medium,0.990275529572602,0.7453704910793453,0.986302422618078,0.9549690391877712,0.5582655826558266,,,,,,Java_medium_results.csv
73,84,5,medium,medium,0.9902650439453978,0.7229839671990952,0.988626658992226,0.901136279294946,0.7037037037037037,,,,,,Java_medium_results.csv
73,89,5,medium,medium,0.9913195651167392,0.7157642434316358,0.9890571715404002,0.9326431239395588,0.6399999999999999,,,,,,Java_medium_results.csv
73,105,5,medium,medium,0.9915660164163022,0.7122945930822068,0.9869642293505266,0.9144114599262746,0.7076923076923076,,,,,,Java_medium_results.csv
73,108,5,medium,medium,0.9896251310066924,0.7268737317760381,0.985918391109738,0.936899562716953,0.7,,,,,,Java_medium_results.csv
73,83,5,medium,medium,0.989251993025524,0.7082656713412878,0.9860772963553964,0.9247495987047036,0.7,,,,,,Java_medium_results.csv
73,97,5,medium,medium,0.9900283585776402,0.7075500763499869,0.9865819411032204,0.9467374396214536,0.7,,,,,,Java_medium_results.csv
73,121,5,medium,medium,0.9914874831584664,0.6504831856424615,0.9883359115596791,0.9297065349655288,0.6458333333333333,,,,,,Java_medium_results.csv
73,115,5,medium,medium,0.990156673474658,0.7297094006851742,0.988222540085883,0.9099195272284192,0.6837662337662338,,,,,,Java_medium_results.csv
73,117,5,medium,medium,0.9902705105776276,0.7154415943820632,0.9869118313213692,0.9304916332840864,0.6666666666666667,,,,,,Java_medium_results.csv
73,143,5,medium,medium,0.9876735392336816,0.6349209278193453,0.9827785955743532,0.9198579023317142,0.6039215686274509,,,,,,Java_medium_results.csv
73,133,5,medium,medium,0.9917617390598612,0.7287923606651958,0.9892379894243502,0.9157338016556914,0.7,,,,,,Java_medium_results.csv
73,135,5,medium,medium,0.9901885849303048,0.6867158819063973,0.987940531354192,0.9178493880770094,0.7,,,,,,Java_medium_results.csv
73,147,5,medium,medium,0.9898919620326532,0.7489600635482144,0.9855324313998736,0.9156520198328604,0.7037037037037037,,,,,,Java_medium_results.csv
73,155,5,medium,medium,0.9884066996746042,0.6933102753622984,0.9823800288494992,0.945792835882728,0.7297297297297298,,,,,,Java_medium_results.csv
73,145,5,medium,medium,0.9916167931951514,0.7101193936812624,0.9875042708218168,0.9082290359723044,0.6909814323607427,,,,,,Java_medium_results.csv
73,142,5,medium,medium,0.9919141285454824,0.6740562808699768,0.989325285441841,0.93902002151955,0.6521739130434783,,,,,,Java_medium_results.csv
73,171,5,medium,medium,0.9910581469557952,0.6812337959127142,0.987100140902374,0.9338415740105604,0.5833333333333335,,,,,,Java_medium_results.csv
73,158,5,medium,medium,0.9911331761710576,0.6760956393455335,0.9889880667568084,0.9310379283105712,0.6333333333333333,,,,,,Java_medium_results.csv
73,168,5,medium,medium,0.991096078125055,0.6919846533065122,0.9878003230162912,0.908076366198928,0.6444444444444445,,,,,,Java_medium_results.csv
73,166,5,medium,medium,0.989431159262953,0.6883934040187183,0.985985504502931,0.8967727079784081,0.7171428571428571,,,,,,Java_medium_results.csv
73,192,5,medium,medium,0.9897780415762109,0.6940784405475628,0.9861993581764634,0.917975905282046,0.5608974358974359,,,,,,Java_medium_results.csv
73,169,5,medium,medium,0.9886062969863274,0.708552570771111,0.98474117086188,0.9345416456412262,0.625,,,,,,Java_medium_results.csv
73,203,5,medium,medium,0.9888424946688372,0.6668246526681131,0.9811085009009456,0.8794904148010113,0.6551724137931034,,,,,,Java_medium_results.csv
73,202,5,medium,medium,0.989836421791188,0.6842609425936582,0.9851706843692668,0.9240017341272456,0.6666666666666666,,,,,,Java_medium_results.csv
73,210,5,medium,medium,0.9908043762957196,0.6094697153049755,0.986376818555145,0.9320263915771252,0.725705329153605,,,,,,Java_medium_results.csv
73,207,5,medium,medium,0.990386487136604,0.7329948331747922,0.986601743729031,0.9535516645337644,0.6086956521739131,,,,,,Java_medium_results.csv
73,215,5,medium,medium,0.990831385851552,0.6996507875211633,0.986720975223067,0.9394068816373254,0.6801948051948052,,,,,,Java_medium_results.csv
73,206,5,medium,medium,0.992738693690537,0.7003517743132599,0.990781187023826,0.9291618497533334,0.6708333333333334,,,,,,Java_medium_results.csv
73,151,5,medium,medium,0.9943045380011436,0.6725497086307457,0.9925971288864852,0.9094410416698128,0.6857142857142857,,,,,,Java_medium_results.csv
73,214,5,medium,medium,0.99259141593437,0.6725643042917256,0.9908391039060204,0.9080036079353604,0.7,,,,,,Java_medium_results.csv
75,81,5,medium,medium,0.9881008429458702,0.7266244971276856,0.9822737812818269,0.8916771819208723,0.6211556383970177,,,,,,Java_medium_results.csv
75,88,5,medium,medium,0.9887641540245536,0.702897541352486,0.9837204169718892,0.8933391868643742,0.5,,,,,,Java_medium_results.csv
75,84,5,medium,medium,0.9903496462324975,0.7152297446653257,0.9883862831882108,0.9214698895500992,0.645751633986928,,,,,,Java_medium_results.csv
75,91,5,medium,medium,0.9892799346593196,0.82440048401592,0.9835203769302984,0.9240163012326876,0.597872340425532,,,,,,Java_medium_results.csv
75,89,5,medium,medium,0.9898357970306678,0.769957176872326,0.9851906055839968,0.9010489829541808,0.6071428571428572,,,,,,Java_medium_results.csv
75,83,5,medium,medium,0.989737790496608,0.728623639715333,0.9859348210051556,0.9162761547842554,0.6363636363636365,,,,,,Java_medium_results.csv
75,105,5,medium,medium,0.9911496598250262,0.7445448482407955,0.9856788930910252,0.8774317902121386,0.606060606060606,,,,,,Java_medium_results.csv
75,97,5,medium,medium,0.9893025244702548,0.784809311137343,0.9853929416002112,0.9054813789659344,0.6666666666666667,,,,,,Java_medium_results.csv
75,108,5,medium,medium,0.989296424248457,0.7087174216391048,0.9834323687836312,0.8888771231851432,0.606060606060606,,,,,,Java_medium_results.csv
75,121,5,medium,medium,0.9904432159036662,0.6978561164405535,0.986825863791609,0.9011390852881692,0.6666666666666666,,,,,,Java_medium_results.csv
75,115,5,medium,medium,0.9881598245053534,0.7302780430696958,0.9841029861920314,0.9020349121143952,0.6363636363636364,,,,,,Java_medium_results.csv
75,117,5,medium,medium,0.9887620761196428,0.687856157193478,0.9850210049494597,0.9262978918653876,0.6176470588235294,,,,,,Java_medium_results.csv
75,143,5,medium,medium,0.9864001113441524,0.7032688835103813,0.9807941235852874,0.9220313228909448,0.625,,,,,,Java_medium_results.csv
75,133,5,medium,medium,0.9917584428288644,0.706645592750302,0.9879447226745,0.865406069899265,0.625,,,,,,Java_medium_results.csv
75,135,5,medium,medium,0.9874729016847126,0.7039804329585796,0.983725672691884,0.922860952536784,0.6176470588235294,,,,,,Java_medium_results.csv
75,147,5,medium,medium,0.9894531235316184,0.776881337335365,0.9865297028899448,0.8947726429781162,0.5781976744186047,,,,,,Java_medium_results.csv
75,145,5,medium,medium,0.9907234588249668,0.7105058084655627,0.9878375566490342,0.9010647979330708,0.65625,,,,,,Java_medium_results.csv
75,155,5,medium,medium,0.9883361258546906,0.7351235510850807,0.985437513124484,0.9279156397963636,0.625,,,,,,Java_medium_results.csv
75,142,5,medium,medium,0.9907382403327776,0.7371800838529297,0.9883927460687189,0.912125314052178,0.6505813953488372,,,,,,Java_medium_results.csv
75,158,5,medium,medium,0.990384028562946,0.7568832581201393,0.9849461045723964,0.8740898531242003,0.65625,,,,,,Java_medium_results.csv
75,171,5,medium,medium,0.9888412437558892,0.7367938522866329,0.9837874145057436,0.8975822982887167,0.6153846153846154,,,,,,Java_medium_results.csv
75,168,5,medium,medium,0.9894889590860264,0.7219080269075757,0.988260553964725,0.9147217832616568,0.6141439205955335,,,,,,Java_medium_results.csv
75,166,5,medium,medium,0.9859561371045495,0.721592103778006,0.9824454559177984,0.8658875820988117,0.642324093816631,,,,,,Java_medium_results.csv
75,169,5,medium,medium,0.9869007338957674,0.735960222901875,0.9807747797543632,0.8972528514909126,0.6153846153846154,,,,,,Java_medium_results.csv
75,192,5,medium,medium,0.987355722214616,0.7671130207533879,0.9802066604634018,0.9115677436292782,0.6510869565217392,,,,,,Java_medium_results.csv
75,203,5,medium,medium,0.9855109936906652,0.6194419518604416,0.9775908592372088,0.8985772288635141,0.625,,,,,,Java_medium_results.csv
75,202,5,medium,medium,0.9886029523680208,0.7423827184483701,0.9842894409076856,0.9266960250056177,0.625,,,,,,Java_medium_results.csv
75,210,5,medium,medium,0.989107867956288,0.7333879765965456,0.9828488280373308,0.899424821769622,0.625,,,,,,Java_medium_results.csv
75,207,5,medium,medium,0.9897284521169206,0.7233739420942391,0.9860581746543314,0.9156605608878688,0.627158326016974,,,,,,Java_medium_results.csv
75,215,5,medium,medium,0.9890128815550494,0.7419685113998239,0.9812248826036748,0.8977804149334632,0.6132478632478633,,,,,,Java_medium_results.csv
75,151,5,medium,medium,0.9929988729710176,0.6204933698574833,0.990600942966256,0.9197103816566792,0.6428571428571428,,,,,,Java_medium_results.csv
75,206,5,medium,medium,0.991886129104487,0.6834157355510446,0.9895821455102533,0.9234449245403616,0.6666666666666666,,,,,,Java_medium_results.csv
75,214,5,medium,medium,0.9921886686514304,0.6786082126136705,0.9891567729405484,0.8958199476137303,0.625,,,,,,Java_medium_results.csv
81,88,5,medium,medium,0.9889501606696705,0.6981888642318926,0.9847730135119284,0.8901805895605884,0.7171428571428571,,,,,,Java_medium_results.csv
81,84,5,medium,medium,0.9911764980599308,0.7161366427531934,0.98934446599089,0.9000905335494556,0.7105263157894737,,,,,,Java_medium_results.csv
81,83,5,medium,medium,0.9912984622168696,0.680469883975678,0.9888143513620822,0.8908679607579513,0.6956521739130435,,,,,,Java_medium_results.csv
81,89,5,medium,medium,0.9924699518241789,0.7374656980743068,0.9895035277390584,0.927801964927148,0.5999999999999999,,,,,,Java_medium_results.csv
81,91,5,medium,medium,0.9904927031677296,0.7651051669727413,0.9851785150160116,0.925140890571516,0.5540540540540542,,,,,,Java_medium_results.csv
81,97,5,medium,medium,0.9896065019850712,0.7042589254428111,0.9855312873602314,0.92568136562289,0.678235294117647,,,,,,Java_medium_results.csv
81,105,5,medium,medium,0.993232765368554,0.6611623762264154,0.9927348700331232,0.9091532863532272,0.6475155279503105,,,,,,Java_medium_results.csv
81,108,5,medium,medium,0.9925749702628224,0.6402570172743992,0.989204643247254,0.9306683038797184,0.7037037037037037,,,,,,Java_medium_results.csv
81,115,5,medium,medium,0.9907330757026648,0.6443355359753734,0.987259165716346,0.9161617100027412,0.7094298245614035,,,,,,Java_medium_results.csv
81,121,5,medium,medium,0.9930042335740488,0.710457664089598,0.9918883639987096,0.9046939113343396,0.72,,,,,,Java_medium_results.csv
81,117,5,medium,medium,0.9907490432037476,0.6912329675133531,0.9858985157693712,0.917900260271826,0.6857142857142857,,,,,,Java_medium_results.csv
81,133,5,medium,medium,0.9925670270277904,0.6712744595609761,0.990385178992322,0.9105793478104144,0.7567567567567568,,,,,,Java_medium_results.csv
81,143,5,medium,medium,0.9872328133433718,0.6934893339591471,0.982639540862992,0.9390614441417188,0.5788177339901478,,,,,,Java_medium_results.csv
81,135,5,medium,medium,0.989511202638218,0.6708448160799838,0.9836071123973544,0.8819712441220628,0.7801932367149759,,,,,,Java_medium_results.csv
81,145,5,medium,medium,0.9927151095576277,0.6643205161971859,0.9917620125849592,0.8727801971842897,0.7142857142857142,,,,,,Java_medium_results.csv
81,147,5,medium,medium,0.9895561145296546,0.7418636069604599,0.9884095156967416,0.9267199286936152,0.7083333333333334,,,,,,Java_medium_results.csv
81,142,5,medium,medium,0.992854478845962,0.6411093998415907,0.9902345756812064,0.9111780603356708,0.6440092165898618,,,,,,Java_medium_results.csv
81,155,5,medium,medium,0.991041028309536,0.7750045022602983,0.9873190246466348,0.929723207439891,0.7,,,,,,Java_medium_results.csv
81,158,5,medium,medium,0.9920465365419264,0.7301132822478186,0.98614545914288,0.906542118536967,0.6176470588235294,,,,,,Java_medium_results.csv
81,166,5,medium,medium,0.9883127729675626,0.6529035231907181,0.9832592904979536,0.8770814854350041,0.75,,,,,,Java_medium_results.csv
81,168,5,medium,medium,0.9896841814647628,0.6803466234238167,0.985436822656664,0.8844715304549738,0.7,,,,,,Java_medium_results.csv
81,171,5,medium,medium,0.9918970915405992,0.7649525296065516,0.9876771451329458,0.9254127991480392,0.631578947368421,,,,,,Java_medium_results.csv
81,169,5,medium,medium,0.9894804345530168,0.6570161883732089,0.9838515945771752,0.8781191833905471,0.6285714285714284,,,,,,Java_medium_results.csv
81,192,5,medium,medium,0.9905983513965372,0.798228336491507,0.9861135294317592,0.9110700227818064,0.6304347826086957,,,,,,Java_medium_results.csv
81,151,5,medium,medium,0.994601000020878,0.6213522636807567,0.9929384320021816,0.9031440152868848,0.7,,,,,,Java_medium_results.csv
81,203,5,medium,medium,0.9875742859024412,0.6458392632689479,0.9812865937247828,0.9104360826347802,0.6742424242424243,,,,,,Java_medium_results.csv
81,202,5,medium,medium,0.9906470966785228,0.7102355019204147,0.9870466994492396,0.9256904150309287,0.6744186046511629,,,,,,Java_medium_results.csv
81,210,5,medium,medium,0.9907730061800428,0.705848368580724,0.9863494932103752,0.935614100701197,0.6896551724137931,,,,,,Java_medium_results.csv
81,207,5,medium,medium,0.9914642221869452,0.6796258919146462,0.9868512927658224,0.9186736638354764,0.6,,,,,,Java_medium_results.csv
81,206,5,medium,medium,0.9936005612036006,0.6412359015243607,0.9905555741516576,0.9084140303075768,0.7083333333333334,,,,,,Java_medium_results.csv
81,215,5,medium,medium,0.9910879328000364,0.6990824967714808,0.988053758595572,0.9177593906899744,0.7000000000000001,,,,,,Java_medium_results.csv
81,214,5,medium,medium,0.9928495166431016,0.6191534469259952,0.9903928508396822,0.8885343589515563,0.7241379310344828,,,,,,Java_medium_results.csv
83,88,5,medium,medium,0.9909890475552424,0.6877250189857658,0.9887106430393314,0.8861105039697214,0.736842105263158,,,,,,Java_medium_results.csv
83,91,5,medium,medium,0.9919290870476384,0.6524817148377323,0.9885101947551888,0.9196869871394928,0.588235294117647,,,,,,Java_medium_results.csv
83,105,5,medium,medium,0.9928355426230856,0.6730289280923811,0.9901102766844948,0.8869635297013133,0.6956521739130435,,,,,,Java_medium_results.csv
83,89,5,medium,medium,0.9925712697502928,0.7432597168486581,0.9896000417887728,0.9287934406823204,0.6296296296296298,,,,,,Java_medium_results.csv
83,108,5,medium,medium,0.9923117823921228,0.7030089949977123,0.989289019378584,0.9003214629444243,0.7041666666666667,,,,,,Java_medium_results.csv
83,84,5,medium,medium,0.991358430260335,0.7342826173528714,0.9877740318393208,0.9038133779498418,0.6923076923076923,,,,,,Java_medium_results.csv
83,97,5,medium,medium,0.9908656634224348,0.6930366847640963,0.989155925889634,0.9195351345609972,0.7142857142857142,,,,,,Java_medium_results.csv
83,121,5,medium,medium,0.9923094451808142,0.705399643027047,0.9904295735384936,0.9179198294842326,0.6842105263157894,,,,,,Java_medium_results.csv
83,143,5,medium,medium,0.9905938151106785,0.6433002931675602,0.9875771726920431,0.9029598752857526,0.5757575757575757,,,,,,Java_medium_results.csv
83,115,5,medium,medium,0.9915920482293548,0.727822021397867,0.9889742627222866,0.9043469552468574,0.6666666666666666,,,,,,Java_medium_results.csv
83,117,5,medium,medium,0.9909530128719484,0.7543457075036616,0.9877504908226136,0.9232594463103884,0.6666666666666666,,,,,,Java_medium_results.csv
83,147,5,medium,medium,0.9917244654432869,0.7249832736623975,0.988594927742564,0.8905156878593089,0.7619047619047619,,,,,,Java_medium_results.csv
83,133,5,medium,medium,0.9925227109522105,0.7514466762100415,0.9895894774064904,0.8869476558332825,0.7407407407407407,,,,,,Java_medium_results.csv
83,155,5,medium,medium,0.9910613640454348,0.7479167985396773,0.9866068807397992,0.9331558544489552,0.7142857142857142,,,,,,Java_medium_results.csv
83,135,5,medium,medium,0.9893435951204574,0.729627143421698,0.9860923676783944,0.9099214327078156,0.7419354838709677,,,,,,Java_medium_results.csv
83,145,5,medium,medium,0.99228116573475,0.697525559901474,0.9896128395543312,0.8840499115154121,0.7297297297297298,,,,,,Java_medium_results.csv
83,142,5,medium,medium,0.9921561850106192,0.7532638058250262,0.990243260069276,0.9303368416972654,0.6978260869565218,,,,,,Java_medium_results.csv
83,171,5,medium,medium,0.9924375497528504,0.6560800362649917,0.9882576877110696,0.9144635317446947,0.606951871657754,,,,,,Java_medium_results.csv
83,158,5,medium,medium,0.9924594068344856,0.7570624917192914,0.9900386858996606,0.9265806386484694,0.6,,,,,,Java_medium_results.csv
83,168,5,medium,medium,0.9909981733050668,0.7526431592422067,0.987475801910096,0.9036427392587988,0.7037037037037037,,,,,,Java_medium_results.csv
83,203,5,medium,medium,0.991178471164492,0.6658503958309965,0.9877665042322143,0.8662752566297579,0.7599999999999999,,,,,,Java_medium_results.csv
83,192,5,medium,medium,0.9906850701708916,0.715793493429083,0.9876060125192953,0.899832127009873,0.6341463414634145,,,,,,Java_medium_results.csv
83,169,5,medium,medium,0.9906650922298226,0.7270622656352456,0.9870824525381244,0.9200298381899954,0.6451612903225807,,,,,,Java_medium_results.csv
83,166,5,medium,medium,0.9898835660911344,0.7343369076755217,0.9869080542758948,0.855166927628819,0.7391304347826088,,,,,,Java_medium_results.csv
83,202,5,medium,medium,0.9909600877516096,0.684810887648897,0.9888406732209404,0.9035464864297844,0.6956521739130435,,,,,,Java_medium_results.csv
83,210,5,medium,medium,0.9926478806055934,0.696423043853709,0.9891362487695748,0.9228642842725536,0.7142857142857142,,,,,,Java_medium_results.csv
83,207,5,medium,medium,0.9927837084990924,0.7402641944367634,0.9901133994008112,0.939210312463586,0.606060606060606,,,,,,Java_medium_results.csv
83,215,5,medium,medium,0.993184915190336,0.7351426783033457,0.9906113698643204,0.9316353116243152,0.7142857142857142,,,,,,Java_medium_results.csv
83,206,5,medium,medium,0.9931490743871996,0.707550459516709,0.99193429656058,0.9132465720177344,0.7272727272727273,,,,,,Java_medium_results.csv
83,151,5,medium,medium,0.994012120257646,0.6663183854635704,0.9925272055395256,0.910054189212196,0.7,,,,,,Java_medium_results.csv
84,88,5,medium,medium,0.991761368916263,0.7044147751231831,0.9910237518785064,0.8491682631252564,0.736842105263158,,,,,,Java_medium_results.csv
83,214,5,medium,medium,0.992251339416812,0.6717889391192574,0.9913194324481232,0.8995268430233001,0.7142857142857143,,,,,,Java_medium_results.csv
84,91,5,medium,medium,0.9927747864298804,0.7102938783218407,0.990793435922455,0.9228436922465192,0.6052631578947368,,,,,,Java_medium_results.csv
84,89,5,medium,medium,0.9927951786462192,0.7207737849212972,0.9896982949222144,0.9131335024215677,0.6399999999999999,,,,,,Java_medium_results.csv
84,105,5,medium,medium,0.9935683397046976,0.709018658645189,0.9915822572986752,0.8741359782632069,0.7272727272727273,,,,,,Java_medium_results.csv
84,97,5,medium,medium,0.9919031213062048,0.7080968482103479,0.9899780880677848,0.9011808519480072,0.7165178571428572,,,,,,Java_medium_results.csv
84,108,5,medium,medium,0.9931533034308248,0.6913387153986437,0.9907603809839096,0.8939101440786708,0.7100840336134453,,,,,,Java_medium_results.csv
84,121,5,medium,medium,0.9919198076044154,0.6921489594507884,0.9893401829502568,0.918182656771288,0.6785714285714286,,,,,,Java_medium_results.csv
84,115,5,medium,medium,0.9916508850738254,0.68372406096026,0.988526872744166,0.8960173445594304,0.6666666666666667,,,,,,Java_medium_results.csv
84,117,5,medium,medium,0.9913939743587712,0.7065535215971032,0.989821332005424,0.921726614578014,0.6799999999999999,,,,,,Java_medium_results.csv
84,143,5,medium,medium,0.9900525188281925,0.6633220738042671,0.9861554897664144,0.909468668039199,0.5483348751156336,,,,,,Java_medium_results.csv
84,133,5,medium,medium,0.9922440327478044,0.6731072664549573,0.9907887473106272,0.8899705033864954,0.7,,,,,,Java_medium_results.csv
84,147,5,medium,medium,0.9912630465883048,0.7163766700479848,0.989216393656116,0.8963409824404539,0.7291666666666667,,,,,,Java_medium_results.csv
84,135,5,medium,medium,0.9902851886417036,0.6919734220180642,0.98781580461159,0.8973376775691617,0.7142857142857142,,,,,,Java_medium_results.csv
84,145,5,medium,medium,0.99273542896018,0.7303906690695874,0.9912365868314312,0.8855046898946117,0.7307692307692308,,,,,,Java_medium_results.csv
84,155,5,medium,medium,0.9913107536773372,0.7529503651262608,0.987272408730649,0.9262639986974937,0.6923076923076923,,,,,,Java_medium_results.csv
84,142,5,medium,medium,0.9920012282060408,0.760260474485558,0.9904707722013004,0.9111475225567844,0.6573734409391049,,,,,,Java_medium_results.csv
84,171,5,medium,medium,0.9926300354074196,0.7038338921143543,0.9904538763441004,0.9026812023600836,0.6041666666666667,,,,,,Java_medium_results.csv
84,158,5,medium,medium,0.9926038506684692,0.7247061243728459,0.990857580015062,0.8710517354880066,0.6521739130434783,,,,,,Java_medium_results.csv
84,168,5,medium,medium,0.9918496282772102,0.6896212459066748,0.9896898735725954,0.8888427370892229,0.6851851851851851,,,,,,Java_medium_results.csv
84,166,5,medium,medium,0.9911896003189128,0.6423898486113797,0.987418167515815,0.8606941897371174,0.7272727272727273,,,,,,Java_medium_results.csv
84,192,5,medium,medium,0.9909981617425052,0.7505870935947452,0.9878733408527738,0.8708956240442004,0.5865384615384616,,,,,,Java_medium_results.csv
84,203,5,medium,medium,0.9907844762427483,0.5536481502756457,0.9871927548423404,0.8434935914753802,0.6896551724137931,,,,,,Java_medium_results.csv
84,169,5,medium,medium,0.990131655007365,0.7183698827502683,0.986473387469444,0.9386128441725864,0.6363636363636365,,,,,,Java_medium_results.csv
84,202,5,medium,medium,0.99101754268852,0.7526893142407449,0.9867735831511564,0.923520590226937,0.6666666666666666,,,,,,Java_medium_results.csv
84,210,5,medium,medium,0.9930948256863034,0.6678768563474342,0.9886725643245644,0.9064770848351882,0.7257053291536051,,,,,,Java_medium_results.csv
84,207,5,medium,medium,0.9921789536447742,0.7162511859044567,0.9895103194304709,0.9231399816838468,0.6206896551724137,,,,,,Java_medium_results.csv
84,215,5,medium,medium,0.9915259681248896,0.6878525306632868,0.9902881083221264,0.935176374095845,0.695048309178744,,,,,,Java_medium_results.csv
84,206,5,medium,medium,0.993187823984946,0.6629656529727774,0.9924531346157244,0.9390199833082812,0.7096774193548387,,,,,,Java_medium_results.csv
84,151,5,medium,medium,0.9941182982620848,0.6766937393868353,0.9927910039148364,0.8847126147079964,0.6956521739130435,,,,,,Java_medium_results.csv
84,214,5,medium,medium,0.99253223413432,0.7045099777906532,0.9907702348815284,0.9297640036426552,0.72,,,,,,Java_medium_results.csv
88,91,5,medium,medium,0.991013211256607,0.7401288485759092,0.9878035466740304,0.8788539533071961,0.4305555555555556,,,,,,Java_medium_results.csv
88,89,5,medium,medium,0.9898890870509944,0.6401036319183044,0.9873745261204696,0.881347403129118,0.56,,,,,,Java_medium_results.csv
88,97,5,medium,medium,0.9890139896607568,0.6852240368726743,0.9860089155745868,0.9094152197825248,0.7727272727272728,,,,,,Java_medium_results.csv
88,105,5,medium,medium,0.99293970607125,0.7156625367303101,0.9914556303862376,0.9085624825895532,0.75,,,,,,Java_medium_results.csv
88,108,5,medium,medium,0.990789171205554,0.7060491717312305,0.9865705749724586,0.9151831583447828,0.7826086956521738,,,,,,Java_medium_results.csv
88,115,5,medium,medium,0.989470862897182,0.6592923044649828,0.985562776532635,0.9101741963661976,0.6512474012474013,,,,,,Java_medium_results.csv
88,117,5,medium,medium,0.9906677484612404,0.6858605625271683,0.9867520797085676,0.8646416740095337,0.6199999999999999,,,,,,Java_medium_results.csv
88,121,5,medium,medium,0.9930336786252896,0.7092127003116611,0.9920391303482854,0.8882411781910096,0.6086956521739131,,,,,,Java_medium_results.csv
88,133,5,medium,medium,0.9914266278757448,0.6602125126945665,0.9896096613686431,0.9172988944272672,0.8235294117647058,,,,,,Java_medium_results.csv
88,143,5,medium,medium,0.9874901589101142,0.7284756562883257,0.9850598948013172,0.8956163612979342,0.4857142857142856,,,,,,Java_medium_results.csv
88,135,5,medium,medium,0.9878864331113104,0.6568810529383272,0.9841605792399902,0.8620239716275802,0.8086080586080586,,,,,,Java_medium_results.csv
88,142,5,medium,medium,0.9924380384296624,0.6350216201262644,0.9904842375638488,0.8602986089290648,0.6666666666666666,,,,,,Java_medium_results.csv
88,147,5,medium,medium,0.9899860385231102,0.7054645825286843,0.9878527408515396,0.9214235111243798,0.8333333333333334,,,,,,Java_medium_results.csv
88,145,5,medium,medium,0.9928511867522316,0.587427029099918,0.9914845676446792,0.9125079145590772,0.820855614973262,,,,,,Java_medium_results.csv
88,155,5,medium,medium,0.9905354339361973,0.7123833161627489,0.9872604041315646,0.8623389510244664,0.7777777777777779,,,,,,Java_medium_results.csv
88,158,5,medium,medium,0.9913462580378444,0.7088294864021674,0.9874929788874688,0.9099376545405928,0.5333333333333334,,,,,,Java_medium_results.csv
88,166,5,medium,medium,0.987587970103318,0.6545704975759272,0.983366693280142,0.8854724336052887,0.7727272727272728,,,,,,Java_medium_results.csv
88,168,5,medium,medium,0.9902614503857614,0.71372065395342,0.988247765586912,0.896025164947468,0.7619047619047619,,,,,,Java_medium_results.csv
88,171,5,medium,medium,0.991457429124464,0.6785669940876443,0.9888379461973356,0.8865548482338461,0.4857142857142856,,,,,,Java_medium_results.csv
88,169,5,medium,medium,0.9886238830235228,0.636402707226384,0.9830402810400038,0.8986080628964819,0.5853658536585366,,,,,,Java_medium_results.csv
88,192,5,medium,medium,0.9872718658393722,0.7652280210783001,0.9826274630342988,0.8895486237419425,0.5172413793103448,,,,,,Java_medium_results.csv
88,151,5,medium,medium,0.9945869254530584,0.5885418771135003,0.9920280263412844,0.9252739112206404,0.6666666666666666,,,,,,Java_medium_results.csv
88,203,5,medium,medium,0.9897498462688256,0.6356368978374128,0.9893719285943248,0.885053001571575,0.7894736842105263,,,,,,Java_medium_results.csv
88,202,5,medium,medium,0.99001632630268,0.6451073330404785,0.987334356973578,0.9272446409439186,0.6799999999999999,,,,,,Java_medium_results.csv
88,210,5,medium,medium,0.992642441379079,0.6469784474491425,0.9904342462018983,0.9103049585472434,0.7307692307692308,,,,,,Java_medium_results.csv
88,207,5,medium,medium,0.991211782019494,0.6476126782611935,0.9886446553423364,0.8865041757470753,0.5239651416122004,,,,,,Java_medium_results.csv
88,206,5,medium,medium,0.9926516625177796,0.6557958437885381,0.9904763394806652,0.8985071570418623,0.7142857142857142,,,,,,Java_medium_results.csv
88,215,5,medium,medium,0.9911334000498472,0.6966608684440454,0.9890081917087598,0.8684768433886854,0.6666666666666667,,,,,,Java_medium_results.csv
88,214,5,medium,medium,0.9927845209995289,0.6201381086793696,0.9897598231057478,0.8591535969715859,0.75,,,,,,Java_medium_results.csv
89,91,5,medium,medium,0.9923729718188684,0.8107692441279737,0.9880162728531592,0.9483081246013504,0.5483870967741936,,,,,,Java_medium_results.csv
89,105,5,medium,medium,0.9945165591900776,0.7345152189427611,0.992402869081909,0.8902478042758096,0.6285714285714284,,,,,,Java_medium_results.csv
89,97,5,medium,medium,0.991675584402232,0.7323033417258847,0.990296607822458,0.952214559851237,0.6122448979591837,,,,,,Java_medium_results.csv
89,108,5,medium,medium,0.9922499888356524,0.6985476643336708,0.9893847363626116,0.9264058779648344,0.6071428571428572,,,,,,Java_medium_results.csv
89,115,5,medium,medium,0.9919383796113884,0.7040300771852981,0.989481903665116,0.9030569641700998,0.6185031185031186,,,,,,Java_medium_results.csv
89,121,5,medium,medium,0.9932542497508002,0.6947820156990696,0.9916539095116308,0.91794886673446,0.6486486486486487,,,,,,Java_medium_results.csv
89,117,5,medium,medium,0.9920773208505308,0.7354613840864335,0.989404092444026,0.9342439931225082,0.6639784946236559,,,,,,Java_medium_results.csv
89,143,5,medium,medium,0.9905267556459472,0.6951074478184172,0.9866938333885472,0.928063189415625,0.625,,,,,,Java_medium_results.csv
89,133,5,medium,medium,0.9927278709430192,0.7275286175037982,0.9898229168762864,0.9056576520309036,0.5999999999999999,,,,,,Java_medium_results.csv
89,135,5,medium,medium,0.9912010954409264,0.7422129774934622,0.9887368000665248,0.9229368238725018,0.6300751879699248,,,,,,Java_medium_results.csv
89,147,5,medium,medium,0.9912069838739732,0.7666349102416717,0.9881535269654724,0.916051587338968,0.5862068965517242,,,,,,Java_medium_results.csv
89,155,5,medium,medium,0.9920522262773708,0.740256679188064,0.9882586679697318,0.9458266066270792,0.5833333333333333,,,,,,Java_medium_results.csv
89,145,5,medium,medium,0.9923099829312512,0.7396456300532607,0.989864333851037,0.8969610631473556,0.6086956521739131,,,,,,Java_medium_results.csv
89,142,5,medium,medium,0.9931593835420736,0.7151767467026076,0.9913959616909374,0.9359490509268822,0.6271186440677966,,,,,,Java_medium_results.csv
89,158,5,medium,medium,0.9928672640817844,0.8028743548728465,0.9889705761197234,0.9068781734527004,0.6363636363636365,,,,,,Java_medium_results.csv
89,171,5,medium,medium,0.9928239650424944,0.7195457126441404,0.9911355870961028,0.934626390314696,0.634508348794063,,,,,,Java_medium_results.csv
89,168,5,medium,medium,0.9923815517695346,0.7124780692871819,0.9895160120856992,0.906323829104706,0.6129032258064516,,,,,,Java_medium_results.csv
89,166,5,medium,medium,0.9901011193552764,0.761037481961059,0.9878771158664594,0.879990808736625,0.6066017316017316,,,,,,Java_medium_results.csv
89,169,5,medium,medium,0.9893417268189214,0.7095331915524654,0.9825399106416906,0.8960073928957677,0.6590799031476997,,,,,,Java_medium_results.csv
89,192,5,medium,medium,0.9914726218828588,0.7522819407209006,0.9867496754044686,0.9290631813926916,0.6071428571428572,,,,,,Java_medium_results.csv
89,203,5,medium,medium,0.9906243157646104,0.593083870031311,0.9871187654138752,0.9113001723111268,0.6348484848484849,,,,,,Java_medium_results.csv
89,202,5,medium,medium,0.9911182985514162,0.6781494793226024,0.9877114400077732,0.9119933346397447,0.6282051282051282,,,,,,Java_medium_results.csv
89,210,5,medium,medium,0.9928549294312452,0.6580476017217525,0.9900753608580178,0.9237183718751916,0.6428571428571428,,,,,,Java_medium_results.csv
89,207,5,medium,medium,0.9926178196957354,0.7429987873498654,0.990045282866673,0.9352015345056196,0.6086956521739131,,,,,,Java_medium_results.csv
89,215,5,medium,medium,0.9912309710074084,0.7229039780119635,0.9874779227777704,0.9412638100000306,0.6079192546583851,,,,,,Java_medium_results.csv
89,206,5,medium,medium,0.993066610589876,0.7203658057201066,0.9912032652212844,0.9244137618846208,0.6216216216216217,,,,,,Java_medium_results.csv
89,151,5,medium,medium,0.9943791177988142,0.6243106487252373,0.9934644340068584,0.9027141475461764,0.6521739130434783,,,,,,Java_medium_results.csv
89,214,5,medium,medium,0.9934100644792458,0.7098464254649302,0.9917955373991262,0.9010503409871444,0.6461100569259962,,,,,,Java_medium_results.csv
91,105,5,medium,medium,0.993578996676688,0.7387011032679913,0.9920868962965552,0.8962784157814708,0.5670829975825947,,,,,,Java_medium_results.csv
91,97,5,medium,medium,0.9905197249613038,0.753979144514632,0.986353880921777,0.9296722092624268,0.4782608695652174,,,,,,Java_medium_results.csv
91,108,5,medium,medium,0.9917862567468436,0.7686365306318202,0.9890393591622776,0.9312150269641796,0.5500556173526141,,,,,,Java_medium_results.csv
91,115,5,medium,medium,0.9917957552419004,0.7310754270933413,0.9885699305832844,0.925430744438545,0.5853658536585366,,,,,,Java_medium_results.csv
91,121,5,medium,medium,0.9924940449436984,0.6832488729822173,0.9896507372603862,0.9238146636680364,0.5853658536585366,,,,,,Java_medium_results.csv
91,117,5,medium,medium,0.991613982254294,0.7148744301016323,0.9887295051781704,0.9248242061533468,0.6311413454270598,,,,,,Java_medium_results.csv
91,133,5,medium,medium,0.9930216275781216,0.7706733372673791,0.989733974058954,0.8957291310241933,0.4705882352941176,,,,,,Java_medium_results.csv
91,143,5,medium,medium,0.9892822551961578,0.7640106567293394,0.9872795825268166,0.9322439734838726,0.6339637509850276,,,,,,Java_medium_results.csv
91,135,5,medium,medium,0.9898321195073444,0.6650660161806028,0.9853740743216808,0.9264735026572716,0.5526315789473685,,,,,,Java_medium_results.csv
91,145,5,medium,medium,0.9925736854213528,0.7486622701071688,0.9898756124542636,0.9006047615354468,0.4827586206896551,,,,,,Java_medium_results.csv
91,147,5,medium,medium,0.9913705170489192,0.7788093682243427,0.9879951053015558,0.9309618056593134,0.4516129032258064,,,,,,Java_medium_results.csv
91,142,5,medium,medium,0.9922672019986164,0.7058566814597635,0.989428374280579,0.9312982170848612,0.5579159212880144,,,,,,Java_medium_results.csv
91,155,5,medium,medium,0.99155568440898,0.7671505988583772,0.987614876980403,0.9368949813103904,0.509090909090909,,,,,,Java_medium_results.csv
91,158,5,medium,medium,0.9927647931935718,0.7461514922999429,0.988354969917542,0.9285010455867988,0.6159114857744995,,,,,,Java_medium_results.csv
91,166,5,medium,medium,0.9897607964385808,0.7410553208761687,0.984116121454168,0.8855159811896213,0.5333333333333334,,,,,,Java_medium_results.csv
91,168,5,medium,medium,0.9915656762812451,0.7035993178122202,0.9872344862935324,0.905373555068866,0.558139534883721,,,,,,Java_medium_results.csv
91,171,5,medium,medium,0.9926441302932362,0.780193723386524,0.988763365493108,0.944214175830414,0.5818181818181818,,,,,,Java_medium_results.csv
91,169,5,medium,medium,0.9899673397264,0.6639651206700345,0.9843282621993372,0.9159237165708666,0.588235294117647,,,,,,Java_medium_results.csv
91,192,5,medium,medium,0.9909354353542434,0.8790681869417736,0.9863184087898262,0.9291296079143936,0.6111111111111112,,,,,,Java_medium_results.csv
91,151,5,medium,medium,0.9945936706387624,0.6105631939690617,0.9925778610528494,0.8907438306078075,0.627906976744186,,,,,,Java_medium_results.csv
91,203,5,medium,medium,0.9912386892309614,0.7621315437003713,0.9861995088655516,0.9031452168449672,0.5161290322580645,,,,,,Java_medium_results.csv
91,202,5,medium,medium,0.99055391831886,0.7209137239053116,0.9872486770325456,0.9460869324768616,0.5769230769230769,,,,,,Java_medium_results.csv
91,210,5,medium,medium,0.9920773399113104,0.7420345810609428,0.9904044036556776,0.9547770084788898,0.541958041958042,,,,,,Java_medium_results.csv
91,207,5,medium,medium,0.9915064799662384,0.7011440741546817,0.987423133886258,0.9358920604225862,0.6129032258064516,,,,,,Java_medium_results.csv
91,206,5,medium,medium,0.9926488829504044,0.6905846129316293,0.9899833907066758,0.9312015061299124,0.6557112068965517,,,,,,Java_medium_results.csv
91,215,5,medium,medium,0.99248881091493,0.785980809581487,0.9887787982202728,0.9093025111182016,0.5740740740740741,,,,,,Java_medium_results.csv
91,214,5,medium,medium,0.99322877015945,0.6304818493258231,0.990926009186379,0.9226608764544818,0.6111111111111112,,,,,,Java_medium_results.csv
97,105,5,medium,medium,0.9931432058023943,0.7000364964066429,0.990694772238697,0.9012229524198812,0.7360681114551084,,,,,,Java_medium_results.csv
97,108,5,medium,medium,0.9905677113564764,0.7327365221078588,0.9890868172661238,0.9310312105258306,0.7586206896551724,,,,,,Java_medium_results.csv
97,121,5,medium,medium,0.9915733625857976,0.7043139656045373,0.9909942657480112,0.9311710412964068,0.6818181818181819,,,,,,Java_medium_results.csv
97,115,5,medium,medium,0.992013659260183,0.746259835551907,0.9885026054498314,0.9149977445853028,0.6666666666666665,,,,,,Java_medium_results.csv
97,117,5,medium,medium,0.9914434637606182,0.7425948889427496,0.9884337760052092,0.9320939870590405,0.6599999999999999,,,,,,Java_medium_results.csv
97,143,5,medium,medium,0.9898056878615856,0.7430734833308374,0.9844400078788104,0.9174962821059132,0.5106382978723405,,,,,,Java_medium_results.csv
97,133,5,medium,medium,0.9924503493669896,0.7566987418864372,0.9902596359877398,0.9245984110208716,0.7894736842105263,,,,,,Java_medium_results.csv
97,135,5,medium,medium,0.9894102699947772,0.6993901047953575,0.9874192809229534,0.926650873822208,0.7391304347826088,,,,,,Java_medium_results.csv
97,147,5,medium,medium,0.9903527230371352,0.7464521405758794,0.9883414002018164,0.9277405620266344,0.7826086956521738,,,,,,Java_medium_results.csv
97,145,5,medium,medium,0.9923228475358356,0.72659773621867,0.9915018510496374,0.8786695404580991,0.75,,,,,,Java_medium_results.csv
97,155,5,medium,medium,0.9894631542113328,0.6853274353655896,0.98478390977258,0.9300463033234349,0.72,,,,,,Java_medium_results.csv
97,142,5,medium,medium,0.9917932465956116,0.7025935806777626,0.991093346240038,0.9439240084744752,0.6666666666666666,,,,,,Java_medium_results.csv
97,171,5,medium,medium,0.9917635143222712,0.753357941984057,0.9902420743759868,0.9482516987272316,0.6,,,,,,Java_medium_results.csv
97,158,5,medium,medium,0.9923958791954042,0.776103901050853,0.9898845516168794,0.9188390553211672,0.6099033816425121,,,,,,Java_medium_results.csv
97,168,5,medium,medium,0.9913479476959612,0.773930330299343,0.9881775694127154,0.9129639885438704,0.7142857142857142,,,,,,Java_medium_results.csv
97,166,5,medium,medium,0.9902572916961228,0.7470316184098309,0.9864998650290095,0.8682316267944071,0.7379862700228833,,,,,,Java_medium_results.csv
97,169,5,medium,medium,0.988823022193812,0.697973177620807,0.9868920492119958,0.9131023034034212,0.632996632996633,,,,,,Java_medium_results.csv
97,192,5,medium,medium,0.9894807624778532,0.7653862763253677,0.9856528827599688,0.936511274229794,0.5716625716625716,,,,,,Java_medium_results.csv
97,203,5,medium,medium,0.9899027076285823,0.5844873234634953,0.985603378535486,0.8734835852735829,0.7142857142857142,,,,,,Java_medium_results.csv
97,202,5,medium,medium,0.9906021325302068,0.7651781356793128,0.9870725775401348,0.9230265350774416,0.7285012285012286,,,,,,Java_medium_results.csv
97,210,5,medium,medium,0.9916504547992624,0.7548949033480175,0.9887383640910178,0.9458309619890376,0.7142857142857142,,,,,,Java_medium_results.csv
97,207,5,medium,medium,0.9913249534142036,0.7100246688193772,0.9879511475399352,0.92934555449874,0.5889894419306184,,,,,,Java_medium_results.csv
97,215,5,medium,medium,0.9911987882639628,0.7237440737927281,0.9894966540424032,0.9397354360975404,0.7241379310344828,,,,,,Java_medium_results.csv
97,206,5,medium,medium,0.9927168854749656,0.6738599464298918,0.9913626213946968,0.9187823075427196,0.7272727272727273,,,,,,Java_medium_results.csv
97,151,5,medium,medium,0.9940366692431456,0.6583776497771692,0.992877308967594,0.9040079082216732,0.649616368286445,,,,,,Java_medium_results.csv
97,214,5,medium,medium,0.9924363541555018,0.7115876049912273,0.991241540031528,0.9003109774174927,0.7272727272727273,,,,,,Java_medium_results.csv
105,108,5,medium,medium,0.9940398106283184,0.6787007944764835,0.992999643304432,0.923596308982238,0.7646153846153846,,,,,,Java_medium_results.csv
105,115,5,medium,medium,0.9919820188119498,0.7129516860718398,0.9912331279073182,0.9345643088739478,0.6363636363636365,,,,,,Java_medium_results.csv
105,121,5,medium,medium,0.9950530539135232,0.7529852160193647,0.9936818847440106,0.9042498891529624,0.6206896551724137,,,,,,Java_medium_results.csv
105,117,5,medium,medium,0.9917597428527132,0.7314563893526264,0.987283027092071,0.8904608446982653,0.6092258748674444,,,,,,Java_medium_results.csv
105,133,5,medium,medium,0.9935690247736412,0.7351596385500196,0.992217477814292,0.9464598044508324,0.7613636363636365,,,,,,Java_medium_results.csv
105,143,5,medium,medium,0.9931039834252272,0.7296055982951775,0.989766903185777,0.902708896955907,0.5623059866962306,,,,,,Java_medium_results.csv
105,135,5,medium,medium,0.9900902863000964,0.6590304001645727,0.9875361145509058,0.9027880563101992,0.7272727272727273,,,,,,Java_medium_results.csv
105,147,5,medium,medium,0.993349200654414,0.7224233851440358,0.9916740642937448,0.9449130220104808,0.75,,,,,,Java_medium_results.csv
105,145,5,medium,medium,0.9946894998793484,0.6944466053474871,0.9927707769106142,0.9525429613767548,0.736842105263158,,,,,,Java_medium_results.csv
105,142,5,medium,medium,0.9941573484413244,0.6724216152604159,0.9931901609812488,0.9017526414887176,0.6666666666666666,,,,,,Java_medium_results.csv
105,155,5,medium,medium,0.9935796859806124,0.7129247247859493,0.9917591400588578,0.8952608113163478,0.7297297297297298,,,,,,Java_medium_results.csv
105,158,5,medium,medium,0.9933868346025374,0.7501124392962897,0.9919084240770786,0.9312393244073964,0.5999999999999999,,,,,,Java_medium_results.csv
105,168,5,medium,medium,0.9927129593441094,0.7201916796413343,0.990338913132676,0.9045820196043518,0.6799999999999999,,,,,,Java_medium_results.csv
105,171,5,medium,medium,0.9939719755923436,0.7238851421296597,0.9923582347680104,0.93864006015089,0.6097560975609756,,,,,,Java_medium_results.csv
105,166,5,medium,medium,0.9905586189595168,0.6994601706837345,0.9872066453570224,0.8962491213756688,0.7290209790209791,,,,,,Java_medium_results.csv
105,169,5,medium,medium,0.9896387436237052,0.7260318427014072,0.9855914928365582,0.920822117888038,0.6233108108108107,,,,,,Java_medium_results.csv
105,192,5,medium,medium,0.9916659682009116,0.712344991761851,0.9895873282813902,0.9131510339926088,0.6206896551724137,,,,,,Java_medium_results.csv
105,203,5,medium,medium,0.9951245317898784,0.6181356332641336,0.9945369579275622,0.9196303939735252,0.75,,,,,,Java_medium_results.csv
105,202,5,medium,medium,0.9921799380911362,0.6699996339972307,0.9900449956464996,0.942283861041338,0.6363636363636365,,,,,,Java_medium_results.csv
105,151,5,medium,medium,0.9951317325556316,0.6762983334457988,0.994404264279748,0.9009631081654922,0.6956521739130435,,,,,,Java_medium_results.csv
105,210,5,medium,medium,0.9947947264512612,0.6357727477557188,0.9945987694583156,0.9567402624546156,0.7272727272727273,,,,,,Java_medium_results.csv
105,207,5,medium,medium,0.9935080086498916,0.7474023192886157,0.9916010219917714,0.9183964299808056,0.6139082751744765,,,,,,Java_medium_results.csv
105,206,5,medium,medium,0.9949091958520104,0.7035835496672116,0.9935141903349276,0.9153366151156278,0.7,,,,,,Java_medium_results.csv
105,215,5,medium,medium,0.993588476435922,0.7004941720849739,0.9926385129271772,0.8806674513591315,0.7,,,,,,Java_medium_results.csv
105,214,5,medium,medium,0.9933569217447152,0.6879273092003972,0.9909575433396698,0.8785578251283324,0.7142857142857143,,,,,,Java_medium_results.csv
108,115,5,medium,medium,0.991272845481972,0.6726110376870356,0.9883947439735878,0.8947831708510595,0.6558741905642923,,,,,,Java_medium_results.csv
108,121,5,medium,medium,0.9941507228134456,0.689759614751601,0.9923101592773652,0.9258063682691744,0.6551724137931034,,,,,,Java_medium_results.csv
108,117,5,medium,medium,0.9914479640439108,0.696856714462978,0.9879860264308434,0.9179611367362046,0.6399999999999999,,,,,,Java_medium_results.csv
108,133,5,medium,medium,0.993407080238351,0.7369558059645931,0.9900729055416716,0.9358588429317966,0.7777777777777779,,,,,,Java_medium_results.csv
108,143,5,medium,medium,0.9889801490473318,0.7218164739854748,0.9855819243915486,0.9359705540302272,0.5469208211143695,,,,,,Java_medium_results.csv
108,135,5,medium,medium,0.9891776900887832,0.6566650739779367,0.9833270096972568,0.8900766297571707,0.7970588235294117,,,,,,Java_medium_results.csv
108,147,5,medium,medium,0.9914779078938306,0.7491202073618035,0.9877130028316186,0.9238315089639908,0.7916666666666666,,,,,,Java_medium_results.csv
108,145,5,medium,medium,0.9928924817323715,0.7226151278292242,0.991111847119575,0.9179688018432576,0.7801932367149759,,,,,,Java_medium_results.csv
108,142,5,medium,medium,0.9930460677736208,0.6843460591744547,0.9905574822345494,0.9451471547858482,0.6666666666666665,,,,,,Java_medium_results.csv
108,155,5,medium,medium,0.9907521790876688,0.7209684763052358,0.9885135965546732,0.911757139385566,0.75,,,,,,Java_medium_results.csv
108,158,5,medium,medium,0.9924558415064751,0.6855962407894824,0.9895050832604536,0.9154724013124202,0.5757575757575757,,,,,,Java_medium_results.csv
108,171,5,medium,medium,0.9935021095998404,0.712661323927468,0.9908638717859,0.9334201451422568,0.5904139433551199,,,,,,Java_medium_results.csv
108,168,5,medium,medium,0.9918980127507632,0.6759693826877102,0.9891095380554048,0.9001448851022804,0.7391304347826088,,,,,,Java_medium_results.csv
108,166,5,medium,medium,0.9888936104741566,0.6859018596988129,0.9861861367622728,0.9144516991689852,0.7749999999999999,,,,,,Java_medium_results.csv
108,169,5,medium,medium,0.9899157169341504,0.717690878678888,0.9838657745842236,0.9095143157109375,0.6066017316017316,,,,,,Java_medium_results.csv
108,192,5,medium,medium,0.9898526184375498,0.778779702998764,0.9851763828250992,0.9164263969070516,0.6153846153846154,,,,,,Java_medium_results.csv
108,203,5,medium,medium,0.9912197549390112,0.6559994060940815,0.986829959021496,0.9016435064433374,0.7826086956521738,,,,,,Java_medium_results.csv
108,202,5,medium,medium,0.991502118171446,0.6904793368474814,0.9877049445896138,0.9392722085828652,0.653846153846154,,,,,,Java_medium_results.csv
108,210,5,medium,medium,0.993169771081274,0.6715466127613064,0.9916811578346368,0.9420565296402186,0.7307692307692308,,,,,,Java_medium_results.csv
108,151,5,medium,medium,0.994851563864039,0.5961879096768969,0.99353819569768,0.8805171441704858,0.7142857142857143,,,,,,Java_medium_results.csv
108,207,5,medium,medium,0.9929590735734348,0.7504402345877652,0.9910122159368508,0.94590922971408,0.56,,,,,,Java_medium_results.csv
108,215,5,medium,medium,0.9924134042277452,0.6952223401903026,0.9906770702631492,0.9462438173918092,0.736842105263158,,,,,,Java_medium_results.csv
108,206,5,medium,medium,0.9936011839901578,0.6563788298657365,0.9926366587203352,0.9040054644178762,0.7083333333333334,,,,,,Java_medium_results.csv
108,214,5,medium,medium,0.9932271908662984,0.6410371052272759,0.9905233070358912,0.8721027087492152,0.7407407407407407,,,,,,Java_medium_results.csv
115,121,5,medium,medium,0.9911644107168204,0.6441863121691904,0.9877214971647724,0.911021110434706,0.6428571428571428,,,,,,Java_medium_results.csv
115,143,5,medium,medium,0.98872147251718,0.6195568001171451,0.984802580527016,0.8925796685980962,0.625,,,,,,Java_medium_results.csv
115,117,5,medium,medium,0.990881285874755,0.7327112816024293,0.9872676220629696,0.9173825978605192,0.6206896551724137,,,,,,Java_medium_results.csv
115,133,5,medium,medium,0.9926776633309744,0.7160690483969094,0.9901687523157656,0.9253632279308608,0.6363636363636365,,,,,,Java_medium_results.csv
115,147,5,medium,medium,0.9907736414265264,0.7294753142599479,0.988787615691524,0.9388555273921314,0.6666666666666666,,,,,,Java_medium_results.csv
115,135,5,medium,medium,0.9889290542566748,0.7384445577476842,0.987004324773592,0.9139944711111884,0.6771235521235521,,,,,,Java_medium_results.csv
115,155,5,medium,medium,0.9893996479513256,0.6797070611419589,0.9837463367712626,0.9024139964343744,0.6966632962588474,,,,,,Java_medium_results.csv
115,145,5,medium,medium,0.9917015091435646,0.6685997090653467,0.9894532750234696,0.9205277359197344,0.6296296296296298,,,,,,Java_medium_results.csv
115,142,5,medium,medium,0.9913576307386472,0.772035587498201,0.988835241559519,0.8978377796123598,0.6747093023255815,,,,,,Java_medium_results.csv
115,171,5,medium,medium,0.9913259650760312,0.6929051036871718,0.9874706671121004,0.9194778602438104,0.6519230769230769,,,,,,Java_medium_results.csv
115,168,5,medium,medium,0.9914822839269186,0.7334543771411015,0.9874622326177356,0.9222918687054894,0.6641025641025641,,,,,,Java_medium_results.csv
115,158,5,medium,medium,0.9921547744969788,0.6837561962966785,0.988897951059182,0.9086313612538892,0.6578947368421053,,,,,,Java_medium_results.csv
115,166,5,medium,medium,0.988711216539478,0.6958192522732047,0.9842149011044092,0.8777724976696547,0.6585365853658536,,,,,,Java_medium_results.csv
115,192,5,medium,medium,0.9893570169015816,0.6908759948452246,0.985219851745801,0.918082355840784,0.5972972972972972,,,,,,Java_medium_results.csv
115,169,5,medium,medium,0.9877407532062226,0.6824381748231276,0.9844634823723166,0.9008214081683776,0.6206896551724137,,,,,,Java_medium_results.csv
115,203,5,medium,medium,0.9901515928329896,0.6057799641848189,0.9857064636707548,0.8964405952089433,0.6551724137931034,,,,,,Java_medium_results.csv
115,202,5,medium,medium,0.9899530434773708,0.721662934832929,0.987723404339014,0.9169393171970874,0.65625,,,,,,Java_medium_results.csv
115,210,5,medium,medium,0.9904371852646868,0.6014642449596223,0.9865101030722574,0.9429624975007304,0.6499999999999999,,,,,,Java_medium_results.csv
115,207,5,medium,medium,0.9909026766477672,0.7217678546913425,0.9861600705291126,0.8943361230895885,0.638888888888889,,,,,,Java_medium_results.csv
115,215,5,medium,medium,0.9907798800759724,0.6879568103046225,0.988595358298189,0.899257864466821,0.6521739130434783,,,,,,Java_medium_results.csv
115,206,5,medium,medium,0.9933057190650572,0.7347163453842398,0.9913561061172498,0.9196017906997934,0.6857142857142857,,,,,,Java_medium_results.csv
115,151,5,medium,medium,0.9939205381237198,0.661172680649913,0.991420208884767,0.9116027064494532,0.6756756756756758,,,,,,Java_medium_results.csv
115,214,5,medium,medium,0.9919891888877528,0.6141304779913178,0.9899895396535588,0.9074382616690484,0.6818181818181819,,,,,,Java_medium_results.csv
117,121,5,medium,medium,0.992028960328651,0.6914570459017478,0.9888789898192544,0.9354027447310742,0.6545092838196287,,,,,,Java_medium_results.csv
117,143,5,medium,medium,0.9898151801862288,0.685975285913798,0.9864188169826132,0.9245701294937833,0.6178861788617886,,,,,,Java_medium_results.csv
117,133,5,medium,medium,0.992412017777376,0.7505841085417914,0.9905006597641176,0.8961721437626454,0.6451612903225807,,,,,,Java_medium_results.csv
117,147,5,medium,medium,0.9900144986369483,0.7003346837796794,0.9862406824049694,0.9197913085412814,0.6399999999999999,,,,,,Java_medium_results.csv
117,135,5,medium,medium,0.9892929328005752,0.7065656189145917,0.9839520862028676,0.9340558026503706,0.6478537360890302,,,,,,Java_medium_results.csv
117,155,5,medium,medium,0.990248452716278,0.7212190360177548,0.9868176383039896,0.9485574280693762,0.6363636363636365,,,,,,Java_medium_results.csv
117,145,5,medium,medium,0.9920419741590846,0.7230462358759645,0.9900845082780114,0.9031989533721468,0.6720430107526882,,,,,,Java_medium_results.csv
117,171,5,medium,medium,0.9912779942464672,0.7257027477839861,0.9873375522846584,0.9226934812186992,0.6333333333333333,,,,,,Java_medium_results.csv
117,142,5,medium,medium,0.9931174610415492,0.7557403933812402,0.991221691217679,0.9379231382847716,0.6561576354679802,,,,,,Java_medium_results.csv
117,168,5,medium,medium,0.9908695816550538,0.7142008448681115,0.9879835398598096,0.908515018098677,0.6384099616858238,,,,,,Java_medium_results.csv
117,158,5,medium,medium,0.992126018700341,0.7495793039004706,0.9895683545408328,0.9238113173799608,0.6666666666666666,,,,,,Java_medium_results.csv
117,166,5,medium,medium,0.989576922882888,0.7147629450677324,0.9857752479263892,0.887527018345054,0.6504112808460635,,,,,,Java_medium_results.csv
117,203,5,medium,medium,0.9905246651978562,0.6585633831718553,0.9850987838159854,0.8514606734090922,0.6545092838196287,,,,,,Java_medium_results.csv
117,169,5,medium,medium,0.989693869139568,0.7000023041187711,0.985676939066873,0.9068200625807008,0.6744186046511629,,,,,,Java_medium_results.csv
117,192,5,medium,medium,0.990512176996494,0.6978500603665518,0.9878849079579785,0.9131592662662668,0.5862068965517242,,,,,,Java_medium_results.csv
117,202,5,medium,medium,0.9908840448098803,0.7026210758984133,0.9882963368768314,0.9104523709796736,0.6666666666666667,,,,,,Java_medium_results.csv
117,210,5,medium,medium,0.9917182330719956,0.645788259556044,0.9889828121345056,0.9209918638259164,0.6585365853658536,,,,,,Java_medium_results.csv
117,207,5,medium,medium,0.9913373337237212,0.6870705727493643,0.9890764289383231,0.9275612403201816,0.6071428571428572,,,,,,Java_medium_results.csv
117,215,5,medium,medium,0.991421943833708,0.7503968625785525,0.9890604295207224,0.925284410437764,0.6756756756756758,,,,,,Java_medium_results.csv
117,206,5,medium,medium,0.9924733092678992,0.7154123806609067,0.9900858985012168,0.9155031489508496,0.6599999999999999,,,,,,Java_medium_results.csv
117,151,5,medium,medium,0.9939598347204236,0.6712083012911343,0.992496409136397,0.9120632694469762,0.6444444444444445,,,,,,Java_medium_results.csv
117,214,5,medium,medium,0.9918138376441762,0.6857236981688701,0.9911218029499196,0.9239572258551452,0.6428571428571428,,,,,,Java_medium_results.csv
121,143,5,medium,medium,0.9916212400685191,0.6255569294831429,0.9884156623060488,0.9291728553202334,0.5957446808510638,,,,,,Java_medium_results.csv
121,133,5,medium,medium,0.993541520424922,0.6787856834881081,0.9918913141429408,0.9005717801452658,0.6666666666666667,,,,,,Java_medium_results.csv
121,135,5,medium,medium,0.9901096326136076,0.6918479414642008,0.9865798581916552,0.9333275523841672,0.6779953917050692,,,,,,Java_medium_results.csv
121,147,5,medium,medium,0.992440731145823,0.7112397611015859,0.9908627661859828,0.928122213158267,0.6628787878787878,,,,,,Java_medium_results.csv
121,145,5,medium,medium,0.9937876577281032,0.7023832451547493,0.9928477378906106,0.9119392244870352,0.6333333333333333,,,,,,Java_medium_results.csv
121,142,5,medium,medium,0.9927284947337836,0.6584122756162174,0.991420209265562,0.9195963745275518,0.6545092838196287,,,,,,Java_medium_results.csv
121,155,5,medium,medium,0.9927033092414076,0.6581131696000599,0.9914458564935992,0.9355525439721354,0.6799999999999999,,,,,,Java_medium_results.csv
121,158,5,medium,medium,0.9925777517321852,0.6599813645437466,0.9895738424677972,0.9236204621367394,0.6363636363636365,,,,,,Java_medium_results.csv
121,171,5,medium,medium,0.9937532438963972,0.6843366020119998,0.9926814610330073,0.9269451720926476,0.6474307237019101,,,,,,Java_medium_results.csv
121,168,5,medium,medium,0.9933270199774136,0.7104543145631692,0.9908863697423196,0.9176932187165752,0.6399999999999999,,,,,,Java_medium_results.csv
121,166,5,medium,medium,0.989750071732828,0.6956144752459423,0.9851422487611492,0.8599369793043417,0.6530100334448161,,,,,,Java_medium_results.csv
121,169,5,medium,medium,0.9899291574397848,0.7268320321300688,0.9865294790467668,0.9200747113235428,0.6601906158357772,,,,,,Java_medium_results.csv
121,192,5,medium,medium,0.9912741118991928,0.6567003496702062,0.9894272118383446,0.9219545996190394,0.6125670041691483,,,,,,Java_medium_results.csv
121,203,5,medium,medium,0.9931483430168409,0.6317117284994531,0.993148477705292,0.8900581903352733,0.65625,,,,,,Java_medium_results.csv
121,202,5,medium,medium,0.991783120208246,0.6959455862924412,0.9891819422315457,0.9149410383850352,0.625,,,,,,Java_medium_results.csv
121,210,5,medium,medium,0.9943701632661056,0.7024337132507468,0.993709147218968,0.9259447302215332,0.6799999999999999,,,,,,Java_medium_results.csv
121,207,5,medium,medium,0.992532770749191,0.7067037912335626,0.989170615267802,0.9234392171935162,0.6086956521739131,,,,,,Java_medium_results.csv
121,151,5,medium,medium,0.9945936706387624,0.6438025574081307,0.9937889280944204,0.9013951052814352,0.6666666666666666,,,,,,Java_medium_results.csv
121,215,5,medium,medium,0.9916494511428772,0.6482053404563667,0.9911001972528786,0.9052300179234386,0.6666666666666667,,,,,,Java_medium_results.csv
121,206,5,medium,medium,0.9942920680140646,0.6996675752192874,0.9934568225809446,0.9108778836292468,0.6888888888888889,,,,,,Java_medium_results.csv
121,214,5,medium,medium,0.993220463993164,0.7054660633705487,0.9912707762038844,0.9174557262924818,0.6436507936507936,,,,,,Java_medium_results.csv
133,143,5,medium,medium,0.9922568400672972,0.6545910847437082,0.9894939736950864,0.8895180765239971,0.4054054054054054,,,,,,Java_medium_results.csv
133,147,5,medium,medium,0.9922210081522164,0.6863348911761136,0.9905927793012808,0.9583061536260652,0.8235294117647058,,,,,,Java_medium_results.csv
133,135,5,medium,medium,0.9908399141520088,0.6641939549457055,0.9871757532453108,0.9345026379751378,0.7905701754385965,,,,,,Java_medium_results.csv
133,155,5,medium,medium,0.9910459234722768,0.7534418480377543,0.987430503438742,0.8881775013038182,0.7000000000000001,,,,,,Java_medium_results.csv
133,145,5,medium,medium,0.9928938387901486,0.7084626358997859,0.9902527956520084,0.9316406408940612,0.7894736842105263,,,,,,Java_medium_results.csv
133,142,5,medium,medium,0.992979085581469,0.7186019046446359,0.9906055987469295,0.9143824881347056,0.6756756756756758,,,,,,Java_medium_results.csv
133,171,5,medium,medium,0.9933867922901892,0.6798831497038893,0.9909772458318858,0.9331553997183442,0.5384615384615385,,,,,,Java_medium_results.csv
133,158,5,medium,medium,0.992933404242466,0.7016882486458432,0.9895169192396148,0.9520591324723512,0.5657142857142857,,,,,,Java_medium_results.csv
133,168,5,medium,medium,0.9918549957280256,0.7309208708729789,0.988926467565208,0.9030000867459458,0.7599999999999999,,,,,,Java_medium_results.csv
133,166,5,medium,medium,0.99057386470765,0.7444921129107721,0.9881865136608214,0.903857868478672,0.7777777777777779,,,,,,Java_medium_results.csv
133,192,5,medium,medium,0.9917297740458232,0.6638639131910269,0.9882249136533297,0.8898204462325913,0.5,,,,,,Java_medium_results.csv
133,169,5,medium,medium,0.990394072698669,0.662434140625464,0.9877817161162118,0.9169200318795524,0.6,,,,,,Java_medium_results.csv
133,203,5,medium,medium,0.99212580409213,0.5739331798854571,0.9890566208397836,0.897875681517739,0.736842105263158,,,,,,Java_medium_results.csv
133,202,5,medium,medium,0.991079427393588,0.7017152312608197,0.9880901184335806,0.9147508575134532,0.6470588235294117,,,,,,Java_medium_results.csv
133,210,5,medium,medium,0.993289136342018,0.6804599611109492,0.9910254091865984,0.9323037188985804,0.75,,,,,,Java_medium_results.csv
133,207,5,medium,medium,0.992386444579781,0.7178741675861726,0.9897042929174122,0.898710303437457,0.5333333333333334,,,,,,Java_medium_results.csv
133,215,5,medium,medium,0.9918705615807452,0.6993559201266057,0.9894906220536784,0.9104047201802395,0.7586206896551724,,,,,,Java_medium_results.csv
133,206,5,medium,medium,0.9932773133567392,0.704752455590276,0.9921685192437742,0.9140750868385572,0.7360681114551084,,,,,,Java_medium_results.csv
133,151,5,medium,medium,0.9944122542944298,0.6911332372779109,0.9930172511941416,0.9063634984776696,0.7,,,,,,Java_medium_results.csv
133,214,5,medium,medium,0.992963301265055,0.758213813804079,0.990864147223492,0.9029998742144858,0.7083333333333334,,,,,,Java_medium_results.csv
135,143,5,medium,medium,0.9874675268067964,0.5627725839589862,0.9819659530318318,0.9094435735905058,0.541958041958042,,,,,,Java_medium_results.csv
135,147,5,medium,medium,0.989074246032704,0.7080916404979924,0.9853547480543512,0.916561270606166,0.8148148148148148,,,,,,Java_medium_results.csv
135,145,5,medium,medium,0.9908630216998672,0.7229083603307505,0.9886676012470637,0.9191193667691772,0.7543103448275862,,,,,,Java_medium_results.csv
135,155,5,medium,medium,0.9889042125749484,0.6853805386157865,0.9858329356906412,0.9174217562213348,0.7703296703296703,,,,,,Java_medium_results.csv
135,142,5,medium,medium,0.990975439501209,0.6711564611736219,0.987905836381373,0.927557461266539,0.6870629370629371,,,,,,Java_medium_results.csv
135,171,5,medium,medium,0.9893969787202146,0.6910471331987349,0.985035526950246,0.9285132992759224,0.5625,,,,,,Java_medium_results.csv
135,158,5,medium,medium,0.9900338557526792,0.6939386237771095,0.9868989897416784,0.9092582885516872,0.5833333333333335,,,,,,Java_medium_results.csv
135,168,5,medium,medium,0.988840642667106,0.7046960302827217,0.9878240960550811,0.9091673492770368,0.7399355877616748,,,,,,Java_medium_results.csv
135,166,5,medium,medium,0.9883910495847292,0.7068800218246474,0.9840550155968424,0.8799816438384332,0.75,,,,,,Java_medium_results.csv
135,192,5,medium,medium,0.9891959153431652,0.7206649363419024,0.9865461294211012,0.9136824970764305,0.5294117647058824,,,,,,Java_medium_results.csv
135,203,5,medium,medium,0.9884286781996434,0.6168053637200411,0.9826019863946664,0.8967509516747932,0.7692307692307692,,,,,,Java_medium_results.csv
135,169,5,medium,medium,0.9881810104272344,0.6795999066236449,0.9838342167143213,0.8865816209112523,0.6226415094339623,,,,,,Java_medium_results.csv
135,202,5,medium,medium,0.9886128947286044,0.6600848282826208,0.9845963994437884,0.9012065750045156,0.6399999999999999,,,,,,Java_medium_results.csv
135,210,5,medium,medium,0.990134361263011,0.6378306578819279,0.9839067722744064,0.911097427605261,0.7587878787878788,,,,,,Java_medium_results.csv
135,207,5,medium,medium,0.9904243976013744,0.7072465001519026,0.9872852341249072,0.9253753511551892,0.5865384615384616,,,,,,Java_medium_results.csv
135,215,5,medium,medium,0.9906523090335764,0.7030658640897465,0.9887994257780476,0.906158728413347,0.7142857142857142,,,,,,Java_medium_results.csv
135,206,5,medium,medium,0.9915207312319938,0.7148867706379766,0.9895351793687408,0.909808736517612,0.71875,,,,,,Java_medium_results.csv
135,151,5,medium,medium,0.993101544881248,0.6636494339274863,0.9904301440540076,0.934633526935924,0.7161172161172161,,,,,,Java_medium_results.csv
135,214,5,medium,medium,0.9913430893518952,0.6575325951667657,0.990036278431518,0.8842131681946646,0.7,,,,,,Java_medium_results.csv
142,143,5,medium,medium,0.9915209158368976,0.7050349441788009,0.9876790819038744,0.9235077529170344,0.5818181818181818,,,,,,Java_medium_results.csv
142,155,5,medium,medium,0.9931220403408548,0.7105227911858449,0.9910570145305144,0.9172208575233816,0.7,,,,,,Java_medium_results.csv
142,147,5,medium,medium,0.9917394785266276,0.7109730995642496,0.988546532835667,0.9011928634936508,0.6666666666666666,,,,,,Java_medium_results.csv
142,145,5,medium,medium,0.9930075894797432,0.7226859733221679,0.9909432585060158,0.8796457516076905,0.6666666666666667,,,,,,Java_medium_results.csv
142,171,5,medium,medium,0.9936922395778814,0.6720604150842385,0.9917771849647056,0.9246342990475028,0.6,,,,,,Java_medium_results.csv
142,168,5,medium,medium,0.9924515698798488,0.6721498185828001,0.9904168722781288,0.9121810340862888,0.6428571428571428,,,,,,Java_medium_results.csv
142,203,5,medium,medium,0.9922922408509524,0.5893351525548196,0.990851556628494,0.8750549596764027,0.6721311475409837,,,,,,Java_medium_results.csv
142,158,5,medium,medium,0.9934923710229506,0.7695786401384426,0.9921892363189292,0.9132564382073456,0.6300322061191627,,,,,,Java_medium_results.csv
142,192,5,medium,medium,0.9904975650688076,0.6515865283721101,0.9872748184413308,0.9141005969312944,0.5789473684210527,,,,,,Java_medium_results.csv
142,166,5,medium,medium,0.9910980657110456,0.7518554501302147,0.9883987223125282,0.875975279622403,0.6818181818181819,,,,,,Java_medium_results.csv
142,169,5,medium,medium,0.9913690624287168,0.7596090049048196,0.9885605102958084,0.9251543120978212,0.625,,,,,,Java_medium_results.csv
142,202,5,medium,medium,0.9924176017863916,0.7306989962494198,0.9906133311066996,0.9103710324324218,0.6666666666666667,,,,,,Java_medium_results.csv
142,210,5,medium,medium,0.9939183755076904,0.6435559418400449,0.9918710042466282,0.9218017325453584,0.6809090909090909,,,,,,Java_medium_results.csv
142,215,5,medium,medium,0.9927370032153858,0.717364244182249,0.99126030493156,0.9436802895968636,0.6363636363636365,,,,,,Java_medium_results.csv
142,207,5,medium,medium,0.992851263290529,0.706762978479482,0.990467162279263,0.9417048891347714,0.6324561403508773,,,,,,Java_medium_results.csv
142,206,5,medium,medium,0.993660749951147,0.7100402953099527,0.9924353496051376,0.9055125013906434,0.6451612903225807,,,,,,Java_medium_results.csv
142,151,5,medium,medium,0.9942687021177544,0.691372126952311,0.9926846928259964,0.9146102854847484,0.6153846153846154,,,,,,Java_medium_results.csv
142,214,5,medium,medium,0.9935203474590836,0.7145636470890095,0.9914807802569198,0.9080099587598268,0.6666666666666666,,,,,,Java_medium_results.csv
143,147,5,medium,medium,0.98942689937196,0.7799968149868095,0.9839524164976546,0.9089613039455376,0.5227272727272727,,,,,,Java_medium_results.csv
143,145,5,medium,medium,0.9917958387136828,0.6417321259724306,0.9902696629205442,0.9081221034723292,0.5213636363636364,,,,,,Java_medium_results.csv
143,155,5,medium,medium,0.9897797806419022,0.6600302891667498,0.9858845037823372,0.9464138935079076,0.5517241379310345,,,,,,Java_medium_results.csv
143,158,5,medium,medium,0.9911488854754296,0.6706574246495227,0.9869972634870516,0.8892479261747335,0.6301369863013699,,,,,,Java_medium_results.csv
143,166,5,medium,medium,0.987406431842646,0.6686027862796465,0.9814753098720622,0.8442606005091804,0.625,,,,,,Java_medium_results.csv
143,168,5,medium,medium,0.9893039148035108,0.6136050959979852,0.9856254306382456,0.8890836276955024,0.5714285714285714,,,,,,Java_medium_results.csv
143,171,5,medium,medium,0.9898991032273694,0.7334426585043293,0.9838062504332832,0.918797324577964,0.6220238095238095,,,,,,Java_medium_results.csv
143,169,5,medium,medium,0.987781709450006,0.6516052617502411,0.982598453135253,0.915810581757218,0.5652173913043478,,,,,,Java_medium_results.csv
143,151,5,medium,medium,0.9943677331749504,0.6232572188964125,0.9916357073273386,0.8888932585016723,0.6,,,,,,Java_medium_results.csv
143,192,5,medium,medium,0.98740194201473,0.7617471173334298,0.9844726923520308,0.9175062937550464,0.6275128104059914,,,,,,Java_medium_results.csv
143,203,5,medium,medium,0.9877603737428112,0.6187502226583449,0.9867389847986628,0.9139928091996594,0.4810897435897435,,,,,,Java_medium_results.csv
143,202,5,medium,medium,0.9893575379474908,0.6570995265370362,0.9851899066365186,0.9128664727902196,0.5980769230769231,,,,,,Java_medium_results.csv
143,210,5,medium,medium,0.9903267065114186,0.7215436395795682,0.9872119648150808,0.9438846858117844,0.574468085106383,,,,,,Java_medium_results.csv
143,207,5,medium,medium,0.9911741625265534,0.711073280648628,0.987560835011287,0.9344042173712708,0.625,,,,,,Java_medium_results.csv
143,206,5,medium,medium,0.9928832928596096,0.6158127016172399,0.9899080367766742,0.9407680613899072,0.6399999999999999,,,,,,Java_medium_results.csv
143,215,5,medium,medium,0.9891164923711768,0.6998140445356552,0.984688744305654,0.9304740654803474,0.5456221198156682,,,,,,Java_medium_results.csv
143,214,5,medium,medium,0.9915304046385788,0.6147194808192669,0.9877089233939326,0.9139064632477994,0.4772727272727273,,,,,,Java_medium_results.csv
145,147,5,medium,medium,0.9920003529072152,0.7347072002993308,0.9916674922311394,0.925820813393241,0.7894736842105263,,,,,,Java_medium_results.csv
145,155,5,medium,medium,0.992666983229144,0.6933559713147645,0.9910265203170284,0.8996895945571609,0.7459677419354839,,,,,,Java_medium_results.csv
145,171,5,medium,medium,0.9929585597554352,0.6851105425953143,0.9896910092268896,0.9203277405838588,0.5962962962962963,,,,,,Java_medium_results.csv
145,158,5,medium,medium,0.9930317191367506,0.7221166681887614,0.9903384422006712,0.9364576315606769,0.6,,,,,,Java_medium_results.csv
145,168,5,medium,medium,0.9925366326202136,0.7274740309230527,0.9903624633675496,0.907188231804951,0.736842105263158,,,,,,Java_medium_results.csv
145,166,5,medium,medium,0.990760228065935,0.7397758255029616,0.9877499579104808,0.870957337300984,0.75,,,,,,Java_medium_results.csv
145,169,5,medium,medium,0.9902814642013236,0.7252791970060083,0.987190574326634,0.9169129521842432,0.6199999999999999,,,,,,Java_medium_results.csv
145,192,5,medium,medium,0.9911064851177456,0.705292794776406,0.9881916321286398,0.9407138562908772,0.5853658536585366,,,,,,Java_medium_results.csv
145,203,5,medium,medium,0.9920549104273888,0.5910355112287915,0.9899938198999452,0.9306830359836282,0.6521739130434783,,,,,,Java_medium_results.csv
145,202,5,medium,medium,0.9916795636100236,0.7146640001989368,0.9906676228627442,0.9281590861041672,0.6428571428571428,,,,,,Java_medium_results.csv
145,210,5,medium,medium,0.9936478817459544,0.6733066854014028,0.9931258716026898,0.918163564095748,0.7272727272727273,,,,,,Java_medium_results.csv
145,207,5,medium,medium,0.9925319652752874,0.7245916961368382,0.9908533589262336,0.9120250998480688,0.6071428571428572,,,,,,Java_medium_results.csv
145,215,5,medium,medium,0.9923317493161876,0.7404537034806926,0.9911510961139148,0.8721487539287929,0.736842105263158,,,,,,Java_medium_results.csv
145,206,5,medium,medium,0.9929836772771916,0.7191425071188133,0.991020995205566,0.928029861842224,0.7297297297297298,,,,,,Java_medium_results.csv
145,151,5,medium,medium,0.9941959090190904,0.6524120763680155,0.9927372903139,0.894265166052197,0.6896551724137931,,,,,,Java_medium_results.csv
145,214,5,medium,medium,0.9929132557569056,0.7254657818944028,0.9906489520168212,0.908430689759665,0.75,,,,,,Java_medium_results.csv
147,155,5,medium,medium,0.9896064213670877,0.7725817893237248,0.9849377071200652,0.9205033949007968,0.7619047619047619,,,,,,Java_medium_results.csv
147,158,5,medium,medium,0.9918851580885062,0.7405874585181482,0.989450667532764,0.9481265141510457,0.5714285714285714,,,,,,Java_medium_results.csv
147,171,5,medium,medium,0.9914075519356113,0.7358751234358224,0.9876632514333594,0.939302707860494,0.5333333333333334,,,,,,Java_medium_results.csv
147,168,5,medium,medium,0.9912760491794996,0.7442449108794094,0.9866612413446436,0.9150300382431966,0.7290209790209791,,,,,,Java_medium_results.csv
147,166,5,medium,medium,0.9890026806823236,0.7414142586886368,0.986196862489514,0.8973632242541157,0.7777777777777779,,,,,,Java_medium_results.csv
147,169,5,medium,medium,0.9880896528253504,0.7220757370419673,0.9834866208219362,0.905866944639652,0.5999999999999999,,,,,,Java_medium_results.csv
147,192,5,medium,medium,0.989760904600481,0.767167715809374,0.9858136587377666,0.9388591768549216,0.52859477124183,,,,,,Java_medium_results.csv
147,203,5,medium,medium,0.9903665552665418,0.659377090312368,0.9870285138350198,0.8796417829855593,0.8076923076923078,,,,,,Java_medium_results.csv
147,202,5,medium,medium,0.990898052086566,0.7536301188892138,0.9864495551150956,0.930027429546018,0.6915760869565217,,,,,,Java_medium_results.csv
147,210,5,medium,medium,0.9913240226395992,0.6775986434244945,0.9875662098572152,0.9461026400809112,0.7619047619047619,,,,,,Java_medium_results.csv
147,151,5,medium,medium,0.9940595545128018,0.6471520275249593,0.9927549995835746,0.9119642369527662,0.7290209790209791,,,,,,Java_medium_results.csv
147,207,5,medium,medium,0.991073229587431,0.7315388433451935,0.9881834971169846,0.913898837994973,0.5806451612903225,,,,,,Java_medium_results.csv
147,215,5,medium,medium,0.9916261909895896,0.7409065570461303,0.9876259698814592,0.9218320458789468,0.7656739811912225,,,,,,Java_medium_results.csv
147,206,5,medium,medium,0.9928955671086002,0.681120662180975,0.9907555351898744,0.8952098903768377,0.736842105263158,,,,,,Java_medium_results.csv
147,214,5,medium,medium,0.9921800560788882,0.6691647345443468,0.9901142050647224,0.9394395960435316,0.7619047619047619,,,,,,Java_medium_results.csv
151,171,5,medium,medium,0.99481137373397,0.6297119135268616,0.9921237061282212,0.8888176995040015,0.5961538461538463,,,,,,Java_medium_results.csv
151,203,5,medium,medium,0.9946721067800606,0.4636604814108201,0.991559041021554,0.901489555953918,0.5952380952380952,,,,,,Java_medium_results.csv
151,155,5,medium,medium,0.9941342678761288,0.6210884147684692,0.991091038836906,0.9271442643594952,0.701851851851852,,,,,,Java_medium_results.csv
151,169,5,medium,medium,0.9922527624820794,0.6597177654801607,0.9909896104172706,0.8853124219064848,0.6363636363636365,,,,,,Java_medium_results.csv
151,168,5,medium,medium,0.9936128808287082,0.6696390288297103,0.9920392402611083,0.9238134545823606,0.6774193548387097,,,,,,Java_medium_results.csv
151,192,5,medium,medium,0.9939763269432892,0.6154511385796996,0.9926479742027507,0.8968617749436631,0.6099627945431997,,,,,,Java_medium_results.csv
151,210,5,medium,medium,0.9948014563437712,0.6006322786619519,0.9933998216245884,0.8974699023164768,0.6818181818181819,,,,,,Java_medium_results.csv
151,166,5,medium,medium,0.992903276519992,0.678073583768005,0.9909605789769824,0.8897290771363975,0.7142857142857142,,,,,,Java_medium_results.csv
151,202,5,medium,medium,0.9939688749110088,0.6500234233328592,0.9930945116421512,0.9237721638120728,0.6666666666666666,,,,,,Java_medium_results.csv
151,215,5,medium,medium,0.9938255940161856,0.6608093923498461,0.9928027002258416,0.896079419015716,0.7142857142857142,,,,,,Java_medium_results.csv
151,158,5,medium,medium,0.9945942520585492,0.6910180401389018,0.9926069270126642,0.905661989821332,0.6499999999999999,,,,,,Java_medium_results.csv
151,207,5,medium,medium,0.99376947658784,0.6522486858014906,0.9919294953063524,0.914939386042828,0.5909090909090909,,,,,,Java_medium_results.csv
151,206,5,medium,medium,0.9945590352650472,0.7015380530432586,0.993868356370205,0.9191880804265232,0.6666666666666666,,,,,,Java_medium_results.csv
155,158,5,medium,medium,0.9922523806164852,0.7253651423315586,0.9883616245020536,0.9118325573358323,0.6,,,,,,Java_medium_results.csv
155,168,5,medium,medium,0.9895711116934736,0.7367699141497347,0.9843124083134762,0.9023617912301792,0.7142857142857143,,,,,,Java_medium_results.csv
155,171,5,medium,medium,0.9920237760816012,0.7121967369709534,0.9880468050513476,0.934597672059051,0.631578947368421,,,,,,Java_medium_results.csv
155,166,5,medium,medium,0.9894501843012388,0.6915230073226254,0.9859602785030358,0.8840114625014834,0.736842105263158,,,,,,Java_medium_results.csv
155,169,5,medium,medium,0.9884212099240804,0.6702350725548862,0.9857561241266708,0.91465426873978,0.6296296296296298,,,,,,Java_medium_results.csv
155,192,5,medium,medium,0.990152411653778,0.7689725763771491,0.98457463733306,0.9285098959330648,0.5732142857142857,,,,,,Java_medium_results.csv
155,203,5,medium,medium,0.9892854728276288,0.7019344848762006,0.9879409270157324,0.8617829101853026,0.6733333333333333,,,,,,Java_medium_results.csv
155,202,5,medium,medium,0.9892337435928004,0.6827932058142034,0.9858017824153924,0.9096426356995734,0.7083333333333334,,,,,,Java_medium_results.csv
151,214,5,medium,medium,0.9935825157744776,0.7036872872657569,0.9922273349864246,0.8974134099453759,0.6666666666666666,,,,,,Java_medium_results.csv
155,210,5,medium,medium,0.9914452281833636,0.6635380489933532,0.9878180392663968,0.9242374548027892,0.75,,,,,,Java_medium_results.csv
155,207,5,medium,medium,0.991877807259578,0.67679917263084,0.988807525784046,0.934354054490137,0.6,,,,,,Java_medium_results.csv
155,215,5,medium,medium,0.9905678294756722,0.7486047354970717,0.986821025840234,0.9202215259172666,0.6216216216216217,,,,,,Java_medium_results.csv
155,206,5,medium,medium,0.9928896012873546,0.7156521039464964,0.9907332460911518,0.9251624936470856,0.675,,,,,,Java_medium_results.csv
155,214,5,medium,medium,0.9927587097478372,0.6495414319143092,0.9898861277130552,0.9130379222808194,0.6944444444444445,,,,,,Java_medium_results.csv
158,171,5,medium,medium,0.9921778110321916,0.6712509466771743,0.9889906052028868,0.9396338131982322,0.6153846153846154,,,,,,Java_medium_results.csv
158,168,5,medium,medium,0.992396365519106,0.7131199411958218,0.988898674679203,0.9162154506489,0.5999999999999999,,,,,,Java_medium_results.csv
158,192,5,medium,medium,0.9915293544577848,0.6697434148770314,0.9890794664036796,0.906354130625146,0.6378539493293591,,,,,,Java_medium_results.csv
158,166,5,medium,medium,0.9911840058454158,0.7244838208769637,0.9860217342583284,0.8706726360838306,0.5925925925925926,,,,,,Java_medium_results.csv
158,203,5,medium,medium,0.9919460445563976,0.6912514584150122,0.9882489616036952,0.9075526878238164,0.6104702750665484,,,,,,Java_medium_results.csv
158,169,5,medium,medium,0.9901756331617396,0.7493261570683161,0.987286285640972,0.9187545918187164,0.6136363636363636,,,,,,Java_medium_results.csv
158,202,5,medium,medium,0.9913133437236444,0.706944433051443,0.9878634787996756,0.9196057180728766,0.6483983983983984,,,,,,Java_medium_results.csv
158,210,5,medium,medium,0.9926575484103716,0.6270226893030939,0.9908515229618524,0.918856545342826,0.5741758241758241,,,,,,Java_medium_results.csv
158,207,5,medium,medium,0.9921148112670432,0.7322460445352055,0.9888064726691982,0.9123378059854392,0.603030303030303,,,,,,Java_medium_results.csv
158,215,5,medium,medium,0.9922238449567242,0.7458050129623115,0.9896945786888024,0.897669572796463,0.6176470588235294,,,,,,Java_medium_results.csv
158,206,5,medium,medium,0.993569102819033,0.6854838716691143,0.9913169080517148,0.9073705395831054,0.631578947368421,,,,,,Java_medium_results.csv
158,214,5,medium,medium,0.9933368309229568,0.7164690872958005,0.9918955942276207,0.905561540623446,0.6666666666666666,,,,,,Java_medium_results.csv
166,171,5,medium,medium,0.9907932721339106,0.6978041266252105,0.9856205988184056,0.8980809255257508,0.5694980694980696,,,,,,Java_medium_results.csv
166,168,5,medium,medium,0.9887838122683524,0.703853047465266,0.9849360255925304,0.8470278554318564,0.75,,,,,,Java_medium_results.csv
166,169,5,medium,medium,0.9872615628443332,0.7388168194502973,0.982772530090299,0.8561538594542528,0.6090353260869565,,,,,,Java_medium_results.csv
166,192,5,medium,medium,0.9884176686762036,0.6911601624529882,0.9843703797933152,0.8572115893691885,0.5480030721966206,,,,,,Java_medium_results.csv
166,203,5,medium,medium,0.987455073501559,0.5280688633791719,0.9797300005928916,0.9036778914578126,0.6982142857142857,,,,,,Java_medium_results.csv
166,202,5,medium,medium,0.9896598545606792,0.6419887070101891,0.9855180810181794,0.9059347148064494,0.7254901960784315,,,,,,Java_medium_results.csv
166,210,5,medium,medium,0.9883951086882676,0.6873321266368242,0.983288711193713,0.8975989595210366,0.75,,,,,,Java_medium_results.csv
166,207,5,medium,medium,0.9893692671028688,0.7059535328610655,0.9862405649851655,0.8906419728229573,0.5813673567645643,,,,,,Java_medium_results.csv
166,215,5,medium,medium,0.989680647360416,0.7365173135387117,0.9853346150204818,0.8770392634894535,0.7272727272727273,,,,,,Java_medium_results.csv
166,206,5,medium,medium,0.9920586078931152,0.7307392477205585,0.989239680971896,0.8737445723545271,0.6956521739130435,,,,,,Java_medium_results.csv
166,214,5,medium,medium,0.991697021383206,0.7222823572531063,0.9887186705319128,0.8450287049106485,0.7165178571428572,,,,,,Java_medium_results.csv
168,171,5,medium,medium,0.9926711795449528,0.7182123619289398,0.9891550485903494,0.9056078849102996,0.5517241379310345,,,,,,Java_medium_results.csv
168,192,5,medium,medium,0.9896210112684198,0.6962739768529423,0.9863141288432614,0.9069598664691694,0.5517241379310345,,,,,,Java_medium_results.csv
168,169,5,medium,medium,0.9880339409065316,0.702484458805953,0.9836421174405114,0.8964261060018792,0.6153846153846154,,,,,,Java_medium_results.csv
168,203,5,medium,medium,0.9897684404382412,0.6157992934419249,0.9867250697514334,0.86994298585714,0.7000000000000001,,,,,,Java_medium_results.csv
168,202,5,medium,medium,0.9896787567903352,0.7231085157523873,0.988028984461279,0.9053610660875112,0.6521739130434783,,,,,,Java_medium_results.csv
168,210,5,medium,medium,0.9912959029568832,0.661556180960297,0.9876766601145854,0.91160093048423,0.72,,,,,,Java_medium_results.csv
168,207,5,medium,medium,0.9918403192549774,0.696423375833062,0.98882475956639,0.9157277551239504,0.6047544409613375,,,,,,Java_medium_results.csv
168,215,5,medium,medium,0.9905038090096738,0.780213479617544,0.9868582886303092,0.88452620314648,0.7391304347826088,,,,,,Java_medium_results.csv
168,206,5,medium,medium,0.9922661147776504,0.7330241931756667,0.9896014641249936,0.9210445914611882,0.6857142857142857,,,,,,Java_medium_results.csv
168,214,5,medium,medium,0.9920227365072116,0.6826288651913415,0.989371965092528,0.9175170534643852,0.7,,,,,,Java_medium_results.csv
169,171,5,medium,medium,0.9897070926605064,0.681862541501244,0.9849596401472436,0.9099201988629044,0.6499999999999999,,,,,,Java_medium_results.csv
169,192,5,medium,medium,0.9874756062800584,0.6499278409708582,0.9819908164603728,0.9018574757094632,0.5925925925925926,,,,,,Java_medium_results.csv
169,203,5,medium,medium,0.9867741573812652,0.5866905094736597,0.9802148026582644,0.8647382071639593,0.5999999999999999,,,,,,Java_medium_results.csv
169,202,5,medium,medium,0.9893808955293392,0.6861946241912618,0.9868769087232772,0.9056895321613244,0.6,,,,,,Java_medium_results.csv
169,210,5,medium,medium,0.988248685542776,0.7067131521847103,0.9827706353932482,0.9117089361031744,0.6226415094339623,,,,,,Java_medium_results.csv
169,207,5,medium,medium,0.989933827332222,0.742008751069806,0.9861084360708297,0.9090631468648256,0.625,,,,,,Java_medium_results.csv
169,215,5,medium,medium,0.989048472112571,0.7312379160979903,0.9848708635936524,0.9247403413775024,0.625,,,,,,Java_medium_results.csv
169,206,5,medium,medium,0.9917089159822124,0.7102388494413738,0.9893353404182896,0.9263755903988984,0.6129032258064516,,,,,,Java_medium_results.csv
169,214,5,medium,medium,0.9918856426911584,0.6798085548093276,0.9906805133555332,0.8950853183524049,0.6857142857142857,,,,,,Java_medium_results.csv
171,192,5,medium,medium,0.9906176859824192,0.8013202205285083,0.9858961732938832,0.91128790467048,0.607843137254902,,,,,,Java_medium_results.csv
171,203,5,medium,medium,0.9914544584126124,0.630778780916553,0.9882121150880344,0.9082517254169776,0.575,,,,,,Java_medium_results.csv
171,202,5,medium,medium,0.9910055614512912,0.6472621638742172,0.985992555858256,0.933554572447926,0.6504524886877828,,,,,,Java_medium_results.csv
171,210,5,medium,medium,0.9929901851190284,0.6766555077636334,0.9895432990152476,0.9605283927999084,0.5773195876288659,,,,,,Java_medium_results.csv
171,207,5,medium,medium,0.9921730551225616,0.7216123250338042,0.9893934498537568,0.932915712541116,0.6140350877192983,,,,,,Java_medium_results.csv
171,206,5,medium,medium,0.9938636847030315,0.6708235231229098,0.9916509806883652,0.930726321325798,0.6037735849056605,,,,,,Java_medium_results.csv
171,215,5,medium,medium,0.9934042704748672,0.6457633459613312,0.9914422811519086,0.8975905830572937,0.6,,,,,,Java_medium_results.csv
171,214,5,medium,medium,0.9930725254715196,0.6773214902286293,0.9897070555293392,0.8821021815855037,0.5466998754669988,,,,,,Java_medium_results.csv
192,203,5,medium,medium,0.9870534736967884,0.6541584915014691,0.9831714582557176,0.9156018761506486,0.56,,,,,,Java_medium_results.csv
192,202,5,medium,medium,0.9896438385025144,0.7470967965915731,0.9859912337122112,0.9120630060834628,0.6198686371100164,,,,,,Java_medium_results.csv
192,210,5,medium,medium,0.991725657017258,0.7282551715179268,0.987633442369118,0.9276605890060846,0.5945945945945945,,,,,,Java_medium_results.csv
192,207,5,medium,medium,0.9914301757622662,0.6805095466710477,0.9871412530771836,0.9225544015695762,0.6153846153846154,,,,,,Java_medium_results.csv
192,206,5,medium,medium,0.9930037408029728,0.6751210492282798,0.9907633346912522,0.9239230560309832,0.5909391534391535,,,,,,Java_medium_results.csv
192,215,5,medium,medium,0.9903827354641884,0.7841477036923956,0.9867607410759506,0.8922025803302199,0.6,,,,,,Java_medium_results.csv
192,214,5,medium,medium,0.9921187548960416,0.6330017808595472,0.9907813090635722,0.9200515505681276,0.5976190476190476,,,,,,Java_medium_results.csv
202,203,5,medium,medium,0.9885804970040796,0.5870808266849089,0.9832398526460574,0.936591254882846,0.676470588235294,,,,,,Java_medium_results.csv
202,210,5,medium,medium,0.9907235347287394,0.6918059957642785,0.9877998183058768,0.9402469215384368,0.6666666666666666,,,,,,Java_medium_results.csv
202,207,5,medium,medium,0.9915069654370764,0.6913827416987113,0.9862648210242124,0.9088307932726776,0.6129032258064516,,,,,,Java_medium_results.csv
202,215,5,medium,medium,0.9907845590522312,0.7553356088411232,0.9883085764082972,0.9297946187630284,0.6216216216216217,,,,,,Java_medium_results.csv
202,206,5,medium,medium,0.9922542389384272,0.6480715558391056,0.990424773246374,0.95693934678309,0.6666666666666667,,,,,,Java_medium_results.csv
202,214,5,medium,medium,0.9927845209995289,0.6285083334149628,0.9906893511139654,0.8950972826050806,0.6799999999999999,,,,,,Java_medium_results.csv
203,206,5,medium,medium,0.99310780011954,0.5652886736045348,0.9914494415752692,0.8899995997872516,0.701851851851852,,,,,,Java_medium_results.csv
203,210,5,medium,medium,0.9914722128963984,0.6386752214632945,0.9914219715851132,0.8962004110535177,0.736842105263158,,,,,,Java_medium_results.csv
203,207,5,medium,medium,0.991669350200672,0.6027202895573116,0.9871792741895372,0.9077151422296078,0.6071428571428572,,,,,,Java_medium_results.csv
203,215,5,medium,medium,0.9909434720699636,0.6083571073569101,0.9862091926549064,0.8928038291983215,0.6969696969696969,,,,,,Java_medium_results.csv
203,214,5,medium,medium,0.9925370187925046,0.5955852197252414,0.9892579416078872,0.8621212898803712,0.736842105263158,,,,,,Java_medium_results.csv
206,210,5,medium,medium,0.9941193488049384,0.6462013697363115,0.9907677208946776,0.9315073352846766,0.6956521739130435,,,,,,Java_medium_results.csv
206,207,5,medium,medium,0.9934775954961642,0.6963212849748134,0.9922052731294322,0.9104692491123114,0.6470588235294117,,,,,,Java_medium_results.csv
206,215,5,medium,medium,0.9938652400943748,0.7205409889543102,0.9926073908518728,0.9207279261168676,0.6877280265339967,,,,,,Java_medium_results.csv
206,214,5,medium,medium,0.9928326751312992,0.7051457580909226,0.9918663614297304,0.9082749345662748,0.6939799331103679,,,,,,Java_medium_results.csv
207,210,5,medium,medium,0.991906871620681,0.6785432256731592,0.9878893740460868,0.9318480410410684,0.6086956521739131,,,,,,Java_medium_results.csv
207,215,5,medium,medium,0.9915144100360797,0.7217852814037369,0.988240192707858,0.9433775244211436,0.6,,,,,,Java_medium_results.csv
207,214,5,medium,medium,0.9928358768351458,0.6744588786163682,0.9908219244764832,0.8963661957374105,0.6333333333333333,,,,,,Java_medium_results.csv
210,215,5,medium,medium,0.992157430078731,0.7607454324399496,0.988962264331195,0.9222485726085314,0.7142857142857142,,,,,,Java_medium_results.csv
210,214,5,medium,medium,0.99362423172749,0.6602784172026857,0.9914066321080514,0.9036751796034462,0.7142857142857142,,,,,,Java_medium_results.csv
214,215,5,medium,medium,0.9928309249887434,0.6793016498232117,0.9907179131940164,0.8717050769572513,0.7096774193548387,,,,,,Java_medium_results.csv
3,12,5,none,none,0.991241369390824,0.7765268551019693,0.9868564460078092,0.9474372671830786,0.6944444444444445,,,,,,Java_none_results.csv
3,5,5,none,none,0.9925203590013282,0.702265949766286,0.9903470029381528,0.9277110780173274,0.72,,,,,,Java_none_results.csv
3,28,5,none,none,0.9931274832373618,0.7385639376383317,0.9906204786432607,0.9496186357168662,0.5999999999999999,,,,,,Java_none_results.csv
3,30,5,none,none,0.9924598262129884,0.7406782683571477,0.9907862130004108,0.9532030054845084,0.6785714285714286,,,,,,Java_none_results.csv
3,36,5,none,none,0.9913709635595784,0.741143423534889,0.9897495449148016,0.9462950858017332,0.708994708994709,,,,,,Java_none_results.csv
3,93,5,none,none,0.9921685708813942,0.7243242834359356,0.9917084686632236,0.9512600828555468,0.6666666666666667,,,,,,Java_none_results.csv
3,96,5,none,none,0.991693788677718,0.8045424934279234,0.9890885432286408,0.9325398848703532,0.5606617647058822,,,,,,Java_none_results.csv
3,110,5,none,none,0.9927729645194568,0.719196265548785,0.9914749112005382,0.953718525800586,0.7,,,,,,Java_none_results.csv
3,163,5,none,none,0.9897323891919136,0.7788074268672434,0.9866847666553769,0.9509810695577576,0.6799999999999999,,,,,,Java_none_results.csv
3,181,5,none,none,0.9927230863136124,0.7592952666451374,0.9892459051002408,0.9367843347232974,0.7018518518518518,,,,,,Java_none_results.csv
3,189,5,none,none,0.9923143447279178,0.7742393934633837,0.9887102563279652,0.9379505753866356,0.6071428571428572,,,,,,Java_none_results.csv
3,154,5,none,none,0.9937313086169204,0.7061609262378934,0.991703347710684,0.9000600220223451,0.7307692307692308,,,,,,Java_none_results.csv
3,201,5,none,none,0.9925487275263536,0.7819140681652773,0.9904127526710212,0.9443475777420992,0.5925925925925926,,,,,,Java_none_results.csv
3,204,5,none,none,0.991799917004252,0.6277786767314291,0.9862063425009506,0.9233298136152184,0.6578947368421053,,,,,,Java_none_results.csv
3,211,5,none,none,0.992934272489987,0.7036218134138148,0.9909480725562309,0.9046330727272116,0.6799999999999999,,,,,,Java_none_results.csv
5,12,5,none,none,0.9918135686274508,0.7352850376675186,0.9897452551059592,0.9014986250274634,0.6666666666666667,,,,,,Java_none_results.csv
5,28,5,none,none,0.993620402602041,0.8128905263053374,0.9905938742871812,0.957741301862737,0.581989247311828,,,,,,Java_none_results.csv
5,30,5,none,none,0.9925584472730044,0.6986670514946647,0.9884218193088848,0.9407034572183876,0.6961538461538461,,,,,,Java_none_results.csv
5,36,5,none,none,0.9923277464901415,0.7149142907271921,0.9896336138177692,0.9542119572122216,0.7307692307692308,,,,,,Java_none_results.csv
5,93,5,none,none,0.9917762144123068,0.7233801776652212,0.9892338556185184,0.8969209582589737,0.5925925925925926,,,,,,Java_none_results.csv
3,196,5,none,none,0.9879168617606084,0.6864955231161551,0.9800586493198798,0.898859474699673,0.7236363636363636,,,,,,Java_none_results.csv
5,96,5,none,none,0.991014666532378,0.7378030792189305,0.9869743290243764,0.894067671220275,0.54858934169279,,,,,,Java_none_results.csv
5,110,5,none,none,0.9935126053428004,0.8144662039440285,0.9923511258613552,0.9681802620183148,0.653846153846154,,,,,,Java_none_results.csv
5,163,5,none,none,0.9922847170533204,0.7734034297519183,0.9902384994958664,0.9241356763518348,0.6799999999999999,,,,,,Java_none_results.csv
5,181,5,none,none,0.9940451763818456,0.7657582386615145,0.9929620797922268,0.9440320368324708,0.7083333333333334,,,,,,Java_none_results.csv
5,189,5,none,none,0.9938265546766047,0.813159821160966,0.992782005863761,0.9187738689496984,0.6425806451612903,,,,,,Java_none_results.csv
5,201,5,none,none,0.9938096098220044,0.7424678043109709,0.993199847232713,0.9214868831106664,0.7047930283224401,,,,,,Java_none_results.csv
5,204,5,none,none,0.9920002566804094,0.6145293508547479,0.9869295105209522,0.8893750062052,0.6726190476190476,,,,,,Java_none_results.csv
5,154,5,none,none,0.9941495096340682,0.6455638872664341,0.9923542411834104,0.9372431057715236,0.7047930283224401,,,,,,Java_none_results.csv
5,211,5,none,none,0.9937412551278552,0.7711657858491909,0.9911099357551696,0.9488534010724836,0.6666666666666665,,,,,,Java_none_results.csv
12,28,5,none,none,0.991841118553815,0.7598014361621761,0.987972171604565,0.9297769947429024,0.6919020715630886,,,,,,Java_none_results.csv
12,30,5,none,none,0.9911068915548852,0.7190192981875989,0.9877144118850444,0.923747394389068,0.6923076923076923,,,,,,Java_none_results.csv
12,36,5,none,none,0.990127503046842,0.7480891884794125,0.9886217221642954,0.9305186071947944,0.6956521739130435,,,,,,Java_none_results.csv
12,93,5,none,none,0.9887964557384352,0.6998629822932543,0.9856709683474568,0.9438759070415396,0.6333333333333333,,,,,,Java_none_results.csv
12,96,5,none,none,0.990678468759084,0.7734304352812296,0.986713005368798,0.9406817952500932,0.6123737373737373,,,,,,Java_none_results.csv
5,196,5,none,none,0.9886799511157324,0.703513345693302,0.9828472276107884,0.8776034038894062,0.718349358974359,,,,,,Java_none_results.csv
12,110,5,none,none,0.9925202853171856,0.7268186650606001,0.988567586298762,0.91414668192765,0.6904161412358134,,,,,,Java_none_results.csv
12,163,5,none,none,0.9893462296405195,0.7734424960199613,0.9842676373218048,0.918092095922012,0.695048309178744,,,,,,Java_none_results.csv
12,181,5,none,none,0.9928344283553197,0.8081822496274337,0.9903885628207972,0.9048342459720392,0.6666666666666667,,,,,,Java_none_results.csv
12,189,5,none,none,0.9921937171642768,0.7534773415583603,0.989266164661821,0.9396299068637238,0.6553977272727273,,,,,,Java_none_results.csv
12,154,5,none,none,0.9934153745823642,0.6695687421905261,0.9912329608275195,0.9135866080718792,0.7142857142857142,,,,,,Java_none_results.csv
12,201,5,none,none,0.9916886948902656,0.723430596735206,0.9884364594883208,0.9444130511831532,0.6626016260162602,,,,,,Java_none_results.csv
12,204,5,none,none,0.9884057846043184,0.5830934337429146,0.9796439714483712,0.9169801801879554,0.6521739130434783,,,,,,Java_none_results.csv
12,211,5,none,none,0.9928525422941156,0.7086810779306497,0.9916719513846136,0.889276757975792,0.6666666666666667,,,,,,Java_none_results.csv
28,30,5,none,none,0.9917217459922488,0.8014624701891497,0.9876104677398236,0.8757818012160433,0.5454545454545454,,,,,,Java_none_results.csv
28,36,5,none,none,0.9908493839318272,0.769434823104524,0.9860759990029568,0.9569900262027358,0.5625,,,,,,Java_none_results.csv
28,93,5,none,none,0.9911836603306255,0.6805543660832967,0.9889432240360388,0.9423406509122582,0.5789473684210527,,,,,,Java_none_results.csv
12,196,5,none,none,0.9877882625520076,0.6559339917133089,0.9816738701079938,0.902666155601022,0.7037037037037037,,,,,,Java_none_results.csv
28,96,5,none,none,0.9903766932902852,0.7553951845152056,0.9855604450936132,0.8904205665366935,0.606060606060606,,,,,,Java_none_results.csv
28,110,5,none,none,0.9940767857367586,0.8561513895047087,0.991192149463048,0.9734579774465796,0.6408730158730158,,,,,,Java_none_results.csv
28,163,5,none,none,0.9892264922068554,0.7767650015295189,0.9860902609952846,0.937517228932417,0.6521739130434783,,,,,,Java_none_results.csv
28,181,5,none,none,0.9936887275870786,0.8305908354953787,0.9904806030246964,0.8796839689701111,0.6196343402225755,,,,,,Java_none_results.csv
28,189,5,none,none,0.99293380276206,0.794034875549633,0.9912188567931492,0.9005292034771211,0.6774193548387097,,,,,,Java_none_results.csv
28,154,5,none,none,0.9942860523929912,0.6448050983169891,0.991726228866934,0.8942504962272321,0.5999999999999999,,,,,,Java_none_results.csv
28,201,5,none,none,0.9930493672055064,0.6885523525050226,0.9910678198396204,0.9504276380540382,0.6306818181818182,,,,,,Java_none_results.csv
28,204,5,none,none,0.9889346282905728,0.6015152269569906,0.9826352190793888,0.9244663479338407,0.5292207792207793,,,,,,Java_none_results.csv
28,211,5,none,none,0.992994787986581,0.7861936254414807,0.989027741447843,0.9077392330093436,0.6092258748674444,,,,,,Java_none_results.csv
30,36,5,none,none,0.9912177843477356,0.7531759035494388,0.9886708330297188,0.912443521847196,0.7407407407407407,,,,,,Java_none_results.csv
28,196,5,none,none,0.9865761041053162,0.6513980968258981,0.9778288445582988,0.8612985671569194,0.56,,,,,,Java_none_results.csv
30,93,5,none,none,0.9922283287101796,0.6795997855930469,0.9895812983817608,0.8587159018956271,0.6666666666666666,,,,,,Java_none_results.csv
30,96,5,none,none,0.990881473276608,0.7234211968030011,0.9870136858568016,0.9173394328248792,0.5671171171171172,,,,,,Java_none_results.csv
30,110,5,none,none,0.992081742431956,0.7185207937077824,0.9880700990969846,0.9406212509546904,0.6896551724137931,,,,,,Java_none_results.csv
30,163,5,none,none,0.9903014058908792,0.7222886413032966,0.9863103000065422,0.934567563616636,0.6809090909090909,,,,,,Java_none_results.csv
30,181,5,none,none,0.9921359608972954,0.7450695385643145,0.9888290977695846,0.9436546361636484,0.6858552631578947,,,,,,Java_none_results.csv
30,189,5,none,none,0.9917586889596928,0.6918804036425551,0.9878480973385289,0.9386309644115914,0.7113095238095238,,,,,,Java_none_results.csv
30,154,5,none,none,0.9939744712623342,0.6867909928327955,0.9910649943397634,0.9468542563227538,0.6946386946386947,,,,,,Java_none_results.csv
30,204,5,none,none,0.9901626854724986,0.6477474339027465,0.9833949745762092,0.928679659687308,0.6799999999999999,,,,,,Java_none_results.csv
30,201,5,none,none,0.9926791872961576,0.7185215258436669,0.99132371693698,0.9169429336325926,0.6666666666666666,,,,,,Java_none_results.csv
30,211,5,none,none,0.993683361538639,0.72079776156819,0.9908468893991824,0.9089482647914922,0.679622641509434,,,,,,Java_none_results.csv
36,93,5,none,none,0.990885799909284,0.7419426676015988,0.9911177698434972,0.9338003147001036,0.6273148148148149,,,,,,Java_none_results.csv
36,96,5,none,none,0.9903175680048864,0.7652465483131352,0.985030790185568,0.909038809048502,0.5454545454545454,,,,,,Java_none_results.csv
30,196,5,none,none,0.9880463869718829,0.6701165156019103,0.980907503844398,0.8926964174038337,0.7083333333333334,,,,,,Java_none_results.csv
36,110,5,none,none,0.9916147766352156,0.7722633285622117,0.9897463708797812,0.9457007759706046,0.6666666666666666,,,,,,Java_none_results.csv
36,163,5,none,none,0.9894998841763396,0.7080016797582263,0.9872620160732808,0.9220729489589296,0.6811594202898551,,,,,,Java_none_results.csv
36,181,5,none,none,0.9928184537131918,0.7879080381945006,0.990983831071167,0.9336316905245452,0.7021276595744681,,,,,,Java_none_results.csv
36,189,5,none,none,0.9913436711420588,0.8045631480588992,0.9875520580328584,0.908894998097958,0.6206896551724137,,,,,,Java_none_results.csv
36,154,5,none,none,0.9934519253748372,0.6600160669959778,0.9922018723533657,0.9266391440169028,0.723404255319149,,,,,,Java_none_results.csv
36,201,5,none,none,0.9923995867696136,0.7206769284591358,0.988737624640154,0.9379133378733068,0.6589147286821706,,,,,,Java_none_results.csv
36,204,5,none,none,0.9879741479171474,0.7041435543855734,0.9793758469152376,0.9120268161074664,0.75,,,,,,Java_none_results.csv
36,211,5,none,none,0.9926484699435062,0.7503709190882227,0.9913477402628336,0.8994097349503635,0.6557377049180328,,,,,,Java_none_results.csv
36,196,5,none,none,0.9875778474376484,0.6405069210125489,0.9795373574662196,0.8583692965585009,0.7,,,,,,Java_none_results.csv
93,96,5,none,none,0.9903152738248372,0.7349369292735262,0.9854904147233908,0.8768271211385539,0.5813953488372094,,,,,,Java_none_results.csv
93,110,5,none,none,0.992655168793213,0.7619259206421947,0.991459867995682,0.9139223020151772,0.6444444444444445,,,,,,Java_none_results.csv
93,163,5,none,none,0.989633390793341,0.6756712419060887,0.9865115084159416,0.9130106877684416,0.6875,,,,,,Java_none_results.csv
93,181,5,none,none,0.9925385624965496,0.7013634026543114,0.9898631108970116,0.8638502684813869,0.627906976744186,,,,,,Java_none_results.csv
93,154,5,none,none,0.9932665614188824,0.6159984120190933,0.9920321273629252,0.8648283866976695,0.7000000000000001,,,,,,Java_none_results.csv
93,189,5,none,none,0.9924883068910108,0.6865300289833713,0.9895552075799284,0.9078249980107844,0.6742424242424243,,,,,,Java_none_results.csv
93,201,5,none,none,0.992357145600704,0.727815476380945,0.9904363524723916,0.9099004253816374,0.6666666666666667,,,,,,Java_none_results.csv
93,204,5,none,none,0.98783975203239,0.7042441342150072,0.9803427728043828,0.9026627086195126,0.6666666666666666,,,,,,Java_none_results.csv
93,211,5,none,none,0.9927016865381556,0.6501073644227973,0.9911691455931154,0.8615571232338066,0.6427350427350428,,,,,,Java_none_results.csv
93,196,5,none,none,0.987698501863058,0.6384394019863007,0.9807308712059716,0.8740163799022103,0.7,,,,,,Java_none_results.csv
96,110,5,none,none,0.9921227114771768,0.7350965008945713,0.9880982371465508,0.8930129871528568,0.6080389144905274,,,,,,Java_none_results.csv
96,163,5,none,none,0.9902736689870758,0.7379009734131178,0.985598446641851,0.9298233392522924,0.5714285714285714,,,,,,Java_none_results.csv
96,181,5,none,none,0.9913003997594052,0.785047027174952,0.9877463760068704,0.907958309376848,0.5666666666666667,,,,,,Java_none_results.csv
96,189,5,none,none,0.9916546962913514,0.7734212378369849,0.98935101057911,0.9275682346638068,0.638888888888889,,,,,,Java_none_results.csv
96,204,5,none,none,0.9890631274375854,0.581862302675827,0.984425900672258,0.8911453097690023,0.540169133192389,,,,,,Java_none_results.csv
96,201,5,none,none,0.9910577275073256,0.723662647499647,0.9858478042833908,0.9229227429268616,0.6282894736842106,,,,,,Java_none_results.csv
96,154,5,none,none,0.9927278798944824,0.6530831598927316,0.9907517722601764,0.9380416031160456,0.5800000000000001,,,,,,Java_none_results.csv
96,211,5,none,none,0.9915617786029046,0.7828550986168307,0.9874041489206786,0.9036974793213322,0.6081871345029239,,,,,,Java_none_results.csv
96,196,5,none,none,0.9885183918396554,0.6868443725830604,0.98246523238112,0.91600922288372,0.5862068965517242,,,,,,Java_none_results.csv
110,163,5,none,none,0.9924204888391994,0.7569521708413287,0.9891800810738508,0.933056927054986,0.653846153846154,,,,,,Java_none_results.csv
110,181,5,none,none,0.9940280295815798,0.7703722675895037,0.992329471050914,0.95989883880454,0.6896551724137931,,,,,,Java_none_results.csv
110,189,5,none,none,0.9938768760878582,0.7278870597407165,0.9921444615725228,0.882309909967773,0.6666666666666666,,,,,,Java_none_results.csv
110,154,5,none,none,0.9942687347152732,0.6943418862735405,0.9920162072936748,0.9193477775220066,0.6818181818181819,,,,,,Java_none_results.csv
110,201,5,none,none,0.9943888757621698,0.7202383001527208,0.9929162508811676,0.9688360606625408,0.6923076923076923,,,,,,Java_none_results.csv
110,204,5,none,none,0.9905961145682718,0.681930254830603,0.9852825412449236,0.9175795863274604,0.6818181818181819,,,,,,Java_none_results.csv
110,211,5,none,none,0.9938747139811748,0.7589211393685836,0.990968172434334,0.961593518751916,0.6216216216216217,,,,,,Java_none_results.csv
110,196,5,none,none,0.9888948904506816,0.6541322082699191,0.9815024785220888,0.8727533317832362,0.7,,,,,,Java_none_results.csv
154,163,5,none,none,0.993443319573753,0.675272532407275,0.9911268678047108,0.9199964018157806,0.6799999999999999,,,,,,Java_none_results.csv
154,181,5,none,none,0.9942846956766987,0.7015820805832833,0.992647039866108,0.926950018989593,0.6744186046511629,,,,,,Java_none_results.csv
154,204,5,none,none,0.9937431670012676,0.5972567354128273,0.9904420779582028,0.8596017127863405,0.6585365853658536,,,,,,Java_none_results.csv
154,201,5,none,none,0.994289114642945,0.6175096713144467,0.9922560254108604,0.900350309895295,0.6666666666666667,,,,,,Java_none_results.csv
154,189,5,none,none,0.9940051339416364,0.7121630040371516,0.9921817807412888,0.9455848825638132,0.6486486486486487,,,,,,Java_none_results.csv
154,211,5,none,none,0.9938723770961158,0.7210075894627238,0.9922188100718128,0.9188925076989308,0.653846153846154,,,,,,Java_none_results.csv
163,181,5,none,none,0.9900028959676124,0.7117892678085285,0.987521040223742,0.921637931814668,0.6785714285714286,,,,,,Java_none_results.csv
163,189,5,none,none,0.9909620503846542,0.8029821357936872,0.986557074561984,0.9296741897135536,0.6619047619047619,,,,,,Java_none_results.csv
163,201,5,none,none,0.9907608260979798,0.7588122731888307,0.9869665531735552,0.9303646129981832,0.7,,,,,,Java_none_results.csv
163,204,5,none,none,0.988371983246782,0.6224472452437705,0.9794917850612752,0.9183285003011964,0.6633333333333333,,,,,,Java_none_results.csv
163,211,5,none,none,0.9925181618408564,0.777051722988063,0.9896518002960274,0.9251351189268536,0.6521739130434783,,,,,,Java_none_results.csv
154,196,5,none,none,0.9903967879667768,0.7224325595678456,0.9864722029157308,0.905791556997254,0.6866071428571427,,,,,,Java_none_results.csv
163,196,5,none,none,0.98780149336905,0.6674412756566465,0.9800126295186646,0.8859517286328695,0.701851851851852,,,,,,Java_none_results.csv
181,189,5,none,none,0.994179266902786,0.7684698091815307,0.9916189777408436,0.9299385441866964,0.6628787878787878,,,,,,Java_none_results.csv
181,201,5,none,none,0.9944193373942074,0.7190193114123566,0.992804843075864,0.9510570321366184,0.6972222222222223,,,,,,Java_none_results.csv
181,204,5,none,none,0.9907776220340528,0.5596390469416981,0.9870819156743348,0.913072495909689,0.6363636363636365,,,,,,Java_none_results.csv
181,211,5,none,none,0.9938311187071692,0.7892226231163054,0.9912212762957024,0.9413335261744464,0.676470588235294,,,,,,Java_none_results.csv
181,196,5,none,none,0.9885682408425028,0.647931895899142,0.9812968788931908,0.868114756832072,0.6829268292682926,,,,,,Java_none_results.csv
189,201,5,none,none,0.9934833313704516,0.6790833220305241,0.99046575311912,0.9236870560915196,0.6666666666666666,,,,,,Java_none_results.csv
189,204,5,none,none,0.9911712002045788,0.6507961600068697,0.9868370985711568,0.9355493305409842,0.6499999999999999,,,,,,Java_none_results.csv
189,211,5,none,none,0.9935640918385276,0.7994123061749967,0.9909265438495556,0.9220515290355732,0.6585365853658536,,,,,,Java_none_results.csv
189,196,5,none,none,0.9886661377631064,0.6919305065627976,0.981607504722796,0.9015521421808432,0.6451612903225807,,,,,,Java_none_results.csv
196,204,5,none,none,0.986751874539876,0.5234854758966979,0.9775485186580328,0.8846562729702103,0.6521739130434783,,,,,,Java_none_results.csv
196,201,5,none,none,0.9881146966355804,0.6505668828011932,0.98014081994068,0.894507046124035,0.6176470588235294,,,,,,Java_none_results.csv
201,204,5,none,none,0.993072073326184,0.7148594722747664,0.9895825575372516,0.8653029311942086,0.6273148148148149,,,,,,Java_none_results.csv
201,211,5,none,none,0.9934287934081522,0.7154926243869606,0.9894237290063724,0.935490128915906,0.6585365853658536,,,,,,Java_none_results.csv
196,211,5,none,none,0.9896598658512884,0.7232150778769328,0.9833943516113696,0.8853314775990369,0.6428571428571428,,,,,,Java_none_results.csv
204,211,5,none,none,0.992065806840119,0.6254088856161726,0.9866420491050816,0.8537759413851858,0.6349206349206349,,,,,,Java_none_results.csv
