exp_a,exp_b,trial_id,expertise_a,expertise_b,Shape,Length,Direction,Position,Duration
4,6,2,medium,medium,0.992029314064928,0.7023110296968216,0.9894780370376942,0.9314986273567336,0.6348484848484849
4,14,2,medium,medium,0.9914006091859004,0.6900472004275068,0.988685176146758,0.9232710779186184,0.6614583333333333
4,15,2,medium,medium,0.9919614348341492,0.7846525228937227,0.990259591903886,0.8911938207049112,0.6666666666666667
4,16,2,medium,medium,0.9916231268215634,0.7366543434434578,0.9901900610799608,0.9452773529567022,0.6484553775743708
4,17,2,medium,medium,0.9926911331191186,0.7438830413369517,0.990080033357254,0.9477470073067734,0.6206896551724137
4,18,2,medium,medium,0.9908635882875692,0.7349823313852548,0.9877787142151484,0.9198580623018252,0.6530100334448161
4,20,2,medium,medium,0.9920213235107244,0.7006612929364167,0.9900519085903642,0.9353532428153596,0.6329931972789116
4,24,2,medium,medium,0.993366865935955,0.8151080782163922,0.99200669649255,0.9323363952063386,0.6399999999999999
4,25,2,medium,medium,0.9937252909171106,0.7267174287131654,0.9929254481369836,0.9027118602876688,0.6666666666666666
4,32,2,medium,medium,0.993535961853396,0.7942536358538422,0.9920595424928416,0.9409948457023928,0.6153846153846154
4,33,2,medium,medium,0.9920767221150644,0.7991917171531565,0.9904517312843552,0.9050962382265014,0.6444444444444445
4,40,2,medium,medium,0.9907359326230634,0.719293338768513,0.986702022986928,0.914067713608476,0.6451612903225807
4,42,2,medium,medium,0.9905173149234864,0.7876082465873514,0.9865973183983476,0.9342956464369804,0.6521739130434783
4,50,2,medium,medium,0.9903934714294224,0.7161908898790394,0.987484889655211,0.8951086451491446,0.6470588235294117
4,51,2,medium,medium,0.9927262010275344,0.7065913035695945,0.99027770112498,0.9262265088988756,0.6666666666666667
4,53,2,medium,medium,0.9901516808831328,0.7187945735582973,0.9861063290239436,0.9111434163440794,0.625
4,54,2,medium,medium,0.9910630840984328,0.7712103667585344,0.9861183278896258,0.9138593836813372,0.6106403013182674
4,55,2,medium,medium,0.9931370483318186,0.7575566417307766,0.9915067159251522,0.9412446824624876,0.6129032258064516
4,57,2,medium,medium,0.991100823473922,0.6628482504184637,0.986786144681602,0.9086331901133876,0.632996632996633
4,58,2,medium,medium,0.992080692708393,0.6768842975749775,0.9881823265839096,0.9312214483650512,0.5862068965517242
4,61,2,medium,medium,0.9917405355182938,0.7169768397696654,0.9899201838099774,0.9329717718977072,0.6818181818181819
4,62,2,medium,medium,0.9926447236278771,0.7337076589599615,0.9908818319102752,0.9356127636617604,0.6526175687666371
4,66,2,medium,medium,0.9911073424003318,0.7805908465745899,0.9865335650620064,0.9090096566155856,0.6799999999999999
4,72,2,medium,medium,0.9913101224915012,0.7445675062743204,0.9898424322040632,0.9166043869695734,0.6981132075471699
4,73,2,medium,medium,0.9916529992548296,0.6767709962001249,0.9903052081677044,0.9064523058873962,0.6206896551724137
4,75,2,medium,medium,0.9896257721323384,0.7646541070163929,0.9859754079915376,0.9065693194671824,0.6391489361702127
4,81,2,medium,medium,0.9908238142065188,0.7086778286353621,0.9871390381579928,0.91453538658981,0.644345238095238
4,83,2,medium,medium,0.9921794476804636,0.7751980405250438,0.9898307873129376,0.917582225207243,0.6551724137931034
4,84,2,medium,medium,0.9920454877452812,0.7163663335054361,0.990467440194486,0.9379585720882668,0.6530100334448161
4,88,2,medium,medium,0.9905341313299392,0.7321088543193146,0.9867240854552206,0.932071772310354,0.6521739130434783
4,89,2,medium,medium,0.9932391041746964,0.7186889952205902,0.98997522794036,0.8920067633292477,0.6486486486486487
4,91,2,medium,medium,0.9920859909992892,0.833256544397656,0.9880231824817146,0.9173207455799096,0.5872210953346856
4,97,2,medium,medium,0.9925426927872092,0.7764486524200308,0.990198990974505,0.9127502630349746,0.6190476190476191
4,105,2,medium,medium,0.992181213755296,0.6963071894810668,0.9898511028268544,0.9080662529576616,0.5999999999999999
4,108,2,medium,medium,0.9906139111783634,0.7051599551685237,0.9898050138926034,0.9003330826267759,0.6348484848484849
4,112,2,medium,medium,0.992092841339112,0.7241950988825618,0.989237396704004,0.9033323394920612,0.625
4,115,2,medium,medium,0.992117474440446,0.7206638249927729,0.9895982743381896,0.9276979723311656,0.6923076923076923
4,117,2,medium,medium,0.992183820555549,0.7245551326386135,0.9893441405602984,0.9356184100276652,0.6602564102564102
4,120,2,medium,medium,0.9906781821467312,0.7160053102593854,0.987113139985264,0.9104356653610566,0.6666666666666667
4,125,2,medium,medium,0.9876737964561092,0.6962488140632106,0.9841690155509571,0.9286191896709648,0.6248803827751197
4,135,2,medium,medium,0.9903407248198288,0.6757160005333793,0.9881332498974992,0.8956900180774001,0.6666666666666666
4,142,2,medium,medium,0.9927449326301784,0.7960092611060587,0.9892137196502722,0.9255414590146688,0.6666666666666666
4,143,2,medium,medium,0.9906650157196126,0.8104898224805931,0.9866471394333124,0.9279225905830673,0.593915343915344
4,145,2,medium,medium,0.9913128736808444,0.7338553693408354,0.9898049004382368,0.9480088372861704,0.6394444444444445
4,147,2,medium,medium,0.9928317003058356,0.7259133003496643,0.992419880966586,0.925077795833795,0.6744186046511629
4,151,2,medium,medium,0.9941692769591354,0.6962188590825062,0.9931410353426788,0.9076658489305504,0.6830143540669856
4,155,2,medium,medium,0.9913861806863268,0.7992629323551376,0.9892738952520058,0.9226599352842316,0.6626016260162602
4,158,2,medium,medium,0.9924976993849248,0.7909289775775328,0.9902592674149374,0.9306591752292748,0.6612903225806452
4,168,2,medium,medium,0.992442450378742,0.7034698023623156,0.9896480840305596,0.9220360122642104,0.6666666666666667
4,169,2,medium,medium,0.9895177227544696,0.7891276744393763,0.987800712260953,0.917457627657722,0.6282894736842105
4,171,2,medium,medium,0.9916178250369554,0.7640186913505569,0.9890638858759307,0.8943615360381849,0.5945945945945945
4,185,2,medium,medium,0.9924451293353466,0.7184402914520474,0.9898784612155878,0.9354559974862316,0.6428571428571428
4,190,2,medium,medium,0.9924915442283816,0.784928856249032,0.9888698848172888,0.9270546492513868,0.6053620218579235
4,191,2,medium,medium,0.9912480670818424,0.7263856167467089,0.9891446740180512,0.9181646073555728,0.6578947368421053
4,192,2,medium,medium,0.992982125399956,0.708718557227832,0.9909539736649422,0.876372091227196,0.6461100569259962
4,194,2,medium,medium,0.990795488086288,0.6773967944888644,0.9868351954193428,0.9074898440668552,0.6666666666666667
4,197,2,medium,medium,0.9889995093527628,0.6814794465174675,0.9837391219134712,0.9127535457207494,0.6107503607503608
4,202,2,medium,medium,0.9880210537446836,0.6705625503128264,0.9824774805635844,0.9006309412269781,0.6470588235294117
4,203,2,medium,medium,0.9899033188836308,0.6663831953085122,0.9864642823575888,0.8911318908364287,0.6451612903225807
4,206,2,medium,medium,0.9924852214190136,0.6936875345452256,0.9909245346490104,0.9270160936558024,0.657142857142857
4,207,2,medium,medium,0.9934216186619048,0.6966436351526195,0.9913563472526068,0.9116572651437626,0.6206896551724137
4,210,2,medium,medium,0.9909446807132584,0.6662445482015198,0.9893899852963424,0.938318261765902,0.6546583850931676
4,212,2,medium,medium,0.9914075905528604,0.7207176214256915,0.9891708256986346,0.939047588939078,0.6837662337662338
4,214,2,medium,medium,0.9909833149235804,0.7356525536385009,0.9880320515769768,0.9017665500647116,0.6578947368421053
4,215,2,medium,medium,0.9925949746734256,0.7430598078028758,0.9905320628692564,0.923525941039905,0.6938775510204083
6,14,2,medium,medium,0.993140872426686,0.7370078012251975,0.9901019926819988,0.9502775658144506,0.6956521739130435
6,15,2,medium,medium,0.9919062070855864,0.7488769411360525,0.9901153562817284,0.9370654249515878,0.7000000000000001
6,16,2,medium,medium,0.9912517330183708,0.7456626203913703,0.9877070931714608,0.9318546762886312,0.6708333333333334
6,17,2,medium,medium,0.992180698676706,0.660848732075288,0.989185653559395,0.9025305180739674,0.6896551724137931
6,18,2,medium,medium,0.9905330235199944,0.7236070988805923,0.9847268432596864,0.9209450203504544,0.7096774193548387
6,20,2,medium,medium,0.9926718769234392,0.7046464126602077,0.9913727194796288,0.9156267514780232,0.6510869565217391
6,24,2,medium,medium,0.99361302090245,0.6934214520322521,0.9915601616522736,0.9194005874286236,0.5962962962962963
6,25,2,medium,medium,0.9941875855486824,0.6542441785327138,0.9917908487482562,0.9221492855652034,0.7083333333333334
6,32,2,medium,medium,0.9926511877402964,0.7461194181079647,0.9915015846620046,0.9247355512934048,0.653846153846154
6,33,2,medium,medium,0.9933389443382992,0.7293860486287489,0.990906221856322,0.9086792161133208,0.6521739130434783
6,40,2,medium,medium,0.9904488734878384,0.7387756706069009,0.987271334597017,0.9300749288553476,0.6666666666666666
6,42,2,medium,medium,0.9913296869144392,0.7621502546805102,0.9886518474131004,0.9001598789819731,0.7
6,50,2,medium,medium,0.9905739500416904,0.6914176032153048,0.986476197097192,0.8734582739765305,0.7272727272727273
6,51,2,medium,medium,0.9935100154504594,0.7323479734917362,0.9916185124865348,0.8906858587881559,0.653846153846154
6,53,2,medium,medium,0.9902592189191648,0.7368529032085247,0.9885840463575312,0.915844987941272,0.7
6,54,2,medium,medium,0.991714320554136,0.7596615000323771,0.9897601236913628,0.916136641634862,0.6428571428571428
6,55,2,medium,medium,0.9926068551176452,0.7139541397490516,0.9893613706165044,0.9320933945767992,0.5625
6,57,2,medium,medium,0.992401512760132,0.7714725128704775,0.989534552845253,0.8829340954547514,0.7453703703703703
6,58,2,medium,medium,0.9922755613187304,0.6791020218654407,0.9898314001837922,0.9223114334043478,0.6296296296296298
6,61,2,medium,medium,0.991967758971323,0.726575068349078,0.988075607936726,0.9054448732879116,0.6666666666666666
6,62,2,medium,medium,0.9939047640407042,0.6939123360847297,0.9924228153880532,0.9338441584123808,0.7037037037037037
6,66,2,medium,medium,0.9913711792640452,0.7108677231103017,0.988659883508214,0.883187398705612,0.7083333333333334
6,72,2,medium,medium,0.993067428777598,0.7100887722311605,0.9895141646835476,0.926567943022452,0.75
6,73,2,medium,medium,0.9933707439270488,0.6579409567560773,0.991191878427366,0.9186940958536804,0.7142857142857143
6,75,2,medium,medium,0.9881886318317422,0.7121786178903631,0.9842082131140488,0.8928596784448334,0.619047619047619
6,81,2,medium,medium,0.9905737172163837,0.6862110214551205,0.9848973376331854,0.9135568589436148,0.719375
6,83,2,medium,medium,0.993104812921906,0.6816447835039516,0.990704666309638,0.8982095746872315,0.7037037037037037
6,84,2,medium,medium,0.9934057363779628,0.712268756859664,0.991862419352779,0.9170112194511008,0.7333333333333334
6,88,2,medium,medium,0.9903171817868488,0.7430272844478164,0.9866848908294124,0.9490928193880948,0.7391304347826088
6,89,2,medium,medium,0.9929341094955156,0.6440690114012252,0.9896478216202296,0.8998169825862552,0.6296296296296298
6,91,2,medium,medium,0.9904833843332708,0.7165342743431027,0.984610738421454,0.9225674543276796,0.5454545454545455
6,97,2,medium,medium,0.992457571834974,0.7040085470679055,0.9901601249458856,0.8913378927077289,0.6585365853658536
6,105,2,medium,medium,0.9937305974462004,0.6337120998768626,0.99286211787147,0.949437034118298,0.75
6,108,2,medium,medium,0.993712484195516,0.6652924502580222,0.992619048913399,0.9235195079393524,0.7
6,112,2,medium,medium,0.9937835602046132,0.6632634295264253,0.9918628530871728,0.922217763033398,0.7307692307692308
6,115,2,medium,medium,0.9925350504390048,0.7306811670882758,0.9905207753869548,0.9382859482334078,0.6328626444159178
6,117,2,medium,medium,0.9922831045888828,0.7274959199718825,0.9886259479823252,0.9120860330833006,0.657142857142857
6,120,2,medium,medium,0.9915596294561004,0.671943127281617,0.9875882364026448,0.935657441482664,0.7142857142857142
6,125,2,medium,medium,0.9866386700237366,0.6842601060053366,0.9837175977360584,0.946089183470468,0.7333333333333334
6,135,2,medium,medium,0.990547616314262,0.6471966477856292,0.9862429980068512,0.9056600294985192,0.75
6,142,2,medium,medium,0.9936501267701834,0.751573348838587,0.9913568305704384,0.9165108510908072,0.6923076923076923
6,143,2,medium,medium,0.9875975018834788,0.7130350477612994,0.9824735579779262,0.9257341996678168,0.5517241379310345
6,145,2,medium,medium,0.9920627689441346,0.7301300505460635,0.9917453733393792,0.9252784582345476,0.7453703703703703
6,147,2,medium,medium,0.9933409410027756,0.7048131573096664,0.9920487189756196,0.9406877808942732,0.7500000000000001
6,151,2,medium,medium,0.9943476544487434,0.6137271418128749,0.9929074854045536,0.9495096241545872,0.6666666666666666
6,155,2,medium,medium,0.9904613917647366,0.7301003287035771,0.9872880924237988,0.921366171055296,0.7303030303030303
6,158,2,medium,medium,0.992966181316524,0.7330714937934658,0.9892947934977264,0.9373900232653368,0.6153846153846154
6,168,2,medium,medium,0.9918173420494514,0.6346706876073944,0.9884596672445,0.9204749828508028,0.7037037037037037
6,169,2,medium,medium,0.9901350448565654,0.7357945222543436,0.987179528310028,0.9280520791167988,0.7142857142857142
6,171,2,medium,medium,0.9915001480590762,0.7338238777555112,0.9887175540322194,0.9111840189861394,0.5945945945945945
6,185,2,medium,medium,0.9927943325137482,0.6869181604585617,0.9913296004370162,0.9565461961893644,0.6929280397022333
6,190,2,medium,medium,0.9930739941566928,0.7149333282655894,0.9907478853136422,0.8974450619371767,0.5962962962962963
6,191,2,medium,medium,0.9901729120710238,0.7286860928564494,0.9865593076766048,0.9060892772146658,0.6444444444444445
6,192,2,medium,medium,0.993247163194205,0.7423982538737384,0.9895836943238234,0.916301662991716,0.6542119565217391
6,194,2,medium,medium,0.9908018793649298,0.6175477203864905,0.9861045066374254,0.92162374807559,0.7142857142857143
6,197,2,medium,medium,0.98951629546858,0.6700355068989842,0.9883556203044248,0.9182553091531936,0.6363636363636365
6,202,2,medium,medium,0.988453830387995,0.6434885192439627,0.9802166864968582,0.8962938590497936,0.6585365853658536
6,203,2,medium,medium,0.9910066977601272,0.7341234655953446,0.9871017374653106,0.9221264952039656,0.75
6,206,2,medium,medium,0.9942159084665096,0.7089427889028859,0.992657856872779,0.9245414489833562,0.7407407407407407
6,207,2,medium,medium,0.9934977601812734,0.6744948185458076,0.99129900526255,0.91153103496822,0.6799999999999999
6,210,2,medium,medium,0.9922151649342577,0.7056715835851346,0.9898080469788276,0.9444933416748434,0.6956521739130435
6,212,2,medium,medium,0.9930623302199262,0.6175254181346499,0.99188675117365,0.9534818992365304,0.7307692307692308
6,214,2,medium,medium,0.9916336935694732,0.6935918694187175,0.9876126942773804,0.9262430683760748,0.75
6,215,2,medium,medium,0.9928194967939126,0.694753755471224,0.9895703725347264,0.8601780863154185,0.6511627906976745
14,15,2,medium,medium,0.9918925066499428,0.6267156353022638,0.9899547149034832,0.8704561539675993,0.6666666666666666
14,16,2,medium,medium,0.99230584365324,0.6767940875902114,0.9905428648753152,0.9493327634031647,0.6521739130434783
14,17,2,medium,medium,0.9936197212680156,0.6883851469443194,0.9903199832855104,0.9234754116553516,0.7142857142857143
14,18,2,medium,medium,0.9907655331630932,0.7195935827804392,0.9876326497706428,0.9134673160176742,0.657142857142857
14,20,2,medium,medium,0.9937570627617912,0.7122725157335048,0.9912949003510978,0.919912411488742,0.6141439205955335
14,24,2,medium,medium,0.99410451719827,0.733264477230475,0.991672194700077,0.8962948188324718,0.6071428571428572
14,25,2,medium,medium,0.993628892167986,0.6844430316650183,0.9915169963414788,0.9335364536518096,0.676470588235294
14,32,2,medium,medium,0.992493390351196,0.7060674031059968,0.9920276275546428,0.9442827668347894,0.6543290043290042
14,33,2,medium,medium,0.992395428716682,0.6808315294207877,0.9888103611001772,0.8968283759172355,0.657142857142857
14,40,2,medium,medium,0.9903565369941528,0.7764078758648187,0.9862422608837392,0.9286937944961016,0.6666666666666666
14,42,2,medium,medium,0.9916498539799714,0.7710771037284687,0.9876764808123968,0.9307881855816084,0.6733333333333333
14,50,2,medium,medium,0.9915574346844548,0.6612757076347726,0.9878292607698906,0.8743289640881191,0.7124060150375939
14,51,2,medium,medium,0.9938962136348762,0.7494147451124136,0.991174502448539,0.8879140795651115,0.6164383561643836
14,53,2,medium,medium,0.98910219913167,0.7370515846572363,0.9855614368131792,0.912673796200562,0.6809090909090909
14,54,2,medium,medium,0.99066174381228,0.736777209612776,0.9865705693695664,0.8851703135217409,0.6216216216216217
14,55,2,medium,medium,0.9918548720335044,0.7169855236845346,0.9877166611528864,0.9382850211011042,0.603448275862069
14,57,2,medium,medium,0.9920448928587982,0.7133094606569939,0.990072156209707,0.8419358731831051,0.6923076923076923
14,58,2,medium,medium,0.993474660612353,0.6533263436518064,0.9912484242523926,0.9280309026463596,0.5633218982275585
14,61,2,medium,medium,0.9921624093492016,0.6914114545768703,0.990619630915746,0.9064690508815316,0.6828571428571428
14,62,2,medium,medium,0.9926094962928804,0.5997436074870202,0.9908904189907928,0.9435126579774984,0.7041666666666667
14,66,2,medium,medium,0.9928506347530186,0.685326653410236,0.98998562576046,0.8914245905559808,0.6842105263157894
14,72,2,medium,medium,0.9921186745041856,0.6866167800250742,0.9901724837712926,0.9117765476283848,0.6799999999999999
14,73,2,medium,medium,0.9930588978351248,0.6666620596110273,0.9917826897626448,0.9221940866593809,0.6809090909090909
14,75,2,medium,medium,0.989490356469824,0.7211490742354325,0.9840333782794192,0.9116634564206996,0.6486486486486487
14,81,2,medium,medium,0.9915604268516908,0.647172891565291,0.9893282411358556,0.9197625245231316,0.6363636363636365
14,83,2,medium,medium,0.9926683582804556,0.6942159685585937,0.9895611696861576,0.9058974966664654,0.6578947368421053
14,84,2,medium,medium,0.9936756147927832,0.652547005722783,0.9923836267200228,0.9220403680786474,0.657142857142857
14,88,2,medium,medium,0.9910683081707528,0.6712695359799901,0.9883054656759572,0.9483299947542432,0.6969696969696969
14,89,2,medium,medium,0.9935029973671768,0.6581584316412991,0.9913370535763866,0.9123506322974296,0.6410256410256411
14,91,2,medium,medium,0.9911130032292071,0.693194277676703,0.9866697758443274,0.920270402555082,0.5903263403263403
14,97,2,medium,medium,0.9929048545603344,0.6517192002871267,0.9900157752125665,0.9114221560878046,0.6515151515151514
14,105,2,medium,medium,0.9929063003982984,0.7255944166586841,0.9907609821588536,0.9599080342847112,0.6939799331103679
14,108,2,medium,medium,0.9929373108712272,0.7089522129228256,0.9930924468467576,0.9119235491694492,0.6381818181818182
14,112,2,medium,medium,0.9931816452782158,0.6738037933440133,0.9909328280946192,0.9300150055924556,0.6578947368421053
14,115,2,medium,medium,0.9934527839699876,0.7119240544762027,0.9911060550757878,0.9541416127475026,0.6818181818181819
14,117,2,medium,medium,0.9920162211576792,0.6630077145605182,0.9898191654737252,0.92025712106351,0.6032786885245902
14,120,2,medium,medium,0.992119480858528,0.7120436714757986,0.98905995650941,0.9358835032346942,0.6521739130434783
14,125,2,medium,medium,0.9881457888562124,0.6559092999184994,0.9833630461665784,0.9433924447537316,0.7
14,135,2,medium,medium,0.990344260659782,0.6702382824298191,0.98543771396275,0.9255579777969724,0.7
14,142,2,medium,medium,0.9928339932182434,0.7351266085172763,0.9915050234689168,0.9269497168297218,0.6821052631578948
14,143,2,medium,medium,0.9913143370624588,0.7799305433057941,0.9868142246334822,0.9229132710703574,0.6129032258064516
14,145,2,medium,medium,0.9922856953261828,0.7491228658667198,0.9899328575257031,0.8822842548507237,0.6818181818181819
14,147,2,medium,medium,0.9933682431916916,0.6450236389849653,0.9929920155020912,0.9485887494068652,0.6521739130434783
14,151,2,medium,medium,0.9943136332308392,0.6125074944965345,0.9930684519742452,0.9319963292965802,0.6666666666666666
14,155,2,medium,medium,0.991744870107258,0.7231334434640042,0.9895429834891892,0.9240294939061444,0.6666666666666666
14,158,2,medium,medium,0.992560607007178,0.7345521458759785,0.9896602107372404,0.9449384436399288,0.6287683031869079
14,168,2,medium,medium,0.992572148505428,0.6398029724712555,0.9889751641496974,0.9174925997249408,0.6521739130434783
14,169,2,medium,medium,0.9905362941314132,0.7046249232189823,0.9879868104358016,0.9175846344551294,0.7142857142857142
14,171,2,medium,medium,0.9918982805866662,0.6642686303045304,0.9892561223735532,0.9218710912234906,0.60421888053467
14,185,2,medium,medium,0.9931382935238248,0.7441900970520174,0.9925428708215788,0.9510874094771454,0.6787096774193548
14,190,2,medium,medium,0.9924903965222284,0.7220292584796683,0.9889278026936524,0.9141224011179132,0.6511627906976745
14,191,2,medium,medium,0.990386271712659,0.7445144171068342,0.9879398117380164,0.9139068676566782,0.649616368286445
14,192,2,medium,medium,0.993623833825135,0.6359431592836431,0.9922229768983104,0.9008889531630012,0.6585365853658536
14,194,2,medium,medium,0.9908535329878996,0.6470222067025644,0.986392871818168,0.9093704124897845,0.6666666666666667
14,197,2,medium,medium,0.9902589674120224,0.6824533685159478,0.9854464253168936,0.9203174242328984,0.6153846153846154
14,202,2,medium,medium,0.9880430200483648,0.6475025995152895,0.9805935970843898,0.914570572769808,0.6561576354679802
14,203,2,medium,medium,0.990468860772974,0.6267984443745613,0.9883923407562688,0.9266291418701128,0.6666666666666667
14,206,2,medium,medium,0.9935822233615472,0.6904557870197217,0.9923707036669625,0.9426913374274436,0.6801948051948052
14,207,2,medium,medium,0.9935638851021512,0.6251692902016874,0.99222049599065,0.9037202028388504,0.6666666666666666
14,210,2,medium,medium,0.9921939282200088,0.7138890724107733,0.9905890511964922,0.924510264019583,0.6984848484848485
14,212,2,medium,medium,0.9924295809648686,0.6723187667392773,0.9919781303979522,0.9408485248456976,0.6363636363636364
14,214,2,medium,medium,0.9913163951872812,0.6793181222080793,0.989060208742052,0.9421004415837618,0.6976744186046512
14,215,2,medium,medium,0.9923346724729653,0.6397261771738098,0.9897526908295448,0.8538776106778204,0.676470588235294
15,16,2,medium,medium,0.991889621391863,0.7584604198004453,0.9883670445257472,0.8973080133597255,0.6666666666666665
15,17,2,medium,medium,0.9927240985824164,0.7790583583933238,0.9892588672916984,0.8692142891682394,0.6700680272108844
15,18,2,medium,medium,0.98969162013848,0.7171569834324083,0.9853272131657812,0.909974747687904,0.676944971537002
15,20,2,medium,medium,0.9925135835033336,0.7311147197438095,0.9905795963494222,0.8669067332715998,0.6339712918660287
15,24,2,medium,medium,0.9929452223844676,0.7598050902612904,0.9908469783323576,0.8748974958436078,0.6018867924528302
15,25,2,medium,medium,0.9934420783273508,0.6393867018611135,0.9911169473627136,0.9110569968113312,0.65625
15,32,2,medium,medium,0.992900582119104,0.7707101943987062,0.9893566849342909,0.889682488660984,0.6778378378378379
15,33,2,medium,medium,0.9922415150608304,0.7303593450969235,0.9886888903797214,0.8906455366776863,0.6551724137931034
15,40,2,medium,medium,0.9897546756036928,0.6982598156504605,0.98659881662192,0.8712516620318285,0.695048309178744
15,42,2,medium,medium,0.9904710671733222,0.6668516013871149,0.9883425485119632,0.8850306335209102,0.7078252032520326
15,50,2,medium,medium,0.990707883011138,0.695677687230537,0.9876511509884096,0.8707519118551686,0.7058823529411764
15,51,2,medium,medium,0.991616206703648,0.6792596795846362,0.9890265610468104,0.8742992301687973,0.6
15,53,2,medium,medium,0.9897553189392408,0.7260754800130687,0.985286621861127,0.93725603476477,0.7
15,54,2,medium,medium,0.9889028444034896,0.7887428994476909,0.9826440180510532,0.8807425848511161,0.6568544995794785
15,55,2,medium,medium,0.992895848520975,0.7234486056074503,0.9903974763425886,0.911714543869868,0.6
15,57,2,medium,medium,0.9906772524515216,0.7145626993987193,0.985930013965608,0.8826304375425518,0.7453703703703703
15,58,2,medium,medium,0.9927166833128146,0.7103281185995967,0.9900429980411988,0.883228326918067,0.6379310344827586
15,61,2,medium,medium,0.9921288485937372,0.7109882202506469,0.9910589726717955,0.9099126432840108,0.7236363636363636
15,62,2,medium,medium,0.992221359330002,0.7453808194151439,0.9905629491895062,0.930847937429439,0.6956521739130435
15,66,2,medium,medium,0.9891607068596806,0.7109771712529146,0.9804245624921084,0.8540660041399804,0.6666666666666666
15,72,2,medium,medium,0.9921041702149792,0.6788075976928185,0.9897266828329068,0.9002621330515748,0.6939799331103679
15,73,2,medium,medium,0.9927581893973748,0.6344733553334811,0.990584709961192,0.8928913111576697,0.7083333333333334
15,75,2,medium,medium,0.9894459446101592,0.742149212598477,0.984465186608846,0.9020890524921628,0.6052631578947368
15,81,2,medium,medium,0.9914972629153888,0.7279659976112437,0.987660941468086,0.8544272653373318,0.6666666666666666
15,83,2,medium,medium,0.9926356581057856,0.7176222049958508,0.9905774449909313,0.8771129049535116,0.7142857142857142
15,84,2,medium,medium,0.9923275340282082,0.7220171781647442,0.9907991573327858,0.905586080223878,0.6818181818181819
15,88,2,medium,medium,0.9895825211410524,0.6966521529400307,0.9851414647598342,0.8793142218607913,0.6956521739130435
15,89,2,medium,medium,0.9932141532114004,0.7362883356793584,0.991437380347594,0.8799343425484103,0.6666666666666667
15,91,2,medium,medium,0.9907165158325064,0.7864072971606447,0.985909346361193,0.8962553927787255,0.5882352941176471
15,97,2,medium,medium,0.9926987278312772,0.7516074683376224,0.9892979876899471,0.9265506807586278,0.6412675374939527
15,105,2,medium,medium,0.9926977822162656,0.6705047600787126,0.9911660728413616,0.8876995506949618,0.72
15,108,2,medium,medium,0.991431294098655,0.7079736028396317,0.9885848251989704,0.9038765657249624,0.6666666666666666
15,112,2,medium,medium,0.9925710424602798,0.6667927529895141,0.9922646507601698,0.9163447640054326,0.6666666666666667
15,115,2,medium,medium,0.9922454361986752,0.6743807660073464,0.989614037059746,0.8837766854773522,0.6956521739130435
15,117,2,medium,medium,0.9911982645278216,0.6990718551647237,0.9886376912495988,0.9187282565574996,0.6499999999999999
15,120,2,medium,medium,0.9901889493334204,0.6878688964605666,0.9863898839532964,0.9421683577330648,0.6963109354413702
15,125,2,medium,medium,0.9876418768072496,0.7007344564542907,0.9817033011035116,0.871305237676141,0.736842105263158
15,135,2,medium,medium,0.9907526256770396,0.6606420225978746,0.9874014713519722,0.8914518147308474,0.6774193548387097
15,142,2,medium,medium,0.9931844421892224,0.684557312364593,0.9907594518382996,0.9022640920297796,0.6888888888888889
15,143,2,medium,medium,0.9913133864297964,0.7882361928896784,0.9876418442768754,0.8479424345698238,0.5094339622641509
15,145,2,medium,medium,0.9915630289275614,0.6849742593117942,0.9900704071579676,0.936041430522794,0.7165178571428571
15,147,2,medium,medium,0.9933999437750908,0.7109622534726984,0.992413317794293,0.8994210214032753,0.7000000000000001
15,151,2,medium,medium,0.9940838490973418,0.6442955721873442,0.9930141144851324,0.9037460557503731,0.676470588235294
15,155,2,medium,medium,0.9901224537224952,0.7559630146848166,0.986058243393106,0.9168863603619531,0.6923076923076923
15,158,2,medium,medium,0.991064693985994,0.6978228796366452,0.9878884521010238,0.8946499450003924,0.6303921568627451
15,168,2,medium,medium,0.9919650727095496,0.6351465753069907,0.9882893223933764,0.8762891098332486,0.6956521739130435
15,169,2,medium,medium,0.9896876379969912,0.6911725650582294,0.986807470694898,0.937937677637022,0.6923076923076923
15,171,2,medium,medium,0.991805767042563,0.728385066610689,0.9899198229676726,0.8812028010420093,0.59375
15,185,2,medium,medium,0.992899683753543,0.7118752802198236,0.9896701631213496,0.9518552519045334,0.6666666666666666
15,190,2,medium,medium,0.9925446411336416,0.7165649537765286,0.9891936707248002,0.8247140517431565,0.6015873015873016
15,191,2,medium,medium,0.9898050639617796,0.7767342785572064,0.9853774774745376,0.8897852834331076,0.657142857142857
15,192,2,medium,medium,0.992777947807306,0.6673470753078559,0.99045833210606,0.8579245368277308,0.6428571428571428
15,194,2,medium,medium,0.9912265229851966,0.6595815812761199,0.9881719098642284,0.9097536956305812,0.7037037037037037
15,197,2,medium,medium,0.9906994838678812,0.7475516525496789,0.986310643324096,0.8757569944137413,0.6125740618828176
15,202,2,medium,medium,0.988168885292552,0.6424625862441252,0.9822080818685894,0.8596972964393175,0.65625
15,203,2,medium,medium,0.9892545371432936,0.7068565486407591,0.9833774489084394,0.8950806405699182,0.6853535353535354
15,206,2,medium,medium,0.9929668179070468,0.6811346895014134,0.9920754524535212,0.8881944732165732,0.7000000000000001
15,207,2,medium,medium,0.9925866668709558,0.658584775507,0.9901060678249552,0.9175702153584068,0.6666666666666667
15,210,2,medium,medium,0.9912467963941513,0.7258926501431546,0.9882052425160333,0.9153318929380344,0.6666666666666666
15,212,2,medium,medium,0.9922232363751916,0.7043069880711772,0.9900429216836544,0.9341216506455442,0.701851851851852
15,214,2,medium,medium,0.9913435123535304,0.72015780143254,0.9895406593677808,0.8941477255437,0.7350877192982457
15,215,2,medium,medium,0.9921814517668543,0.7375884620340436,0.9890427474796064,0.8828397179027442,0.6666666666666667
16,17,2,medium,medium,0.9923138629251956,0.6659485516367991,0.990770717679159,0.9351654219853558,0.6792857142857143
16,18,2,medium,medium,0.989084934721645,0.6955291303630118,0.9854270948577846,0.9109539788356767,0.6666666666666666
16,20,2,medium,medium,0.9926281482561808,0.7327192709894806,0.9887971238102432,0.9419612951314132,0.6754443712969059
16,24,2,medium,medium,0.9934853731980464,0.708767768798743,0.9898809097390155,0.8943995875017875,0.6222260157050187
16,25,2,medium,medium,0.9930905437928808,0.6658790648320235,0.9914515487740208,0.9453142764468232,0.6521739130434783
16,32,2,medium,medium,0.9928107852729414,0.7532777691594121,0.9897123264110838,0.947876706210062,0.6666666666666666
16,33,2,medium,medium,0.9919417787139828,0.7511216328774659,0.9882397909273034,0.9201457109540208,0.6399999999999999
16,40,2,medium,medium,0.9891870504931728,0.714328790634807,0.9853763372680856,0.9370384645337154,0.6666666666666667
16,42,2,medium,medium,0.9903304147708036,0.638963571411492,0.98855116071531,0.9080643016403542,0.6809090909090909
16,50,2,medium,medium,0.9901783260123488,0.7170971051398505,0.9882376532107198,0.8899908037431614,0.7037037037037037
16,51,2,medium,medium,0.992615325880228,0.6784513284554169,0.9903398635441258,0.9226912963142296,0.6285714285714284
16,53,2,medium,medium,0.9889029974991328,0.7181824686982747,0.9838293161475656,0.9243359115339184,0.655048076923077
16,54,2,medium,medium,0.9902249154985152,0.697727020503379,0.9864771589903776,0.9010667050498729,0.6326530612244898
16,55,2,medium,medium,0.9917572534683304,0.7371876059863092,0.9879296722536632,0.9421514052001568,0.5769230769230769
16,57,2,medium,medium,0.991724161010672,0.6293505799989583,0.9903587713481148,0.8877033561959522,0.6666666666666667
16,58,2,medium,medium,0.9923666105605626,0.7326291955913524,0.9891988355935928,0.93263260444122,0.6363636363636365
16,61,2,medium,medium,0.9914175553139276,0.6886573498310815,0.9872434504955564,0.9235909331732186,0.6666666666666667
16,62,2,medium,medium,0.9918733075662828,0.6638120009723336,0.9888613649389348,0.9113235703361156,0.6363636363636365
16,66,2,medium,medium,0.9911412119275008,0.6347561080849862,0.9877305640634336,0.89837517062105,0.6363636363636365
16,72,2,medium,medium,0.9907505609778436,0.699989550666315,0.9888906662883308,0.9209311168836444,0.7
16,73,2,medium,medium,0.9924074395893796,0.684373271066266,0.9902591420991964,0.9245778434762888,0.6818181818181819
16,75,2,medium,medium,0.9899273125766658,0.7465251023191382,0.9851051780567486,0.9061830443441458,0.6306122448979591
16,81,2,medium,medium,0.991336663132518,0.7133349309208604,0.9877787876484836,0.903911589451894,0.6666666666666666
16,83,2,medium,medium,0.9915915741664634,0.7218707070387631,0.9885952011376432,0.9244112994959356,0.7027027027027026
16,84,2,medium,medium,0.9924071299294572,0.7105814160669692,0.9901278768589626,0.925355929348978,0.6521739130434783
16,88,2,medium,medium,0.9900364742206148,0.6078546966009873,0.9857674263595074,0.9349168639627576,0.6666666666666666
16,89,2,medium,medium,0.9919311428905684,0.6743365891809877,0.9893534342481528,0.9180042645775056,0.5999999999999999
16,91,2,medium,medium,0.9904637240122464,0.7240728039369304,0.986703446976712,0.912206667106694,0.5925925925925926
16,97,2,medium,medium,0.9918070820332532,0.7120988370578931,0.9894598285072695,0.9324087922165482,0.6206896551724137
16,105,2,medium,medium,0.9907870207699674,0.665853420322267,0.986575770978902,0.9548483600972708,0.6779953917050692
16,108,2,medium,medium,0.9921342520559442,0.7167066130487199,0.9900333679486008,0.9140047520695816,0.6666666666666665
16,112,2,medium,medium,0.9926595523056684,0.6755506571311762,0.9929644876834784,0.9197270192526104,0.6708333333333334
16,115,2,medium,medium,0.9916797898411924,0.6981993027693203,0.990529357931699,0.9672351338857074,0.6521739130434783
16,117,2,medium,medium,0.9903726030364964,0.7175846345976373,0.9874402072881804,0.9233810247204494,0.6666666666666666
16,120,2,medium,medium,0.9913179716461004,0.7483765804981,0.9894459889240368,0.935533964893572,0.7142857142857143
16,125,2,medium,medium,0.9885458499834456,0.6085594961699738,0.9852299998557648,0.9312683527550684,0.7000000000000001
16,135,2,medium,medium,0.9904883632755078,0.6752195407607364,0.9882062891388376,0.901051671049506,0.6818181818181819
16,142,2,medium,medium,0.9925062207444184,0.7089277286759788,0.9909137136639548,0.9299239840493776,0.6818181818181819
16,143,2,medium,medium,0.9900266566565412,0.666907537625314,0.9867037504890376,0.9063998679731612,0.5675675675675677
16,145,2,medium,medium,0.9926580077669316,0.733951488263153,0.9906182432493844,0.8901543251206019,0.6666666666666667
16,147,2,medium,medium,0.9930825220795464,0.7227531198562624,0.992240869052837,0.9348621870994336,0.6666666666666667
16,151,2,medium,medium,0.9933542640709104,0.6579330276946633,0.9920275402122792,0.9185440297645492,0.6478537360890302
16,155,2,medium,medium,0.990912217450164,0.7243179727692843,0.9875546298178528,0.9244749787655884,0.6920498084291188
16,158,2,medium,medium,0.9922243668310324,0.7225280990887765,0.988295723742578,0.9271468940749684,0.6399999999999999
16,168,2,medium,medium,0.9925586279740872,0.6293183038992827,0.9895960758236964,0.9217171562273526,0.6666666666666667
16,169,2,medium,medium,0.9897541282709498,0.7219605773158537,0.9876010313552248,0.9044923981125204,0.6363636363636364
16,171,2,medium,medium,0.9916755339579268,0.6480933317388553,0.988873582118793,0.9271723627457316,0.5849056603773586
16,185,2,medium,medium,0.9927545864330865,0.6700234144211629,0.9901892189601034,0.93223728621787,0.6274509803921569
16,190,2,medium,medium,0.9921591794233684,0.6368864580765503,0.9885354791324956,0.919796199386954,0.625
16,191,2,medium,medium,0.9908369404493196,0.7092063688362475,0.9864869689664194,0.9329401756630192,0.6500600240096038
16,192,2,medium,medium,0.9928398381469998,0.7310200396129451,0.9908350335549254,0.9133934956996916,0.6666666666666666
16,194,2,medium,medium,0.989945878345731,0.7000873199213019,0.9851199473648988,0.905750708274256,0.6666666666666665
16,197,2,medium,medium,0.9904588996980556,0.7297041437067215,0.9886497228731398,0.923089603449709,0.625
16,202,2,medium,medium,0.987872303098806,0.6751315656354364,0.9822108197699656,0.9158742483153448,0.6666666666666666
16,203,2,medium,medium,0.9906995182332664,0.6948955750594277,0.9878629539823396,0.9122631636012448,0.6857142857142857
16,206,2,medium,medium,0.9931332647017452,0.7143145517265702,0.9917715491860156,0.9369835392167456,0.7
16,207,2,medium,medium,0.9929785226434292,0.6823029321498268,0.9907814988669456,0.9352916177577524,0.6376262626262627
16,210,2,medium,medium,0.9914571496027405,0.7045169055220154,0.9891570448523695,0.929959248779327,0.6909722222222222
16,212,2,medium,medium,0.9907616420806058,0.6988286561437766,0.9897715165421056,0.9213006339243694,0.6666666666666667
16,214,2,medium,medium,0.9908655985569026,0.7058839447960081,0.9858133664064732,0.927851123637016,0.6818181818181819
16,215,2,medium,medium,0.991583182599144,0.7449554864023749,0.9887053227444106,0.8855566935814758,0.649616368286445
17,18,2,medium,medium,0.9916055893427012,0.7105421198862409,0.9895050784078936,0.9200472295008494,0.6818181818181819
17,20,2,medium,medium,0.9927977791440648,0.7204715878296422,0.9909790302507094,0.9353095485183576,0.6136363636363636
17,24,2,medium,medium,0.993496113389912,0.7407211543563814,0.9902686929055088,0.933499809086224,0.5833333333333333
17,25,2,medium,medium,0.9935257095329402,0.7068517737986784,0.991705199202981,0.8841788343281743,0.7083333333333334
17,32,2,medium,medium,0.9934396777203792,0.7378664406776925,0.991101782327003,0.9246371983212762,0.6486486486486487
17,33,2,medium,medium,0.99223473592032,0.7130259617776573,0.9907265973199052,0.9021557738879084,0.6526175687666371
17,40,2,medium,medium,0.9909629852329688,0.7769062309691698,0.9892330894987054,0.9389905191340304,0.6956521739130435
17,42,2,medium,medium,0.990620798118046,0.7029535508209113,0.9876966880081236,0.9115267899750712,0.7307692307692308
17,50,2,medium,medium,0.9915707121614424,0.7262370799361206,0.9887345431848126,0.915077567384443,0.7083333333333334
17,51,2,medium,medium,0.9929660965517813,0.7338226032104571,0.9923536122208376,0.9288590565168828,0.6733333333333333
17,53,2,medium,medium,0.9900373042577786,0.7311842113842248,0.9858131954252524,0.9203142208190652,0.7
17,54,2,medium,medium,0.9921570065349,0.7586781436018413,0.9893493677506376,0.9140915727358064,0.6341463414634145
17,55,2,medium,medium,0.9931118942878836,0.7541039335816333,0.990274290547531,0.9506147249467072,0.5681818181818182
17,57,2,medium,medium,0.9924591531345728,0.7286073977029244,0.9896956091525306,0.915555089797636,0.7220689655172413
17,58,2,medium,medium,0.9922130242427144,0.6817199748757667,0.9897338190175532,0.9174872545105636,0.6785714285714286
17,61,2,medium,medium,0.991852018442278,0.6776099267618511,0.991428554103006,0.9046609935803054,0.7297297297297298
17,62,2,medium,medium,0.9936921916856436,0.7045395596934638,0.9904906082043452,0.8926471031940628,0.6846590909090908
17,66,2,medium,medium,0.9915388326315528,0.6837712396931259,0.9874997470195276,0.9243379512221984,0.7083333333333334
17,72,2,medium,medium,0.9923800432551538,0.6946677588842207,0.9897663389563124,0.896446268211246,0.7350877192982457
17,73,2,medium,medium,0.992825798051124,0.657835368095294,0.9910156834240436,0.8840294936791568,0.6743762993762995
17,75,2,medium,medium,0.9890334796818322,0.7442165703760097,0.9842891329056108,0.8969603748076378,0.6206896551724137
17,81,2,medium,medium,0.991787928555099,0.7867766434149429,0.9882948774741248,0.919624737408372,0.647240990990991
17,83,2,medium,medium,0.9927538073761998,0.736799415496662,0.9905281378750296,0.9176286163737972,0.7
17,84,2,medium,medium,0.9930161402559596,0.7034765581285034,0.9909955415803982,0.9207494725210408,0.7
17,88,2,medium,medium,0.990955891029142,0.6757248453648761,0.9877825069348288,0.9120063766697344,0.7231800766283525
17,89,2,medium,medium,0.9934620601819338,0.663857636647392,0.9909930111486676,0.8974483824601894,0.6458333333333333
17,91,2,medium,medium,0.9918245845778412,0.7359251412373065,0.9876387855624016,0.9127318472750824,0.5757575757575757
17,97,2,medium,medium,0.9934086510704936,0.7715324454473709,0.9906441921099376,0.9170253370631782,0.653846153846154
17,105,2,medium,medium,0.9921829531742198,0.6112925178496109,0.9899108405080362,0.9171942438554016,0.7338056680161944
17,108,2,medium,medium,0.9926047321618274,0.6069513957737891,0.989661234005773,0.925849038972697,0.7
17,112,2,medium,medium,0.99267642743443,0.6867813648674717,0.9893812346458958,0.8824931488099999,0.6984848484848485
17,115,2,medium,medium,0.9926193875353942,0.6506626380066088,0.9884090538611484,0.9377099995328916,0.6407624633431086
17,117,2,medium,medium,0.9924595346886498,0.730265173327792,0.9879425221881998,0.9288104515085824,0.6774193548387097
17,120,2,medium,medium,0.991336939677254,0.777495193947931,0.987836223719025,0.9105659953194652,0.6807491289198606
17,125,2,medium,medium,0.9893535196302496,0.6892574416853291,0.984328361091961,0.9084622771384332,0.7083333333333334
17,135,2,medium,medium,0.990634590835716,0.6824933689028566,0.9866166892768932,0.898825670449803,0.7272727272727273
17,142,2,medium,medium,0.994157642779145,0.7320481495470601,0.9913530282087872,0.9161256251204968,0.6666666666666667
17,143,2,medium,medium,0.9924317718637046,0.6734346593160618,0.9896040697940088,0.9284205003664806,0.5365853658536585
17,145,2,medium,medium,0.9922495177633764,0.6852935734773555,0.989443604010572,0.9606405520628888,0.7272727272727273
17,147,2,medium,medium,0.9937638937982782,0.7715880639757914,0.9913523134501244,0.9034679737037908,0.7182539682539683
17,151,2,medium,medium,0.993980269865054,0.6233021037890841,0.9916263943595438,0.9091914418018364,0.7142857142857142
17,155,2,medium,medium,0.991439781936894,0.7462990246221076,0.9894818508342664,0.9189879506631318,0.7
17,158,2,medium,medium,0.9925323043476454,0.7512202702617514,0.9902337084823758,0.944450258209522,0.6086956521739131
17,168,2,medium,medium,0.992728912071267,0.7181488148897194,0.9897068713691436,0.9143594543552804,0.736842105263158
17,169,2,medium,medium,0.990236409549266,0.6971652590160504,0.9863668227909432,0.8919812660059802,0.6923076923076923
17,171,2,medium,medium,0.9925849771903604,0.7381562446014098,0.9894909311186938,0.9040519653948896,0.5666666666666667
17,185,2,medium,medium,0.9930448992926536,0.6812635463690492,0.9895799929371454,0.9491616329744008,0.6792452830188679
17,190,2,medium,medium,0.9924231460683712,0.7007661736818831,0.9892183846456662,0.9323005906808652,0.6296296296296298
17,191,2,medium,medium,0.9908773891763508,0.7336919602003769,0.9877666952400892,0.9170308143094116,0.6774193548387097
17,192,2,medium,medium,0.9939283425034636,0.7529832520499963,0.9919547390335388,0.8803926717486087,0.6666666666666667
17,194,2,medium,medium,0.9914946726472588,0.6824178584917482,0.9867880295100832,0.8748606002578343,0.6976744186046512
17,197,2,medium,medium,0.990303112380466,0.7035670415264679,0.9871552574676628,0.9013030594987104,0.6461100569259962
17,202,2,medium,medium,0.9888783104184948,0.6941259639163415,0.9829453652477306,0.8905276957647288,0.6666666666666666
17,203,2,medium,medium,0.989883561778206,0.6228308424855442,0.9862963661773408,0.8688379873774963,0.7055180180180181
17,206,2,medium,medium,0.993612492775685,0.6866280875968857,0.9922716306279352,0.9081700624366346,0.736842105263158
17,207,2,medium,medium,0.9939181813735036,0.6903879446514434,0.9918197281710388,0.8982267356502903,0.6666666666666665
17,210,2,medium,medium,0.9925796736029668,0.6724156043975854,0.9889781067844658,0.9347312286205114,0.6809090909090909
17,212,2,medium,medium,0.992803111875516,0.7297148491202678,0.9917877030930295,0.9283235811520092,0.72
17,214,2,medium,medium,0.9905164312399364,0.6888509044090716,0.9877728276248248,0.8963904706372112,0.7083333333333334
17,215,2,medium,medium,0.9922165164825176,0.7438166267503612,0.9899351333963224,0.9079881509068332,0.6866071428571429
18,20,2,medium,medium,0.9907387033896068,0.6947993053787229,0.9858463365212262,0.8912833706558938,0.6428571428571428
18,24,2,medium,medium,0.991268673930796,0.7168129020647434,0.9887433873550652,0.9423422114434856,0.606060606060606
18,25,2,medium,medium,0.9917470770704586,0.7241314388777373,0.989155280234744,0.8786747637268943,0.676470588235294
18,32,2,medium,medium,0.990971597453666,0.6605691151898528,0.9859105886311692,0.9244977907063407,0.6923076923076923
18,33,2,medium,medium,0.9902707198805276,0.6775173089350299,0.9882309253427548,0.900044121735145,0.6846590909090908
18,40,2,medium,medium,0.988922669040736,0.7316782593379128,0.9865422819649192,0.9070394935765278,0.6818181818181819
18,42,2,medium,medium,0.9887754691956868,0.7056090950127685,0.9845434362881662,0.9369437423441516,0.7096774193548387
18,50,2,medium,medium,0.990169441463424,0.7153310557210368,0.98531621491738,0.8999968339656854,0.6956521739130435
18,51,2,medium,medium,0.9905783317829978,0.6731510172622592,0.9857960113542076,0.9013335109772724,0.653846153846154
18,53,2,medium,medium,0.9878696013981078,0.7055161079883333,0.984821451235575,0.9107276662292968,0.6818181818181819
18,54,2,medium,medium,0.9886061277329604,0.6346043407882939,0.9845783180034868,0.9242346950017012,0.6306201550387598
18,55,2,medium,medium,0.9914198370532484,0.7607629921117391,0.988824688106263,0.9045060383495914,0.5833333333333333
18,57,2,medium,medium,0.989812252861598,0.6417456132448647,0.9840783846934588,0.9071183823825162,0.7142857142857142
18,58,2,medium,medium,0.9899577765077892,0.6728154343884988,0.9859577771456683,0.9320238431598136,0.6551724137931034
18,61,2,medium,medium,0.9893946104627096,0.7248074251327464,0.9870558706150736,0.941475777092915,0.6666666666666667
18,62,2,medium,medium,0.9901898967667668,0.6507238790419797,0.9861348627705154,0.9122105800489104,0.6846590909090908
18,66,2,medium,medium,0.9898109108498774,0.6082555521856039,0.9821902238946866,0.8930776982810832,0.7171428571428571
18,72,2,medium,medium,0.989941095194376,0.7051339789520386,0.9877187768500688,0.9001759320240994,0.6809090909090909
18,73,2,medium,medium,0.9909754798972368,0.6768322064906058,0.9882599103429108,0.9069971253305288,0.6900656814449918
18,75,2,medium,medium,0.9885109219346824,0.7092776750393843,0.984858650136318,0.8996960709616423,0.6216216216216217
18,81,2,medium,medium,0.990788526046988,0.715191834462942,0.9865998219761152,0.9326347189192196,0.676944971537002
18,83,2,medium,medium,0.9895335686665884,0.7505306252225419,0.988144058102938,0.9307399088518188,0.7142857142857142
18,84,2,medium,medium,0.9899011652418468,0.7532807700128296,0.9865138691162434,0.9343655359820382,0.7
18,88,2,medium,medium,0.98950023266923,0.6810532741200892,0.985914998520022,0.937691386700877,0.7241379310344828
18,89,2,medium,medium,0.990868607917444,0.6942712298008518,0.9875620441964296,0.8924434090754966,0.625
18,91,2,medium,medium,0.9887728659301616,0.7290098360741333,0.9856487490130358,0.9240412406987428,0.5499999999999999
18,97,2,medium,medium,0.9912346518524026,0.7022554888386408,0.9891205794529172,0.8978161047565231,0.7047930283224401
18,105,2,medium,medium,0.9898837315640946,0.6925424074946851,0.9851627242750391,0.8742822857260509,0.6978260869565218
18,108,2,medium,medium,0.9894762127735188,0.674735710381508,0.983796605487124,0.9433245763434356,0.72
18,112,2,medium,medium,0.9907001861811824,0.7325990381422389,0.9879862495689749,0.8740489590939228,0.6785714285714286
18,115,2,medium,medium,0.991047522942104,0.6911700402758605,0.9869287073545504,0.8940642920252526,0.6521739130434783
18,117,2,medium,medium,0.9893311159499956,0.7321322311758613,0.9885245725691876,0.9277666492782,0.653846153846154
18,120,2,medium,medium,0.9894920853674022,0.7292763851648691,0.9850205507912296,0.9154787102334948,0.6988372093023256
18,125,2,medium,medium,0.9876024372368688,0.6370840393615667,0.9818598013324096,0.8976143230649759,0.7142857142857143
18,135,2,medium,medium,0.989500260061448,0.7115463973512838,0.9862655713047112,0.8812991781772728,0.7096774193548387
18,142,2,medium,medium,0.9906369715452792,0.7041784190143457,0.987772456916696,0.8896937972105217,0.6756756756756758
18,143,2,medium,medium,0.9898276506769612,0.6503939436653827,0.9867693303476008,0.9360648441818123,0.57380174291939
18,145,2,medium,medium,0.9902783443194132,0.7071371973447291,0.9868862985687576,0.9188298646042784,0.6885775862068966
18,147,2,medium,medium,0.991960200316558,0.7340071795000201,0.9894057179536944,0.9086877891281312,0.7
18,151,2,medium,medium,0.9923826512783498,0.6597544946914493,0.9903441897271408,0.902546324251312,0.6666666666666667
18,155,2,medium,medium,0.9907645065307602,0.7405515236639764,0.9875683804354132,0.910580310965214,0.6956521739130435
18,158,2,medium,medium,0.9914632974195527,0.745277024448779,0.9883424652304532,0.9298506692187772,0.6346375143843499
18,168,2,medium,medium,0.9911247687937844,0.6638947363688434,0.9881052887091706,0.9006167461323171,0.6666666666666666
18,169,2,medium,medium,0.988497161823664,0.6554391762496273,0.98441020473524,0.9382375979298408,0.6666666666666666
18,171,2,medium,medium,0.991329078126997,0.7196085177215474,0.986745913229872,0.9157665442843692,0.5855562784645414
18,185,2,medium,medium,0.9914543264109956,0.6805857019989512,0.9875933531071616,0.9098364224872278,0.6846006695361072
18,190,2,medium,medium,0.9896778509113334,0.6807513731748488,0.9847766563171912,0.9486962861957948,0.6730769230769231
18,191,2,medium,medium,0.9893818544405992,0.7228973257563719,0.9859149921930888,0.9232720863933478,0.653846153846154
18,192,2,medium,medium,0.9922147142117956,0.7115907495652257,0.9919246987601662,0.8806615365508251,0.6551724137931034
18,194,2,medium,medium,0.9900536426051656,0.6978882806821588,0.9858441742147402,0.8889820143787606,0.6923076923076923
18,197,2,medium,medium,0.9888660454437828,0.7462296171496122,0.9844422313596992,0.9026134934333137,0.6309523809523809
18,202,2,medium,medium,0.9882908120183962,0.7141849560937941,0.9841440602923792,0.8924830923339466,0.6666666666666667
18,203,2,medium,medium,0.9894540401341522,0.6507867912901177,0.9856646947697362,0.896899001588043,0.7119815668202765
18,206,2,medium,medium,0.9910066525588968,0.6737572021827429,0.9886262438881264,0.8903561597663974,0.7333333333333334
18,207,2,medium,medium,0.9917514820048992,0.7140168159053786,0.9895643648017264,0.8990022984669565,0.6756756756756758
18,210,2,medium,medium,0.9903332760028296,0.6776526494327387,0.9872588460953148,0.9191251552350612,0.7083333333333334
18,212,2,medium,medium,0.9904417648424784,0.6820072055117317,0.9870143320476747,0.9171512670372944,0.6774193548387097
18,214,2,medium,medium,0.9894328930326096,0.7007198702464177,0.9875781697691944,0.8911285758770884,0.7018518518518518
18,215,2,medium,medium,0.9903782143437152,0.7065727196208571,0.9860486482405654,0.8859105105690834,0.663690476190476
20,24,2,medium,medium,0.9932940078814548,0.673401359494032,0.9913114303024227,0.9254129351956816,0.6271186440677966
20,25,2,medium,medium,0.993505149950851,0.6720963376355243,0.9905845309660496,0.8952772867225565,0.625
20,32,2,medium,medium,0.9921268758817722,0.682070047232959,0.9896685106788304,0.9581903172565176,0.6165158371040724
20,33,2,medium,medium,0.9925573482299992,0.7063776608739475,0.99011128321509,0.8909728652640205,0.6153846153846154
20,40,2,medium,medium,0.9901417617165588,0.674394885243194,0.9876770783286776,0.929816291847201,0.6666666666666666
20,42,2,medium,medium,0.99163500484399,0.6758482545555985,0.9892758489202492,0.9278082809639966,0.6206896551724137
20,50,2,medium,medium,0.9901995887919494,0.6515665020971902,0.9863455483402832,0.8880397874114533,0.625
20,51,2,medium,medium,0.9932663271874062,0.6828341624419931,0.9912577703436204,0.9231160014816588,0.6071428571428572
20,53,2,medium,medium,0.9904934469126928,0.7003542635396006,0.9877955256011004,0.902405765267331,0.5517241379310345
20,54,2,medium,medium,0.9911697722877382,0.7099314294990748,0.988265450203428,0.9070802949823736,0.5862068965517242
20,55,2,medium,medium,0.9920534826166998,0.7271620575301705,0.9902776860593754,0.9299368900716364,0.6176470588235294
20,57,2,medium,medium,0.9921913808211966,0.7466152241811405,0.9886844024358398,0.8858384647705431,0.6
20,58,2,medium,medium,0.9926979689812976,0.7123666736770323,0.9916634904511216,0.9338185495295156,0.6448028673835126
20,61,2,medium,medium,0.9921747337503786,0.671947700266572,0.9898077455097314,0.9251208751997708,0.6103896103896104
20,62,2,medium,medium,0.9933656591285436,0.6922687875130052,0.9910630366233378,0.9095173815600768,0.6296296296296298
20,66,2,medium,medium,0.9919625009835484,0.6385112073108905,0.9902540219664436,0.917206018551915,0.5999999999999999
20,72,2,medium,medium,0.9922805630279158,0.6546190008626236,0.9899913671649224,0.9070563802124708,0.625
20,73,2,medium,medium,0.9921541882466164,0.7068547983097577,0.989800133415413,0.8989000827847181,0.6269921578547938
20,75,2,medium,medium,0.9890784666705114,0.7186578139033736,0.9834873178552546,0.9008729239714074,0.6551724137931034
20,81,2,medium,medium,0.9920613092021704,0.7094531646461617,0.9887843336445242,0.8964425961618294,0.6082693947144076
20,83,2,medium,medium,0.9918439951804616,0.7324963976547378,0.9885762182555844,0.9179433302622992,0.6233108108108107
20,84,2,medium,medium,0.9930306073726464,0.7164168846421194,0.9914548648989244,0.9336289742827651,0.625
20,88,2,medium,medium,0.9903952773410376,0.630465214690801,0.9882214294533632,0.9370345090812744,0.566699604743083
20,89,2,medium,medium,0.9933110764633551,0.690099229837335,0.9910827111764168,0.9056581195049652,0.632051282051282
20,91,2,medium,medium,0.9912186597314387,0.7219980565110046,0.9875745864744698,0.9309486852838617,0.6153846153846154
20,97,2,medium,medium,0.992917253636758,0.6902871157363104,0.9905998739565268,0.9139324082074092,0.6111111111111112
20,105,2,medium,medium,0.9935161625686048,0.7137236010363175,0.9912698877851488,0.9094022729465124,0.6341463414634145
20,108,2,medium,medium,0.9930909323627416,0.7421812846018951,0.9900256525521336,0.9055014911850796,0.606203007518797
20,112,2,medium,medium,0.9927733055498532,0.7052837883534665,0.990821812418654,0.8785532788650895,0.6399999999999999
20,115,2,medium,medium,0.9931860560488524,0.7255370702391843,0.991396730207444,0.9259501217497804,0.657142857142857
20,117,2,medium,medium,0.992968500416331,0.7059574836417387,0.9903283167976948,0.9245075259788098,0.625
20,120,2,medium,medium,0.991019907429284,0.7014051687275216,0.9872091754639236,0.8920022882071401,0.6485294117647058
20,125,2,medium,medium,0.989559822459677,0.6943190415007398,0.9870809639778316,0.902253616306733,0.5999999999999999
20,135,2,medium,medium,0.9910603803941206,0.6664533492988901,0.9874858280061448,0.8953245750252627,0.5806451612903225
20,142,2,medium,medium,0.9932476964332986,0.7292627042354576,0.991478546381516,0.918200211143353,0.65
20,143,2,medium,medium,0.9911254168799192,0.7408262922433231,0.987021461938031,0.9261475431037504,0.6590909090909092
20,145,2,medium,medium,0.9929044480938252,0.7224356846255565,0.991196505627526,0.9409609232273598,0.5862068965517242
20,147,2,medium,medium,0.9940309856337922,0.7055298496831552,0.9917166245492944,0.928811925466736,0.6
20,151,2,medium,medium,0.9938418649758504,0.6484704024224137,0.992064883737261,0.8850830224764219,0.6176470588235294
20,155,2,medium,medium,0.991901555333506,0.7236632276807966,0.9894902978756988,0.91823902117039,0.5831034482758621
20,158,2,medium,medium,0.9927321469991924,0.7170162061613368,0.9891562721804076,0.9133664099829256,0.676470588235294
20,168,2,medium,medium,0.99212385647707,0.7100411441662413,0.9884513753790396,0.9071682158371636,0.6086956521739131
20,169,2,medium,medium,0.9906707955474496,0.6745671809041522,0.9893751722206467,0.8938629484665912,0.6086956521739131
20,171,2,medium,medium,0.9924444330113128,0.7429210850265616,0.9890961901614922,0.8883955506232885,0.6382150344414496
20,185,2,medium,medium,0.9937615859533732,0.7078354963274953,0.9911183620077952,0.941200293947679,0.6799999999999999
20,190,2,medium,medium,0.9934795207082108,0.7191032600601336,0.9912858546570436,0.9178274137421863,0.5517241379310345
20,191,2,medium,medium,0.9904101280748115,0.7204715878296422,0.9866950286169884,0.9401009857182157,0.6521739130434783
20,192,2,medium,medium,0.9925883852264042,0.7294144277910815,0.991985193505432,0.8946338833319916,0.638888888888889
20,194,2,medium,medium,0.991201169168481,0.6814591652826381,0.986534836138851,0.9030914331860428,0.6551724137931034
20,197,2,medium,medium,0.9896588106390726,0.7367714605269977,0.9866198192676118,0.909655504976491,0.6086956521739131
20,202,2,medium,medium,0.9891125131029636,0.6923505927031928,0.9833761401421476,0.907262975287374,0.6153846153846154
20,203,2,medium,medium,0.9916231634345796,0.703470127046419,0.9886804966469468,0.8944286031470312,0.5333333333333334
20,206,2,medium,medium,0.9931540643990364,0.7214345639666531,0.9910956967223052,0.9398271720578588,0.625
20,207,2,medium,medium,0.9935470987732162,0.7204037272634196,0.991724897302482,0.923442918337308,0.637330754352031
20,210,2,medium,medium,0.9927778757343736,0.7226619368831544,0.9904160461091328,0.9150756657122168,0.6521739130434783
20,212,2,medium,medium,0.9928877919135384,0.7122190067059252,0.9912550929572912,0.9128351957177931,0.625
20,214,2,medium,medium,0.9908816828840106,0.728713819122168,0.9894280337290206,0.9219106108857724,0.6363636363636364
20,215,2,medium,medium,0.9934005805891832,0.7380701299542272,0.989953241961296,0.8946730643121433,0.6196343402225755
24,25,2,medium,medium,0.9941885275230218,0.7030082320260156,0.9919715253803452,0.8551652858685156,0.5968749999999999
24,32,2,medium,medium,0.9936231275680472,0.7451441578498266,0.9922805740489924,0.8968153672158004,0.588235294117647
24,33,2,medium,medium,0.992101172761604,0.7335252443649863,0.9890606020809856,0.8630645194351905,0.5833333333333334
24,40,2,medium,medium,0.9921688938084796,0.6863977006206439,0.9902508708749346,0.8933496512510547,0.5499999999999999
24,42,2,medium,medium,0.992074967251002,0.7619016217578046,0.9896375399244072,0.9255110685388128,0.5555555555555556
24,50,2,medium,medium,0.991429995889431,0.7057342336797363,0.9875542129995064,0.9202556712576332,0.5893997445721584
24,51,2,medium,medium,0.9942488086391968,0.6860115373501616,0.9917334014755732,0.9342773364967198,0.5916666666666666
24,53,2,medium,medium,0.989790569212786,0.7618826899007309,0.9858783288656052,0.8675633982354368,0.5151515151515151
24,54,2,medium,medium,0.9931711910405868,0.8234269357229493,0.9895378486388277,0.9231113802713032,0.5849056603773586
24,55,2,medium,medium,0.9932652295665076,0.7636856803492765,0.9896709627819388,0.9257722933056638,0.5987012987012987
24,57,2,medium,medium,0.993552666957301,0.7130577542909938,0.9911908093780428,0.9293155318428928,0.5517241379310345
24,58,2,medium,medium,0.9932643244002616,0.6457987688130712,0.9910120474040562,0.929546270270699,0.6071428571428572
24,61,2,medium,medium,0.992627829650711,0.7187011736113464,0.9910730858359704,0.9109034474718962,0.5714285714285714
24,62,2,medium,medium,0.9932729453443282,0.6570610484302315,0.9915818675029064,0.8949702947047007,0.581989247311828
24,66,2,medium,medium,0.9930874350586008,0.6147944251229076,0.990168379141422,0.919650925803812,0.541958041958042
24,72,2,medium,medium,0.9923535631909312,0.7135662228620381,0.9894229093491465,0.8981121211224372,0.5847701149425288
24,73,2,medium,medium,0.992970960847536,0.6498340046394462,0.9897047818282042,0.8693804949465246,0.5777777777777777
24,75,2,medium,medium,0.9903181880093196,0.7098202969557417,0.9854160304050952,0.8848487315973268,0.5857863751051303
24,81,2,medium,medium,0.9933142366416444,0.7575752830146705,0.9906916387947956,0.9164724704562768,0.5584815321477428
24,83,2,medium,medium,0.992081466866918,0.7480611768829681,0.98877500958015,0.9016969429388216,0.5656333716035209
24,84,2,medium,medium,0.9935211052374991,0.7567880869156538,0.991922528839124,0.9242095286867964,0.588235294117647
24,88,2,medium,medium,0.9920717009769816,0.6155380984233607,0.9904509861443732,0.9387524021708038,0.5471698113207548
24,89,2,medium,medium,0.994259069320356,0.7405511419394406,0.9909192332249892,0.8792690088807019,0.5909090909090909
24,91,2,medium,medium,0.9915145871283746,0.7573675148970207,0.9868820460038664,0.9324635010808546,0.6607142857142856
24,97,2,medium,medium,0.9939540880705546,0.8303269847720367,0.9912001546167292,0.9265866655048188,0.6610169491525424
24,105,2,medium,medium,0.9928739156415646,0.7781258716121366,0.9903172603850804,0.8666182055551586,0.5660377358490566
24,108,2,medium,medium,0.9924570932106112,0.7554224197437861,0.991213230108219,0.9462341044735156,0.5
24,112,2,medium,medium,0.9931522979503772,0.6806917243847539,0.990901056431106,0.8693847631206671,0.59375
24,115,2,medium,medium,0.9931859460720912,0.7547791473026496,0.991121765473732,0.9165412820391724,0.6069794050343249
24,117,2,medium,medium,0.9932247646583434,0.7758086746589328,0.9899253845082022,0.92171629438438,0.6101694915254237
24,120,2,medium,medium,0.9922834144995434,0.6959596492870502,0.9890165467643132,0.8775580451235392,0.6
24,125,2,medium,medium,0.9898659809429056,0.731623802297449,0.9886844083006046,0.8904513819507427,0.5735930735930735
24,135,2,medium,medium,0.9906066514353464,0.7212522117294791,0.9862076390705548,0.8791218868823191,0.5584815321477428
24,142,2,medium,medium,0.9928433810468468,0.7308316319738083,0.9916838664861588,0.8796923705101787,0.5917508417508417
24,143,2,medium,medium,0.9921175194393254,0.8224867701645636,0.987881828446132,0.9356651075665784,0.6122377622377623
24,145,2,medium,medium,0.9927507386206332,0.7342054907410128,0.991273226919432,0.9445328490515476,0.5348837209302326
24,147,2,medium,medium,0.9935379413704648,0.7424857346101453,0.991070496941027,0.8905405539768109,0.53125
24,151,2,medium,medium,0.994344428067692,0.6669788156583638,0.9928014243179474,0.8902896511310651,0.596875
24,155,2,medium,medium,0.9925873508575505,0.7354334222201706,0.9892968718160988,0.9291949103762408,0.5384615384615385
24,158,2,medium,medium,0.9938539710618336,0.7594816368217521,0.9916523247959672,0.929696448731603,0.6229508196721312
24,168,2,medium,medium,0.992269846714043,0.728948055142049,0.9880323007230088,0.9001174568891477,0.5416988416988417
24,169,2,medium,medium,0.9907774894216242,0.7531702216122841,0.988993752987708,0.9213161684126228,0.5897435897435898
24,171,2,medium,medium,0.9935047638610948,0.7906309168973983,0.9913486941289296,0.8876982943912142,0.5925925925925926
24,185,2,medium,medium,0.9940628723759992,0.677109824843491,0.9923937425654534,0.9153188503762596,0.5999999999999999
24,190,2,medium,medium,0.9934341272099528,0.7752279313438398,0.9912515619145336,0.9469561579050536,0.5801776531089293
24,191,2,medium,medium,0.992436786185655,0.7345831477548252,0.9887676179942164,0.926204068131424,0.621665582303188
24,192,2,medium,medium,0.993469435756698,0.7247546261188189,0.9915402843432268,0.8568543873959829,0.6136363636363636
24,194,2,medium,medium,0.9914576796347612,0.6672953948897455,0.9870657535154194,0.8796883717721345,0.5454545454545454
24,197,2,medium,medium,0.99075893945462,0.7134153069523954,0.9873621489119287,0.90117179295983,0.5522277227722772
24,202,2,medium,medium,0.988945320493557,0.6910139801997239,0.9830892420271584,0.8788369216675792,0.5789473684210527
24,203,2,medium,medium,0.9914820043650948,0.6299134479209658,0.9879823194939272,0.8638286488016754,0.5
24,206,2,medium,medium,0.9938100528546646,0.7327617651826495,0.992002669296284,0.874322104737395,0.6046511627906976
24,207,2,medium,medium,0.9940021172414994,0.7517057366691141,0.991121350890657,0.8909803177398951,0.5999999999999999
24,210,2,medium,medium,0.9931843349770172,0.7765745526113262,0.991594891389884,0.9016074995941205,0.5568475452196382
24,212,2,medium,medium,0.9931169088075192,0.7273683133106297,0.9908319216431604,0.8818097429420918,0.5334821428571428
24,214,2,medium,medium,0.9909199717636472,0.6308749596034626,0.9895296866948062,0.8834804157391922,0.6
24,215,2,medium,medium,0.993404661407534,0.7184760456230694,0.9912615407664112,0.9249037933007268,0.5714285714285714
25,32,2,medium,medium,0.9945393312473176,0.6701809052294174,0.9915065092753224,0.9290403499878468,0.6792857142857143
25,33,2,medium,medium,0.9934633606715486,0.6840745227358169,0.9917903800250208,0.8992696501399544,0.6666666666666665
25,40,2,medium,medium,0.9920123874843244,0.708768359806172,0.9890220436626982,0.9169966850460488,0.6410256410256411
25,42,2,medium,medium,0.992688470339516,0.6241998452270638,0.9893357480002072,0.9023357220486756,0.7142857142857142
25,50,2,medium,medium,0.9917124277609846,0.656613528372866,0.9902619651666312,0.8703818733708841,0.7037037037037037
25,51,2,medium,medium,0.9941936704650488,0.6192645320891594,0.9911315023704546,0.8665724063709949,0.6428571428571428
25,53,2,medium,medium,0.9918134367322444,0.6266508321624881,0.9887243756620056,0.893348032332772,0.7
25,54,2,medium,medium,0.9931855151025468,0.6588145825051595,0.9900116115362596,0.8731819442581841,0.6434624697336562
25,55,2,medium,medium,0.9932129443317236,0.7847893323509504,0.9907119821849656,0.9121050277909248,0.5847701149425287
25,57,2,medium,medium,0.993748929824516,0.6568971081766568,0.9907373362741468,0.8578133305865511,0.7
25,58,2,medium,medium,0.9942502938217976,0.6874756703995231,0.9928616394085344,0.8985563919544501,0.6405128205128205
25,61,2,medium,medium,0.9928583179998194,0.7152296821952888,0.9907392475098192,0.9122621185834444,0.6904761904761905
25,62,2,medium,medium,0.9943631615034298,0.6293698654073043,0.9925933551327776,0.9319161836871934,0.7307692307692308
25,66,2,medium,medium,0.993262363950758,0.5642971161534921,0.989213113789091,0.8705209577207429,0.7
25,72,2,medium,medium,0.9930973645921964,0.6732467351033468,0.991293150825722,0.896449647254446,0.7320512820512821
25,73,2,medium,medium,0.9936620635554472,0.7027223805382244,0.9923171296639344,0.9357688811478836,0.7142857142857142
25,75,2,medium,medium,0.9917362091721266,0.7044634594604118,0.9896930420834616,0.9158485473431378,0.6481481481481481
25,81,2,medium,medium,0.9930885470033036,0.6966006920788451,0.9910627219857756,0.8759546338800754,0.6785714285714286
25,83,2,medium,medium,0.9933926425314888,0.7538683754822829,0.991600700118914,0.8957024880498587,0.7142857142857142
25,84,2,medium,medium,0.9938808194646632,0.7072248670538487,0.9920829093668871,0.902399636864094,0.7
25,88,2,medium,medium,0.9930183168745992,0.6244268267011936,0.9922142011706876,0.9124151044247424,0.7142857142857142
25,89,2,medium,medium,0.9938022537611064,0.7249291048339312,0.991670128887216,0.901452102917126,0.6419413919413919
25,91,2,medium,medium,0.993077918788759,0.7357584180443222,0.9907457922563248,0.8866090564747595,0.5808631211857018
25,97,2,medium,medium,0.9942369969439854,0.7596588715073063,0.9918790478184338,0.9116990197167693,0.6273148148148149
25,105,2,medium,medium,0.9936699524359104,0.687698307868638,0.9909133029437828,0.9444822020864332,0.7058823529411764
25,108,2,medium,medium,0.993754469150438,0.6110080590857446,0.9922090270327414,0.9103847296871348,0.7083333333333334
25,112,2,medium,medium,0.9934920399130572,0.7057715186041419,0.9911895463711454,0.9207348466140534,0.7
25,115,2,medium,medium,0.9940021435694104,0.675711267173458,0.9913925800093504,0.940186627371624,0.676470588235294
25,117,2,medium,medium,0.9933361882700946,0.7032393483854835,0.990886038685932,0.9104737413873174,0.65625
25,120,2,medium,medium,0.9932936089365508,0.6882574197842557,0.9918932515512924,0.9028767474496476,0.7
25,125,2,medium,medium,0.9917051638274514,0.6045639322362705,0.9894299184117388,0.9055822451405556,0.7272727272727273
25,135,2,medium,medium,0.9916439464133088,0.713341508563628,0.9896760713720146,0.9342440258120388,0.7391304347826088
25,142,2,medium,medium,0.9942713949909748,0.694827641823722,0.9934243406831812,0.9166531678019664,0.7
25,143,2,medium,medium,0.992484159129699,0.6656362042797632,0.9895467801333562,0.9052023182304302,0.5806451612903225
25,145,2,medium,medium,0.9930874411615904,0.6722020493056524,0.9921555830654096,0.9090331149424512,0.7142857142857142
25,147,2,medium,medium,0.9940910476561936,0.7500375209252951,0.9934229764754096,0.9408783420606632,0.736842105263158
25,151,2,medium,medium,0.9944776460773452,0.6924264199000381,0.99376303072549,0.9498545929726184,0.7
25,155,2,medium,medium,0.9929414108625122,0.6771603769432598,0.9919604046777594,0.909328707051953,0.6956521739130435
25,158,2,medium,medium,0.9931947916031472,0.6717537123244349,0.991540452477628,0.9281021713555232,0.6551724137931034
25,168,2,medium,medium,0.9933549472131482,0.7102110417262268,0.9921770351510276,0.9252084515444864,0.7209302325581396
25,169,2,medium,medium,0.992319476979518,0.6489853395205945,0.9899218288600076,0.8748133133838072,0.6785714285714286
25,171,2,medium,medium,0.993616279913421,0.7323386405238035,0.9912842521250764,0.9167635126072444,0.5790625
25,185,2,medium,medium,0.9942400815444504,0.6601189205483693,0.9921797294157256,0.9485370616655414,0.6865793780687398
25,190,2,medium,medium,0.9937341359857672,0.6748327229442972,0.99151866007276,0.9034231102814818,0.6163419913419913
25,191,2,medium,medium,0.9930951020050366,0.6997360697345526,0.9905079377457234,0.9067011087243892,0.6809090909090909
25,192,2,medium,medium,0.9937452726803312,0.6947788861595023,0.9914101908570084,0.926462925323292,0.6545092838196287
25,194,2,medium,medium,0.9919872018636438,0.694292867017231,0.989659858915066,0.9277559167123544,0.6981132075471699
25,197,2,medium,medium,0.9923046355489772,0.7021219462606365,0.9904999402847294,0.916840852316371,0.6296296296296298
25,202,2,medium,medium,0.9901353151097017,0.7392868299860141,0.9866320704072582,0.9112705838704463,0.6823725055432373
25,203,2,medium,medium,0.992945439221454,0.6488899108435076,0.9908824001865584,0.915330853060478,0.7271317829457364
25,206,2,medium,medium,0.9937712394148468,0.7059806281344805,0.9933489711951108,0.9269300935340694,0.6896551724137931
25,207,2,medium,medium,0.994228666427023,0.6713177845352256,0.9922758973376652,0.9096565518445132,0.6444444444444445
25,210,2,medium,medium,0.9930915041293686,0.647487045923271,0.991810369047652,0.9122888707784104,0.7307692307692308
25,212,2,medium,medium,0.9938298908460914,0.6777233731917139,0.9911805282056488,0.9384399193358132,0.6956521739130435
25,214,2,medium,medium,0.9931597586676468,0.7249253776538169,0.991817258414482,0.9427925017843064,0.7220689655172413
25,215,2,medium,medium,0.9927123874795856,0.6597078041709457,0.990690615809723,0.855208820150801,0.7073170731707317
32,33,2,medium,medium,0.9926629436016364,0.7193238171701714,0.9896007912259857,0.9009584193569036,0.6626016260162602
32,40,2,medium,medium,0.9901442400594872,0.7658719980288888,0.9851376031325392,0.9468441101041004,0.6428571428571428
32,42,2,medium,medium,0.9923177494967552,0.7806553361011452,0.9877192452956488,0.93196101866116,0.6363636363636365
32,50,2,medium,medium,0.9913627538381594,0.6570681883643295,0.9860608373872516,0.8727024447275159,0.6403940886699506
32,51,2,medium,medium,0.9926759325256403,0.7069818275561623,0.9906472224752098,0.9004135670643876,0.6300751879699248
32,53,2,medium,medium,0.9918204210782824,0.7322795875391255,0.9874093296557028,0.909050612080394,0.6296296296296298
32,54,2,medium,medium,0.9920619290475848,0.7924611913397833,0.9876024526637356,0.9113934546521176,0.6414285714285713
32,55,2,medium,medium,0.992820597269691,0.7211943307024904,0.9900375527996934,0.9358753262403388,0.6111111111111112
32,57,2,medium,medium,0.9921906681710548,0.7664151490712836,0.9892479003033932,0.8886732808308965,0.6363636363636364
32,58,2,medium,medium,0.9922770868163462,0.7193923204632265,0.9896059567349396,0.9553183711925932,0.62073732718894
32,61,2,medium,medium,0.9927149086680004,0.7211410448133203,0.9910422229547244,0.9397604121005274,0.6435294117647058
32,62,2,medium,medium,0.9937424772982244,0.7078088418333117,0.9908594025995424,0.9310538746937668,0.7
32,66,2,medium,medium,0.9913024148214128,0.6920154668647112,0.9889680325649978,0.8679454998392673,0.6000000000000001
32,72,2,medium,medium,0.9931279216175766,0.6491287981202623,0.9917451389947024,0.9218874619850334,0.6545092838196287
32,73,2,medium,medium,0.9931631685045786,0.6030737453122628,0.989854189964028,0.9201353985853368,0.6711711711711712
32,75,2,medium,medium,0.989663026157114,0.6727423983226462,0.984696013009882,0.909611270524969,0.6756756756756758
32,81,2,medium,medium,0.9916872984097436,0.6681825985285992,0.9877142839231514,0.9116250543507374,0.6711711711711712
32,83,2,medium,medium,0.9932649993298313,0.6927160776287079,0.9906312033759288,0.9237649138076232,0.6744565217391304
32,84,2,medium,medium,0.993693532141967,0.7568675823802258,0.9922375367848968,0.9351955817139888,0.653846153846154
32,88,2,medium,medium,0.992052289329233,0.7522553817993307,0.989466205881496,0.9536464772222244,0.625
32,89,2,medium,medium,0.9933440048243476,0.6372535400354946,0.9899798390020932,0.9063214578275398,0.6349206349206349
32,91,2,medium,medium,0.9917270210449124,0.784491491185604,0.988419041538086,0.939429609344329,0.6086956521739131
32,97,2,medium,medium,0.9934355091793388,0.7359896965362258,0.9917889952644852,0.9330408099852894,0.6333333333333333
32,105,2,medium,medium,0.9928981393194516,0.7652136562660177,0.991276904960288,0.9399067433483732,0.653846153846154
32,108,2,medium,medium,0.9936429809037896,0.746094292790044,0.9913872756572816,0.9094536177639768,0.6787096774193548
32,112,2,medium,medium,0.9934783118706432,0.6673290879166764,0.9920181101881388,0.9052799569083362,0.6852134146341463
32,115,2,medium,medium,0.992772481530833,0.7346443727863715,0.9914065170056612,0.9406527188502048,0.6285714285714284
32,117,2,medium,medium,0.9922177377287074,0.7480783882316242,0.989798775497596,0.9020451916727046,0.6666666666666667
32,120,2,medium,medium,0.991326562790736,0.7140976054592097,0.9879823826916796,0.922620786908286,0.6666666666666666
32,125,2,medium,medium,0.9882603541126944,0.6757681234415158,0.9844082649181956,0.9359633426276014,0.6926536731634183
32,135,2,medium,medium,0.9913258949354198,0.6891502965970527,0.9871771752051092,0.9036389002124544,0.6956521739130435
32,142,2,medium,medium,0.9935915351506196,0.6685420696065911,0.9925258242471816,0.9463127200891048,0.6715686274509803
32,143,2,medium,medium,0.9920596640396708,0.792613894524586,0.9882440350612468,0.9423699792449316,0.5853658536585366
32,145,2,medium,medium,0.9923471427556814,0.7334575964671193,0.9914559084136356,0.9397633170097732,0.6399999999999999
32,147,2,medium,medium,0.9937742896975889,0.6742273980169255,0.9916534019529756,0.9371764425577456,0.6666666666666667
32,151,2,medium,medium,0.994187691605614,0.6433505273149508,0.9927144864953108,0.9285706488795612,0.6410256410256411
32,155,2,medium,medium,0.9921393833110536,0.7140364690055147,0.9890421482211852,0.9373013857945406,0.653846153846154
32,158,2,medium,medium,0.9931827075495132,0.7949343344287617,0.990519947012334,0.9248489660256768,0.6224999999999999
32,168,2,medium,medium,0.9924781043018632,0.6425232262893064,0.9890976316420428,0.8957700435650584,0.6521739130434783
32,169,2,medium,medium,0.9899206561371672,0.7378493405274527,0.9873035212720996,0.9088389785944244,0.65
32,171,2,medium,medium,0.9929828338022773,0.6680887334001154,0.990433248323157,0.9204608618535524,0.6068501170960188
32,185,2,medium,medium,0.9944264941201914,0.7750280412226286,0.9926970685867172,0.9647748926064538,0.6956521739130435
32,190,2,medium,medium,0.9941225017567388,0.7792891349127027,0.9901987657630964,0.9292812907196016,0.6285714285714284
32,191,2,medium,medium,0.991584246233773,0.6974412817194755,0.9896815376486362,0.941221700196568,0.6666666666666666
32,192,2,medium,medium,0.993510218546332,0.7294334306985482,0.9919553463720456,0.9109419392398044,0.6176470588235294
32,194,2,medium,medium,0.9910482637556705,0.6246550545829208,0.9864662604060934,0.918940470041724,0.6976744186046512
32,197,2,medium,medium,0.9907222703560028,0.7005836211866128,0.9865593493108348,0.9257063141784104,0.6510869565217391
32,202,2,medium,medium,0.9877414369145576,0.6201625193737722,0.9806454003275408,0.8918791013320485,0.653846153846154
32,203,2,medium,medium,0.9923908094827072,0.6747808766043891,0.9904781610865556,0.9168091683456556,0.6778378378378379
32,206,2,medium,medium,0.993870144091021,0.6992808318731611,0.9921627144629006,0.9410665929099706,0.6475155279503105
32,207,2,medium,medium,0.9937304318351275,0.660377850228834,0.992584178606658,0.9369981411863832,0.6399999999999999
32,210,2,medium,medium,0.992254309932164,0.7440200798924189,0.9900534606390218,0.9284274858111944,0.6976744186046512
32,212,2,medium,medium,0.9938742547468912,0.7186281879502119,0.992275358659383,0.9455537558870836,0.6469230769230769
32,214,2,medium,medium,0.9919043113659304,0.7129532782314958,0.989060092323946,0.9072959529198248,0.657142857142857
32,215,2,medium,medium,0.9927216358880137,0.637296732480527,0.9911278968860596,0.8710677244499103,0.6666666666666667
33,40,2,medium,medium,0.98987956220845,0.7309085250907388,0.9860619183108028,0.9092931432286384,0.638888888888889
33,42,2,medium,medium,0.9897607920114216,0.660405343550195,0.9862632494603936,0.8996609964580046,0.6521739130434783
33,50,2,medium,medium,0.9906974337602203,0.7686818581442733,0.9856683086910656,0.8654351014516737,0.6565335753176044
33,51,2,medium,medium,0.9920865846116722,0.6557066671065346,0.9889426368426172,0.8753271984757536,0.5999999999999999
33,53,2,medium,medium,0.989672301796666,0.7041015194926825,0.986232861122372,0.881347332282357,0.6451612903225807
33,54,2,medium,medium,0.9900786917851928,0.6857879944758392,0.9858603625130764,0.90455572120973,0.6106403013182674
33,55,2,medium,medium,0.9920671000947028,0.7378281337465615,0.989756970322569,0.904584796757376,0.5872210953346856
33,57,2,medium,medium,0.9905431837738924,0.7162416820413577,0.9872474002155344,0.8850725659428371,0.6666666666666666
33,58,2,medium,medium,0.9918577201864156,0.6838745974574841,0.9885549495877018,0.9082105362726892,0.5833333333333333
33,61,2,medium,medium,0.9909584886091852,0.7236628291875212,0.9893441332523092,0.9188980057233286,0.6333333333333333
33,62,2,medium,medium,0.9915712797247735,0.691440807324275,0.9884101413712482,0.9099536522339672,0.6399999999999999
33,66,2,medium,medium,0.9913389597103808,0.5740153865064143,0.9868416138860172,0.8676269829271066,0.603030303030303
33,72,2,medium,medium,0.9911936851591758,0.6987048408152334,0.9895749046323254,0.905208088653589,0.6818181818181819
33,73,2,medium,medium,0.9917532453711874,0.6906997429467872,0.9876700217379856,0.920216168953186,0.6666666666666666
33,75,2,medium,medium,0.9885826108530994,0.7672412551163941,0.9835396439622126,0.9171145674346955,0.6328431372549019
33,81,2,medium,medium,0.9913672951311008,0.7023719877156134,0.9883599823854732,0.922401637102502,0.6666666666666666
33,83,2,medium,medium,0.9922886567745208,0.7388175287581127,0.988878413431322,0.9129465180817824,0.6857142857142857
33,84,2,medium,medium,0.9926795855529424,0.6841685472694711,0.9908005716815648,0.9134030682394756,0.6760731319554849
33,88,2,medium,medium,0.9903030866367232,0.636122643769249,0.988555107859408,0.8748871615836472,0.6521739130434783
33,89,2,medium,medium,0.9930416846127328,0.6860566864781228,0.990376137311626,0.8619246986985657,0.631578947368421
33,91,2,medium,medium,0.9918331764725128,0.7107492377519129,0.9883448437539916,0.9180268402339145,0.5945945945945945
33,97,2,medium,medium,0.9928637256599412,0.6961154928934903,0.9903493809709788,0.8927370529705378,0.6760731319554849
33,105,2,medium,medium,0.9918420847224458,0.6719744845189497,0.9895113755070726,0.8896581393856166,0.6521739130434783
33,108,2,medium,medium,0.990781821890448,0.6420008635984743,0.9886254570355938,0.9254983547956264,0.6363636363636365
33,112,2,medium,medium,0.9927260332794978,0.7026766986392339,0.9905389433100515,0.9071971728272858,0.7018518518518518
33,115,2,medium,medium,0.991754246944065,0.6862622614781555,0.9897370891150764,0.9057402988268822,0.6546583850931676
33,117,2,medium,medium,0.991837670995684,0.715701071785078,0.9873863826297988,0.9248356926155914,0.6461538461538462
33,120,2,medium,medium,0.9907984465653524,0.7189993768954693,0.986688016990334,0.8914385649204086,0.6792857142857143
33,125,2,medium,medium,0.9891595984014768,0.682707824342464,0.986329375698288,0.8780267938027808,0.6666666666666667
33,135,2,medium,medium,0.9909958954244976,0.6870254557454166,0.987925024462718,0.8739585645016925,0.6551724137931034
33,142,2,medium,medium,0.9919657123154796,0.7972341419908962,0.9899576233750356,0.9332421688352311,0.6734693877551021
33,143,2,medium,medium,0.9900778764100088,0.7225609706790808,0.9874456637581128,0.911453457338283,0.6104336043360434
33,145,2,medium,medium,0.9916262411182432,0.720866551279078,0.9901859402900346,0.9155670769478942,0.6818181818181819
33,147,2,medium,medium,0.992778244484845,0.7554503429726126,0.9910589536303632,0.8779104854258312,0.6216216216216217
33,151,2,medium,medium,0.9937263048168692,0.6804879847221248,0.9925679593028792,0.8813129174576122,0.6799999999999999
33,155,2,medium,medium,0.9901867754283298,0.7013012689851819,0.9879668129627548,0.9355659597689578,0.6760731319554849
33,158,2,medium,medium,0.9912949196446,0.7181326762603114,0.9875133042449952,0.8802497311809347,0.625
33,168,2,medium,medium,0.9920317433782436,0.7018066451778372,0.9893533463696712,0.88177093424007,0.6470588235294117
33,169,2,medium,medium,0.9898673674257176,0.6385974098272913,0.9850794562880963,0.909064214325508,0.6551724137931034
33,171,2,medium,medium,0.9922564747666688,0.7592797695874642,0.9897444524883112,0.9204555835324242,0.6037735849056605
33,185,2,medium,medium,0.9924977885573362,0.7532931488906556,0.9898013833205695,0.8913928159692265,0.6778378378378379
33,190,2,medium,medium,0.9908367830045172,0.7246829248804774,0.9863617478754466,0.9232184110537024,0.6419413919413919
33,191,2,medium,medium,0.9912028720694216,0.7313180975393818,0.9889474147025472,0.9071333635176748,0.6963109354413702
33,192,2,medium,medium,0.9928750645221622,0.7015416407446073,0.9907438114676368,0.875415616020346,0.653846153846154
33,194,2,medium,medium,0.9912564353182354,0.6987351185187773,0.9877451075122382,0.871803333572116,0.6666666666666666
33,197,2,medium,medium,0.9895854361175812,0.7078140267155333,0.9869229228119156,0.9047210073994704,0.6153846153846154
33,202,2,medium,medium,0.9886089564144812,0.6811094128196427,0.9841041074173056,0.8902324060460801,0.6363636363636365
33,203,2,medium,medium,0.9911515038345808,0.6806747032370153,0.989316800894667,0.8978975393399906,0.6666666666666666
33,206,2,medium,medium,0.9926893244684996,0.7260932599453909,0.991438994993712,0.9118570638160932,0.6666666666666667
33,207,2,medium,medium,0.9929243550191114,0.7445875099425019,0.99163108607866,0.93518333862816,0.65625
33,210,2,medium,medium,0.9915049381277884,0.684544906022716,0.9895710441033898,0.9050614435160392,0.6666666666666666
33,212,2,medium,medium,0.9916267734684956,0.7404255571941976,0.9891206945497748,0.9042768972546292,0.6521739130434783
33,214,2,medium,medium,0.9913940787994844,0.6262108664162547,0.9897863178229228,0.891169237341189,0.6818181818181819
33,215,2,medium,medium,0.9910579388255776,0.7305337526368905,0.988371559307714,0.8803207151083817,0.6666666666666667
40,42,2,medium,medium,0.9883598951990336,0.7699458219011185,0.9827892085222062,0.8996753098226012,0.7272727272727273
40,50,2,medium,medium,0.9894134173469006,0.6975403922362304,0.984475627387631,0.8611358867379302,0.7333333333333334
40,51,2,medium,medium,0.9877316771553212,0.706894038316295,0.9820813118027636,0.8943463994408677,0.6162029459901801
40,53,2,medium,medium,0.9875613616428776,0.7704111239311507,0.98446429801445,0.8963901085797292,0.6956521739130435
40,54,2,medium,medium,0.9886308828913456,0.7517565724767284,0.9829518658230898,0.9018928776216876,0.5787841191066998
40,55,2,medium,medium,0.9913543543152696,0.6728332503316972,0.9875868755637748,0.9432481310952616,0.5833333333333333
40,57,2,medium,medium,0.9881117630222096,0.7147894309167027,0.9845877683897036,0.8612832095031484,0.7149305555555556
40,58,2,medium,medium,0.9893118778632976,0.743244311050586,0.9851464803060668,0.9148518717374706,0.6521739130434783
40,61,2,medium,medium,0.99017990112914,0.7395364833996327,0.9858768575275966,0.9067497470901368,0.7320512820512821
40,62,2,medium,medium,0.990312707888308,0.6408977065086573,0.9858377595759016,0.9002429178936601,0.7307692307692308
40,66,2,medium,medium,0.9872984306117654,0.6487157012400062,0.9776883487686912,0.8762929832523791,0.6881313131313131
40,72,2,medium,medium,0.9921083379985308,0.6817004589515052,0.9898236385514833,0.9016648009733916,0.7142857142857142
40,73,2,medium,medium,0.9913751715807764,0.6632658483808558,0.9882553186514996,0.9123988937497104,0.6300322061191627
40,75,2,medium,medium,0.9879528481831826,0.7169336938171266,0.9839867851049942,0.9132463984364974,0.5867542419266557
40,81,2,medium,medium,0.9889362334995576,0.6865807014744925,0.9863970089409718,0.9187051482135196,0.6733333333333333
40,83,2,medium,medium,0.9911138838080732,0.7345438254523298,0.9885388438072876,0.9072076729166684,0.7083333333333334
40,84,2,medium,medium,0.991408514611961,0.7016471232602532,0.9884896612978602,0.9310173659660148,0.7272727272727273
40,88,2,medium,medium,0.9868995874275756,0.733646425745865,0.981195024493697,0.9066368552924244,0.736842105263158
40,89,2,medium,medium,0.99199808840118,0.6752256153317023,0.9884601132536128,0.8803442480970843,0.6318840579710145
40,91,2,medium,medium,0.9890195011822926,0.7707804080607767,0.9842707839840238,0.9348856651577616,0.5313725490196078
40,97,2,medium,medium,0.9921136865738606,0.7464040160589231,0.9881566495590144,0.8907717471796704,0.6
40,105,2,medium,medium,0.9899976507486434,0.7300230496837267,0.986097374481216,0.9212099339085348,0.7428571428571428
40,108,2,medium,medium,0.9874811995248246,0.6789728121779588,0.9820233477383498,0.9046115204100028,0.75
40,112,2,medium,medium,0.9913803944579884,0.710417427116282,0.9889652412341526,0.9239758119579036,0.6923076923076923
40,115,2,medium,medium,0.990486157032166,0.7312921756761177,0.9883175988352124,0.9207265181890631,0.657142857142857
40,117,2,medium,medium,0.990397651897443,0.7064328059978996,0.984922045711984,0.9243286372351416,0.6333333333333333
40,120,2,medium,medium,0.9896939932007552,0.7301495386355463,0.9825754675954876,0.9150098183180474,0.6666666666666666
40,125,2,medium,medium,0.9855079682232258,0.6805943652048525,0.9781802530874208,0.9189852517311278,0.6857142857142857
40,135,2,medium,medium,0.9889028424941984,0.6696073468818875,0.98510031186498,0.9040770361577916,0.75
40,142,2,medium,medium,0.9923155462225832,0.6902773453119961,0.9913642064773276,0.9220093187088968,0.6842105263157894
40,143,2,medium,medium,0.9880295308482108,0.8156744136879653,0.984993763868075,0.9334444756086546,0.5754985754985755
40,145,2,medium,medium,0.990695124954707,0.7420314232473728,0.9895318584543176,0.9256706471461044,0.7113095238095237
40,147,2,medium,medium,0.9931483621070738,0.6980491754554614,0.991372106593094,0.9271775197093196,0.7142857142857142
40,151,2,medium,medium,0.9935028496109252,0.6590147218358486,0.9916224620203736,0.904007692236826,0.6666666666666667
40,155,2,medium,medium,0.9900381195295904,0.7305191538438698,0.9862195613280004,0.920156585197193,0.72
40,158,2,medium,medium,0.9919121390324364,0.785392610953779,0.9883478521730152,0.9044532245541328,0.5853658536585366
40,168,2,medium,medium,0.9913261422074312,0.6318358542542293,0.9874287234198992,0.8876253737327537,0.7142857142857142
40,169,2,medium,medium,0.9880970568176984,0.7005908824039786,0.9850510254313884,0.9100849323658146,0.6978260869565218
40,171,2,medium,medium,0.9916289006546386,0.7018043024344216,0.9875304702450598,0.9035569156305696,0.5862068965517242
40,185,2,medium,medium,0.9909831432851944,0.7462975516878635,0.9861981401911072,0.921892717826304,0.6521739130434783
40,190,2,medium,medium,0.9888010970420228,0.7352914442778741,0.983084368988302,0.8967673658096165,0.5185185185185186
40,191,2,medium,medium,0.98842814936998,0.7358598500483998,0.9832043944126196,0.9056617865785525,0.6428571428571428
40,192,2,medium,medium,0.9918182304418378,0.7219741375333697,0.9887720035356458,0.9000627109211519,0.6082693947144076
40,194,2,medium,medium,0.9898321046936324,0.6351163287517625,0.9845917323105704,0.9037699824723096,0.6818181818181819
40,197,2,medium,medium,0.9888494085393827,0.6959846677596168,0.9838640306178328,0.9091471369187578,0.6348484848484849
40,202,2,medium,medium,0.987471008708449,0.651223050627517,0.9807575871223256,0.9027459556187604,0.6566964285714285
40,203,2,medium,medium,0.9878090988571498,0.6520798283676295,0.9817258872371948,0.9003036327932649,0.689010989010989
40,206,2,medium,medium,0.9925927977385252,0.7107237847380907,0.9897725861184709,0.9312602382378184,0.657142857142857
40,207,2,medium,medium,0.9927724353350365,0.7257180287941662,0.9905648290140002,0.9228399352306308,0.6363636363636365
40,210,2,medium,medium,0.990325468301098,0.7201692761871605,0.986528995129528,0.926881144598086,0.6956521739130435
40,212,2,medium,medium,0.9905675831826696,0.6908393308610304,0.98719453381273,0.9213029089730934,0.6928571428571428
40,214,2,medium,medium,0.9896845737212672,0.6891805180908612,0.9878312161683848,0.916040252471004,0.7083333333333334
40,215,2,medium,medium,0.99102963598576,0.728587780835597,0.988462704758908,0.8567547440094382,0.6875
42,50,2,medium,medium,0.9899296323645548,0.6570576107011346,0.9858052789944848,0.8770700560702657,0.75
42,51,2,medium,medium,0.9914559921091308,0.7763374328661649,0.9874074435846296,0.9182545643120308,0.6923076923076923
42,53,2,medium,medium,0.9876212829337996,0.7470291622418712,0.9820088823603524,0.8921339812533747,0.75
42,54,2,medium,medium,0.9880763851072598,0.6684296987740175,0.9840037977248934,0.882122255237374,0.5384615384615385
42,55,2,medium,medium,0.9916680573079468,0.6830933773502763,0.9890001810635703,0.9064203420540756,0.5
42,57,2,medium,medium,0.9898369833451758,0.7710183379648923,0.986219208202512,0.8742545823995428,0.75
42,58,2,medium,medium,0.9896140999493112,0.7053192799736038,0.9866452807641458,0.9478474926860232,0.6383442265795207
42,61,2,medium,medium,0.9906318441695364,0.6576575744779392,0.9893592277894808,0.9026789752806222,0.7272727272727273
42,62,2,medium,medium,0.9906360523155144,0.7166187034119403,0.9889923255992226,0.8867026530394324,0.7333333333333334
42,66,2,medium,medium,0.9866735596688244,0.7959611136994426,0.9797430995063632,0.8915343273606431,0.8235294117647058
42,72,2,medium,medium,0.9917926949454068,0.6794112014866808,0.9904724531182698,0.8846392717120722,0.7391304347826088
42,73,2,medium,medium,0.9924935915010756,0.6866016227587419,0.9900600760350792,0.8775928376677837,0.7047930283224401
42,75,2,medium,medium,0.98780802831524,0.7064616779300606,0.983688956528371,0.9259648965049692,0.6141439205955335
42,81,2,medium,medium,0.9909047124156988,0.6989733840491279,0.9878781280833764,0.9001313431953605,0.7071078431372549
42,83,2,medium,medium,0.9919710761116796,0.6762533679507897,0.9878822271136812,0.9273679902954516,0.7083333333333334
42,84,2,medium,medium,0.9918403790383916,0.7094223666943953,0.9884030455792508,0.8986449411524976,0.71875
42,88,2,medium,medium,0.9871213089050594,0.7365061227257645,0.9801085578715224,0.9212244846933848,0.8
42,89,2,medium,medium,0.9921021574240684,0.6233662954834145,0.9878600842516472,0.912075615005682,0.6444444444444445
42,91,2,medium,medium,0.9880129594639748,0.7903578058711997,0.9849959407477584,0.908633877636595,0.4729532163742691
42,97,2,medium,medium,0.9914663185981428,0.6811215987705499,0.987613313069073,0.9069790657259018,0.6333333333333333
42,105,2,medium,medium,0.9894286600872128,0.7278600174283679,0.9860732370389304,0.904522245626622,0.75
42,108,2,medium,medium,0.9891041902055672,0.7535727879708687,0.9852305535705213,0.9281767568089132,0.7673160173160174
42,112,2,medium,medium,0.9912507707851966,0.6029195764022265,0.9886886004026458,0.9122645395958918,0.7
42,115,2,medium,medium,0.9911250605438652,0.731420749681559,0.9885314671107828,0.903741855745932,0.606060606060606
42,117,2,medium,medium,0.9911620887126708,0.6817932833818281,0.9871504290021176,0.9018893202720945,0.6341463414634145
42,120,2,medium,medium,0.9904039037932544,0.6885463567921322,0.9856529281644452,0.9227975942591032,0.6923076923076923
42,125,2,medium,medium,0.985062081430823,0.7806211255574859,0.9782839238847658,0.9048340392147942,0.7391304347826088
42,135,2,medium,medium,0.9904144260905788,0.6331120527538723,0.9862074767972384,0.8948474577671869,0.7999999999999999
42,142,2,medium,medium,0.9914194314191253,0.6355865065776702,0.9875842126760878,0.9050103094235552,0.7058823529411764
42,143,2,medium,medium,0.9882391875056172,0.7487807535718873,0.98418360621875,0.9262267872241176,0.5
42,145,2,medium,medium,0.9909730763269582,0.7118656696140888,0.988116161734646,0.9130197641084808,0.7692307692307693
42,147,2,medium,medium,0.992380021767084,0.6249016031560887,0.9911048045183538,0.8849387321185176,0.7391304347826088
42,151,2,medium,medium,0.9935770573017846,0.6150568586434597,0.9923226884071092,0.9051796102481272,0.7
42,155,2,medium,medium,0.9892719369501212,0.7089700638176197,0.9868681868042368,0.8929101722764073,0.7619047619047619
42,158,2,medium,medium,0.9915845797132764,0.7834331748034087,0.9889678671423836,0.9181675152891944,0.6206896551724137
42,168,2,medium,medium,0.9918053982752076,0.6022293957355882,0.98828813534471,0.8803047001636325,0.7
42,169,2,medium,medium,0.9876721413720492,0.6979567843759165,0.9854755749290456,0.8750524233628364,0.7083333333333334
42,171,2,medium,medium,0.9913138348574236,0.6287608181606161,0.9858733923372246,0.90320985183695,0.5500556173526141
42,185,2,medium,medium,0.9921614328707627,0.7522260198499978,0.990533391320551,0.9211862280494176,0.6573734409391049
42,190,2,medium,medium,0.9913044076790676,0.7636711555437535,0.9891194639105572,0.915712317347579,0.6425061425061426
42,191,2,medium,medium,0.990106163956673,0.7326841003815816,0.98546974058404,0.8942749110410081,0.649616368286445
42,192,2,medium,medium,0.992195085871635,0.6087984180590368,0.9903268784795424,0.8982561772650275,0.6228448275862069
42,194,2,medium,medium,0.9905408676574722,0.6386577812473443,0.9877688615389272,0.9018808785500292,0.6969696969696969
42,197,2,medium,medium,0.9874170125369292,0.7132924595603718,0.983950341974062,0.9183542926955048,0.6073781291172595
42,202,2,medium,medium,0.9866731844169156,0.6267948332323926,0.9780924743669512,0.8795147944634474,0.6486486486486487
42,203,2,medium,medium,0.9859096317678891,0.7209893733504242,0.982147905389534,0.8917342272853903,0.75
42,206,2,medium,medium,0.9922216415484278,0.6357695158545167,0.991400605347274,0.9138487794848766,0.6956521739130435
42,207,2,medium,medium,0.9922852286224468,0.6601705967782417,0.990270443257532,0.8784420521205762,0.6799999999999999
42,210,2,medium,medium,0.9912999154622631,0.789912109271889,0.9852313576220044,0.9023518739986942,0.75
42,212,2,medium,medium,0.991442809713316,0.6987156498172201,0.9894748446109312,0.9181724561401168,0.7
42,214,2,medium,medium,0.989847883094064,0.6279960726831613,0.988860030302642,0.90802482621666,0.7037037037037037
42,215,2,medium,medium,0.991572681470272,0.7049443736904201,0.9881068268010236,0.8927586887041616,0.7096774193548387
50,51,2,medium,medium,0.9904324818860144,0.6432409518884912,0.9872418550690092,0.9380393618494172,0.6666666666666667
50,53,2,medium,medium,0.989151411462574,0.6785534922556773,0.9850609256394322,0.8841142219223375,0.736842105263158
50,54,2,medium,medium,0.99030207408436,0.6703209134465733,0.985970225326608,0.899867649635952,0.653846153846154
50,55,2,medium,medium,0.9915170560802712,0.7640973436732649,0.9885717637724692,0.9135542492247396,0.5641025641025641
50,57,2,medium,medium,0.9901866311965716,0.6532521229191623,0.9848450454521994,0.909328466485124,0.7894736842105263
50,58,2,medium,medium,0.9915693428963788,0.7127026490711905,0.9873405389749416,0.8900435311926381,0.5590277777777777
50,61,2,medium,medium,0.991003986851665,0.7570285993486237,0.9886583329713564,0.8841610428913502,0.6818181818181819
50,62,2,medium,medium,0.9910302802332082,0.6424172379950542,0.9864904845542932,0.8784759301572208,0.6799999999999999
50,66,2,medium,medium,0.989792765780555,0.5885416845326459,0.9830609697696646,0.9205358002630104,0.7727272727272728
50,72,2,medium,medium,0.9912387767996432,0.7058898971447879,0.9896856215655304,0.8934203037188506,0.7777777777777779
50,73,2,medium,medium,0.991229238432356,0.7073758741189251,0.9881874394854772,0.9044808679099836,0.7
50,75,2,medium,medium,0.9886231105438272,0.7717454344934214,0.9851949378546566,0.8968712593114095,0.5999999999999999
50,81,2,medium,medium,0.9907178721268012,0.7207583193989318,0.9879849936612254,0.8648093149390064,0.7083333333333334
50,83,2,medium,medium,0.9909332612279892,0.7018364447878962,0.9875008822386832,0.9115609617911457,0.7272727272727273
50,84,2,medium,medium,0.9919545671361928,0.7522340980773397,0.988605371865443,0.8876701482984664,0.7391304347826088
50,88,2,medium,medium,0.9894161788171896,0.665481354976605,0.9838261533542696,0.8854814340353264,0.7391304347826088
50,89,2,medium,medium,0.9924377419747078,0.7414966973220728,0.9896713805883792,0.893548228151497,0.649616368286445
50,91,2,medium,medium,0.9900424065858008,0.733428965496816,0.9858430947843242,0.8454553753766239,0.5172413793103448
50,97,2,medium,medium,0.9917793825585296,0.720514220775913,0.9884375041997056,0.8893340881296813,0.6389655172413793
50,105,2,medium,medium,0.9908854461204506,0.6125846783845224,0.986082430767844,0.8670781963068839,0.7777777777777779
50,108,2,medium,medium,0.9896064009909484,0.6494949753640828,0.9851471903937266,0.8867259290777706,0.7826086956521738
50,112,2,medium,medium,0.9916246937653778,0.6874394210696058,0.989657654861804,0.8689774783966915,0.6785714285714286
50,115,2,medium,medium,0.9911501316402356,0.6505328276361748,0.986653990368472,0.9173202406089436,0.7083333333333334
50,117,2,medium,medium,0.9907643475390948,0.7213318926226142,0.9885331313299452,0.914580985554746,0.6666666666666667
50,120,2,medium,medium,0.9903770055674892,0.7094281695206173,0.986982574957646,0.8556264296977546,0.7297297297297298
50,125,2,medium,medium,0.9872758315171392,0.6169251468303396,0.9825355718543786,0.8655773337485217,0.7360681114551084
50,135,2,medium,medium,0.9898830276807062,0.7533977893738457,0.9866376089469514,0.8868229369708196,0.7619047619047619
50,142,2,medium,medium,0.9919355620532644,0.751682525987558,0.9880239512985816,0.8574929328226572,0.6956521739130435
50,143,2,medium,medium,0.9904423763112844,0.6870348398229886,0.9857317928001246,0.8695099952248775,0.56
50,145,2,medium,medium,0.9908406813771212,0.7253803311286069,0.988544182194993,0.9332900196844334,0.7619047619047619
50,147,2,medium,medium,0.9914602807173444,0.7102886634914761,0.9891620087956882,0.8711078665382217,0.7741935483870968
50,151,2,medium,medium,0.993216210648328,0.7241826247452529,0.9909303382483636,0.8505305439052295,0.7142857142857142
50,155,2,medium,medium,0.9903484317144228,0.7218165018470079,0.987583717982428,0.8619848365107783,0.7777777777777779
50,158,2,medium,medium,0.9902635149834144,0.6898927667455061,0.9868682326161368,0.8817341640832714,0.6
50,168,2,medium,medium,0.991728119537596,0.7285414146661395,0.98923930732266,0.9053244339734114,0.6969696969696969
50,169,2,medium,medium,0.9891609503646248,0.6808491343281653,0.98551723412628,0.8705454646008539,0.7586206896551724
50,171,2,medium,medium,0.9906162592245552,0.7041353472865995,0.9886066017322552,0.877247529012824,0.5483870967741936
50,185,2,medium,medium,0.991277220161917,0.6726351023643826,0.9862672685716724,0.8669875926460942,0.6956521739130435
50,190,2,medium,medium,0.9905303717914382,0.601525264701072,0.9848185789811688,0.8799736090808747,0.7272727272727273
50,191,2,medium,medium,0.989837132789386,0.6956544159844331,0.9869725265222056,0.8774549713489126,0.675
50,192,2,medium,medium,0.9913755994160108,0.7121406511473939,0.9882035426707244,0.8877067316793377,0.6521739130434783
50,194,2,medium,medium,0.9907342737727836,0.7168501369398299,0.9867960626610304,0.8827116017302584,0.6944444444444445
50,197,2,medium,medium,0.9896104789323272,0.7130810661023619,0.9862420027450082,0.8774835318401,0.6818181818181819
50,202,2,medium,medium,0.9881508840923138,0.7015326570740088,0.9831348622642478,0.8842855737305296,0.6666666666666666
50,203,2,medium,medium,0.9896023053307184,0.6548059490808678,0.9833752039275642,0.8871922376135636,0.7619047619047619
50,206,2,medium,medium,0.9917853877199984,0.7359219529482532,0.9881442970060736,0.8795073006008076,0.7272727272727273
50,207,2,medium,medium,0.9917426259721236,0.7424740519092967,0.9889422364740112,0.8725084405888726,0.6399999999999999
50,210,2,medium,medium,0.9910318183459972,0.7000299978874782,0.9877867536103714,0.8592336773708517,0.736842105263158
50,212,2,medium,medium,0.9904877412590972,0.6904507975483973,0.987970328791056,0.8605157363640308,0.7586206896551724
50,214,2,medium,medium,0.990007378631822,0.7122425671133413,0.9869294497192068,0.8838304371220094,0.736842105263158
50,215,2,medium,medium,0.9907128045236018,0.706498044058488,0.9882846517443008,0.9350000249615612,0.7272727272727273
51,53,2,medium,medium,0.9894269147322314,0.6895879674858247,0.983478540757594,0.8839367200201165,0.6285714285714284
51,54,2,medium,medium,0.9908376808456176,0.731352285812555,0.9855851883030868,0.9352773723262278,0.5517241379310345
51,55,2,medium,medium,0.9927151454809564,0.6453439948933191,0.9887490546041038,0.9324708990169972,0.5333333333333334
51,57,2,medium,medium,0.993205188748552,0.7405381875279513,0.992152192426332,0.9049087752999734,0.6551724137931034
51,58,2,medium,medium,0.9937152272534908,0.6931674949301223,0.9912650355301098,0.9531188042278408,0.6483516483516484
51,61,2,medium,medium,0.9924960073889992,0.6884249716456812,0.9905048110680812,0.9463737362724992,0.6352549889135255
51,62,2,medium,medium,0.9934763100676972,0.664987351707066,0.9923106654612336,0.9187140191041674,0.6564685314685316
51,66,2,medium,medium,0.9907545818382062,0.6398549881938558,0.9900934875907564,0.918117494743151,0.6614583333333333
51,72,2,medium,medium,0.9929571959965732,0.6345219676190181,0.9907647723646056,0.889318656906116,0.657142857142857
51,73,2,medium,medium,0.9930981158884716,0.6516491528075687,0.9906737982550888,0.8974253011661141,0.6206896551724137
51,75,2,medium,medium,0.9883838361875632,0.6963276262379361,0.9815628318376834,0.8711861461453821,0.6066017316017316
51,81,2,medium,medium,0.9916862016550424,0.606693379383211,0.9874120215963158,0.9143293273432102,0.5957446808510638
51,83,2,medium,medium,0.9922292136856112,0.6364076413224496,0.9887357101363334,0.9025170469570254,0.6363636363636365
51,84,2,medium,medium,0.9935211052374991,0.7272302696913003,0.9910777914562052,0.9592110981920512,0.6052631578947368
51,88,2,medium,medium,0.9896941979455056,0.7525742405305214,0.9852408820825238,0.939055579349566,0.6666666666666666
51,89,2,medium,medium,0.9935609484148964,0.6562925274508439,0.9901069307927278,0.8720973441332922,0.6285714285714284
51,91,2,medium,medium,0.9907022183336484,0.6840914779793034,0.9857459172008788,0.8995815818848817,0.5714285714285714
51,97,2,medium,medium,0.992407889669406,0.6607085170262763,0.9886129209567578,0.8755646955588007,0.6140350877192983
51,105,2,medium,medium,0.9929742781601972,0.7413464253742288,0.9918417212096424,0.8821959833436304,0.6318879855465221
51,108,2,medium,medium,0.9916119719791148,0.7614482744704031,0.9896703172295276,0.9119007946655566,0.6129032258064516
51,112,2,medium,medium,0.9933228110548766,0.6367452622093173,0.9908146668441662,0.8734231661375305,0.6341463414634145
51,115,2,medium,medium,0.9915667451084476,0.6758415859672241,0.9879999605989982,0.8936445293152196,0.639247311827957
51,117,2,medium,medium,0.9910856387331344,0.6510932331510717,0.986689363103472,0.943818457253358,0.6862745098039217
51,120,2,medium,medium,0.9905703715783246,0.6303918869582916,0.9862173985747404,0.8689890783082469,0.6418764302059496
51,125,2,medium,medium,0.9846909623019674,0.7314344547309864,0.9780413047022746,0.8844068393070509,0.6168478260869565
51,135,2,medium,medium,0.9909861122240614,0.6425893275353687,0.984561260334962,0.8873222027035566,0.6742424242424243
51,142,2,medium,medium,0.9942146685102692,0.758124028066016,0.9920927751022768,0.9433402544219264,0.631578947368421
51,143,2,medium,medium,0.9909626882855782,0.7936724466035618,0.9864150650515928,0.9564974065060912,0.5555555555555556
51,145,2,medium,medium,0.991964552878481,0.6721986621357021,0.990055360026615,0.9470756035878172,0.6551724137931034
51,147,2,medium,medium,0.9944203610311524,0.6281059777137095,0.9922038059046762,0.9145133757264629,0.625
51,151,2,medium,medium,0.9944521536464483,0.601423148855788,0.9923094666608284,0.892577847615139,0.6521739130434783
51,155,2,medium,medium,0.9914045882978988,0.7058473905825758,0.9862278870319766,0.9241172527052728,0.625
51,158,2,medium,medium,0.992651406609305,0.6876818810738656,0.9878255916258124,0.9056335703730836,0.6
51,168,2,medium,medium,0.9921906467052672,0.6126263475357461,0.9875441224254404,0.9244428700929856,0.653846153846154
51,169,2,medium,medium,0.9892017035071964,0.7476140999376004,0.9834913135588516,0.9288803315864506,0.6225865209471767
51,171,2,medium,medium,0.9912561702714312,0.5898512901823649,0.9877862163281522,0.8479585673192988,0.5416666666666666
51,185,2,medium,medium,0.99377945768932,0.7547963789678929,0.9914987054636952,0.9182277902335256,0.6475155279503105
51,190,2,medium,medium,0.9925897285390556,0.7285745090573696,0.9893120501100088,0.9487293631535844,0.5428571428571428
51,191,2,medium,medium,0.9893158270007744,0.703695204694345,0.984743697898597,0.9474864508028652,0.625
51,192,2,medium,medium,0.993377983663144,0.7095342247504697,0.9916541339810876,0.8854413022721171,0.638888888888889
51,194,2,medium,medium,0.9907207948084308,0.593126488956983,0.9851491269335676,0.8766396998809916,0.657142857142857
51,197,2,medium,medium,0.9895172877523176,0.6599677561433785,0.983874567400281,0.9243519655761336,0.5833333333333333
51,202,2,medium,medium,0.9874336964241474,0.6094259929360697,0.978537980679508,0.8780127299040972,0.6510869565217391
51,203,2,medium,medium,0.9903206059371856,0.7705113634361336,0.9854556219822538,0.8810902370419783,0.6504112808460635
51,206,2,medium,medium,0.9943492718961244,0.6445835721064334,0.9917363102599158,0.9080646676481164,0.6402157164869029
51,207,2,medium,medium,0.993828862750989,0.6332083192400981,0.9911225964218776,0.8957925147508905,0.6545092838196287
51,210,2,medium,medium,0.9932721719714378,0.7111655479524375,0.9895220150921844,0.9370336875620292,0.6578947368421053
51,212,2,medium,medium,0.9934501056267024,0.6931929758256296,0.9914287194707828,0.9239422145020252,0.653453689167975
51,214,2,medium,medium,0.9914487456210233,0.6886313678721954,0.9882894060564228,0.8932688278025332,0.6857142857142857
51,215,2,medium,medium,0.9934045858983072,0.6327651694074756,0.9901083539392737,0.9199865438330792,0.6607142857142856
53,54,2,medium,medium,0.9867968018248008,0.7134326129021966,0.9795895231997818,0.8592148588631386,0.5980769230769231
53,55,2,medium,medium,0.9913818928543862,0.7145134431857834,0.9873386691074088,0.9207073399568316,0.5370879120879121
53,57,2,medium,medium,0.9881011949014008,0.6577799881531381,0.981992562017229,0.8945131000404511,0.7
53,58,2,medium,medium,0.9898729331134092,0.7282806291560369,0.9877819945204628,0.8968399269470111,0.6176470588235294
53,61,2,medium,medium,0.9892323231116172,0.7631746827635697,0.9850399834698976,0.8998046626788648,0.6978260869565218
53,62,2,medium,medium,0.9885461676788636,0.7405895943459558,0.9850668943280284,0.9166698134147496,0.7083333333333334
53,66,2,medium,medium,0.986771989801424,0.67373405046615,0.9792745220614786,0.8898224322456877,0.736842105263158
53,72,2,medium,medium,0.9905060604175644,0.6699490865035875,0.9873667742597788,0.9097737038903856,0.7290209790209791
53,73,2,medium,medium,0.9906493334386688,0.7041262999475332,0.9870786882621913,0.8982394736684517,0.6923076923076923
53,75,2,medium,medium,0.9880654509335316,0.7050841585400414,0.9827917073866655,0.9034577227274478,0.5871212121212122
53,81,2,medium,medium,0.9886061823792844,0.7288855569699356,0.9839426893142464,0.896122721785538,0.676944971537002
53,83,2,medium,medium,0.9895188255439796,0.715989080889782,0.9860985028302262,0.8885805856760965,0.6818181818181819
53,84,2,medium,medium,0.9916653817222096,0.6624217354995992,0.9905971941930224,0.8887090721276074,0.736842105263158
53,88,2,medium,medium,0.986981735701486,0.6741973901862972,0.9837251695287844,0.9216282750693604,0.75
53,89,2,medium,medium,0.9920506334648496,0.6762121678823809,0.9883621917722176,0.8616089802294915,0.56
53,91,2,medium,medium,0.989327013295977,0.7680105456007065,0.9847673051210843,0.8891474643416759,0.487924094307073
53,97,2,medium,medium,0.9899110121487174,0.7116104194318909,0.9866655721617504,0.921259965358256,0.6414285714285713
53,105,2,medium,medium,0.990339421475374,0.6648232780032595,0.9858714955829214,0.924258528825322,0.7387914230019493
53,108,2,medium,medium,0.987249777890582,0.7414419311559244,0.9834495222514222,0.9238952522615294,0.7391304347826088
53,112,2,medium,medium,0.9903820418459364,0.6736739198761548,0.9884742628198734,0.9063165556293354,0.6923076923076923
53,115,2,medium,medium,0.9901935877023562,0.7286233364402055,0.986728010377046,0.9189245750502578,0.5935935935935936
53,117,2,medium,medium,0.9892517631826928,0.712223688470683,0.9868727864072449,0.8963039574282139,0.6381818181818182
53,120,2,medium,medium,0.988777238174298,0.7247914112311945,0.9849608298749172,0.93648074938391,0.6956521739130435
53,125,2,medium,medium,0.9858849024660614,0.7875715142297981,0.9793549588994614,0.8929390895179385,0.7
53,135,2,medium,medium,0.9889940388168792,0.6777754405810881,0.9849588102928848,0.873129714721341,0.75
53,142,2,medium,medium,0.9905262828294826,0.6867143399374396,0.9880434570244168,0.9097019287650744,0.6594202898550725
53,143,2,medium,medium,0.9875976072759032,0.7516314740702992,0.9837986960994536,0.9030181978208868,0.4963768115942029
53,145,2,medium,medium,0.9906515062859332,0.7574126965356518,0.987774750503672,0.9125753622052424,0.7619047619047619
53,147,2,medium,medium,0.9921788154490802,0.6966333221484389,0.9898934376096296,0.9023942692487048,0.7602627257799671
53,151,2,medium,medium,0.9936100116027028,0.6571395278287302,0.9923093495936056,0.9081092635147158,0.6739130434782609
53,155,2,medium,medium,0.9869794360724988,0.707973808944788,0.9820496719235444,0.909339214844551,0.7236363636363636
53,158,2,medium,medium,0.9901724133935538,0.7730773831959779,0.9851380419912756,0.9264943503481762,0.5935935935935936
53,168,2,medium,medium,0.9904916105163384,0.6556604659524878,0.9870986014434718,0.8975961622285373,0.7083333333333334
53,169,2,medium,medium,0.9878843836362028,0.7626659313830011,0.9825518908399812,0.9410366491377284,0.6666666666666666
53,171,2,medium,medium,0.9886437110951176,0.646701948376658,0.9861507934585398,0.9171831576618176,0.5833333333333333
53,185,2,medium,medium,0.9897025732931962,0.7189882081086849,0.9872849675234576,0.9048083220322956,0.6597402597402597
53,190,2,medium,medium,0.9902087453491848,0.7079448267021575,0.9852944555770864,0.9036859853279434,0.625
53,191,2,medium,medium,0.9892159173738604,0.7188159073442285,0.9862871924868324,0.8882116792691421,0.6079192546583851
53,192,2,medium,medium,0.990923573293582,0.7057184240201186,0.9868905076920438,0.8658672219285254,0.603030303030303
53,194,2,medium,medium,0.9891418294547863,0.6381651093998031,0.9845347185464202,0.9065250577577424,0.7113095238095237
53,197,2,medium,medium,0.9880301755860844,0.7498673939954773,0.9835644744411808,0.8792427511612602,0.6307692307692307
53,202,2,medium,medium,0.9873853591439966,0.6856043831901277,0.9807773397091856,0.8745676625457756,0.6363636363636364
53,203,2,medium,medium,0.9875101243091424,0.6824649293411162,0.9840106589819976,0.9155185325302322,0.6799999999999999
53,206,2,medium,medium,0.9920301773493684,0.681607064467804,0.9898028500910238,0.8975104968265459,0.7008771929824562
53,207,2,medium,medium,0.992034635643368,0.7199192818169595,0.9902672327847848,0.907388949335856,0.6363636363636365
53,210,2,medium,medium,0.9901315075696971,0.7204793249918459,0.9864982339923576,0.898386712501418,0.6818181818181819
53,212,2,medium,medium,0.9884159748459896,0.662153496656402,0.9854475049268973,0.9125445404291148,0.7105263157894737
53,214,2,medium,medium,0.9890398458056154,0.6944905547525893,0.9859971389025808,0.894681866512433,0.7027027027027026
53,215,2,medium,medium,0.9907302156540354,0.6732181678940026,0.9873210608024038,0.9064487479998392,0.6956521739130435
54,55,2,medium,medium,0.9918315004573433,0.6607515656459331,0.9874840597413326,0.905110577897674,0.5862068965517242
54,57,2,medium,medium,0.9892587796038274,0.7644667573710022,0.9853823249068596,0.8597909407682586,0.5833333333333333
54,58,2,medium,medium,0.9906013639771012,0.6720662793543715,0.9848464915601982,0.891195494777913,0.5912698412698413
54,61,2,medium,medium,0.9912545217204906,0.7620990553309758,0.9866510943704732,0.9391393185989818,0.6176470588235294
54,62,2,medium,medium,0.9909130363671408,0.6791218755540123,0.9857855984215438,0.8929986128998434,0.645751633986928
54,66,2,medium,medium,0.9892669156967088,0.6250257340977677,0.9837352906565302,0.8896805899326343,0.553191489361702
54,72,2,medium,medium,0.9919461594284952,0.6450284973939859,0.9884074078196512,0.8861146455829914,0.6666666666666666
54,73,2,medium,medium,0.992091671767604,0.6536983219031706,0.9890474501432942,0.8418153906120001,0.5659420289855073
54,75,2,medium,medium,0.9871306998498828,0.7758306498738714,0.982608980937124,0.8473756265680028,0.6363636363636365
54,81,2,medium,medium,0.9913581387620232,0.6288799204261823,0.986529853609323,0.9478681749467672,0.5791592128801432
54,83,2,medium,medium,0.9921294957813336,0.6873816881677846,0.988568873513634,0.8985519603899138,0.6547919293820934
54,84,2,medium,medium,0.99261405513555,0.7877176293208288,0.989225886407668,0.9215689359472844,0.6666666666666666
54,88,2,medium,medium,0.9875870394589042,0.6396144000198194,0.9788227996642844,0.8712644954606169,0.574468085106383
54,89,2,medium,medium,0.9925614076478908,0.6454851464905718,0.9890768783896255,0.8596794743062307,0.6666666666666666
54,91,2,medium,medium,0.9900915687001772,0.750409295786346,0.9848719398988672,0.9131471008770018,0.6115257048092869
54,97,2,medium,medium,0.9918915860640442,0.782572132534758,0.9879744676752265,0.8755146193124281,0.6421832884097035
54,105,2,medium,medium,0.9892878206065684,0.7240067314847014,0.9835629960033164,0.9016459303662472,0.5999999999999999
54,108,2,medium,medium,0.9893717398077828,0.6720584885651523,0.9849984660683522,0.874132329520247,0.5945945945945945
54,112,2,medium,medium,0.9917699264179868,0.6706861897287599,0.9893419754012128,0.8472269646969199,0.6666666666666666
54,115,2,medium,medium,0.9908548237471636,0.7912056380127286,0.9855785379941122,0.8808152096491797,0.6082693947144076
54,117,2,medium,medium,0.9908327018340928,0.7085565246595334,0.9868633938086008,0.9362747009865354,0.6039136302294197
54,120,2,medium,medium,0.988455286919996,0.781538524751794,0.9824525772923458,0.8962879589984583,0.5847701149425288
54,125,2,medium,medium,0.9859168940950324,0.7724540270474627,0.9810854710954152,0.8766618524823754,0.6071428571428572
54,135,2,medium,medium,0.9895398809536392,0.6715164446065185,0.9856928061971036,0.8765107442043639,0.6428571428571428
54,142,2,medium,medium,0.992297676914568,0.7877176293208288,0.9894452893224428,0.8764663324494563,0.6521739130434783
54,143,2,medium,medium,0.9874446616691304,0.7738781585419843,0.9832516586952492,0.9255858509867064,0.6
54,145,2,medium,medium,0.9910989602376272,0.6917135212518879,0.9888527260227338,0.92465928796472,0.5555555555555556
54,147,2,medium,medium,0.9921890917700988,0.7114918111926932,0.9897445691389846,0.897207202448811,0.6107994389901823
54,151,2,medium,medium,0.993539703126237,0.6266135554444865,0.9910657389347538,0.8924817820524767,0.6666666666666667
54,155,2,medium,medium,0.9892160369896312,0.6977279926477558,0.9860584276132126,0.9270579595000014,0.6153846153846154
54,158,2,medium,medium,0.991574837927104,0.7315629583171739,0.9895862577604508,0.9160198083898878,0.6440677966101696
54,168,2,medium,medium,0.991781113280346,0.617324357741257,0.9873315223225502,0.8822311962663472,0.6440092165898618
54,169,2,medium,medium,0.98848105437566,0.7506417658387872,0.9843496379357426,0.9522914773132932,0.5625
54,171,2,medium,medium,0.9919740111987652,0.7429753924527163,0.987643966511281,0.8803524924712839,0.5999999999999999
54,185,2,medium,medium,0.991514792276018,0.7232574899774472,0.9874009317247904,0.911362364642177,0.6023086654016445
54,190,2,medium,medium,0.9914588892126646,0.7789594572410293,0.9868915383911092,0.9464545718393912,0.6578947368421053
54,191,2,medium,medium,0.9886461464309512,0.7568877398975794,0.9857642794892372,0.9264917702211724,0.574468085106383
54,192,2,medium,medium,0.993147270764216,0.7546612438857127,0.9906874569499332,0.8484471681602382,0.631578947368421
54,194,2,medium,medium,0.990229068446972,0.64331625856087,0.9854059484404102,0.8716666964143867,0.6461100569259963
54,197,2,medium,medium,0.9884114388714992,0.7480425546750411,0.9810519703511356,0.9340318406319305,0.5483870967741936
54,202,2,medium,medium,0.9879034077427242,0.6250950075219083,0.9799905444893572,0.8558989278126495,0.6122448979591837
54,203,2,medium,medium,0.9865854001250266,0.7370835525772617,0.9808879494488894,0.8771843603516483,0.5725995316159251
54,206,2,medium,medium,0.9930444451862172,0.7161284070646006,0.9898070350225096,0.9311130925706448,0.653846153846154
54,207,2,medium,medium,0.992021816185764,0.6876044993032449,0.9888855178505632,0.901850788270992,0.6399999999999999
54,210,2,medium,medium,0.990562840308079,0.7386847329858967,0.9866668258043838,0.9227345308568696,0.6129032258064516
54,212,2,medium,medium,0.989379187511682,0.6808347032505022,0.9880548351136654,0.8986479507692936,0.5617283950617284
54,214,2,medium,medium,0.9903695547049056,0.6816196980421846,0.9877444978261242,0.8848348297698118,0.6382978723404256
54,215,2,medium,medium,0.9919710006385104,0.6288504560689594,0.9891591589137352,0.8962198485351018,0.6486486486486487
55,57,2,medium,medium,0.9922891324849076,0.7280946295208882,0.9880398944915822,0.8656099262670589,0.5277777777777778
55,58,2,medium,medium,0.9921864565175555,0.6951906030841672,0.9881534597306566,0.9347176542836506,0.5714285714285714
55,61,2,medium,medium,0.992315042961569,0.7091397279682568,0.9888182356388164,0.9294514730365112,0.5862068965517242
55,62,2,medium,medium,0.992294804922248,0.7309315386560207,0.9890941211465968,0.9055508069540316,0.5925925925925926
55,66,2,medium,medium,0.9913881996848084,0.5496324362797578,0.9858761639258052,0.9124806589042944,0.4666666666666667
55,72,2,medium,medium,0.9923775845504816,0.7252863261741611,0.989349883924878,0.9112496340521454,0.5357142857142857
55,73,2,medium,medium,0.9917822737532296,0.7179019018724034,0.9889457447413113,0.9136071433447824,0.553191489361702
55,75,2,medium,medium,0.99092123097926,0.7167527354105956,0.9870222529219566,0.917219131336539,0.617334167709637
55,81,2,medium,medium,0.9919200841876707,0.764528641786524,0.9886832356671892,0.9086105440464202,0.6101694915254237
55,83,2,medium,medium,0.9929433339604552,0.7403115808655528,0.9901781540003032,0.9130077956936112,0.5784615384615385
55,84,2,medium,medium,0.992113241695756,0.7286986697703086,0.9895020193904446,0.9245859290517086,0.5633333333333334
55,88,2,medium,medium,0.991536784709793,0.6053144568007792,0.9882782693108816,0.9163294030720588,0.5099415204678363
55,89,2,medium,medium,0.9933031084664536,0.7669167484265211,0.9906252936417412,0.8995726823238216,0.625
55,91,2,medium,medium,0.9919098164463036,0.7334769472630682,0.988852458354042,0.92467731624934,0.5757575757575757
55,97,2,medium,medium,0.993176136813998,0.7611619767814094,0.99038455149297,0.9188973180080736,0.575
55,105,2,medium,medium,0.9928026117828644,0.7214513260899573,0.9893388282557486,0.9155137920672108,0.5806451612903225
55,108,2,medium,medium,0.9917206328067448,0.6458004682882956,0.9886600994127894,0.9272001518677128,0.4871794871794871
55,112,2,medium,medium,0.9926578188908868,0.766228771845902,0.9902994048643023,0.9069232005159248,0.5769230769230769
55,115,2,medium,medium,0.992470249356124,0.6615841066443723,0.9891832389477307,0.9344285603521314,0.6181818181818182
55,117,2,medium,medium,0.9927775573673968,0.7371326286881827,0.9905484281794462,0.9229231010683652,0.5833333333333335
55,120,2,medium,medium,0.9915279654781712,0.7125800777531411,0.988451108930274,0.938068842521812,0.5714285714285714
55,125,2,medium,medium,0.990919987256752,0.7093360767272254,0.9874445182578512,0.9185779453439462,0.5384615384615385
55,135,2,medium,medium,0.9919150499793636,0.7723405206800562,0.9891467619205014,0.9173745309627532,0.5294117647058822
55,142,2,medium,medium,0.9927190319364112,0.7510098994817156,0.9913183742050656,0.9027739280256808,0.5833333333333333
55,143,2,medium,medium,0.991684297311387,0.6754514175202178,0.9879377746550588,0.9112862957720356,0.5181818181818182
55,145,2,medium,medium,0.99257990039543,0.7697808711344589,0.9903031677499512,0.9333089831281648,0.5384615384615385
55,147,2,medium,medium,0.992408099460237,0.7735256713240095,0.9887721738788684,0.9315922787773244,0.5653846153846154
55,151,2,medium,medium,0.9934305761145868,0.6828480887337678,0.9919987016281058,0.9175503961611652,0.5806976744186048
55,155,2,medium,medium,0.9921687006920236,0.761219514574001,0.9899989214073196,0.9173583945503584,0.5185185185185186
55,158,2,medium,medium,0.9926816133895118,0.689836659697189,0.9899673377150484,0.9300498105125988,0.6140350877192983
55,168,2,medium,medium,0.992628995986804,0.7361153795793276,0.9894627808660976,0.915538942593522,0.5526315789473685
55,169,2,medium,medium,0.991485858968372,0.6846262757226096,0.9896074679842566,0.9127555962676228,0.5877684407096171
55,171,2,medium,medium,0.9929416006078168,0.7702144817842014,0.9892118854011156,0.9087991159239036,0.6051136363636364
55,185,2,medium,medium,0.993365424221088,0.7353705606814318,0.9899550142918934,0.9413184603807894,0.6000000000000001
55,190,2,medium,medium,0.9928689822187584,0.6863082080781473,0.9886465201542228,0.930791398288058,0.5757575757575757
55,191,2,medium,medium,0.9916823054382438,0.742106707507314,0.9880483345118548,0.9271137663588932,0.6153846153846154
55,192,2,medium,medium,0.9932545276043286,0.7538270268495981,0.9909379789426166,0.9119838049882024,0.5974025974025974
55,194,2,medium,medium,0.991284921168934,0.7399658464546128,0.9882231928247066,0.9076514563393132,0.6211556383970177
55,197,2,medium,medium,0.991204949189035,0.7034468574640955,0.9871952984385794,0.9199639142119224,0.5806451612903225
55,202,2,medium,medium,0.9901009221243318,0.7607801157542087,0.9860900018347248,0.9072984114453464,0.6038074712643678
55,203,2,medium,medium,0.991947398736009,0.6238714503380575,0.9882113575612907,0.9024995107936646,0.53125
55,206,2,medium,medium,0.993221064005411,0.7409447983760705,0.9903630295032758,0.9245284029959568,0.5714285714285714
55,207,2,medium,medium,0.9933006979914883,0.7458845137939532,0.9918129512550172,0.925450903275732,0.584119496855346
55,210,2,medium,medium,0.992446907412818,0.6639369854390227,0.989416987458291,0.933867781115852,0.5294117647058822
55,212,2,medium,medium,0.992863007090612,0.7516297496349869,0.9895505832926584,0.9401136989374754,0.558139534883721
55,214,2,medium,medium,0.9922504974851436,0.7372396354744423,0.9886256127363678,0.9262250017151492,0.5740740740740741
55,215,2,medium,medium,0.9919272263370902,0.7465042292636382,0.9884337114427832,0.90815780635377,0.5714285714285714
57,58,2,medium,medium,0.9915382344612784,0.709506430087464,0.9881411614114404,0.8837438575479545,0.6054582210242587
57,61,2,medium,medium,0.9923399166978956,0.6283065635403857,0.9887313367890158,0.8891490220935341,0.7083333333333334
57,62,2,medium,medium,0.9930147710541454,0.7351016754012782,0.990988484285647,0.899962755385261,0.6666666666666667
57,66,2,medium,medium,0.9918099016211128,0.6791271616482143,0.9861512235438727,0.9320934306409152,0.7083333333333334
57,72,2,medium,medium,0.9926763236162012,0.6482891361678174,0.9892066121914536,0.8877482615348358,0.7894736842105263
57,73,2,medium,medium,0.9920822982152404,0.6481781656858678,0.9893740059273756,0.8898139247292374,0.7083333333333334
57,75,2,medium,medium,0.9879924649868644,0.7183166538744313,0.9820357402057102,0.8878170047023871,0.6086956521739131
57,81,2,medium,medium,0.9917319860327408,0.6708263924821671,0.9861614675659828,0.8907939100974626,0.7
57,83,2,medium,medium,0.9918127262465742,0.6724100292048423,0.9885985761323606,0.8924488420924426,0.7083333333333334
57,84,2,medium,medium,0.9933872533870184,0.6872939997282865,0.9919104455985986,0.8863148767147019,0.7096774193548387
57,88,2,medium,medium,0.9902903126206624,0.7614234701105589,0.9852635080898589,0.9068872171080892,0.7727272727272728
57,89,2,medium,medium,0.9928996182028692,0.5909389900824575,0.9905106642667864,0.880806375085811,0.6666666666666666
57,91,2,medium,medium,0.9896937085600784,0.7907374320000237,0.9847255555079244,0.8907263582437379,0.5151515151515151
57,97,2,medium,medium,0.9925263723820236,0.6216780135351443,0.9900097385902544,0.8918862395949196,0.6666666666666666
57,105,2,medium,medium,0.992636482857702,0.6934813885958251,0.9905810231392216,0.8456215117318991,0.7453703703703703
57,108,2,medium,medium,0.9906369955200388,0.7098264432361189,0.984610240069291,0.8842555567176357,0.7673160173160174
57,112,2,medium,medium,0.9923379455612464,0.6968503580436081,0.98942098482687,0.8920905869472011,0.6896551724137931
57,115,2,medium,medium,0.993033175042428,0.7646875094775732,0.989219966633304,0.8815302998100976,0.7142857142857143
57,117,2,medium,medium,0.991378556335438,0.7035229630395923,0.986347208771603,0.9266990631728972,0.6363636363636365
57,120,2,medium,medium,0.9896840526403378,0.7010548163833938,0.985394592480201,0.8962040338945652,0.6666666666666666
57,125,2,medium,medium,0.985185085729918,0.720881546395224,0.978733188112553,0.8832265555563521,0.7000000000000001
57,135,2,medium,medium,0.990379039926257,0.6098798700694523,0.9844627996386024,0.8801280546584672,0.7819293478260869
57,142,2,medium,medium,0.9927636488269194,0.7474862192089928,0.9900141555899736,0.8966250000164705,0.6666666666666667
57,143,2,medium,medium,0.9896550339774376,0.8286593818203536,0.98508459636388,0.888165952324375,0.5546610169491526
57,145,2,medium,medium,0.9923306138653144,0.7154780875805502,0.9905576563823958,0.8845525860517565,0.7559523809523809
57,147,2,medium,medium,0.9939351506549272,0.6027574835215896,0.991939902860786,0.8626197008048113,0.7142857142857142
57,151,2,medium,medium,0.9939875741467646,0.6128290331343742,0.9916658356501068,0.8232512339435889,0.75
57,155,2,medium,medium,0.9906054811975976,0.7146661674368451,0.9874550972166962,0.8770657418691225,0.7619047619047619
57,158,2,medium,medium,0.9910896676785608,0.7380769776401441,0.9885149328456434,0.9237398831710768,0.5909090909090909
57,168,2,medium,medium,0.9918882939368604,0.5949469276719264,0.9870489373350484,0.8567809081956326,0.71875
57,169,2,medium,medium,0.9873280686773482,0.6817707904402065,0.9815899968263926,0.9097832724193308,0.6857142857142857
57,171,2,medium,medium,0.9918216200178366,0.6834947570639889,0.9863683804706492,0.8737908815118165,0.6153846153846154
57,185,2,medium,medium,0.9932771670492566,0.740017028891979,0.9907084717757992,0.8578752443970297,0.7
57,190,2,medium,medium,0.9919336105228882,0.7252629150323744,0.9900097385902544,0.8851497262853569,0.5517241379310345
57,191,2,medium,medium,0.9896888397957218,0.6776700023000806,0.9845461046745242,0.8910517245013698,0.6666666666666666
57,192,2,medium,medium,0.9933851991187448,0.652193618158055,0.9905316111739162,0.8686143757027298,0.6799999999999999
57,194,2,medium,medium,0.9901407521913552,0.6386577812473443,0.9850628250998064,0.8398590300627594,0.7111111111111111
57,197,2,medium,medium,0.9882979063525256,0.6883772142505392,0.9837253634317036,0.8862548452793899,0.6631205673758865
57,202,2,medium,medium,0.9872860726132874,0.6045005250257949,0.978971087499912,0.882120435784295,0.65625
57,203,2,medium,medium,0.9899391212006234,0.7367091437906235,0.9868463326269592,0.898320505792733,0.7013513513513514
57,206,2,medium,medium,0.9940020767403844,0.6432488981790965,0.9912317530024184,0.872630786712591,0.6875
57,207,2,medium,medium,0.9928401327076082,0.5980966753704853,0.9888369944374722,0.8733703134786379,0.6708333333333334
57,210,2,medium,medium,0.991293963653488,0.7409428197901398,0.987874165181279,0.8861952135636052,0.6956521739130435
57,212,2,medium,medium,0.992678486982891,0.6582222377625063,0.9899434086930268,0.8791215175262623,0.7142857142857142
57,214,2,medium,medium,0.9913110189432216,0.6308712929163458,0.988162722515664,0.8501511334563616,0.7083333333333334
57,215,2,medium,medium,0.9925652356041834,0.6845568090746421,0.9904761183322576,0.9209925459704577,0.72
58,61,2,medium,medium,0.9926508246373876,0.71737067845543,0.9901053269068884,0.9281606770211288,0.6228448275862069
58,62,2,medium,medium,0.992831259640075,0.7119518390418844,0.9904595084923422,0.9114596881468956,0.588235294117647
58,66,2,medium,medium,0.9913575681800474,0.5854569047236315,0.9870200642934004,0.8961189957555338,0.5833333333333333
58,72,2,medium,medium,0.9929827496583968,0.6992543495063634,0.9904138977550254,0.9110619185309649,0.6389365351629503
58,73,2,medium,medium,0.9928806386044124,0.6054779197504416,0.9919846128156914,0.9248110895249992,0.5483870967741936
58,75,2,medium,medium,0.988994710187444,0.6808979223463633,0.9814286575838987,0.9221902540723342,0.5862068965517242
58,81,2,medium,medium,0.992194281734625,0.6985426966473687,0.987338371713524,0.9086245178026076,0.5892857142857143
58,83,2,medium,medium,0.9921244593567832,0.6813114571476777,0.988524178617048,0.901272744953558,0.6533437826541274
58,84,2,medium,medium,0.9939051811885664,0.7165009300231717,0.993071800184714,0.9426831075926028,0.6470588235294117
58,88,2,medium,medium,0.990748502396842,0.676676100063062,0.9893493226902368,0.9275067587426332,0.5972972972972972
58,89,2,medium,medium,0.9938038733877116,0.6320246140597365,0.9921816878474342,0.9194106710291372,0.6188554658840792
58,91,2,medium,medium,0.9907037940840744,0.7239161769463962,0.9872728714698106,0.9302824527388776,0.5678160919540229
58,97,2,medium,medium,0.9922798790626728,0.6932040988407748,0.987928621350814,0.9220168709195076,0.6291666666666667
58,105,2,medium,medium,0.9917834361047756,0.7538117300675106,0.9887391370039406,0.9101154238799276,0.6273148148148149
58,108,2,medium,medium,0.992787925190352,0.7250262290361413,0.9889720497861986,0.934306024923888,0.5714285714285714
58,112,2,medium,medium,0.9936794168327768,0.734657614584501,0.9918970160716036,0.9016208666341388,0.6341463414634145
58,115,2,medium,medium,0.9928601263537408,0.7214499580137357,0.9911896403105732,0.915017624839611,0.603030303030303
58,117,2,medium,medium,0.9924659157256892,0.6484272948830754,0.9900609186196064,0.9521163250857746,0.5909090909090909
58,120,2,medium,medium,0.990203210099034,0.7207838814896477,0.9866725579683628,0.9105989342973636,0.6428571428571428
58,125,2,medium,medium,0.9886034493311622,0.7243298230841838,0.9849199750731428,0.8989933546960086,0.6052631578947368
58,135,2,medium,medium,0.9911450865499316,0.6435948423575889,0.9868465684609112,0.9098635421090606,0.6635220125786163
58,142,2,medium,medium,0.9934110261800726,0.6925869396214579,0.9913727699939032,0.9229432183686288,0.6272648835202761
58,143,2,medium,medium,0.9908162820700336,0.7180707113243677,0.9888622544282768,0.9449900780857544,0.5384615384615385
58,145,2,medium,medium,0.991538905715924,0.7073958309813082,0.988930525159118,0.9380572099571918,0.653846153846154
58,147,2,medium,medium,0.994439590192906,0.7254239993312688,0.9933219388429853,0.9335146789786356,0.6333333333333333
58,151,2,medium,medium,0.9946016012492884,0.635156639814253,0.993277146700002,0.9134198222391996,0.5945945945945945
58,155,2,medium,medium,0.9915426034505797,0.6636156111911375,0.9875351593193205,0.925755857344898,0.6425806451612903
58,158,2,medium,medium,0.9918287122411176,0.6762583218864435,0.9899038411960795,0.92180634252151,0.581989247311828
58,168,2,medium,medium,0.9924020728893356,0.6267312262682543,0.9884623578263142,0.9336898753937848,0.626453488372093
58,169,2,medium,medium,0.9900257238832664,0.7542810493738072,0.9860491524535698,0.9173969944482684,0.6120401337792643
58,171,2,medium,medium,0.9925965809795978,0.6807689605719052,0.9896467776535054,0.911455862076404,0.625
58,185,2,medium,medium,0.9940551104590908,0.6943544625996029,0.9917862895855312,0.9472605747503215,0.6071428571428572
58,190,2,medium,medium,0.9927461311248212,0.7007661736818831,0.9897084364882108,0.9245692927798088,0.56
58,191,2,medium,medium,0.991262086479744,0.7421624014987083,0.9890422745309964,0.935247909221094,0.6268656716417911
58,192,2,medium,medium,0.99285111730963,0.7488324624087292,0.9894014095518144,0.901286244612058,0.6666666666666666
58,194,2,medium,medium,0.9908424706000164,0.6037399506940246,0.9861762440109394,0.9014511958405752,0.6176470588235294
58,197,2,medium,medium,0.9893652622817832,0.7222237501220838,0.9850368082981996,0.9345717465192228,0.6170212765957447
58,202,2,medium,medium,0.9884319137959174,0.6472132280842885,0.9809726124260164,0.9037362666653196,0.6333333333333333
58,203,2,medium,medium,0.9888432877943109,0.7061148712392351,0.9844000385450152,0.8979674778805996,0.5857843137254901
58,206,2,medium,medium,0.9933747237537556,0.6759015634185059,0.9925252245588172,0.9406634822569304,0.5988845988845989
58,207,2,medium,medium,0.994254580613548,0.6845870287210928,0.9924595899069616,0.9258040567616782,0.6183473389355743
58,210,2,medium,medium,0.9921546822273316,0.709090414343211,0.9899019408290314,0.9398992760957342,0.5666666666666667
58,212,2,medium,medium,0.9919915114926068,0.6887905090451061,0.9906062756862688,0.9182598895352276,0.6333333333333333
58,214,2,medium,medium,0.9926134600988544,0.6316810501463357,0.9899352192869596,0.9122027995997708,0.6363636363636364
58,215,2,medium,medium,0.9928424359957744,0.7013267867430395,0.9895249438745706,0.885967658028371,0.6153846153846154
61,62,2,medium,medium,0.9915174356333748,0.7304376735441457,0.9888448032951578,0.9296872937690152,0.6875
61,66,2,medium,medium,0.9899906911861208,0.6557170135245753,0.9846379788862648,0.8956527436535664,0.7047930283224401
61,72,2,medium,medium,0.9917829895519508,0.7131323415855955,0.9901408828843296,0.9214434083138768,0.7407407407407407
61,73,2,medium,medium,0.9931326479493932,0.6946896834911565,0.99201824888814,0.9261725267313178,0.6956521739130435
61,75,2,medium,medium,0.9897235951898548,0.7435179581156144,0.9860714343914604,0.9078331104088848,0.627906976744186
61,81,2,medium,medium,0.9919091859666704,0.6971311387664662,0.9903463979818268,0.922658441184158,0.6923076923076923
61,83,2,medium,medium,0.9923220259040314,0.697119069510818,0.9899067930155132,0.9421766890678,0.7
61,84,2,medium,medium,0.9925094514903292,0.7207351829342803,0.9905242490519628,0.941966571558384,0.736842105263158
61,88,2,medium,medium,0.9889639345429998,0.6004485363191554,0.9848741932545336,0.939060634865208,0.7272727272727273
61,89,2,medium,medium,0.9928475529628104,0.7113033792144496,0.9902057509185814,0.9196022828262048,0.6666666666666667
61,91,2,medium,medium,0.9909820507887348,0.7330972855389888,0.9871524720301909,0.9437469387523816,0.5483870967741936
61,97,2,medium,medium,0.9917981359142892,0.7328478671537848,0.9876790429980956,0.9427609865194752,0.6399999999999999
61,105,2,medium,medium,0.9910176947010352,0.7034929851555431,0.9869386824509422,0.906695262476099,0.7290209790209791
61,108,2,medium,medium,0.9913240797327671,0.682473060953215,0.989435879032505,0.9367675048930753,0.7419354838709677
61,112,2,medium,medium,0.9923321108732794,0.7208377473588435,0.9905771522154738,0.9203901835359656,0.7
61,115,2,medium,medium,0.9924219581609076,0.6224425342792392,0.9899479440666368,0.8910834686610717,0.6314814814814815
61,117,2,medium,medium,0.9927757344448486,0.706001983496426,0.9906114011292776,0.949241110443811,0.6626016260162602
61,120,2,medium,medium,0.9908366332083304,0.7042787096954707,0.9885900552573436,0.9259558455333146,0.7000000000000001
61,125,2,medium,medium,0.987859256550332,0.6574272213214507,0.9861030891592087,0.9005214846325326,0.7207792207792207
61,135,2,medium,medium,0.9902108161960782,0.6878977623009004,0.9858459362850668,0.8781819352496657,0.7599999999999999
61,142,2,medium,medium,0.9931706284806824,0.6908437906234136,0.9906335282256832,0.9459424404569448,0.6666666666666666
61,143,2,medium,medium,0.9913496323832948,0.721135453314712,0.9878850480522628,0.9212852911750286,0.5483870967741936
61,145,2,medium,medium,0.9919647798077904,0.6912850121671823,0.9911145238000616,0.932792987720796,0.7142857142857142
61,147,2,medium,medium,0.9933844878264836,0.721443226908702,0.9914487596131556,0.893642300679228,0.7391304347826088
61,151,2,medium,medium,0.994271392142232,0.6610558037969148,0.9938257975001872,0.9031827889721185,0.6666666666666667
61,155,2,medium,medium,0.9913984202147748,0.6903164637726094,0.9885047019699686,0.9450453035081772,0.6913919413919414
61,158,2,medium,medium,0.9920547790191886,0.7148680419943196,0.9898621917683346,0.9188414567007228,0.6211556383970177
61,168,2,medium,medium,0.992352369648699,0.6659959901209287,0.9905192777932728,0.9075645548142864,0.7
61,169,2,medium,medium,0.9889222792173048,0.7387797900322248,0.9857207636257208,0.9237103802984302,0.6875
61,171,2,medium,medium,0.9926833174515824,0.7155493560519761,0.9906307433058128,0.8806061802575174,0.6
61,185,2,medium,medium,0.9931153998401276,0.7039588611518188,0.9911822884700866,0.9173189701080708,0.6799999999999999
61,190,2,medium,medium,0.9912560121048992,0.6842754150296724,0.9884571018560986,0.9067393230620728,0.5833333333333333
61,191,2,medium,medium,0.9914374138854688,0.781729075658087,0.987875250647027,0.9427968164205176,0.6666666666666666
61,192,2,medium,medium,0.99349421887874,0.678116768047436,0.9904108101756378,0.8846705065121133,0.6666666666666667
61,194,2,medium,medium,0.991263618122804,0.6640632497382667,0.9875658242257724,0.9061326905297932,0.6818181818181819
61,197,2,medium,medium,0.9891098483924716,0.7187300026697552,0.9850093778302454,0.920795548642662,0.6086956521739131
61,202,2,medium,medium,0.9879459300393952,0.6439346563884634,0.981593267647661,0.9105641138475218,0.6666666666666666
61,203,2,medium,medium,0.9909504427244312,0.6808813255629557,0.9898169706577888,0.8975338100225443,0.7142857142857142
61,206,2,medium,medium,0.9930995343050444,0.7088274694613798,0.9916844676164386,0.915102489960913,0.6818181818181819
61,207,2,medium,medium,0.9925082179124516,0.6906545120623653,0.9899289115222804,0.952039530509823,0.684056007226739
61,210,2,medium,medium,0.9916291185550264,0.7227384546274289,0.9890011131446088,0.9321734924903234,0.7
61,212,2,medium,medium,0.991794014744432,0.6406623386068893,0.9911332357871048,0.9187513492885544,0.7241379310344828
61,214,2,medium,medium,0.9905340112056272,0.7059397308276458,0.9892088037020768,0.8970512905809047,0.7169811320754718
61,215,2,medium,medium,0.9916574015034736,0.6904309409599352,0.989007515815424,0.8730517623808729,0.6857142857142857
62,66,2,medium,medium,0.9924365487350982,0.6195569773400702,0.988779479487567,0.8758127797894857,0.72
62,72,2,medium,medium,0.9935022375290268,0.6772087750918492,0.991824035334058,0.9053892072907832,0.6896551724137931
62,73,2,medium,medium,0.9939582710996754,0.6345163964048202,0.9919180035015676,0.8858356487500578,0.7142857142857143
62,75,2,medium,medium,0.9889686675632874,0.7168839197148448,0.9829510478096556,0.910200553308575,0.6451612903225807
62,81,2,medium,medium,0.9921469275864456,0.6629204028451268,0.9888920643708156,0.9276572709447368,0.637330754352031
62,83,2,medium,medium,0.9920300504758772,0.669817069209035,0.9899562800750792,0.9062300850948622,0.7
62,84,2,medium,medium,0.993930096646188,0.7009527413950798,0.9934576662549376,0.915816904430373,0.6799999999999999
62,88,2,medium,medium,0.9901739196413318,0.7084620843424234,0.9865701116269168,0.9399091539092612,0.7350877192982457
62,89,2,medium,medium,0.9937498724925974,0.5971611438327327,0.9917977487260684,0.8941454622532301,0.6451612903225807
62,91,2,medium,medium,0.9913121785817962,0.7531796623164012,0.9855981489292368,0.9066367175459248,0.5661421911421911
62,97,2,medium,medium,0.9923135378495692,0.6899282262830635,0.991454664433331,0.9025954525017934,0.6333333333333333
62,105,2,medium,medium,0.9923243287412108,0.680927917763688,0.9911589667588716,0.8970461894694938,0.6479591836734694
62,108,2,medium,medium,0.9920956860129062,0.701493231241294,0.9881039677483816,0.9074016061329442,0.7083333333333334
62,112,2,medium,medium,0.9931616270798256,0.6776095283836969,0.9918548973670444,0.9399178289220502,0.6785714285714286
62,115,2,medium,medium,0.9931961389023496,0.678747140329466,0.9925813209183388,0.9416418017994984,0.6129032258064516
62,117,2,medium,medium,0.9911441107517852,0.7025193412187326,0.9894978237448536,0.9142088315386296,0.6296296296296298
62,120,2,medium,medium,0.9909665450138428,0.6257719737925573,0.9862460906087606,0.9139999318863304,0.7037037037037037
62,125,2,medium,medium,0.988755754421399,0.6641726220558024,0.9845050357890168,0.9085106333794922,0.7391304347826088
62,135,2,medium,medium,0.9914259318352324,0.6294682997582608,0.9872339017277048,0.9011462791605644,0.7
62,142,2,medium,medium,0.9932293079711756,0.7340063738530506,0.9914818852675208,0.9349746785540476,0.6333333333333333
62,143,2,medium,medium,0.9899085199778236,0.7388302077652926,0.985112852735002,0.895204455494106,0.5373134328358209
62,145,2,medium,medium,0.9927189489146028,0.7596520089704089,0.9911206888358114,0.9411683251521924,0.7142857142857142
62,147,2,medium,medium,0.9941575403862422,0.6182278937204639,0.9929113062113858,0.879940241352022,0.6978260869565218
62,151,2,medium,medium,0.9942865817393588,0.604025824331161,0.9926255920989312,0.8788414424467368,0.65625
62,155,2,medium,medium,0.9908347872656832,0.7453919828974631,0.9864923504376188,0.932682908644804,0.7105263157894737
62,158,2,medium,medium,0.9925638043827796,0.7258920753646764,0.9899785306841842,0.9314978368856492,0.6414285714285713
62,168,2,medium,medium,0.992539390627371,0.6411696943533263,0.9886706563026914,0.867594572483066,0.6818181818181819
62,169,2,medium,medium,0.9884415561065668,0.729651362297875,0.9843031673845868,0.9050613510884136,0.7272727272727273
62,171,2,medium,medium,0.9917779298560252,0.6743816012212918,0.9901146439697016,0.9109055602939448,0.6107994389901823
62,185,2,medium,medium,0.9946310939794952,0.7701878934597082,0.9933279256685764,0.9396158781047296,0.6804255319148936
62,190,2,medium,medium,0.9928564316201868,0.7578418972113129,0.991468514510432,0.9169244373737914,0.6043478260869565
62,191,2,medium,medium,0.989849573912346,0.6955857265131908,0.98773383698185,0.9066973745195078,0.6428571428571428
62,192,2,medium,medium,0.9933053610250416,0.7085064913175869,0.9906147406094944,0.8806957254139907,0.6570723684210527
62,194,2,medium,medium,0.9906410554951164,0.6378912171349091,0.9852559658697472,0.9057385750829584,0.6417910447761193
62,197,2,medium,medium,0.9895920517017772,0.6526047217376487,0.9858575065705592,0.9185786147626148,0.6333333333333333
62,202,2,medium,medium,0.9881436762744408,0.635614268510243,0.9808137160420194,0.870066351474137,0.6596254355400697
62,203,2,medium,medium,0.9895202159600331,0.6726856071477805,0.98528441583449,0.9148051458017424,0.7
62,206,2,medium,medium,0.994179918639916,0.7129712086850638,0.993511371722694,0.8870928698282111,0.7
62,207,2,medium,medium,0.9936305789820642,0.6029234591134529,0.992426927912932,0.8869660802213135,0.6896551724137931
62,210,2,medium,medium,0.9918971792646936,0.6858198244138277,0.9904599144014968,0.9074588309132304,0.7142857142857142
62,212,2,medium,medium,0.9920642100882484,0.6626356269064181,0.9907563591450952,0.9453083908176624,0.6551724137931034
62,214,2,medium,medium,0.9918364398263798,0.6353903885561221,0.988655636415087,0.9159038216270864,0.6799999999999999
62,215,2,medium,medium,0.9917223721487108,0.6730275072842236,0.99024067332265,0.8709067086165937,0.6969696969696969
66,72,2,medium,medium,0.9924012303601232,0.5946747843986371,0.9873643094983324,0.8982771696917705,0.75
66,73,2,medium,medium,0.992782658163196,0.6040292407720076,0.9893889602098632,0.8771322362203026,0.7
66,75,2,medium,medium,0.9866407158150976,0.6030682632332706,0.9782333975644488,0.8834364595596141,0.6136363636363636
66,81,2,medium,medium,0.989944361460544,0.5674741448181645,0.9836934210225876,0.8875741995714185,0.695048309178744
66,83,2,medium,medium,0.9910370685481458,0.6218780691197868,0.986133840475524,0.8943720032782182,0.7037037037037037
66,84,2,medium,medium,0.9928763155860076,0.5821931390166507,0.9899810758625144,0.8932542785227321,0.75
66,88,2,medium,medium,0.9884250671443924,0.7278174635100686,0.9831309735388024,0.920437914204624,0.7752525252525253
66,89,2,medium,medium,0.9925127868129494,0.5452390466090578,0.9878284524407642,0.8714193839209251,0.5491935483870968
66,91,2,medium,medium,0.9902161075082848,0.7130843303071239,0.9834977976507804,0.8858590071144313,0.5483870967741936
66,97,2,medium,medium,0.9908197074457554,0.6737890470233909,0.9851719611109648,0.8761255696513187,0.6521739130434783
66,105,2,medium,medium,0.9915454236768944,0.6759893273810489,0.9868398039537672,0.8547560845714531,0.7759856630824373
66,108,2,medium,medium,0.9921115166352552,0.7206679703026515,0.9886942067151774,0.8657275938288114,0.7320574162679426
66,112,2,medium,medium,0.9926080948915272,0.6165342708504452,0.9890321835667558,0.8498726321216367,0.7124060150375939
66,115,2,medium,medium,0.9918796701984658,0.5741064477621054,0.9872524880516604,0.939759140453444,0.6043478260869565
66,117,2,medium,medium,0.99164105196689,0.5556406151250473,0.987078054577652,0.907235506685928,0.6944444444444445
66,120,2,medium,medium,0.9885865429166992,0.7114031983354356,0.98336239170786,0.8684443072809354,0.7083333333333334
66,125,2,medium,medium,0.982718652947282,0.7239465410390531,0.978064865469482,0.8893617956829275,0.7
66,135,2,medium,medium,0.9898613522060862,0.5542216196265675,0.9831233806720334,0.8720991608499014,0.7777777777777779
66,142,2,medium,medium,0.9926781511359776,0.5996222181494064,0.9893973143195413,0.8742366450762585,0.6857142857142857
66,143,2,medium,medium,0.9865649591183157,0.7592179453085696,0.9804711135201472,0.9413445685307392,0.4545454545454545
66,145,2,medium,medium,0.992642997779946,0.6261971334667018,0.9886844720724562,0.9162985280550912,0.7727272727272728
66,147,2,medium,medium,0.9938020081960032,0.6221696459853346,0.9920823545362564,0.8869481547273851,0.7777777777777779
66,151,2,medium,medium,0.9939838364565712,0.5680167278869135,0.9923197860537968,0.8357794499695566,0.7
66,155,2,medium,medium,0.9900053419117214,0.6728728023904853,0.986739454160616,0.8822718289064643,0.7549999999999999
66,158,2,medium,medium,0.990316484649726,0.6101645128260033,0.9877365639564468,0.8915229144624618,0.5469208211143696
66,168,2,medium,medium,0.9923842572915368,0.5646721493538118,0.9872462519616184,0.8707968264222916,0.7083333333333334
66,169,2,medium,medium,0.9880088391404328,0.7379618254285093,0.9837577209206976,0.8864789920092879,0.6666666666666667
66,171,2,medium,medium,0.9916033634451804,0.6152434295884115,0.9878548794291634,0.872987877840404,0.53125
66,185,2,medium,medium,0.99398772879606,0.603961271689989,0.9909521131401654,0.897841644890795,0.6666666666666666
66,190,2,medium,medium,0.9925059038220904,0.7423460672540567,0.989138166743728,0.9024775340408684,0.6399999999999999
66,191,2,medium,medium,0.98847465377941,0.5967071313533676,0.98126654072967,0.8852686573628152,0.6787096774193548
66,192,2,medium,medium,0.992209527270834,0.596514337046996,0.9879717186318848,0.8795523924375966,0.6296296296296298
66,194,2,medium,medium,0.989822061978284,0.5627258783183613,0.9835082408459712,0.8815058710518809,0.6666666666666666
66,197,2,medium,medium,0.9878025864609504,0.6544630584861568,0.981763281540528,0.8856811574929291,0.6092258748674444
66,202,2,medium,medium,0.9869465581516748,0.5679904042159939,0.977572972537366,0.877055832419037,0.6363636363636365
66,203,2,medium,medium,0.9866653040365132,0.6789023658853315,0.9844721951298948,0.8744549697156987,0.7642857142857142
66,206,2,medium,medium,0.9943539833399349,0.5849026936829882,0.9918194981654904,0.8681388012938736,0.7142857142857142
66,207,2,medium,medium,0.9931705506355925,0.6014768542415339,0.9918667136775372,0.8710180383410108,0.6666666666666666
66,210,2,medium,medium,0.9897565614896628,0.6765409724161779,0.9878965721311972,0.9286190826219408,0.736842105263158
66,212,2,medium,medium,0.9915635894519044,0.5977681764219887,0.988525880675633,0.8572334964196215,0.736842105263158
66,214,2,medium,medium,0.9907053162754224,0.6074565147570743,0.985497063394228,0.8703408990652652,0.7171428571428571
66,215,2,medium,medium,0.9918190661441914,0.5895053806804477,0.9868472093450033,0.893744031516961,0.7000000000000001
72,73,2,medium,medium,0.9925336861372056,0.6930881510625083,0.9908791094222188,0.9240202746047774,0.7083333333333334
72,75,2,medium,medium,0.9903841344511924,0.7207589343227233,0.9885157815786066,0.8858876907300638,0.638888888888889
72,81,2,medium,medium,0.9915685596179272,0.7290791130897425,0.9896453464273528,0.8674645303500701,0.7083333333333334
72,83,2,medium,medium,0.9916808581297936,0.7522762603420702,0.988803115103431,0.9146966424038564,0.72
72,84,2,medium,medium,0.993448117729522,0.7299821195490925,0.9917092668692652,0.9340362714872869,0.75
72,88,2,medium,medium,0.9924461634153572,0.6265098749681581,0.989576921757153,0.9003380055033928,0.7619047619047619
72,89,2,medium,medium,0.9924550518246938,0.699684434654728,0.9903433948632782,0.9187244538611802,0.6469049694856147
72,91,2,medium,medium,0.992276490610534,0.7187109680309334,0.99012392285198,0.8975694518114743,0.5272727272727273
72,97,2,medium,medium,0.9924434810736182,0.6962855700346251,0.9899297942609024,0.9272300676383732,0.6296296296296298
72,105,2,medium,medium,0.991833562170946,0.630391717700457,0.9894271077429528,0.9130369306543624,0.787593984962406
72,108,2,medium,medium,0.9924598796051958,0.6169088813280652,0.9886701761567932,0.9305181906356964,0.75
72,112,2,medium,medium,0.9917562856147004,0.6868140166928448,0.9903606202225091,0.914167733550083,0.7073170731707317
72,115,2,medium,medium,0.9924223857586894,0.6727012310551183,0.9890988740375763,0.9162763236928658,0.6739130434782609
72,117,2,medium,medium,0.9924710823138804,0.6604468371114302,0.9901444638747692,0.9335635238556026,0.6956521739130435
72,120,2,medium,medium,0.9912107821176964,0.7389379834796819,0.9886668520103624,0.9142342449904746,0.7142857142857142
72,125,2,medium,medium,0.991812955527178,0.6163223561865696,0.9894783073864124,0.9008961834031884,0.75
72,135,2,medium,medium,0.9904273441816972,0.6829548581387219,0.9882562430401304,0.9088042622600876,0.7727272727272728
72,142,2,medium,medium,0.9934141197433258,0.7238951831663627,0.9915902792532434,0.8973157189987581,0.7272727272727273
72,143,2,medium,medium,0.9910061488442584,0.600313873664292,0.9888229286005884,0.8954874282251091,0.5349593495934959
72,145,2,medium,medium,0.9925688188330124,0.7498336007684236,0.9926123008678468,0.901183216021572,0.7777777777777779
72,147,2,medium,medium,0.9925267197180312,0.7417234747081443,0.9916496664981126,0.9252664272444172,0.75
72,151,2,medium,medium,0.9934055110392718,0.7009502466850289,0.9927389783877768,0.9115572007179088,0.7142857142857142
72,155,2,medium,medium,0.9915360110399556,0.6967399517033465,0.9889301942762398,0.891560419513542,0.75
72,158,2,medium,medium,0.9926134475306276,0.6856374393412543,0.9908786453242706,0.913140517348174,0.6141439205955335
72,168,2,medium,medium,0.9918531618170436,0.6945649429625153,0.9901330866133748,0.9134682929512938,0.7391304347826088
72,169,2,medium,medium,0.9907138996344772,0.7087393389059167,0.9887543393833556,0.9260548885011914,0.7
72,171,2,medium,medium,0.9930477177491668,0.6932649645251865,0.9907095716028892,0.9189276882065404,0.5789473684210527
72,185,2,medium,medium,0.9925137988200148,0.6258460535979796,0.9900845467124714,0.9165703479632604,0.655048076923077
72,190,2,medium,medium,0.9930236668263852,0.6734475067284424,0.9895014919888684,0.9048529105543152,0.6428571428571428
72,191,2,medium,medium,0.9923332162744284,0.7169420775083731,0.9904569611502368,0.9032730359178934,0.6666666666666667
72,192,2,medium,medium,0.9924241638431242,0.7003145316459688,0.9903067573051082,0.9281570741222868,0.6774193548387097
72,194,2,medium,medium,0.9907988896711328,0.7425465955657464,0.9885320102374736,0.9056772222818504,0.7215762273901809
72,197,2,medium,medium,0.9909244706958384,0.7199426300569371,0.9889685579070738,0.911036470676348,0.6233108108108109
72,202,2,medium,medium,0.9889071655156848,0.702499861134221,0.9844692703280876,0.9009021895615332,0.6666666666666667
72,203,2,medium,medium,0.9923650691030972,0.6121652716149845,0.9895846596505496,0.8959079658639607,0.7142857142857142
72,206,2,medium,medium,0.9927346094532644,0.704083733303174,0.9916866266940878,0.9333296631754348,0.6963109354413702
72,207,2,medium,medium,0.9925827471275092,0.7218709188392816,0.9911091319747928,0.8941475948323897,0.6521739130434783
72,210,2,medium,medium,0.9917328358643656,0.6812645592871223,0.9903464928488424,0.8902555224963523,0.719375
72,212,2,medium,medium,0.9921787708917348,0.6552206742952353,0.9904073575976914,0.9010376755790596,0.7734604105571848
72,214,2,medium,medium,0.9915928709371248,0.6997262324267228,0.988501842818036,0.9230078741562442,0.75
72,215,2,medium,medium,0.991955000173443,0.6729532962472597,0.9901627215395816,0.8731020445932927,0.7
73,75,2,medium,medium,0.9907464547106416,0.7238055000258251,0.9867904778549372,0.9040570843686444,0.606060606060606
73,81,2,medium,medium,0.9921773119520542,0.6838909232147717,0.9879725929534356,0.8788948630320595,0.676470588235294
73,83,2,medium,medium,0.992600465349909,0.7282281033137291,0.9892425618928344,0.898302521209968,0.6521739130434783
73,84,2,medium,medium,0.9932664090512796,0.6820369546229935,0.9914947534927944,0.9324537980360548,0.7083333333333334
73,88,2,medium,medium,0.990881704944396,0.5447900196699663,0.9880949226719488,0.9191931909190558,0.7257053291536051
73,89,2,medium,medium,0.9927285841821308,0.687068862762698,0.9906910277808564,0.8968699981274262,0.6035714285714285
73,91,2,medium,medium,0.9912216946402768,0.6610382630658026,0.9877289855233492,0.9149676972554104,0.5319148936170213
73,97,2,medium,medium,0.9922343929077856,0.6687328662628733,0.9916346130300852,0.9185196149007848,0.6428571428571428
73,105,2,medium,medium,0.992174650302666,0.684018865704869,0.9905268162245991,0.9049374580925224,0.7407407407407407
73,108,2,medium,medium,0.9933625796978416,0.6268855740935206,0.9915494463778828,0.9443425436243212,0.7445652173913043
73,112,2,medium,medium,0.9930862717123268,0.6785914750612911,0.990954958178472,0.9320099546144976,0.6956521739130435
73,115,2,medium,medium,0.9928049258283352,0.648038720808471,0.990970045416416,0.9290564282266884,0.6475155279503105
73,117,2,medium,medium,0.9920662626073226,0.7310190061338651,0.9904294962060812,0.9042211204645828,0.5970149253731343
73,120,2,medium,medium,0.9924185708545225,0.6950631936076586,0.9901336108325058,0.9289581833300916,0.6666666666666667
73,125,2,medium,medium,0.9905940577093424,0.6294131526909996,0.9889649224851724,0.9242647833562282,0.7098086124401914
73,135,2,medium,medium,0.9908802073754888,0.7051688967112624,0.9876050922120734,0.9012054325691762,0.7272727272727273
73,142,2,medium,medium,0.9929603995770464,0.6637378785926293,0.9915331282638824,0.9251424675078184,0.6909814323607427
73,143,2,medium,medium,0.9918602549415084,0.6317457691528353,0.9901483077931884,0.9060208073412008,0.5787841191066998
73,145,2,medium,medium,0.992537803004514,0.6706333032130412,0.9907180704484682,0.8999425877711204,0.7
73,147,2,medium,medium,0.9929509710651384,0.691901718410407,0.990757811798526,0.9035503532377612,0.7
73,151,2,medium,medium,0.9942291136433792,0.6520064538510388,0.9928948234806068,0.9280250103077432,0.6956521739130435
73,155,2,medium,medium,0.9914651548421836,0.6719391050877064,0.9867476590707353,0.9060926017045682,0.7142857142857142
73,158,2,medium,medium,0.9921203977018264,0.6489294231173679,0.9890085590222164,0.9131968206528084,0.6363636363636364
73,168,2,medium,medium,0.9925314621245916,0.6709792984403342,0.9904716250071756,0.9123645855129596,0.7272727272727273
73,169,2,medium,medium,0.9913063593219252,0.7044066545147867,0.9879330027051614,0.9242191502876412,0.6857142857142857
73,171,2,medium,medium,0.992260864296261,0.6861189090826536,0.989813266958211,0.9269347965003892,0.606060606060606
73,185,2,medium,medium,0.9940873276957776,0.6555856834167421,0.9913245086438666,0.9271558518353904,0.6521739130434783
73,190,2,medium,medium,0.9928890104461218,0.6087363467208209,0.9894735145422592,0.884445669005519,0.6086956521739131
73,191,2,medium,medium,0.991404045264522,0.7348177848183175,0.9877772995308586,0.9424114524283714,0.6666666666666666
73,192,2,medium,medium,0.9931072666160932,0.6451014418565248,0.9911638137140664,0.9312746653974936,0.6666666666666666
73,194,2,medium,medium,0.9908254347339,0.688778507355313,0.9871363156327528,0.8870793344426604,0.6969696969696969
73,197,2,medium,medium,0.9906987978771707,0.6831786129298378,0.987402984290084,0.92552596717151,0.6111660079051384
73,202,2,medium,medium,0.9890709268866592,0.6921057596202387,0.9844539129082216,0.9291636671095164,0.6376262626262627
73,203,2,medium,medium,0.991935569833627,0.5882215054656856,0.989068479766974,0.9193446573984128,0.736842105263158
73,206,2,medium,medium,0.9930425895496912,0.7094126151153964,0.9912817754638492,0.9318965675475972,0.7027027027027026
73,207,2,medium,medium,0.9930581228561054,0.7076520887097346,0.9918188786326094,0.9355553962382545,0.6399999999999999
73,210,2,medium,medium,0.991849556637884,0.6259565286183577,0.9900914668352776,0.9167518897337696,0.6813346228239845
73,212,2,medium,medium,0.993329389544196,0.6630327425330511,0.9890161066797388,0.905367057520186,0.7
73,214,2,medium,medium,0.9924801271118484,0.6798366194769712,0.99056293241796,0.9163279309163124,0.7171428571428571
73,215,2,medium,medium,0.9921013550705848,0.7034295111542663,0.9901730943660816,0.8918415179323422,0.6590909090909092
75,81,2,medium,medium,0.9899616991384856,0.7371492195349563,0.984966165725226,0.8499138998250038,0.6153846153846154
75,83,2,medium,medium,0.9896418026481302,0.7216372627193897,0.9864748651024624,0.9047843196206892,0.6666666666666666
75,84,2,medium,medium,0.9905801885791882,0.7591649734278727,0.9864843614849798,0.9186463289323769,0.6203346203346203
75,88,2,medium,medium,0.9866849840993775,0.586356667715024,0.978256725126002,0.9080062944843124,0.5894736842105263
75,89,2,medium,medium,0.9913377902072544,0.6806850954774379,0.9883756217950516,0.9157156742713964,0.6363636363636364
75,91,2,medium,medium,0.9877454045853336,0.7373687611336948,0.983211108724806,0.8872545768523507,0.6086956521739131
75,97,2,medium,medium,0.991365682818814,0.7543294825760355,0.987798298231503,0.9039873118883186,0.6296296296296298
75,105,2,medium,medium,0.9890250633082992,0.7173460338833415,0.9839184025945182,0.9024565560251688,0.6145104895104896
75,108,2,medium,medium,0.9883649118690692,0.6695421182872601,0.9802034447058038,0.8668996803946513,0.5666666666666667
75,112,2,medium,medium,0.9899392826644164,0.6794732499475987,0.9868098040283112,0.909738362141094,0.6451612903225807
75,115,2,medium,medium,0.9897339438513808,0.7459190057961136,0.985980189760214,0.8933708953239365,0.6474780701754386
75,117,2,medium,medium,0.990593873530112,0.712878986490739,0.9857876677704186,0.910005142719083,0.6111111111111112
75,120,2,medium,medium,0.9889526368301256,0.7404984341320773,0.9839408473496756,0.8889509413238966,0.6153846153846154
75,125,2,medium,medium,0.9862794376968764,0.6191088609406411,0.9800506002592938,0.8850753657801406,0.6153846153846154
75,135,2,medium,medium,0.9891821418889544,0.6601596947606297,0.985022407576118,0.9134760407803696,0.6363636363636364
75,142,2,medium,medium,0.9903792020262998,0.7353930208952942,0.9876846517494732,0.8855035755736393,0.6319444444444444
75,143,2,medium,medium,0.988667922128123,0.6992063815061346,0.9828239537883156,0.8868357204148891,0.6301994301994303
75,145,2,medium,medium,0.9884649937178482,0.7887265944790566,0.9824381170617515,0.8803003397406475,0.5945945945945945
75,147,2,medium,medium,0.9893721464620022,0.7597758094459175,0.9856718263828,0.9131083179588902,0.6099033816425121
75,151,2,medium,medium,0.9930994491384634,0.6932592710960653,0.9919880775661492,0.9013144736927198,0.640625
75,155,2,medium,medium,0.9886699087043574,0.7492488573544814,0.9854659955018422,0.886443711421702,0.5999999999999999
75,158,2,medium,medium,0.9901534398515393,0.7532014460854257,0.9867854259073936,0.9112561575877782,0.6666666666666666
75,168,2,medium,medium,0.9909506777053094,0.6369547028284845,0.9881845016448824,0.918140737780438,0.5769230769230769
75,169,2,medium,medium,0.9870715847432562,0.7334697822170897,0.9829440454848346,0.8902873292148228,0.6554945054945055
75,171,2,medium,medium,0.9907700296224732,0.7701770668117388,0.9864315084092852,0.8915154726244177,0.574468085106383
75,185,2,medium,medium,0.9881770672235056,0.7018315635732593,0.982147755939214,0.9120942847834836,0.6753378378378379
75,190,2,medium,medium,0.98893614092211,0.6746919411183778,0.981241087166897,0.8784448957057736,0.6333333333333333
75,191,2,medium,medium,0.9895503010050222,0.7469642250675007,0.9854294808884604,0.8992987984923981,0.6666666666666665
75,192,2,medium,medium,0.9913121950506129,0.6802460083538011,0.9890971897479774,0.930623486532723,0.6066017316017316
75,194,2,medium,medium,0.9894636174856908,0.6781516360094805,0.9855241329686402,0.9003331904664669,0.6086956521739131
75,197,2,medium,medium,0.989354149444304,0.7590360996646837,0.9848552073705812,0.9057306388655652,0.6119029275808937
75,202,2,medium,medium,0.9873851299390706,0.695318753941722,0.9825286386985932,0.9062288957806096,0.6382978723404256
75,203,2,medium,medium,0.9871425264309616,0.6311896512228614,0.98201214571605,0.8829529636981032,0.6086956521739131
75,206,2,medium,medium,0.9914895405529656,0.7243166289211155,0.9897828063869326,0.9181170621504812,0.6123949579831933
75,207,2,medium,medium,0.9909155051600552,0.6767533047287377,0.9876520234441796,0.8957606264402087,0.6363636363636364
75,210,2,medium,medium,0.9884263577598318,0.6385103100377585,0.9824937792696976,0.8898120461061212,0.6153846153846154
75,212,2,medium,medium,0.987832891014878,0.6945990776794989,0.9849460992514244,0.9130012960399204,0.613835725677831
75,214,2,medium,medium,0.9899211967429512,0.7266397653988144,0.9865469367728784,0.9148450083809252,0.6374589266155531
75,215,2,medium,medium,0.9901053616905096,0.703213736490596,0.9869166124402248,0.8814806961434666,0.625
81,83,2,medium,medium,0.9913908757064952,0.7509027949016788,0.9879372664010884,0.884765744171645,0.6399999999999999
81,84,2,medium,medium,0.9924918321577644,0.7272661893239547,0.9898577503221248,0.933848262488456,0.6956521739130435
81,88,2,medium,medium,0.989119125752994,0.6843246435447328,0.9842516583240448,0.9309961768663976,0.6956521739130435
81,89,2,medium,medium,0.993299578703118,0.6975391141455701,0.991422160531807,0.8538447740627231,0.6273148148148149
81,91,2,medium,medium,0.9907451529366764,0.758348429575204,0.9859889042299348,0.9069205571709252,0.5909090909090909
81,97,2,medium,medium,0.992891309776868,0.7707137997443934,0.9899789957690248,0.9207020901491652,0.6666666666666667
81,105,2,medium,medium,0.9907636397703792,0.6513562028298352,0.985842247280618,0.8917398556407882,0.6923076923076923
81,108,2,medium,medium,0.990254618508593,0.5969612970827447,0.9844122617043772,0.8910107981893269,0.6363636363636365
81,112,2,medium,medium,0.9915430265766004,0.6967213680051783,0.988229757691943,0.8902592899304006,0.6666666666666666
81,115,2,medium,medium,0.99280253022355,0.6920072565559374,0.989421141611702,0.8928039465095741,0.6428571428571428
81,117,2,medium,medium,0.992117622456574,0.7519367853882298,0.9883399342220104,0.9167873179690827,0.6399999999999999
81,120,2,medium,medium,0.9906591911646836,0.7476556724439019,0.9877868374963176,0.9132351103869306,0.6666666666666667
81,125,2,medium,medium,0.9875553761598336,0.6632352562818663,0.9805402520500028,0.8929390095506602,0.6956521739130435
81,135,2,medium,medium,0.990156662169906,0.7169825516188926,0.9852499438902176,0.8705276161205384,0.7083333333333334
81,142,2,medium,medium,0.992526501149976,0.739454015885446,0.9897743273316142,0.9036943247210332,0.6666666666666666
81,143,2,medium,medium,0.9906611716199551,0.7371071426170719,0.986221821836826,0.9358689379495652,0.5517241379310345
81,145,2,medium,medium,0.9916725060537734,0.725326578207129,0.9894409168454436,0.9289205654969276,0.6818181818181819
81,147,2,medium,medium,0.9927486959203234,0.7562586551337409,0.990978232300796,0.8778275435244339,0.6785714285714286
81,151,2,medium,medium,0.993532563327417,0.6735437434523674,0.99234091813782,0.8789327955135997,0.6774193548387097
81,155,2,medium,medium,0.9913656459291572,0.7070548952717589,0.988088671492454,0.9306520324037884,0.7
81,158,2,medium,medium,0.9918081494978632,0.7175404037541651,0.988038393030538,0.909207845179979,0.6499999999999999
81,168,2,medium,medium,0.9924158021967576,0.726422377861739,0.9890742847089036,0.8587523771038622,0.6923076923076923
81,169,2,medium,medium,0.9904306959942598,0.6386531610718429,0.9866156778810512,0.9355381457553972,0.6666666666666667
81,171,2,medium,medium,0.9920218614161582,0.7349233676713727,0.9882509879253222,0.9017981115288852,0.6428571428571428
81,185,2,medium,medium,0.9922407834334412,0.6331376040692049,0.9879839190574397,0.9175829760830716,0.6521739130434783
81,190,2,medium,medium,0.9919783516914216,0.675594685330178,0.9883571472298782,0.9273250762701352,0.6233766233766234
81,191,2,medium,medium,0.9913596065827096,0.7291057331558454,0.9886507641510544,0.9328112559673586,0.6578947368421053
81,192,2,medium,medium,0.992775804866642,0.7711747742090136,0.9896790417711936,0.8507441650718285,0.6428571428571428
81,194,2,medium,medium,0.9916955886685608,0.686116622088724,0.9879825364133435,0.8686454956563762,0.6792857142857143
81,197,2,medium,medium,0.9896949648630476,0.7854387840593248,0.9850330240121732,0.8756462287834796,0.6465997770345597
81,202,2,medium,medium,0.989400091650784,0.7279706453819614,0.985407184993062,0.8634851520176536,0.6666666666666666
81,203,2,medium,medium,0.9884649235636794,0.6427264854165768,0.9828749866316244,0.870177277306076,0.6666666666666666
81,206,2,medium,medium,0.9926674613035672,0.7059750961641553,0.990602389069698,0.8986001171010525,0.6363636363636365
81,207,2,medium,medium,0.9927710058797496,0.7209090701681393,0.99015538065603,0.9207249343283018,0.6363636363636365
81,210,2,medium,medium,0.9913106872723016,0.7367817136715192,0.9879580081119412,0.9312923757852104,0.6666666666666666
81,212,2,medium,medium,0.9916517925127196,0.6882289457490742,0.9876111780759254,0.902295852022908,0.7047930283224401
81,214,2,medium,medium,0.9911807808553084,0.7140360998646287,0.9889701916024364,0.8622358175418934,0.6587346024636058
81,215,2,medium,medium,0.9910651231133556,0.7034935216118174,0.9889701795863778,0.9165565289330349,0.6296296296296298
83,84,2,medium,medium,0.9928099912723132,0.7046440470551112,0.991162135462888,0.9216599350926264,0.7000000000000001
83,88,2,medium,medium,0.9903922078764272,0.6576389609200949,0.9878324038254476,0.8874322061483104,0.75
83,89,2,medium,medium,0.9935535163246284,0.7629285372710166,0.9913212848584,0.8902836266734151,0.6666666666666666
83,91,2,medium,medium,0.991627920065924,0.7550955915922013,0.9876794976274322,0.903815940054362,0.5735930735930735
83,97,2,medium,medium,0.9926573641121456,0.7166455060694568,0.9902912511768562,0.9357110879207684,0.6399999999999999
83,105,2,medium,medium,0.9918303323900782,0.6453196430300385,0.9887985320140285,0.8832452968006442,0.736842105263158
83,108,2,medium,medium,0.9909121444033988,0.6114072352251193,0.9868478243012458,0.9375883430096748,0.7477272727272727
83,112,2,medium,medium,0.9924672149136826,0.7552888008737115,0.9903134205067764,0.8980083984630978,0.6818181818181819
83,115,2,medium,medium,0.99302342068079,0.71867909438856,0.9909096621333616,0.8828615372373024,0.6666666666666666
83,117,2,medium,medium,0.9921748727662392,0.6996406172761129,0.988679568401443,0.9294877858775344,0.6923076923076923
83,120,2,medium,medium,0.9923998445024572,0.7190940534388554,0.9896471791680792,0.9166111407281636,0.6818181818181819
83,125,2,medium,medium,0.9895736242044326,0.7110253054878374,0.9831964954182612,0.8997103702358656,0.7000000000000001
83,135,2,medium,medium,0.9904807387956904,0.7303136168896902,0.987260726849268,0.8967377847510092,0.7257053291536051
83,142,2,medium,medium,0.9926597253427436,0.7214453394867525,0.9904223774554456,0.9007422799046726,0.6923076923076923
83,143,2,medium,medium,0.9913306920483592,0.6464466499620231,0.9888053469846948,0.9123694154364684,0.5142857142857142
83,145,2,medium,medium,0.992478479789154,0.6685802076992005,0.9903822922549984,0.93785864692844,0.7142857142857142
83,147,2,medium,medium,0.99285962577467,0.718015717088685,0.9908623116224952,0.9014811812821608,0.6944444444444445
83,151,2,medium,medium,0.9939795755932984,0.7071095087182155,0.9928252767148732,0.9013162357113,0.6866071428571427
83,155,2,medium,medium,0.9910012676510828,0.6452878220842735,0.9889993897421973,0.9073491434437572,0.7142857142857142
83,158,2,medium,medium,0.9933697217078606,0.7451651547310534,0.9904079384301334,0.9078932395043804,0.6785714285714286
83,168,2,medium,medium,0.992361754503836,0.7354219139378616,0.9910225475597212,0.889257188704797,0.7037037037037037
83,169,2,medium,medium,0.9903395164813316,0.6929787012403597,0.9872941567432348,0.9084953017171822,0.6818181818181819
83,171,2,medium,medium,0.992619177725057,0.7452840577013613,0.9901800081396896,0.9293628691525814,0.6111111111111112
83,185,2,medium,medium,0.9929042521588708,0.6955870240265102,0.9898645770066716,0.9177022447799504,0.655048076923077
83,190,2,medium,medium,0.9934773408916446,0.7091195093718325,0.9902590053174134,0.9202864401068378,0.6521739130434783
83,191,2,medium,medium,0.9915705149889228,0.7543017907897435,0.9883346884689042,0.9267830670965258,0.6889880952380952
83,192,2,medium,medium,0.9913680964845288,0.7108792886643069,0.9879795832165016,0.8862558298313253,0.6451612903225807
83,194,2,medium,medium,0.9910565608001398,0.7219438351285958,0.9874676376113726,0.8832032087304955,0.706599713055954
83,197,2,medium,medium,0.9898276084295888,0.7088507026572051,0.986914015307614,0.911803771892753,0.6428571428571428
83,202,2,medium,medium,0.9891355704221584,0.7489305242540517,0.9835372303878492,0.912943294084706,0.6599999999999999
83,203,2,medium,medium,0.990966113978788,0.6169046643687703,0.98782816813355,0.9123270089486124,0.7083333333333334
83,206,2,medium,medium,0.9928678322852528,0.701334656606708,0.9919088005466834,0.9063284457339496,0.6852134146341463
83,207,2,medium,medium,0.993204490600904,0.6797488079494471,0.9917865876766384,0.9320244388454032,0.6666666666666665
83,210,2,medium,medium,0.9925427502092145,0.6479550272222809,0.9903083718610104,0.9095277384649464,0.6923076923076923
83,212,2,medium,medium,0.9920269853001804,0.7116315520803138,0.9898253922298472,0.9170714406921168,0.7083333333333334
83,214,2,medium,medium,0.9917465405179756,0.735021611368545,0.989823662282292,0.9008724148266763,0.7142857142857142
83,215,2,medium,medium,0.9918486313214576,0.7015665489545023,0.989567961891202,0.90210268056862,0.6774193548387097
84,88,2,medium,medium,0.9924876310651214,0.6955107007181796,0.9903749861604048,0.9415227013657704,0.7272727272727273
84,89,2,medium,medium,0.9931887836688011,0.6887926109736371,0.9923156528118184,0.9120646418244558,0.6333333333333333
84,91,2,medium,medium,0.9917277671080994,0.731514698784788,0.9885127256308732,0.952986275173106,0.5515030946065429
84,97,2,medium,medium,0.9932652314894376,0.7238482084675633,0.9911777896546212,0.9111452116700652,0.6348484848484849
84,105,2,medium,medium,0.9926418767890586,0.7107624734636588,0.9919478758542376,0.9087302182681438,0.736842105263158
84,108,2,medium,medium,0.9936728215577504,0.7112170382168136,0.9923057069490192,0.9203260657369792,0.7259552042160738
84,112,2,medium,medium,0.9936705600315426,0.6893893670555997,0.99276909264838,0.9086857956872229,0.71875
84,115,2,medium,medium,0.9934488620282564,0.7001909292820203,0.9914308693659272,0.9071434557646274,0.657142857142857
84,117,2,medium,medium,0.9926660625493712,0.6964689760663945,0.9913383569939797,0.938397748570426,0.6363636363636365
84,120,2,medium,medium,0.992560904040752,0.7283161205373572,0.9905978789166898,0.9087761539354988,0.7
84,125,2,medium,medium,0.9915690778369716,0.6925589006182343,0.9883371998635068,0.9067071187664802,0.7272727272727273
84,135,2,medium,medium,0.9908725358498172,0.7106660196992669,0.988534157733561,0.8938633780728679,0.736842105263158
84,142,2,medium,medium,0.993599394440176,0.7233922985585367,0.9923674932312632,0.9168739093359846,0.7101018675721562
84,143,2,medium,medium,0.9925056711604489,0.7254085353817101,0.9904770033766884,0.9654667479246342,0.5855562784645414
84,145,2,medium,medium,0.9932844170887862,0.7692197928114632,0.9925462425001174,0.9181989669599911,0.7333333333333334
84,147,2,medium,medium,0.9939146250739468,0.773668287384237,0.9937583754143186,0.9347362011081768,0.7037037037037037
84,151,2,medium,medium,0.9937831731414238,0.6640617779419593,0.9930121552996984,0.9139929192991048,0.7027027027027026
84,155,2,medium,medium,0.992201409098923,0.7511230407530836,0.9906821878401854,0.8997171220265124,0.736842105263158
84,158,2,medium,medium,0.9929795280460468,0.7051464889551406,0.990549349311839,0.9061828279319418,0.6318840579710145
84,168,2,medium,medium,0.9920487353220008,0.7020236471316735,0.9901513846536958,0.9257229151472404,0.7083333333333334
84,169,2,medium,medium,0.9911448315093004,0.6930886431482681,0.9901209545346435,0.913564434515624,0.6542119565217391
84,171,2,medium,medium,0.9927615319586732,0.7033316513241767,0.9897139565954028,0.906138508193946,0.5833333333333333
84,185,2,medium,medium,0.9939883755882776,0.7054121927995346,0.9920996460224768,0.9308824145485256,0.6966632962588474
84,190,2,medium,medium,0.9937630883485206,0.7234428678665212,0.9908926359080438,0.9380674693435616,0.6666666666666667
84,191,2,medium,medium,0.99193636772878,0.7507344480041107,0.9894044286325578,0.9578911534108048,0.6857142857142857
84,192,2,medium,medium,0.9936543197700128,0.7687939751036932,0.9920418189302254,0.90484143175093,0.6792857142857143
84,194,2,medium,medium,0.9908682949734968,0.6992351372027175,0.9873975957472102,0.8951675964592734,0.72
84,197,2,medium,medium,0.991445537347363,0.7558782102612754,0.9895036774671389,0.943893251335992,0.6203346203346203
84,202,2,medium,medium,0.9887304738962678,0.6955580886771924,0.9836380265016316,0.904920319536914,0.6885775862068966
84,203,2,medium,medium,0.9927591266568544,0.6599737780418656,0.9913455885762305,0.9000384387295235,0.7419354838709677
84,206,2,medium,medium,0.9927957347275396,0.7422956985121306,0.9918776072004516,0.94988476076372,0.72
84,207,2,medium,medium,0.9929733874983604,0.7438788846544646,0.9917005772033533,0.925265603832918,0.6399999999999999
84,210,2,medium,medium,0.9925973491098746,0.7027853180331776,0.9908871760864372,0.935457337608478,0.7142857142857142
84,212,2,medium,medium,0.9932065828349678,0.7061982570304723,0.9917005680189565,0.9184362002837506,0.75
84,214,2,medium,medium,0.992531354456969,0.6944505542377797,0.9916296102534828,0.912809761625721,0.7320512820512821
84,215,2,medium,medium,0.9928382388334378,0.7575719529251239,0.9910621322171907,0.8813657084551505,0.71875
88,89,2,medium,medium,0.9915472740328112,0.5414335541619126,0.9891861348966836,0.8906959986628096,0.6521739130434783
88,91,2,medium,medium,0.9882304232127704,0.6772097227346885,0.9840515424354724,0.9381610200970406,0.5384615384615385
88,97,2,medium,medium,0.9913270301152052,0.7375797579131578,0.9892703552590192,0.9302612543196274,0.6486486486486487
88,105,2,medium,medium,0.9900740658474154,0.6665400935312158,0.9862796415357316,0.9349668963389044,0.7609523809523808
88,108,2,medium,medium,0.989012733088379,0.7772265868550259,0.9860349425360684,0.9147299545713248,0.763888888888889
88,112,2,medium,medium,0.992552666972014,0.679499263512003,0.9903047255044612,0.91381824172382,0.7083333333333334
88,115,2,medium,medium,0.9912394906637204,0.5796658245823496,0.9867750848550326,0.947945408560918,0.6285714285714284
88,117,2,medium,medium,0.9895267393543627,0.6966335972563671,0.9833880289115255,0.9300256152416804,0.6885775862068966
88,120,2,medium,medium,0.9878940203796762,0.6612106288428432,0.982921459678821,0.9186811457813592,0.71875
88,125,2,medium,medium,0.9830728462070476,0.7151128756189384,0.975358567691471,0.9272840836730372,0.72
88,135,2,medium,medium,0.9901243594058318,0.6554897013851251,0.9848445806637952,0.9046553872727274,0.7777777777777779
88,142,2,medium,medium,0.9918258402406382,0.6533373617776663,0.9890754325166377,0.8966120680561355,0.7241379310344828
88,143,2,medium,medium,0.987180080480803,0.7733733161043264,0.9811741838111964,0.9340536311250612,0.4719601677148848
88,145,2,medium,medium,0.9912682725104374,0.63692326044381,0.9891244534243372,0.9057682174072068,0.7549999999999999
88,147,2,medium,medium,0.992866519654539,0.6759680276017888,0.9909594605599988,0.9263196834950372,0.7391304347826088
88,151,2,medium,medium,0.9936928418863976,0.5979103276827589,0.9920546588316452,0.8924169062257166,0.736842105263158
88,155,2,medium,medium,0.9891303102758288,0.7278398184003209,0.9862621848171016,0.9448757855533048,0.7619047619047619
88,158,2,medium,medium,0.9914396201773596,0.7309327109505257,0.987700106848671,0.935615845756654,0.5555555555555556
88,168,2,medium,medium,0.9909691235804766,0.5593543004809229,0.9867726927382424,0.8714859129551527,0.7142857142857142
88,169,2,medium,medium,0.9870783836972736,0.6898286187339978,0.9832268020034812,0.924276853552688,0.6818181818181819
88,171,2,medium,medium,0.9905502100161696,0.6554419836012093,0.9847015424507216,0.9154961857928058,0.5897435897435898
88,185,2,medium,medium,0.9901734192808588,0.7559555606629246,0.9877845561014472,0.9417782139337932,0.7142857142857142
88,190,2,medium,medium,0.9900815458941176,0.7708899634728329,0.9873730913505534,0.9274506889004624,0.6
88,191,2,medium,medium,0.9877116824859868,0.640873433720959,0.9825243854751068,0.9325931462934528,0.6666666666666667
88,192,2,medium,medium,0.9921483847813436,0.6499275238067215,0.9911472944823092,0.8961227637780504,0.676470588235294
88,194,2,medium,medium,0.9895130068721658,0.5859854480878846,0.983787420881398,0.8993492174039261,0.6956521739130435
88,197,2,medium,medium,0.9874666188387744,0.6899617358800834,0.9812598612962724,0.9015049026509202,0.653846153846154
88,202,2,medium,medium,0.9868009390557422,0.5512242875661713,0.9792181691153355,0.915781480855552,0.6842105263157894
88,203,2,medium,medium,0.9881659780478932,0.7483388643785575,0.983180847906738,0.9001777795369256,0.8095238095238095
88,206,2,medium,medium,0.9925840643121486,0.6257489978458892,0.991195608369927,0.9205000876228516,0.7142857142857142
88,207,2,medium,medium,0.9924694956807276,0.6193686877889524,0.990810116017924,0.9286606683246696,0.6756756756756758
88,210,2,medium,medium,0.990394762677244,0.7008934756305644,0.98702086650009,0.9388623148657592,0.75
88,212,2,medium,medium,0.9920418121332034,0.6599683669031876,0.9895113317302124,0.9376204197197212,0.7379862700228833
88,214,2,medium,medium,0.990551465515524,0.6333982220736853,0.9878812685208012,0.928428804970837,0.7619047619047619
88,215,2,medium,medium,0.9911970791477492,0.6251096605028484,0.9890007655369556,0.8555035507133992,0.72
89,91,2,medium,medium,0.9930395470349356,0.7230562575025479,0.9902720273569926,0.8905383489534915,0.6228448275862069
89,97,2,medium,medium,0.9937338106918476,0.722650822040771,0.9907637487867516,0.924921377286893,0.625
89,105,2,medium,medium,0.9929941558004518,0.5894570697734569,0.9901638366701352,0.9075322119420036,0.6136363636363636
89,108,2,medium,medium,0.9927457388486458,0.6392705638381042,0.9885112165258744,0.8908629170329143,0.5999999999999999
89,112,2,medium,medium,0.9940055301542045,0.6232386946705926,0.9933260605826488,0.9192919951953612,0.653846153846154
89,115,2,medium,medium,0.9932657818682936,0.6823200348675633,0.989821739386108,0.91456317150884,0.6222222222222222
89,117,2,medium,medium,0.9927902548134736,0.6539515946997458,0.991044414505237,0.9190641616863868,0.6333333333333333
89,120,2,medium,medium,0.9927360461678086,0.6802281901594595,0.9900803771324198,0.8949936895958258,0.6363636363636365
89,125,2,medium,medium,0.9908919149567416,0.6261780629302685,0.987020326604388,0.870967483648222,0.6296296296296298
89,135,2,medium,medium,0.9915285281674444,0.7409385654725689,0.9884590472197716,0.9182094445365788,0.6159003831417624
89,142,2,medium,medium,0.9941461644310544,0.690812717712106,0.9921393391923324,0.8758745974209357,0.6206896551724137
89,143,2,medium,medium,0.9921555377518864,0.6041167482141592,0.9888508000136738,0.8623070972780005,0.5555555555555556
89,145,2,medium,medium,0.9931790037291424,0.6950706385025991,0.9900319989130276,0.8869774938801165,0.6
89,147,2,medium,medium,0.9936754274744404,0.7243282658091726,0.9915713512082178,0.9189475773206924,0.6363636363636365
89,151,2,medium,medium,0.993929055929082,0.6630129698579159,0.9927024075499143,0.908748503547137,0.6470588235294118
89,155,2,medium,medium,0.9926674026572057,0.6759571745483979,0.9907809803569768,0.8596084881783814,0.625
89,158,2,medium,medium,0.99261736276784,0.6467965955881649,0.9905400887730054,0.9052159777984118,0.6333333333333333
89,168,2,medium,medium,0.9927532099374424,0.7367574327664765,0.9903681529284188,0.9260916436921844,0.625
89,169,2,medium,medium,0.991556416968046,0.6485235649483144,0.9882463107131112,0.8788450348159279,0.653846153846154
89,171,2,medium,medium,0.9934383820519048,0.7388811262418236,0.9914463263996752,0.9203508313143758,0.6
89,185,2,medium,medium,0.993733480821696,0.6575734430199183,0.9913363071002476,0.9056428707220492,0.6455696202531644
89,190,2,medium,medium,0.9936074256154918,0.6696759579799993,0.9896209971305332,0.8839525167021003,0.632996632996633
89,191,2,medium,medium,0.9925414812749972,0.694348941181361,0.9897785799261444,0.88801848357674,0.6428571428571428
89,192,2,medium,medium,0.9933595480360172,0.7061595235085776,0.9912040404826676,0.9195131811781992,0.64760348583878
89,194,2,medium,medium,0.9921899024222768,0.7278590274659995,0.9899216235297102,0.8979385674780311,0.6470588235294117
89,197,2,medium,medium,0.9916022572887528,0.6568925123112168,0.9879646876788488,0.9114350237960128,0.629100529100529
89,202,2,medium,medium,0.9897264237518574,0.7372101707886101,0.985355649366023,0.9171707840446518,0.6521739130434783
89,203,2,medium,medium,0.992378829247996,0.5574766391989631,0.9898077083900272,0.8610566075309225,0.6071428571428572
89,206,2,medium,medium,0.9935777037745314,0.6949089957678535,0.9920868105978704,0.8998990434080719,0.6285714285714284
89,207,2,medium,medium,0.9936441088740052,0.6877595750950851,0.9920892213894464,0.8614401550702612,0.6666666666666665
89,210,2,medium,medium,0.9927463330476636,0.6407231930152255,0.9912710063928388,0.862710714248724,0.625
89,212,2,medium,medium,0.9931723009732076,0.6729892561593205,0.990536448438049,0.9143820265747604,0.6461100569259962
89,214,2,medium,medium,0.9922509917629204,0.6962432173711475,0.9909247518705188,0.9309747765219348,0.6399999999999999
89,215,2,medium,medium,0.9930643032728234,0.6695807549313306,0.991326511352736,0.8645854928539617,0.607843137254902
91,97,2,medium,medium,0.9920705279964788,0.780269678672481,0.9876836625752876,0.9059090940528656,0.6510869565217391
91,105,2,medium,medium,0.9904096615053892,0.7731946381284798,0.9847774225557732,0.8936014670183051,0.5076923076923077
91,108,2,medium,medium,0.9895083962459468,0.6830951796795448,0.9833494146390954,0.9013048068526326,0.4761904761904761
91,112,2,medium,medium,0.99172278124487,0.7357957871104757,0.987728116708266,0.8822541050703929,0.5714285714285714
91,115,2,medium,medium,0.9903952954705524,0.6672100703534752,0.9854744265500412,0.9240529280720982,0.6043478260869566
91,117,2,medium,medium,0.9905138220952816,0.808303139884875,0.9860716927420456,0.9430675467316754,0.5732142857142857
91,120,2,medium,medium,0.9902211625684196,0.7609532424294073,0.985865258829166,0.9100486507129693,0.6107397504456329
91,125,2,medium,medium,0.9884016575432848,0.685965771587697,0.9842741856874926,0.9005389314100999,0.4897959183673469
91,135,2,medium,medium,0.9903599386482717,0.6741878416072327,0.9859278311564752,0.879558040324146,0.5287828947368421
91,142,2,medium,medium,0.9919673011767276,0.7288404589119921,0.9893999001403586,0.9469155010337909,0.5769230769230769
91,143,2,medium,medium,0.9897889771487568,0.843982386747089,0.9844149276042824,0.9555475596673412,0.6165158371040724
91,145,2,medium,medium,0.991609124526848,0.7841643403366928,0.9883128188755896,0.933994872432834,0.5
91,147,2,medium,medium,0.9927783609174344,0.7515847019651692,0.990304627799948,0.9053152232378948,0.53125
91,151,2,medium,medium,0.9932789162274634,0.6418153958032913,0.990469887496991,0.8943372387268915,0.5806451612903225
91,155,2,medium,medium,0.9896197043935558,0.7296593472871133,0.9869116314575976,0.93228332272071,0.5
91,158,2,medium,medium,0.9920471166653424,0.7771709093868059,0.9886075088440608,0.911157814563124,0.6333333333333333
91,168,2,medium,medium,0.9913019197558378,0.6712540317179254,0.9856519773790584,0.90246415373334,0.5386904761904762
91,169,2,medium,medium,0.989079485694142,0.7149812309480819,0.9862474822728282,0.926372939206795,0.5405405405405406
91,171,2,medium,medium,0.9917466742103156,0.7735881046089325,0.988722676172544,0.9177295427451244,0.6129032258064516
91,185,2,medium,medium,0.9910049405785424,0.7320710024598303,0.987079674650561,0.9185757914877144,0.5769230769230769
91,190,2,medium,medium,0.9924171043277042,0.8031999960165137,0.987427770299068,0.9208473860213764,0.6132478632478633
91,191,2,medium,medium,0.9911828013421126,0.7969272986453177,0.9864918868402038,0.9480641488728792,0.576036866359447
91,192,2,medium,medium,0.9916454859621984,0.7407303031278847,0.988620793623807,0.8979713551663433,0.606060606060606
91,194,2,medium,medium,0.990595155556057,0.7143708704982918,0.986578205626,0.8970616637715172,0.6122448979591837
91,197,2,medium,medium,0.98944183985219,0.7226368449664695,0.9845090280198682,0.907078986710736,0.5625
91,202,2,medium,medium,0.9878595512454482,0.663711765417572,0.9811742591356896,0.8925007784346765,0.606060606060606
91,203,2,medium,medium,0.9892265958208832,0.7235724897973368,0.985475730991146,0.8798052379627159,0.4888888888888889
91,206,2,medium,medium,0.9928200649444986,0.7520307804585614,0.9905123418209216,0.9304410728667748,0.5513722730471499
91,207,2,medium,medium,0.9927715160667776,0.7418824225994602,0.9899535053426946,0.9388756828667616,0.5714285714285714
91,210,2,medium,medium,0.9909737168581978,0.7600251273186185,0.9866839411392638,0.9503094599645346,0.5128205128205128
91,212,2,medium,medium,0.9904507742451704,0.7047258208990332,0.987087473276782,0.918809805412423,0.5352990033222591
91,214,2,medium,medium,0.9901771159302531,0.7215427582992584,0.9879265189355658,0.9067756808816309,0.5999999999999999
91,215,2,medium,medium,0.990710497355918,0.7356450771946861,0.9859446779519686,0.9039005424962412,0.5961538461538463
97,105,2,medium,medium,0.9928898085622824,0.6856740829362462,0.9906963846129244,0.9177114738576492,0.6666666666666666
97,108,2,medium,medium,0.991740738480144,0.6870371722008843,0.9885155632565232,0.9389951155199324,0.6071428571428572
97,112,2,medium,medium,0.9932561229339836,0.6689907483720468,0.9898760993895775,0.9234321145413305,0.6666666666666666
97,115,2,medium,medium,0.9935099700057388,0.7835733060310311,0.9908621032076228,0.9221705127699682,0.6501427988576092
97,117,2,medium,medium,0.9925393444471968,0.6551122431880678,0.989661377945155,0.9250247365787624,0.6120071684587813
97,120,2,medium,medium,0.992313183419982,0.7172491563388342,0.9889951998002974,0.9167222597579666,0.6799999999999999
97,125,2,medium,medium,0.9893892095110162,0.6680179678032361,0.986076842853854,0.89287080278689,0.6296296296296298
97,135,2,medium,medium,0.9909120142125164,0.7042024707583137,0.9883215820058516,0.88729937055551,0.6363636363636365
97,142,2,medium,medium,0.9919397498013304,0.7732133888235273,0.9893779933692944,0.9491777985147566,0.653061224489796
97,143,2,medium,medium,0.9914263660236547,0.7681988564923721,0.9868058852781428,0.8891921162396281,0.6174242424242424
97,145,2,medium,medium,0.9928488511193538,0.7199133462699634,0.9905877644314526,0.8809258097723507,0.6285714285714284
97,147,2,medium,medium,0.9936769287582584,0.7548185870083348,0.9919547755787068,0.9290005397726336,0.6333333333333333
97,151,2,medium,medium,0.9943786669302072,0.7312362597896102,0.993586073980877,0.9300499327850952,0.653846153846154
97,155,2,medium,medium,0.9920135124208954,0.7493040858900439,0.9895291994907964,0.9129011793403404,0.6510869565217391
97,158,2,medium,medium,0.993472872696445,0.7247424007774788,0.9909004059005324,0.9113972537324536,0.6351351351351351
97,168,2,medium,medium,0.9927197990739348,0.7338895910742733,0.9893861081830452,0.9176929414864904,0.6
97,169,2,medium,medium,0.9912991460415256,0.6603480086773985,0.9886221910345666,0.9070032654633974,0.653846153846154
97,171,2,medium,medium,0.992813650709277,0.8034272284481757,0.9894943829036932,0.9416880611099802,0.6141439205955335
97,185,2,medium,medium,0.9931191373089362,0.7073448402231584,0.989775486420821,0.9373214515332896,0.6428571428571428
97,190,2,medium,medium,0.992726089456328,0.7552910792572657,0.9884778783452368,0.881870655711451,0.6566964285714285
97,191,2,medium,medium,0.9920015398333256,0.7877967599282618,0.988169393824446,0.9463558722244048,0.657142857142857
97,192,2,medium,medium,0.9927391812673054,0.7437958084130932,0.9903113144130402,0.9275131949207668,0.6511627906976745
97,194,2,medium,medium,0.9920218790062114,0.7182374059286862,0.9879944055857032,0.9080720108704724,0.6666666666666667
97,197,2,medium,medium,0.9907341940386112,0.718725161544989,0.9859324486156468,0.9347173965600728,0.6363636363636365
97,202,2,medium,medium,0.9890993645280208,0.7108334158121339,0.9834138427516024,0.9200320875260312,0.6379310344827586
97,203,2,medium,medium,0.9916227026693304,0.650792260137521,0.9878869395046322,0.9063492007160128,0.6428571428571428
97,206,2,medium,medium,0.9934761987631292,0.7159174364566333,0.991869694971256,0.92962454972074,0.627906976744186
97,207,2,medium,medium,0.9938786968104928,0.7770288897630672,0.9916565669611608,0.944619794615534,0.6283741368487131
97,210,2,medium,medium,0.9919490655346866,0.7343181484449212,0.9890883081078696,0.9135260860539828,0.6475155279503105
97,212,2,medium,medium,0.9925193884406348,0.7771603121105384,0.9901304393006992,0.9342813302435488,0.649616368286445
97,214,2,medium,medium,0.9924719534948075,0.7499359112811583,0.9904523350050296,0.935979344519064,0.6923076923076923
97,215,2,medium,medium,0.9916058853217402,0.7056244349488663,0.9892331322997142,0.8450803875740229,0.6666666666666667
105,108,2,medium,medium,0.9931901743715926,0.7039571298439897,0.9903167447900144,0.8975855860402018,0.7619047619047619
105,112,2,medium,medium,0.9929912101943468,0.6611484113523787,0.9887994773408496,0.9237196707955556,0.7
105,115,2,medium,medium,0.9923840784548076,0.687851402669141,0.9891661460915492,0.941259161823038,0.6071428571428572
105,117,2,medium,medium,0.9927390477987524,0.6279501699316599,0.9906385027926188,0.8941893632596594,0.6500600240096038
105,120,2,medium,medium,0.990939477293712,0.6251849934722611,0.9861950312293436,0.9207700704947296,0.6956521739130435
105,125,2,medium,medium,0.9879826589944636,0.6680218312654153,0.9838282369663266,0.9139455198504116,0.736231884057971
105,135,2,medium,medium,0.99079535463331,0.6475501434264918,0.9845106807457102,0.921306184448314,0.7599999999999999
105,142,2,medium,medium,0.9921417027781976,0.6633589843973431,0.9907791375423218,0.9276328076691008,0.6557112068965517
105,143,2,medium,medium,0.9906099003476476,0.6007030063167368,0.9885031673700276,0.9097774552771858,0.5128205128205128
105,145,2,medium,medium,0.9925633007799246,0.7372068646072479,0.9916672028191168,0.9195570428857216,0.7599999999999999
105,147,2,medium,medium,0.9941373874817082,0.6394521572723897,0.9934211502958824,0.9428704288832654,0.7360681114551084
105,151,2,medium,medium,0.994359520711644,0.6220939523031466,0.9925076873574866,0.9391218652403734,0.7142857142857142
105,155,2,medium,medium,0.9906632221448508,0.7398857830781842,0.9871654117430226,0.9106620908125456,0.7609523809523808
105,158,2,medium,medium,0.991857718113206,0.6930284401141591,0.9895195003813207,0.9474237316363422,0.6333333333333333
105,168,2,medium,medium,0.9917160119726548,0.6266548346970824,0.9878591841998196,0.8963199155947641,0.7317073170731707
105,169,2,medium,medium,0.9892904930400638,0.6744051723322153,0.9847807724884028,0.9029158808087978,0.72
105,171,2,medium,medium,0.991975042632014,0.7647646279811273,0.988270979666306,0.9132710022819324,0.5333333333333334
105,185,2,medium,medium,0.9935743129323074,0.6853699727561453,0.9938854350889572,0.952139134570323,0.6521739130434783
105,190,2,medium,medium,0.9933120947494172,0.7358496027269663,0.99223827383106,0.8956070002366637,0.6384099616858238
105,191,2,medium,medium,0.9903124723326316,0.6397445106968535,0.9850038398897052,0.8920705874200235,0.6486676016830295
105,192,2,medium,medium,0.9930204248943224,0.6321154787505874,0.990463899405226,0.9245602185887905,0.6666666666666666
105,194,2,medium,medium,0.9905002013663372,0.6643389688234042,0.9850770794464098,0.9132048436091192,0.7391304347826088
105,197,2,medium,medium,0.9895256032582872,0.678332942134952,0.98292211955819,0.9067111900124702,0.625
105,202,2,medium,medium,0.9878092511207256,0.6470697953565865,0.979801668499501,0.8901235301638937,0.6499999999999999
105,203,2,medium,medium,0.9899392586676318,0.6806695961896385,0.9857021768158936,0.9165276537089057,0.7297297297297298
105,206,2,medium,medium,0.993865026250409,0.6813776814021143,0.9919026774700952,0.9171260519726782,0.7142857142857142
105,207,2,medium,medium,0.9937108094478454,0.6739644290889539,0.991140640734237,0.9223241854164256,0.6666666666666667
105,210,2,medium,medium,0.9927943024469604,0.678357533925705,0.98831102390693,0.9048135116563666,0.71875
105,212,2,medium,medium,0.9917134312199046,0.7494649159533042,0.989165526190008,0.9393893867802396,0.7142857142857142
105,214,2,medium,medium,0.9926205258901992,0.6913419360890352,0.9899973470473756,0.939104201865678,0.736842105263158
105,215,2,medium,medium,0.9926839310224712,0.6401996939729849,0.9901007731238868,0.8666881894368766,0.7142857142857142
108,112,2,medium,medium,0.993219024760172,0.6789232338933988,0.990840837384432,0.9078851760516556,0.6984848484848485
108,115,2,medium,medium,0.9919641942660022,0.6958288735576794,0.9905002992113768,0.919644469457338,0.625
108,117,2,medium,medium,0.9910225573302502,0.6104227672730319,0.9877148926390902,0.9322021136953562,0.6153846153846154
108,120,2,medium,medium,0.989467518805052,0.7045095014758718,0.9841699862315428,0.9291848836189592,0.6933760683760684
108,125,2,medium,medium,0.982475839823801,0.7797105940431315,0.9724962754771028,0.9155679645378806,0.75
108,135,2,medium,medium,0.9905817645102922,0.6397523436150061,0.9848382005250362,0.907236234180394,0.7777777777777779
108,142,2,medium,medium,0.9928914598644618,0.6681944770889277,0.9912043621007008,0.932740133334408,0.6666666666666667
108,143,2,medium,medium,0.9871764596873254,0.764578257142212,0.9817753175289016,0.9212668174666864,0.4637681159420289
108,145,2,medium,medium,0.9926908369432924,0.6772946385843408,0.991276377973246,0.9374305000440536,0.7171428571428571
108,147,2,medium,medium,0.9938909702965876,0.6902210223350287,0.9922653204531572,0.9139926530129028,0.7735042735042735
108,151,2,medium,medium,0.9941039636859772,0.6661779748794161,0.9923726874340864,0.8958746880226003,0.7
108,155,2,medium,medium,0.9893060668250544,0.6674054753987043,0.9858975335169154,0.9101925735076504,0.7619047619047619
108,158,2,medium,medium,0.9923002055573596,0.7358765197548146,0.9888628279477004,0.913686795587442,0.6
108,168,2,medium,medium,0.9911864791324336,0.6353183888839391,0.987469798258569,0.9105216941417378,0.75
108,169,2,medium,medium,0.987239516951986,0.6079982791546499,0.9809528508864508,0.9265155198974804,0.6715686274509803
108,171,2,medium,medium,0.990377449051228,0.6320626030616551,0.9853909857076214,0.9369718092487702,0.4864468864468864
108,185,2,medium,medium,0.9939131102683544,0.6314507214475349,0.9910010686054608,0.905060304067975,0.6876847290640393
108,190,2,medium,medium,0.989786125194456,0.6547690927095082,0.9869915610496082,0.9079707463467964,0.5865384615384616
108,191,2,medium,medium,0.9900266899387218,0.6461136801394176,0.9841068669673696,0.8902818304197694,0.6470588235294117
108,192,2,medium,medium,0.992928373314167,0.6530678512064467,0.9908568351010744,0.8768725815440165,0.5765625
108,194,2,medium,medium,0.9899576295656062,0.5938663014754317,0.9845679663344368,0.8978815378503961,0.6956521739130435
108,197,2,medium,medium,0.9880926257263636,0.6374343486134987,0.9822694810930576,0.8952753007809118,0.6363636363636365
108,202,2,medium,medium,0.9869132606745422,0.6073559484123763,0.9788743180321344,0.8780445577439479,0.6399999999999999
108,203,2,medium,medium,0.98875935333896,0.6992032914441106,0.9839946433739968,0.9055607141205604,0.7894736842105263
108,206,2,medium,medium,0.9943651110024692,0.6289985357112574,0.9918880305649388,0.8746372782635853,0.7083333333333334
108,207,2,medium,medium,0.9935969813947366,0.6154748709581075,0.9916033020726596,0.9253993928102016,0.5925925925925926
108,210,2,medium,medium,0.992408859065056,0.6886689836057869,0.9916559344971602,0.9081888153673524,0.75
108,212,2,medium,medium,0.99300025587299,0.7138750992851395,0.989612144795926,0.912320165068606,0.7320574162679426
108,214,2,medium,medium,0.9905108990329544,0.6372237779364616,0.989693958819062,0.909401665586433,0.7
108,215,2,medium,medium,0.991814862693737,0.6612315653690573,0.9916721723818198,0.9150871132970008,0.676470588235294
112,115,2,medium,medium,0.9928460962002846,0.6862623372208144,0.9898215558123804,0.9314269686875544,0.6896551724137931
112,117,2,medium,medium,0.9925709408695842,0.6521233557464414,0.9897493489771378,0.9339976049765016,0.6799999999999999
112,120,2,medium,medium,0.9923303641903976,0.6977314329957525,0.989615348839484,0.9317012209934892,0.7142857142857142
112,125,2,medium,medium,0.9914134476061376,0.6592857341300995,0.9863089558741096,0.9083447685934468,0.6775210084033613
112,135,2,medium,medium,0.9912957091579176,0.6725074453716309,0.9874904033066308,0.9265836462926476,0.7272727272727273
112,142,2,medium,medium,0.9932763245435178,0.6987635987060121,0.9922595923390144,0.8952575527469631,0.7073170731707317
112,143,2,medium,medium,0.9900608046295636,0.6646396775059626,0.9875475541802992,0.8826467411753941,0.6041666666666667
112,145,2,medium,medium,0.9935293851787446,0.7225923059857005,0.9924829796515524,0.8689008622711512,0.7013513513513514
112,147,2,medium,medium,0.9940417652137992,0.7041854255817284,0.9919848173510022,0.9193781464554232,0.6666666666666667
112,151,2,medium,medium,0.9941184164642451,0.6687888770847961,0.992054117380842,0.9367311598700662,0.6885775862068966
112,155,2,medium,medium,0.9918087105742148,0.6709450932297573,0.9894571145536304,0.9192473972912224,0.6666666666666667
112,158,2,medium,medium,0.992829897338418,0.7046592048729585,0.9913449800551172,0.9386675411531265,0.6551724137931034
112,168,2,medium,medium,0.9922655436533484,0.6204425640575338,0.9909647084392856,0.9085706303260118,0.6666666666666667
112,169,2,medium,medium,0.9911778889303192,0.7310351797856739,0.9882126984222542,0.8958558918347582,0.6666666666666666
112,171,2,medium,medium,0.9926199652515508,0.7321355563794899,0.9894426701009632,0.9366379912374744,0.6167832167832168
112,185,2,medium,medium,0.993139018821976,0.6723700969798496,0.9908066500219642,0.9165255548961336,0.6666666666666667
112,190,2,medium,medium,0.9930353580859472,0.6656445766502013,0.9908029961146836,0.8589864012305974,0.6342342342342342
112,191,2,medium,medium,0.9924503574869116,0.7221300940217131,0.9903193589636904,0.8904841794338558,0.6428571428571428
112,192,2,medium,medium,0.9930896989580508,0.684855998662419,0.9902397222143904,0.9191083642634258,0.6551724137931034
112,194,2,medium,medium,0.9904566591355818,0.6870747958882937,0.9859449171488244,0.907086487624046,0.6896551724137931
112,197,2,medium,medium,0.9900984851961676,0.6858076585551172,0.9862565470931456,0.9206813794006554,0.6141439205955335
112,202,2,medium,medium,0.9881559716035384,0.6309769476858575,0.9817415741861226,0.8992301975164558,0.6499999999999999
112,203,2,medium,medium,0.9916567006904252,0.6542645217927672,0.9879815351002604,0.9194508184030068,0.6666666666666666
112,206,2,medium,medium,0.9929211340505724,0.6715243191010596,0.9926316772298898,0.9101136767680008,0.6785714285714286
112,207,2,medium,medium,0.9933920696823264,0.6797259155374547,0.9917166406558352,0.9078798968724374,0.6451612903225807
112,210,2,medium,medium,0.9931096721498528,0.6540168530909567,0.9906052505993086,0.9175222032855505,0.6666666666666667
112,212,2,medium,medium,0.9920103191168804,0.6493941387253704,0.9895745829060816,0.9489108779702592,0.6984848484848485
112,214,2,medium,medium,0.9918307152535591,0.6884354170567979,0.9908804691367088,0.9475176733404296,0.7037037037037037
112,215,2,medium,medium,0.992161779668464,0.6617909548017822,0.9907376473156448,0.8735695999531269,0.7027027027027026
115,117,2,medium,medium,0.99171539709842,0.6160491585748074,0.9886152166017016,0.9100657484565742,0.6339712918660287
115,120,2,medium,medium,0.9912865326134797,0.6908229998004801,0.9875134116335026,0.9322002782191664,0.6296296296296298
115,125,2,medium,medium,0.9891757876076216,0.6824372932323655,0.9846607303083348,0.9137762861627629,0.657142857142857
115,135,2,medium,medium,0.9905853857278382,0.6630422319627104,0.9875843695960698,0.928615073848538,0.7027027027027026
115,142,2,medium,medium,0.9939847015497508,0.7017532817435399,0.9925935073982832,0.9330259226706998,0.6582156611039794
115,143,2,medium,medium,0.9913847529197176,0.6706060449041017,0.9886843837599564,0.9100758593383133,0.6107994389901823
115,145,2,medium,medium,0.9923569059257724,0.6931303649739551,0.9896597356151772,0.9319147182188446,0.5999999999999999
115,147,2,medium,medium,0.9937421082746436,0.6781696417211822,0.9923757608062546,0.924697073038894,0.6504112808460635
115,151,2,medium,medium,0.9944021391421556,0.6151419757872841,0.9930432349458452,0.9353912454297664,0.6923076923076923
115,155,2,medium,medium,0.9922176163394526,0.7631878200978748,0.9893884236908626,0.9173720140255048,0.6363636363636365
115,158,2,medium,medium,0.9929823518922204,0.7076513874121717,0.9899734551623554,0.9393253207504308,0.6888888888888889
115,168,2,medium,medium,0.9924492219092604,0.6516372432815295,0.9889985782298258,0.910441896033623,0.6818181818181819
115,169,2,medium,medium,0.990360481699646,0.6268318898692713,0.988876364805744,0.9196176379015056,0.6176470588235294
115,171,2,medium,medium,0.9932549251584072,0.6752525666238057,0.9900582885716654,0.9139705671841092,0.6145104895104895
115,185,2,medium,medium,0.9931890923721304,0.6690348868886522,0.9927018605545368,0.9451688915196031,0.6666666666666666
115,190,2,medium,medium,0.9934519301964292,0.7505604933534225,0.991305289747464,0.912882869871988,0.6052631578947368
115,191,2,medium,medium,0.9911122425019444,0.6954430469092521,0.987620110114921,0.9231769230762066,0.5999999999999999
115,192,2,medium,medium,0.9933023476814996,0.6870185115047487,0.990055884400438,0.914751882055274,0.6577748861418348
115,194,2,medium,medium,0.9907864138625844,0.6552651652439436,0.98620485405691,0.903528647155714,0.7037037037037037
115,197,2,medium,medium,0.9912483626152035,0.743047214427329,0.985480670420244,0.9245372520518048,0.6071428571428572
115,202,2,medium,medium,0.9883877609626608,0.6283112436102245,0.9805011335037894,0.9101464955003808,0.6136363636363636
115,203,2,medium,medium,0.9905498748621392,0.6682956637396738,0.9892445298309772,0.917316418512096,0.6486486486486487
115,206,2,medium,medium,0.9941693945332004,0.7348657541106194,0.9919421476839962,0.9248984348798588,0.6956521739130435
115,207,2,medium,medium,0.9936512454715042,0.6342881124782034,0.9910593441017368,0.9026053162647748,0.6458333333333333
115,210,2,medium,medium,0.992780384661242,0.7386658538954243,0.9914920994131684,0.9240386685499816,0.6451612903225807
115,212,2,medium,medium,0.9935103979649108,0.6927292797212613,0.9911115399566214,0.9548216434027764,0.6267857142857142
115,214,2,medium,medium,0.991943057117438,0.6566347802594084,0.9902947100889044,0.9265486086838984,0.6521739130434783
115,215,2,medium,medium,0.9928891811304285,0.5959235399026017,0.990563823421586,0.8821810142766928,0.6399999999999999
117,120,2,medium,medium,0.9909788394687628,0.699628142069139,0.989572558490551,0.9079076696021358,0.6449579831932772
117,125,2,medium,medium,0.98881392091198,0.6994372672961117,0.984881450197282,0.90716152359488,0.6304347826086957
117,135,2,medium,medium,0.99131096536582,0.7029196581612195,0.9882399516508132,0.8723561316689387,0.6774193548387097
117,142,2,medium,medium,0.9933841180213572,0.7478938365355003,0.9913789107650772,0.886420887241448,0.625
117,143,2,medium,medium,0.9907450477729336,0.7397670669821801,0.98578911251582,0.93962878598348,0.5952380952380952
117,145,2,medium,medium,0.9915632919575996,0.718558750473089,0.9894096124419416,0.939023600258283,0.6481481481481481
117,147,2,medium,medium,0.9934075715365946,0.7303507820073538,0.9914121422160684,0.8890374014592148,0.6333333333333333
117,151,2,medium,medium,0.9938095232098212,0.6777121298917275,0.992734134349788,0.9011524287326252,0.6376262626262627
117,155,2,medium,medium,0.991534220549862,0.770792761501311,0.9896760854184624,0.9395259426106852,0.653846153846154
117,158,2,medium,medium,0.9928480778016407,0.708322245334863,0.9880694992020388,0.923560135720778,0.6071428571428572
117,168,2,medium,medium,0.992679459076837,0.7026912298300918,0.989436719374629,0.8772712859003304,0.6619047619047619
117,169,2,medium,medium,0.9899409126155938,0.6848709182692717,0.9879037233723552,0.9454212114652644,0.6551724137931034
117,171,2,medium,medium,0.9917598949147118,0.7601009705405335,0.9887803733036428,0.9263696319787824,0.5891560798548094
117,185,2,medium,medium,0.9916477546535144,0.7105882060655901,0.9883538264481336,0.9181355943647612,0.6606060606060605
117,190,2,medium,medium,0.9925414145489392,0.6934515542351614,0.9888670906519624,0.9494520496289384,0.606203007518797
117,191,2,medium,medium,0.9912216812643334,0.7466505893547878,0.9894169938695822,0.931796779778114,0.6428571428571428
117,192,2,medium,medium,0.9930026742180706,0.7026065403636533,0.990458027438468,0.8729241512309505,0.6585365853658536
117,194,2,medium,medium,0.991542708137836,0.67053374202514,0.987591046245577,0.8912048971993163,0.6341463414634145
117,197,2,medium,medium,0.9904060791617028,0.714849728400125,0.9862095469558778,0.9021535415787773,0.625
117,202,2,medium,medium,0.9893248707306947,0.6767630203884967,0.9840743133711024,0.910112927767602,0.6756756756756758
117,203,2,medium,medium,0.9902114469719532,0.6226835361468177,0.9859277658870051,0.8987762615021693,0.588235294117647
117,206,2,medium,medium,0.9934272102134564,0.7148992297331052,0.9919176920634638,0.8865527215050627,0.6666666666666667
117,207,2,medium,medium,0.99293208343998,0.7269790333362762,0.989667916750455,0.9091565300599116,0.6666666666666666
117,210,2,medium,medium,0.9913330632506367,0.6973415198297677,0.9884610929834444,0.9379509144808788,0.6399999999999999
117,212,2,medium,medium,0.9924577757930272,0.6951457108036845,0.989446189873472,0.9268422272386064,0.7142857142857142
117,214,2,medium,medium,0.9915577770535244,0.739085255923836,0.9894316809361704,0.8747254126027639,0.6799999999999999
117,215,2,medium,medium,0.9917728774431608,0.7073251441942908,0.9879808775198282,0.9291985890695336,0.6399999999999999
120,125,2,medium,medium,0.9871326028809484,0.6814488037463073,0.9802414361852356,0.9094420804089332,0.7037037037037037
120,135,2,medium,medium,0.9898861995256544,0.6672047696842498,0.9864912104430088,0.8803697957580943,0.7142857142857142
120,142,2,medium,medium,0.9924714636755702,0.693320527990285,0.9899444598784716,0.914235964318987,0.6521739130434783
120,143,2,medium,medium,0.9893376642148546,0.7104692726731476,0.985037914163076,0.896502307888643,0.5867486338797814
120,145,2,medium,medium,0.9912218625341792,0.7202830341296018,0.9873923296007224,0.9165218447384212,0.6846590909090908
120,147,2,medium,medium,0.9933961766067526,0.7273372715690373,0.9913811162920158,0.9195445563447194,0.7272727272727273
120,151,2,medium,medium,0.9937584220733926,0.6882141914015708,0.9919039514748628,0.9347765942350228,0.6799999999999999
120,155,2,medium,medium,0.990692086978772,0.7010970280094866,0.9890686328355368,0.9220634039674622,0.6978260869565218
120,158,2,medium,medium,0.9909311123704582,0.7319990222174289,0.9874781326111912,0.9219815553810722,0.6428571428571428
120,168,2,medium,medium,0.9922265954305844,0.6654090579971037,0.9891600060651894,0.897840217968424,0.7
120,169,2,medium,medium,0.9881397631394944,0.7215599621135134,0.984085284279838,0.925159839022067,0.7029411764705883
120,171,2,medium,medium,0.9914072807516944,0.7241737770285288,0.9878126615994398,0.8974661267652877,0.6086956521739131
120,185,2,medium,medium,0.9923060209904266,0.7329659942938622,0.9885259264181728,0.9284844857823306,0.6938775510204083
120,190,2,medium,medium,0.9899982779495644,0.6989629972536653,0.98648313478259,0.9175207660270523,0.6666666666666667
120,191,2,medium,medium,0.991656436493346,0.7582174721679159,0.9866124167074892,0.9078089023999536,0.6296296296296298
120,192,2,medium,medium,0.9915305981588574,0.6811109142845626,0.98885709292921,0.9066794825553168,0.6666666666666666
120,194,2,medium,medium,0.9909853049863082,0.634343026343719,0.9885085546375694,0.8836758846096066,0.7000000000000001
120,197,2,medium,medium,0.9900245307117476,0.7441625478242166,0.9872252015231604,0.9074344543577624,0.6666666666666666
120,202,2,medium,medium,0.9882700378796704,0.6607041857057384,0.9826197547040746,0.8861636290391567,0.6785714285714286
120,203,2,medium,medium,0.9882478725841884,0.6657819031220503,0.982727912919132,0.917687201550344,0.7142857142857142
120,206,2,medium,medium,0.992661481230544,0.7269366636279028,0.99068698176923,0.9036054172820284,0.7142857142857143
120,207,2,medium,medium,0.9923995890257116,0.6939530570410912,0.9905685186560282,0.9106403362795756,0.6896551724137931
120,210,2,medium,medium,0.9896874192311,0.67099890019217,0.9859865727743377,0.8901614016703243,0.7142857142857142
120,212,2,medium,medium,0.990966741211512,0.7067072376534121,0.987526494457004,0.938587367592975,0.7058823529411764
120,214,2,medium,medium,0.9904504118354666,0.7635950323516287,0.987533035649608,0.8819386168587701,0.6666666666666667
120,215,2,medium,medium,0.9916499307535556,0.7274009009059796,0.9876200067513262,0.9086389414875988,0.7058823529411764
125,135,2,medium,medium,0.9892475986506304,0.6324421411105938,0.9830571574874624,0.8803607488961849,0.75
125,142,2,medium,medium,0.9896838810655082,0.6964161318689507,0.988888947362793,0.9252835132668032,0.6666666666666667
125,143,2,medium,medium,0.9837401755855496,0.7565539752620635,0.9763790423788444,0.9065405270321732,0.5142857142857142
125,145,2,medium,medium,0.9892208901240094,0.7408670582306436,0.988215151370076,0.901094260238868,0.7894736842105263
125,147,2,medium,medium,0.9919581229014248,0.6331260885686985,0.9903662159141408,0.9361371595429436,0.75
125,151,2,medium,medium,0.9929191360600524,0.5865117891706397,0.991938111738346,0.9250058336846396,0.7272727272727273
125,155,2,medium,medium,0.987924568882793,0.7176429766100494,0.9850147811668474,0.9050469241204352,0.7307692307692308
125,158,2,medium,medium,0.9882704456277516,0.7214073136946588,0.9839130177810398,0.9253399427815376,0.6129032258064516
125,168,2,medium,medium,0.9908996851218784,0.6103201388914661,0.9858406301216696,0.8953788933070618,0.736842105263158
125,169,2,medium,medium,0.9855145316300516,0.6729987759013081,0.9794791910861842,0.8908797230028326,0.736842105263158
125,171,2,medium,medium,0.9888567056632076,0.6747733390087487,0.9853512253440004,0.8969090107031632,0.5507892930679479
125,185,2,medium,medium,0.9869922910176768,0.6162643596995674,0.9853892578479522,0.9384404337843628,0.698790627362056
125,190,2,medium,medium,0.9864207727235912,0.7072632987872767,0.9836070455043624,0.9046216140300676,0.6486486486486487
125,191,2,medium,medium,0.987128585973749,0.6520313828128268,0.9813191684950436,0.9205301031139692,0.6666666666666666
125,192,2,medium,medium,0.991410584637804,0.6099420963720356,0.9893399962685396,0.874244044738369,0.6666666666666666
125,194,2,medium,medium,0.9888260993721926,0.6095022262900649,0.9844741644809704,0.8911071166870085,0.7008771929824562
125,197,2,medium,medium,0.9883479588454804,0.6799645078500777,0.9829999729406492,0.9044965222218636,0.6229508196721312
125,202,2,medium,medium,0.9865727227590304,0.5979692808719304,0.978523277307662,0.9135595509045208,0.644614543466375
125,203,2,medium,medium,0.9823226378788198,0.7311122181448919,0.9790272600408512,0.937766728852816,0.75
125,206,2,medium,medium,0.9921099330107348,0.6449735417876113,0.9909973223232644,0.9029219762082876,0.7
125,207,2,medium,medium,0.9912549530680232,0.6647712876680425,0.9881206563150589,0.910822184534096,0.6666666666666667
125,210,2,medium,medium,0.9885031186353698,0.763003919626142,0.9855763078772092,0.9125584427240986,0.7333333333333334
125,212,2,medium,medium,0.9887940209047434,0.7129065690754428,0.9846412318964916,0.9205828548786702,0.72
125,214,2,medium,medium,0.987924413767846,0.6229220182454428,0.9826992257108224,0.8982412317138379,0.71875
125,215,2,medium,medium,0.9904735136108322,0.6327486191419668,0.9884888100048916,0.8730563016836236,0.7272727272727273
135,142,2,medium,medium,0.9911632812787337,0.744180279249002,0.9888161431727136,0.8888490251437835,0.6923076923076923
135,143,2,medium,medium,0.9893081281925008,0.6212138377621097,0.9847580917685692,0.8727756110658802,0.4705882352941176
135,145,2,medium,medium,0.989821657019448,0.6849207781193991,0.9867133353213696,0.864653626104004,0.7655677655677655
135,147,2,medium,medium,0.9913486594361578,0.7366929490736605,0.9879688246056764,0.9149485495133952,0.7599999999999999
135,151,2,medium,medium,0.9921988137116758,0.7017589079270712,0.9900267974345938,0.9268114464315956,0.72
135,155,2,medium,medium,0.9901491876926936,0.6861141987066424,0.987115530982988,0.8765305266814265,0.7826086956521738
135,158,2,medium,medium,0.9906181473299656,0.7108854750208818,0.987079638806442,0.9065177906334912,0.5833333333333333
135,168,2,medium,medium,0.9912723746408773,0.7009553655422107,0.98830658824809,0.9231573614532704,0.75
135,169,2,medium,medium,0.9896298106725776,0.6578597639423115,0.9859590572295864,0.8592900514756191,0.6785714285714286
135,171,2,medium,medium,0.9906094737636008,0.7219969505828413,0.9866584909401672,0.9032583345735756,0.5779352226720648
135,185,2,medium,medium,0.9908870940880538,0.6325376656731907,0.9866520517371612,0.91784544422921,0.6846590909090908
135,190,2,medium,medium,0.9907786761593028,0.6681314003401185,0.9841216547850566,0.8650700243960123,0.7142857142857143
135,191,2,medium,medium,0.990489915982442,0.7073585748799942,0.9845060258766232,0.8956595551483766,0.6666666666666667
135,192,2,medium,medium,0.9909078468027326,0.7212826386451877,0.9885681135983628,0.9317196700338792,0.6785714285714286
135,194,2,medium,medium,0.989791457050264,0.7096460421568089,0.9862312991401262,0.9171352355560468,0.7142857142857142
135,197,2,medium,medium,0.9898326340044604,0.6637915306456417,0.9862448851021554,0.904546860115589,0.6285714285714284
135,202,2,medium,medium,0.9885843086474434,0.7451159204684368,0.9844834721553544,0.9073467003261756,0.6666666666666667
135,203,2,medium,medium,0.9905379231728476,0.6346106525029487,0.9859011982895844,0.8826027058143928,0.7741935483870968
135,206,2,medium,medium,0.9908630307633096,0.7420532024476166,0.9888287678796052,0.9175490761196442,0.736842105263158
135,207,2,medium,medium,0.9916007566596464,0.6896478247173298,0.9903779436248524,0.8993773785037287,0.6521739130434783
135,210,2,medium,medium,0.9905045314789812,0.6703289898299924,0.9858144373996092,0.8646950757697944,0.7
135,212,2,medium,medium,0.9899089500295526,0.670190497519641,0.9851684471509682,0.901881342857736,0.736842105263158
135,214,2,medium,medium,0.9904501223747706,0.7019040462209603,0.987487649530378,0.9431342456672132,0.75
135,215,2,medium,medium,0.990599786286974,0.7083605982529076,0.9880897491945678,0.879603895648635,0.6984848484848485
142,143,2,medium,medium,0.9914316783134188,0.7843279224585429,0.9882376148734616,0.9129467205219304,0.6
142,145,2,medium,medium,0.9931543604451146,0.7420524154615705,0.9923909543714782,0.8840003486829591,0.6882591093117408
142,147,2,medium,medium,0.9935578646649073,0.7590644174432779,0.9935404781246308,0.9116100920617278,0.6333333333333333
142,151,2,medium,medium,0.9945727232070192,0.6684823003251923,0.9938045187963928,0.9348879141176684,0.65625
142,155,2,medium,medium,0.9916899411632368,0.7425052672761254,0.9891780009903646,0.9481517328304832,0.695048309178744
142,158,2,medium,medium,0.9932590005857288,0.6584509123789828,0.991003999630103,0.907397406063725,0.6120071684587813
142,168,2,medium,medium,0.9918549741082404,0.7031809387791599,0.9904532856567992,0.8847546101357071,0.6363636363636365
142,169,2,medium,medium,0.9911552978683438,0.6684381694927184,0.9890844108976942,0.9359366726323992,0.6273148148148149
142,171,2,medium,medium,0.9930907044392824,0.7183143040255447,0.9916063894218744,0.9182439270341244,0.5857142857142856
142,185,2,medium,medium,0.9942430144757596,0.6998201284127463,0.9922381847714932,0.9406690484311946,0.6666666666666666
142,190,2,medium,medium,0.994089986012666,0.6982631568851865,0.991708553432851,0.8816186937453387,0.6084494773519163
142,191,2,medium,medium,0.9912843153099882,0.6978845879113277,0.9892500860626532,0.9218894594622034,0.6666666666666666
142,192,2,medium,medium,0.9931600178598494,0.7070140271706322,0.9914226556966608,0.8830384816697071,0.6666666666666667
142,194,2,medium,medium,0.9914698772306064,0.6663427181370758,0.9881439107285274,0.8947473944801964,0.6451612903225807
142,197,2,medium,medium,0.9913255504116504,0.7430853737703049,0.9893275997087502,0.904456928326532,0.6201923076923077
142,202,2,medium,medium,0.9887230404637092,0.7127626521468515,0.9816608358753964,0.9026388177616936,0.657142857142857
142,203,2,medium,medium,0.9922517332109302,0.7216614508485889,0.9898389754587305,0.9116257835805904,0.7
142,206,2,medium,medium,0.9940240219817384,0.7361143382425768,0.9936786192573456,0.9153184999014332,0.6578947368421053
142,207,2,medium,medium,0.99370354355063,0.7451653165361802,0.9922473426025472,0.9458165231436244,0.653846153846154
142,210,2,medium,medium,0.9930363242568904,0.7461520003026891,0.9914958303061472,0.949189737747402,0.72
142,212,2,medium,medium,0.9934788587015978,0.6455060255763287,0.9915372376224796,0.9242426273760254,0.6306042884990254
142,214,2,medium,medium,0.992368835568778,0.7497770508278007,0.9897390889436936,0.90501170667762,0.6779661016949152
142,215,2,medium,medium,0.9930188016965736,0.7256928355835378,0.9916424406703338,0.8708407952531023,0.6785714285714286
143,145,2,medium,medium,0.9905007794620534,0.7503723536255051,0.9873620763881176,0.9479589811347462,0.4666666666666667
143,147,2,medium,medium,0.9920548729405716,0.65606797531702,0.9910349469249212,0.9026565044156,0.5
143,151,2,medium,medium,0.9927799434324098,0.639988904156592,0.990428306280646,0.8947157287200677,0.5416988416988417
143,155,2,medium,medium,0.98882492379889,0.7299692874542127,0.98435088444813,0.9185928320441764,0.5154761904761904
143,158,2,medium,medium,0.991194079503587,0.8064810505714352,0.987912862507166,0.9154387917417298,0.6153846153846154
143,168,2,medium,medium,0.9905549282293844,0.598158133545168,0.9855983755949954,0.8796939928007589,0.5555555555555556
143,169,2,medium,medium,0.9879428510255452,0.7422148079200827,0.9844813883154544,0.9029189652696624,0.5517241379310345
143,171,2,medium,medium,0.9906311238127202,0.7129646768217549,0.9851245146906528,0.9070481141525718,0.6046511627906976
143,185,2,medium,medium,0.9909910431407968,0.7180689672810101,0.986745997742571,0.9095648617964888,0.5384615384615385
143,190,2,medium,medium,0.9911464035728204,0.8709258511288339,0.9853973184895408,0.9510901800332364,0.6374185136897002
143,191,2,medium,medium,0.9897769756770948,0.7605776272047302,0.98704325709981,0.9422990763632212,0.5757142857142857
143,192,2,medium,medium,0.991717820976136,0.7497274440416226,0.9879519626841934,0.8813098305631741,0.5690371456500489
143,194,2,medium,medium,0.9899561866620584,0.6380947347525552,0.9839112094252817,0.8851028148896314,0.5789473684210527
143,197,2,medium,medium,0.9892853946815084,0.7373034953388882,0.983235360064138,0.9189769345095034,0.5446570972886762
143,202,2,medium,medium,0.9874999590092912,0.622077802422309,0.9811214673345052,0.9134816295898606,0.6
143,203,2,medium,medium,0.9873803182019324,0.7425138886753097,0.9827489122643396,0.8764634367507701,0.4842364532019704
143,206,2,medium,medium,0.992940381553072,0.6938209477059173,0.9894645552342036,0.921633591180202,0.5517241379310345
143,207,2,medium,medium,0.99210209142183,0.7407854871443167,0.9881428671418314,0.9089210284577164,0.5555555555555556
143,210,2,medium,medium,0.9901005147426588,0.7993138991091858,0.9867142530138452,0.9554134287751992,0.5369493993447396
143,212,2,medium,medium,0.9889615123606096,0.7123392126530983,0.98736518834383,0.9105536679391264,0.5295138888888888
143,214,2,medium,medium,0.9901041323169504,0.7512346505807114,0.9855643754243284,0.891558931302799,0.59375
143,215,2,medium,medium,0.991212058231702,0.7137023014470913,0.988948155423222,0.912086598824291,0.5686274509803922
145,147,2,medium,medium,0.9936450600052368,0.6986334924252626,0.9927534417661212,0.9044420733336124,0.7727272727272728
145,151,2,medium,medium,0.994223201545316,0.6612919741826028,0.993401367613652,0.9144231186778348,0.7142857142857142
145,155,2,medium,medium,0.990532601093456,0.8108719360706771,0.9873800681434862,0.9229134880110428,0.7619047619047619
145,158,2,medium,medium,0.9924906616257902,0.6789966974235101,0.991273128432473,0.9276756652066526,0.5862068965517242
145,168,2,medium,medium,0.9916970884743213,0.6721247313680835,0.9882532262933192,0.8865193746792337,0.7391304347826088
145,169,2,medium,medium,0.99043503638094,0.7024988950812219,0.987324907446595,0.9349674316421632,0.6830357142857142
145,171,2,medium,medium,0.9920738218332452,0.6810652075361412,0.9894044298882604,0.8855924203182997,0.5405405405405406
145,185,2,medium,medium,0.9924514107793596,0.7048836016806459,0.9895563101330987,0.9338485487916096,0.6666666666666667
145,190,2,medium,medium,0.9927862362557548,0.6956841379523455,0.9906786184956456,0.9447680897116502,0.5555555555555556
145,191,2,medium,medium,0.991260311204226,0.760402298907187,0.9870066848203072,0.9067314748738023,0.6614583333333333
145,192,2,medium,medium,0.9930928274292886,0.7583876829958098,0.9906535282020276,0.8745848821346112,0.6122448979591837
145,194,2,medium,medium,0.9909199710958548,0.724780516505156,0.9868379062646598,0.8895123514316952,0.6857142857142857
145,197,2,medium,medium,0.9899871900775828,0.7517502425406155,0.9883706774428608,0.898764484055241,0.6129032258064516
145,202,2,medium,medium,0.987738690171902,0.6827015492226978,0.9809330907846006,0.9001453518039721,0.6475155279503105
145,203,2,medium,medium,0.990793989688074,0.6849591030672912,0.9868169423843218,0.8698143124238196,0.75
145,206,2,medium,medium,0.9932182393246568,0.7403621681653136,0.9924863852819462,0.9368508433384936,0.736842105263158
145,207,2,medium,medium,0.9927079601128392,0.6905443366028192,0.990694869759776,0.924607936950492,0.657142857142857
145,210,2,medium,medium,0.991851170429767,0.7398678241942549,0.9908407053108274,0.9526779547172742,0.7272727272727273
145,212,2,medium,medium,0.9921975643799986,0.7304581424779724,0.990913931530827,0.8917499336384018,0.7391304347826088
145,214,2,medium,medium,0.991066032671405,0.7412341495456158,0.988391451775264,0.9008802014428372,0.72
145,215,2,medium,medium,0.9920682829659652,0.7086672419143702,0.9899134696198106,0.9107677666337468,0.6818181818181819
147,151,2,medium,medium,0.9938800138436216,0.6791939834313552,0.9923034599308772,0.938515095884674,0.7083333333333334
147,155,2,medium,medium,0.9922102651770472,0.7156321205386658,0.9902110704224252,0.9158881178754552,0.7599999999999999
147,158,2,medium,medium,0.9921265975453656,0.7185487332861913,0.98999774289407,0.9277798425969276,0.5925925925925926
147,168,2,medium,medium,0.9923748629341346,0.7353468662013742,0.990708157050582,0.9155771357102712,0.7272727272727273
147,169,2,medium,medium,0.9920281551455978,0.7102214580074009,0.990663895407964,0.9161632497237616,0.6956521739130435
147,171,2,medium,medium,0.9929821163649064,0.7817750177316943,0.990515692571834,0.9253517301717746,0.5357142857142857
147,185,2,medium,medium,0.9947145446718344,0.6976340263417448,0.9937040647740903,0.9526932747685598,0.6405128205128205
147,190,2,medium,medium,0.9938174807833556,0.6971965890896352,0.992963275929436,0.9275527858871092,0.6939799331103679
147,191,2,medium,medium,0.993195229304732,0.7271093968591646,0.9914260927696976,0.9200697244828884,0.6267857142857143
147,192,2,medium,medium,0.9938533348476456,0.7647611209132459,0.9927838043051952,0.9412981292831136,0.6470588235294117
147,194,2,medium,medium,0.9910429370362526,0.74200887422379,0.989576053700006,0.908494302743716,0.7
147,197,2,medium,medium,0.9925167196579804,0.6938582526163818,0.9905304387061008,0.9166088262976254,0.6071428571428572
147,202,2,medium,medium,0.9891856070649732,0.7180472349638318,0.983915329534468,0.924224902515438,0.6440092165898618
147,203,2,medium,medium,0.9929570982421868,0.6523851612033127,0.9922807015280318,0.9158060657292044,0.75
147,206,2,medium,medium,0.9933708122509116,0.6983965873572642,0.9926678498479758,0.9401950991172358,0.736842105263158
147,207,2,medium,medium,0.9932381428116638,0.7038159425126218,0.9922483807645308,0.9186984376791172,0.6451612903225807
147,210,2,medium,medium,0.993759727125448,0.675445890792922,0.9925609669938364,0.9207714267446192,0.78125
147,212,2,medium,medium,0.992952543018963,0.7076787694518187,0.9912878377772004,0.9426599611627664,0.736842105263158
147,214,2,medium,medium,0.9924103849802636,0.7211648196779935,0.9909661008836724,0.9448090040308552,0.7272727272727273
147,215,2,medium,medium,0.9924705330108384,0.7249827156631095,0.9899593292776696,0.8662995491403721,0.7
151,155,2,medium,medium,0.9936663501550344,0.6891862708061296,0.9926074459176044,0.9205131169794668,0.7083333333333334
151,158,2,medium,medium,0.994069131296698,0.6712739499543879,0.992897091590551,0.9074951392226438,0.625
151,168,2,medium,medium,0.9929122826773856,0.7167728029832625,0.9914054624646031,0.917340447331316,0.7083333333333334
151,169,2,medium,medium,0.993235721181162,0.6241175281797174,0.9917383230556336,0.9005652635679061,0.6984848484848485
151,171,2,medium,medium,0.9941213895706164,0.6632211559926718,0.9923501694522768,0.9264334287070372,0.5885225885225885
151,185,2,medium,medium,0.994246202383552,0.6497629300584585,0.9924234640211156,0.9147085863518062,0.6590909090909092
151,190,2,medium,medium,0.9944638285058436,0.6125774138517425,0.9921506718690708,0.8333234774308798,0.5689655172413792
151,191,2,medium,medium,0.9939908469608464,0.7170149915817838,0.9928254258450114,0.9003877268408342,0.6875
151,192,2,medium,medium,0.993509010486584,0.6629874574511639,0.9925325520681378,0.9352558044284136,0.6774193548387097
151,194,2,medium,medium,0.9925994958504948,0.7034086140417016,0.9913761614108252,0.9240140865943886,0.6666666666666666
151,197,2,medium,medium,0.9934328246563814,0.675476205087121,0.992234775575392,0.9197264363287668,0.6666666666666666
151,202,2,medium,medium,0.9907816737122992,0.7210368960171782,0.9866087216347428,0.9090281398737652,0.65625
151,203,2,medium,medium,0.99406574354831,0.6246134252539858,0.9918353486597608,0.9123871662818176,0.7
151,206,2,medium,medium,0.994447180579348,0.6638134891327856,0.993259229178474,0.9325979526310956,0.6904761904761905
151,207,2,medium,medium,0.9941412302853068,0.6907492825464376,0.9929168879213344,0.9328083722511352,0.6451612903225807
151,210,2,medium,medium,0.9940422838852682,0.6216141213710519,0.992935422723013,0.923667310673092,0.7041245791245792
151,212,2,medium,medium,0.993826862586042,0.659482726430194,0.9914419992733048,0.937833843371434,0.7
151,214,2,medium,medium,0.9936624584153264,0.6725873163700737,0.9915966644227012,0.933913405410554,0.7083333333333334
151,215,2,medium,medium,0.9938742143046636,0.6747387740482687,0.9927814624773112,0.8597364464780619,0.6818181818181819
155,158,2,medium,medium,0.9909903769243216,0.7504280790993312,0.9878650867260962,0.9100213281882747,0.6204177323103154
155,168,2,medium,medium,0.99157933502336,0.6890296062812642,0.9881231571165808,0.8794926268373614,0.736842105263158
155,169,2,medium,medium,0.9900315938655576,0.7762706183229168,0.9879576119599808,0.9422532287798846,0.657142857142857
155,171,2,medium,medium,0.9913248976296376,0.6931307428374051,0.9876914642700148,0.9387865605902092,0.5714285714285714
155,185,2,medium,medium,0.9914318721145722,0.7097121165631476,0.98926650991009,0.9254196676531476,0.6666666666666666
155,190,2,medium,medium,0.9916835444248496,0.737664143451353,0.9902173495470404,0.939690257123507,0.6296296296296298
155,191,2,medium,medium,0.9897838126848294,0.7467063007296859,0.985638307030401,0.9391175459175246,0.6666666666666667
155,192,2,medium,medium,0.9930838995980832,0.7504508378302288,0.9917613013801982,0.8579845169693162,0.6165158371040724
155,194,2,medium,medium,0.990326822442196,0.6532753785475285,0.9866735757030124,0.8980945091226568,0.7000000000000001
155,197,2,medium,medium,0.9888875978812924,0.7491904849233583,0.986508640449555,0.9097703665771132,0.625
155,202,2,medium,medium,0.9884339297597156,0.6702537731739844,0.9829672217046151,0.8708381011731248,0.6666666666666667
155,203,2,medium,medium,0.990278775522314,0.668493698866224,0.985407201445968,0.8974287591090194,0.7777777777777779
155,206,2,medium,medium,0.9926351382779612,0.7228964566913663,0.990648908657091,0.9179405425362482,0.7083333333333334
155,207,2,medium,medium,0.992487432703124,0.7347371080355001,0.9910582390697718,0.9228436565479512,0.6666666666666665
155,210,2,medium,medium,0.990608871740081,0.7179372590064629,0.9884834976673054,0.9423008653423798,0.7272727272727273
155,212,2,medium,medium,0.9921244890326104,0.6560444772330201,0.9893402891417082,0.9383203507011904,0.736842105263158
155,214,2,medium,medium,0.990732941194,0.7292605958139521,0.9880399115017656,0.8934141526220727,0.7360681114551084
155,215,2,medium,medium,0.9904148522939978,0.6964978012450231,0.9890206488330288,0.8747698740560861,0.7241379310344828
158,168,2,medium,medium,0.9921275225140008,0.6722977243035884,0.9881224903182791,0.8987202283625116,0.6273148148148149
158,169,2,medium,medium,0.9896577385057548,0.6498818475136089,0.9881681606656776,0.9213438753837618,0.619047619047619
158,171,2,medium,medium,0.9932944389959102,0.7287451651560941,0.9909899896549248,0.9183233212124547,0.6666666666666666
158,185,2,medium,medium,0.9927755183300124,0.6929589710113051,0.988747040918858,0.9389523487435588,0.6428571428571428
158,190,2,medium,medium,0.9922228438305266,0.7663641545936579,0.9886785099918348,0.8972817202628127,0.5849056603773586
158,191,2,medium,medium,0.991752692605074,0.7291528607774616,0.9889305205510158,0.9126963537319276,0.6666666666666666
158,192,2,medium,medium,0.9931006750299448,0.6973070768317599,0.9914724144394628,0.8995004518181011,0.6314814814814815
158,194,2,medium,medium,0.990535148283756,0.6958508983793783,0.9857617690372492,0.9162984393798536,0.6885775862068966
158,197,2,medium,medium,0.990188147064231,0.6650764210253438,0.9857710517625962,0.9046118749448904,0.6127770534550195
158,202,2,medium,medium,0.988723027090453,0.6372089604164324,0.9829938895170912,0.8956293381201146,0.65625
158,203,2,medium,medium,0.9898376296021668,0.6529536404413254,0.9856895510139552,0.9059658496079576,0.5681818181818182
158,206,2,medium,medium,0.9931801258328944,0.6964277293748584,0.9916331051323616,0.9133144611509544,0.6333333333333333
158,207,2,medium,medium,0.9928494984228698,0.7046680909861294,0.9915554948092942,0.921355363117906,0.6379310344827586
158,210,2,medium,medium,0.992988133444126,0.7401006274177663,0.9906188807255292,0.9220351027266466,0.6526175687666371
158,212,2,medium,medium,0.9928180882859248,0.7025574621830004,0.989362861276157,0.9478223326920264,0.5833333333333335
158,214,2,medium,medium,0.991090079133906,0.6974500901426359,0.9891415282473456,0.9331596517069471,0.6428571428571428
158,215,2,medium,medium,0.9927533226761724,0.7234751932483957,0.9905862702705452,0.9052103628447457,0.6756756756756758
168,169,2,medium,medium,0.9910172428790188,0.6389389116356912,0.9886173188834364,0.8872926601918765,0.6666666666666666
168,171,2,medium,medium,0.9922700903046237,0.7026775555183067,0.9881081340137624,0.9208906118772844,0.5925925925925926
168,185,2,medium,medium,0.9923308675250716,0.6101892369867248,0.9877145634723996,0.8892161789785822,0.637330754352031
168,190,2,medium,medium,0.9924763278750564,0.6180566745506872,0.9875908437754292,0.8777530368138472,0.6818181818181819
168,191,2,medium,medium,0.9917954050270756,0.7144831712787201,0.9890009312874016,0.9030884739277778,0.6666666666666666
168,192,2,medium,medium,0.9924564072814284,0.6726569967432499,0.9898617693347136,0.9314657886249704,0.6451612903225807
168,194,2,medium,medium,0.9911269990602936,0.7072478537837239,0.9882402181899222,0.9190377593857478,0.6969696969696969
168,197,2,medium,medium,0.991464627768384,0.6935404010191211,0.9879229256015224,0.9275933892707732,0.6666666666666667
168,202,2,medium,medium,0.9895753137417406,0.7310660928991124,0.9848471437372108,0.9212940686996836,0.638888888888889
168,203,2,medium,medium,0.9915519959638563,0.5706158577012547,0.9878589403585047,0.8589619220568862,0.75
168,206,2,medium,medium,0.9928565938163334,0.709294847056948,0.9914634689277516,0.9350424931380972,0.7118644067796611
168,207,2,medium,medium,0.9924985203900591,0.7215375329960335,0.9895401952336624,0.896015829485443,0.6208108108108108
168,210,2,medium,medium,0.9919956002277024,0.6654005620748131,0.987864952631869,0.8894638031179,0.7419354838709677
168,212,2,medium,medium,0.9921569184992785,0.6326356880040727,0.987920449555229,0.9083695599792028,0.7083333333333334
168,214,2,medium,medium,0.991916827046703,0.712796288050834,0.9891121454714656,0.9374101797832828,0.7083333333333334
168,215,2,medium,medium,0.9917141003790068,0.6712296776661961,0.9892815550289265,0.8676901939399575,0.6730769230769231
169,171,2,medium,medium,0.9898481269528224,0.7159935300194209,0.9870824076273292,0.9297161630533552,0.5925925925925926
169,185,2,medium,medium,0.9891153848691508,0.6920618352739366,0.9853354854980254,0.9073174027524928,0.657142857142857
169,190,2,medium,medium,0.9882684339660464,0.6680457999192401,0.9853821167373092,0.9214495951588626,0.625
169,191,2,medium,medium,0.9897710858374656,0.7806749501465722,0.9855012170880932,0.9218036160257852,0.6828571428571428
169,192,2,medium,medium,0.9910288928971904,0.7445974705642999,0.9895946372249094,0.9095983890039048,0.6363636363636364
169,194,2,medium,medium,0.9899953152651476,0.6525019289490097,0.9868648429423104,0.8842290893355815,0.6079192546583851
169,197,2,medium,medium,0.9877413728163312,0.6913558771603758,0.9846233133977346,0.9125221503551432,0.6519230769230769
169,202,2,medium,medium,0.987398671816783,0.6196059133035889,0.9797505408141642,0.8676341807432995,0.6666666666666667
169,203,2,medium,medium,0.9869395395375764,0.7173027712116384,0.9813069275460672,0.9134387469358164,0.736842105263158
169,206,2,medium,medium,0.9919144982450652,0.6724498345192722,0.9897655756978618,0.9251123623283072,0.6799999999999999
169,207,2,medium,medium,0.9916153756908034,0.675250235700599,0.991447028792634,0.921257025900568,0.6799999999999999
169,210,2,medium,medium,0.9876420037322804,0.6845603329605137,0.9854054578352308,0.937406107824356,0.6779661016949152
169,212,2,medium,medium,0.9899601701524736,0.7032719649144372,0.9863646998491404,0.9083341558894026,0.6666666666666667
169,214,2,medium,medium,0.9901587102282012,0.662262028900855,0.9868429453389675,0.8978618747526059,0.7
169,215,2,medium,medium,0.9903835363529532,0.7111240974373876,0.9878625931933496,0.871161670201016,0.6799999999999999
171,185,2,medium,medium,0.9929692430003476,0.6679560460747731,0.9912139297358544,0.9186624559387604,0.6206896551724137
171,190,2,medium,medium,0.992440270948484,0.6774462089100481,0.9864763098852936,0.8883811185976535,0.5454545454545454
171,191,2,medium,medium,0.9924793560045608,0.7545208664027274,0.9884886372002798,0.933473010481164,0.6363636363636365
171,192,2,medium,medium,0.993089672439002,0.7013521140038481,0.9912896104324008,0.9221753722644191,0.6129032258064516
171,194,2,medium,medium,0.990939978105294,0.6859884147035422,0.9871057086656662,0.909109653284522,0.5790625
171,197,2,medium,medium,0.9917714568525066,0.7234571656370958,0.9887048923894356,0.9094518405759436,0.603448275862069
171,202,2,medium,medium,0.9884190565135266,0.6776597213983417,0.9823497832521194,0.9100466306191516,0.6086956521739131
171,203,2,medium,medium,0.9908581918271464,0.6572716801452272,0.9870200694305438,0.8990848380370137,0.5555555555555556
171,206,2,medium,medium,0.9933519962790338,0.6997247426779628,0.9916502907530136,0.927694039234702,0.5847701149425288
171,207,2,medium,medium,0.9938012147887576,0.7266383280997515,0.991676136977949,0.9473831113997236,0.6363636363636365
171,210,2,medium,medium,0.993140018367176,0.6538187480698476,0.9918309411498674,0.8955627865523453,0.5719827586206896
171,212,2,medium,medium,0.9920072041318416,0.6679969217899515,0.9902683633034204,0.9339955468906124,0.5584815321477428
171,214,2,medium,medium,0.9913382741598292,0.7284939688338898,0.988807332013556,0.9307247799527758,0.580171358629131
171,215,2,medium,medium,0.992615837512,0.6911286888955779,0.9893825448221936,0.8666351339520642,0.5833333333333333
185,190,2,medium,medium,0.994639381122022,0.7151273228450877,0.9934470332941868,0.9392854709145304,0.5769230769230769
185,191,2,medium,medium,0.9917819405449546,0.7628251359401396,0.9869837569019646,0.9322144699363332,0.6666666666666666
185,192,2,medium,medium,0.9940176426028,0.6854222941597137,0.9908904482866492,0.9052703594231124,0.6969696969696969
185,194,2,medium,medium,0.9911785893048668,0.6102781950693907,0.9850308313815296,0.9084624478554568,0.6428571428571428
185,197,2,medium,medium,0.989071396291538,0.7019154350324925,0.9851719618150658,0.9152731913083244,0.6444444444444445
185,202,2,medium,medium,0.987621874951474,0.6185170839302875,0.97945327205765,0.9010717999813922,0.653846153846154
185,203,2,medium,medium,0.9917266521524324,0.7383442321885587,0.9902928939308512,0.913162008291454,0.7
185,206,2,medium,medium,0.99462041027435,0.6833100418091029,0.9929807454625812,0.9261694599669812,0.6923076923076923
185,207,2,medium,medium,0.993608634430808,0.6605929490723146,0.9912810420589756,0.920069948796464,0.6546583850931676
185,210,2,medium,medium,0.9926001778562072,0.7209943151233875,0.98961082978078,0.9291869647269744,0.6521739130434783
185,212,2,medium,medium,0.9933664910570724,0.6403061822649769,0.99223718034923,0.955721387757616,0.6314814814814815
185,214,2,medium,medium,0.9919725287056556,0.6740980899890846,0.9897240252221502,0.9459805672201846,0.7142857142857142
185,215,2,medium,medium,0.9924973596510293,0.6928687082824732,0.9883879874332564,0.893743090974666,0.6815878378378378
190,191,2,medium,medium,0.9900465519392913,0.7262235539593984,0.984692673288781,0.9326913339832252,0.6233766233766234
190,192,2,medium,medium,0.9942256009917924,0.6953068903912893,0.990324328393404,0.8744297721368002,0.6055555555555555
190,194,2,medium,medium,0.9907464196067112,0.6087494281079784,0.9851978937282824,0.8991941551564714,0.6551724137931034
190,197,2,medium,medium,0.9903230333696204,0.6728728579949872,0.9861915591323446,0.9234579934524104,0.6363636363636365
190,202,2,medium,medium,0.9875422089531468,0.6181364500022897,0.9779769685572358,0.8744676388587173,0.6226415094339623
190,203,2,medium,medium,0.9893396338817196,0.7501515169444001,0.9872933062530403,0.8820398699304378,0.6086956521739131
190,206,2,medium,medium,0.9945828402561784,0.6401964958505975,0.9916374545730862,0.9281845919069308,0.5887491264849756
190,207,2,medium,medium,0.9936077344397868,0.6492357439784557,0.9914734368954624,0.8814656115303856,0.5833333333333334
190,210,2,medium,medium,0.991703341162844,0.7694246593438799,0.988722061573274,0.9454885077955304,0.6326923076923077
190,212,2,medium,medium,0.9942157383887172,0.724290269583663,0.9917580295973571,0.9209477466294692,0.676948051948052
190,214,2,medium,medium,0.9920359726851729,0.7032666518817451,0.987648121202286,0.8833673917805102,0.7083333333333334
190,215,2,medium,medium,0.9925800464743292,0.6718364706917151,0.9893969804318122,0.9267884804972936,0.6086956521739131
191,192,2,medium,medium,0.9917419018504028,0.7241347595426522,0.9898339028521056,0.8764627160219819,0.6206896551724137
191,194,2,medium,medium,0.9902836652792256,0.6733359220847055,0.9850355282512376,0.8982436824726658,0.6666666666666666
191,197,2,medium,medium,0.988437872372028,0.7451003104274208,0.9843813172416106,0.9211408579001056,0.6203448275862068
191,202,2,medium,medium,0.9881484384326966,0.6962412019760169,0.981533234549207,0.9041917951712038,0.653846153846154
191,203,2,medium,medium,0.98808817113089,0.64252019416557,0.9860309418034492,0.8988482285504555,0.6440092165898618
191,206,2,medium,medium,0.993461702957688,0.7327617651826495,0.991380830630221,0.946903263061616,0.657142857142857
191,207,2,medium,medium,0.9926814053093904,0.781160516788854,0.9900282655437168,0.9359588730707552,0.6419413919413919
191,210,2,medium,medium,0.990278269731875,0.7282185887841934,0.9875898573187518,0.9464375294364772,0.6410256410256411
191,212,2,medium,medium,0.9902358041387592,0.6547572494333316,0.9877061769302184,0.9308602074808596,0.6551724137931034
191,214,2,medium,medium,0.9909563234990304,0.7669792334330694,0.9895966992050156,0.9198873282463116,0.6561576354679802
191,215,2,medium,medium,0.991808998928373,0.7199897054996869,0.9895507692394776,0.8954387216852886,0.7
192,194,2,medium,medium,0.9914166159834578,0.7140103913335248,0.9888077451621498,0.9142224860812116,0.6551724137931034
192,197,2,medium,medium,0.9910760921971862,0.715007899964669,0.9880893662995054,0.9158706313570794,0.6333333333333333
192,202,2,medium,medium,0.988354338762614,0.7135708103011853,0.9837663074266004,0.9322632626063604,0.6428571428571428
192,203,2,medium,medium,0.992611148264282,0.6920236411527035,0.9909992563053432,0.9309885959250808,0.6348484848484849
192,206,2,medium,medium,0.9935292673678728,0.7308733722586679,0.9921610775795112,0.9279465776183043,0.6496163682864451
192,207,2,medium,medium,0.993420344357298,0.7012971640729981,0.9907195573965673,0.8939559269857726,0.6363636363636365
192,210,2,medium,medium,0.9932983696228485,0.6800705767448083,0.9897073834044364,0.8716371580750468,0.6724137931034482
192,212,2,medium,medium,0.9923753715340252,0.6915813813893155,0.9895275758379712,0.934917953017002,0.625
192,214,2,medium,medium,0.9927526208470604,0.718859824479881,0.9911707861370234,0.9331562286043448,0.6589285714285713
192,215,2,medium,medium,0.9922286467838158,0.7189670258700063,0.9890592954814148,0.8542197712559718,0.676470588235294
194,197,2,medium,medium,0.9902773226898646,0.6874579934533993,0.9862587139759068,0.8936775422319498,0.6511627906976745
194,202,2,medium,medium,0.9890888734545796,0.728706636279275,0.9847208290509244,0.9020187848862834,0.65625
194,203,2,medium,medium,0.990021762499356,0.6173117612983647,0.9836046127325728,0.8699100268626534,0.6787096774193548
194,206,2,medium,medium,0.9917246233977024,0.6804806429812326,0.9893638296016845,0.9082161660628316,0.6818181818181819
194,207,2,medium,medium,0.9917320483373336,0.6695144583624515,0.9890226449901832,0.9043021207013262,0.6499057196731616
194,210,2,medium,medium,0.9904293255803712,0.6657872809646543,0.9843477471588064,0.8823648657257664,0.6785714285714286
194,212,2,medium,medium,0.9901328047656592,0.6214428292096863,0.986493231178312,0.9254121688654544,0.6799999999999999
194,214,2,medium,medium,0.990528775626356,0.6985953119870902,0.9865975666769052,0.9236219278211212,0.6923076923076923
194,215,2,medium,medium,0.990345045556149,0.6919354096019403,0.9862795976156874,0.871472973365645,0.6399999999999999
197,202,2,medium,medium,0.987909840173444,0.6830078893937672,0.9819084959530175,0.933204899528652,0.6370223978919631
197,203,2,medium,medium,0.9882349363789246,0.6742176547293037,0.9833028361825344,0.8981774171931115,0.6267857142857142
197,206,2,medium,medium,0.9926120582654966,0.7040224557147083,0.990328861156068,0.9411154848393416,0.625
197,207,2,medium,medium,0.9906684534532032,0.7418896005090256,0.9865318981143136,0.924481233295465,0.625
197,210,2,medium,medium,0.9891135376212988,0.7322152892113291,0.9859018895976824,0.9144697265402904,0.6379310344827586
197,212,2,medium,medium,0.990380157594583,0.678144026328192,0.98519147734744,0.905402454354145,0.6399999999999999
197,214,2,medium,medium,0.9890351757219972,0.690123969945382,0.9851076747094056,0.9120671013920604,0.6666666666666667
197,215,2,medium,medium,0.989799789201718,0.68284967169769,0.9867517194178343,0.865577317795035,0.6092258748674444
202,203,2,medium,medium,0.986814765035698,0.5991981625257882,0.978471514581223,0.904024309900855,0.7
202,206,2,medium,medium,0.9896697894129394,0.6959820658014934,0.9836092002632848,0.926741341644989,0.6799999999999999
202,207,2,medium,medium,0.9890379094851222,0.7269484849491208,0.9832890937873452,0.9233296442763892,0.6428571428571428
202,210,2,medium,medium,0.987307545151029,0.6228344905037606,0.9800355555875636,0.8807269580398209,0.6633333333333333
202,212,2,medium,medium,0.9879400920990644,0.6471017720914862,0.981549698034302,0.9111240874475628,0.6666666666666667
202,214,2,medium,medium,0.9877806713447788,0.6979585926049772,0.9840436923739762,0.9093329760244948,0.6756756756756758
202,215,2,medium,medium,0.9887647882129456,0.6957865395104068,0.9839676372783596,0.8808698706198619,0.6666666666666666
203,206,2,medium,medium,0.9929874568045663,0.6335133192974443,0.991387050845093,0.9061823208241808,0.6923076923076923
203,207,2,medium,medium,0.9917863072260896,0.6365134264372027,0.9894713690035748,0.9146783282122668,0.6381818181818182
203,210,2,medium,medium,0.9910138891409612,0.682323902779459,0.9886408575593298,0.8840014754193808,0.7220689655172413
203,212,2,medium,medium,0.9902808429608,0.7167795180064266,0.9869707759045128,0.9141890268984446,0.6666666666666667
203,214,2,medium,medium,0.9902651056019436,0.6716717688179663,0.9852074273996848,0.896428823597355,0.7096774193548387
203,215,2,medium,medium,0.9915222743346914,0.661310203065204,0.9886759777378944,0.8615821226924907,0.736842105263158
206,207,2,medium,medium,0.9937698323003727,0.7251913051491872,0.9925854585699788,0.9152723176950468,0.6666666666666666
206,210,2,medium,medium,0.993801898111204,0.7253799574337841,0.9932266186119014,0.9351429037107992,0.7142857142857142
206,212,2,medium,medium,0.9931832099446328,0.7048310268890328,0.992630403658104,0.9339549680435496,0.7272727272727273
206,214,2,medium,medium,0.9929369899376568,0.724803209939993,0.9908187689641148,0.9276305399938396,0.717948717948718
206,215,2,medium,medium,0.993309895347652,0.7284088288438133,0.992399833329474,0.8605249450111373,0.7142857142857143
207,210,2,medium,medium,0.9930915548103848,0.6274254480185557,0.990948585640412,0.9213123459711248,0.6066017316017316
207,212,2,medium,medium,0.9928821430587104,0.6842693906143728,0.9914348142745272,0.9407079108484244,0.6206896551724137
207,214,2,medium,medium,0.9923079332758866,0.6882372085858683,0.9900317248152803,0.927856708597848,0.6603773584905661
207,215,2,medium,medium,0.9924125796217346,0.740160009453651,0.9909557724424184,0.8752224048697201,0.642324093816631
210,212,2,medium,medium,0.9927943024469604,0.7187079704754918,0.9906319854567096,0.9405745300384288,0.75
210,214,2,medium,medium,0.9916341220066964,0.6685434734389557,0.9882572248060886,0.9229924888588844,0.7349498327759197
210,215,2,medium,medium,0.9915813750777508,0.7149280577192378,0.9879472730758596,0.9011099788133224,0.6399999999999999
212,214,2,medium,medium,0.9905719637806906,0.7100949232926936,0.9883631747027786,0.9405007605996286,0.6921768707482994
212,215,2,medium,medium,0.9919832382284413,0.6620789663601105,0.9887178749604064,0.8725749277678883,0.6774193548387097
214,215,2,medium,medium,0.9913461596416672,0.6459313897315208,0.9890065320798836,0.8628447434015062,0.6666666666666667
