exp_a,exp_b,trial_id,expertise_a,expertise_b,Shape,Length,Direction,Position,Duration
4,6,5,medium,medium,0.9918805626358448,0.6935601112851416,0.9899387975960056,0.9208841225313618,0.6726190476190477
4,16,5,medium,medium,0.9935373785900312,0.6744492523971498,0.9917602583359688,0.9363727039137218,0.6666666666666666
4,17,5,medium,medium,0.9929293564417588,0.7130587277338561,0.9897301739729384,0.9212748159665284,0.6666666666666666
4,19,5,medium,medium,0.991332940353325,0.6892660912634019,0.9892115338996074,0.8737015277322724,0.7
4,20,5,medium,medium,0.9930978062374264,0.7080488632854134,0.9913322388630216,0.8978229238063972,0.6809090909090909
4,24,5,medium,medium,0.9929837003905004,0.7608985091725303,0.9905248970514884,0.9259639253250768,0.6
4,25,5,medium,medium,0.9941587043985808,0.7277846845057505,0.9936629498039298,0.9036915544778084,0.7142857142857142
4,32,5,medium,medium,0.993291424743934,0.7642757390902459,0.990841015790224,0.943019473377737,0.6852134146341463
4,33,5,medium,medium,0.9907191146135352,0.6955148721074742,0.9874150742201808,0.912369498356739,0.6470588235294117
4,40,5,medium,medium,0.9910575946297094,0.6787941877781456,0.9883372329606228,0.9035549662142282,0.6666666666666667
4,42,5,medium,medium,0.9921549119903535,0.5981246577247173,0.9889910585844216,0.922295431594114,0.72
4,51,5,medium,medium,0.9935476970706528,0.6966180846907333,0.9915739964136412,0.9365675718870864,0.6944444444444445
4,53,5,medium,medium,0.992107369824392,0.7484147095989729,0.9897086452007144,0.8828489080077679,0.7
4,54,5,medium,medium,0.9879881372634948,0.7615532554837529,0.9827308952086452,0.911546485158442,0.5833333333333333
4,55,5,medium,medium,0.9929129274284552,0.685710561812483,0.9907674795432182,0.948723522740798,0.5555555555555556
4,57,5,medium,medium,0.9922279777894096,0.725438767572176,0.9893061843650148,0.939589375213074,0.72
4,61,5,medium,medium,0.9926855653162112,0.6909825089916524,0.992150793233765,0.9372246985584266,0.7119815668202765
4,62,5,medium,medium,0.9918271755514586,0.626179412102244,0.9910415632998726,0.909327345572945,0.7142857142857143
4,66,5,medium,medium,0.992927587450874,0.6793646836859912,0.990029471984352,0.9224962395046274,0.7142857142857142
4,70,5,medium,medium,0.9931380009325912,0.7375774663657699,0.9921162779203008,0.9022205467758408,0.7142857142857142
4,73,5,medium,medium,0.99120692166491,0.7115682930602751,0.988887058392245,0.939449153061467,0.7041245791245792
4,75,5,medium,medium,0.9907723924157996,0.7452992685725576,0.9867143806993188,0.9136874223420832,0.6428571428571428
4,81,5,medium,medium,0.992510045648945,0.7105573832350216,0.9890368136913262,0.9160047332512308,0.7
4,83,5,medium,medium,0.9922522019349068,0.7425973881242436,0.9897060552881496,0.9277649616401598,0.7073170731707317
4,84,5,medium,medium,0.9933144006254636,0.7608500727234964,0.9912545123470198,0.9266455452130145,0.7142857142857143
4,88,5,medium,medium,0.9910179842527927,0.6976078071653715,0.990147322216865,0.8856974788798018,0.6720430107526882
4,89,5,medium,medium,0.992473154247743,0.7483751929652187,0.9896255761045616,0.9247973649815984,0.6163419913419913
4,91,5,medium,medium,0.9925928662620808,0.6930323144509891,0.9904089678195376,0.9430040911692767,0.5208333333333334
4,97,5,medium,medium,0.9912048616222554,0.7534347920962886,0.9889852886947352,0.9461429710876856,0.7
4,105,5,medium,medium,0.9940940604149228,0.6925177749102704,0.9919072940807712,0.9030459133379054,0.6809090909090909
4,108,5,medium,medium,0.9936448409556664,0.6801395585233156,0.9930238194506602,0.9091107437212546,0.75
4,115,5,medium,medium,0.9911937678929054,0.7548010757210017,0.9876081821308912,0.915006260845148,0.653846153846154
4,117,5,medium,medium,0.9920962150651212,0.7279549589657368,0.9894661918339556,0.9304182716814848,0.6486486486486487
4,121,5,medium,medium,0.993164646932706,0.7007111791731979,0.9913020202829116,0.9338295524044188,0.6419413919413919
4,133,5,medium,medium,0.993009515435328,0.7532081075179748,0.9909092698500984,0.8990964943763621,0.6896551724137931
4,135,5,medium,medium,0.988754564534619,0.7405351803386652,0.9851753030062292,0.9416834850753548,0.7083333333333334
4,142,5,medium,medium,0.9931293307261284,0.6933945171574641,0.9911008689210048,0.9257513382971672,0.6899038461538461
4,143,5,medium,medium,0.9913887175257626,0.6433252267645819,0.9880666975351492,0.9251768000710352,0.575
4,145,5,medium,medium,0.9930780012480966,0.7556523282449824,0.9927423563729318,0.9144245151054144,0.7272727272727273
4,147,5,medium,medium,0.9919342953209744,0.6862533124262251,0.9894343631787949,0.9239640023275232,0.6899038461538461
4,151,5,medium,medium,0.9948399852947232,0.6810564417151013,0.9929759266540517,0.9110854905573712,0.6984848484848485
4,155,5,medium,medium,0.9916027543960012,0.7171806714066036,0.9882728308487644,0.9328918820432782,0.6818181818181819
4,158,5,medium,medium,0.993449239868146,0.7346412680688275,0.9911790598734498,0.9297551989783142,0.6403125
4,166,5,medium,medium,0.989642343797387,0.716254402583974,0.9862623064087676,0.8527820839157579,0.7000000000000001
4,168,5,medium,medium,0.9913976951589368,0.7682495799247923,0.9890208615955176,0.931747938441333,0.6666666666666667
4,169,5,medium,medium,0.989451748546972,0.7424329672016088,0.986321183527158,0.91533360291249,0.6428571428571428
4,171,5,medium,medium,0.9931537981553687,0.738222507956038,0.9914025722823604,0.917345003422999,0.546875
4,192,5,medium,medium,0.9915114488868476,0.734940231003986,0.988789557734418,0.941284445936146,0.6352549889135255
4,202,5,medium,medium,0.9913097121540954,0.7264615046542161,0.9871897325868036,0.9048692751576788,0.6799999999999999
4,203,5,medium,medium,0.9919112040534096,0.5976842861116641,0.9896104293415566,0.9042001856096856,0.6666666666666667
4,206,5,medium,medium,0.993635104967596,0.6939149011850543,0.9920530740109028,0.9305531577481644,0.6771235521235521
4,207,5,medium,medium,0.9925719130081716,0.7253949054698443,0.990217339400141,0.915894004272442,0.6394444444444445
4,210,5,medium,medium,0.9937429506825172,0.6210738458493654,0.9924738040853984,0.9034587268036236,0.6521739130434783
4,214,5,medium,medium,0.9932863511008612,0.7063847724819201,0.9911091873303888,0.9268941888616512,0.7
4,215,5,medium,medium,0.9926116635020636,0.7662631914781305,0.9905871701910424,0.9060605984290542,0.7000000000000001
6,16,5,medium,medium,0.993355369728454,0.7113549795621019,0.9916749768485608,0.9251070734716472,0.6486676016830295
6,17,5,medium,medium,0.9910195270047512,0.6758503330023105,0.9881796299313328,0.9280420003631756,0.6381818181818182
6,19,5,medium,medium,0.9912117262902268,0.7186359763283858,0.9885117381355196,0.9250883289409644,0.7037037037037037
6,20,5,medium,medium,0.9907980452859948,0.7421574174745338,0.9890286057954768,0.9122947676709312,0.6333333333333333
6,24,5,medium,medium,0.992404201992692,0.7123562572883431,0.9907262122356753,0.9227148152716166,0.6153846153846154
6,25,5,medium,medium,0.9930514790182414,0.7033070141433821,0.992088149059162,0.9141432792885594,0.7379862700228833
6,32,5,medium,medium,0.99352277811624,0.7266094718465889,0.9914887486028428,0.9416575427314504,0.653846153846154
6,33,5,medium,medium,0.9898038890624704,0.6845294891341773,0.9876547946921344,0.903409789718806,0.65625
6,40,5,medium,medium,0.9912002569514474,0.7033157730291273,0.9873610797044828,0.9081870922408024,0.6666666666666666
6,42,5,medium,medium,0.9919625384014692,0.6572064820579337,0.9886500466410332,0.8966264040165389,0.7587878787878788
6,51,5,medium,medium,0.9936533892793616,0.7088875413953941,0.9923717909612492,0.9103165795346128,0.72
6,53,5,medium,medium,0.9912471107860216,0.7302337805091115,0.9884874479910912,0.8944024819347833,0.7037037037037037
6,54,5,medium,medium,0.9856659819635758,0.7299447474940973,0.9811700419515909,0.8705432138030056,0.5067567567567568
6,55,5,medium,medium,0.993423166947081,0.7128343059504982,0.9913909377792636,0.9211854616509016,0.46875
6,57,5,medium,medium,0.9929391932967764,0.7054586498034906,0.990924766203976,0.9159861086009032,0.7599999999999999
6,61,5,medium,medium,0.9931238285161826,0.6741654914362691,0.9916283201449546,0.9023910330988644,0.6846590909090908
6,62,5,medium,medium,0.9930524652229828,0.6982024167859624,0.9903869638938952,0.9181810331095316,0.75
6,66,5,medium,medium,0.991191071953806,0.6573910644944436,0.9892533595869916,0.8762123313335022,0.7587878787878788
6,70,5,medium,medium,0.9918779257666596,0.6768378559923646,0.9896173528632504,0.9210721149026896,0.7727272727272728
6,73,5,medium,medium,0.9912328900767884,0.6913388015059392,0.9877380595803212,0.9021688992320324,0.7142857142857143
6,75,5,medium,medium,0.989608084211242,0.722696303201133,0.9847136346528718,0.8716862054853798,0.6228448275862069
6,81,5,medium,medium,0.9929258841710686,0.6870980568425706,0.991602237751471,0.9197478889861512,0.7360681114551084
6,83,5,medium,medium,0.992098870402157,0.6939535903833615,0.9899854403540604,0.8799025060700952,0.736842105263158
6,84,5,medium,medium,0.9929715486406306,0.7284112934828784,0.9899705071945442,0.8772458395817857,0.7307692307692308
6,88,5,medium,medium,0.9901778383446396,0.6844303144744398,0.9857052390453088,0.9083508542077864,0.7916666666666666
6,89,5,medium,medium,0.9920757310045922,0.7035996316509234,0.9892462793301322,0.9000891646992504,0.6180371352785146
6,91,5,medium,medium,0.9922322889111784,0.7754924236395109,0.9902362246669044,0.8921332194336721,0.5116279069767442
6,97,5,medium,medium,0.991971303246632,0.6967373175858596,0.9899762906599792,0.8938789758559885,0.75
6,105,5,medium,medium,0.99415693164065,0.7121775502206655,0.9933569289738404,0.9192174066080072,0.7113095238095237
6,108,5,medium,medium,0.9928103010778152,0.7527021596683912,0.9911398224151312,0.8836575017179036,0.7391304347826088
6,115,5,medium,medium,0.991640364501114,0.6915798219654243,0.9883103783169436,0.9157860197734852,0.6774193548387097
6,117,5,medium,medium,0.9907534695809512,0.7374775865553239,0.9867268285152349,0.8914862681053488,0.6451612903225807
6,121,5,medium,medium,0.9937349399530536,0.717536192732406,0.99276230948603,0.905554116368192,0.6726190476190477
6,133,5,medium,medium,0.9920903188518172,0.7052449885788565,0.9905288097940432,0.9122881132816631,0.75
6,135,5,medium,medium,0.989090060077776,0.713276262188119,0.9839462460110732,0.8963773432788413,0.7777777777777779
6,142,5,medium,medium,0.9926905373327872,0.7175078124310285,0.9912147621884756,0.8781426474804794,0.6666666666666666
6,143,5,medium,medium,0.9905939291868836,0.6440561354137453,0.9882470765365016,0.8999088716908691,0.5603030303030303
6,145,5,medium,medium,0.9930750605297864,0.7181207047112463,0.992962304505252,0.8998524547519031,0.75
6,147,5,medium,medium,0.9918991727980132,0.7462869857977761,0.9902275787063404,0.9323675084384442,0.7777777777777779
6,151,5,medium,medium,0.9941931741847604,0.644882652056,0.9933903359615563,0.8798239956897611,0.7083333333333334
6,155,5,medium,medium,0.9912671562588312,0.7029354962532701,0.9898554369898328,0.8904553866980245,0.75
6,158,5,medium,medium,0.9927047388085009,0.689624061942326,0.9892339189172848,0.9261818929314466,0.5641025641025641
6,166,5,medium,medium,0.9903745870607984,0.6724056617392911,0.9881119156582556,0.8705218383898534,0.75
6,168,5,medium,medium,0.9919856736281562,0.7167108202215066,0.9902432666484444,0.8648807104837896,0.7407407407407407
6,169,5,medium,medium,0.9892611219118308,0.718446349070835,0.983135065445458,0.8921272018564075,0.6086956521739131
6,171,5,medium,medium,0.993186336378188,0.7118093218255324,0.9918964607507906,0.9016706976919342,0.5511055486024197
6,192,5,medium,medium,0.9917309196550586,0.7974153897262097,0.9886899466112012,0.9273269097837772,0.5555555555555556
6,202,5,medium,medium,0.9918398786170034,0.700542521897376,0.9892970025949884,0.9102157391182872,0.7204651162790697
6,203,5,medium,medium,0.9923211400072244,0.5886981507835429,0.9918732348964104,0.90064956527822,0.7142857142857142
6,206,5,medium,medium,0.99366678727284,0.7028844195085687,0.9930087584954672,0.8926665982311566,0.7
6,207,5,medium,medium,0.992251124870864,0.7018680217167812,0.989885934285296,0.8978445273327962,0.5925925925925926
6,210,5,medium,medium,0.9930537514344364,0.6942234169706063,0.993081507156925,0.9115912512260368,0.736842105263158
6,214,5,medium,medium,0.9931331386683212,0.6957920500247672,0.9910181145747782,0.8972670525989163,0.72
6,215,5,medium,medium,0.991706428293851,0.7181849882245851,0.9890152470663228,0.8967803635854041,0.7142857142857142
16,17,5,medium,medium,0.9931370179196471,0.6880855468530174,0.9907000401933324,0.9448320117648648,0.6585365853658536
16,19,5,medium,medium,0.9926210710587428,0.6690359404403059,0.9895999624104488,0.9083730123508464,0.6440677966101696
16,20,5,medium,medium,0.993157751404762,0.6917564799988901,0.9904993212044644,0.9367299444449214,0.6381818181818182
16,24,5,medium,medium,0.9938863706333966,0.7219317293478016,0.9913558509218612,0.9467113299156118,0.6
16,25,5,medium,medium,0.993511367847511,0.7272828735461185,0.9922030018805736,0.9364700800650994,0.6551724137931034
16,32,5,medium,medium,0.9936089469775834,0.7108148011554878,0.9919185720769472,0.95103362370539,0.6138147566718996
16,33,5,medium,medium,0.9923944338909249,0.7003756699274551,0.9896298393425438,0.8964675551742896,0.6451612903225807
16,40,5,medium,medium,0.9921745202411572,0.6742482711165718,0.9882792929008992,0.946047948307745,0.632996632996633
16,42,5,medium,medium,0.9932360595711004,0.5435897367557501,0.99083065602375,0.9312447359446808,0.6399999999999999
16,51,5,medium,medium,0.9943819797238912,0.6560400658320656,0.9923057798351512,0.919998900110694,0.6666666666666667
16,53,5,medium,medium,0.9926971969934149,0.6464007840259498,0.9890216772597548,0.8725843981399886,0.6521739130434783
16,54,5,medium,medium,0.9899414269905318,0.7683703632365424,0.9842973557716038,0.8789256982270994,0.615079365079365
16,55,5,medium,medium,0.9934977556535864,0.7168997043442877,0.9910981427705716,0.9422877232501122,0.6
16,57,5,medium,medium,0.993742894188422,0.7012097617819906,0.991568860715499,0.9518728895430412,0.6666666666666667
16,61,5,medium,medium,0.9932238151828228,0.7187703142550386,0.9916387816756764,0.9098052641612682,0.6470588235294117
16,62,5,medium,medium,0.9934672587777124,0.6008417258112513,0.9906565316475896,0.90557569914999,0.645497311827957
16,66,5,medium,medium,0.9931393204767244,0.6662279130321755,0.9885452304136918,0.906321293955757,0.6899038461538461
16,70,5,medium,medium,0.9933339143521024,0.6043294119992132,0.9907561174802128,0.8773034427541025,0.6666666666666666
16,73,5,medium,medium,0.9926046731921744,0.7305190128139929,0.9902949087109696,0.9349943910776416,0.625
16,75,5,medium,medium,0.9923909518046165,0.6795542547377791,0.9883252972532924,0.8860193874654165,0.6399999999999999
16,81,5,medium,medium,0.9930136334848216,0.5880769550784122,0.9894256318120664,0.9394106706046595,0.6521739130434783
16,83,5,medium,medium,0.9926794242350924,0.7396496355779982,0.9901703672657676,0.906931392369062,0.6923076923076923
16,84,5,medium,medium,0.9936459053465264,0.7074408302229521,0.9912678886669954,0.9006534651981325,0.6536731634182908
16,88,5,medium,medium,0.9924783199547508,0.5932123904082676,0.9904406773098308,0.904715008907568,0.6363636363636365
16,89,5,medium,medium,0.993261101381207,0.6515946563776549,0.9915650063815828,0.9291041960648008,0.6111111111111112
16,91,5,medium,medium,0.9932181153935562,0.6698925602026851,0.9902489480100144,0.9432719468623064,0.6097560975609756
16,97,5,medium,medium,0.9929669070668212,0.693948545501367,0.9909988634816947,0.9003658753184779,0.6666666666666666
16,105,5,medium,medium,0.9945082027976544,0.6874312285254119,0.9921827680851972,0.8936680677040032,0.6666666666666666
16,108,5,medium,medium,0.9941076340882308,0.6527277839918182,0.9908443360405828,0.9338224231924372,0.6792857142857143
16,115,5,medium,medium,0.9928615064870312,0.6772569514464917,0.9902480419603926,0.9319952652173772,0.6521739130434783
16,117,5,medium,medium,0.9927704157184938,0.7107232306906962,0.9905649120350912,0.927632790705498,0.6521739130434783
16,121,5,medium,medium,0.9933223145532116,0.6703800721745566,0.990988231233104,0.9301960285687628,0.6428571428571428
16,133,5,medium,medium,0.99380614879853,0.6820464118659509,0.9924029475776348,0.9437330029083504,0.6666666666666666
16,135,5,medium,medium,0.9919780044968094,0.6388737597505207,0.990036619075048,0.9471213042392248,0.6809090909090909
16,142,5,medium,medium,0.9935484004141788,0.7341777168465682,0.992525146341868,0.9084231129537792,0.6470588235294118
16,143,5,medium,medium,0.9925193872509114,0.604382321635462,0.9888569372694008,0.898329207409955,0.5681818181818182
16,145,5,medium,medium,0.9935425769086,0.7318471978468604,0.991390488009798,0.907621624313214,0.6352549889135255
16,147,5,medium,medium,0.9928835837237052,0.6858402348854541,0.9912116136259966,0.9542379008716708,0.6666666666666666
16,151,5,medium,medium,0.9942599749053996,0.6762235048643437,0.99303841242883,0.8929182014567327,0.6415094339622642
16,155,5,medium,medium,0.9928821194756626,0.7277905207382928,0.9899086771413348,0.8979358702221281,0.6385933806146572
16,158,5,medium,medium,0.9936388286412418,0.6690644393861693,0.9922241062891416,0.9413104320342426,0.6545092838196287
16,166,5,medium,medium,0.9915996226350956,0.7359254816189453,0.9895452291609704,0.8726193287957025,0.6852134146341463
16,168,5,medium,medium,0.9932720819572785,0.6867588720448539,0.9898814716593892,0.8959016998944707,0.625
16,169,5,medium,medium,0.9912943340696488,0.7255736263547816,0.989220051311278,0.9382867373801668,0.6578947368421053
16,171,5,medium,medium,0.993874862811369,0.6765317670767423,0.9916745931464734,0.9350222824458836,0.59375
16,192,5,medium,medium,0.9923043842584586,0.6223978156433967,0.9901841973140144,0.9205277343781822,0.588235294117647
16,202,5,medium,medium,0.9925733980904984,0.6640796929263677,0.990750760689774,0.9118504897438184,0.6470588235294117
16,203,5,medium,medium,0.9925296383925398,0.5532836182883865,0.9882158619140357,0.8589805643850846,0.6363636363636364
16,206,5,medium,medium,0.993507090118952,0.7376986005282005,0.9923007062558356,0.9091599145242764,0.6956521739130435
16,207,5,medium,medium,0.9934818316263296,0.6501599880532933,0.9904989009905784,0.936566424453508,0.6206896551724137
16,210,5,medium,medium,0.9935855852486186,0.5814819318322899,0.9910031642800908,0.9292369604444016,0.6496163682864451
16,214,5,medium,medium,0.9930891791393216,0.7343431357675138,0.9922397493561176,0.916202525697329,0.6799999999999999
16,215,5,medium,medium,0.9933604554062072,0.693998170474168,0.991020986367707,0.9051875587795902,0.6551724137931034
17,19,5,medium,medium,0.9902521169412964,0.7383728298696576,0.9875987739885316,0.928707475579996,0.6666666666666666
17,20,5,medium,medium,0.9914669335079282,0.7770108708421275,0.9881030561802958,0.9202045958761412,0.6792452830188679
17,24,5,medium,medium,0.9929788379238408,0.7072377092732738,0.9899338688615428,0.9322679094744064,0.6415094339622642
17,25,5,medium,medium,0.9924039751525536,0.7055701988048273,0.9895047399757608,0.9312588553013806,0.6754445964432285
17,32,5,medium,medium,0.9940397566776392,0.6924784610941885,0.9910989849953696,0.94303541847644,0.6896551724137931
17,33,5,medium,medium,0.9887959760180096,0.704828237827515,0.9833060774450392,0.8833922847162641,0.625
17,40,5,medium,medium,0.9904361638042304,0.7199654764482043,0.987709300068428,0.9463692098424298,0.6799999999999999
17,42,5,medium,medium,0.989555303531199,0.5887146447130935,0.9836595794992476,0.874077289768771,0.6923076923076923
17,51,5,medium,medium,0.9920077128752572,0.6596851404105484,0.9886924560748296,0.8999112798781551,0.6821052631578948
17,53,5,medium,medium,0.9894239591800992,0.701297329133344,0.9875087374517832,0.8858965363596963,0.6643192488262911
17,54,5,medium,medium,0.9884542174215458,0.7518851138988224,0.9831293685588612,0.8815753530021995,0.5980769230769231
17,55,5,medium,medium,0.9931244394032814,0.7335047403616888,0.9895911655826312,0.9249944007935332,0.5384615384615385
17,57,5,medium,medium,0.9901245392128404,0.744874402468719,0.9869128319869218,0.9501938367785614,0.7037037037037037
17,61,5,medium,medium,0.9925965229385136,0.719820794128514,0.9909882653231092,0.8913209385861777,0.6571316614420063
17,62,5,medium,medium,0.9897047092658612,0.6724775398997911,0.9845703357437572,0.9038693598156188,0.6296296296296298
17,66,5,medium,medium,0.9904000403049876,0.6987488971308293,0.9852825858622812,0.8925129892754738,0.7037037037037037
17,70,5,medium,medium,0.9916497427861528,0.7177904876770604,0.9881896162389732,0.9097175386609374,0.6428571428571428
17,73,5,medium,medium,0.991074135694922,0.7220861282622246,0.9871158599554616,0.9113355058914944,0.6666666666666667
17,75,5,medium,medium,0.989552987899368,0.7530375364081925,0.983479931555942,0.8935238340509566,0.6721311475409837
17,81,5,medium,medium,0.9916710110031304,0.6376818775068482,0.9879149450539708,0.8934098745870185,0.6956521739130435
17,83,5,medium,medium,0.9914753432989148,0.6905845001614412,0.987886508404895,0.9129145063645792,0.6666666666666667
17,84,5,medium,medium,0.9917074221499804,0.6821182332798428,0.9878188068429596,0.9035982008234996,0.7052139037433155
17,88,5,medium,medium,0.9892588966469308,0.6464523416378231,0.9843025098103272,0.92995305658079,0.653846153846154
17,89,5,medium,medium,0.9929037557809656,0.7581076722265668,0.990351356227029,0.9096060634051925,0.6376262626262627
17,91,5,medium,medium,0.9912898194103872,0.7352522174009135,0.9870339774665066,0.8990030499614219,0.6023255813953489
17,97,5,medium,medium,0.9901533667292493,0.7242737074437207,0.9868490597456164,0.926876204181073,0.6938775510204083
17,105,5,medium,medium,0.9934901778293344,0.746233130952578,0.9900937233705972,0.934500476397492,0.6799999999999999
17,108,5,medium,medium,0.99126584132991,0.7084849376740807,0.9883673790111076,0.9023811815452182,0.6666666666666667
17,115,5,medium,medium,0.9905167750175592,0.7217358933870568,0.9874907283819824,0.911029239461824,0.6666666666666667
17,117,5,medium,medium,0.9913307553585804,0.6989493109018385,0.9875069157839396,0.9089850757786306,0.6451612903225807
17,121,5,medium,medium,0.9916647179775422,0.6906687468543038,0.9881317572367369,0.9301129355032284,0.6988372093023256
17,133,5,medium,medium,0.9925115806163226,0.7241978852657356,0.9896030069473204,0.9511667474554444,0.6521739130434783
17,135,5,medium,medium,0.9889908309172154,0.7552306979681421,0.9869581695925408,0.902973348518729,0.6818181818181819
17,142,5,medium,medium,0.9930372902505552,0.7040336643016095,0.9901167282617296,0.9117620135783302,0.6666666666666665
17,143,5,medium,medium,0.9886565594809849,0.5314253705257757,0.9827280502833856,0.8702330946413909,0.6363636363636364
17,145,5,medium,medium,0.9928885962104396,0.7189819464617485,0.9907362693010252,0.9076638869114696,0.6666666666666665
17,147,5,medium,medium,0.9913343107889844,0.6853400939670646,0.9872863301369528,0.946509007932458,0.6818181818181819
17,151,5,medium,medium,0.9940371500294573,0.6546900604050496,0.9924073074673666,0.9258663128005724,0.675
17,155,5,medium,medium,0.9911456349730388,0.6914932034408652,0.9878701570568008,0.9015996600155826,0.6666666666666666
17,158,5,medium,medium,0.991811120042453,0.7037851252416223,0.9901961360755982,0.9432412365492602,0.6590555267254801
17,166,5,medium,medium,0.9897344468609308,0.71048692414088,0.9886264877172296,0.9148286149247644,0.6923076923076923
17,168,5,medium,medium,0.9902768768299658,0.7069028365716142,0.9865017102887162,0.9080586874853592,0.6296296296296298
17,169,5,medium,medium,0.9889918252181572,0.7055594292467273,0.9847797368835862,0.90443322472473,0.6300322061191627
17,171,5,medium,medium,0.9912766919178292,0.6570482039085306,0.9867634493181608,0.9242521208688924,0.6141439205955335
17,192,5,medium,medium,0.9902000180993972,0.6962739768529423,0.9865634042938496,0.906023969910693,0.6086956521739131
17,202,5,medium,medium,0.990798476206464,0.6786992821148154,0.9866573516035316,0.9241585978701832,0.6666666666666667
17,203,5,medium,medium,0.9893183479170226,0.6327741320842268,0.9865084380503462,0.875885114542456,0.6666666666666667
17,206,5,medium,medium,0.9927571870931992,0.7045051160936294,0.9903934725343878,0.909963237012772,0.65625
17,207,5,medium,medium,0.9910282360684498,0.7024157930561138,0.987617567632789,0.9272418766204684,0.6585365853658536
17,210,5,medium,medium,0.991278818516544,0.6925252804151953,0.9876150872584608,0.9177188736757944,0.6904761904761905
17,214,5,medium,medium,0.9923377655054916,0.6660228108489462,0.9892013960121276,0.897046529081795,0.6666666666666666
17,215,5,medium,medium,0.991050354600494,0.6960734320727293,0.9882134341226088,0.9228046231473016,0.6720430107526882
19,20,5,medium,medium,0.991204065236919,0.6748727556876082,0.9902532071919996,0.9196475852614988,0.65625
19,24,5,medium,medium,0.9923715763999036,0.6880794664569607,0.9899868275396656,0.9200845222000822,0.6399999999999999
19,25,5,medium,medium,0.992856786254647,0.6540259045526331,0.9907288826803186,0.9138401050491182,0.7
19,32,5,medium,medium,0.9927481380444356,0.7140944624790491,0.9897296333521338,0.9221830711668092,0.6363636363636365
19,33,5,medium,medium,0.9894069370444708,0.7370003397412239,0.9848434279185008,0.865686454579592,0.6776927282668125
19,40,5,medium,medium,0.988287433889733,0.7188555675704722,0.9829383557877052,0.8756417603555148,0.6969696969696969
19,42,5,medium,medium,0.9897387672944044,0.6175956493441535,0.986542439863494,0.8793060169252617,0.6428571428571428
19,51,5,medium,medium,0.991942898129573,0.7486576844094021,0.9892006690864388,0.9152212074058398,0.719375
19,53,5,medium,medium,0.9890127126960908,0.6854642548488479,0.9859486190406948,0.9005057632695956,0.6764830508474576
19,54,5,medium,medium,0.9871020041895284,0.7797169252897302,0.9804117718159896,0.8197157741215446,0.5765107212475633
19,55,5,medium,medium,0.9922391531621813,0.663481928341275,0.9896063845225426,0.9193748871049572,0.5128205128205128
19,57,5,medium,medium,0.9907609184506792,0.7287192690738197,0.9875727506245988,0.9083248591731948,0.701851851851852
19,61,5,medium,medium,0.9916837201966292,0.6363596620380247,0.990346445202725,0.8784520986169826,0.7142857142857142
19,62,5,medium,medium,0.9905717992352528,0.7038407173994896,0.9880740873001496,0.9313663660366582,0.6720430107526882
19,66,5,medium,medium,0.990386241710268,0.6631665157450695,0.9878150203952646,0.8730484361534065,0.6797112462006079
19,70,5,medium,medium,0.991059575398154,0.7539342023307971,0.9880055249176172,0.9079465778038586,0.6666666666666666
19,73,5,medium,medium,0.988481865508252,0.6737768745941481,0.9854343284117628,0.9122986508507552,0.6756661991584854
19,75,5,medium,medium,0.9888257558739576,0.7874084103817107,0.9845749333984206,0.8610643254099887,0.6486486486486487
19,81,5,medium,medium,0.9913421271031028,0.7802679927396672,0.9867749697458796,0.9328906574605692,0.6521739130434783
19,83,5,medium,medium,0.9909343155429612,0.685608502287204,0.9881653348572422,0.8785865727958437,0.6799999999999999
19,84,5,medium,medium,0.9924210926759972,0.7215214350490182,0.98989878811834,0.879511440191324,0.6956521739130435
19,88,5,medium,medium,0.9901464501967794,0.7094068462726538,0.9870315278010318,0.9079643699622668,0.6614583333333333
19,89,5,medium,medium,0.9915239026530176,0.7328731218583739,0.987502790784227,0.887590515649207,0.6666666666666665
19,91,5,medium,medium,0.991423583907966,0.743555666061249,0.9880022195856086,0.9040790326628828,0.5797962648556876
19,97,5,medium,medium,0.9899096425466064,0.7260849472830224,0.98851860663378,0.9278718975742009,0.679622641509434
19,105,5,medium,medium,0.9929418269892084,0.6918849661779604,0.9912950880302472,0.9154253400333632,0.6551724137931034
19,108,5,medium,medium,0.9914197516024802,0.6756047124250882,0.9879248971246036,0.9207843932362506,0.7407407407407407
19,115,5,medium,medium,0.9903437849325356,0.6664072779880366,0.9869319188470084,0.8732870664119798,0.6521739130434783
19,117,5,medium,medium,0.9905485164426384,0.6518820800515734,0.9864954989293648,0.8794205104477523,0.6153846153846154
19,121,5,medium,medium,0.9927408973369816,0.7205470957904863,0.9909624904355198,0.8797515362729552,0.6666666666666667
19,133,5,medium,medium,0.9925063751361264,0.716483237507018,0.9910322241939128,0.9301716356763724,0.7
19,135,5,medium,medium,0.9899102709082656,0.7124083719908673,0.9863242127701606,0.8696855968578273,0.7290209790209791
19,142,5,medium,medium,0.9921114808765944,0.651948883710127,0.9898811222797916,0.8740881288527583,0.6521739130434783
19,143,5,medium,medium,0.9889974950009918,0.7030906641244568,0.985860518124606,0.8802462574748303,0.5483870967741936
19,145,5,medium,medium,0.9928417503873944,0.7532080667772099,0.991192037489878,0.9158226556650724,0.72
19,147,5,medium,medium,0.9894175909661124,0.7511601334938516,0.9848915760688708,0.9128618422765328,0.6799999999999999
19,151,5,medium,medium,0.9944517610242442,0.60812659460674,0.9925247541039772,0.8787666208270851,0.5999999999999999
19,155,5,medium,medium,0.989154998696051,0.7047335002556658,0.985760876865066,0.8733871083258017,0.6363636363636365
19,158,5,medium,medium,0.99255229029479,0.7092549051599437,0.9899787132698914,0.9300401353119124,0.5999999999999999
19,166,5,medium,medium,0.988681330625131,0.7165876050171192,0.9846071635500436,0.8639594272358729,0.7165178571428572
19,168,5,medium,medium,0.9901247653097076,0.7091223371420763,0.9886851016099182,0.8746281470140335,0.7158385093167702
19,169,5,medium,medium,0.989251714255768,0.7291572801693166,0.984881749529769,0.9079822879918662,0.6399999999999999
19,171,5,medium,medium,0.9919802745514634,0.7565406084376459,0.9866069435545204,0.8878923752647029,0.6273148148148149
19,192,5,medium,medium,0.9897680995845836,0.7469989124945161,0.985678182219928,0.8795031221646161,0.6066017316017316
19,202,5,medium,medium,0.9892562851672082,0.7187280182422873,0.9829264212727314,0.914950575033506,0.6939799331103679
19,203,5,medium,medium,0.9888237525730422,0.6481985128138363,0.985451269913748,0.9143436425108832,0.7165178571428572
19,206,5,medium,medium,0.9933856994160724,0.673153478938254,0.9919929338634802,0.8817640371224507,0.6796187683284458
19,207,5,medium,medium,0.9921984658712464,0.713904634632432,0.9886891918252176,0.8905135871424608,0.6521739130434783
19,210,5,medium,medium,0.9916789478994612,0.7284971519215568,0.9899590209632404,0.918492233880044,0.6666666666666666
19,214,5,medium,medium,0.9927147889014528,0.646075917278128,0.9914572179473388,0.8807156211479577,0.7
19,215,5,medium,medium,0.991056442497834,0.718191083106283,0.9889768871893676,0.9128642049068592,0.6666666666666667
20,24,5,medium,medium,0.9917202431349484,0.6841029147860505,0.9894101533085574,0.9371403104882968,0.6136363636363636
20,25,5,medium,medium,0.9926319753490636,0.7172994502470884,0.991878480413626,0.9422712288287296,0.6428571428571428
20,32,5,medium,medium,0.9925111799969364,0.7165831031462089,0.9897393845132048,0.9336332881021636,0.631578947368421
20,33,5,medium,medium,0.9893692646502402,0.6823029475997046,0.986777617193494,0.8769612645273877,0.6570723684210527
20,40,5,medium,medium,0.9892240090996964,0.6965521775153352,0.9864295960564664,0.9318803999621128,0.6457528957528957
20,42,5,medium,medium,0.990384091653726,0.6067838519015067,0.9868224198017038,0.9254315904983852,0.709005376344086
20,51,5,medium,medium,0.99376124321566,0.7303407567789717,0.9908553071856158,0.934501626088164,0.6451612903225807
20,53,5,medium,medium,0.9892336455103272,0.6751695027137301,0.986603942162098,0.8513445842075895,0.653846153846154
20,54,5,medium,medium,0.986669721524253,0.7484398304037121,0.9800736257310936,0.886433731630647,0.5864367816091954
20,55,5,medium,medium,0.9920812283689115,0.7204823105013534,0.989445793017657,0.8828609543409821,0.5692307692307692
20,57,5,medium,medium,0.9905341790437272,0.7243077626417205,0.9882073076978284,0.9296468502670798,0.6363636363636365
20,61,5,medium,medium,0.9928009479811524,0.7054387996721787,0.991299880934476,0.8878024057040723,0.6516683518705764
20,62,5,medium,medium,0.9908891852061414,0.6246071305112997,0.9900693843648408,0.9356927252813864,0.6949910554561718
20,66,5,medium,medium,0.99165377887994,0.6815606604703952,0.9880810219803946,0.8992715628302586,0.6666666666666666
20,70,5,medium,medium,0.9919603958753764,0.6798125829008529,0.9901787256597018,0.892899717770447,0.6363636363636364
20,73,5,medium,medium,0.9911652191661264,0.7637833321414592,0.9882810093600606,0.9210329178487292,0.638888888888889
20,75,5,medium,medium,0.9885684149803748,0.7641734516085018,0.9843654074572482,0.888694395077815,0.6511627906976745
20,81,5,medium,medium,0.99117856503058,0.7064446495595047,0.9883845054947892,0.9346245843681548,0.6666666666666666
20,83,5,medium,medium,0.9911118731335624,0.715367644141359,0.9871496383794914,0.8949511906801089,0.6545092838196287
20,84,5,medium,medium,0.9916166682568684,0.6940734142445242,0.988572415169412,0.8835265149903991,0.6666666666666666
20,88,5,medium,medium,0.9906887059297442,0.6555672336914622,0.9887379839434064,0.888984064905603,0.6086956521739131
20,89,5,medium,medium,0.9922501401244316,0.74374530772275,0.9895165167550432,0.9236309756021068,0.6363636363636364
20,91,5,medium,medium,0.9917602698213536,0.7762024804523111,0.986980001927007,0.9269333760325666,0.6333333333333333
20,97,5,medium,medium,0.9903053111834176,0.7573985668190075,0.9885724128134722,0.9168108103196012,0.6521739130434783
20,105,5,medium,medium,0.99309031532016,0.74225303686966,0.9898488664038688,0.8943503769391808,0.7058823529411764
20,108,5,medium,medium,0.9910516958251196,0.6703467243256013,0.989948947734018,0.9276099576729504,0.653846153846154
20,115,5,medium,medium,0.9901449886893084,0.7136034724600244,0.9865269821237864,0.8732002210132785,0.6511627906976745
20,117,5,medium,medium,0.9907020984776168,0.7276877129513644,0.9866015661450404,0.9174539492181548,0.6666666666666666
20,121,5,medium,medium,0.9917854153302648,0.7027025508590403,0.989870960507734,0.8792340161069541,0.6399999999999999
20,133,5,medium,medium,0.9916330029839904,0.6994505325378908,0.988834936865722,0.9501204290963724,0.625
20,135,5,medium,medium,0.9887002870205092,0.7482424751986598,0.9832465245285658,0.92113792423635,0.6666666666666667
20,142,5,medium,medium,0.9920044268140537,0.6707566597369536,0.989368943392662,0.916484407064212,0.6410256410256411
20,143,5,medium,medium,0.988961056204784,0.6404510786042292,0.9852572421832912,0.8883128738263939,0.5641025641025641
20,145,5,medium,medium,0.9924244156785106,0.7276894146468221,0.9888418942753304,0.8853749823352977,0.6666666666666666
20,147,5,medium,medium,0.989814239930788,0.6980886321606549,0.988553690692277,0.9506469882162304,0.625
20,151,5,medium,medium,0.9938821827498052,0.6689334467406641,0.9924746970634898,0.885832029284188,0.6666666666666666
20,155,5,medium,medium,0.990713591674666,0.7247993366222285,0.9867068760498152,0.9211698596620616,0.6666666666666666
20,158,5,medium,medium,0.992200251000716,0.7350969716657976,0.9889284537518004,0.9408744194887182,0.5999999999999999
20,166,5,medium,medium,0.9883620040461624,0.6680979598658578,0.9827981064897974,0.9226797203659044,0.6666666666666666
20,168,5,medium,medium,0.9907769428579642,0.7135915403625772,0.987970162513778,0.9023374276119784,0.6363636363636365
20,169,5,medium,medium,0.9881991945585852,0.6977441546400687,0.984004940099945,0.8914203840743207,0.6170212765957447
20,171,5,medium,medium,0.9917629752655388,0.6984941816819588,0.9881719697358124,0.9350283907294112,0.6
20,192,5,medium,medium,0.989139860319274,0.6943292175946265,0.9838439855043296,0.9215664854239716,0.65
20,202,5,medium,medium,0.9897237243478666,0.696803169933371,0.9859489737223422,0.8810885583157381,0.625
20,203,5,medium,medium,0.99022704283685,0.6369850598532212,0.9844297439510684,0.8471767366224359,0.6206896551724137
20,206,5,medium,medium,0.992570773558312,0.679395329929491,0.9902394923653386,0.8892385283739563,0.6399999999999999
20,207,5,medium,medium,0.991573624524912,0.7583736298615503,0.9887811292968572,0.9253050592098092,0.6341463414634145
20,210,5,medium,medium,0.992515932914632,0.646825451149068,0.9888303307958688,0.9058714757482998,0.6628787878787878
20,214,5,medium,medium,0.9927739446046296,0.6699970533964494,0.9906964425474852,0.8931912464136047,0.6285714285714284
20,215,5,medium,medium,0.9909145288084305,0.7338687493919209,0.9883739430513928,0.8812404347792224,0.6666666666666666
24,25,5,medium,medium,0.9943308500829692,0.7192414497936797,0.9926552433984128,0.917630294197009,0.5833333333333333
24,32,5,medium,medium,0.993928040801675,0.7365054813493259,0.992027194079866,0.9466947583664204,0.6170212765957447
24,33,5,medium,medium,0.991880362761398,0.6998339496022821,0.9877734457277014,0.8935770838176141,0.6666666666666667
24,40,5,medium,medium,0.9915209772897392,0.7376973952014996,0.9877108759476037,0.9020827078717158,0.6
24,42,5,medium,medium,0.9919618517051358,0.630540540569928,0.9880819112190604,0.8985102293808862,0.5833333333333333
24,51,5,medium,medium,0.9944976788551094,0.6830134636322274,0.99339417330979,0.9422143147287552,0.5966101694915255
24,53,5,medium,medium,0.9916845299698844,0.7745883139094798,0.9877858990968948,0.8742135569839309,0.6056618819776715
24,54,5,medium,medium,0.9883038450038796,0.7717430299935855,0.9798600392260736,0.8953498582166145,0.6293487957181089
24,55,5,medium,medium,0.9938528719860256,0.7631185386850412,0.9914506410863364,0.9417701554597538,0.5625
24,57,5,medium,medium,0.9915917871004966,0.7075156830019642,0.9889260246715366,0.9226394354943293,0.6048780487804878
24,61,5,medium,medium,0.993483619691907,0.6794945245077335,0.9916782147693184,0.9219686029660034,0.6666666666666666
24,62,5,medium,medium,0.9920928322693724,0.6322503593448379,0.9908156596734105,0.9149014334664054,0.6282894736842105
24,66,5,medium,medium,0.9927908776252836,0.6985015957422547,0.9889937080860892,0.924010139415338,0.5945945945945945
24,70,5,medium,medium,0.9933978764820114,0.7101971521733397,0.9923201685461004,0.8873578620205673,0.6071428571428572
24,73,5,medium,medium,0.9919991738382824,0.7368784150823695,0.9896778676614336,0.9431106609510806,0.5935935935935936
24,75,5,medium,medium,0.9909570774287833,0.7680127235404343,0.9872338555700134,0.8979019794058681,0.5931588902900379
24,81,5,medium,medium,0.9916650662280038,0.6986021457449856,0.9889425687189692,0.9334591512836676,0.6228448275862069
24,83,5,medium,medium,0.99276272264121,0.7447970041340783,0.9889510360840992,0.9129134391112002,0.5925925925925926
24,84,5,medium,medium,0.9929286428103712,0.7368006272710452,0.9908042874431906,0.8848613507953327,0.6052631578947368
24,88,5,medium,medium,0.991115118993792,0.7070839083454769,0.9852403581021512,0.899105657408646,0.5773809523809523
24,89,5,medium,medium,0.9936249571858036,0.7732998652646021,0.9909371715376368,0.9329481938005184,0.6196217494089835
24,91,5,medium,medium,0.9935094867244704,0.8341578098079659,0.9900684232936032,0.9408816623998864,0.6025641025641026
24,97,5,medium,medium,0.9920539773932716,0.7303819424413334,0.9900303912172368,0.933546487124292,0.593103448275862
24,105,5,medium,medium,0.9944347183196643,0.6987904447813313,0.992435529802853,0.930380599469731,0.6153846153846154
24,108,5,medium,medium,0.9933042665671896,0.6966444259988651,0.9901104145986386,0.9634286553484906,0.5714285714285714
24,115,5,medium,medium,0.992179305894472,0.7272539941333385,0.9890232520205288,0.9152565777674756,0.625
24,117,5,medium,medium,0.9922289173226334,0.7196918628664442,0.9900133030604078,0.9263265291318294,0.625
24,121,5,medium,medium,0.9940079702727692,0.7186241381610394,0.9921832468911872,0.930837105257625,0.625
24,133,5,medium,medium,0.9936598999472128,0.7603495215690542,0.990921101999025,0.9244613442167328,0.56
24,135,5,medium,medium,0.9901385887652834,0.6648211193815631,0.9845689187450266,0.925738828611953,0.6046511627906976
24,142,5,medium,medium,0.993538140675263,0.6944123827385917,0.9914825758436024,0.9220463370184804,0.6470588235294119
24,143,5,medium,medium,0.9915270057544612,0.7519990226237665,0.9878503096377164,0.9301765884831452,0.625
24,145,5,medium,medium,0.9934054114307512,0.7440645707359086,0.9911396404391978,0.9098029663344568,0.5806451612903225
24,147,5,medium,medium,0.9925913003507808,0.7049286813828441,0.9889291430118856,0.9545609253760288,0.553639846743295
24,151,5,medium,medium,0.9945023426930558,0.5684429042100642,0.9925693230282748,0.9073416396824476,0.6399999999999999
24,155,5,medium,medium,0.9924277684603964,0.7069778570987287,0.9895995893853492,0.9233053746850332,0.57569558101473
24,158,5,medium,medium,0.994077780514042,0.7676783217150782,0.991022856371244,0.9315283472198548,0.6285714285714284
24,166,5,medium,medium,0.9902953788665608,0.691748695350648,0.9853602423224642,0.893591703485538,0.5833333333333333
24,168,5,medium,medium,0.991996800126834,0.7021992818804161,0.9885218759889832,0.918689593348807,0.606060606060606
24,169,5,medium,medium,0.9890039501006984,0.7214172397033803,0.9842167614647678,0.913340022847266,0.6153846153846154
24,171,5,medium,medium,0.9936162382796612,0.7635458207109441,0.9908274208759622,0.9327778292890552,0.5972222222222222
24,192,5,medium,medium,0.9920296524438356,0.8111286211818153,0.988754662509404,0.9292660082456814,0.6066017316017316
24,202,5,medium,medium,0.992118365320934,0.7315050790679749,0.98822329457554,0.9390143720352208,0.6451612903225807
24,203,5,medium,medium,0.9917738728076688,0.5997102664119084,0.9882840224716656,0.920546702590185,0.5952380952380952
24,206,5,medium,medium,0.993970764614198,0.6617828592381039,0.9910151942757002,0.926360828397428,0.6666666666666666
24,207,5,medium,medium,0.9932980931270065,0.7176952849060926,0.9903669788208822,0.9558378895538536,0.6216216216216217
24,210,5,medium,medium,0.9932631196759164,0.653570635663379,0.9907180580005712,0.9590581368169212,0.6171630094043887
24,214,5,medium,medium,0.993814279658664,0.6901425211246243,0.9913379214757448,0.9122000705324824,0.6521739130434783
24,215,5,medium,medium,0.9920341693062186,0.7245422491745506,0.9892613664350596,0.94821386031791,0.6570723684210527
25,32,5,medium,medium,0.9942958651403598,0.6876666000392759,0.9921595191224024,0.9336251171288188,0.6666666666666666
25,33,5,medium,medium,0.9921370225219496,0.6529513268957041,0.9895033670467054,0.8758387549367243,0.6666666666666666
25,40,5,medium,medium,0.9917101249929456,0.6885368270322141,0.9888894817759232,0.938446737328362,0.6666666666666667
25,42,5,medium,medium,0.9932784466715447,0.5742635051661825,0.9910221732820356,0.9074932058556,0.75
25,51,5,medium,medium,0.9945048044310786,0.6691929860499953,0.9918674394152824,0.8951777457460544,0.7037037037037037
25,53,5,medium,medium,0.9927612133183285,0.6946173969235567,0.9909071407079356,0.853563696863094,0.6666666666666666
25,54,5,medium,medium,0.9898023701055364,0.7440599306758948,0.9846929612132234,0.8773532689131723,0.5263888888888889
25,55,5,medium,medium,0.9940295907526088,0.7283716839847691,0.9920567378466144,0.9085795970657042,0.5147186147186147
25,57,5,medium,medium,0.9939723114102916,0.6665854990898581,0.9909555364536924,0.9155678739541676,0.7391304347826088
25,61,5,medium,medium,0.9935534913370744,0.7496437169494183,0.9933596955099596,0.9173968933535632,0.7320512820512821
25,62,5,medium,medium,0.9928524626731556,0.646207094727872,0.992597715070244,0.8250444208588582,0.7
25,66,5,medium,medium,0.993252369630832,0.6321163751701456,0.9907012598179036,0.8820664774098894,0.7320574162679426
25,70,5,medium,medium,0.9934973640298188,0.6803809537476289,0.9908203878018524,0.8659455885203383,0.7666666666666667
25,73,5,medium,medium,0.9920264885378014,0.7092735622181798,0.9893796251558432,0.9182045203139216,0.6875
25,75,5,medium,medium,0.9920903097937416,0.6814533880586711,0.9899790709701832,0.9167925338813764,0.6376262626262627
25,81,5,medium,medium,0.9931501628243112,0.6246512529722615,0.990628235384612,0.908396202438448,0.7
25,83,5,medium,medium,0.9923313609854186,0.7600163061389065,0.9902633316177052,0.9183076009908192,0.6818181818181819
25,84,5,medium,medium,0.9932334669475732,0.76564400520747,0.991436298243943,0.8940115063385576,0.6938775510204083
25,88,5,medium,medium,0.992515317049698,0.6185654655202955,0.9916275088326464,0.8956949813908177,0.7777777777777779
25,89,5,medium,medium,0.993507556560559,0.7205310271933385,0.9916248217264032,0.9033053549730105,0.625
25,91,5,medium,medium,0.9932474988382968,0.7008488845287117,0.9915847755471756,0.9012100884677652,0.5909090909090909
25,97,5,medium,medium,0.992402083878548,0.7022117848460765,0.9911853939674896,0.9291070422695992,0.7350877192982457
25,105,5,medium,medium,0.994333775699014,0.6826249781043799,0.992668949104856,0.9103483789635,0.7058823529411764
25,108,5,medium,medium,0.9940285523159929,0.6577001154854947,0.9921124533830196,0.9329961495476404,0.7537878787878788
25,115,5,medium,medium,0.9930838153024658,0.7251599311580215,0.9914751147192002,0.8775639086092569,0.6371473354231975
25,117,5,medium,medium,0.9923575422104152,0.739683919607993,0.9906520579985718,0.897894260225926,0.6381818181818182
25,121,5,medium,medium,0.993503398238797,0.6836838871213997,0.992608246403197,0.9060157634814396,0.6300322061191627
25,133,5,medium,medium,0.9933377773691776,0.7419415621844623,0.9925547708340466,0.9371152771515674,0.736842105263158
25,135,5,medium,medium,0.99053238041862,0.7100667699078731,0.9887491360741004,0.9331226071781288,0.7333333333333334
25,142,5,medium,medium,0.9935419078364288,0.7203671209434988,0.9914494723669784,0.8956824444810934,0.6666666666666667
25,143,5,medium,medium,0.9929728548399758,0.6174483979775077,0.9902046508309946,0.8766923001200293,0.4125
25,145,5,medium,medium,0.993127958996652,0.7290756310897202,0.9913861404507488,0.863499152268128,0.7307692307692308
25,147,5,medium,medium,0.9925049461042694,0.7530436157354053,0.9918410761760657,0.9181123061814797,0.736842105263158
25,151,5,medium,medium,0.994613383481674,0.7250352227431327,0.9931532616724228,0.8923703455811087,0.6774193548387097
25,155,5,medium,medium,0.993463084519689,0.6998006640970438,0.9918568794514712,0.8923262586693242,0.7142857142857142
25,158,5,medium,medium,0.9932597007982736,0.7192243982142026,0.991947318440035,0.9016395137439472,0.6
25,166,5,medium,medium,0.9906539828223336,0.7572731363192508,0.9882902172245678,0.914225503747266,0.7142857142857142
25,168,5,medium,medium,0.9929491798376586,0.7080653018927849,0.991965075348428,0.9124251271611552,0.7142857142857143
25,169,5,medium,medium,0.990390107236839,0.7230787466791555,0.987698025521708,0.8848106113916432,0.6428571428571428
25,171,5,medium,medium,0.9937405605724816,0.6761055453263569,0.991190480718968,0.9179362663444206,0.6176470588235294
25,192,5,medium,medium,0.9927997668704056,0.6901795435010525,0.990506619075723,0.8926582693573474,0.6052631578947368
25,202,5,medium,medium,0.9930019193038112,0.6817315752439488,0.9910623592398836,0.9179879010781308,0.6818181818181819
25,203,5,medium,medium,0.9924427251090232,0.5652932926358274,0.9904137464645536,0.8623730993198642,0.6956521739130435
25,206,5,medium,medium,0.9939758134773083,0.7045120211163243,0.992667738541397,0.8735701419113733,0.6896551724137931
25,207,5,medium,medium,0.9928323015214804,0.7447087040896913,0.9909915347485524,0.9201792732330574,0.588235294117647
25,210,5,medium,medium,0.994034594715388,0.6606060381791288,0.9929437489514528,0.8731663028951376,0.7272727272727273
25,214,5,medium,medium,0.9939269464101051,0.7030328578399323,0.9914792042211884,0.8870676543969925,0.6956521739130435
25,215,5,medium,medium,0.9930418891481072,0.6905070246420282,0.9914249237484816,0.9089278257553786,0.736842105263158
32,33,5,medium,medium,0.9922035204227708,0.7327906602215751,0.9894362102536728,0.8922563422436143,0.6857142857142857
32,40,5,medium,medium,0.99261078279676,0.7151086673095852,0.9900665347170168,0.8906336765876338,0.625
32,42,5,medium,medium,0.9937556373645772,0.6365629233445455,0.9914970657370836,0.8887060784900684,0.6933760683760684
32,51,5,medium,medium,0.9944795646937566,0.7733643005865922,0.993046230583138,0.920273028270934,0.6666666666666666
32,53,5,medium,medium,0.992759810876661,0.707923393024789,0.9922641877665734,0.8829399869955563,0.6287683031869079
32,54,5,medium,medium,0.988699742775906,0.7105152178670704,0.983378431619431,0.8983131762847704,0.5580701078582435
32,55,5,medium,medium,0.9938306692432392,0.7044020799707778,0.9913256648544888,0.9423480941724934,0.56
32,57,5,medium,medium,0.9931622926319824,0.6801163531715194,0.991420239761678,0.9291239808845472,0.6666666666666666
32,61,5,medium,medium,0.9939997203208728,0.739897051349685,0.9937674435055256,0.9270784558776826,0.6551724137931034
32,62,5,medium,medium,0.993320071778954,0.6942950782017365,0.9915939521228114,0.929080786253425,0.6296296296296298
32,66,5,medium,medium,0.9929010393312004,0.675194460628235,0.9915821210277392,0.892787404673442,0.6808510638297873
32,70,5,medium,medium,0.9932882002955372,0.6628547965055049,0.9915632109316252,0.9316918274195586,0.6756756756756758
32,73,5,medium,medium,0.9911654059636386,0.6559241359384922,0.9898037540111048,0.9236030792666646,0.6428571428571428
32,75,5,medium,medium,0.9908260289227554,0.7190520912355611,0.987505204574012,0.8798452881336665,0.64
32,81,5,medium,medium,0.992692845311358,0.6818361049716167,0.9903165836578744,0.9263063453338716,0.653846153846154
32,83,5,medium,medium,0.9931214764042624,0.714457383357245,0.989947331827874,0.8949834163027937,0.6791443850267379
32,84,5,medium,medium,0.9932570348804608,0.7319027914083396,0.9913671401767464,0.9035777544469584,0.6521739130434783
32,88,5,medium,medium,0.9927841672108724,0.6751880601299762,0.9915675221480768,0.8897815520266878,0.6206896551724137
32,89,5,medium,medium,0.9929330480329124,0.7029235899863051,0.9910558524671748,0.8949897472305532,0.6521739130434782
32,91,5,medium,medium,0.993837005121393,0.7807564296057292,0.992221856668528,0.9426071432416712,0.5454545454545454
32,97,5,medium,medium,0.9938284432628084,0.7279286070621445,0.9922105386042044,0.9148405939388864,0.6779953917050692
32,105,5,medium,medium,0.9950125955565594,0.6548734652997172,0.993189283630099,0.9515804297588678,0.6551724137931034
32,108,5,medium,medium,0.9935705357791732,0.709729693305498,0.9915957894257575,0.9229492997363292,0.6428571428571428
32,115,5,medium,medium,0.991774964342246,0.6448910615526788,0.9894963469636042,0.9379748956438124,0.6573932926829268
32,117,5,medium,medium,0.9923012287455268,0.7344073728727911,0.988997138493965,0.9177684984955938,0.6486486486486487
32,121,5,medium,medium,0.9935540288424916,0.6663689284648757,0.9922576181355428,0.9261845456063232,0.6545092838196287
32,133,5,medium,medium,0.9939448434890558,0.6971467108026288,0.9927876788844308,0.953852781630433,0.625
32,135,5,medium,medium,0.9898325833017044,0.6903730801856542,0.9884997975043536,0.8978149106511512,0.6818181818181819
32,142,5,medium,medium,0.9932324698079312,0.6988378201802332,0.991133160876715,0.903927696980398,0.6
32,143,5,medium,medium,0.9923209130909336,0.6996953560411487,0.9885887666957082,0.8882012913932251,0.5753787878787878
32,145,5,medium,medium,0.993644350312919,0.7330981727146405,0.9914617476810051,0.9248133265121188,0.6944444444444445
32,147,5,medium,medium,0.9923401055727884,0.734982774731342,0.9903233574054588,0.956175906975842,0.6414285714285713
32,151,5,medium,medium,0.9946827388846692,0.646129130183583,0.9933170348450951,0.8923158011016725,0.6363636363636365
32,155,5,medium,medium,0.9926451064493538,0.7175173381260223,0.991089753428599,0.9072185886342826,0.6521739130434783
32,158,5,medium,medium,0.9937132843059756,0.7090856607149729,0.992194712397866,0.9406831261974076,0.6018867924528302
32,166,5,medium,medium,0.9907811906611756,0.6768359505441752,0.9878288738689548,0.8946926913215489,0.6956521739130435
32,168,5,medium,medium,0.993031917640369,0.6853091012544228,0.9909347501067444,0.8964596662799361,0.6585365853658536
32,169,5,medium,medium,0.9911723685562044,0.7169801047770257,0.9876059173432016,0.8900991582642906,0.65625
32,171,5,medium,medium,0.9942180648485628,0.7480317212630487,0.9921631452813812,0.9307173716446392,0.5671171171171172
32,192,5,medium,medium,0.9919327215514532,0.7208016427991489,0.9897524427932416,0.928138170576335,0.5857142857142856
32,202,5,medium,medium,0.9920542410442758,0.710939843165753,0.9911031481116662,0.921619516646532,0.7029156816390859
32,203,5,medium,medium,0.9937684073981188,0.6481700167945074,0.9911971365488323,0.8830935572447638,0.6818181818181819
32,206,5,medium,medium,0.9933110971025674,0.6700716950626944,0.9924462831381902,0.9057567247171744,0.6545092838196287
32,207,5,medium,medium,0.9932941807980352,0.6736099274706755,0.9905988115525914,0.9142616183233048,0.6363636363636364
32,210,5,medium,medium,0.9939723596860728,0.6589491651825699,0.9925105314156922,0.9459462487608848,0.6585365853658536
32,214,5,medium,medium,0.9930466469820812,0.675916497624473,0.9915146611153356,0.931947301191428,0.6176470588235294
32,215,5,medium,medium,0.9937613872211344,0.7419153426195675,0.9919117483933932,0.897759102875326,0.65625
33,40,5,medium,medium,0.9878647049656114,0.7385617625545204,0.982111480181285,0.893479856056072,0.6333333333333333
33,42,5,medium,medium,0.9883321659513652,0.6925314783966615,0.9816391528884338,0.9183336570359524,0.5968749999999999
33,51,5,medium,medium,0.9908868254618144,0.7656658447813092,0.9874429879100712,0.9080662853516402,0.6666666666666666
33,53,5,medium,medium,0.9887681058975512,0.7096318388835485,0.9834778790103352,0.8590298101103373,0.6585365853658536
33,54,5,medium,medium,0.9847381745742622,0.7421549165949479,0.9766497536873636,0.9287918897790352,0.6206896551724137
33,55,5,medium,medium,0.991745795824862,0.6992942529726809,0.9882752361414384,0.890718389274139,0.5952380952380952
33,57,5,medium,medium,0.989328216105854,0.7228677935493633,0.9840832925405468,0.8901027720190877,0.6818181818181819
33,61,5,medium,medium,0.9926219966516592,0.66505920551034,0.9919207153685716,0.916346375224296,0.6333333333333333
33,62,5,medium,medium,0.98904747875034,0.7158889584800316,0.9836901510766484,0.8436565545930392,0.6774193548387097
33,66,5,medium,medium,0.9902798279976418,0.7114981323849499,0.9859847145785948,0.905082860195064,0.7097222222222223
33,70,5,medium,medium,0.9905366863402564,0.716275279284915,0.9867719990994516,0.8535504572987707,0.6407624633431085
33,73,5,medium,medium,0.9877799229902666,0.6794819536037082,0.982339787603106,0.9413305335219628,0.6521739130434783
33,75,5,medium,medium,0.9865321807220212,0.72315592137524,0.983382194485196,0.9112034248904832,0.6578947368421053
33,81,5,medium,medium,0.9889220243481,0.7104129447249269,0.9822518672290768,0.8696740956316934,0.649616368286445
33,83,5,medium,medium,0.9898938471704009,0.6774538559011247,0.986782685139785,0.925354713825154,0.6666666666666666
33,84,5,medium,medium,0.9900741737048738,0.6904800377652625,0.9893484714839172,0.9382492342639882,0.6448028673835126
33,88,5,medium,medium,0.9893316122656072,0.6684230788699582,0.9859471593060743,0.8730126671844266,0.5833333333333334
33,89,5,medium,medium,0.9899340802634292,0.7505322136854616,0.9872148340888852,0.9273743309920424,0.6206896551724137
33,91,5,medium,medium,0.9900770843649582,0.7899698554209644,0.9860314390388883,0.9284906105021308,0.5951206140350878
33,97,5,medium,medium,0.989090936702073,0.6947965681374767,0.9846564348589922,0.9050737309263642,0.619047619047619
33,105,5,medium,medium,0.9941066871882333,0.7470823124629007,0.9925729742986066,0.8565488616638709,0.6956521739130435
33,108,5,medium,medium,0.9908097139122444,0.7192099306960029,0.9867345004296898,0.8930262438023813,0.7037037037037037
33,115,5,medium,medium,0.9892610081012624,0.6761866603748132,0.9848415828188016,0.8988808333155188,0.6461100569259962
33,117,5,medium,medium,0.9901025483647024,0.6902695859568264,0.9867242009763484,0.9373766158069522,0.6530100334448161
33,121,5,medium,medium,0.9920569502255504,0.6070332109536452,0.9906436896366632,0.9230433116289752,0.6779953917050692
33,133,5,medium,medium,0.991319337613827,0.7014939769580332,0.9893427788343206,0.8592253714600969,0.6104336043360433
33,135,5,medium,medium,0.9883717538001852,0.6812231382261943,0.983758967050608,0.9210013033316112,0.7
33,142,5,medium,medium,0.9923109455590156,0.6055552852830233,0.990181567895972,0.9102093368593092,0.6363636363636365
33,143,5,medium,medium,0.9876790879528404,0.7180898587294513,0.984256443738223,0.9265650762816756,0.6199999999999999
33,145,5,medium,medium,0.9923794439012348,0.717906949701475,0.990957892882768,0.872150235964951,0.6666666666666666
33,147,5,medium,medium,0.9892338899307892,0.7239451903875505,0.9846651909169256,0.913469245687259,0.6296296296296298
33,151,5,medium,medium,0.9943964351888996,0.5725266571394156,0.991270328556201,0.8812316160771425,0.6314814814814815
33,155,5,medium,medium,0.9880926222338124,0.7213778988853156,0.9841708255712058,0.915611761253615,0.7
33,158,5,medium,medium,0.9914703545520606,0.74095384302605,0.9892268568847744,0.8833620827177645,0.6851851851851851
33,166,5,medium,medium,0.9876555013142294,0.7327062686234571,0.98369753352609,0.8715578190623785,0.5925925925925926
33,168,5,medium,medium,0.9894292105994212,0.6457616437383988,0.9872554653834336,0.9025589537046604,0.6428571428571428
33,169,5,medium,medium,0.988760707338428,0.6852004615332827,0.9816228027488416,0.9150999817164532,0.6521739130434783
33,171,5,medium,medium,0.989299613834802,0.716591761264699,0.9824066244358628,0.8833510146331268,0.625
33,192,5,medium,medium,0.9877736960325612,0.7517095073040023,0.9820983978873798,0.9117318098072834,0.6348148148148148
33,202,5,medium,medium,0.9894344762774656,0.7571990830712378,0.9832338724500372,0.9013443919211078,0.6521739130434783
33,203,5,medium,medium,0.9875528791747534,0.7129215117082,0.980847936855186,0.8776332775633895,0.6551724137931034
33,206,5,medium,medium,0.9921319577172024,0.6456676777404415,0.9902432850303589,0.91975994606053,0.65625
33,207,5,medium,medium,0.9906187861849726,0.615298546012058,0.988015973421902,0.9201645408656624,0.5853658536585366
33,210,5,medium,medium,0.9905214925646596,0.7277179758174628,0.9865142569971828,0.9017732263923526,0.6530100334448161
33,214,5,medium,medium,0.992055621846654,0.6356533167701639,0.9882828370303768,0.919300553247012,0.6818181818181819
33,215,5,medium,medium,0.9901194967403568,0.7232667768761514,0.9882329149276724,0.8964629944052247,0.6399999999999999
40,42,5,medium,medium,0.9871701813422248,0.6001624742963039,0.9792052988204032,0.8825834389745408,0.6188554658840792
40,51,5,medium,medium,0.9904080270629896,0.7397494165192247,0.9858860406211248,0.904076310522174,0.6818181818181819
40,53,5,medium,medium,0.9873777038696024,0.7249274208514022,0.9805699988901732,0.8460861975456877,0.6436507936507936
40,54,5,medium,medium,0.9843826578180483,0.7491114072254771,0.9772272793661982,0.8725607318255602,0.6100230414746544
40,55,5,medium,medium,0.991352212241893,0.6845996939480153,0.9877579266649932,0.8699331383041988,0.5345238095238095
40,57,5,medium,medium,0.990018147302504,0.7462136595476061,0.9849221302594944,0.9469868589157436,0.6376262626262627
40,61,5,medium,medium,0.9919181952254368,0.6738671203005814,0.9898036187612989,0.910676246180052,0.6923076923076923
40,62,5,medium,medium,0.9881527457892731,0.7505634750725267,0.982890673270747,0.85102336696424,0.6363636363636365
40,66,5,medium,medium,0.989407058116882,0.7578325779653294,0.9829020733789005,0.8965694843612845,0.6296296296296298
40,70,5,medium,medium,0.9905027451457116,0.8041579740025854,0.9856264568401116,0.8740286866563897,0.6666666666666667
40,73,5,medium,medium,0.9876233032637316,0.6486733811866037,0.983336403012824,0.9201819447698248,0.6428571428571428
40,75,5,medium,medium,0.9880964641310248,0.7604979029017601,0.9823629785191238,0.8749480286070168,0.6600375234521576
40,81,5,medium,medium,0.9887807339767124,0.7424239436594624,0.9848196193051546,0.9188425900407682,0.6333333333333333
40,83,5,medium,medium,0.9905792054828972,0.7076091524739692,0.9866387167732062,0.891370751150141,0.6451612903225807
40,84,5,medium,medium,0.9907167069246016,0.6588234982187979,0.9863239305358572,0.8969371369579726,0.6551724137931034
40,88,5,medium,medium,0.9876631662178011,0.7477460242530214,0.9858245438588455,0.8951737621781445,0.6273148148148149
40,89,5,medium,medium,0.9903408633753658,0.766072702151958,0.9868282231565536,0.9113524047420948,0.606060606060606
40,91,5,medium,medium,0.9902629510604432,0.8182594403628489,0.9850111793736354,0.9092330161335942,0.5673658733360226
40,97,5,medium,medium,0.9887949939105262,0.7609573293443959,0.9861406674538012,0.9067988142676136,0.6595744680851063
40,105,5,medium,medium,0.9911401854322548,0.7019375952909084,0.9870176293837096,0.9008653468740756,0.6821052631578948
40,108,5,medium,medium,0.9891142467447616,0.7335121374733704,0.9853217440903552,0.9078766872170496,0.6904761904761905
40,115,5,medium,medium,0.9887237899690148,0.7023806035098183,0.984014209176984,0.8713543319405502,0.6666666666666666
40,117,5,medium,medium,0.9901972675798104,0.7181979998306516,0.9859882372278932,0.9019047264724922,0.6666666666666667
40,121,5,medium,medium,0.9894438854186616,0.7117423043004896,0.9861801600064004,0.886096268443831,0.6799999999999999
40,133,5,medium,medium,0.9909842373761664,0.7154185232245276,0.9879995441522036,0.933445013132658,0.6363636363636365
40,135,5,medium,medium,0.9888248089930334,0.704092643729261,0.9862856704085023,0.9247922771967612,0.676470588235294
40,142,5,medium,medium,0.9901959195794534,0.6365641693550286,0.987413384434618,0.9186908897094136,0.625200900032144
40,143,5,medium,medium,0.9871381209672464,0.7731488976084467,0.9812311810006948,0.8841269745306752,0.6075096277278562
40,145,5,medium,medium,0.990684695395324,0.7236513684023428,0.9872687786182288,0.8528686627543947,0.6428571428571428
40,147,5,medium,medium,0.9893832369023928,0.7302858832065142,0.986797464380013,0.9215415399094202,0.6554945054945055
40,151,5,medium,medium,0.9930734094486388,0.6193755243347648,0.9917407805268778,0.8954119787345765,0.6545092838196287
40,155,5,medium,medium,0.9891099995217872,0.6597910208605751,0.983533835762432,0.8992844463175745,0.6521739130434783
40,158,5,medium,medium,0.9905825877741028,0.7371162401503915,0.98818120856377,0.9281297479115992,0.6539558089807556
40,166,5,medium,medium,0.9883834289222676,0.7222769065783526,0.9842105698439388,0.8946488132006173,0.6666666666666667
40,168,5,medium,medium,0.9873480572467764,0.6438040146350852,0.9835236914977348,0.8775037981982043,0.6470588235294117
40,169,5,medium,medium,0.9867174413191988,0.7128849972089453,0.9832315509419,0.8937193094298846,0.6470588235294119
40,171,5,medium,medium,0.9894898494654192,0.7116398458641193,0.984160155428053,0.9094869394722548,0.5964912280701755
40,192,5,medium,medium,0.9888551450537668,0.7975623191738778,0.9841385611469042,0.8877288072768535,0.6153846153846154
40,202,5,medium,medium,0.9878834824614346,0.7767060665046134,0.9817321052658272,0.8995828334851879,0.6153846153846154
40,203,5,medium,medium,0.9885502699626388,0.7204681025574124,0.9796360270618776,0.8889135218861539,0.6551724137931034
40,206,5,medium,medium,0.9913163421730168,0.6395115051624276,0.989357887732127,0.8575146694868306,0.6557112068965517
40,207,5,medium,medium,0.9905317031123524,0.7406271526487154,0.9855946800158384,0.8970556995267125,0.6414285714285713
40,210,5,medium,medium,0.9874792500004362,0.7397612143503728,0.984137855338103,0.8974478783660753,0.6666666666666667
40,214,5,medium,medium,0.9919711367492756,0.6532988666746136,0.9883924756991556,0.9046652557937024,0.6449579831932772
40,215,5,medium,medium,0.9890141234002228,0.6720893574714271,0.9852714942605818,0.901116268503951,0.6304347826086957
42,51,5,medium,medium,0.993531282733207,0.6507145539016594,0.992385238862134,0.9197268577650054,0.698005698005698
42,53,5,medium,medium,0.9880325694361684,0.7296482824845145,0.9824839981693692,0.8582912023520101,0.75
42,54,5,medium,medium,0.9846291844164384,0.5743172503623184,0.9759946202085972,0.9169786394420104,0.4721362229102167
42,55,5,medium,medium,0.9924683451937538,0.580690742474002,0.9890603214708592,0.9409725178279472,0.4411764705882353
42,57,5,medium,medium,0.991128167102026,0.573163596734612,0.9881516327241966,0.8977838330343851,0.75
42,61,5,medium,medium,0.9937892709378316,0.5554776173111051,0.9925495964022616,0.9170328148150572,0.7575757575757576
42,62,5,medium,medium,0.9908390264070992,0.6478626403617548,0.9894582511736733,0.9166833675173032,0.7272727272727273
42,66,5,medium,medium,0.9914706514045856,0.6353951231990458,0.987172600969837,0.9122945653811018,0.7894736842105263
42,70,5,medium,medium,0.9906861752397976,0.6731675806984327,0.9858961055693364,0.8488214082416967,0.7826086956521738
42,73,5,medium,medium,0.9888356846469338,0.5717905649629005,0.9824311098609014,0.9009443108838214,0.72
42,75,5,medium,medium,0.9883782548748488,0.5899294296397745,0.981067770794156,0.8881607010282019,0.5577777777777778
42,81,5,medium,medium,0.9895718661015916,0.6895303726333963,0.986359119753496,0.9352132717916224,0.7241379310344828
42,83,5,medium,medium,0.9910465175841222,0.6056956639374209,0.9879771805370248,0.9133762691642217,0.75
42,84,5,medium,medium,0.9914798991029008,0.544983002387324,0.9893680772276148,0.8971084820959805,0.6818181818181819
42,88,5,medium,medium,0.9901338556721864,0.6009296743412273,0.9853376962898124,0.9250648197607998,0.7894736842105263
42,89,5,medium,medium,0.9913391429656828,0.6427764241783369,0.987944882066046,0.9398808064633452,0.5833333333333335
42,91,5,medium,medium,0.9903638076175948,0.6973105480804768,0.98653492210559,0.9435130893132324,0.4516129032258064
42,97,5,medium,medium,0.9904083876002144,0.5579630864024276,0.9862563290975458,0.9019610363714252,0.7083333333333334
42,105,5,medium,medium,0.9946431399594056,0.6660827535092183,0.9932927347483242,0.908799772210108,0.75
42,108,5,medium,medium,0.9923916441220452,0.6055074488690164,0.9890687442343304,0.9401166018138538,0.75
42,115,5,medium,medium,0.9907034594997902,0.5328405420210833,0.9856593642799872,0.896844844921686,0.625
42,117,5,medium,medium,0.9905121585879068,0.6227678673854362,0.9842461704825598,0.9109856648006992,0.6666666666666666
42,121,5,medium,medium,0.994080914840108,0.5823783754405687,0.9939042351185474,0.917898731589735,0.6428571428571428
42,133,5,medium,medium,0.9920476943398676,0.6050599964476482,0.989366088731459,0.8933496777358981,0.7407407407407407
42,135,5,medium,medium,0.989305464788338,0.5713304535849821,0.9818667439353272,0.8987418426569898,0.7777777777777779
42,142,5,medium,medium,0.993445056489701,0.5294561808025902,0.9904314635217452,0.9317414155374836,0.6666666666666666
42,143,5,medium,medium,0.989267739642349,0.7299688813694315,0.9849439030593636,0.9322517692180756,0.5333333333333334
42,145,5,medium,medium,0.9934049362018132,0.6500508142476181,0.9909405492975166,0.9284540072974669,0.7894736842105263
42,147,5,medium,medium,0.9902120287760704,0.6160700333328688,0.9851180106560647,0.9402095731483634,0.8
42,151,5,medium,medium,0.9950617025235612,0.5865120831748607,0.9940130260751154,0.8941635549102305,0.6896551724137931
42,155,5,medium,medium,0.9911783453775382,0.6617650889158396,0.9877223703605332,0.93480593804442,0.75
42,158,5,medium,medium,0.9917827292816976,0.6818193246051658,0.9881729789222312,0.8917163800113692,0.6666666666666666
42,166,5,medium,medium,0.9889390862804006,0.6183117311588624,0.9818851266397516,0.9021878064960572,0.72
42,168,5,medium,medium,0.9915534161975308,0.5749877257033008,0.98701833260258,0.8867730934130277,0.75
42,169,5,medium,medium,0.988335006474998,0.617158202460794,0.980046122846011,0.8999879401277977,0.5862068965517242
42,171,5,medium,medium,0.992187049227852,0.5634644316528818,0.9894416294822224,0.935644142760512,0.5172413793103448
42,192,5,medium,medium,0.98706031383577,0.7274448074088196,0.9832227601099104,0.912468067977129,0.5264778325123153
42,202,5,medium,medium,0.9900407848737062,0.6305505847406807,0.9851371908900702,0.8870234597807546,0.6952380952380952
42,203,5,medium,medium,0.9864407024345306,0.6275030321254973,0.979514002865274,0.9206705498571696,0.7
42,206,5,medium,medium,0.9935259379555312,0.611687264793135,0.991889636338982,0.923202430018222,0.7060185185185186
42,207,5,medium,medium,0.991221234925854,0.5932477201943698,0.9871696088262994,0.9300457464560496,0.5757575757575757
42,210,5,medium,medium,0.9928803748206164,0.5878888121077922,0.9919265905104432,0.928126681884032,0.7722222222222223
42,214,5,medium,medium,0.992587038796822,0.5463650169574708,0.9882890481167624,0.8941179274004472,0.72
42,215,5,medium,medium,0.9919355427746918,0.692012210670621,0.988095282456786,0.8949659746939947,0.7593103448275862
51,53,5,medium,medium,0.9922023752327874,0.7809760297450495,0.9873664620100912,0.870953538967741,0.6666666666666666
51,54,5,medium,medium,0.9874521947777838,0.7387662329764304,0.9801110072711074,0.9008380014993136,0.5714285714285714
51,55,5,medium,medium,0.9936082423001515,0.7322408802709378,0.9908284434556908,0.9312512259975068,0.5438910291689598
51,57,5,medium,medium,0.9931771253039589,0.6813230235600778,0.9913304426190186,0.906524735053429,0.7333333333333334
51,61,5,medium,medium,0.9939900525256188,0.6948986794468466,0.9935315347127656,0.9236360070508708,0.6944444444444445
51,62,5,medium,medium,0.9940591769761,0.7110031115950006,0.9926040392817344,0.9110572684966008,0.7000000000000001
51,66,5,medium,medium,0.9930386602170376,0.7360583867589383,0.991474385568628,0.9359163078212792,0.7333333333333334
51,70,5,medium,medium,0.992226939993792,0.6938644281620052,0.9913004605060036,0.90091539718806,0.7071428571428571
51,73,5,medium,medium,0.992091627757378,0.6847031529546104,0.9878789949784216,0.9431069324705412,0.6521739130434783
51,75,5,medium,medium,0.9902993728881064,0.7239641996544335,0.9842474539218796,0.9198745785746336,0.6666666666666667
51,81,5,medium,medium,0.9929073604462756,0.7330104109697893,0.9903051896998551,0.9537410567802472,0.7029411764705882
51,83,5,medium,medium,0.9922311277950768,0.6765333235497872,0.9880642098049373,0.9124916221291102,0.7241379310344828
51,84,5,medium,medium,0.9927367775425038,0.6776803776216218,0.9898011311326578,0.9225873485569674,0.7333333333333334
51,88,5,medium,medium,0.9927458572799432,0.6636045179904003,0.9908355127371944,0.8914035202943731,0.6809090909090909
51,89,5,medium,medium,0.993668753423712,0.6748700999065462,0.9898725899145854,0.954750489771556,0.5931712962962963
51,91,5,medium,medium,0.9932548436723008,0.7203976679244772,0.990302713414485,0.945021913173658,0.5519713261648745
51,97,5,medium,medium,0.991740605662022,0.723724298949878,0.9881956517810562,0.9465428737124368,0.7073170731707317
51,105,5,medium,medium,0.9953369725860884,0.6996211467598226,0.9939084677709528,0.9060254731919104,0.7142857142857142
51,108,5,medium,medium,0.9942284872757952,0.6890058190026256,0.99215736041077,0.9409373968189916,0.7182539682539683
51,115,5,medium,medium,0.9923800095022592,0.6701996973325302,0.988408756881126,0.9142600989030588,0.6626016260162602
51,117,5,medium,medium,0.992008202426746,0.7235332892210149,0.9874584406247752,0.929473187115847,0.6666666666666666
51,121,5,medium,medium,0.9951318135574406,0.6729172087928939,0.9939864161141304,0.9325271860045292,0.6956521739130435
51,133,5,medium,medium,0.9935153950106316,0.7142076293993723,0.9924554163361272,0.9028914654381714,0.6666666666666667
51,135,5,medium,medium,0.9900288325671456,0.6924182801543071,0.9852682200440064,0.9292228792971508,0.71875
51,142,5,medium,medium,0.9933569293815429,0.6797025001502768,0.9918909169484624,0.9395190356482404,0.6420338983050847
51,143,5,medium,medium,0.990683817790738,0.7173426722257922,0.9870129784214636,0.9546992823543458,0.6037735849056605
51,145,5,medium,medium,0.9941667085700644,0.7325500387339812,0.9922741594985532,0.911321899234292,0.6956521739130435
51,147,5,medium,medium,0.992150696365772,0.7349450060281436,0.9896064844396504,0.9248660054802108,0.7272727272727273
51,151,5,medium,medium,0.9950670203578826,0.6295025402778107,0.9940309131120936,0.8904260853899633,0.6774193548387097
51,155,5,medium,medium,0.9925489276764432,0.7325772989215138,0.9894690915939576,0.942322560851751,0.7060185185185186
51,158,5,medium,medium,0.9932643456567696,0.7428853037975947,0.9904286812947216,0.9094538937977756,0.65625
51,166,5,medium,medium,0.9896551430966236,0.6918699424393917,0.9841063342660376,0.8880141102617654,0.7165178571428572
51,168,5,medium,medium,0.9929336563245036,0.6748530255164492,0.9904967912653247,0.9056440879339231,0.6818181818181819
51,169,5,medium,medium,0.9895852752135774,0.695731248640441,0.9838543151484558,0.9011972505853614,0.6363636363636365
51,171,5,medium,medium,0.9940393427879448,0.7580174713890295,0.9916842801846868,0.9496535655827611,0.6295731707317073
51,192,5,medium,medium,0.9911161401249106,0.8007996368894198,0.9861550351947664,0.922947806165736,0.6428571428571428
51,202,5,medium,medium,0.9921336214821384,0.7161836791641941,0.9900374219891742,0.9249745679904432,0.6956521739130435
51,203,5,medium,medium,0.9923708764690142,0.6484983381830174,0.9903634784876876,0.9128451247394757,0.7631578947368421
51,206,5,medium,medium,0.994262380923777,0.6985616499756458,0.9930286515585974,0.9315118867029316,0.7142857142857142
51,207,5,medium,medium,0.9927957847240836,0.7290362283077052,0.9910396692905652,0.937278719161005,0.5740740740740741
51,210,5,medium,medium,0.9942816089821952,0.5989961035216511,0.9924757055532326,0.9546483017512972,0.6956521739130435
51,214,5,medium,medium,0.9933346354895668,0.6700228131936283,0.9911046401733904,0.9169480054397148,0.6578947368421053
51,215,5,medium,medium,0.9924386751134991,0.7391020462317551,0.9899208175090772,0.9282991372893188,0.7060185185185186
53,54,5,medium,medium,0.984282716314074,0.6887389086069767,0.97728620638303,0.8642780777324084,0.5
53,55,5,medium,medium,0.9923926315359358,0.705573443626329,0.9891476724089504,0.8613655888296938,0.5405405405405406
53,57,5,medium,medium,0.9914043708302752,0.6995274736042851,0.9876845025708212,0.904058588693022,0.6857142857142857
53,61,5,medium,medium,0.9932041973286434,0.6478437798566006,0.99108903818263,0.8749545144013724,0.7
53,62,5,medium,medium,0.9893891988315264,0.7479437303291182,0.9864917052718124,0.9333593450801888,0.728110599078341
53,66,5,medium,medium,0.9905248993738588,0.710717836965346,0.9889175299924629,0.8620009818677739,0.709005376344086
53,70,5,medium,medium,0.9916547516920764,0.7303725167875617,0.987818681308754,0.9462047745882128,0.6939799331103679
53,73,5,medium,medium,0.9888980560184732,0.7037006383307554,0.9826457717807114,0.8771943560341373,0.6296296296296298
53,75,5,medium,medium,0.987051727687114,0.7379055073045091,0.9800119846426736,0.8772962194448404,0.6545454545454545
53,81,5,medium,medium,0.9888397882763033,0.7453453771792518,0.9836986458364698,0.9006819851124648,0.6521739130434783
53,83,5,medium,medium,0.9912428592012362,0.6840586538940704,0.9872380748012688,0.8842276838225589,0.6956521739130435
53,84,5,medium,medium,0.990828482255746,0.7006004131425044,0.9886069862214576,0.8698028722264555,0.6818181818181819
53,88,5,medium,medium,0.989667970076509,0.6083622899340616,0.987176846704328,0.927955825930462,0.6978260869565218
53,89,5,medium,medium,0.991610986010696,0.6683995154834205,0.9884644970688644,0.8069745660711424,0.5714285714285714
53,91,5,medium,medium,0.9897519257491034,0.819541165526961,0.985289254333045,0.8704975146869652,0.5319148936170213
53,97,5,medium,medium,0.9891427479997748,0.6871241760042017,0.9861172545970722,0.8525252421536595,0.6708333333333334
53,105,5,medium,medium,0.9931297199545296,0.7154870973931751,0.9900635651926676,0.9385922880457276,0.6785714285714286
53,108,5,medium,medium,0.9910963234029097,0.6913638900186319,0.9869930698306376,0.9102556134059596,0.736842105263158
53,115,5,medium,medium,0.9901864871840044,0.6620953142877075,0.9865011740705107,0.9084981554013256,0.6318879855465221
53,117,5,medium,medium,0.9906561597251125,0.6910321265226975,0.9859859439740284,0.8940836586919076,0.6296296296296298
53,121,5,medium,medium,0.9919601295829542,0.6584884979633103,0.988640398068469,0.8677262385966726,0.6799999999999999
53,133,5,medium,medium,0.9923575438004172,0.6772064474317482,0.991509391324662,0.934664634943332,0.7307692307692308
53,135,5,medium,medium,0.9871423172488002,0.6613150139039503,0.9793788079113744,0.8675725747335239,0.7165178571428571
53,142,5,medium,medium,0.9913220557401076,0.6823111906182227,0.9885324460824834,0.8531148700984045,0.6414285714285713
53,143,5,medium,medium,0.9871522728261176,0.6846362577194356,0.9829038464166538,0.8595407559992897,0.5788177339901478
53,145,5,medium,medium,0.9914665783302544,0.6950315335078137,0.990721058977018,0.923050215870438,0.719375
53,147,5,medium,medium,0.9900888304724424,0.7242117670799533,0.9880898792811512,0.9038765762832248,0.7692307692307692
53,151,5,medium,medium,0.994439911439024,0.5999671859818806,0.9914681394437214,0.900803537550204,0.6956521739130435
53,155,5,medium,medium,0.9892058113805144,0.7273396874601556,0.9870355290539362,0.8733659186865486,0.7302494802494803
53,158,5,medium,medium,0.991739764251084,0.6922220656384899,0.9891730516891124,0.8828305160064436,0.5999999999999999
53,166,5,medium,medium,0.9881123368184056,0.6803869692802159,0.982801237841485,0.852472494786271,0.7083333333333334
53,168,5,medium,medium,0.9905039755553288,0.7170267249127968,0.9861332407352004,0.8775382465721162,0.6551724137931034
53,169,5,medium,medium,0.9877502859286476,0.6835379101380151,0.9829898612302392,0.867611540229057,0.5862068965517242
53,171,5,medium,medium,0.9911117056581088,0.7175165902315964,0.9880147787034176,0.8971165672979882,0.5888964002028054
53,192,5,medium,medium,0.9896165493822796,0.7567252329535026,0.9849097623757386,0.8789045131306051,0.569551282051282
53,202,5,medium,medium,0.9895529956205597,0.7551010972941719,0.9864411266628532,0.912571397969589,0.678235294117647
53,203,5,medium,medium,0.9868373435910036,0.6360026036116492,0.9862956781655284,0.9036005038954424,0.7307692307692308
53,206,5,medium,medium,0.9925553277367376,0.6087775168684637,0.990178089145947,0.9042331433943918,0.6956521739130435
53,207,5,medium,medium,0.9916001925735018,0.707450814873154,0.989183584237006,0.8372007452624176,0.603030303030303
53,210,5,medium,medium,0.9923255789224554,0.6877181561792315,0.990426654927402,0.8989790783064604,0.6857142857142857
53,214,5,medium,medium,0.992349463332991,0.6297702567405992,0.9905208841606058,0.8778181333394998,0.6904761904761905
53,215,5,medium,medium,0.9902386527766416,0.6881474208364462,0.9871507117212766,0.8635660816600486,0.6666666666666666
54,55,5,medium,medium,0.990773614635417,0.7348945714265122,0.987606392100378,0.9013250200674936,0.5887605042016807
54,57,5,medium,medium,0.9856681095439614,0.7235375842596818,0.9797973817195488,0.8630473452279303,0.5313725490196078
54,61,5,medium,medium,0.9889780037173188,0.6895341466381582,0.9857978565644476,0.9191272032600376,0.56
54,62,5,medium,medium,0.9846414028563812,0.6739105055285739,0.9755462547790916,0.8722933031828126,0.5438596491228069
54,66,5,medium,medium,0.9858096708949246,0.7480803380439394,0.9779417282177632,0.9128920498043718,0.5161290322580645
54,70,5,medium,medium,0.9864888851541757,0.7472497209700169,0.9791685649017724,0.8460113358803205,0.4888668975754577
54,73,5,medium,medium,0.9870151730529914,0.7766203843908831,0.980631059102448,0.8910404112329557,0.5793850806451613
54,75,5,medium,medium,0.9863700212244488,0.7487915755656493,0.9796980088385696,0.9154129184087992,0.6107994389901823
54,81,5,medium,medium,0.9855868117039016,0.6979227795143127,0.9791110978812222,0.865628281356677,0.6052631578947368
54,83,5,medium,medium,0.9893465399795134,0.773957042279058,0.985109212445048,0.9292669781720913,0.5576923076923077
54,84,5,medium,medium,0.9880488020241832,0.7593692731624092,0.984379851639114,0.9042680113809828,0.5631955484896661
54,88,5,medium,medium,0.9855158034190128,0.6780045689454666,0.9781614019130354,0.8540504151481801,0.4745762711864407
54,89,5,medium,medium,0.9885837546536188,0.7581846485666803,0.9834071006257654,0.9182198114379138,0.6233108108108109
54,91,5,medium,medium,0.9868574321928936,0.807506438204491,0.9792671317738332,0.9246755921906056,0.6222222222222222
54,97,5,medium,medium,0.9886400330726852,0.787772478762994,0.9822169386579088,0.8945154028906361,0.56
54,105,5,medium,medium,0.987724995721946,0.7655986653583274,0.9829152412794704,0.8698863976213929,0.5483870967741936
54,108,5,medium,medium,0.986824040514016,0.7676923852825789,0.979187088546407,0.9020640960110108,0.4880884855360181
54,115,5,medium,medium,0.9864681044219838,0.7227300039428086,0.980556063831765,0.8834720238597422,0.5925925925925926
54,117,5,medium,medium,0.9879721094553752,0.787458120337287,0.9831370600079642,0.9204945913255428,0.6015873015873016
54,121,5,medium,medium,0.987152464595646,0.7400005409784114,0.9797131948548424,0.9193324805612548,0.5976190476190476
54,133,5,medium,medium,0.9880402243054274,0.7624168756286969,0.9829392177768964,0.8655808242310365,0.4857142857142856
54,135,5,medium,medium,0.9855959270026484,0.7266415370874858,0.9807389608335412,0.8991469030300335,0.4838709677419355
54,142,5,medium,medium,0.9890259618675036,0.7585388168143815,0.9851287496754249,0.9121059520813288,0.5871290545203589
54,143,5,medium,medium,0.9843499678225598,0.7485118046652206,0.9769459838597282,0.8913208898163384,0.6296296296296298
54,145,5,medium,medium,0.9895712934874578,0.7434290603158817,0.9841255980835262,0.8762652122152856,0.5
54,147,5,medium,medium,0.9866059516289132,0.7421057865211897,0.9797987799869776,0.8755101644781761,0.4604989604989604
54,151,5,medium,medium,0.9919755752242144,0.6546173868681312,0.9885255395853794,0.8849130663348015,0.6129032258064516
54,155,5,medium,medium,0.9867097837855264,0.729471465589488,0.979021101142678,0.9148612241157296,0.5804460374352847
54,158,5,medium,medium,0.9890174281965254,0.8080880883641242,0.9839145912129996,0.893536514653264,0.6105555555555555
54,166,5,medium,medium,0.9860215635680212,0.7234209997777488,0.9811732505589956,0.8542268864941321,0.525
54,168,5,medium,medium,0.9865416630102652,0.7558481153960455,0.9804049833282544,0.8956743612564845,0.5185185185185186
54,169,5,medium,medium,0.9864319108567298,0.7650990028055273,0.9809257037355646,0.8992761179109202,0.5956843940714909
54,171,5,medium,medium,0.9868163941392724,0.7328049648179167,0.979322903985923,0.8910464911855482,0.6300751879699248
54,192,5,medium,medium,0.986999727759204,0.7651994486023468,0.9811046965603876,0.897074984942674,0.631578947368421
54,202,5,medium,medium,0.9866628696904296,0.7519706272102948,0.9807077172931172,0.913499480032518,0.5588235294117647
54,203,5,medium,medium,0.9837068349729392,0.6387393244744848,0.9712926817579804,0.8430836189576023,0.5357142857142857
54,206,5,medium,medium,0.9896019970207908,0.7022973954753412,0.987178391703592,0.9057820305614568,0.578125
54,207,5,medium,medium,0.9877388276015292,0.7558427339334436,0.9826114777403796,0.9191528623557406,0.6079192546583851
54,210,5,medium,medium,0.9855386240596864,0.6478331909745152,0.9759799522997608,0.905363540240725,0.5384615384615385
54,214,5,medium,medium,0.9907987873912136,0.6993647657446074,0.9877693303269668,0.9001615465851006,0.625
54,215,5,medium,medium,0.9872549168530096,0.775000977579758,0.9808155631391074,0.9078945599935356,0.5555555555555556
55,57,5,medium,medium,0.9927513069750916,0.7405825168627406,0.9896343711868828,0.9224099016849296,0.5395010395010396
55,61,5,medium,medium,0.993962575752172,0.7332275710264959,0.992108890943076,0.922434889009914,0.5574387947269304
55,62,5,medium,medium,0.9919504061100206,0.5858659345908952,0.9881301219907144,0.9184661052331018,0.5917467948717949
55,66,5,medium,medium,0.9925523260070548,0.6160190549501399,0.9903808980367652,0.9088192401668352,0.5161290322580645
55,70,5,medium,medium,0.9934540409307862,0.7122742704908973,0.9914504699115616,0.9027895887669624,0.4610323886639675
55,73,5,medium,medium,0.9926500771143588,0.7378999622842484,0.9900949181818448,0.9181309169577468,0.5777777777777777
55,75,5,medium,medium,0.991689605522178,0.6599906668928177,0.989215779231286,0.907313570330355,0.588235294117647
55,81,5,medium,medium,0.9926139661799136,0.588543239374346,0.98897939243389,0.8971307634723205,0.5151515151515151
55,83,5,medium,medium,0.9921967689026872,0.7325729739338214,0.989734659736549,0.9205294225745752,0.5517241379310345
55,84,5,medium,medium,0.9930841142448544,0.7076244176663818,0.9913798582304988,0.9177678293494888,0.5194902548725637
55,88,5,medium,medium,0.9917807198055272,0.650192579807261,0.9876164398050392,0.8982138872635956,0.4579905992949471
55,89,5,medium,medium,0.99368531772295,0.7307516520579408,0.9911712098100478,0.9182353563785765,0.5454545454545455
55,91,5,medium,medium,0.9930221165296502,0.7650752031242141,0.9895831764597912,0.9235205160234,0.5903263403263403
55,97,5,medium,medium,0.9926539250129128,0.7345867207686995,0.9905334066311584,0.9212413487917508,0.5128205128205128
55,105,5,medium,medium,0.9938652874784496,0.7270592898087019,0.9915752336823755,0.903646856869346,0.5510204081632653
55,108,5,medium,medium,0.9936078126271988,0.6386151552762704,0.990602964300541,0.908576188764055,0.4883468834688347
55,115,5,medium,medium,0.9923305135092216,0.6712761301121443,0.9899025536622816,0.9395783590374148,0.6140350877192983
55,117,5,medium,medium,0.9923912976559828,0.7075453055279792,0.9901591931305526,0.916446083973436,0.6
55,121,5,medium,medium,0.9931164559639978,0.6139293245198496,0.991507449956073,0.9471335072604028,0.6190476190476191
55,133,5,medium,medium,0.9932390259121504,0.7152930324633049,0.9913286278971996,0.9401337639981004,0.4468984962406015
55,135,5,medium,medium,0.9909706040694708,0.6709890798759622,0.987522669526071,0.9326724323143358,0.4897959183673469
55,142,5,medium,medium,0.993680654820916,0.6864329681030923,0.9915987997891338,0.9077713676907584,0.5769230769230769
55,143,5,medium,medium,0.9921894547460542,0.6603359575528355,0.988582507220136,0.9089583589530794,0.5985074626865672
55,145,5,medium,medium,0.9932148401897938,0.7399235913205523,0.991417697490944,0.9302347873960194,0.5
55,147,5,medium,medium,0.9927485261204084,0.7125153153145147,0.9900513036761568,0.9613853951472556,0.4571428571428571
55,151,5,medium,medium,0.99397870853446,0.7221208843255367,0.9920120635530868,0.9097358631049268,0.5777777777777777
55,155,5,medium,medium,0.992637384120825,0.7181229516030585,0.989142843140958,0.9113685567544214,0.5495558672276765
55,158,5,medium,medium,0.9932439468658646,0.7253693600556292,0.990725017340056,0.9315908312514716,0.621921921921922
55,166,5,medium,medium,0.991505683780848,0.7259804099695796,0.9886965627051952,0.8635069994173902,0.4699879951980792
55,168,5,medium,medium,0.9924493497319584,0.6868491320764005,0.9895689586516744,0.9193046415114126,0.5
55,169,5,medium,medium,0.9911908873407376,0.6716428194889916,0.9887722469584028,0.9082283615583968,0.5542168674698795
55,171,5,medium,medium,0.9935482104334056,0.7131913141560497,0.990518287438528,0.9177548466156114,0.5555555555555556
55,192,5,medium,medium,0.9919649261219936,0.6725714796391753,0.988923044622652,0.9459537027037956,0.6086956521739131
55,202,5,medium,medium,0.992148950637756,0.6834128191600684,0.9900392709927563,0.9272486652634088,0.588235294117647
55,203,5,medium,medium,0.9917022031693352,0.5515824384714285,0.9877700718601696,0.8599269493240371,0.4411764705882353
55,206,5,medium,medium,0.9936860539247304,0.6890634636214803,0.9922024947902334,0.9163200022244018,0.5833333333333333
55,207,5,medium,medium,0.9933090438997,0.7260306119575757,0.992129319240844,0.9147190794027116,0.5812316715542523
55,210,5,medium,medium,0.993404428554862,0.6391744500559973,0.9907735834957404,0.9356079783046268,0.5405405405405406
55,214,5,medium,medium,0.9936100471063152,0.6922592545057404,0.9911720734367092,0.9123900796987078,0.5714285714285714
55,215,5,medium,medium,0.9935757109359292,0.6865162435330978,0.991124446475324,0.9024347322818094,0.5194902548725637
57,61,5,medium,medium,0.9937167151898302,0.707138820074521,0.9919473207839687,0.9050176036774984,0.75
57,62,5,medium,medium,0.9927034158440748,0.6969078617209349,0.9906002996107828,0.8956880277281636,0.743516761543327
57,66,5,medium,medium,0.990462234285888,0.6719471217415871,0.9865396726602684,0.899870162174942,0.7727272727272728
57,70,5,medium,medium,0.9913714120385444,0.6815781427025116,0.9890597946542448,0.9325805545606808,0.7727272727272728
57,73,5,medium,medium,0.9907891696434186,0.6685341993760663,0.989720219699004,0.926566883087496,0.75
57,75,5,medium,medium,0.9891146998836172,0.7227167343760609,0.9845078960501558,0.89577360929948,0.6140350877192983
57,81,5,medium,medium,0.9910280739180606,0.7275752651062612,0.9873864078528222,0.9191830321905112,0.7142857142857143
57,83,5,medium,medium,0.9914883158132792,0.6976791424169765,0.9892840404275028,0.9103676441782506,0.7413381123058542
57,84,5,medium,medium,0.9917432008794054,0.6936318646872912,0.9884402104537002,0.9042158847452124,0.75
57,88,5,medium,medium,0.9919402113709616,0.6699275197210435,0.9897596747744384,0.951401321735063,0.7777777777777779
57,89,5,medium,medium,0.9921303134992177,0.7573729478642018,0.9890079774937266,0.9148659443193335,0.6216216216216217
57,91,5,medium,medium,0.990904614550549,0.7256302003664441,0.9884832604172552,0.8767976527436545,0.5925925925925926
57,97,5,medium,medium,0.9907494940184276,0.7531415856837743,0.98771224954755,0.8984612970703216,0.7619047619047619
57,105,5,medium,medium,0.9948200664784588,0.669594111855403,0.9938346206987276,0.9047347578913576,0.736842105263158
57,108,5,medium,medium,0.9921636677058484,0.6377758680568746,0.9909080211612156,0.9088835870210984,0.770979020979021
57,115,5,medium,medium,0.9904202233735396,0.7236844721022326,0.9889262945298384,0.929074866562508,0.6619047619047619
57,117,5,medium,medium,0.9913612214966342,0.6865573545840753,0.9873970104484256,0.8999956969954375,0.653846153846154
57,121,5,medium,medium,0.9931632790218566,0.7058893714481018,0.9912557393850802,0.9039663341501698,0.6666666666666666
57,133,5,medium,medium,0.992399213531951,0.7373707487613383,0.9890275294530312,0.9359015903482982,0.7537878787878788
57,135,5,medium,medium,0.9891406746980184,0.6964663516744067,0.984418843151914,0.8881109929211594,0.7894736842105263
57,142,5,medium,medium,0.9928852093081992,0.6941223478562983,0.9910672054886432,0.9195235353031452,0.6984848484848485
57,143,5,medium,medium,0.9910221455369332,0.6693419176928943,0.9869264383239736,0.904658532480072,0.5834260289210234
57,145,5,medium,medium,0.992777805672116,0.6929237582779213,0.9899001955316036,0.90729276685819,0.7692307692307693
57,147,5,medium,medium,0.9915897593069208,0.7556981600318806,0.9890094045909568,0.9312947493770152,0.7619047619047619
57,151,5,medium,medium,0.994649134617943,0.6554010045158016,0.9933279481656562,0.9221603423029552,0.7142857142857142
57,155,5,medium,medium,0.9908000792006212,0.6722284744464695,0.9886287522705216,0.9101504255668792,0.7333333333333334
57,158,5,medium,medium,0.9922469425694516,0.7274362468000973,0.9884397774829076,0.9350065563949028,0.6285714285714284
57,166,5,medium,medium,0.9895671086187862,0.7333704226174873,0.9843040024927732,0.894019402904384,0.75
57,168,5,medium,medium,0.9919554439829364,0.6801270785286544,0.98956610941008,0.9292226572742662,0.7
57,169,5,medium,medium,0.9890740167635476,0.7229395704680192,0.983487590186306,0.8999481322616444,0.6296296296296298
57,171,5,medium,medium,0.9927044043170568,0.6844579762094622,0.9895802753131572,0.9218501079645788,0.6076923076923078
57,192,5,medium,medium,0.9906452143383778,0.6399162821878819,0.9857517560685946,0.9059519602885844,0.5815718157181572
57,202,5,medium,medium,0.9909283935876948,0.7294076280203887,0.9883698908172218,0.9144106142393302,0.6666666666666666
57,203,5,medium,medium,0.9909949192253872,0.6220700648511956,0.9882876742031558,0.9011715885993176,0.7777777777777779
57,206,5,medium,medium,0.9936369396395632,0.6676533159831666,0.9920384689142792,0.9179135790294284,0.7272727272727273
57,207,5,medium,medium,0.9915098836036076,0.7145179943845521,0.9880092622075444,0.9018417773457296,0.588235294117647
57,210,5,medium,medium,0.9928626992238258,0.6466860161122874,0.9914784154807658,0.9182638369814724,0.7894736842105263
57,214,5,medium,medium,0.9926380584580148,0.7117653826547605,0.98994457569603,0.9138613388564826,0.7419354838709677
57,215,5,medium,medium,0.9917953090605458,0.7365447084825212,0.9897329413103112,0.8923930777977385,0.736842105263158
61,62,5,medium,medium,0.9933052168814386,0.6817357087165719,0.9920638065986648,0.8835501995304931,0.7083333333333334
61,66,5,medium,medium,0.9935086833355824,0.6649325079601562,0.99317787717958,0.922858857612708,0.7000000000000001
61,70,5,medium,medium,0.9933957804331606,0.6711074684031075,0.9920671797334948,0.8642740883826014,0.7464285714285713
61,73,5,medium,medium,0.9922161028032104,0.6955037124333793,0.990645123984944,0.91949210458709,0.7142857142857142
61,75,5,medium,medium,0.9913853053158392,0.6717230087858599,0.9877179774637794,0.9248050910272184,0.631578947368421
61,81,5,medium,medium,0.9929797413923492,0.6450622995461347,0.99081844846183,0.8902927464465676,0.6956521739130435
61,83,5,medium,medium,0.9927539973046868,0.7068326446746879,0.9911008742187186,0.9374872584517318,0.7263814616755793
61,84,5,medium,medium,0.9925748310888892,0.6785381748156765,0.9921270890918992,0.9205435287875038,0.7
61,88,5,medium,medium,0.9931016541677904,0.6214728353139799,0.9900407605416702,0.8803230649097892,0.7
61,89,5,medium,medium,0.993917727011071,0.7206029786074479,0.9932317068189268,0.916134565883746,0.6575187969924812
61,91,5,medium,medium,0.993398189013472,0.642095866606434,0.9916812970673572,0.9200167766035348,0.5769230769230769
61,97,5,medium,medium,0.9929951538400612,0.6996777672094029,0.991634090011848,0.9297101464063768,0.7391304347826088
61,105,5,medium,medium,0.9946690631248428,0.6891670154359548,0.9936439225054486,0.8897410503645834,0.7083333333333334
61,108,5,medium,medium,0.9940775124314348,0.7185242600675378,0.99287541878932,0.914733168578017,0.7272727272727273
61,115,5,medium,medium,0.9928548038453162,0.6801979571459467,0.9918005810540969,0.9087773046624616,0.6666666666666667
61,117,5,medium,medium,0.991904341558826,0.6659142835309922,0.9904340146719972,0.9323113935496812,0.6785714285714286
61,121,5,medium,medium,0.9943585543297604,0.6741880484543898,0.9941529360868572,0.9318604238451909,0.6545092838196287
61,133,5,medium,medium,0.993870927317854,0.6801711941194194,0.9926924603199896,0.893531184125544,0.7142857142857142
61,135,5,medium,medium,0.9900846356497892,0.6766955062204494,0.9881246779142514,0.9246367238706829,0.736842105263158
61,142,5,medium,medium,0.9937736329804472,0.6786138225999347,0.99269734412075,0.9308525635441872,0.6799999999999999
61,143,5,medium,medium,0.992696397879338,0.6081090695363587,0.9889123995213176,0.9172285608337752,0.574468085106383
61,145,5,medium,medium,0.992626090222526,0.6910152186198986,0.9914252740930192,0.8961655410501266,0.7272727272727273
61,147,5,medium,medium,0.9928641753004734,0.6810482347135073,0.9913508458330093,0.9042328290441382,0.7399355877616748
61,151,5,medium,medium,0.9941147650922272,0.639265933372883,0.9931874386083714,0.934280870604514,0.7077798861480076
61,155,5,medium,medium,0.9933151028217088,0.7156712503096534,0.992428954033876,0.936082415354436,0.72
61,158,5,medium,medium,0.9933636688584898,0.666718573760726,0.9918709165889836,0.8929853873081512,0.6101694915254237
61,166,5,medium,medium,0.99116047430626,0.6989232600570325,0.9892464910261008,0.87447158046697,0.71875
61,168,5,medium,medium,0.9929054940922604,0.6981805605420768,0.9911706007106218,0.8870730317090174,0.7
61,169,5,medium,medium,0.99057560440157,0.6590360976913654,0.9895647845191924,0.8954315386915631,0.625
61,171,5,medium,medium,0.9940535686991476,0.6749246958545913,0.9924091554731886,0.9228297006356307,0.6267857142857143
61,192,5,medium,medium,0.9921804354332884,0.679206518004589,0.9907011544793076,0.9284586012103462,0.6410256410256411
61,202,5,medium,medium,0.9930785014180108,0.6576336764867238,0.9923240620600806,0.904608542466162,0.6956521739130435
61,203,5,medium,medium,0.9929836403807476,0.564402546636537,0.991328689092652,0.8775953647699022,0.6818181818181819
61,206,5,medium,medium,0.9942603822323371,0.7091216213772484,0.9934444536748562,0.9316067035081014,0.6969696969696969
61,207,5,medium,medium,0.9926673215206684,0.688005467823601,0.9907837316052815,0.928661120116027,0.6032786885245902
61,210,5,medium,medium,0.9941011989789552,0.6688256731077578,0.9922005127549764,0.9060653280352264,0.6956521739130435
61,214,5,medium,medium,0.9931879375819508,0.6804813296985496,0.991945645268206,0.9257509695382192,0.736842105263158
61,215,5,medium,medium,0.992788819726466,0.6651789196060052,0.9919475747452904,0.9015619438151972,0.7391304347826088
62,66,5,medium,medium,0.9905215012110258,0.6570835252637226,0.9872305614762908,0.9282205314399372,0.7999999999999999
62,70,5,medium,medium,0.9922472205617192,0.6968847130512037,0.9917727575531916,0.9415586581893796,0.7
62,73,5,medium,medium,0.9888766848387796,0.6667587318391204,0.9818475867330608,0.8988365708913372,0.7
62,75,5,medium,medium,0.9866485197222472,0.6815985885256846,0.9818464819704248,0.8757933501870959,0.625
62,81,5,medium,medium,0.9899935011534244,0.6247545067728606,0.9833499281810072,0.911265071087902,0.6976744186046512
62,83,5,medium,medium,0.990953753191189,0.6675982253929115,0.9855785148278614,0.8618103291267575,0.6785714285714286
62,84,5,medium,medium,0.9910902100846228,0.7341559007941438,0.9889327212369936,0.8321692244577921,0.7142857142857143
62,88,5,medium,medium,0.9915496174231228,0.7036322367865657,0.9892212603724644,0.8972680858818834,0.7236363636363636
62,89,5,medium,medium,0.991925512107184,0.6727436262050568,0.989066576946934,0.8740182431625675,0.6000000000000001
62,91,5,medium,medium,0.9912004556527156,0.7240764840397846,0.9861989055170992,0.9062244923500198,0.53125
62,97,5,medium,medium,0.9891993610623412,0.6579807739884993,0.9832625620884082,0.8930875682086594,0.7
62,105,5,medium,medium,0.9948443537744422,0.6698462686599594,0.9933852034749392,0.9409977162493138,0.6851851851851851
62,108,5,medium,medium,0.9915022933678348,0.6368677310092095,0.9904109864954616,0.9330862433292144,0.7391304347826088
62,115,5,medium,medium,0.9911200349343536,0.666405398508997,0.9864197557663408,0.9147467710745972,0.6700680272108843
62,117,5,medium,medium,0.9904912748496514,0.656145273015889,0.9860968017252028,0.885660186000077,0.6346153846153847
62,121,5,medium,medium,0.993082231794028,0.7044333609168985,0.991100470582939,0.9090045944151408,0.6399999999999999
62,133,5,medium,medium,0.9919572885312689,0.6260850348023853,0.9909722525737492,0.9317714672483802,0.7096774193548387
62,135,5,medium,medium,0.9887260079998827,0.6559963533839843,0.981876404677722,0.8935668728856766,0.7000000000000001
62,142,5,medium,medium,0.9928563939802052,0.6533242812296383,0.9915702189398964,0.9115144997548904,0.6818181818181819
62,143,5,medium,medium,0.9888996122264224,0.6874221752651983,0.9839728825749516,0.8996692239090263,0.56
62,145,5,medium,medium,0.993139030915441,0.6819083395343086,0.9911305068465608,0.944570273419272,0.7041666666666667
62,147,5,medium,medium,0.9899884088386832,0.6777198221755898,0.9857337021364548,0.929865551142846,0.6818181818181819
62,151,5,medium,medium,0.9947280523465588,0.574024113274259,0.993120439408272,0.8827741625108748,0.606060606060606
62,155,5,medium,medium,0.9903716305524526,0.7221913974794859,0.9876175259085144,0.8695819484941257,0.7
62,158,5,medium,medium,0.9915977295471412,0.6050179969351406,0.988417857145492,0.9310216036710144,0.5833333333333333
62,166,5,medium,medium,0.9884337863120204,0.6327669397793901,0.9814559269537306,0.9169788107183424,0.6969696969696969
62,168,5,medium,medium,0.9891300888882156,0.634341123411251,0.9856206198422076,0.8861963938838207,0.6521739130434783
62,169,5,medium,medium,0.9880429942792088,0.6545816675229181,0.9810716046158244,0.8796743634498181,0.6274509803921569
62,171,5,medium,medium,0.9914515963318324,0.715329073708922,0.989294996813436,0.909566319714972,0.546875
62,192,5,medium,medium,0.9903833964862078,0.7476218381379762,0.9858282619545868,0.9350799721291784,0.588235294117647
62,202,5,medium,medium,0.9898366987015628,0.730821937291649,0.9863911736922046,0.9360446824082892,0.7041245791245792
62,203,5,medium,medium,0.9890482576679758,0.6452435927896938,0.9857928392020257,0.9038390789993768,0.676470588235294
62,206,5,medium,medium,0.9934593582732864,0.6223731635513219,0.9927736814332442,0.9126968770591088,0.7
62,207,5,medium,medium,0.9912185543732276,0.6587782649856154,0.9876246191308096,0.8738335016567826,0.597872340425532
62,210,5,medium,medium,0.9907910475927738,0.7900802732138441,0.990028299145957,0.929065575567663,0.7407407407407407
62,214,5,medium,medium,0.992668505765994,0.630790381133717,0.9889714388780968,0.8522639388928037,0.7119815668202765
62,215,5,medium,medium,0.9909737124333994,0.7306648128451027,0.9873892344398548,0.8886914652949301,0.725705329153605
66,70,5,medium,medium,0.9927056182660507,0.7000787766180803,0.990290472930002,0.8902208598840589,0.75
66,73,5,medium,medium,0.9899661518230308,0.6558119481684108,0.9842150462429295,0.9230881188966348,0.7
66,75,5,medium,medium,0.9880192715670256,0.7307888097639622,0.9846266922838884,0.9175855647276296,0.6236111111111111
66,81,5,medium,medium,0.990168644241827,0.7292898659536587,0.9870388126975232,0.934796544687456,0.7049689440993788
66,83,5,medium,medium,0.9912692606625582,0.6857397711549212,0.9869883080586476,0.9132152566667684,0.7727272727272728
66,84,5,medium,medium,0.9913993865456988,0.6292417741449559,0.9875420620716788,0.9054903389178284,0.7272727272727273
66,88,5,medium,medium,0.991406156700398,0.6820840594555833,0.9885592083626228,0.8811891129195583,0.736842105263158
66,89,5,medium,medium,0.992001965074804,0.7239452055126554,0.9898172770677472,0.9305376077806004,0.6414285714285713
66,91,5,medium,medium,0.9922370050849704,0.7499394805556867,0.9888293951623848,0.934248319564354,0.4599999999999999
66,97,5,medium,medium,0.9902982001002686,0.7085767528616709,0.9886446126601997,0.9221638198427936,0.7633053221288515
66,105,5,medium,medium,0.994093951428671,0.6435751259700407,0.9915646962230028,0.9024856269944024,0.7619047619047619
66,108,5,medium,medium,0.9920137429488596,0.724186900646607,0.9917168148046112,0.9236806131350316,0.7407407407407407
66,115,5,medium,medium,0.9913335822836687,0.659562434046236,0.988179056697084,0.8962482907570388,0.6963109354413702
66,117,5,medium,medium,0.9905448319511538,0.6775263355773915,0.9861593085503064,0.9417731908403668,0.6666666666666667
66,121,5,medium,medium,0.9931528935926724,0.6649127915204391,0.990773624671331,0.939914697760362,0.7192118226600985
66,133,5,medium,medium,0.9921376396886088,0.6896718206337231,0.9902660554177832,0.8958408973365538,0.7391304347826088
66,135,5,medium,medium,0.989595351462937,0.6741980468603213,0.9842896304881968,0.9127210782772316,0.7826086956521738
66,142,5,medium,medium,0.9924386016996498,0.7047045726881098,0.989129173911155,0.925678804701266,0.6956521739130435
66,143,5,medium,medium,0.9902678526223052,0.7598746071803243,0.985322763444428,0.9222746128586814,0.5514285714285714
66,145,5,medium,medium,0.9923745238108832,0.6721772004594053,0.9905260509044316,0.906044943956209,0.75
66,147,5,medium,medium,0.9911211083032204,0.73573395399937,0.9877189338444652,0.9175203532288128,0.7777777777777779
66,151,5,medium,medium,0.9947617881153538,0.6201557158768347,0.992639603908485,0.903396777344129,0.7272727272727273
66,155,5,medium,medium,0.9915344839167778,0.7090610349260404,0.9882771129163078,0.9322236886685452,0.7272727272727273
66,158,5,medium,medium,0.9922808711015672,0.7269451137912903,0.9880566915927466,0.910622280280544,0.6216216216216217
66,166,5,medium,medium,0.9879131232873462,0.6693167674003412,0.9813092020812846,0.8639278252639736,0.7391304347826088
66,168,5,medium,medium,0.9910214342777216,0.6731643890944956,0.9879688123996364,0.8975362268413994,0.736842105263158
66,169,5,medium,medium,0.9882265935255116,0.6845774451689026,0.9831457814096304,0.919887663848636,0.649616368286445
66,171,5,medium,medium,0.9926204602762582,0.7043722029354045,0.9917291822690988,0.9356689059168786,0.5833333333333333
66,192,5,medium,medium,0.988464792266424,0.7242779250002868,0.9843370080838184,0.9158348099968432,0.5925925925925926
66,202,5,medium,medium,0.990738684111934,0.6778039799062793,0.9879715811180096,0.9313201099387776,0.7021276595744681
66,203,5,medium,medium,0.989584174414658,0.672386002802766,0.9849546442274508,0.8981991096817599,0.7142857142857142
66,206,5,medium,medium,0.994012418248514,0.6634362546426785,0.991496732808444,0.9203959898799228,0.7333333333333334
66,207,5,medium,medium,0.9912547494587688,0.7294900825670871,0.9875740747920436,0.92404220432947,0.5862068965517242
66,210,5,medium,medium,0.9926113693034256,0.701181339565695,0.9909781392425674,0.9255170052149756,0.7142857142857142
66,214,5,medium,medium,0.9929475747937748,0.6390223353088964,0.989047384374828,0.8842389055802294,0.7419354838709677
66,215,5,medium,medium,0.9910038296787954,0.6588294607976025,0.9882453995144338,0.928497396531957,0.75
70,73,5,medium,medium,0.9908177824307796,0.7097935483743277,0.9873725956048282,0.897030596430535,0.71875
70,75,5,medium,medium,0.9879930583063375,0.7493356061901829,0.9816328153171742,0.8873912283302271,0.5897435897435898
70,81,5,medium,medium,0.990293270502722,0.7263092746661521,0.9868887255761036,0.8841844045595708,0.6923076923076923
70,83,5,medium,medium,0.9921649281310562,0.7237055833244893,0.988721125184799,0.911249537507825,0.7391304347826088
70,84,5,medium,medium,0.9917992515582889,0.6782073150543335,0.99045735450581,0.8660368296870968,0.7142857142857143
70,88,5,medium,medium,0.9910541417587994,0.6845721419504436,0.9887200940886028,0.9675783545801072,0.7777777777777779
70,89,5,medium,medium,0.9921109619876214,0.7196676946541506,0.9897213011354876,0.8567932377277065,0.6216216216216217
70,91,5,medium,medium,0.991559416185346,0.7235666005797606,0.9869266598704844,0.8934283893611712,0.4705882352941176
70,97,5,medium,medium,0.9912435276969704,0.7428103336975533,0.9890393734401774,0.8731145393959303,0.7777777777777779
70,105,5,medium,medium,0.9943346596804048,0.7177162640815703,0.9933848013189646,0.941532715893488,0.736842105263158
70,108,5,medium,medium,0.9926324796607155,0.7530357976135987,0.9912457577117624,0.9058386312907044,0.7619047619047619
70,115,5,medium,medium,0.9920324456076982,0.6967696883112979,0.9899591363316724,0.8996042827255513,0.6296296296296298
70,117,5,medium,medium,0.9920261510461044,0.7265648626735479,0.9901294418664648,0.8662365503023713,0.676470588235294
70,121,5,medium,medium,0.9933831879203504,0.7072390631513907,0.9920604619817964,0.8930505960818327,0.6521739130434783
70,133,5,medium,medium,0.9922303293900104,0.6812465365754341,0.99158469662644,0.921283429974544,0.7894736842105263
70,135,5,medium,medium,0.98965596385077,0.6626568576013652,0.9863248942635532,0.9002479931069823,0.7453703703703703
70,142,5,medium,medium,0.99308475170069,0.677850588014387,0.9906158221508689,0.8600778316034297,0.6666666666666666
70,143,5,medium,medium,0.989978883836775,0.7410863600735492,0.9835034466188572,0.874414687638577,0.4429487179487179
70,145,5,medium,medium,0.9935219477151224,0.7023519201803113,0.9918597768287152,0.9528832934959808,0.7777777777777779
70,147,5,medium,medium,0.9915852191388708,0.6909106171343795,0.9890628733839246,0.8971871074042309,0.7777777777777779
70,151,5,medium,medium,0.994866244078378,0.6158928919948371,0.9925180893796576,0.9225777098685688,0.6939799331103679
70,155,5,medium,medium,0.9915916234811168,0.6969421698649572,0.9912997471813432,0.8745792296331073,0.7307692307692308
70,158,5,medium,medium,0.9923406964391728,0.6548645415853681,0.9896468771402072,0.9292308070519452,0.5384615384615385
70,166,5,medium,medium,0.9887484042407414,0.7276813138418703,0.9850216838048528,0.8837184239034401,0.75
70,168,5,medium,medium,0.9912606014657974,0.6662956223855033,0.9906933281668768,0.9091720004524526,0.736842105263158
70,169,5,medium,medium,0.9892674899983296,0.6935027969445579,0.9842123629527284,0.9018727969023964,0.6086956521739131
70,171,5,medium,medium,0.9925977007189708,0.7357475982579385,0.9906663614209896,0.9121732407235628,0.5087719298245614
70,192,5,medium,medium,0.98951536531523,0.8265976294256195,0.9836515989276556,0.8899515996893548,0.5294117647058822
70,202,5,medium,medium,0.9908090173275548,0.6967385676120641,0.988277059956736,0.9302660956401126,0.6909814323607427
70,203,5,medium,medium,0.9905946161157958,0.6205425793308381,0.9912684064719488,0.8790669428400218,0.736231884057971
70,206,5,medium,medium,0.9930213646889064,0.6431362270469714,0.9915535755071536,0.9148719854870364,0.6666666666666666
70,207,5,medium,medium,0.9928798543660572,0.7179812122899606,0.989633045909644,0.8783701281791989,0.5806451612903225
70,210,5,medium,medium,0.9920019973856172,0.7252110710650452,0.9898375145579392,0.8945830998078067,0.7424633936261844
70,214,5,medium,medium,0.992910392729955,0.6665584205805267,0.9892320008294812,0.8725633635653333,0.7
70,215,5,medium,medium,0.9911601279643184,0.7115307521025211,0.9883892545241688,0.8633594684084513,0.75
73,75,5,medium,medium,0.9892690099019776,0.7106162711168996,0.9840017710053962,0.94130651142127,0.625
73,81,5,medium,medium,0.9895993007952218,0.6516395994569394,0.9853864712170676,0.9378752582813756,0.6551724137931034
73,83,5,medium,medium,0.989251993025524,0.7082656713412878,0.9860772963553964,0.9247495987047036,0.7
73,84,5,medium,medium,0.9902650439453978,0.7229839671990952,0.988626658992226,0.901136279294946,0.7037037037037037
73,88,5,medium,medium,0.9880510673943242,0.6466418877881517,0.9853349510677514,0.8940633380509345,0.7032032032032032
73,89,5,medium,medium,0.9913195651167392,0.7157642434316358,0.9890571715404002,0.9326431239395588,0.6399999999999999
73,91,5,medium,medium,0.990275529572602,0.7453704910793453,0.986302422618078,0.9549690391877712,0.5582655826558266
73,97,5,medium,medium,0.9900283585776402,0.7075500763499869,0.9865819411032204,0.9467374396214536,0.7
73,105,5,medium,medium,0.9915660164163022,0.7122945930822068,0.9869642293505266,0.9144114599262746,0.7076923076923076
73,108,5,medium,medium,0.9896251310066924,0.7268737317760381,0.985918391109738,0.936899562716953,0.7
73,115,5,medium,medium,0.990156673474658,0.7297094006851742,0.988222540085883,0.9099195272284192,0.6837662337662338
73,117,5,medium,medium,0.9902705105776276,0.7154415943820632,0.9869118313213692,0.9304916332840864,0.6666666666666667
73,121,5,medium,medium,0.9914874831584664,0.6504831856424615,0.9883359115596791,0.9297065349655288,0.6458333333333333
73,133,5,medium,medium,0.9917617390598612,0.7287923606651958,0.9892379894243502,0.9157338016556914,0.7
73,135,5,medium,medium,0.9901885849303048,0.6867158819063973,0.987940531354192,0.9178493880770094,0.7
73,142,5,medium,medium,0.9919141285454824,0.6740562808699768,0.989325285441841,0.93902002151955,0.6521739130434783
73,143,5,medium,medium,0.9876735392336816,0.6349209278193453,0.9827785955743532,0.9198579023317142,0.6039215686274509
73,145,5,medium,medium,0.9916167931951514,0.7101193936812624,0.9875042708218168,0.9082290359723044,0.6909814323607427
73,147,5,medium,medium,0.9898919620326532,0.7489600635482144,0.9855324313998736,0.9156520198328604,0.7037037037037037
73,151,5,medium,medium,0.9943045380011436,0.6725497086307457,0.9925971288864852,0.9094410416698128,0.6857142857142857
73,155,5,medium,medium,0.9884066996746042,0.6933102753622984,0.9823800288494992,0.945792835882728,0.7297297297297298
73,158,5,medium,medium,0.9911331761710576,0.6760956393455335,0.9889880667568084,0.9310379283105712,0.6333333333333333
73,166,5,medium,medium,0.989431159262953,0.6883934040187183,0.985985504502931,0.8967727079784081,0.7171428571428571
73,168,5,medium,medium,0.991096078125055,0.6919846533065122,0.9878003230162912,0.908076366198928,0.6444444444444445
73,169,5,medium,medium,0.9886062969863274,0.708552570771111,0.98474117086188,0.9345416456412262,0.625
73,171,5,medium,medium,0.9910581469557952,0.6812337959127142,0.987100140902374,0.9338415740105604,0.5833333333333335
73,192,5,medium,medium,0.9897780415762109,0.6940784405475628,0.9861993581764634,0.917975905282046,0.5608974358974359
73,202,5,medium,medium,0.989836421791188,0.6842609425936582,0.9851706843692668,0.9240017341272456,0.6666666666666666
73,203,5,medium,medium,0.9888424946688372,0.6668246526681131,0.9811085009009456,0.8794904148010113,0.6551724137931034
73,206,5,medium,medium,0.992738693690537,0.7003517743132599,0.990781187023826,0.9291618497533334,0.6708333333333334
73,207,5,medium,medium,0.990386487136604,0.7329948331747922,0.986601743729031,0.9535516645337644,0.6086956521739131
73,210,5,medium,medium,0.9908043762957196,0.6094697153049755,0.986376818555145,0.9320263915771252,0.725705329153605
73,214,5,medium,medium,0.99259141593437,0.6725643042917256,0.9908391039060204,0.9080036079353604,0.7
73,215,5,medium,medium,0.990831385851552,0.6996507875211633,0.986720975223067,0.9394068816373254,0.6801948051948052
75,81,5,medium,medium,0.9881008429458702,0.7266244971276856,0.9822737812818269,0.8916771819208723,0.6211556383970177
75,83,5,medium,medium,0.989737790496608,0.728623639715333,0.9859348210051556,0.9162761547842554,0.6363636363636365
75,84,5,medium,medium,0.9903496462324975,0.7152297446653257,0.9883862831882108,0.9214698895500992,0.645751633986928
75,88,5,medium,medium,0.9887641540245536,0.702897541352486,0.9837204169718892,0.8933391868643742,0.5
75,89,5,medium,medium,0.9898357970306678,0.769957176872326,0.9851906055839968,0.9010489829541808,0.6071428571428572
75,91,5,medium,medium,0.9892799346593196,0.82440048401592,0.9835203769302984,0.9240163012326876,0.597872340425532
75,97,5,medium,medium,0.9893025244702548,0.784809311137343,0.9853929416002112,0.9054813789659344,0.6666666666666667
75,105,5,medium,medium,0.9911496598250262,0.7445448482407955,0.9856788930910252,0.8774317902121386,0.606060606060606
75,108,5,medium,medium,0.989296424248457,0.7087174216391048,0.9834323687836312,0.8888771231851432,0.606060606060606
75,115,5,medium,medium,0.9881598245053534,0.7302780430696958,0.9841029861920314,0.9020349121143952,0.6363636363636364
75,117,5,medium,medium,0.9887620761196428,0.687856157193478,0.9850210049494597,0.9262978918653876,0.6176470588235294
75,121,5,medium,medium,0.9904432159036662,0.6978561164405535,0.986825863791609,0.9011390852881692,0.6666666666666666
75,133,5,medium,medium,0.9917584428288644,0.706645592750302,0.9879447226745,0.865406069899265,0.625
75,135,5,medium,medium,0.9874729016847126,0.7039804329585796,0.983725672691884,0.922860952536784,0.6176470588235294
75,142,5,medium,medium,0.9907382403327776,0.7371800838529297,0.9883927460687189,0.912125314052178,0.6505813953488372
75,143,5,medium,medium,0.9864001113441524,0.7032688835103813,0.9807941235852874,0.9220313228909448,0.625
75,145,5,medium,medium,0.9907234588249668,0.7105058084655627,0.9878375566490342,0.9010647979330708,0.65625
75,147,5,medium,medium,0.9894531235316184,0.776881337335365,0.9865297028899448,0.8947726429781162,0.5781976744186047
75,151,5,medium,medium,0.9929988729710176,0.6204933698574833,0.990600942966256,0.9197103816566792,0.6428571428571428
75,155,5,medium,medium,0.9883361258546906,0.7351235510850807,0.985437513124484,0.9279156397963636,0.625
75,158,5,medium,medium,0.990384028562946,0.7568832581201393,0.9849461045723964,0.8740898531242003,0.65625
75,166,5,medium,medium,0.9859561371045495,0.721592103778006,0.9824454559177984,0.8658875820988117,0.642324093816631
75,168,5,medium,medium,0.9894889590860264,0.7219080269075757,0.988260553964725,0.9147217832616568,0.6141439205955335
75,169,5,medium,medium,0.9869007338957674,0.735960222901875,0.9807747797543632,0.8972528514909126,0.6153846153846154
75,171,5,medium,medium,0.9888412437558892,0.7367938522866329,0.9837874145057436,0.8975822982887167,0.6153846153846154
75,192,5,medium,medium,0.987355722214616,0.7671130207533879,0.9802066604634018,0.9115677436292782,0.6510869565217392
75,202,5,medium,medium,0.9886029523680208,0.7423827184483701,0.9842894409076856,0.9266960250056177,0.625
75,203,5,medium,medium,0.9855109936906652,0.6194419518604416,0.9775908592372088,0.8985772288635141,0.625
75,206,5,medium,medium,0.991886129104487,0.6834157355510446,0.9895821455102533,0.9234449245403616,0.6666666666666666
75,207,5,medium,medium,0.9897284521169206,0.7233739420942391,0.9860581746543314,0.9156605608878688,0.627158326016974
75,210,5,medium,medium,0.989107867956288,0.7333879765965456,0.9828488280373308,0.899424821769622,0.625
75,214,5,medium,medium,0.9921886686514304,0.6786082126136705,0.9891567729405484,0.8958199476137303,0.625
75,215,5,medium,medium,0.9890128815550494,0.7419685113998239,0.9812248826036748,0.8977804149334632,0.6132478632478633
81,83,5,medium,medium,0.9912984622168696,0.680469883975678,0.9888143513620822,0.8908679607579513,0.6956521739130435
81,84,5,medium,medium,0.9911764980599308,0.7161366427531934,0.98934446599089,0.9000905335494556,0.7105263157894737
81,88,5,medium,medium,0.9889501606696705,0.6981888642318926,0.9847730135119284,0.8901805895605884,0.7171428571428571
81,89,5,medium,medium,0.9924699518241789,0.7374656980743068,0.9895035277390584,0.927801964927148,0.5999999999999999
81,91,5,medium,medium,0.9904927031677296,0.7651051669727413,0.9851785150160116,0.925140890571516,0.5540540540540542
81,97,5,medium,medium,0.9896065019850712,0.7042589254428111,0.9855312873602314,0.92568136562289,0.678235294117647
81,105,5,medium,medium,0.993232765368554,0.6611623762264154,0.9927348700331232,0.9091532863532272,0.6475155279503105
81,108,5,medium,medium,0.9925749702628224,0.6402570172743992,0.989204643247254,0.9306683038797184,0.7037037037037037
81,115,5,medium,medium,0.9907330757026648,0.6443355359753734,0.987259165716346,0.9161617100027412,0.7094298245614035
81,117,5,medium,medium,0.9907490432037476,0.6912329675133531,0.9858985157693712,0.917900260271826,0.6857142857142857
81,121,5,medium,medium,0.9930042335740488,0.710457664089598,0.9918883639987096,0.9046939113343396,0.72
81,133,5,medium,medium,0.9925670270277904,0.6712744595609761,0.990385178992322,0.9105793478104144,0.7567567567567568
81,135,5,medium,medium,0.989511202638218,0.6708448160799838,0.9836071123973544,0.8819712441220628,0.7801932367149759
81,142,5,medium,medium,0.992854478845962,0.6411093998415907,0.9902345756812064,0.9111780603356708,0.6440092165898618
81,143,5,medium,medium,0.9872328133433718,0.6934893339591471,0.982639540862992,0.9390614441417188,0.5788177339901478
81,145,5,medium,medium,0.9927151095576277,0.6643205161971859,0.9917620125849592,0.8727801971842897,0.7142857142857142
81,147,5,medium,medium,0.9895561145296546,0.7418636069604599,0.9884095156967416,0.9267199286936152,0.7083333333333334
81,151,5,medium,medium,0.994601000020878,0.6213522636807567,0.9929384320021816,0.9031440152868848,0.7
81,155,5,medium,medium,0.991041028309536,0.7750045022602983,0.9873190246466348,0.929723207439891,0.7
81,158,5,medium,medium,0.9920465365419264,0.7301132822478186,0.98614545914288,0.906542118536967,0.6176470588235294
81,166,5,medium,medium,0.9883127729675626,0.6529035231907181,0.9832592904979536,0.8770814854350041,0.75
81,168,5,medium,medium,0.9896841814647628,0.6803466234238167,0.985436822656664,0.8844715304549738,0.7
81,169,5,medium,medium,0.9894804345530168,0.6570161883732089,0.9838515945771752,0.8781191833905471,0.6285714285714284
81,171,5,medium,medium,0.9918970915405992,0.7649525296065516,0.9876771451329458,0.9254127991480392,0.631578947368421
81,192,5,medium,medium,0.9905983513965372,0.798228336491507,0.9861135294317592,0.9110700227818064,0.6304347826086957
81,202,5,medium,medium,0.9906470966785228,0.7102355019204147,0.9870466994492396,0.9256904150309287,0.6744186046511629
81,203,5,medium,medium,0.9875742859024412,0.6458392632689479,0.9812865937247828,0.9104360826347802,0.6742424242424243
81,206,5,medium,medium,0.9936005612036006,0.6412359015243607,0.9905555741516576,0.9084140303075768,0.7083333333333334
81,207,5,medium,medium,0.9914642221869452,0.6796258919146462,0.9868512927658224,0.9186736638354764,0.6
81,210,5,medium,medium,0.9907730061800428,0.705848368580724,0.9863494932103752,0.935614100701197,0.6896551724137931
81,214,5,medium,medium,0.9928495166431016,0.6191534469259952,0.9903928508396822,0.8885343589515563,0.7241379310344828
81,215,5,medium,medium,0.9910879328000364,0.6990824967714808,0.988053758595572,0.9177593906899744,0.7000000000000001
83,84,5,medium,medium,0.991358430260335,0.7342826173528714,0.9877740318393208,0.9038133779498418,0.6923076923076923
83,88,5,medium,medium,0.9909890475552424,0.6877250189857658,0.9887106430393314,0.8861105039697214,0.736842105263158
83,89,5,medium,medium,0.9925712697502928,0.7432597168486581,0.9896000417887728,0.9287934406823204,0.6296296296296298
83,91,5,medium,medium,0.9919290870476384,0.6524817148377323,0.9885101947551888,0.9196869871394928,0.588235294117647
83,97,5,medium,medium,0.9908656634224348,0.6930366847640963,0.989155925889634,0.9195351345609972,0.7142857142857142
83,105,5,medium,medium,0.9928355426230856,0.6730289280923811,0.9901102766844948,0.8869635297013133,0.6956521739130435
83,108,5,medium,medium,0.9923117823921228,0.7030089949977123,0.989289019378584,0.9003214629444243,0.7041666666666667
83,115,5,medium,medium,0.9915920482293548,0.727822021397867,0.9889742627222866,0.9043469552468574,0.6666666666666666
83,117,5,medium,medium,0.9909530128719484,0.7543457075036616,0.9877504908226136,0.9232594463103884,0.6666666666666666
83,121,5,medium,medium,0.9923094451808142,0.705399643027047,0.9904295735384936,0.9179198294842326,0.6842105263157894
83,133,5,medium,medium,0.9925227109522105,0.7514466762100415,0.9895894774064904,0.8869476558332825,0.7407407407407407
83,135,5,medium,medium,0.9893435951204574,0.729627143421698,0.9860923676783944,0.9099214327078156,0.7419354838709677
83,142,5,medium,medium,0.9921561850106192,0.7532638058250262,0.990243260069276,0.9303368416972654,0.6978260869565218
83,143,5,medium,medium,0.9905938151106785,0.6433002931675602,0.9875771726920431,0.9029598752857526,0.5757575757575757
83,145,5,medium,medium,0.99228116573475,0.697525559901474,0.9896128395543312,0.8840499115154121,0.7297297297297298
83,147,5,medium,medium,0.9917244654432869,0.7249832736623975,0.988594927742564,0.8905156878593089,0.7619047619047619
83,151,5,medium,medium,0.994012120257646,0.6663183854635704,0.9925272055395256,0.910054189212196,0.7
83,155,5,medium,medium,0.9910613640454348,0.7479167985396773,0.9866068807397992,0.9331558544489552,0.7142857142857142
83,158,5,medium,medium,0.9924594068344856,0.7570624917192914,0.9900386858996606,0.9265806386484694,0.6
83,166,5,medium,medium,0.9898835660911344,0.7343369076755217,0.9869080542758948,0.855166927628819,0.7391304347826088
83,168,5,medium,medium,0.9909981733050668,0.7526431592422067,0.987475801910096,0.9036427392587988,0.7037037037037037
83,169,5,medium,medium,0.9906650922298226,0.7270622656352456,0.9870824525381244,0.9200298381899954,0.6451612903225807
83,171,5,medium,medium,0.9924375497528504,0.6560800362649917,0.9882576877110696,0.9144635317446947,0.606951871657754
83,192,5,medium,medium,0.9906850701708916,0.715793493429083,0.9876060125192953,0.899832127009873,0.6341463414634145
83,202,5,medium,medium,0.9909600877516096,0.684810887648897,0.9888406732209404,0.9035464864297844,0.6956521739130435
83,203,5,medium,medium,0.991178471164492,0.6658503958309965,0.9877665042322143,0.8662752566297579,0.7599999999999999
83,206,5,medium,medium,0.9931490743871996,0.707550459516709,0.99193429656058,0.9132465720177344,0.7272727272727273
83,207,5,medium,medium,0.9927837084990924,0.7402641944367634,0.9901133994008112,0.939210312463586,0.606060606060606
83,210,5,medium,medium,0.9926478806055934,0.696423043853709,0.9891362487695748,0.9228642842725536,0.7142857142857142
83,214,5,medium,medium,0.992251339416812,0.6717889391192574,0.9913194324481232,0.8995268430233001,0.7142857142857143
83,215,5,medium,medium,0.993184915190336,0.7351426783033457,0.9906113698643204,0.9316353116243152,0.7142857142857142
84,88,5,medium,medium,0.991761368916263,0.7044147751231831,0.9910237518785064,0.8491682631252564,0.736842105263158
84,89,5,medium,medium,0.9927951786462192,0.7207737849212972,0.9896982949222144,0.9131335024215677,0.6399999999999999
84,91,5,medium,medium,0.9927747864298804,0.7102938783218407,0.990793435922455,0.9228436922465192,0.6052631578947368
84,97,5,medium,medium,0.9919031213062048,0.7080968482103479,0.9899780880677848,0.9011808519480072,0.7165178571428572
84,105,5,medium,medium,0.9935683397046976,0.709018658645189,0.9915822572986752,0.8741359782632069,0.7272727272727273
84,108,5,medium,medium,0.9931533034308248,0.6913387153986437,0.9907603809839096,0.8939101440786708,0.7100840336134453
84,115,5,medium,medium,0.9916508850738254,0.68372406096026,0.988526872744166,0.8960173445594304,0.6666666666666667
84,117,5,medium,medium,0.9913939743587712,0.7065535215971032,0.989821332005424,0.921726614578014,0.6799999999999999
84,121,5,medium,medium,0.9919198076044154,0.6921489594507884,0.9893401829502568,0.918182656771288,0.6785714285714286
84,133,5,medium,medium,0.9922440327478044,0.6731072664549573,0.9907887473106272,0.8899705033864954,0.7
84,135,5,medium,medium,0.9902851886417036,0.6919734220180642,0.98781580461159,0.8973376775691617,0.7142857142857142
84,142,5,medium,medium,0.9920012282060408,0.760260474485558,0.9904707722013004,0.9111475225567844,0.6573734409391049
84,143,5,medium,medium,0.9900525188281925,0.6633220738042671,0.9861554897664144,0.909468668039199,0.5483348751156336
84,145,5,medium,medium,0.99273542896018,0.7303906690695874,0.9912365868314312,0.8855046898946117,0.7307692307692308
84,147,5,medium,medium,0.9912630465883048,0.7163766700479848,0.989216393656116,0.8963409824404539,0.7291666666666667
84,151,5,medium,medium,0.9941182982620848,0.6766937393868353,0.9927910039148364,0.8847126147079964,0.6956521739130435
84,155,5,medium,medium,0.9913107536773372,0.7529503651262608,0.987272408730649,0.9262639986974937,0.6923076923076923
84,158,5,medium,medium,0.9926038506684692,0.7247061243728459,0.990857580015062,0.8710517354880066,0.6521739130434783
84,166,5,medium,medium,0.9911896003189128,0.6423898486113797,0.987418167515815,0.8606941897371174,0.7272727272727273
84,168,5,medium,medium,0.9918496282772102,0.6896212459066748,0.9896898735725954,0.8888427370892229,0.6851851851851851
84,169,5,medium,medium,0.990131655007365,0.7183698827502683,0.986473387469444,0.9386128441725864,0.6363636363636365
84,171,5,medium,medium,0.9926300354074196,0.7038338921143543,0.9904538763441004,0.9026812023600836,0.6041666666666667
84,192,5,medium,medium,0.9909981617425052,0.7505870935947452,0.9878733408527738,0.8708956240442004,0.5865384615384616
84,202,5,medium,medium,0.99101754268852,0.7526893142407449,0.9867735831511564,0.923520590226937,0.6666666666666666
84,203,5,medium,medium,0.9907844762427483,0.5536481502756457,0.9871927548423404,0.8434935914753802,0.6896551724137931
84,206,5,medium,medium,0.993187823984946,0.6629656529727774,0.9924531346157244,0.9390199833082812,0.7096774193548387
84,207,5,medium,medium,0.9921789536447742,0.7162511859044567,0.9895103194304709,0.9231399816838468,0.6206896551724137
84,210,5,medium,medium,0.9930948256863034,0.6678768563474342,0.9886725643245644,0.9064770848351882,0.7257053291536051
84,214,5,medium,medium,0.99253223413432,0.7045099777906532,0.9907702348815284,0.9297640036426552,0.72
84,215,5,medium,medium,0.9915259681248896,0.6878525306632868,0.9902881083221264,0.935176374095845,0.695048309178744
88,89,5,medium,medium,0.9898890870509944,0.6401036319183044,0.9873745261204696,0.881347403129118,0.56
88,91,5,medium,medium,0.991013211256607,0.7401288485759092,0.9878035466740304,0.8788539533071961,0.4305555555555556
88,97,5,medium,medium,0.9890139896607568,0.6852240368726743,0.9860089155745868,0.9094152197825248,0.7727272727272728
88,105,5,medium,medium,0.99293970607125,0.7156625367303101,0.9914556303862376,0.9085624825895532,0.75
88,108,5,medium,medium,0.990789171205554,0.7060491717312305,0.9865705749724586,0.9151831583447828,0.7826086956521738
88,115,5,medium,medium,0.989470862897182,0.6592923044649828,0.985562776532635,0.9101741963661976,0.6512474012474013
88,117,5,medium,medium,0.9906677484612404,0.6858605625271683,0.9867520797085676,0.8646416740095337,0.6199999999999999
88,121,5,medium,medium,0.9930336786252896,0.7092127003116611,0.9920391303482854,0.8882411781910096,0.6086956521739131
88,133,5,medium,medium,0.9914266278757448,0.6602125126945665,0.9896096613686431,0.9172988944272672,0.8235294117647058
88,135,5,medium,medium,0.9878864331113104,0.6568810529383272,0.9841605792399902,0.8620239716275802,0.8086080586080586
88,142,5,medium,medium,0.9924380384296624,0.6350216201262644,0.9904842375638488,0.8602986089290648,0.6666666666666666
88,143,5,medium,medium,0.9874901589101142,0.7284756562883257,0.9850598948013172,0.8956163612979342,0.4857142857142856
88,145,5,medium,medium,0.9928511867522316,0.587427029099918,0.9914845676446792,0.9125079145590772,0.820855614973262
88,147,5,medium,medium,0.9899860385231102,0.7054645825286843,0.9878527408515396,0.9214235111243798,0.8333333333333334
88,151,5,medium,medium,0.9945869254530584,0.5885418771135003,0.9920280263412844,0.9252739112206404,0.6666666666666666
88,155,5,medium,medium,0.9905354339361973,0.7123833161627489,0.9872604041315646,0.8623389510244664,0.7777777777777779
88,158,5,medium,medium,0.9913462580378444,0.7088294864021674,0.9874929788874688,0.9099376545405928,0.5333333333333334
88,166,5,medium,medium,0.987587970103318,0.6545704975759272,0.983366693280142,0.8854724336052887,0.7727272727272728
88,168,5,medium,medium,0.9902614503857614,0.71372065395342,0.988247765586912,0.896025164947468,0.7619047619047619
88,169,5,medium,medium,0.9886238830235228,0.636402707226384,0.9830402810400038,0.8986080628964819,0.5853658536585366
88,171,5,medium,medium,0.991457429124464,0.6785669940876443,0.9888379461973356,0.8865548482338461,0.4857142857142856
88,192,5,medium,medium,0.9872718658393722,0.7652280210783001,0.9826274630342988,0.8895486237419425,0.5172413793103448
88,202,5,medium,medium,0.99001632630268,0.6451073330404785,0.987334356973578,0.9272446409439186,0.6799999999999999
88,203,5,medium,medium,0.9897498462688256,0.6356368978374128,0.9893719285943248,0.885053001571575,0.7894736842105263
88,206,5,medium,medium,0.9926516625177796,0.6557958437885381,0.9904763394806652,0.8985071570418623,0.7142857142857142
88,207,5,medium,medium,0.991211782019494,0.6476126782611935,0.9886446553423364,0.8865041757470753,0.5239651416122004
88,210,5,medium,medium,0.992642441379079,0.6469784474491425,0.9904342462018983,0.9103049585472434,0.7307692307692308
88,214,5,medium,medium,0.9927845209995289,0.6201381086793696,0.9897598231057478,0.8591535969715859,0.75
88,215,5,medium,medium,0.9911334000498472,0.6966608684440454,0.9890081917087598,0.8684768433886854,0.6666666666666667
89,91,5,medium,medium,0.9923729718188684,0.8107692441279737,0.9880162728531592,0.9483081246013504,0.5483870967741936
89,97,5,medium,medium,0.991675584402232,0.7323033417258847,0.990296607822458,0.952214559851237,0.6122448979591837
89,105,5,medium,medium,0.9945165591900776,0.7345152189427611,0.992402869081909,0.8902478042758096,0.6285714285714284
89,108,5,medium,medium,0.9922499888356524,0.6985476643336708,0.9893847363626116,0.9264058779648344,0.6071428571428572
89,115,5,medium,medium,0.9919383796113884,0.7040300771852981,0.989481903665116,0.9030569641700998,0.6185031185031186
89,117,5,medium,medium,0.9920773208505308,0.7354613840864335,0.989404092444026,0.9342439931225082,0.6639784946236559
89,121,5,medium,medium,0.9932542497508002,0.6947820156990696,0.9916539095116308,0.91794886673446,0.6486486486486487
89,133,5,medium,medium,0.9927278709430192,0.7275286175037982,0.9898229168762864,0.9056576520309036,0.5999999999999999
89,135,5,medium,medium,0.9912010954409264,0.7422129774934622,0.9887368000665248,0.9229368238725018,0.6300751879699248
89,142,5,medium,medium,0.9931593835420736,0.7151767467026076,0.9913959616909374,0.9359490509268822,0.6271186440677966
89,143,5,medium,medium,0.9905267556459472,0.6951074478184172,0.9866938333885472,0.928063189415625,0.625
89,145,5,medium,medium,0.9923099829312512,0.7396456300532607,0.989864333851037,0.8969610631473556,0.6086956521739131
89,147,5,medium,medium,0.9912069838739732,0.7666349102416717,0.9881535269654724,0.916051587338968,0.5862068965517242
89,151,5,medium,medium,0.9943791177988142,0.6243106487252373,0.9934644340068584,0.9027141475461764,0.6521739130434783
89,155,5,medium,medium,0.9920522262773708,0.740256679188064,0.9882586679697318,0.9458266066270792,0.5833333333333333
89,158,5,medium,medium,0.9928672640817844,0.8028743548728465,0.9889705761197234,0.9068781734527004,0.6363636363636365
89,166,5,medium,medium,0.9901011193552764,0.761037481961059,0.9878771158664594,0.879990808736625,0.6066017316017316
89,168,5,medium,medium,0.9923815517695346,0.7124780692871819,0.9895160120856992,0.906323829104706,0.6129032258064516
89,169,5,medium,medium,0.9893417268189214,0.7095331915524654,0.9825399106416906,0.8960073928957677,0.6590799031476997
89,171,5,medium,medium,0.9928239650424944,0.7195457126441404,0.9911355870961028,0.934626390314696,0.634508348794063
89,192,5,medium,medium,0.9914726218828588,0.7522819407209006,0.9867496754044686,0.9290631813926916,0.6071428571428572
89,202,5,medium,medium,0.9911182985514162,0.6781494793226024,0.9877114400077732,0.9119933346397447,0.6282051282051282
89,203,5,medium,medium,0.9906243157646104,0.593083870031311,0.9871187654138752,0.9113001723111268,0.6348484848484849
89,206,5,medium,medium,0.993066610589876,0.7203658057201066,0.9912032652212844,0.9244137618846208,0.6216216216216217
89,207,5,medium,medium,0.9926178196957354,0.7429987873498654,0.990045282866673,0.9352015345056196,0.6086956521739131
89,210,5,medium,medium,0.9928549294312452,0.6580476017217525,0.9900753608580178,0.9237183718751916,0.6428571428571428
89,214,5,medium,medium,0.9934100644792458,0.7098464254649302,0.9917955373991262,0.9010503409871444,0.6461100569259962
89,215,5,medium,medium,0.9912309710074084,0.7229039780119635,0.9874779227777704,0.9412638100000306,0.6079192546583851
91,97,5,medium,medium,0.9905197249613038,0.753979144514632,0.986353880921777,0.9296722092624268,0.4782608695652174
91,105,5,medium,medium,0.993578996676688,0.7387011032679913,0.9920868962965552,0.8962784157814708,0.5670829975825947
91,108,5,medium,medium,0.9917862567468436,0.7686365306318202,0.9890393591622776,0.9312150269641796,0.5500556173526141
91,115,5,medium,medium,0.9917957552419004,0.7310754270933413,0.9885699305832844,0.925430744438545,0.5853658536585366
91,117,5,medium,medium,0.991613982254294,0.7148744301016323,0.9887295051781704,0.9248242061533468,0.6311413454270598
91,121,5,medium,medium,0.9924940449436984,0.6832488729822173,0.9896507372603862,0.9238146636680364,0.5853658536585366
91,133,5,medium,medium,0.9930216275781216,0.7706733372673791,0.989733974058954,0.8957291310241933,0.4705882352941176
91,135,5,medium,medium,0.9898321195073444,0.6650660161806028,0.9853740743216808,0.9264735026572716,0.5526315789473685
91,142,5,medium,medium,0.9922672019986164,0.7058566814597635,0.989428374280579,0.9312982170848612,0.5579159212880144
91,143,5,medium,medium,0.9892822551961578,0.7640106567293394,0.9872795825268166,0.9322439734838726,0.6339637509850276
91,145,5,medium,medium,0.9925736854213528,0.7486622701071688,0.9898756124542636,0.9006047615354468,0.4827586206896551
91,147,5,medium,medium,0.9913705170489192,0.7788093682243427,0.9879951053015558,0.9309618056593134,0.4516129032258064
91,151,5,medium,medium,0.9945936706387624,0.6105631939690617,0.9925778610528494,0.8907438306078075,0.627906976744186
91,155,5,medium,medium,0.99155568440898,0.7671505988583772,0.987614876980403,0.9368949813103904,0.509090909090909
91,158,5,medium,medium,0.9927647931935718,0.7461514922999429,0.988354969917542,0.9285010455867988,0.6159114857744995
91,166,5,medium,medium,0.9897607964385808,0.7410553208761687,0.984116121454168,0.8855159811896213,0.5333333333333334
91,168,5,medium,medium,0.9915656762812451,0.7035993178122202,0.9872344862935324,0.905373555068866,0.558139534883721
91,169,5,medium,medium,0.9899673397264,0.6639651206700345,0.9843282621993372,0.9159237165708666,0.588235294117647
91,171,5,medium,medium,0.9926441302932362,0.780193723386524,0.988763365493108,0.944214175830414,0.5818181818181818
91,192,5,medium,medium,0.9909354353542434,0.8790681869417736,0.9863184087898262,0.9291296079143936,0.6111111111111112
91,202,5,medium,medium,0.99055391831886,0.7209137239053116,0.9872486770325456,0.9460869324768616,0.5769230769230769
91,203,5,medium,medium,0.9912386892309614,0.7621315437003713,0.9861995088655516,0.9031452168449672,0.5161290322580645
91,206,5,medium,medium,0.9926488829504044,0.6905846129316293,0.9899833907066758,0.9312015061299124,0.6557112068965517
91,207,5,medium,medium,0.9915064799662384,0.7011440741546817,0.987423133886258,0.9358920604225862,0.6129032258064516
91,210,5,medium,medium,0.9920773399113104,0.7420345810609428,0.9904044036556776,0.9547770084788898,0.541958041958042
91,214,5,medium,medium,0.99322877015945,0.6304818493258231,0.990926009186379,0.9226608764544818,0.6111111111111112
91,215,5,medium,medium,0.99248881091493,0.785980809581487,0.9887787982202728,0.9093025111182016,0.5740740740740741
97,105,5,medium,medium,0.9931432058023943,0.7000364964066429,0.990694772238697,0.9012229524198812,0.7360681114551084
97,108,5,medium,medium,0.9905677113564764,0.7327365221078588,0.9890868172661238,0.9310312105258306,0.7586206896551724
97,115,5,medium,medium,0.992013659260183,0.746259835551907,0.9885026054498314,0.9149977445853028,0.6666666666666665
97,117,5,medium,medium,0.9914434637606182,0.7425948889427496,0.9884337760052092,0.9320939870590405,0.6599999999999999
97,121,5,medium,medium,0.9915733625857976,0.7043139656045373,0.9909942657480112,0.9311710412964068,0.6818181818181819
97,133,5,medium,medium,0.9924503493669896,0.7566987418864372,0.9902596359877398,0.9245984110208716,0.7894736842105263
97,135,5,medium,medium,0.9894102699947772,0.6993901047953575,0.9874192809229534,0.926650873822208,0.7391304347826088
97,142,5,medium,medium,0.9917932465956116,0.7025935806777626,0.991093346240038,0.9439240084744752,0.6666666666666666
97,143,5,medium,medium,0.9898056878615856,0.7430734833308374,0.9844400078788104,0.9174962821059132,0.5106382978723405
97,145,5,medium,medium,0.9923228475358356,0.72659773621867,0.9915018510496374,0.8786695404580991,0.75
97,147,5,medium,medium,0.9903527230371352,0.7464521405758794,0.9883414002018164,0.9277405620266344,0.7826086956521738
97,151,5,medium,medium,0.9940366692431456,0.6583776497771692,0.992877308967594,0.9040079082216732,0.649616368286445
97,155,5,medium,medium,0.9894631542113328,0.6853274353655896,0.98478390977258,0.9300463033234349,0.72
97,158,5,medium,medium,0.9923958791954042,0.776103901050853,0.9898845516168794,0.9188390553211672,0.6099033816425121
97,166,5,medium,medium,0.9902572916961228,0.7470316184098309,0.9864998650290095,0.8682316267944071,0.7379862700228833
97,168,5,medium,medium,0.9913479476959612,0.773930330299343,0.9881775694127154,0.9129639885438704,0.7142857142857142
97,169,5,medium,medium,0.988823022193812,0.697973177620807,0.9868920492119958,0.9131023034034212,0.632996632996633
97,171,5,medium,medium,0.9917635143222712,0.753357941984057,0.9902420743759868,0.9482516987272316,0.6
97,192,5,medium,medium,0.9894807624778532,0.7653862763253677,0.9856528827599688,0.936511274229794,0.5716625716625716
97,202,5,medium,medium,0.9906021325302068,0.7651781356793128,0.9870725775401348,0.9230265350774416,0.7285012285012286
97,203,5,medium,medium,0.9899027076285823,0.5844873234634953,0.985603378535486,0.8734835852735829,0.7142857142857142
97,206,5,medium,medium,0.9927168854749656,0.6738599464298918,0.9913626213946968,0.9187823075427196,0.7272727272727273
97,207,5,medium,medium,0.9913249534142036,0.7100246688193772,0.9879511475399352,0.92934555449874,0.5889894419306184
97,210,5,medium,medium,0.9916504547992624,0.7548949033480175,0.9887383640910178,0.9458309619890376,0.7142857142857142
97,214,5,medium,medium,0.9924363541555018,0.7115876049912273,0.991241540031528,0.9003109774174927,0.7272727272727273
97,215,5,medium,medium,0.9911987882639628,0.7237440737927281,0.9894966540424032,0.9397354360975404,0.7241379310344828
105,108,5,medium,medium,0.9940398106283184,0.6787007944764835,0.992999643304432,0.923596308982238,0.7646153846153846
105,115,5,medium,medium,0.9919820188119498,0.7129516860718398,0.9912331279073182,0.9345643088739478,0.6363636363636365
105,117,5,medium,medium,0.9917597428527132,0.7314563893526264,0.987283027092071,0.8904608446982653,0.6092258748674444
105,121,5,medium,medium,0.9950530539135232,0.7529852160193647,0.9936818847440106,0.9042498891529624,0.6206896551724137
105,133,5,medium,medium,0.9935690247736412,0.7351596385500196,0.992217477814292,0.9464598044508324,0.7613636363636365
105,135,5,medium,medium,0.9900902863000964,0.6590304001645727,0.9875361145509058,0.9027880563101992,0.7272727272727273
105,142,5,medium,medium,0.9941573484413244,0.6724216152604159,0.9931901609812488,0.9017526414887176,0.6666666666666666
105,143,5,medium,medium,0.9931039834252272,0.7296055982951775,0.989766903185777,0.902708896955907,0.5623059866962306
105,145,5,medium,medium,0.9946894998793484,0.6944466053474871,0.9927707769106142,0.9525429613767548,0.736842105263158
105,147,5,medium,medium,0.993349200654414,0.7224233851440358,0.9916740642937448,0.9449130220104808,0.75
105,151,5,medium,medium,0.9951317325556316,0.6762983334457988,0.994404264279748,0.9009631081654922,0.6956521739130435
105,155,5,medium,medium,0.9935796859806124,0.7129247247859493,0.9917591400588578,0.8952608113163478,0.7297297297297298
105,158,5,medium,medium,0.9933868346025374,0.7501124392962897,0.9919084240770786,0.9312393244073964,0.5999999999999999
105,166,5,medium,medium,0.9905586189595168,0.6994601706837345,0.9872066453570224,0.8962491213756688,0.7290209790209791
105,168,5,medium,medium,0.9927129593441094,0.7201916796413343,0.990338913132676,0.9045820196043518,0.6799999999999999
105,169,5,medium,medium,0.9896387436237052,0.7260318427014072,0.9855914928365582,0.920822117888038,0.6233108108108107
105,171,5,medium,medium,0.9939719755923436,0.7238851421296597,0.9923582347680104,0.93864006015089,0.6097560975609756
105,192,5,medium,medium,0.9916659682009116,0.712344991761851,0.9895873282813902,0.9131510339926088,0.6206896551724137
105,202,5,medium,medium,0.9921799380911362,0.6699996339972307,0.9900449956464996,0.942283861041338,0.6363636363636365
105,203,5,medium,medium,0.9951245317898784,0.6181356332641336,0.9945369579275622,0.9196303939735252,0.75
105,206,5,medium,medium,0.9949091958520104,0.7035835496672116,0.9935141903349276,0.9153366151156278,0.7
105,207,5,medium,medium,0.9935080086498916,0.7474023192886157,0.9916010219917714,0.9183964299808056,0.6139082751744765
105,210,5,medium,medium,0.9947947264512612,0.6357727477557188,0.9945987694583156,0.9567402624546156,0.7272727272727273
105,214,5,medium,medium,0.9933569217447152,0.6879273092003972,0.9909575433396698,0.8785578251283324,0.7142857142857143
105,215,5,medium,medium,0.993588476435922,0.7004941720849739,0.9926385129271772,0.8806674513591315,0.7
108,115,5,medium,medium,0.991272845481972,0.6726110376870356,0.9883947439735878,0.8947831708510595,0.6558741905642923
108,117,5,medium,medium,0.9914479640439108,0.696856714462978,0.9879860264308434,0.9179611367362046,0.6399999999999999
108,121,5,medium,medium,0.9941507228134456,0.689759614751601,0.9923101592773652,0.9258063682691744,0.6551724137931034
108,133,5,medium,medium,0.993407080238351,0.7369558059645931,0.9900729055416716,0.9358588429317966,0.7777777777777779
108,135,5,medium,medium,0.9891776900887832,0.6566650739779367,0.9833270096972568,0.8900766297571707,0.7970588235294117
108,142,5,medium,medium,0.9930460677736208,0.6843460591744547,0.9905574822345494,0.9451471547858482,0.6666666666666665
108,143,5,medium,medium,0.9889801490473318,0.7218164739854748,0.9855819243915486,0.9359705540302272,0.5469208211143695
108,145,5,medium,medium,0.9928924817323715,0.7226151278292242,0.991111847119575,0.9179688018432576,0.7801932367149759
108,147,5,medium,medium,0.9914779078938306,0.7491202073618035,0.9877130028316186,0.9238315089639908,0.7916666666666666
108,151,5,medium,medium,0.994851563864039,0.5961879096768969,0.99353819569768,0.8805171441704858,0.7142857142857143
108,155,5,medium,medium,0.9907521790876688,0.7209684763052358,0.9885135965546732,0.911757139385566,0.75
108,158,5,medium,medium,0.9924558415064751,0.6855962407894824,0.9895050832604536,0.9154724013124202,0.5757575757575757
108,166,5,medium,medium,0.9888936104741566,0.6859018596988129,0.9861861367622728,0.9144516991689852,0.7749999999999999
108,168,5,medium,medium,0.9918980127507632,0.6759693826877102,0.9891095380554048,0.9001448851022804,0.7391304347826088
108,169,5,medium,medium,0.9899157169341504,0.717690878678888,0.9838657745842236,0.9095143157109375,0.6066017316017316
108,171,5,medium,medium,0.9935021095998404,0.712661323927468,0.9908638717859,0.9334201451422568,0.5904139433551199
108,192,5,medium,medium,0.9898526184375498,0.778779702998764,0.9851763828250992,0.9164263969070516,0.6153846153846154
108,202,5,medium,medium,0.991502118171446,0.6904793368474814,0.9877049445896138,0.9392722085828652,0.653846153846154
108,203,5,medium,medium,0.9912197549390112,0.6559994060940815,0.986829959021496,0.9016435064433374,0.7826086956521738
108,206,5,medium,medium,0.9936011839901578,0.6563788298657365,0.9926366587203352,0.9040054644178762,0.7083333333333334
108,207,5,medium,medium,0.9929590735734348,0.7504402345877652,0.9910122159368508,0.94590922971408,0.56
108,210,5,medium,medium,0.993169771081274,0.6715466127613064,0.9916811578346368,0.9420565296402186,0.7307692307692308
108,214,5,medium,medium,0.9932271908662984,0.6410371052272759,0.9905233070358912,0.8721027087492152,0.7407407407407407
108,215,5,medium,medium,0.9924134042277452,0.6952223401903026,0.9906770702631492,0.9462438173918092,0.736842105263158
115,117,5,medium,medium,0.990881285874755,0.7327112816024293,0.9872676220629696,0.9173825978605192,0.6206896551724137
115,121,5,medium,medium,0.9911644107168204,0.6441863121691904,0.9877214971647724,0.911021110434706,0.6428571428571428
115,133,5,medium,medium,0.9926776633309744,0.7160690483969094,0.9901687523157656,0.9253632279308608,0.6363636363636365
115,135,5,medium,medium,0.9889290542566748,0.7384445577476842,0.987004324773592,0.9139944711111884,0.6771235521235521
115,142,5,medium,medium,0.9913576307386472,0.772035587498201,0.988835241559519,0.8978377796123598,0.6747093023255815
115,143,5,medium,medium,0.98872147251718,0.6195568001171451,0.984802580527016,0.8925796685980962,0.625
115,145,5,medium,medium,0.9917015091435646,0.6685997090653467,0.9894532750234696,0.9205277359197344,0.6296296296296298
115,147,5,medium,medium,0.9907736414265264,0.7294753142599479,0.988787615691524,0.9388555273921314,0.6666666666666666
115,151,5,medium,medium,0.9939205381237198,0.661172680649913,0.991420208884767,0.9116027064494532,0.6756756756756758
115,155,5,medium,medium,0.9893996479513256,0.6797070611419589,0.9837463367712626,0.9024139964343744,0.6966632962588474
115,158,5,medium,medium,0.9921547744969788,0.6837561962966785,0.988897951059182,0.9086313612538892,0.6578947368421053
115,166,5,medium,medium,0.988711216539478,0.6958192522732047,0.9842149011044092,0.8777724976696547,0.6585365853658536
115,168,5,medium,medium,0.9914822839269186,0.7334543771411015,0.9874622326177356,0.9222918687054894,0.6641025641025641
115,169,5,medium,medium,0.9877407532062226,0.6824381748231276,0.9844634823723166,0.9008214081683776,0.6206896551724137
115,171,5,medium,medium,0.9913259650760312,0.6929051036871718,0.9874706671121004,0.9194778602438104,0.6519230769230769
115,192,5,medium,medium,0.9893570169015816,0.6908759948452246,0.985219851745801,0.918082355840784,0.5972972972972972
115,202,5,medium,medium,0.9899530434773708,0.721662934832929,0.987723404339014,0.9169393171970874,0.65625
115,203,5,medium,medium,0.9901515928329896,0.6057799641848189,0.9857064636707548,0.8964405952089433,0.6551724137931034
115,206,5,medium,medium,0.9933057190650572,0.7347163453842398,0.9913561061172498,0.9196017906997934,0.6857142857142857
115,207,5,medium,medium,0.9909026766477672,0.7217678546913425,0.9861600705291126,0.8943361230895885,0.638888888888889
115,210,5,medium,medium,0.9904371852646868,0.6014642449596223,0.9865101030722574,0.9429624975007304,0.6499999999999999
115,214,5,medium,medium,0.9919891888877528,0.6141304779913178,0.9899895396535588,0.9074382616690484,0.6818181818181819
115,215,5,medium,medium,0.9907798800759724,0.6879568103046225,0.988595358298189,0.899257864466821,0.6521739130434783
117,121,5,medium,medium,0.992028960328651,0.6914570459017478,0.9888789898192544,0.9354027447310742,0.6545092838196287
117,133,5,medium,medium,0.992412017777376,0.7505841085417914,0.9905006597641176,0.8961721437626454,0.6451612903225807
117,135,5,medium,medium,0.9892929328005752,0.7065656189145917,0.9839520862028676,0.9340558026503706,0.6478537360890302
117,142,5,medium,medium,0.9931174610415492,0.7557403933812402,0.991221691217679,0.9379231382847716,0.6561576354679802
117,143,5,medium,medium,0.9898151801862288,0.685975285913798,0.9864188169826132,0.9245701294937833,0.6178861788617886
117,145,5,medium,medium,0.9920419741590846,0.7230462358759645,0.9900845082780114,0.9031989533721468,0.6720430107526882
117,147,5,medium,medium,0.9900144986369483,0.7003346837796794,0.9862406824049694,0.9197913085412814,0.6399999999999999
117,151,5,medium,medium,0.9939598347204236,0.6712083012911343,0.992496409136397,0.9120632694469762,0.6444444444444445
117,155,5,medium,medium,0.990248452716278,0.7212190360177548,0.9868176383039896,0.9485574280693762,0.6363636363636365
117,158,5,medium,medium,0.992126018700341,0.7495793039004706,0.9895683545408328,0.9238113173799608,0.6666666666666666
117,166,5,medium,medium,0.989576922882888,0.7147629450677324,0.9857752479263892,0.887527018345054,0.6504112808460635
117,168,5,medium,medium,0.9908695816550538,0.7142008448681115,0.9879835398598096,0.908515018098677,0.6384099616858238
117,169,5,medium,medium,0.989693869139568,0.7000023041187711,0.985676939066873,0.9068200625807008,0.6744186046511629
117,171,5,medium,medium,0.9912779942464672,0.7257027477839861,0.9873375522846584,0.9226934812186992,0.6333333333333333
117,192,5,medium,medium,0.990512176996494,0.6978500603665518,0.9878849079579785,0.9131592662662668,0.5862068965517242
117,202,5,medium,medium,0.9908840448098803,0.7026210758984133,0.9882963368768314,0.9104523709796736,0.6666666666666667
117,203,5,medium,medium,0.9905246651978562,0.6585633831718553,0.9850987838159854,0.8514606734090922,0.6545092838196287
117,206,5,medium,medium,0.9924733092678992,0.7154123806609067,0.9900858985012168,0.9155031489508496,0.6599999999999999
117,207,5,medium,medium,0.9913373337237212,0.6870705727493643,0.9890764289383231,0.9275612403201816,0.6071428571428572
117,210,5,medium,medium,0.9917182330719956,0.645788259556044,0.9889828121345056,0.9209918638259164,0.6585365853658536
117,214,5,medium,medium,0.9918138376441762,0.6857236981688701,0.9911218029499196,0.9239572258551452,0.6428571428571428
117,215,5,medium,medium,0.991421943833708,0.7503968625785525,0.9890604295207224,0.925284410437764,0.6756756756756758
121,133,5,medium,medium,0.993541520424922,0.6787856834881081,0.9918913141429408,0.9005717801452658,0.6666666666666667
121,135,5,medium,medium,0.9901096326136076,0.6918479414642008,0.9865798581916552,0.9333275523841672,0.6779953917050692
121,142,5,medium,medium,0.9927284947337836,0.6584122756162174,0.991420209265562,0.9195963745275518,0.6545092838196287
121,143,5,medium,medium,0.9916212400685191,0.6255569294831429,0.9884156623060488,0.9291728553202334,0.5957446808510638
121,145,5,medium,medium,0.9937876577281032,0.7023832451547493,0.9928477378906106,0.9119392244870352,0.6333333333333333
121,147,5,medium,medium,0.992440731145823,0.7112397611015859,0.9908627661859828,0.928122213158267,0.6628787878787878
121,151,5,medium,medium,0.9945936706387624,0.6438025574081307,0.9937889280944204,0.9013951052814352,0.6666666666666666
121,155,5,medium,medium,0.9927033092414076,0.6581131696000599,0.9914458564935992,0.9355525439721354,0.6799999999999999
121,158,5,medium,medium,0.9925777517321852,0.6599813645437466,0.9895738424677972,0.9236204621367394,0.6363636363636365
121,166,5,medium,medium,0.989750071732828,0.6956144752459423,0.9851422487611492,0.8599369793043417,0.6530100334448161
121,168,5,medium,medium,0.9933270199774136,0.7104543145631692,0.9908863697423196,0.9176932187165752,0.6399999999999999
121,169,5,medium,medium,0.9899291574397848,0.7268320321300688,0.9865294790467668,0.9200747113235428,0.6601906158357772
121,171,5,medium,medium,0.9937532438963972,0.6843366020119998,0.9926814610330073,0.9269451720926476,0.6474307237019101
121,192,5,medium,medium,0.9912741118991928,0.6567003496702062,0.9894272118383446,0.9219545996190394,0.6125670041691483
121,202,5,medium,medium,0.991783120208246,0.6959455862924412,0.9891819422315457,0.9149410383850352,0.625
121,203,5,medium,medium,0.9931483430168409,0.6317117284994531,0.993148477705292,0.8900581903352733,0.65625
121,206,5,medium,medium,0.9942920680140646,0.6996675752192874,0.9934568225809446,0.9108778836292468,0.6888888888888889
121,207,5,medium,medium,0.992532770749191,0.7067037912335626,0.989170615267802,0.9234392171935162,0.6086956521739131
121,210,5,medium,medium,0.9943701632661056,0.7024337132507468,0.993709147218968,0.9259447302215332,0.6799999999999999
121,214,5,medium,medium,0.993220463993164,0.7054660633705487,0.9912707762038844,0.9174557262924818,0.6436507936507936
121,215,5,medium,medium,0.9916494511428772,0.6482053404563667,0.9911001972528786,0.9052300179234386,0.6666666666666667
133,135,5,medium,medium,0.9908399141520088,0.6641939549457055,0.9871757532453108,0.9345026379751378,0.7905701754385965
133,142,5,medium,medium,0.992979085581469,0.7186019046446359,0.9906055987469295,0.9143824881347056,0.6756756756756758
133,143,5,medium,medium,0.9922568400672972,0.6545910847437082,0.9894939736950864,0.8895180765239971,0.4054054054054054
133,145,5,medium,medium,0.9928938387901486,0.7084626358997859,0.9902527956520084,0.9316406408940612,0.7894736842105263
133,147,5,medium,medium,0.9922210081522164,0.6863348911761136,0.9905927793012808,0.9583061536260652,0.8235294117647058
133,151,5,medium,medium,0.9944122542944298,0.6911332372779109,0.9930172511941416,0.9063634984776696,0.7
133,155,5,medium,medium,0.9910459234722768,0.7534418480377543,0.987430503438742,0.8881775013038182,0.7000000000000001
133,158,5,medium,medium,0.992933404242466,0.7016882486458432,0.9895169192396148,0.9520591324723512,0.5657142857142857
133,166,5,medium,medium,0.99057386470765,0.7444921129107721,0.9881865136608214,0.903857868478672,0.7777777777777779
133,168,5,medium,medium,0.9918549957280256,0.7309208708729789,0.988926467565208,0.9030000867459458,0.7599999999999999
133,169,5,medium,medium,0.990394072698669,0.662434140625464,0.9877817161162118,0.9169200318795524,0.6
133,171,5,medium,medium,0.9933867922901892,0.6798831497038893,0.9909772458318858,0.9331553997183442,0.5384615384615385
133,192,5,medium,medium,0.9917297740458232,0.6638639131910269,0.9882249136533297,0.8898204462325913,0.5
133,202,5,medium,medium,0.991079427393588,0.7017152312608197,0.9880901184335806,0.9147508575134532,0.6470588235294117
133,203,5,medium,medium,0.99212580409213,0.5739331798854571,0.9890566208397836,0.897875681517739,0.736842105263158
133,206,5,medium,medium,0.9932773133567392,0.704752455590276,0.9921685192437742,0.9140750868385572,0.7360681114551084
133,207,5,medium,medium,0.992386444579781,0.7178741675861726,0.9897042929174122,0.898710303437457,0.5333333333333334
133,210,5,medium,medium,0.993289136342018,0.6804599611109492,0.9910254091865984,0.9323037188985804,0.75
133,214,5,medium,medium,0.992963301265055,0.758213813804079,0.990864147223492,0.9029998742144858,0.7083333333333334
133,215,5,medium,medium,0.9918705615807452,0.6993559201266057,0.9894906220536784,0.9104047201802395,0.7586206896551724
135,142,5,medium,medium,0.990975439501209,0.6711564611736219,0.987905836381373,0.927557461266539,0.6870629370629371
135,143,5,medium,medium,0.9874675268067964,0.5627725839589862,0.9819659530318318,0.9094435735905058,0.541958041958042
135,145,5,medium,medium,0.9908630216998672,0.7229083603307505,0.9886676012470637,0.9191193667691772,0.7543103448275862
135,147,5,medium,medium,0.989074246032704,0.7080916404979924,0.9853547480543512,0.916561270606166,0.8148148148148148
135,151,5,medium,medium,0.993101544881248,0.6636494339274863,0.9904301440540076,0.934633526935924,0.7161172161172161
135,155,5,medium,medium,0.9889042125749484,0.6853805386157865,0.9858329356906412,0.9174217562213348,0.7703296703296703
135,158,5,medium,medium,0.9900338557526792,0.6939386237771095,0.9868989897416784,0.9092582885516872,0.5833333333333335
135,166,5,medium,medium,0.9883910495847292,0.7068800218246474,0.9840550155968424,0.8799816438384332,0.75
135,168,5,medium,medium,0.988840642667106,0.7046960302827217,0.9878240960550811,0.9091673492770368,0.7399355877616748
135,169,5,medium,medium,0.9881810104272344,0.6795999066236449,0.9838342167143213,0.8865816209112523,0.6226415094339623
135,171,5,medium,medium,0.9893969787202146,0.6910471331987349,0.985035526950246,0.9285132992759224,0.5625
135,192,5,medium,medium,0.9891959153431652,0.7206649363419024,0.9865461294211012,0.9136824970764305,0.5294117647058824
135,202,5,medium,medium,0.9886128947286044,0.6600848282826208,0.9845963994437884,0.9012065750045156,0.6399999999999999
135,203,5,medium,medium,0.9884286781996434,0.6168053637200411,0.9826019863946664,0.8967509516747932,0.7692307692307692
135,206,5,medium,medium,0.9915207312319938,0.7148867706379766,0.9895351793687408,0.909808736517612,0.71875
135,207,5,medium,medium,0.9904243976013744,0.7072465001519026,0.9872852341249072,0.9253753511551892,0.5865384615384616
135,210,5,medium,medium,0.990134361263011,0.6378306578819279,0.9839067722744064,0.911097427605261,0.7587878787878788
135,214,5,medium,medium,0.9913430893518952,0.6575325951667657,0.990036278431518,0.8842131681946646,0.7
135,215,5,medium,medium,0.9906523090335764,0.7030658640897465,0.9887994257780476,0.906158728413347,0.7142857142857142
142,143,5,medium,medium,0.9915209158368976,0.7050349441788009,0.9876790819038744,0.9235077529170344,0.5818181818181818
142,145,5,medium,medium,0.9930075894797432,0.7226859733221679,0.9909432585060158,0.8796457516076905,0.6666666666666667
142,147,5,medium,medium,0.9917394785266276,0.7109730995642496,0.988546532835667,0.9011928634936508,0.6666666666666666
142,151,5,medium,medium,0.9942687021177544,0.691372126952311,0.9926846928259964,0.9146102854847484,0.6153846153846154
142,155,5,medium,medium,0.9931220403408548,0.7105227911858449,0.9910570145305144,0.9172208575233816,0.7
142,158,5,medium,medium,0.9934923710229506,0.7695786401384426,0.9921892363189292,0.9132564382073456,0.6300322061191627
142,166,5,medium,medium,0.9910980657110456,0.7518554501302147,0.9883987223125282,0.875975279622403,0.6818181818181819
142,168,5,medium,medium,0.9924515698798488,0.6721498185828001,0.9904168722781288,0.9121810340862888,0.6428571428571428
142,169,5,medium,medium,0.9913690624287168,0.7596090049048196,0.9885605102958084,0.9251543120978212,0.625
142,171,5,medium,medium,0.9936922395778814,0.6720604150842385,0.9917771849647056,0.9246342990475028,0.6
142,192,5,medium,medium,0.9904975650688076,0.6515865283721101,0.9872748184413308,0.9141005969312944,0.5789473684210527
142,202,5,medium,medium,0.9924176017863916,0.7306989962494198,0.9906133311066996,0.9103710324324218,0.6666666666666667
142,203,5,medium,medium,0.9922922408509524,0.5893351525548196,0.990851556628494,0.8750549596764027,0.6721311475409837
142,206,5,medium,medium,0.993660749951147,0.7100402953099527,0.9924353496051376,0.9055125013906434,0.6451612903225807
142,207,5,medium,medium,0.992851263290529,0.706762978479482,0.990467162279263,0.9417048891347714,0.6324561403508773
142,210,5,medium,medium,0.9939183755076904,0.6435559418400449,0.9918710042466282,0.9218017325453584,0.6809090909090909
142,214,5,medium,medium,0.9935203474590836,0.7145636470890095,0.9914807802569198,0.9080099587598268,0.6666666666666666
142,215,5,medium,medium,0.9927370032153858,0.717364244182249,0.99126030493156,0.9436802895968636,0.6363636363636365
143,145,5,medium,medium,0.9917958387136828,0.6417321259724306,0.9902696629205442,0.9081221034723292,0.5213636363636364
143,147,5,medium,medium,0.98942689937196,0.7799968149868095,0.9839524164976546,0.9089613039455376,0.5227272727272727
143,151,5,medium,medium,0.9943677331749504,0.6232572188964125,0.9916357073273386,0.8888932585016723,0.6
143,155,5,medium,medium,0.9897797806419022,0.6600302891667498,0.9858845037823372,0.9464138935079076,0.5517241379310345
143,158,5,medium,medium,0.9911488854754296,0.6706574246495227,0.9869972634870516,0.8892479261747335,0.6301369863013699
143,166,5,medium,medium,0.987406431842646,0.6686027862796465,0.9814753098720622,0.8442606005091804,0.625
143,168,5,medium,medium,0.9893039148035108,0.6136050959979852,0.9856254306382456,0.8890836276955024,0.5714285714285714
143,169,5,medium,medium,0.987781709450006,0.6516052617502411,0.982598453135253,0.915810581757218,0.5652173913043478
143,171,5,medium,medium,0.9898991032273694,0.7334426585043293,0.9838062504332832,0.918797324577964,0.6220238095238095
143,192,5,medium,medium,0.98740194201473,0.7617471173334298,0.9844726923520308,0.9175062937550464,0.6275128104059914
143,202,5,medium,medium,0.9893575379474908,0.6570995265370362,0.9851899066365186,0.9128664727902196,0.5980769230769231
143,203,5,medium,medium,0.9877603737428112,0.6187502226583449,0.9867389847986628,0.9139928091996594,0.4810897435897435
143,206,5,medium,medium,0.9928832928596096,0.6158127016172399,0.9899080367766742,0.9407680613899072,0.6399999999999999
143,207,5,medium,medium,0.9911741625265534,0.711073280648628,0.987560835011287,0.9344042173712708,0.625
143,210,5,medium,medium,0.9903267065114186,0.7215436395795682,0.9872119648150808,0.9438846858117844,0.574468085106383
143,214,5,medium,medium,0.9915304046385788,0.6147194808192669,0.9877089233939326,0.9139064632477994,0.4772727272727273
143,215,5,medium,medium,0.9891164923711768,0.6998140445356552,0.984688744305654,0.9304740654803474,0.5456221198156682
145,147,5,medium,medium,0.9920003529072152,0.7347072002993308,0.9916674922311394,0.925820813393241,0.7894736842105263
145,151,5,medium,medium,0.9941959090190904,0.6524120763680155,0.9927372903139,0.894265166052197,0.6896551724137931
145,155,5,medium,medium,0.992666983229144,0.6933559713147645,0.9910265203170284,0.8996895945571609,0.7459677419354839
145,158,5,medium,medium,0.9930317191367506,0.7221166681887614,0.9903384422006712,0.9364576315606769,0.6
145,166,5,medium,medium,0.990760228065935,0.7397758255029616,0.9877499579104808,0.870957337300984,0.75
145,168,5,medium,medium,0.9925366326202136,0.7274740309230527,0.9903624633675496,0.907188231804951,0.736842105263158
145,169,5,medium,medium,0.9902814642013236,0.7252791970060083,0.987190574326634,0.9169129521842432,0.6199999999999999
145,171,5,medium,medium,0.9929585597554352,0.6851105425953143,0.9896910092268896,0.9203277405838588,0.5962962962962963
145,192,5,medium,medium,0.9911064851177456,0.705292794776406,0.9881916321286398,0.9407138562908772,0.5853658536585366
145,202,5,medium,medium,0.9916795636100236,0.7146640001989368,0.9906676228627442,0.9281590861041672,0.6428571428571428
145,203,5,medium,medium,0.9920549104273888,0.5910355112287915,0.9899938198999452,0.9306830359836282,0.6521739130434783
145,206,5,medium,medium,0.9929836772771916,0.7191425071188133,0.991020995205566,0.928029861842224,0.7297297297297298
145,207,5,medium,medium,0.9925319652752874,0.7245916961368382,0.9908533589262336,0.9120250998480688,0.6071428571428572
145,210,5,medium,medium,0.9936478817459544,0.6733066854014028,0.9931258716026898,0.918163564095748,0.7272727272727273
145,214,5,medium,medium,0.9929132557569056,0.7254657818944028,0.9906489520168212,0.908430689759665,0.75
145,215,5,medium,medium,0.9923317493161876,0.7404537034806926,0.9911510961139148,0.8721487539287929,0.736842105263158
147,151,5,medium,medium,0.9940595545128018,0.6471520275249593,0.9927549995835746,0.9119642369527662,0.7290209790209791
147,155,5,medium,medium,0.9896064213670877,0.7725817893237248,0.9849377071200652,0.9205033949007968,0.7619047619047619
147,158,5,medium,medium,0.9918851580885062,0.7405874585181482,0.989450667532764,0.9481265141510457,0.5714285714285714
147,166,5,medium,medium,0.9890026806823236,0.7414142586886368,0.986196862489514,0.8973632242541157,0.7777777777777779
147,168,5,medium,medium,0.9912760491794996,0.7442449108794094,0.9866612413446436,0.9150300382431966,0.7290209790209791
147,169,5,medium,medium,0.9880896528253504,0.7220757370419673,0.9834866208219362,0.905866944639652,0.5999999999999999
147,171,5,medium,medium,0.9914075519356113,0.7358751234358224,0.9876632514333594,0.939302707860494,0.5333333333333334
147,192,5,medium,medium,0.989760904600481,0.767167715809374,0.9858136587377666,0.9388591768549216,0.52859477124183
147,202,5,medium,medium,0.990898052086566,0.7536301188892138,0.9864495551150956,0.930027429546018,0.6915760869565217
147,203,5,medium,medium,0.9903665552665418,0.659377090312368,0.9870285138350198,0.8796417829855593,0.8076923076923078
147,206,5,medium,medium,0.9928955671086002,0.681120662180975,0.9907555351898744,0.8952098903768377,0.736842105263158
147,207,5,medium,medium,0.991073229587431,0.7315388433451935,0.9881834971169846,0.913898837994973,0.5806451612903225
147,210,5,medium,medium,0.9913240226395992,0.6775986434244945,0.9875662098572152,0.9461026400809112,0.7619047619047619
147,214,5,medium,medium,0.9921800560788882,0.6691647345443468,0.9901142050647224,0.9394395960435316,0.7619047619047619
147,215,5,medium,medium,0.9916261909895896,0.7409065570461303,0.9876259698814592,0.9218320458789468,0.7656739811912225
151,155,5,medium,medium,0.9941342678761288,0.6210884147684692,0.991091038836906,0.9271442643594952,0.701851851851852
151,158,5,medium,medium,0.9945942520585492,0.6910180401389018,0.9926069270126642,0.905661989821332,0.6499999999999999
151,166,5,medium,medium,0.992903276519992,0.678073583768005,0.9909605789769824,0.8897290771363975,0.7142857142857142
151,168,5,medium,medium,0.9936128808287082,0.6696390288297103,0.9920392402611083,0.9238134545823606,0.6774193548387097
151,169,5,medium,medium,0.9922527624820794,0.6597177654801607,0.9909896104172706,0.8853124219064848,0.6363636363636365
151,171,5,medium,medium,0.99481137373397,0.6297119135268616,0.9921237061282212,0.8888176995040015,0.5961538461538463
151,192,5,medium,medium,0.9939763269432892,0.6154511385796996,0.9926479742027507,0.8968617749436631,0.6099627945431997
151,202,5,medium,medium,0.9939688749110088,0.6500234233328592,0.9930945116421512,0.9237721638120728,0.6666666666666666
151,203,5,medium,medium,0.9946721067800606,0.4636604814108201,0.991559041021554,0.901489555953918,0.5952380952380952
151,206,5,medium,medium,0.9945590352650472,0.7015380530432586,0.993868356370205,0.9191880804265232,0.6666666666666666
151,207,5,medium,medium,0.99376947658784,0.6522486858014906,0.9919294953063524,0.914939386042828,0.5909090909090909
151,210,5,medium,medium,0.9948014563437712,0.6006322786619519,0.9933998216245884,0.8974699023164768,0.6818181818181819
151,214,5,medium,medium,0.9935825157744776,0.7036872872657569,0.9922273349864246,0.8974134099453759,0.6666666666666666
151,215,5,medium,medium,0.9938255940161856,0.6608093923498461,0.9928027002258416,0.896079419015716,0.7142857142857142
155,158,5,medium,medium,0.9922523806164852,0.7253651423315586,0.9883616245020536,0.9118325573358323,0.6
155,166,5,medium,medium,0.9894501843012388,0.6915230073226254,0.9859602785030358,0.8840114625014834,0.736842105263158
155,168,5,medium,medium,0.9895711116934736,0.7367699141497347,0.9843124083134762,0.9023617912301792,0.7142857142857143
155,169,5,medium,medium,0.9884212099240804,0.6702350725548862,0.9857561241266708,0.91465426873978,0.6296296296296298
155,171,5,medium,medium,0.9920237760816012,0.7121967369709534,0.9880468050513476,0.934597672059051,0.631578947368421
155,192,5,medium,medium,0.990152411653778,0.7689725763771491,0.98457463733306,0.9285098959330648,0.5732142857142857
155,202,5,medium,medium,0.9892337435928004,0.6827932058142034,0.9858017824153924,0.9096426356995734,0.7083333333333334
155,203,5,medium,medium,0.9892854728276288,0.7019344848762006,0.9879409270157324,0.8617829101853026,0.6733333333333333
155,206,5,medium,medium,0.9928896012873546,0.7156521039464964,0.9907332460911518,0.9251624936470856,0.675
155,207,5,medium,medium,0.991877807259578,0.67679917263084,0.988807525784046,0.934354054490137,0.6
155,210,5,medium,medium,0.9914452281833636,0.6635380489933532,0.9878180392663968,0.9242374548027892,0.75
155,214,5,medium,medium,0.9927587097478372,0.6495414319143092,0.9898861277130552,0.9130379222808194,0.6944444444444445
155,215,5,medium,medium,0.9905678294756722,0.7486047354970717,0.986821025840234,0.9202215259172666,0.6216216216216217
158,166,5,medium,medium,0.9911840058454158,0.7244838208769637,0.9860217342583284,0.8706726360838306,0.5925925925925926
158,168,5,medium,medium,0.992396365519106,0.7131199411958218,0.988898674679203,0.9162154506489,0.5999999999999999
158,169,5,medium,medium,0.9901756331617396,0.7493261570683161,0.987286285640972,0.9187545918187164,0.6136363636363636
158,171,5,medium,medium,0.9921778110321916,0.6712509466771743,0.9889906052028868,0.9396338131982322,0.6153846153846154
158,192,5,medium,medium,0.9915293544577848,0.6697434148770314,0.9890794664036796,0.906354130625146,0.6378539493293591
158,202,5,medium,medium,0.9913133437236444,0.706944433051443,0.9878634787996756,0.9196057180728766,0.6483983983983984
158,203,5,medium,medium,0.9919460445563976,0.6912514584150122,0.9882489616036952,0.9075526878238164,0.6104702750665484
158,206,5,medium,medium,0.993569102819033,0.6854838716691143,0.9913169080517148,0.9073705395831054,0.631578947368421
158,207,5,medium,medium,0.9921148112670432,0.7322460445352055,0.9888064726691982,0.9123378059854392,0.603030303030303
158,210,5,medium,medium,0.9926575484103716,0.6270226893030939,0.9908515229618524,0.918856545342826,0.5741758241758241
158,214,5,medium,medium,0.9933368309229568,0.7164690872958005,0.9918955942276207,0.905561540623446,0.6666666666666666
158,215,5,medium,medium,0.9922238449567242,0.7458050129623115,0.9896945786888024,0.897669572796463,0.6176470588235294
166,168,5,medium,medium,0.9887838122683524,0.703853047465266,0.9849360255925304,0.8470278554318564,0.75
166,169,5,medium,medium,0.9872615628443332,0.7388168194502973,0.982772530090299,0.8561538594542528,0.6090353260869565
166,171,5,medium,medium,0.9907932721339106,0.6978041266252105,0.9856205988184056,0.8980809255257508,0.5694980694980696
166,192,5,medium,medium,0.9884176686762036,0.6911601624529882,0.9843703797933152,0.8572115893691885,0.5480030721966206
166,202,5,medium,medium,0.9896598545606792,0.6419887070101891,0.9855180810181794,0.9059347148064494,0.7254901960784315
166,203,5,medium,medium,0.987455073501559,0.5280688633791719,0.9797300005928916,0.9036778914578126,0.6982142857142857
166,206,5,medium,medium,0.9920586078931152,0.7307392477205585,0.989239680971896,0.8737445723545271,0.6956521739130435
166,207,5,medium,medium,0.9893692671028688,0.7059535328610655,0.9862405649851655,0.8906419728229573,0.5813673567645643
166,210,5,medium,medium,0.9883951086882676,0.6873321266368242,0.983288711193713,0.8975989595210366,0.75
166,214,5,medium,medium,0.991697021383206,0.7222823572531063,0.9887186705319128,0.8450287049106485,0.7165178571428572
166,215,5,medium,medium,0.989680647360416,0.7365173135387117,0.9853346150204818,0.8770392634894535,0.7272727272727273
168,169,5,medium,medium,0.9880339409065316,0.702484458805953,0.9836421174405114,0.8964261060018792,0.6153846153846154
168,171,5,medium,medium,0.9926711795449528,0.7182123619289398,0.9891550485903494,0.9056078849102996,0.5517241379310345
168,192,5,medium,medium,0.9896210112684198,0.6962739768529423,0.9863141288432614,0.9069598664691694,0.5517241379310345
168,202,5,medium,medium,0.9896787567903352,0.7231085157523873,0.988028984461279,0.9053610660875112,0.6521739130434783
168,203,5,medium,medium,0.9897684404382412,0.6157992934419249,0.9867250697514334,0.86994298585714,0.7000000000000001
168,206,5,medium,medium,0.9922661147776504,0.7330241931756667,0.9896014641249936,0.9210445914611882,0.6857142857142857
168,207,5,medium,medium,0.9918403192549774,0.696423375833062,0.98882475956639,0.9157277551239504,0.6047544409613375
168,210,5,medium,medium,0.9912959029568832,0.661556180960297,0.9876766601145854,0.91160093048423,0.72
168,214,5,medium,medium,0.9920227365072116,0.6826288651913415,0.989371965092528,0.9175170534643852,0.7
168,215,5,medium,medium,0.9905038090096738,0.780213479617544,0.9868582886303092,0.88452620314648,0.7391304347826088
169,171,5,medium,medium,0.9897070926605064,0.681862541501244,0.9849596401472436,0.9099201988629044,0.6499999999999999
169,192,5,medium,medium,0.9874756062800584,0.6499278409708582,0.9819908164603728,0.9018574757094632,0.5925925925925926
169,202,5,medium,medium,0.9893808955293392,0.6861946241912618,0.9868769087232772,0.9056895321613244,0.6
169,203,5,medium,medium,0.9867741573812652,0.5866905094736597,0.9802148026582644,0.8647382071639593,0.5999999999999999
169,206,5,medium,medium,0.9917089159822124,0.7102388494413738,0.9893353404182896,0.9263755903988984,0.6129032258064516
169,207,5,medium,medium,0.989933827332222,0.742008751069806,0.9861084360708297,0.9090631468648256,0.625
169,210,5,medium,medium,0.988248685542776,0.7067131521847103,0.9827706353932482,0.9117089361031744,0.6226415094339623
169,214,5,medium,medium,0.9918856426911584,0.6798085548093276,0.9906805133555332,0.8950853183524049,0.6857142857142857
169,215,5,medium,medium,0.989048472112571,0.7312379160979903,0.9848708635936524,0.9247403413775024,0.625
171,192,5,medium,medium,0.9906176859824192,0.8013202205285083,0.9858961732938832,0.91128790467048,0.607843137254902
171,202,5,medium,medium,0.9910055614512912,0.6472621638742172,0.985992555858256,0.933554572447926,0.6504524886877828
171,203,5,medium,medium,0.9914544584126124,0.630778780916553,0.9882121150880344,0.9082517254169776,0.575
171,206,5,medium,medium,0.9938636847030315,0.6708235231229098,0.9916509806883652,0.930726321325798,0.6037735849056605
171,207,5,medium,medium,0.9921730551225616,0.7216123250338042,0.9893934498537568,0.932915712541116,0.6140350877192983
171,210,5,medium,medium,0.9929901851190284,0.6766555077636334,0.9895432990152476,0.9605283927999084,0.5773195876288659
171,214,5,medium,medium,0.9930725254715196,0.6773214902286293,0.9897070555293392,0.8821021815855037,0.5466998754669988
171,215,5,medium,medium,0.9934042704748672,0.6457633459613312,0.9914422811519086,0.8975905830572937,0.6
192,202,5,medium,medium,0.9896438385025144,0.7470967965915731,0.9859912337122112,0.9120630060834628,0.6198686371100164
192,203,5,medium,medium,0.9870534736967884,0.6541584915014691,0.9831714582557176,0.9156018761506486,0.56
192,206,5,medium,medium,0.9930037408029728,0.6751210492282798,0.9907633346912522,0.9239230560309832,0.5909391534391535
192,207,5,medium,medium,0.9914301757622662,0.6805095466710477,0.9871412530771836,0.9225544015695762,0.6153846153846154
192,210,5,medium,medium,0.991725657017258,0.7282551715179268,0.987633442369118,0.9276605890060846,0.5945945945945945
192,214,5,medium,medium,0.9921187548960416,0.6330017808595472,0.9907813090635722,0.9200515505681276,0.5976190476190476
192,215,5,medium,medium,0.9903827354641884,0.7841477036923956,0.9867607410759506,0.8922025803302199,0.6
202,203,5,medium,medium,0.9885804970040796,0.5870808266849089,0.9832398526460574,0.936591254882846,0.676470588235294
202,206,5,medium,medium,0.9922542389384272,0.6480715558391056,0.990424773246374,0.95693934678309,0.6666666666666667
202,207,5,medium,medium,0.9915069654370764,0.6913827416987113,0.9862648210242124,0.9088307932726776,0.6129032258064516
202,210,5,medium,medium,0.9907235347287394,0.6918059957642785,0.9877998183058768,0.9402469215384368,0.6666666666666666
202,214,5,medium,medium,0.9927845209995289,0.6285083334149628,0.9906893511139654,0.8950972826050806,0.6799999999999999
202,215,5,medium,medium,0.9907845590522312,0.7553356088411232,0.9883085764082972,0.9297946187630284,0.6216216216216217
203,206,5,medium,medium,0.99310780011954,0.5652886736045348,0.9914494415752692,0.8899995997872516,0.701851851851852
203,207,5,medium,medium,0.991669350200672,0.6027202895573116,0.9871792741895372,0.9077151422296078,0.6071428571428572
203,210,5,medium,medium,0.9914722128963984,0.6386752214632945,0.9914219715851132,0.8962004110535177,0.736842105263158
203,214,5,medium,medium,0.9925370187925046,0.5955852197252414,0.9892579416078872,0.8621212898803712,0.736842105263158
203,215,5,medium,medium,0.9909434720699636,0.6083571073569101,0.9862091926549064,0.8928038291983215,0.6969696969696969
206,207,5,medium,medium,0.9934775954961642,0.6963212849748134,0.9922052731294322,0.9104692491123114,0.6470588235294117
206,210,5,medium,medium,0.9941193488049384,0.6462013697363115,0.9907677208946776,0.9315073352846766,0.6956521739130435
206,214,5,medium,medium,0.9928326751312992,0.7051457580909226,0.9918663614297304,0.9082749345662748,0.6939799331103679
206,215,5,medium,medium,0.9938652400943748,0.7205409889543102,0.9926073908518728,0.9207279261168676,0.6877280265339967
207,210,5,medium,medium,0.991906871620681,0.6785432256731592,0.9878893740460868,0.9318480410410684,0.6086956521739131
207,214,5,medium,medium,0.9928358768351458,0.6744588786163682,0.9908219244764832,0.8963661957374105,0.6333333333333333
207,215,5,medium,medium,0.9915144100360797,0.7217852814037369,0.988240192707858,0.9433775244211436,0.6
210,214,5,medium,medium,0.99362423172749,0.6602784172026857,0.9914066321080514,0.9036751796034462,0.7142857142857142
210,215,5,medium,medium,0.992157430078731,0.7607454324399496,0.988962264331195,0.9222485726085314,0.7142857142857142
214,215,5,medium,medium,0.9928309249887434,0.6793016498232117,0.9907179131940164,0.8717050769572513,0.7096774193548387
