exp_a,exp_b,trial_id,expertise_a,expertise_b,score
13,62,2,low,medium,0.8526221737442681
13,6,2,low,medium,0.8300318286772603
13,66,2,low,medium,0.9309723316342923
13,97,2,low,medium,0.8311266306475396
13,89,2,low,medium,0.8532273284468295
13,147,2,low,medium,0.7739580480963913
13,143,2,low,medium,0.8511678648053097
13,142,2,low,medium,0.8509893712933199
13,55,2,low,medium,0.7999022702169369
13,135,2,low,medium,0.8020185181597086
21,73,2,low,medium,0.8485894730049184
13,15,2,low,medium,0.8524246133143372
21,25,2,low,medium,0.7526103787747431
13,61,2,low,medium,0.8421982362410345
21,72,2,low,medium,0.8336596329744336
13,206,2,low,medium,0.825431353712267
21,33,2,low,medium,0.8644091304907111
13,125,2,low,medium,0.8718165078127632
13,88,2,low,medium,0.8852657030734736
13,73,2,low,medium,0.8455906795926085
21,66,2,low,medium,0.8970067855984832
13,53,2,low,medium,0.8685010696604684
13,120,2,low,medium,0.8237187917848414
13,202,2,low,medium,0.8562474266564322
13,117,2,low,medium,0.8594356393987903
21,62,2,low,medium,0.8380152650891036
13,50,2,low,medium,0.9032634547121434
13,197,2,low,medium,0.8436697283822084
21,32,2,low,medium,0.7773263180243799
13,207,2,low,medium,0.8404554481345621
13,115,2,low,medium,0.7381016608883121
21,61,2,low,medium,0.8455416929505483
21,24,2,low,medium,0.8614653543638943
13,14,2,low,medium,0.7672976190413028
13,51,2,low,medium,0.8857077471671727
13,20,2,low,medium,0.7861576409588712
13,194,2,low,medium,0.794497554962632
13,24,2,low,medium,0.873164237303975
13,112,2,low,medium,0.8141838646132852
21,58,2,low,medium,0.8435586714233848
21,20,2,low,medium,0.8237018154964582
13,192,2,low,medium,0.7742258444660697
13,108,2,low,medium,0.9090007930325424
21,57,2,low,medium,0.8725476131788916
13,191,2,low,medium,0.8411156688123016
13,105,2,low,medium,0.790199915482
21,55,2,low,medium,0.8261833338215102
21,18,2,low,medium,0.8704247276379692
13,190,2,low,medium,0.8653430304757267
13,75,2,low,medium,0.8667136016445431
21,54,2,low,medium,0.8806796553734688
21,17,2,low,medium,0.8051028012010674
13,185,2,low,medium,0.7801311247943145
13,145,2,low,medium,0.8049810331211869
21,53,2,low,medium,0.8098427905984857
21,16,2,low,medium,0.797678279858791
13,42,2,low,medium,0.9087579854386472
13,4,2,low,medium,0.8090129774795728
13,171,2,low,medium,0.837656720969714
13,155,2,low,medium,0.857223282953746
13,18,2,low,medium,0.8851167888875365
21,51,2,low,medium,0.8630041300294308
21,15,2,low,medium,0.7926482523639464
13,72,2,low,medium,0.8441584409007676
13,169,2,low,medium,0.8627958854226079
13,40,2,low,medium,0.8292015735586779
21,50,2,low,medium,0.83632544775822
21,14,2,low,medium,0.8158122249100599
13,168,2,low,medium,0.7961029766031233
13,84,2,low,medium,0.8566703693676508
21,42,2,low,medium,0.8825275078112175
21,6,2,low,medium,0.8225361277672391
13,33,2,low,medium,0.8356588849215787
13,91,2,low,medium,0.8354496843282911
21,4,2,low,medium,0.7927224561420139
21,40,2,low,medium,0.8472339649636926
13,215,2,low,medium,0.8797311584393163
13,214,2,low,medium,0.787640244945841
13,212,2,low,medium,0.7996134646891545
13,81,2,low,medium,0.8858846587191491
13,58,2,low,medium,0.8171641268095738
13,210,2,low,medium,0.8678957572808527
13,158,2,low,medium,0.7887851982176843
13,203,2,low,medium,0.9018159696475484
13,16,2,low,medium,0.7555038880115841
13,151,2,low,medium,0.791157127223042
13,83,2,low,medium,0.8510965224311006
13,32,2,low,medium,0.7840926886623902
13,54,2,low,medium,0.8697526457573189
13,17,2,low,medium,0.8098123495707259
13,25,2,low,medium,0.7611608013216511
13,57,2,low,medium,0.8788363841820537
21,88,2,low,medium,0.8738734892839274
21,108,2,low,medium,0.8954476561147032
21,125,2,low,medium,0.8651078109342302
21,143,2,low,medium,0.8636078035628112
21,115,2,low,medium,0.7994279669682012
21,105,2,low,medium,0.813964879802591
21,120,2,low,medium,0.8101288608220975
21,142,2,low,medium,0.8414125577051481
21,112,2,low,medium,0.7797163975207672
21,117,2,low,medium,0.8556988629533224
21,91,2,low,medium,0.8694014176609459
21,97,2,low,medium,0.784191427638618
21,75,2,low,medium,0.8320981569529214
21,84,2,low,medium,0.8304998419472385
21,81,2,low,medium,0.8590594402019661
21,135,2,low,medium,0.7508959608425025
21,145,2,low,medium,0.8145973801328116
21,83,2,low,medium,0.8479935134408813
21,89,2,low,medium,0.8381613394501707
21,147,2,low,medium,0.7955841392692731
21,158,2,low,medium,0.80578103597009
21,190,2,low,medium,0.8723346806324712
21,185,2,low,medium,0.7686885274398219
21,203,2,low,medium,0.8870429594437738
21,169,2,low,medium,0.8238537263049034
21,155,2,low,medium,0.8538020855045421
21,210,2,low,medium,0.8530544321865756
21,191,2,low,medium,0.8372980539585289
27,4,2,low,medium,0.8949030459420398
27,6,2,low,medium,0.8290920538713358
21,206,2,low,medium,0.8130127805585622
21,168,2,low,medium,0.8025310011684886
21,171,2,low,medium,0.8389732682606301
27,14,2,low,medium,0.8486635011382516
21,192,2,low,medium,0.8118181603734519
27,15,2,low,medium,0.8863093425630363
27,16,2,low,medium,0.8928339780901776
27,17,2,low,medium,0.8799438338607216
21,212,2,low,medium,0.8017188986687667
21,207,2,low,medium,0.8315872934223191
21,197,2,low,medium,0.8538703233295728
21,214,2,low,medium,0.7799427223896461
27,18,2,low,medium,0.8908578014077033
21,215,2,low,medium,0.8487259939912368
27,24,2,low,medium,0.9012983792388389
27,32,2,low,medium,0.868741607058902
27,33,2,low,medium,0.8844356817720191
27,25,2,low,medium,0.8990418802845105
27,20,2,low,medium,0.9024333487756915
27,40,2,low,medium,0.8908488635933128
27,42,2,low,medium,0.8313830367901792
27,51,2,low,medium,0.8300062607536799
21,194,2,low,medium,0.8117310317286034
27,57,2,low,medium,0.8866499559292774
27,50,2,low,medium,0.9307663985184286
21,202,2,low,medium,0.8561725796896106
21,151,2,low,medium,0.7857498882203361
27,62,2,low,medium,0.8418293646214441
27,53,2,low,medium,0.8582854631928886
27,54,2,low,medium,0.8562461154469417
27,58,2,low,medium,0.8628347617968641
27,55,2,low,medium,0.9318921472158204
27,72,2,low,medium,0.8897671973104406
27,73,2,low,medium,0.8866808970546194
27,88,2,low,medium,0.8192324956326213
27,66,2,low,medium,0.8861999307132791
27,81,2,low,medium,0.8757624705234379
27,84,2,low,medium,0.8779843895478437
27,91,2,low,medium,0.900804368598574
27,61,2,low,medium,0.859973764416894
27,108,2,low,medium,0.8067500002297854
27,89,2,low,medium,0.9200161660116575
27,97,2,low,medium,0.8827520217938544
27,83,2,low,medium,0.9089784543537532
27,115,2,low,medium,0.8649188858745868
27,75,2,low,medium,0.9021205913431347
27,112,2,low,medium,0.8966859720152762
27,117,2,low,medium,0.8807090730737756
27,143,2,low,medium,0.8829378384224735
27,125,2,low,medium,0.8970896951631266
27,145,2,low,medium,0.8432214007628113
27,105,2,low,medium,0.8685527638402607
27,120,2,low,medium,0.8770761767682277
27,147,2,low,medium,0.895239124135067
27,169,2,low,medium,0.8239744078198025
27,158,2,low,medium,0.9039714806017427
27,151,2,low,medium,0.9235815192700904
27,135,2,low,medium,0.9128050369105036
27,171,2,low,medium,0.9111654685992121
27,142,2,low,medium,0.8558194154423945
27,190,2,low,medium,0.8263196140565756
27,168,2,low,medium,0.9295804600350501
27,185,2,low,medium,0.859181678958346
27,155,2,low,medium,0.8154202134588103
27,192,2,low,medium,0.918544519155922
27,197,2,low,medium,0.8734158906733221
27,191,2,low,medium,0.8728477082317606
27,203,2,low,medium,0.8889226767582716
27,206,2,low,medium,0.8484246703743294
27,194,2,low,medium,0.9234578941055582
27,210,2,low,medium,0.8186478447699366
27,202,2,low,medium,0.9345227985492219
27,212,2,low,medium,0.8642200443067571
27,207,2,low,medium,0.9058028988341529
27,214,2,low,medium,0.8946880698569462
27,215,2,low,medium,0.8686068477504149
29,6,2,low,medium,0.8870172051045783
29,14,2,low,medium,0.8942318701221322
29,15,2,low,medium,0.8491774117036399
29,4,2,low,medium,0.8422961857522627
29,17,2,low,medium,0.8538980625470611
29,16,2,low,medium,0.8698585591850986
29,32,2,low,medium,0.8682246409326622
29,42,2,low,medium,0.8149550240247934
29,40,2,low,medium,0.8631213591416743
29,51,2,low,medium,0.8280344982677312
29,24,2,low,medium,0.7796798322694308
29,33,2,low,medium,0.8315155046456678
29,57,2,low,medium,0.8786590489703959
29,53,2,low,medium,0.8412243420871386
29,54,2,low,medium,0.8420309833923943
29,58,2,low,medium,0.8463299123228036
29,20,2,low,medium,0.8700934645955172
29,62,2,low,medium,0.8593042732388381
29,61,2,low,medium,0.8121613301776935
29,66,2,low,medium,0.8849688461471429
29,25,2,low,medium,0.8961302390864838
29,18,2,low,medium,0.8423016866521613
29,75,2,low,medium,0.8239294446485353
29,50,2,low,medium,0.7939682090486299
29,73,2,low,medium,0.8350074693267939
29,81,2,low,medium,0.8434307730179647
29,108,2,low,medium,0.8254503586733886
29,84,2,low,medium,0.8331675494131181
29,83,2,low,medium,0.8057071012575859
29,55,2,low,medium,0.8790357977535997
29,88,2,low,medium,0.8813752997610794
29,112,2,low,medium,0.8891994350236347
29,105,2,low,medium,0.894809325034
29,91,2,low,medium,0.8378494857561997
29,89,2,low,medium,0.8355087573381361
29,125,2,low,medium,0.8990380464590696
29,120,2,low,medium,0.8641693362059228
29,143,2,low,medium,0.8164720932993688
29,115,2,low,medium,0.8531100438034058
29,145,2,low,medium,0.8213667051956037
29,72,2,low,medium,0.8046618647856422
29,142,2,low,medium,0.7949496482041236
29,155,2,low,medium,0.8156767802493734
29,135,2,low,medium,0.887948758607603
29,97,2,low,medium,0.8121152148728856
29,147,2,low,medium,0.8831776889217612
29,117,2,low,medium,0.8203027841069808
29,185,2,low,medium,0.8923271364941915
29,169,2,low,medium,0.7999131767052958
29,158,2,low,medium,0.8619315204968084
29,190,2,low,medium,0.7988200570423934
29,151,2,low,medium,0.9002336170687607
29,171,2,low,medium,0.8465309952419238
29,203,2,low,medium,0.9184327188620591
29,168,2,low,medium,0.8933458317890446
29,191,2,low,medium,0.8196516501694762
29,210,2,low,medium,0.8300455201657857
29,212,2,low,medium,0.8816826031933264
29,197,2,low,medium,0.8813019238371327
29,192,2,low,medium,0.8837540295183053
29,215,2,low,medium,0.8131675345143797
29,214,2,low,medium,0.8888252767803825
29,206,2,low,medium,0.8462424924031546
29,207,2,low,medium,0.8605693265566136
31,6,2,low,medium,0.7920231652412116
31,4,2,low,medium,0.76526132863256
29,194,2,low,medium,0.8823225760053939
31,14,2,low,medium,0.7580875738862642
31,16,2,low,medium,0.7475116549876107
31,15,2,low,medium,0.8183134999576652
29,202,2,low,medium,0.8855853751285503
31,17,2,low,medium,0.7698486045470319
31,32,2,low,medium,0.7221196577408178
31,24,2,low,medium,0.8485031971827974
31,20,2,low,medium,0.7591437302633184
31,42,2,low,medium,0.8942387712342365
31,51,2,low,medium,0.8607084641503387
31,54,2,low,medium,0.858451871403279
31,57,2,low,medium,0.8724939230299865
31,53,2,low,medium,0.833930705994692
31,40,2,low,medium,0.8204997294946953
31,66,2,low,medium,0.8767995046779754
31,33,2,low,medium,0.841679430133385
31,18,2,low,medium,0.8680713499774704
31,25,2,low,medium,0.7510334083421404
31,58,2,low,medium,0.8281997481243331
31,62,2,low,medium,0.816273034588467
31,50,2,low,medium,0.8657204218260779
31,61,2,low,medium,0.8237609916109543
31,88,2,low,medium,0.8627223828052788
31,55,2,low,medium,0.7872490601403291
31,108,2,low,medium,0.8855934241142237
31,75,2,low,medium,0.8580872158843446
31,91,2,low,medium,0.8373195445950742
31,83,2,low,medium,0.8330875223895973
31,115,2,low,medium,0.7584936346374267
31,105,2,low,medium,0.7946452344614389
31,81,2,low,medium,0.851380327603757
31,84,2,low,medium,0.8322997233032601
31,112,2,low,medium,0.7815623555667656
31,73,2,low,medium,0.8427649340365223
31,125,2,low,medium,0.8474480825001259
31,72,2,low,medium,0.8404109904431152
31,97,2,low,medium,0.8092125458860177
31,117,2,low,medium,0.8139904793224381
31,120,2,low,medium,0.8032311052994693
31,143,2,low,medium,0.8378058478400514
31,89,2,low,medium,0.8484162806799562
31,145,2,low,medium,0.7707612560758101
31,142,2,low,medium,0.8383524125072326
31,185,2,low,medium,0.7544019159933573
31,169,2,low,medium,0.8538859264010877
31,190,2,low,medium,0.8569986586327281
31,135,2,low,medium,0.7972416026173137
31,158,2,low,medium,0.7668711191094949
31,147,2,low,medium,0.7585729078756279
31,155,2,low,medium,0.8222795261042155
31,171,2,low,medium,0.8497865908801291
31,191,2,low,medium,0.8287001327996526
31,197,2,low,medium,0.8575122028808171
31,192,2,low,medium,0.8069858286796762
31,203,2,low,medium,0.8910440143079008
31,151,2,low,medium,0.7636790238544654
31,210,2,low,medium,0.8335937126783124
34,4,2,low,medium,0.8468177494322674
34,14,2,low,medium,0.8547451540771999
31,212,2,low,medium,0.7849987964406974
31,206,2,low,medium,0.8314309639800578
34,6,2,low,medium,0.8727711787253362
31,194,2,low,medium,0.7870761791431853
31,168,2,low,medium,0.7968223015491517
34,16,2,low,medium,0.8203166929259536
34,15,2,low,medium,0.8795936706397642
31,215,2,low,medium,0.8594912550710584
31,207,2,low,medium,0.838387585544093
34,17,2,low,medium,0.8651940975563286
31,214,2,low,medium,0.7681291884348199
31,202,2,low,medium,0.870941204178704
34,18,2,low,medium,0.8248958376120272
34,32,2,low,medium,0.8303094502850055
34,51,2,low,medium,0.7989156384351396
34,40,2,low,medium,0.8559861521026287
34,33,2,low,medium,0.8286668402070773
34,20,2,low,medium,0.8443158848331633
34,57,2,low,medium,0.9135654298893465
34,42,2,low,medium,0.8358670957086692
34,54,2,low,medium,0.8392375979119964
34,66,2,low,medium,0.9002504244638296
34,53,2,low,medium,0.8744641935287516
34,24,2,low,medium,0.7972801382270148
34,62,2,low,medium,0.8858771068018259
34,58,2,low,medium,0.748398272355687
34,25,2,low,medium,0.8773865727589556
34,61,2,low,medium,0.7699328745991848
34,50,2,low,medium,0.8251811098208424
34,55,2,low,medium,0.8630347939637755
34,88,2,low,medium,0.8940691399406618
34,72,2,low,medium,0.79233468951269
34,75,2,low,medium,0.784195820893694
34,108,2,low,medium,0.8415463141069254
34,91,2,low,medium,0.807073437208892
34,73,2,low,medium,0.8172965964443404
34,115,2,low,medium,0.8762327274000075
34,105,2,low,medium,0.875800343104928
34,112,2,low,medium,0.8775929052304992
34,83,2,low,medium,0.8105192234042663
34,120,2,low,medium,0.8580793160166228
34,125,2,low,medium,0.8937751984554032
34,89,2,low,medium,0.7791218308073463
34,117,2,low,medium,0.8059349870830909
34,84,2,low,medium,0.7788382668159264
34,143,2,low,medium,0.7933721045800718
34,145,2,low,medium,0.8575099249070542
34,81,2,low,medium,0.8423736887441889
34,142,2,low,medium,0.8083202460504438
34,97,2,low,medium,0.7725499519797958
34,147,2,low,medium,0.8310014281506424
34,135,2,low,medium,0.8600101840932161
34,190,2,low,medium,0.8027651266172918
34,155,2,low,medium,0.8215253797780246
34,185,2,low,medium,0.848372030490699
34,191,2,low,medium,0.7784653813142773
34,197,2,low,medium,0.814369406788155
34,192,2,low,medium,0.8307360624213669
34,210,2,low,medium,0.8067429092930383
34,169,2,low,medium,0.830646697696188
34,158,2,low,medium,0.8753530974984859
34,151,2,low,medium,0.8864663799838377
34,206,2,low,medium,0.7818947497491543
34,212,2,low,medium,0.8676594739555124
34,203,2,low,medium,0.9003886605740143
34,171,2,low,medium,0.7948349124583147
35,4,2,low,medium,0.7482504904962967
34,207,2,low,medium,0.7928255580476075
35,6,2,low,medium,0.8161703248930325
34,202,2,low,medium,0.8377183081201581
34,168,2,low,medium,0.8308267162345387
35,14,2,low,medium,0.7854875745333455
34,215,2,low,medium,0.8499461015434863
35,17,2,low,medium,0.7665000647902908
35,42,2,low,medium,0.895327989416276
34,214,2,low,medium,0.8647876892934899
35,32,2,low,medium,0.696811922337053
35,40,2,low,medium,0.8238991399417864
35,15,2,low,medium,0.8407695399841528
34,194,2,low,medium,0.878134928993583
35,54,2,low,medium,0.8531724264523536
35,53,2,low,medium,0.8585664516739343
35,24,2,low,medium,0.8198637701014704
35,57,2,low,medium,0.8653687616785108
35,16,2,low,medium,0.7161207232278716
35,51,2,low,medium,0.8230714747111019
35,66,2,low,medium,0.8775682454820295
35,50,2,low,medium,0.8567380570335126
35,55,2,low,medium,0.7842885312759588
35,58,2,low,medium,0.8007797511202838
35,72,2,low,medium,0.8568168087843886
35,75,2,low,medium,0.8519422499841738
35,20,2,low,medium,0.7659055873673154
35,84,2,low,medium,0.838151258919034
35,88,2,low,medium,0.8523385381660386
35,73,2,low,medium,0.8595695742324488
35,81,2,low,medium,0.8745827031015933
35,105,2,low,medium,0.8365386480087942
35,83,2,low,medium,0.8306042102700172
35,91,2,low,medium,0.8143095811900078
35,108,2,low,medium,0.8884412650837741
35,62,2,low,medium,0.8594181337790011
35,25,2,low,medium,0.7779476696949844
35,125,2,low,medium,0.8683959358213194
35,33,2,low,medium,0.8526452674013704
35,143,2,low,medium,0.804305114824057
35,18,2,low,medium,0.8547536018265116
35,97,2,low,medium,0.8039115900649694
35,142,2,low,medium,0.8366318506941289
35,145,2,low,medium,0.8005210459041201
35,89,2,low,medium,0.8522475537189086
35,61,2,low,medium,0.832013721462715
35,147,2,low,medium,0.7676318002854585
35,135,2,low,medium,0.8339415263704848
35,169,2,low,medium,0.8483121341249783
35,185,2,low,medium,0.745873390090321
35,171,2,low,medium,0.8459763039097759
35,190,2,low,medium,0.824200850223504
35,158,2,low,medium,0.7812682073387521
35,203,2,low,medium,0.8900059507168145
35,197,2,low,medium,0.8402476824060064
35,115,2,low,medium,0.7494723038595433
35,206,2,low,medium,0.8381905815754644
35,155,2,low,medium,0.827039735088905
35,120,2,low,medium,0.8096543202609481
35,194,2,low,medium,0.8200755629079994
35,210,2,low,medium,0.8410551881956193
35,207,2,low,medium,0.8141252259389448
35,202,2,low,medium,0.8726264993872622
35,151,2,low,medium,0.8015139043484698
35,112,2,low,medium,0.8055014151743883
37,4,2,low,medium,0.754974027736938
35,212,2,low,medium,0.8026268242104444
37,6,2,low,medium,0.8208118832388372
37,15,2,low,medium,0.8280612230653858
35,192,2,low,medium,0.8265362582622741
37,17,2,low,medium,0.7409528933737829
35,117,2,low,medium,0.81920885532543
37,20,2,low,medium,0.7831671599901981
37,24,2,low,medium,0.8396094544928178
35,214,2,low,medium,0.7789309243349737
37,18,2,low,medium,0.8760173153480653
37,16,2,low,medium,0.7565183586002259
35,191,2,low,medium,0.8250314727239326
37,42,2,low,medium,0.8598703993885506
37,33,2,low,medium,0.8557655799959832
37,14,2,low,medium,0.8027618143634214
37,57,2,low,medium,0.8195184174635893
37,40,2,low,medium,0.8304382634609685
37,53,2,low,medium,0.8292794809545023
37,61,2,low,medium,0.8193602358596305
37,25,2,low,medium,0.7884191447507641
35,215,2,low,medium,0.8630927654039579
37,51,2,low,medium,0.8405368170576835
37,58,2,low,medium,0.8317584308842756
37,62,2,low,medium,0.8247911786306451
37,50,2,low,medium,0.8446426795118479
37,66,2,low,medium,0.8755570240056033
37,32,2,low,medium,0.7453041352059797
35,168,2,low,medium,0.8271415000244111
37,72,2,low,medium,0.8214517736888778
37,88,2,low,medium,0.8494058148607182
37,54,2,low,medium,0.8600308559046465
37,73,2,low,medium,0.8502267939505429
37,75,2,low,medium,0.8640998156382227
37,84,2,low,medium,0.8356292918023244
37,108,2,low,medium,0.867254035423499
37,105,2,low,medium,0.8026561469820706
37,81,2,low,medium,0.8759277764940692
37,91,2,low,medium,0.8620765159114293
37,55,2,low,medium,0.824457867216414
37,83,2,low,medium,0.8306797367320892
37,97,2,low,medium,0.8172876704124427
37,115,2,low,medium,0.7650925514924749
37,125,2,low,medium,0.8406593053492107
37,112,2,low,medium,0.7894225340394952
37,143,2,low,medium,0.8582413051160216
37,120,2,low,medium,0.8170153230640618
37,89,2,low,medium,0.8793859825838416
37,117,2,low,medium,0.8542463593697462
37,145,2,low,medium,0.7422583911355081
37,142,2,low,medium,0.8558884510429533
37,155,2,low,medium,0.8355721860208525
37,158,2,low,medium,0.7826508894563124
37,169,2,low,medium,0.8518141245868401
37,185,2,low,medium,0.7588581950124673
37,147,2,low,medium,0.781778530515914
37,190,2,low,medium,0.8471120233787072
37,171,2,low,medium,0.8721646736595872
37,203,2,low,medium,0.8483160335429804
37,135,2,low,medium,0.7886617476467179
37,191,2,low,medium,0.8504880697542256
37,151,2,low,medium,0.8055401316372721
37,210,2,low,medium,0.8427129275353812
37,168,2,low,medium,0.8369495251952196
37,197,2,low,medium,0.8827734532851126
37,192,2,low,medium,0.8483368776831451
37,206,2,low,medium,0.8374932100485889
37,212,2,low,medium,0.7964002932774142
41,4,2,low,medium,0.7870914626116611
37,215,2,low,medium,0.8526338535495505
41,14,2,low,medium,0.7817815652488085
41,6,2,low,medium,0.8174090653718878
41,15,2,low,medium,0.8485539663922339
37,207,2,low,medium,0.8605773309385867
37,214,2,low,medium,0.7941401431251545
41,16,2,low,medium,0.77177026400428
37,202,2,low,medium,0.8817832001599352
37,194,2,low,medium,0.8338592301986557
41,32,2,low,medium,0.7853643113252269
41,17,2,low,medium,0.7928349615361308
41,24,2,low,medium,0.8569090705130858
41,20,2,low,medium,0.7607734358888983
41,42,2,low,medium,0.8894126117383186
41,33,2,low,medium,0.8510880153875203
41,18,2,low,medium,0.8790821508843788
41,57,2,low,medium,0.9024940615217077
41,54,2,low,medium,0.8731413528655517
41,62,2,low,medium,0.8508900225111449
41,58,2,low,medium,0.8287135062040855
41,51,2,low,medium,0.8574757557529277
41,25,2,low,medium,0.7625262315348993
41,40,2,low,medium,0.8430237335598493
41,66,2,low,medium,0.9049800353988177
41,61,2,low,medium,0.8298004180176333
41,53,2,low,medium,0.8496641768489961
41,50,2,low,medium,0.8668046181661894
41,88,2,low,medium,0.8732917957841104
41,55,2,low,medium,0.8106863249081958
41,75,2,low,medium,0.8674087274299739
41,84,2,low,medium,0.8220159078160343
41,73,2,low,medium,0.8547521232335205
41,81,2,low,medium,0.8768120372448813
41,108,2,low,medium,0.9105390791459306
41,83,2,low,medium,0.8517015325389555
41,105,2,low,medium,0.8050781971966173
41,91,2,low,medium,0.8462488406002138
41,125,2,low,medium,0.8891211512055319
41,97,2,low,medium,0.8085688045445776
41,115,2,low,medium,0.7885853270726729
41,72,2,low,medium,0.8297533871263136
41,120,2,low,medium,0.8208436768517812
41,143,2,low,medium,0.8547115630343818
41,89,2,low,medium,0.8489915243863239
41,112,2,low,medium,0.8241357217755061
41,117,2,low,medium,0.8348986021942867
41,145,2,low,medium,0.8033461942962903
41,142,2,low,medium,0.8572686167339442
41,155,2,low,medium,0.8387503254821895
41,190,2,low,medium,0.8512284903135889
41,169,2,low,medium,0.8509704572710808
41,185,2,low,medium,0.7519348399160147
41,147,2,low,medium,0.7566704384690571
41,158,2,low,medium,0.815315843004039
41,135,2,low,medium,0.7914352473836899
41,203,2,low,medium,0.8962196113830077
41,171,2,low,medium,0.8478299161845735
41,191,2,low,medium,0.8286708133287813
41,197,2,low,medium,0.8400394369791008
41,210,2,low,medium,0.8316098161019805
41,151,2,low,medium,0.7775766561288724
43,6,2,low,medium,0.8462093752130935
41,212,2,low,medium,0.7996942832463223
41,192,2,low,medium,0.8094733963982312
41,206,2,low,medium,0.8021924092567218
41,168,2,low,medium,0.7826066248357113
43,4,2,low,medium,0.8513752295898771
41,215,2,low,medium,0.8818940162306048
43,14,2,low,medium,0.8614010210357744
43,15,2,low,medium,0.8808366734503974
41,214,2,low,medium,0.7641496725764731
41,207,2,low,medium,0.8307351142160354
43,16,2,low,medium,0.8395815393274296
43,17,2,low,medium,0.8652729459781554
41,194,2,low,medium,0.8259932356714443
43,32,2,low,medium,0.8346038236435758
41,202,2,low,medium,0.8610740727800108
43,20,2,low,medium,0.8603540793426412
43,24,2,low,medium,0.8262963823658067
43,51,2,low,medium,0.8451072072010232
43,42,2,low,medium,0.8494865610748037
43,57,2,low,medium,0.8981295113017025
43,54,2,low,medium,0.8073276290536324
43,33,2,low,medium,0.766544852069651
43,40,2,low,medium,0.8492229939626883
43,18,2,low,medium,0.8292404678649477
43,53,2,low,medium,0.8730358438673755
43,66,2,low,medium,0.8953441028541133
43,25,2,low,medium,0.8571237093761234
43,62,2,low,medium,0.8687651559587304
43,58,2,low,medium,0.8031990233747568
43,61,2,low,medium,0.7595570383306814
43,50,2,low,medium,0.8274886038488622
43,88,2,low,medium,0.9008109712346883
43,55,2,low,medium,0.855855514792708
43,108,2,low,medium,0.8652424964234706
43,84,2,low,medium,0.7893076873509918
43,75,2,low,medium,0.8013943661369975
43,105,2,low,medium,0.8807167261430984
43,83,2,low,medium,0.7762889230231462
43,72,2,low,medium,0.7930927754525637
43,115,2,low,medium,0.8727061164249145
43,81,2,low,medium,0.8347801886149577
43,91,2,low,medium,0.8070043749014867
43,112,2,low,medium,0.8585655708606494
43,125,2,low,medium,0.897195894045555
43,73,2,low,medium,0.7617158512026001
43,117,2,low,medium,0.7938780259957551
43,120,2,low,medium,0.854570557881616
43,97,2,low,medium,0.7826852559221836
43,142,2,low,medium,0.7782840177678274
43,143,2,low,medium,0.7923882530051487
43,89,2,low,medium,0.8138193078911157
43,145,2,low,medium,0.8462649924364669
43,190,2,low,medium,0.7954741933372346
43,185,2,low,medium,0.8512105778597677
43,155,2,low,medium,0.7803147425479756
43,169,2,low,medium,0.8114292930986695
43,158,2,low,medium,0.8546584924646122
43,135,2,low,medium,0.8545859820280467
43,147,2,low,medium,0.8509949700783982
43,203,2,low,medium,0.9052572343023935
43,171,2,low,medium,0.8116276454868092
43,191,2,low,medium,0.7664091881866455
43,192,2,low,medium,0.8634069687676023
43,197,2,low,medium,0.8323389972856283
43,210,2,low,medium,0.8031055752183341
43,212,2,low,medium,0.8553519242393307
44,6,2,low,medium,0.8470831803325076
43,168,2,low,medium,0.8539539781489643
44,14,2,low,medium,0.8453949667183559
44,4,2,low,medium,0.8501312305215788
43,206,2,low,medium,0.7669450908305584
43,151,2,low,medium,0.8759079787511985
43,215,2,low,medium,0.797930377497575
43,207,2,low,medium,0.7583584611315242
44,15,2,low,medium,0.8558541867377328
44,16,2,low,medium,0.8227343777776132
44,20,2,low,medium,0.8493159924899449
44,32,2,low,medium,0.825922661076415
44,17,2,low,medium,0.8580397728716344
44,24,2,low,medium,0.8253415815234387
43,214,2,low,medium,0.8537126120531247
44,51,2,low,medium,0.8096173285389296
43,194,2,low,medium,0.8580518616303208
44,54,2,low,medium,0.8178260500164449
44,33,2,low,medium,0.7830475795053153
44,42,2,low,medium,0.816499884007789
44,53,2,low,medium,0.854496410070516
43,202,2,low,medium,0.8349705345781571
44,25,2,low,medium,0.8508193603639792
44,57,2,low,medium,0.895400267018392
44,66,2,low,medium,0.8926376168182729
44,40,2,low,medium,0.8342640760083936
44,58,2,low,medium,0.7719039422861079
44,61,2,low,medium,0.7639631197592642
44,88,2,low,medium,0.8842190751522253
44,18,2,low,medium,0.823689900095346
44,50,2,low,medium,0.857766195933434
44,55,2,low,medium,0.8583252793532892
44,62,2,low,medium,0.8643368094572789
44,108,2,low,medium,0.8509353003671324
44,105,2,low,medium,0.877282400704489
44,72,2,low,medium,0.7744224413214564
44,84,2,low,medium,0.7580344331792269
44,83,2,low,medium,0.7997960068145911
44,91,2,low,medium,0.7662589917020544
44,112,2,low,medium,0.8624547769554711
44,115,2,low,medium,0.8533568607062676
44,75,2,low,medium,0.8051585846164548
44,125,2,low,medium,0.9006746144403135
44,73,2,low,medium,0.7947202654314325
44,81,2,low,medium,0.8358246415881647
44,143,2,low,medium,0.7906031128142766
44,97,2,low,medium,0.7717421801376712
44,117,2,low,medium,0.7855560109668621
44,145,2,low,medium,0.8439658344616537
44,142,2,low,medium,0.7829115943409722
44,120,2,low,medium,0.8352349474029829
44,89,2,low,medium,0.7945509222377924
44,190,2,low,medium,0.7850000547152807
44,185,2,low,medium,0.8409481720453269
44,147,2,low,medium,0.8119054242433683
44,155,2,low,medium,0.759456589275885
44,158,2,low,medium,0.8605338267401479
44,169,2,low,medium,0.7883608086000984
44,135,2,low,medium,0.8449284498549172
44,203,2,low,medium,0.901221571884834
44,171,2,low,medium,0.7631921478655874
56,6,2,low,medium,0.8876433798382879
44,210,2,low,medium,0.7773886368830687
44,191,2,low,medium,0.7455871456791882
56,4,2,low,medium,0.8225793642657575
56,14,2,low,medium,0.8552896897101605
44,168,2,low,medium,0.8318550377543465
44,197,2,low,medium,0.8047905630200641
56,15,2,low,medium,0.8768104299792934
44,215,2,low,medium,0.7945215108611771
44,214,2,low,medium,0.8234938409912123
44,151,2,low,medium,0.8501169721015706
56,24,2,low,medium,0.7809837545805333
44,192,2,low,medium,0.8254707320585948
56,20,2,low,medium,0.8370674640147026
56,18,2,low,medium,0.8118617958378403
56,32,2,low,medium,0.808168418572854
44,212,2,low,medium,0.8586486015941115
56,25,2,low,medium,0.8789768784630858
56,42,2,low,medium,0.8547948011088435
44,202,2,low,medium,0.8260609535211184
56,40,2,low,medium,0.8407192529641249
56,51,2,low,medium,0.7261553428845616
56,16,2,low,medium,0.8199392403883107
56,33,2,low,medium,0.8222453071718463
56,17,2,low,medium,0.8346047181053313
56,53,2,low,medium,0.8809877611549304
56,50,2,low,medium,0.792716086456807
56,57,2,low,medium,0.8763084481518962
44,206,2,low,medium,0.7254957193559236
56,58,2,low,medium,0.7419125934970423
56,54,2,low,medium,0.8031230158636263
56,66,2,low,medium,0.8573850642292733
44,194,2,low,medium,0.8713459106180724
44,207,2,low,medium,0.7718518814351937
56,62,2,low,medium,0.8944236226407705
56,55,2,low,medium,0.8418888576942619
56,72,2,low,medium,0.8161157100465058
56,73,2,low,medium,0.833500957542612
56,61,2,low,medium,0.7672808293683597
56,105,2,low,medium,0.9009606797730201
56,108,2,low,medium,0.8375442277352998
56,115,2,low,medium,0.8805244995078793
56,88,2,low,medium,0.8809855727840962
56,112,2,low,medium,0.8779997181302786
56,125,2,low,medium,0.8814128907386515
56,97,2,low,medium,0.7778115245426378
56,117,2,low,medium,0.7699504008353254
56,120,2,low,medium,0.8506700161194944
56,81,2,low,medium,0.8385733637236983
56,89,2,low,medium,0.8101610683552727
56,75,2,low,medium,0.8116808380912223
56,142,2,low,medium,0.7815471250894068
56,143,2,low,medium,0.7072013956183136
56,91,2,low,medium,0.7487800462950175
56,145,2,low,medium,0.8248364791562413
56,84,2,low,medium,0.7662006957820693
56,135,2,low,medium,0.8904880151425517
56,83,2,low,medium,0.7733302320208462
56,169,2,low,medium,0.7907037871360431
56,185,2,low,medium,0.8400108396025481
56,190,2,low,medium,0.7091575884385809
56,155,2,low,medium,0.7893796115833404
56,147,2,low,medium,0.8361875656781916
56,158,2,low,medium,0.8294686340965916
56,171,2,low,medium,0.7894080113522938
56,151,2,low,medium,0.8850860710277753
56,203,2,low,medium,0.9193827464985539
56,191,2,low,medium,0.7483525701160886
56,168,2,low,medium,0.8614772377709853
56,210,2,low,medium,0.7859645870731456
56,192,2,low,medium,0.8685286575387627
56,197,2,low,medium,0.8165266311620588
56,212,2,low,medium,0.8721129772797767
56,206,2,low,medium,0.804674894618319
56,215,2,low,medium,0.7760035023960701
56,194,2,low,medium,0.8933325342745466
56,207,2,low,medium,0.7621287657720213
60,6,2,low,medium,0.8625676128336037
56,214,2,low,medium,0.8704949013462236
60,14,2,low,medium,0.8252463810867882
60,15,2,low,medium,0.8434103818938099
56,202,2,low,medium,0.8588509789395565
60,4,2,low,medium,0.8301830436934519
60,16,2,low,medium,0.8136117753689911
60,17,2,low,medium,0.8277402436437068
60,20,2,low,medium,0.82079226417437
60,32,2,low,medium,0.8037684482213833
60,42,2,low,medium,0.8460927084876683
60,51,2,low,medium,0.8166634202825129
60,40,2,low,medium,0.8347450733912158
60,24,2,low,medium,0.7673224992015703
60,18,2,low,medium,0.8123090332367615
60,33,2,low,medium,0.7845628342520174
60,53,2,low,medium,0.8685498469278714
60,57,2,low,medium,0.8990555471777645
60,54,2,low,medium,0.7944170221486669
60,66,2,low,medium,0.8915726817837838
60,58,2,low,medium,0.7753133817811856
60,25,2,low,medium,0.8262575873334314
60,50,2,low,medium,0.8493044621366835
60,62,2,low,medium,0.853917994052394
60,88,2,low,medium,0.8996956060533734
60,61,2,low,medium,0.7727179186274531
60,108,2,low,medium,0.8673601231149969
60,105,2,low,medium,0.8598821834178045
60,55,2,low,medium,0.8265166273692139
60,75,2,low,medium,0.7967214147683306
60,73,2,low,medium,0.8074550559524123
60,84,2,low,medium,0.7572172937938197
60,81,2,low,medium,0.8075315503549064
60,91,2,low,medium,0.7137463556525006
60,72,2,low,medium,0.8020836279628545
60,83,2,low,medium,0.7954555781225224
60,115,2,low,medium,0.8456081109249675
60,125,2,low,medium,0.8889235364072792
60,97,2,low,medium,0.7177441653199541
60,112,2,low,medium,0.8304771244432738
60,117,2,low,medium,0.7743235255145553
60,89,2,low,medium,0.7504829480270614
60,120,2,low,medium,0.8326911238333826
60,143,2,low,medium,0.7602639253526621
60,145,2,low,medium,0.8357681715163283
60,142,2,low,medium,0.7462249680347909
60,155,2,low,medium,0.7785274575510128
60,190,2,low,medium,0.7737112659277094
60,185,2,low,medium,0.8264631135756156
60,158,2,low,medium,0.8231864875820453
60,169,2,low,medium,0.7945312635473556
60,135,2,low,medium,0.8435606366900648
60,147,2,low,medium,0.8164486987789205
60,203,2,low,medium,0.9138700762608399
60,191,2,low,medium,0.7288015852496044
60,171,2,low,medium,0.7263973712129482
60,192,2,low,medium,0.8292480108601523
60,197,2,low,medium,0.7850944048532003
60,210,2,low,medium,0.784745288733942
60,212,2,low,medium,0.8454830926740011
60,168,2,low,medium,0.8248399837605126
60,151,2,low,medium,0.8355820494065859
63,6,2,low,medium,0.8751546517656693
60,207,2,low,medium,0.7415961157004011
60,206,2,low,medium,0.7398556607132858
60,215,2,low,medium,0.7959441704918183
63,4,2,low,medium,0.8490457441572336
60,214,2,low,medium,0.8117236768230742
63,14,2,low,medium,0.8829147738001377
63,15,2,low,medium,0.8798643175670409
60,194,2,low,medium,0.8364380808631516
63,16,2,low,medium,0.8645118988717228
63,17,2,low,medium,0.8610723278656186
63,20,2,low,medium,0.8661598447324348
63,18,2,low,medium,0.7836775086350379
63,32,2,low,medium,0.8644975437902044
63,24,2,low,medium,0.8336382027156007
63,57,2,low,medium,0.9026605579683888
63,33,2,low,medium,0.8058135697726779
63,42,2,low,medium,0.8665049688197957
63,25,2,low,medium,0.8885154945640384
63,53,2,low,medium,0.8784606938238633
63,58,2,low,medium,0.8039122705266942
63,61,2,low,medium,0.7963284647539155
63,66,2,low,medium,0.9004650152045574
63,51,2,low,medium,0.8194119775327494
63,54,2,low,medium,0.7422715621656293
63,40,2,low,medium,0.8680242483349428
63,88,2,low,medium,0.9047870149838588
63,62,2,low,medium,0.8691693012485908
63,50,2,low,medium,0.8531821140432209
60,202,2,low,medium,0.8325681105126723
63,72,2,low,medium,0.8118456707919941
63,73,2,low,medium,0.8186639973971968
63,108,2,low,medium,0.8680576438810265
63,105,2,low,medium,0.8908977472166613
63,84,2,low,medium,0.7855449755701918
63,75,2,low,medium,0.8113961375768468
63,91,2,low,medium,0.8007300131063204
63,81,2,low,medium,0.762386045506209
63,55,2,low,medium,0.8604593819766895
63,83,2,low,medium,0.8327245149408222
63,115,2,low,medium,0.8814128142296268
63,125,2,low,medium,0.9143863493473741
63,97,2,low,medium,0.8207808744110905
63,89,2,low,medium,0.8134939064182426
63,112,2,low,medium,0.8853410780881906
63,143,2,low,medium,0.7880756299965961
63,120,2,low,medium,0.8235537440416105
63,145,2,low,medium,0.8539175306161341
63,142,2,low,medium,0.7941309595223327
63,117,2,low,medium,0.8043416714697857
63,155,2,low,medium,0.8037927083161646
63,158,2,low,medium,0.8557376432324484
63,190,2,low,medium,0.7805796443978215
63,135,2,low,medium,0.8855001830641761
63,147,2,low,medium,0.8681424963640768
63,169,2,low,medium,0.7976493127422556
63,185,2,low,medium,0.8738517407107282
63,203,2,low,medium,0.9217619945466394
63,171,2,low,medium,0.8080008989064734
63,151,2,low,medium,0.8854106321566267
63,197,2,low,medium,0.7940081703083431
63,191,2,low,medium,0.7739353386046796
63,192,2,low,medium,0.8515762676932617
63,210,2,low,medium,0.8148813775823088
63,212,2,low,medium,0.8745269746368064
63,206,2,low,medium,0.802707252021443
63,168,2,low,medium,0.8663026108560807
63,207,2,low,medium,0.8081425157803763
63,215,2,low,medium,0.8237331667347332
63,194,2,low,medium,0.8785607191157166
64,6,2,low,medium,0.9063636589677926
63,214,2,low,medium,0.8760160722015238
64,14,2,low,medium,0.8882341616192697
63,202,2,low,medium,0.8454811887211272
64,15,2,low,medium,0.8820170066779239
64,4,2,low,medium,0.8618729231879704
64,16,2,low,medium,0.8530474928546108
64,42,2,low,medium,0.8805725683458004
64,17,2,low,medium,0.8624510888473907
64,32,2,low,medium,0.8783267121601266
64,51,2,low,medium,0.8750470151191104
64,24,2,low,medium,0.8338621949845597
64,40,2,low,medium,0.8757394773406644
64,20,2,low,medium,0.8610878514383711
64,57,2,low,medium,0.9275171393517709
64,54,2,low,medium,0.8519570533061961
64,33,2,low,medium,0.831235353326843
64,18,2,low,medium,0.8342422137735651
64,66,2,low,medium,0.9342873491314206
64,53,2,low,medium,0.8819869656207797
64,58,2,low,medium,0.8488758011174031
64,62,2,low,medium,0.8960980760128691
64,61,2,low,medium,0.8287451009797604
64,88,2,low,medium,0.9240792408441728
64,25,2,low,medium,0.8577772357875055
64,50,2,low,medium,0.8466746583717157
64,105,2,low,medium,0.897773554431574
64,55,2,low,medium,0.8450824244011267
64,108,2,low,medium,0.894182129109713
64,75,2,low,medium,0.8267773066226
64,91,2,low,medium,0.8213835523857866
64,84,2,low,medium,0.8176379042115315
64,72,2,low,medium,0.8288704974664654
64,83,2,low,medium,0.80368129036116
64,81,2,low,medium,0.835835706093555
64,115,2,low,medium,0.8796531753856598
64,125,2,low,medium,0.918893625875833
64,112,2,low,medium,0.8659592682096846
64,97,2,low,medium,0.7972579745277437
64,143,2,low,medium,0.8412070143188214
64,117,2,low,medium,0.8135979712039777
64,73,2,low,medium,0.8199312669275497
64,142,2,low,medium,0.8072203434413896
64,120,2,low,medium,0.8710353463605599
64,190,2,low,medium,0.8576907751178199
64,185,2,low,medium,0.8929630358140571
64,145,2,low,medium,0.8742954351463609
64,169,2,low,medium,0.8454694492471206
64,89,2,low,medium,0.7926033891352929
64,158,2,low,medium,0.8775584676103736
64,147,2,low,medium,0.8685154507011563
64,171,2,low,medium,0.8151175568639208
64,155,2,low,medium,0.8464280180686656
64,203,2,low,medium,0.9393579708637035
64,191,2,low,medium,0.8106407693147264
65,4,2,low,medium,0.8774452916861407
65,6,2,low,medium,0.8826339158966459
64,210,2,low,medium,0.858140949981154
65,14,2,low,medium,0.8866271014246946
65,15,2,low,medium,0.8704710408302292
64,212,2,low,medium,0.882528226091568
65,16,2,low,medium,0.8853965248312718
65,17,2,low,medium,0.8778848806551819
64,192,2,low,medium,0.8647416806902053
64,135,2,low,medium,0.8589047201748375
64,206,2,low,medium,0.8142199098869516
65,20,2,low,medium,0.9020630370721986
65,18,2,low,medium,0.9311674322314363
65,24,2,low,medium,0.9168791824494301
64,197,2,low,medium,0.8465301910298115
65,32,2,low,medium,0.8785602350005902
65,33,2,low,medium,0.9247431252240715
65,42,2,low,medium,0.8877087676938
65,40,2,low,medium,0.8791253701189993
65,25,2,low,medium,0.923505873460716
64,215,2,low,medium,0.826279802551013
64,214,2,low,medium,0.8539943766932654
65,51,2,low,medium,0.8815326302020451
64,207,2,low,medium,0.7921566658481024
65,50,2,low,medium,0.8999779636974315
65,54,2,low,medium,0.903147807754581
65,66,2,low,medium,0.8382461911152919
65,58,2,low,medium,0.9191312063313495
65,61,2,low,medium,0.9142635089057048
65,62,2,low,medium,0.8760248335127666
65,53,2,low,medium,0.862636249802819
65,55,2,low,medium,0.936712427954676
64,151,2,low,medium,0.8607487556527579
65,57,2,low,medium,0.8125816188919209
64,168,2,low,medium,0.8327921846604297
64,194,2,low,medium,0.8488293780059141
65,73,2,low,medium,0.929933287330591
65,75,2,low,medium,0.9247453850801475
65,88,2,low,medium,0.8441091766997998
65,83,2,low,medium,0.9209032007271358
65,84,2,low,medium,0.9135840743347731
65,81,2,low,medium,0.929207506792262
65,105,2,low,medium,0.8821635272703781
65,91,2,low,medium,0.9405561049199075
65,72,2,low,medium,0.9134431810472343
65,112,2,low,medium,0.897093600076221
65,97,2,low,medium,0.923593543771971
65,108,2,low,medium,0.851662015543306
65,115,2,low,medium,0.8681725288031665
65,125,2,low,medium,0.8896249006609978
65,89,2,low,medium,0.9530822117821826
65,120,2,low,medium,0.8874132524735071
65,117,2,low,medium,0.9238249626132554
65,142,2,low,medium,0.9232641487083598
65,143,2,low,medium,0.9089757044293822
65,135,2,low,medium,0.9027160146164503
65,147,2,low,medium,0.8976486172014332
65,158,2,low,medium,0.8943211321816843
65,169,2,low,medium,0.8807789722595867
65,145,2,low,medium,0.8364803108962485
65,155,2,low,medium,0.9035200844060172
65,185,2,low,medium,0.865549202596761
65,171,2,low,medium,0.951253512683651
65,168,2,low,medium,0.9288059057138499
65,190,2,low,medium,0.8903442682922692
65,191,2,low,medium,0.9216339894690699
65,192,2,low,medium,0.9248957222038715
65,151,2,low,medium,0.9389331837633679
65,194,2,low,medium,0.9224818079698827
65,203,2,low,medium,0.8748058651763578
65,197,2,low,medium,0.9462748173361607
65,206,2,low,medium,0.9306521474604956
65,207,2,low,medium,0.9390128884422604
65,210,2,low,medium,0.8918484719860563
65,212,2,low,medium,0.8918396474580217
64,202,2,low,medium,0.8176999327609826
65,202,2,low,medium,0.952693079838651
65,215,2,low,medium,0.9156847179234698
65,214,2,low,medium,0.9153643405084524
67,6,2,low,medium,0.7477219544076288
67,4,2,low,medium,0.8448228879307335
67,15,2,low,medium,0.8506888789833225
67,16,2,low,medium,0.7969181807923418
67,17,2,low,medium,0.8347708314354922
67,14,2,low,medium,0.7807775743849745
67,20,2,low,medium,0.8414060635117985
67,42,2,low,medium,0.8658650257950428
67,51,2,low,medium,0.8930359767119055
67,40,2,low,medium,0.8320334301221765
67,18,2,low,medium,0.9102748935104131
67,24,2,low,medium,0.9195758522131656
67,32,2,low,medium,0.7937293311167134
67,33,2,low,medium,0.8703366907534944
67,53,2,low,medium,0.8581530265561295
67,54,2,low,medium,0.8955470511440734
67,57,2,low,medium,0.9029178460974548
67,25,2,low,medium,0.7991421194641859
67,62,2,low,medium,0.8542837739828028
67,66,2,low,medium,0.9508237401810924
67,50,2,low,medium,0.9192924005879515
67,61,2,low,medium,0.8632210172667563
67,58,2,low,medium,0.8494518153537749
67,88,2,low,medium,0.8495739401337499
67,108,2,low,medium,0.8975366058067398
67,105,2,low,medium,0.795950263478005
67,73,2,low,medium,0.8658328289928134
67,55,2,low,medium,0.8647491018030665
67,81,2,low,medium,0.9076823650703087
67,91,2,low,medium,0.9040510326992948
67,83,2,low,medium,0.8817630997690992
67,84,2,low,medium,0.8687795988411248
67,97,2,low,medium,0.8760116088835549
67,115,2,low,medium,0.8232088959553469
67,112,2,low,medium,0.7984940564737051
67,89,2,low,medium,0.9011751792756189
67,75,2,low,medium,0.8877611559480414
67,72,2,low,medium,0.863914687809509
67,120,2,low,medium,0.8384875573348678
67,125,2,low,medium,0.8474051941685918
67,117,2,low,medium,0.91024056610619
67,135,2,low,medium,0.8140474907054869
67,158,2,low,medium,0.8356195904451024
67,155,2,low,medium,0.8603954196181355
67,190,2,low,medium,0.8945936339516144
67,142,2,low,medium,0.8794519776144303
67,147,2,low,medium,0.7384241892265505
67,169,2,low,medium,0.8689436434359796
67,143,2,low,medium,0.8999286804979613
67,145,2,low,medium,0.8217989340528487
67,151,2,low,medium,0.8279255249278518
67,203,2,low,medium,0.8570611395443605
67,191,2,low,medium,0.8786311327519704
67,185,2,low,medium,0.7714409493511409
67,168,2,low,medium,0.8356284137186867
67,197,2,low,medium,0.8779906344320977
67,210,2,low,medium,0.8611052911293064
67,194,2,low,medium,0.8557616073393871
67,206,2,low,medium,0.8278892357687743
67,212,2,low,medium,0.7711049485921329
67,171,2,low,medium,0.8784358073095584
67,207,2,low,medium,0.8905765373272394
67,214,2,low,medium,0.8038764366741338
71,4,2,low,medium,0.9049315859919633
71,6,2,low,medium,0.8682585084842293
67,202,2,low,medium,0.8976538790734392
71,14,2,low,medium,0.8977199265399306
67,215,2,low,medium,0.9120733520660073
71,15,2,low,medium,0.8655659406196853
71,16,2,low,medium,0.8813189169939324
71,18,2,low,medium,0.8991537848316226
67,192,2,low,medium,0.8654306853141481
71,32,2,low,medium,0.8789764663400301
71,24,2,low,medium,0.9198552685581377
71,20,2,low,medium,0.9038560306857065
71,42,2,low,medium,0.8528367025602017
71,33,2,low,medium,0.8935905989668953
71,51,2,low,medium,0.8460236217393583
71,40,2,low,medium,0.8555042217740682
71,17,2,low,medium,0.9000623588487903
71,54,2,low,medium,0.8920251982066328
71,53,2,low,medium,0.8540656802561237
71,50,2,low,medium,0.887783390027327
71,25,2,low,medium,0.9048874261808874
71,66,2,low,medium,0.8900226393839749
71,62,2,low,medium,0.8772145685912421
71,61,2,low,medium,0.8695097344477091
71,57,2,low,medium,0.8924869500898497
71,58,2,low,medium,0.8919580403889573
71,73,2,low,medium,0.9068434212584596
71,84,2,low,medium,0.8656295736859217
71,108,2,low,medium,0.8306882749901433
71,91,2,low,medium,0.9169174191532703
71,81,2,low,medium,0.9192886465963493
71,75,2,low,medium,0.9090287477028582
71,105,2,low,medium,0.8830901968926564
71,72,2,low,medium,0.8790277914313394
71,97,2,low,medium,0.9160153937746102
71,88,2,low,medium,0.8318863215782172
71,55,2,low,medium,0.9243697277115268
71,112,2,low,medium,0.892301884588813
71,117,2,low,medium,0.9072343086208462
71,120,2,low,medium,0.8674127909873942
71,125,2,low,medium,0.8408211247576339
71,115,2,low,medium,0.8996283738807259
71,83,2,low,medium,0.8944555275156664
71,145,2,low,medium,0.8669760724599124
71,143,2,low,medium,0.8825044076544375
71,155,2,low,medium,0.8760228868079131
71,147,2,low,medium,0.8769410380691001
71,169,2,low,medium,0.8825398021631865
71,158,2,low,medium,0.894255119838148
71,135,2,low,medium,0.886747497084688
71,190,2,low,medium,0.8669033953631523
71,185,2,low,medium,0.8817607652675539
71,89,2,low,medium,0.9248824578009038
71,191,2,low,medium,0.8887816339036317
71,171,2,low,medium,0.9183192793792275
71,142,2,low,medium,0.8880557452377683
71,151,2,low,medium,0.9264507276035056
71,203,2,low,medium,0.8592030931490554
71,192,2,low,medium,0.8930111839292415
71,210,2,low,medium,0.8679491582798199
71,212,2,low,medium,0.903634184304275
71,206,2,low,medium,0.8812331887898648
71,215,2,low,medium,0.8921136173112908
71,168,2,low,medium,0.8986322945901417
71,202,2,low,medium,0.9309936491174586
74,4,2,low,medium,0.7761356712213179
74,14,2,low,medium,0.7732016638949372
74,15,2,low,medium,0.8416540374499489
71,214,2,low,medium,0.8953514611371292
74,6,2,low,medium,0.8166424889337104
71,197,2,low,medium,0.9121548299527693
71,207,2,low,medium,0.9097128526504906
74,17,2,low,medium,0.7420992816409703
74,16,2,low,medium,0.7737745322572417
74,18,2,low,medium,0.8839527374040945
74,20,2,low,medium,0.7715125482973554
74,32,2,low,medium,0.7114753941959457
71,194,2,low,medium,0.9017401655228361
74,40,2,low,medium,0.8152431353477037
74,51,2,low,medium,0.8395228396163557
74,33,2,low,medium,0.8668554695307445
74,24,2,low,medium,0.8638795087977604
74,25,2,low,medium,0.8226408954898098
74,53,2,low,medium,0.8574607475578698
74,42,2,low,medium,0.8818854337445297
74,54,2,low,medium,0.8597950477301382
74,50,2,low,medium,0.8706483274426583
74,57,2,low,medium,0.8387401282745731
74,58,2,low,medium,0.8281761364968743
74,61,2,low,medium,0.850337774035124
74,62,2,low,medium,0.8371726409919166
74,55,2,low,medium,0.8318326305510886
74,66,2,low,medium,0.8439057966048139
74,88,2,low,medium,0.8331581629506002
74,75,2,low,medium,0.8778440581056788
74,84,2,low,medium,0.8553681508120821
74,91,2,low,medium,0.8545742725489415
74,81,2,low,medium,0.8925061403337705
74,108,2,low,medium,0.8669017564840933
74,115,2,low,medium,0.8055648156400915
74,73,2,low,medium,0.8869517151278813
74,120,2,low,medium,0.8259564071304355
74,112,2,low,medium,0.8203185960471786
74,89,2,low,medium,0.8857779163383845
74,125,2,low,medium,0.850675144008978
74,117,2,low,medium,0.8340448207664632
74,143,2,low,medium,0.8400325331268116
74,155,2,low,medium,0.830610348910568
74,142,2,low,medium,0.8500518720877459
74,72,2,low,medium,0.8664588475615052
74,147,2,low,medium,0.8193557616647668
74,105,2,low,medium,0.8304875564742519
74,83,2,low,medium,0.8597001381148102
74,169,2,low,medium,0.8578470019172862
74,158,2,low,medium,0.8294807291226359
74,151,2,low,medium,0.8646726948562952
74,185,2,low,medium,0.7639754020448606
74,190,2,low,medium,0.8262821406224815
74,97,2,low,medium,0.8482162388995137
74,145,2,low,medium,0.7883147447061024
74,191,2,low,medium,0.8529294156281755
74,192,2,low,medium,0.8660650761208354
74,135,2,low,medium,0.8651015735183065
74,171,2,low,medium,0.8991859601654049
74,197,2,low,medium,0.8748615326312005
74,203,2,low,medium,0.8680963280654149
74,210,2,low,medium,0.8240257588871662
74,212,2,low,medium,0.8061325196806873
74,194,2,low,medium,0.8592762467454914
74,214,2,low,medium,0.8404337027765703
74,207,2,low,medium,0.8646351674223101
74,215,2,low,medium,0.8782470736535084
74,168,2,low,medium,0.8538996146094205
74,206,2,low,medium,0.8672576011600006
74,202,2,low,medium,0.8962992986676326
77,4,2,low,medium,0.8178275740420059
77,15,2,low,medium,0.8775535669307023
77,14,2,low,medium,0.8516513068171471
77,6,2,low,medium,0.8624233212881466
77,51,2,low,medium,0.840318299185879
77,16,2,low,medium,0.8129422808533167
77,20,2,low,medium,0.8192339315007396
77,42,2,low,medium,0.8884665132340187
77,17,2,low,medium,0.8287659951370993
77,40,2,low,medium,0.8594562110905418
77,32,2,low,medium,0.8257455292038693
77,18,2,low,medium,0.8299323173087199
77,33,2,low,medium,0.8122539110435282
77,24,2,low,medium,0.7867077129631521
77,54,2,low,medium,0.8068744664294772
77,53,2,low,medium,0.8853165274029673
77,57,2,low,medium,0.917229051159753
77,25,2,low,medium,0.8447140815956263
77,66,2,low,medium,0.907032908777653
77,58,2,low,medium,0.7713365263181633
77,50,2,low,medium,0.8456013243098911
77,62,2,low,medium,0.8831725284776304
77,61,2,low,medium,0.80099834648405
77,88,2,low,medium,0.9208852399360229
77,108,2,low,medium,0.8980954554626909
77,105,2,low,medium,0.8857159929502332
77,72,2,low,medium,0.8019142190019952
77,55,2,low,medium,0.81566414069891
77,75,2,low,medium,0.8175747465833875
77,73,2,low,medium,0.8250606099891232
77,115,2,low,medium,0.8595579123801839
77,81,2,low,medium,0.8208470174251621
77,84,2,low,medium,0.7752764360136872
77,83,2,low,medium,0.7989449916401142
77,91,2,low,medium,0.730838157397929
77,125,2,low,medium,0.9123927359467046
77,97,2,low,medium,0.7606970910111571
77,112,2,low,medium,0.8706057431854907
77,117,2,low,medium,0.7790919259358047
77,120,2,low,medium,0.8496851715044403
77,143,2,low,medium,0.7696835324629939
77,190,2,low,medium,0.8061551856590815
77,89,2,low,medium,0.7443157394259837
77,185,2,low,medium,0.8442953009265142
77,145,2,low,medium,0.8465193581590444
77,169,2,low,medium,0.8482264669106487
77,142,2,low,medium,0.7697542390860406
77,158,2,low,medium,0.8359760681156851
77,155,2,low,medium,0.8126908490160976
77,147,2,low,medium,0.8245156770464613
77,135,2,low,medium,0.8490542924217579
77,203,2,low,medium,0.9318539660488742
77,191,2,low,medium,0.7657192191043726
77,171,2,low,medium,0.7798438733739774
78,4,2,low,medium,0.8652040332607205
78,6,2,low,medium,0.8209309696958385
77,192,2,low,medium,0.8375975925968385
77,197,2,low,medium,0.7955094829995485
77,210,2,low,medium,0.8133111958185704
78,14,2,low,medium,0.8592445924797153
77,212,2,low,medium,0.8596439678556573
78,16,2,low,medium,0.8481803709379178
78,15,2,low,medium,0.8414390316221676
78,17,2,low,medium,0.8344882300991852
77,168,2,low,medium,0.8245808736106212
77,151,2,low,medium,0.8239038179643975
78,20,2,low,medium,0.8453581886447175
77,206,2,low,medium,0.7563429463772173
78,24,2,low,medium,0.8228303565045788
78,32,2,low,medium,0.8141041957585534
78,18,2,low,medium,0.8240626509479787
77,215,2,low,medium,0.8327183516840215
77,194,2,low,medium,0.8444307356487777
78,25,2,low,medium,0.8940924896230128
78,42,2,low,medium,0.7921507780294944
78,33,2,low,medium,0.8325876388506123
78,40,2,low,medium,0.8528423691682546
78,51,2,low,medium,0.7211544917164556
78,53,2,low,medium,0.8395396847096698
77,214,2,low,medium,0.8427462576792955
78,57,2,low,medium,0.8581968725389709
77,207,2,low,medium,0.7295799274798631
78,54,2,low,medium,0.797548662545868
78,62,2,low,medium,0.8403775071512313
78,50,2,low,medium,0.842820109272442
78,58,2,low,medium,0.779943396378531
78,61,2,low,medium,0.7711671268634736
77,202,2,low,medium,0.8209122166766719
78,66,2,low,medium,0.7983311999171835
78,55,2,low,medium,0.9036125039399617
78,84,2,low,medium,0.7787721317508373
78,75,2,low,medium,0.8502511204369896
78,88,2,low,medium,0.846157434658634
78,81,2,low,medium,0.8248824503302326
78,91,2,low,medium,0.8098529785503881
78,105,2,low,medium,0.8597027077054491
78,97,2,low,medium,0.7841386114348665
78,83,2,low,medium,0.804178382323629
78,73,2,low,medium,0.83960957124908
78,72,2,low,medium,0.8191830748709477
78,108,2,low,medium,0.7848560295083482
78,89,2,low,medium,0.839861933393929
78,115,2,low,medium,0.8697043100236126
78,112,2,low,medium,0.8943395087235846
78,120,2,low,medium,0.8452604766589055
78,125,2,low,medium,0.8672981320829977
78,117,2,low,medium,0.7939958071222429
78,143,2,low,medium,0.7519279672343515
78,135,2,low,medium,0.9060448370144153
78,142,2,low,medium,0.781647277943938
78,145,2,low,medium,0.8224703324752355
78,147,2,low,medium,0.8762337870904805
78,155,2,low,medium,0.7778406013451434
78,158,2,low,medium,0.8729740460821473
78,185,2,low,medium,0.8273980594376662
78,191,2,low,medium,0.7766972664707869
78,190,2,low,medium,0.7004474684754773
78,192,2,low,medium,0.9004334624402563
78,168,2,low,medium,0.9078763509636487
78,169,2,low,medium,0.7750259435352898
78,197,2,low,medium,0.8281002921225156
78,203,2,low,medium,0.887876603956393
78,210,2,low,medium,0.7213501117952273
78,171,2,low,medium,0.8465745234867693
78,194,2,low,medium,0.9110306289837496
78,212,2,low,medium,0.8642519433227723
78,202,2,low,medium,0.8945218840394114
78,206,2,low,medium,0.8155790163585087
78,151,2,low,medium,0.9081779076435826
78,207,2,low,medium,0.8072971650989086
78,214,2,low,medium,0.8866321999712423
79,6,2,low,medium,0.8693989685165119
78,215,2,low,medium,0.8236739818844364
79,32,2,low,medium,0.8452865438104433
79,42,2,low,medium,0.8374880262752245
79,51,2,low,medium,0.8075030895865037
79,24,2,low,medium,0.7966975071483562
79,4,2,low,medium,0.8497110555371981
79,16,2,low,medium,0.8454698721139995
79,40,2,low,medium,0.8680945184909082
79,18,2,low,medium,0.7876296395806921
79,20,2,low,medium,0.8452294247272036
79,15,2,low,medium,0.8456348652525746
79,54,2,low,medium,0.8088418761534389
79,25,2,low,medium,0.8683082545837214
79,14,2,low,medium,0.8858954050622266
79,53,2,low,medium,0.8711106209618058
79,66,2,low,medium,0.8920845046679892
79,57,2,low,medium,0.8900474583064796
79,17,2,low,medium,0.8458029278096244
79,62,2,low,medium,0.8756474371662996
79,33,2,low,medium,0.7546542611071729
79,58,2,low,medium,0.7800914017572914
79,61,2,low,medium,0.7406267705858788
79,88,2,low,medium,0.9047446511115717
79,50,2,low,medium,0.8300153405359937
79,75,2,low,medium,0.7976306341850671
79,105,2,low,medium,0.893231173858546
79,72,2,low,medium,0.7741823847312816
79,73,2,low,medium,0.7864935628249026
79,55,2,low,medium,0.8599373982735213
79,91,2,low,medium,0.7489110660301491
79,108,2,low,medium,0.8356411110332302
79,115,2,low,medium,0.8695938790724442
79,84,2,low,medium,0.7508399006388599
79,81,2,low,medium,0.8167879267644588
79,83,2,low,medium,0.7741582741765054
79,125,2,low,medium,0.893679087706832
79,112,2,low,medium,0.8787898697000979
79,120,2,low,medium,0.8449267380593644
79,97,2,low,medium,0.7193324995833069
79,145,2,low,medium,0.8448908827457053
79,142,2,low,medium,0.7422805510808858
79,190,2,low,medium,0.7606758151569775
79,169,2,low,medium,0.7789675156921412
79,158,2,low,medium,0.864761249867845
79,143,2,low,medium,0.751665621083985
79,155,2,low,medium,0.7787391903921357
79,147,2,low,medium,0.8505656669078739
79,185,2,low,medium,0.8579206961897481
79,117,2,low,medium,0.7557245949801783
79,89,2,low,medium,0.7666299625641111
79,191,2,low,medium,0.7371063535828958
79,171,2,low,medium,0.7867946708553822
79,203,2,low,medium,0.9134884739426543
79,135,2,low,medium,0.8610880293244645
79,192,2,low,medium,0.8492523520863487
94,4,2,low,medium,0.7586536365311627
79,212,2,low,medium,0.871785831417379
79,168,2,low,medium,0.8588810386285115
94,6,2,low,medium,0.8027852193815944
94,14,2,low,medium,0.7934413066247218
79,210,2,low,medium,0.7837429782587374
79,206,2,low,medium,0.784933635004178
79,197,2,low,medium,0.8090815334095978
94,15,2,low,medium,0.8029536678621858
94,16,2,low,medium,0.7848785881551112
79,207,2,low,medium,0.7625496284276843
94,17,2,low,medium,0.7903901521794896
79,215,2,low,medium,0.7863447760188614
79,151,2,low,medium,0.8723965583176925
94,20,2,low,medium,0.80297776957661
94,18,2,low,medium,0.8839673238192747
94,24,2,low,medium,0.8467392497008799
94,32,2,low,medium,0.7821194738412621
79,214,2,low,medium,0.8683554122619118
94,42,2,low,medium,0.8457824218998319
94,33,2,low,medium,0.8795239837372263
94,25,2,low,medium,0.8203785835177733
94,40,2,low,medium,0.8239724150019876
94,51,2,low,medium,0.8415436061034312
79,194,2,low,medium,0.8595630467686636
94,54,2,low,medium,0.8337472235026557
94,53,2,low,medium,0.8465077494525497
94,66,2,low,medium,0.8607850993311318
94,57,2,low,medium,0.8468217610031465
94,50,2,low,medium,0.849949220051032
94,62,2,low,medium,0.8224206799559268
94,58,2,low,medium,0.8428462667507199
79,202,2,low,medium,0.8171574017529087
94,61,2,low,medium,0.8489943883174634
94,88,2,low,medium,0.8666205072527124
94,75,2,low,medium,0.8817166394609275
94,55,2,low,medium,0.8649658264420628
94,84,2,low,medium,0.8435147703084539
94,83,2,low,medium,0.8590110079806449
94,81,2,low,medium,0.8879722760345786
94,73,2,low,medium,0.8767409442590467
94,108,2,low,medium,0.8674034636299349
94,115,2,low,medium,0.8124938221460559
94,125,2,low,medium,0.8060627328554751
94,97,2,low,medium,0.85370731003883
94,112,2,low,medium,0.8317841901880136
94,120,2,low,medium,0.8186988095941654
94,117,2,low,medium,0.8611934700649412
94,105,2,low,medium,0.818587248653569
94,72,2,low,medium,0.8437946682017703
94,143,2,low,medium,0.8549664542019417
94,91,2,low,medium,0.8696580987892165
94,145,2,low,medium,0.7615846864197731
94,135,2,low,medium,0.8135135814605405
94,142,2,low,medium,0.8555721559135253
94,190,2,low,medium,0.8115845908756136
94,147,2,low,medium,0.7878982780179598
94,185,2,low,medium,0.7523723085468557
94,155,2,low,medium,0.8149882543316185
94,169,2,low,medium,0.8622756356395876
94,89,2,low,medium,0.901047839624265
94,158,2,low,medium,0.7923071596479725
94,171,2,low,medium,0.8828505697091716
94,191,2,low,medium,0.8546426018122746
94,203,2,low,medium,0.8406365529470061
94,168,2,low,medium,0.8763562335859686
94,197,2,low,medium,0.8822064594057318
94,210,2,low,medium,0.8287687572687163
94,206,2,low,medium,0.8442744903869218
94,151,2,low,medium,0.8552476181515769
94,192,2,low,medium,0.86732609524091
94,207,2,low,medium,0.8594285103813268
94,215,2,low,medium,0.855458391642639
99,14,2,low,medium,0.7550509812490988
99,15,2,low,medium,0.82119082649249
94,212,2,low,medium,0.8125430053532451
99,16,2,low,medium,0.7758948636131582
94,214,2,low,medium,0.8271678792495716
99,32,2,low,medium,0.7434814694127246
99,24,2,low,medium,0.8770663488514722
99,20,2,low,medium,0.8153904627604429
94,202,2,low,medium,0.9054009756403504
99,40,2,low,medium,0.8043850691750514
99,6,2,low,medium,0.7541649891688935
99,51,2,low,medium,0.8591058601965805
99,33,2,low,medium,0.8413098320676381
99,42,2,low,medium,0.8477011908616907
99,4,2,low,medium,0.7900210283232176
99,25,2,low,medium,0.7736914663099358
99,54,2,low,medium,0.8696968838589947
94,194,2,low,medium,0.8543444774646362
99,57,2,low,medium,0.8525100593077107
99,17,2,low,medium,0.7855689887352292
99,53,2,low,medium,0.8305401344077559
99,66,2,low,medium,0.8940454628439385
99,50,2,low,medium,0.8922431846523926
99,18,2,low,medium,0.8825412224993411
99,62,2,low,medium,0.8330958037507782
99,58,2,low,medium,0.8302825687362302
99,88,2,low,medium,0.8310586390224051
99,72,2,low,medium,0.8367433283603118
99,61,2,low,medium,0.84126720432046
99,55,2,low,medium,0.8336020244093776
99,81,2,low,medium,0.8860411058190781
99,73,2,low,medium,0.8385710392058119
99,84,2,low,medium,0.8474620747049386
99,105,2,low,medium,0.7829300600665605
99,75,2,low,medium,0.8537414628691697
99,108,2,low,medium,0.8497481989321779
99,91,2,low,medium,0.8696261318851569
99,115,2,low,medium,0.7674263984486729
99,83,2,low,medium,0.8569844674708971
99,112,2,low,medium,0.7608924296833021
99,97,2,low,medium,0.82901354816838
99,125,2,low,medium,0.8258782554064469
99,117,2,low,medium,0.8659793629465636
99,120,2,low,medium,0.8016698969540575
99,89,2,low,medium,0.8892261499122923
99,142,2,low,medium,0.8530977325486138
99,145,2,low,medium,0.7759802352601873
99,155,2,low,medium,0.8256682254279306
99,169,2,low,medium,0.8449200673738733
99,143,2,low,medium,0.8644330402542716
99,158,2,low,medium,0.7869077334971425
99,190,2,low,medium,0.8594914409798994
99,185,2,low,medium,0.7114274211440577
99,191,2,low,medium,0.8410914864776697
99,147,2,low,medium,0.7319995766070797
99,171,2,low,medium,0.8676121213574418
99,151,2,low,medium,0.7904045707820546
99,192,2,low,medium,0.8344296432219412
99,203,2,low,medium,0.8305317134787491
99,135,2,low,medium,0.7903047008128369
99,197,2,low,medium,0.8596999864497477
99,210,2,low,medium,0.8359400517565954
99,212,2,low,medium,0.7520641586246111
99,168,2,low,medium,0.8106389617183218
99,206,2,low,medium,0.8000571148365225
99,194,2,low,medium,0.8484865410161299
99,215,2,low,medium,0.8605357978661553
101,6,2,low,medium,0.8086182289208774
101,16,2,low,medium,0.8216506245921514
101,15,2,low,medium,0.825654273900726
101,17,2,low,medium,0.8024342852359759
101,14,2,low,medium,0.8117192641566764
99,207,2,low,medium,0.8552283893057535
99,214,2,low,medium,0.7444305104644509
99,202,2,low,medium,0.879513639638733
101,4,2,low,medium,0.7808632968890332
101,18,2,low,medium,0.8811229924141454
101,20,2,low,medium,0.858429686263341
101,32,2,low,medium,0.7874735364803139
101,42,2,low,medium,0.8449138398580176
101,51,2,low,medium,0.8555653961503705
101,24,2,low,medium,0.8764824191905661
101,40,2,low,medium,0.8249430944067802
101,33,2,low,medium,0.8945023880017525
101,25,2,low,medium,0.8013597339516069
101,53,2,low,medium,0.8038810748896679
101,50,2,low,medium,0.8668955391927319
101,66,2,low,medium,0.8555414385705843
101,54,2,low,medium,0.8796256760834457
101,58,2,low,medium,0.8717274244791798
101,57,2,low,medium,0.8006578243689156
101,62,2,low,medium,0.8139040379115887
101,88,2,low,medium,0.8258068241786126
101,55,2,low,medium,0.8758668468191765
101,61,2,low,medium,0.8713140554411284
101,84,2,low,medium,0.8602216156969855
101,83,2,low,medium,0.8763579215340459
101,73,2,low,medium,0.8759587289032217
101,81,2,low,medium,0.8859929277932611
101,91,2,low,medium,0.898902858136696
101,75,2,low,medium,0.8725361993515003
101,115,2,low,medium,0.7967850355244052
101,72,2,low,medium,0.8512500959735354
101,108,2,low,medium,0.8694072592023219
101,105,2,low,medium,0.7923736460147889
101,125,2,low,medium,0.8245922362191241
101,117,2,low,medium,0.8840008886255287
101,89,2,low,medium,0.8901043631479796
101,112,2,low,medium,0.7866127194171008
101,120,2,low,medium,0.8340394619550593
101,143,2,low,medium,0.876679036324956
101,142,2,low,medium,0.8708539596435166
101,97,2,low,medium,0.8471084504925854
101,145,2,low,medium,0.7843873547996916
101,135,2,low,medium,0.7764129141900138
101,155,2,low,medium,0.8524014552781071
101,169,2,low,medium,0.8613479719797547
101,190,2,low,medium,0.8628378077885668
101,147,2,low,medium,0.7963674135432269
101,158,2,low,medium,0.7861569183772049
101,185,2,low,medium,0.7755321812331005
101,191,2,low,medium,0.8660914617155621
101,203,2,low,medium,0.8459585012423139
101,151,2,low,medium,0.840222734955726
101,192,2,low,medium,0.8462618197390105
101,171,2,low,medium,0.8942671066520805
101,168,2,low,medium,0.850493742453051
101,197,2,low,medium,0.8956263457107096
101,206,2,low,medium,0.8507559274249701
101,212,2,low,medium,0.80590595940652
101,214,2,low,medium,0.8006181378063865
101,210,2,low,medium,0.8573626022509934
101,194,2,low,medium,0.8559486537200858
104,4,2,low,medium,0.8243910060608529
101,202,2,low,medium,0.902448978323701
104,6,2,low,medium,0.8096732561086383
101,207,2,low,medium,0.8750062742893744
101,215,2,low,medium,0.8702939187491696
104,15,2,low,medium,0.8467481847009066
104,16,2,low,medium,0.7862838315272964
104,14,2,low,medium,0.7830638318872116
104,32,2,low,medium,0.8110985011192657
104,24,2,low,medium,0.885532719410688
104,17,2,low,medium,0.8136591092763343
104,20,2,low,medium,0.8355447008943434
104,51,2,low,medium,0.8744379608010662
104,40,2,low,medium,0.8111238053862708
104,42,2,low,medium,0.8900907063576025
104,18,2,low,medium,0.8718769720074186
104,54,2,low,medium,0.8706693385961466
104,33,2,low,medium,0.871917917380179
104,53,2,low,medium,0.8350420603384433
104,57,2,low,medium,0.8829254182536705
104,25,2,low,medium,0.8004317020286986
104,66,2,low,medium,0.9247591624598214
104,58,2,low,medium,0.8504209552245766
104,62,2,low,medium,0.8284936581050857
104,50,2,low,medium,0.8834523170777281
104,61,2,low,medium,0.8539557536649787
104,108,2,low,medium,0.8866462001347479
104,88,2,low,medium,0.8541512913903416
104,75,2,low,medium,0.8788275860494702
104,55,2,low,medium,0.83284945800064
104,73,2,low,medium,0.8697415814269742
104,72,2,low,medium,0.8540304519955078
104,81,2,low,medium,0.877532287728557
104,105,2,low,medium,0.8149963633045726
104,83,2,low,medium,0.8688427307391074
104,112,2,low,medium,0.82152390182284
104,115,2,low,medium,0.7780442230568455
104,84,2,low,medium,0.8476918259858525
104,97,2,low,medium,0.8547830544562266
104,91,2,low,medium,0.8684134219342725
104,117,2,low,medium,0.869852738733613
104,125,2,low,medium,0.841445260523936
104,120,2,low,medium,0.8158113204691124
104,143,2,low,medium,0.8645866348060978
104,145,2,low,medium,0.8192231565159079
104,89,2,low,medium,0.8820371368575964
104,142,2,low,medium,0.8507596940255246
104,190,2,low,medium,0.8595667127046036
104,155,2,low,medium,0.8452350813039778
104,147,2,low,medium,0.7787080982715343
104,185,2,low,medium,0.8145074090608538
104,158,2,low,medium,0.8180604676525219
104,169,2,low,medium,0.8498389345292675
104,191,2,low,medium,0.8533054660932052
104,203,2,low,medium,0.8545232201405967
104,135,2,low,medium,0.8228583547128469
104,197,2,low,medium,0.8651556835443818
104,171,2,low,medium,0.8743574327793624
104,210,2,low,medium,0.8535402550675645
104,151,2,low,medium,0.8315482494901748
107,6,2,low,medium,0.8315912269027816
104,206,2,low,medium,0.8473932220823361
104,192,2,low,medium,0.8163943766314101
107,4,2,low,medium,0.8161229587071068
104,212,2,low,medium,0.8259867095462429
107,14,2,low,medium,0.8207747184161208
104,215,2,low,medium,0.868187251207942
104,168,2,low,medium,0.8320445403237677
104,207,2,low,medium,0.8614992189288161
104,214,2,low,medium,0.819524947548032
107,15,2,low,medium,0.8097895695098667
107,42,2,low,medium,0.9000860408963155
107,32,2,low,medium,0.8209837026720511
104,194,2,low,medium,0.8206214466094712
107,16,2,low,medium,0.8094138634529326
104,202,2,low,medium,0.8926846398030994
107,20,2,low,medium,0.8546141782589118
107,40,2,low,medium,0.8309323283711896
107,17,2,low,medium,0.8215898961967032
107,24,2,low,medium,0.8659481755364531
107,18,2,low,medium,0.8864607470532848
107,51,2,low,medium,0.8894629486302205
107,33,2,low,medium,0.8798700606691368
107,54,2,low,medium,0.879936025474611
107,53,2,low,medium,0.8412307987109613
107,57,2,low,medium,0.893841679303882
107,25,2,low,medium,0.8080248596229657
107,58,2,low,medium,0.8768117336325435
107,50,2,low,medium,0.8883888008704434
107,88,2,low,medium,0.8963420116282816
107,61,2,low,medium,0.8872285453649278
107,66,2,low,medium,0.9189472807040527
107,55,2,low,medium,0.85424474235542
107,62,2,low,medium,0.8256251158008419
107,72,2,low,medium,0.8845979661018629
107,108,2,low,medium,0.908080666551603
107,81,2,low,medium,0.8714036562289362
107,75,2,low,medium,0.8676332883044529
107,83,2,low,medium,0.8789419279838695
107,105,2,low,medium,0.823833372006764
107,73,2,low,medium,0.8752064345136049
107,84,2,low,medium,0.8776003115741999
107,91,2,low,medium,0.8847397693000426
107,115,2,low,medium,0.7767734322752878
107,125,2,low,medium,0.840486342511473
107,97,2,low,medium,0.8189303114894463
107,112,2,low,medium,0.8051386722209666
107,117,2,low,medium,0.8668516325288275
107,120,2,low,medium,0.7898504987498876
107,143,2,low,medium,0.8675538401942532
107,89,2,low,medium,0.8689882836507294
107,135,2,low,medium,0.8143093223850508
107,145,2,low,medium,0.8275821805031839
107,155,2,low,medium,0.8675985015201396
107,142,2,low,medium,0.8782599869968098
107,147,2,low,medium,0.8435972389048193
107,185,2,low,medium,0.8268339129452827
107,171,2,low,medium,0.8813340155557633
107,158,2,low,medium,0.7964633987344156
107,191,2,low,medium,0.8674171486611102
107,197,2,low,medium,0.878821265411749
107,210,2,low,medium,0.8842789754628504
107,203,2,low,medium,0.8716286237137584
107,190,2,low,medium,0.8694712880842784
107,207,2,low,medium,0.8771966530911766
107,215,2,low,medium,0.8753758437643564
107,212,2,low,medium,0.8362322291151888
107,202,2,low,medium,0.8987095226466201
107,151,2,low,medium,0.8353188393696839
107,169,2,low,medium,0.8532128284406149
107,214,2,low,medium,0.8387163201983551
124,6,2,low,medium,0.8618011802157141
124,14,2,low,medium,0.9051176875355371
124,16,2,low,medium,0.8785325343092389
107,206,2,low,medium,0.8685253748714507
124,24,2,low,medium,0.8226824970505661
124,15,2,low,medium,0.861554531030016
124,32,2,low,medium,0.8728912717428216
107,168,2,low,medium,0.849957463292224
107,192,2,low,medium,0.7934856336092916
124,40,2,low,medium,0.8652564680108562
124,17,2,low,medium,0.885951085600528
124,42,2,low,medium,0.826813881091157
124,51,2,low,medium,0.8080405103781354
124,4,2,low,medium,0.8958576069700591
124,33,2,low,medium,0.8070387149707485
124,18,2,low,medium,0.8256906937844234
124,57,2,low,medium,0.8927715556528479
124,20,2,low,medium,0.8932435655013399
124,66,2,low,medium,0.8778347660932849
124,25,2,low,medium,0.8968823433761732
124,58,2,low,medium,0.8466987314144213
107,194,2,low,medium,0.8042045294112973
124,54,2,low,medium,0.8098193690528652
124,62,2,low,medium,0.865600407006576
124,61,2,low,medium,0.7692826905559547
124,53,2,low,medium,0.849715691794914
124,88,2,low,medium,0.8848989059163668
124,55,2,low,medium,0.9061626107360127
124,50,2,low,medium,0.8396481986831174
124,75,2,low,medium,0.8531486357090281
124,72,2,low,medium,0.7994287759713966
124,84,2,low,medium,0.7944169347549894
124,108,2,low,medium,0.8455997148985931
124,83,2,low,medium,0.8277182924959959
124,73,2,low,medium,0.833369535795931
124,105,2,low,medium,0.9126849676082197
124,81,2,low,medium,0.8169562348799484
124,115,2,low,medium,0.889007861510773
124,91,2,low,medium,0.8178906596348471
124,97,2,low,medium,0.7947308198928833
124,125,2,low,medium,0.8852248806656935
124,112,2,low,medium,0.8922437305065262
124,117,2,low,medium,0.8071541143540834
124,89,2,low,medium,0.835625787948001
124,120,2,low,medium,0.8651478326057939
124,145,2,low,medium,0.8500175639950368
124,142,2,low,medium,0.7853176759598142
124,143,2,low,medium,0.8112128299855564
124,155,2,low,medium,0.7444111420827101
124,158,2,low,medium,0.8933987052904501
124,169,2,low,medium,0.7977596897787403
124,185,2,low,medium,0.8961927371578016
124,190,2,low,medium,0.7583505292537157
124,147,2,low,medium,0.8838674774615031
124,135,2,low,medium,0.8852100636369763
124,191,2,low,medium,0.811107992822464
124,203,2,low,medium,0.9130888542096623
124,171,2,low,medium,0.8517100371581965
124,192,2,low,medium,0.9090123237039871
124,210,2,low,medium,0.7939393717815952
124,151,2,low,medium,0.8970615174961392
124,168,2,low,medium,0.9052526394198841
124,212,2,low,medium,0.8874238974539325
124,197,2,low,medium,0.8586844925388958
126,6,2,low,medium,0.8747015492308353
124,206,2,low,medium,0.826902869163932
124,215,2,low,medium,0.7766156563570777
126,4,2,low,medium,0.8796432959042285
124,214,2,low,medium,0.9052922329708104
124,207,2,low,medium,0.7991998512134594
126,14,2,low,medium,0.8931487884322981
124,194,2,low,medium,0.8928690684371946
126,15,2,low,medium,0.8585683558110048
126,32,2,low,medium,0.8814943579761304
126,42,2,low,medium,0.8379157620331112
126,16,2,low,medium,0.8787524601750634
126,20,2,low,medium,0.8793021785365756
126,40,2,low,medium,0.8648296866021464
126,17,2,low,medium,0.8765233246081496
126,24,2,low,medium,0.8068003258549407
126,51,2,low,medium,0.8323053045128448
126,18,2,low,medium,0.837975098930573
126,57,2,low,medium,0.9188679841859618
126,53,2,low,medium,0.8580065754621444
126,33,2,low,medium,0.7893428293610278
126,54,2,low,medium,0.8303462765293782
124,202,2,low,medium,0.8692869120599634
126,25,2,low,medium,0.8967513362726953
126,58,2,low,medium,0.833285215664406
126,66,2,low,medium,0.897287097051485
126,62,2,low,medium,0.8693218772855138
126,50,2,low,medium,0.8165953541044607
126,61,2,low,medium,0.778628445362089
126,88,2,low,medium,0.9141428079969627
126,55,2,low,medium,0.880278026206437
126,108,2,low,medium,0.8742657663137631
126,75,2,low,medium,0.8381893496063757
126,81,2,low,medium,0.838829000858258
126,115,2,low,medium,0.8786362024970391
126,105,2,low,medium,0.903350476818251
126,73,2,low,medium,0.8161463923722801
126,91,2,low,medium,0.7830017781981701
126,83,2,low,medium,0.808195982195636
126,72,2,low,medium,0.8055646019235562
126,112,2,low,medium,0.8750286495047346
126,125,2,low,medium,0.904440112373859
126,84,2,low,medium,0.7945063739351943
126,97,2,low,medium,0.7831494013721702
126,117,2,low,medium,0.7845688055049882
126,120,2,low,medium,0.8552129547897769
126,143,2,low,medium,0.807868441851842
126,142,2,low,medium,0.7831099090706878
126,89,2,low,medium,0.8086212026460547
126,185,2,low,medium,0.8957565629164638
126,145,2,low,medium,0.8644972476668521
126,190,2,low,medium,0.8058814729129652
126,135,2,low,medium,0.8567229488406046
126,147,2,low,medium,0.8778175603147712
126,169,2,low,medium,0.8109200676007824
126,203,2,low,medium,0.9179910067522141
126,155,2,low,medium,0.7773766912931382
126,171,2,low,medium,0.8147908120094127
126,158,2,low,medium,0.8766711166733967
126,191,2,low,medium,0.8011667457386936
126,192,2,low,medium,0.8638421314822478
126,197,2,low,medium,0.8532993108560343
126,151,2,low,medium,0.8865481159906977
126,210,2,low,medium,0.8046419479759693
126,206,2,low,medium,0.8108291879601653
126,212,2,low,medium,0.8864671877539426
128,6,2,low,medium,0.8058367359984258
128,14,2,low,medium,0.7715477726919768
128,4,2,low,medium,0.7461699365476644
128,15,2,low,medium,0.8011450846698577
126,168,2,low,medium,0.8712421639746433
126,194,2,low,medium,0.8754980508507768
126,207,2,low,medium,0.8059929111782328
126,215,2,low,medium,0.7930448739563847
126,214,2,low,medium,0.8783789501721896
128,16,2,low,medium,0.7245526877977165
128,20,2,low,medium,0.7510778768672991
126,202,2,low,medium,0.8533500014784708
128,17,2,low,medium,0.7653874084461271
128,18,2,low,medium,0.8508902607597991
128,24,2,low,medium,0.8400770048367614
128,32,2,low,medium,0.6990810313496582
128,42,2,low,medium,0.8857604788318478
128,40,2,low,medium,0.7991480801510268
128,57,2,low,medium,0.8282969276333357
128,51,2,low,medium,0.8147035463074526
128,53,2,low,medium,0.8355374220432736
128,66,2,low,medium,0.8887570037578135
128,25,2,low,medium,0.7474107841723087
128,33,2,low,medium,0.8636761469772837
128,54,2,low,medium,0.8460543451270366
128,62,2,low,medium,0.8349206854840031
128,61,2,low,medium,0.8221235117774451
128,50,2,low,medium,0.8595420105817032
128,58,2,low,medium,0.8168204434903985
128,88,2,low,medium,0.8555175910369334
128,75,2,low,medium,0.8516908490318919
128,55,2,low,medium,0.7972800980433713
128,81,2,low,medium,0.8629373739902988
128,108,2,low,medium,0.8930405161060273
128,73,2,low,medium,0.8424619823913704
128,84,2,low,medium,0.8201612577558332
128,105,2,low,medium,0.7837261616413984
128,91,2,low,medium,0.8254050794378952
128,83,2,low,medium,0.8245791095944807
128,97,2,low,medium,0.8024260588626332
128,72,2,low,medium,0.8340238911629977
128,115,2,low,medium,0.7752683460641279
128,125,2,low,medium,0.8421846948595033
128,117,2,low,medium,0.8293017969906655
128,112,2,low,medium,0.7784818861995986
128,89,2,low,medium,0.8497555076331071
128,120,2,low,medium,0.786240682982067
128,143,2,low,medium,0.8271324908524804
128,145,2,low,medium,0.7692191396409047
128,142,2,low,medium,0.8305817579233603
128,169,2,low,medium,0.8333289278180805
128,158,2,low,medium,0.7232950048425868
128,135,2,low,medium,0.7883062971811028
128,147,2,low,medium,0.7539856296541901
128,190,2,low,medium,0.8319087103371073
128,185,2,low,medium,0.7099974397307464
128,155,2,low,medium,0.8221425693197578
128,171,2,low,medium,0.8441838531774843
128,191,2,low,medium,0.8255797249434581
128,203,2,low,medium,0.8708914731547184
128,192,2,low,medium,0.8186101974096305
128,210,2,low,medium,0.8303302957286813
128,197,2,low,medium,0.855456674322198
128,212,2,low,medium,0.7876248742892613
128,168,2,low,medium,0.8260651344600776
128,206,2,low,medium,0.8363023445724396
128,207,2,low,medium,0.8028220674380191
128,151,2,low,medium,0.7913851102674454
132,6,2,low,medium,0.8666510871983584
128,214,2,low,medium,0.7619517185395529
128,215,2,low,medium,0.8532872027358369
132,14,2,low,medium,0.8298674054698465
128,194,2,low,medium,0.8109308290477131
128,202,2,low,medium,0.8625396354655401
132,4,2,low,medium,0.8276205829301545
132,17,2,low,medium,0.8352741672092255
132,15,2,low,medium,0.8293985215318832
132,16,2,low,medium,0.8214989914606656
132,42,2,low,medium,0.9066424769681726
132,20,2,low,medium,0.8487762621086982
132,57,2,low,medium,0.8570458205613756
132,40,2,low,medium,0.875943139049232
132,51,2,low,medium,0.8987276629988261
132,18,2,low,medium,0.8852021862354188
132,32,2,low,medium,0.8434968324144628
132,53,2,low,medium,0.8505591658800883
132,33,2,low,medium,0.8806256807854717
132,54,2,low,medium,0.9059113811240458
132,24,2,low,medium,0.8806996469831178
132,58,2,low,medium,0.8867220669370135
132,66,2,low,medium,0.9039070728790036
132,62,2,low,medium,0.8524458831608979
132,61,2,low,medium,0.8774243377111932
132,25,2,low,medium,0.7745331925862942
132,108,2,low,medium,0.9049011043275209
132,55,2,low,medium,0.8596150320120319
132,105,2,low,medium,0.8522655013386826
132,50,2,low,medium,0.8484502116302447
132,91,2,low,medium,0.8984686493351561
132,84,2,low,medium,0.8746721878411873
132,97,2,low,medium,0.8442149124476364
132,115,2,low,medium,0.8356624848050247
132,112,2,low,medium,0.8062548018485162
132,125,2,low,medium,0.8594582020143281
132,88,2,low,medium,0.9022629212616763
132,72,2,low,medium,0.854849611311586
132,142,2,low,medium,0.8868142309310739
132,143,2,low,medium,0.8953219359292143
132,73,2,low,medium,0.8648028755566022
132,145,2,low,medium,0.8420124861014742
132,120,2,low,medium,0.833002213512348
132,117,2,low,medium,0.8741787741531218
132,75,2,low,medium,0.8637876450592004
132,155,2,low,medium,0.8681765762999858
132,169,2,low,medium,0.8717782725636128
132,83,2,low,medium,0.8650193905125875
132,81,2,low,medium,0.8962598556405273
132,158,2,low,medium,0.8016994462723313
132,147,2,low,medium,0.8210961421426347
132,190,2,low,medium,0.9054116537462752
132,89,2,low,medium,0.8704839594058711
132,185,2,low,medium,0.8361924033208098
132,171,2,low,medium,0.8735193552673278
132,135,2,low,medium,0.7574913245567675
132,203,2,low,medium,0.8852862622213675
132,191,2,low,medium,0.877407933144321
132,210,2,low,medium,0.8905806941562594
138,6,2,low,medium,0.8068935319315061
138,4,2,low,medium,0.7261554774147663
132,212,2,low,medium,0.8269758684017874
138,14,2,low,medium,0.7832754675010595
132,197,2,low,medium,0.8873872644933408
132,151,2,low,medium,0.8133149550954294
132,192,2,low,medium,0.8412490646227688
138,15,2,low,medium,0.8103745931800734
138,16,2,low,medium,0.7587794484551565
132,206,2,low,medium,0.8474116366855433
132,168,2,low,medium,0.8220351038194182
132,214,2,low,medium,0.7889438771545384
132,215,2,low,medium,0.8836438400734598
138,17,2,low,medium,0.7401277038791606
138,24,2,low,medium,0.8209198980863391
138,18,2,low,medium,0.858986144943021
138,20,2,low,medium,0.7574898845202147
138,32,2,low,medium,0.7216727814049663
132,207,2,low,medium,0.8595304074235679
138,42,2,low,medium,0.899978443241595
138,40,2,low,medium,0.8164276176326277
138,51,2,low,medium,0.8332225230486338
138,25,2,low,medium,0.7693460248748757
138,53,2,low,medium,0.8351812508740909
138,57,2,low,medium,0.8382245600064754
138,54,2,low,medium,0.8500610597801074
138,33,2,low,medium,0.8732460201922839
132,194,2,low,medium,0.8272372621637798
138,58,2,low,medium,0.8470919011103712
138,50,2,low,medium,0.8577083858398741
138,66,2,low,medium,0.8782235345496769
138,55,2,low,medium,0.8047629696379421
138,62,2,low,medium,0.8319310035504169
138,72,2,low,medium,0.8604403259451484
138,61,2,low,medium,0.8480589648618436
138,108,2,low,medium,0.8788648959212083
138,105,2,low,medium,0.8122503078668188
138,81,2,low,medium,0.8439543382388428
138,83,2,low,medium,0.8336100051226284
138,88,2,low,medium,0.8454250681919345
138,84,2,low,medium,0.8421470662606413
138,75,2,low,medium,0.8673800971318472
138,73,2,low,medium,0.8802284916097423
138,112,2,low,medium,0.8009270508843881
138,115,2,low,medium,0.7742729114891795
138,97,2,low,medium,0.8390147051689446
138,117,2,low,medium,0.8397196724004186
138,91,2,low,medium,0.8390545917335978
138,120,2,low,medium,0.7805741848832326
138,143,2,low,medium,0.8150170806841225
132,202,2,low,medium,0.8768833759586684
138,142,2,low,medium,0.8280874355675877
138,185,2,low,medium,0.7111126467562094
138,147,2,low,medium,0.7821869824373201
138,171,2,low,medium,0.8577871099132548
138,145,2,low,medium,0.7592838936246891
138,89,2,low,medium,0.8853761267662451
138,190,2,low,medium,0.8367749572749541
138,169,2,low,medium,0.8498948651075177
138,125,2,low,medium,0.8391443605454489
138,168,2,low,medium,0.844344178847477
138,203,2,low,medium,0.8930275985042307
138,191,2,low,medium,0.8369053912683911
138,197,2,low,medium,0.8645597639182548
138,192,2,low,medium,0.8496731942563918
138,158,2,low,medium,0.7356452415500189
138,210,2,low,medium,0.8461710819546868
138,155,2,low,medium,0.8408618266897032
138,212,2,low,medium,0.8010306174113514
138,194,2,low,medium,0.8311175963657208
138,206,2,low,medium,0.8566431828612576
138,214,2,low,medium,0.7899739307086864
138,135,2,low,medium,0.8213219419723877
138,215,2,low,medium,0.8577976081968894
138,202,2,low,medium,0.8896185189940718
138,151,2,low,medium,0.7965812471085552
138,207,2,low,medium,0.8363181824767626
140,6,2,low,medium,0.8233631058304066
140,14,2,low,medium,0.8550072021995417
140,15,2,low,medium,0.8588891495039664
140,16,2,low,medium,0.8330690211073154
140,32,2,low,medium,0.8203363555978813
140,42,2,low,medium,0.8051009440980195
140,4,2,low,medium,0.8515044822494019
140,17,2,low,medium,0.8353315687574439
140,20,2,low,medium,0.8476302176305495
140,51,2,low,medium,0.7610552236658595
140,40,2,low,medium,0.826422067223784
140,24,2,low,medium,0.8109106090491173
140,18,2,low,medium,0.7864162695483364
140,33,2,low,medium,0.8159983076481774
140,25,2,low,medium,0.863762358610625
140,53,2,low,medium,0.876232714195215
140,57,2,low,medium,0.8793460495923335
140,54,2,low,medium,0.788106457735188
140,50,2,low,medium,0.8183627174521153
140,62,2,low,medium,0.851945495908577
140,88,2,low,medium,0.8624347958552026
140,61,2,low,medium,0.7650874583028021
140,66,2,low,medium,0.856259889769324
140,55,2,low,medium,0.8714369832260679
140,58,2,low,medium,0.7802166952715903
140,75,2,low,medium,0.838540231173792
140,72,2,low,medium,0.7990286923201333
140,81,2,low,medium,0.8063972174557524
140,91,2,low,medium,0.7692862048069241
140,73,2,low,medium,0.8195485667262746
140,108,2,low,medium,0.8465713753109984
140,84,2,low,medium,0.7428074398308955
140,105,2,low,medium,0.8552435568810953
140,115,2,low,medium,0.8688372122376444
140,97,2,low,medium,0.7627914037296725
140,89,2,low,medium,0.8222858382621944
140,125,2,low,medium,0.8497840294679107
140,112,2,low,medium,0.8660493172171342
140,120,2,low,medium,0.8569282964485774
140,83,2,low,medium,0.8166707097190327
140,143,2,low,medium,0.7648075970916398
140,117,2,low,medium,0.7902228460673175
140,145,2,low,medium,0.8113032546109746
140,142,2,low,medium,0.7382287949598973
140,147,2,low,medium,0.8244347447568335
140,155,2,low,medium,0.7481114064258946
140,185,2,low,medium,0.8420597018314483
140,158,2,low,medium,0.8500774797823425
140,135,2,low,medium,0.8426367619371713
140,203,2,low,medium,0.9065534150514659
140,190,2,low,medium,0.7306370610640437
140,169,2,low,medium,0.8079258945892895
140,171,2,low,medium,0.8174011839586581
140,210,2,low,medium,0.7610400205733039
140,212,2,low,medium,0.8608887941971441
140,206,2,low,medium,0.7772322935967552
140,192,2,low,medium,0.8780993030626395
140,151,2,low,medium,0.8784531103576263
140,207,2,low,medium,0.7743506470265605
140,214,2,low,medium,0.8622402996214605
162,6,2,low,medium,0.8189550203968678
140,215,2,low,medium,0.7847806109605392
140,168,2,low,medium,0.8677949433043626
140,191,2,low,medium,0.7367477319725354
140,194,2,low,medium,0.8868265861910898
140,197,2,low,medium,0.8183910475745944
140,202,2,low,medium,0.8608026267045966
162,14,2,low,medium,0.7971296243900325
162,16,2,low,medium,0.7940586303044859
162,4,2,low,medium,0.8299501128593835
162,15,2,low,medium,0.8196300290532587
162,32,2,low,medium,0.8197446471927421
162,20,2,low,medium,0.8420844318298759
162,42,2,low,medium,0.9070135849380245
162,51,2,low,medium,0.8980791853017858
162,24,2,low,medium,0.8714921934380925
162,40,2,low,medium,0.807268879999648
162,18,2,low,medium,0.8816548382097649
162,17,2,low,medium,0.8100837747955579
162,57,2,low,medium,0.8995700188143606
162,53,2,low,medium,0.8462626849292669
162,33,2,low,medium,0.8652976608611933
162,58,2,low,medium,0.8678187984804963
162,25,2,low,medium,0.8170987566773678
162,54,2,low,medium,0.8793014300003388
162,66,2,low,medium,0.9380852671181997
162,62,2,low,medium,0.8162421396805886
162,61,2,low,medium,0.8625215723403178
162,50,2,low,medium,0.8900054912422627
162,88,2,low,medium,0.8695301751715481
162,55,2,low,medium,0.8488873768961122
162,108,2,low,medium,0.9067969455081286
162,105,2,low,medium,0.8384372173686871
162,84,2,low,medium,0.8557501239697679
162,115,2,low,medium,0.8109562555617464
162,73,2,low,medium,0.8750985912239827
162,72,2,low,medium,0.8693899456451202
162,83,2,low,medium,0.875335352029343
162,75,2,low,medium,0.8742310522718914
162,91,2,low,medium,0.8759981556889397
162,125,2,low,medium,0.8332237790897701
162,112,2,low,medium,0.812785972989504
162,81,2,low,medium,0.8853664548465892
162,97,2,low,medium,0.845287418873294
162,117,2,low,medium,0.8798002828765183
162,120,2,low,medium,0.8061336113786888
162,143,2,low,medium,0.8741634468185495
162,142,2,low,medium,0.8678157992749472
162,89,2,low,medium,0.8565186991050425
162,145,2,low,medium,0.8346089489130721
162,190,2,low,medium,0.8852231287556255
162,185,2,low,medium,0.8397979756595049
162,155,2,low,medium,0.857113620638753
162,203,2,low,medium,0.8889770029239703
162,169,2,low,medium,0.8632377075863159
162,191,2,low,medium,0.8501413425541089
162,158,2,low,medium,0.8114021018284846
162,135,2,low,medium,0.8123215220099421
162,171,2,low,medium,0.8637860328307739
162,197,2,low,medium,0.869912385495282
162,147,2,low,medium,0.8189063222421118
162,192,2,low,medium,0.8093638231712208
162,210,2,low,medium,0.8845417481076661
162,212,2,low,medium,0.8375186430722759
162,151,2,low,medium,0.8371337829016281
162,206,2,low,medium,0.8424442882447298
162,214,2,low,medium,0.8382258963317895
164,6,2,low,medium,0.8360960209489169
162,194,2,low,medium,0.7978506741128467
162,207,2,low,medium,0.8635302854572969
162,168,2,low,medium,0.8237540992463876
164,14,2,low,medium,0.8507861024397068
164,15,2,low,medium,0.852927578801241
162,215,2,low,medium,0.8673296968227376
164,4,2,low,medium,0.854863062698615
162,202,2,low,medium,0.8879307318267075
164,17,2,low,medium,0.8267335426721625
164,16,2,low,medium,0.8514085662773807
164,24,2,low,medium,0.7946912015242172
164,20,2,low,medium,0.8449859576865433
164,32,2,low,medium,0.8539177600848317
164,51,2,low,medium,0.8111796175156929
164,18,2,low,medium,0.8281337710399995
164,42,2,low,medium,0.8416577987057061
164,57,2,low,medium,0.8773324875889786
164,53,2,low,medium,0.8351278387592387
164,40,2,low,medium,0.8474113365425978
164,33,2,low,medium,0.8053059791913392
164,25,2,low,medium,0.8663396615305281
164,66,2,low,medium,0.8378340389711242
164,54,2,low,medium,0.8310269388646039
164,62,2,low,medium,0.8378339922236293
164,58,2,low,medium,0.8242210135352249
164,61,2,low,medium,0.7903795557567608
164,50,2,low,medium,0.815453986240186
164,88,2,low,medium,0.8751931386299491
164,55,2,low,medium,0.8743262495496421
164,108,2,low,medium,0.8388564302793501
164,72,2,low,medium,0.8198584298267421
164,105,2,low,medium,0.8778165446653096
164,75,2,low,medium,0.8675192131997156
164,84,2,low,medium,0.7852542233515236
164,91,2,low,medium,0.8056563120459639
164,115,2,low,medium,0.8511198759146184
164,73,2,low,medium,0.8280876002601255
164,83,2,low,medium,0.8111315700669554
164,112,2,low,medium,0.8825617670947964
164,81,2,low,medium,0.8086082756443108
164,117,2,low,medium,0.7907740219420418
164,97,2,low,medium,0.8076168046773029
164,125,2,low,medium,0.8998357670450016
164,89,2,low,medium,0.8403298191185242
164,143,2,low,medium,0.7845007319820431
164,120,2,low,medium,0.8418568318866132
164,145,2,low,medium,0.7792150906653627
164,142,2,low,medium,0.7792725942409859
164,185,2,low,medium,0.8464673198573927
164,169,2,low,medium,0.8150406579165065
164,190,2,low,medium,0.7822815700342063
164,147,2,low,medium,0.8781742233552947
164,155,2,low,medium,0.7653508276820689
164,135,2,low,medium,0.8874631530895997
164,158,2,low,medium,0.8613968686290492
164,171,2,low,medium,0.8593751065610722
164,191,2,low,medium,0.804311468494225
164,203,2,low,medium,0.9149071058221535
164,197,2,low,medium,0.8492906279768971
164,151,2,low,medium,0.8836965237902176
164,192,2,low,medium,0.890427899259472
164,210,2,low,medium,0.7511484880508146
164,206,2,low,medium,0.8088479274331435
164,168,2,low,medium,0.8896752306837026
164,212,2,low,medium,0.8545045966513153
164,207,2,low,medium,0.8281183704778914
164,194,2,low,medium,0.872459329399499
164,214,2,low,medium,0.8792082528416183
172,6,2,low,medium,0.8679052430727723
172,14,2,low,medium,0.8645317347693258
164,215,2,low,medium,0.7900652368334999
172,16,2,low,medium,0.8369665832148651
172,4,2,low,medium,0.8274441526946605
172,15,2,low,medium,0.8135196463736556
172,20,2,low,medium,0.8406206035532712
172,24,2,low,medium,0.7961785091110325
172,32,2,low,medium,0.8286551179711292
172,17,2,low,medium,0.8271255041395482
172,42,2,low,medium,0.8263838255934705
172,40,2,low,medium,0.8439588071803195
172,33,2,low,medium,0.7965412593823418
172,51,2,low,medium,0.8013707702707769
172,18,2,low,medium,0.825056297531339
164,202,2,low,medium,0.8956963803704464
172,25,2,low,medium,0.863332271246112
172,57,2,low,medium,0.8418279624731312
172,50,2,low,medium,0.7779767502652007
172,66,2,low,medium,0.8642851530179028
172,53,2,low,medium,0.8293712276862224
172,54,2,low,medium,0.82837541845688
172,62,2,low,medium,0.8342238382056268
172,58,2,low,medium,0.7924758139267885
172,88,2,low,medium,0.8857321622069187
172,61,2,low,medium,0.7973782978758052
172,72,2,low,medium,0.8027466230395922
172,75,2,low,medium,0.8045960146263835
172,84,2,low,medium,0.7978762817079856
172,55,2,low,medium,0.8621190387394821
172,108,2,low,medium,0.847743642500223
172,83,2,low,medium,0.7910798893933223
172,81,2,low,medium,0.8292452269539159
172,105,2,low,medium,0.8695174146737705
172,91,2,low,medium,0.7976381255193504
172,73,2,low,medium,0.8026265301219271
172,115,2,low,medium,0.8059901006936064
172,97,2,low,medium,0.7475710817626768
172,112,2,low,medium,0.8403508077899041
172,89,2,low,medium,0.7961946142925235
172,125,2,low,medium,0.8845429253502035
172,117,2,low,medium,0.7815273351544334
172,120,2,low,medium,0.8375867856803173
172,143,2,low,medium,0.7677109726012893
172,145,2,low,medium,0.8311563774448136
172,142,2,low,medium,0.7974615700190562
172,169,2,low,medium,0.7607142536706443
172,190,2,low,medium,0.7724414845864732
172,155,2,low,medium,0.7925858847554446
172,185,2,low,medium,0.8312307751480714
172,158,2,low,medium,0.8233927936140696
172,147,2,low,medium,0.858990072383149
172,135,2,low,medium,0.8527747208010151
172,171,2,low,medium,0.7916869938082893
172,203,2,low,medium,0.907834835094434
172,191,2,low,medium,0.7967132198125464
172,192,2,low,medium,0.8499969907695605
172,197,2,low,medium,0.8262419266235097
172,210,2,low,medium,0.8026041747807495
172,151,2,low,medium,0.8616310805885158
172,194,2,low,medium,0.8637907808148692
172,212,2,low,medium,0.8426832949024212
172,206,2,low,medium,0.819090726358011
172,168,2,low,medium,0.8537941056376996
172,215,2,low,medium,0.7939252558868307
172,214,2,low,medium,0.8407783284350366
172,207,2,low,medium,0.7893800611417692
176,6,2,low,medium,0.883510722602211
176,14,2,low,medium,0.8368656694963483
172,202,2,low,medium,0.8524961518826681
176,4,2,low,medium,0.7993703450905425
176,15,2,low,medium,0.854964176510337
176,51,2,low,medium,0.8928103975515632
176,17,2,low,medium,0.8187655677639529
176,20,2,low,medium,0.7732885807564897
176,42,2,low,medium,0.9138208426970019
176,24,2,low,medium,0.8549676622133072
176,40,2,low,medium,0.8588796472631038
176,32,2,low,medium,0.8036203993286027
176,16,2,low,medium,0.8010419017693231
176,53,2,low,medium,0.8649234734680215
176,57,2,low,medium,0.9067699754461738
176,54,2,low,medium,0.885131666231432
176,66,2,low,medium,0.9299740693709683
176,18,2,low,medium,0.8754515254907564
176,33,2,low,medium,0.8700659322843544
176,58,2,low,medium,0.8520815374368956
176,62,2,low,medium,0.8815748187746033
176,50,2,low,medium,0.8509025678418869
176,88,2,low,medium,0.9123405306474832
176,25,2,low,medium,0.7996264801827251
176,61,2,low,medium,0.8589191423194423
176,108,2,low,medium,0.9225308420234893
176,105,2,low,medium,0.8531554601133664
176,55,2,low,medium,0.7614806640556642
176,72,2,low,medium,0.8384338173326022
176,91,2,low,medium,0.8435102044412655
176,84,2,low,medium,0.8409441725409094
176,81,2,low,medium,0.8657526090698342
176,75,2,low,medium,0.8491114623893521
176,115,2,low,medium,0.8200913484928822
176,125,2,low,medium,0.9116617348020684
176,112,2,low,medium,0.8373078317190503
176,73,2,low,medium,0.8419772750352476
176,117,2,low,medium,0.8299943129176902
176,97,2,low,medium,0.8082473709946428
176,83,2,low,medium,0.848950356384379
176,120,2,low,medium,0.8499957911773293
176,142,2,low,medium,0.8667196216436751
176,89,2,low,medium,0.8128408609281673
176,145,2,low,medium,0.8363376516717478
176,169,2,low,medium,0.8671244719558195
176,185,2,low,medium,0.8145393979076462
176,155,2,low,medium,0.8811195527946912
176,190,2,low,medium,0.887790079984934
176,143,2,low,medium,0.8657088829287287
176,158,2,low,medium,0.8151256555360176
176,135,2,low,medium,0.7834379528342684
176,171,2,low,medium,0.8368732958029478
176,191,2,low,medium,0.8455360088468113
176,203,2,low,medium,0.9232017286066598
176,210,2,low,medium,0.8757320059834214
176,212,2,low,medium,0.8445503223067444
176,147,2,low,medium,0.8230629097630401
176,197,2,low,medium,0.8533999404889818
176,192,2,low,medium,0.80706712263436
179,6,2,low,medium,0.8910459302109714
176,151,2,low,medium,0.7833761384161586
176,206,2,low,medium,0.8373763108127109
179,4,2,low,medium,0.8564526906943103
179,14,2,low,medium,0.8868209229360934
179,15,2,low,medium,0.8447046423600348
176,214,2,low,medium,0.8049295921731566
176,207,2,low,medium,0.8169916916710576
176,215,2,low,medium,0.8712972513429557
179,16,2,low,medium,0.8520919467534611
176,168,2,low,medium,0.8089312058055854
179,42,2,low,medium,0.8901686544157018
179,17,2,low,medium,0.8679117053227908
179,32,2,low,medium,0.8381007093820587
179,51,2,low,medium,0.8356486326757926
179,20,2,low,medium,0.8388856088622251
179,40,2,low,medium,0.8812237215874621
179,24,2,low,medium,0.7904492073204109
179,18,2,low,medium,0.8272137779109007
179,53,2,low,medium,0.8771494712902059
176,202,2,low,medium,0.8251320895838222
179,54,2,low,medium,0.832813835431695
179,57,2,low,medium,0.9005620175225733
179,33,2,low,medium,0.8096245694854617
176,194,2,low,medium,0.8007273205381555
179,50,2,low,medium,0.8112434027933053
179,66,2,low,medium,0.8979940529640343
179,25,2,low,medium,0.8690086592122784
179,62,2,low,medium,0.8606986635515027
179,88,2,low,medium,0.9273540266317708
179,58,2,low,medium,0.8258748939540363
179,55,2,low,medium,0.8514247620952944
179,105,2,low,medium,0.9132587551341581
179,108,2,low,medium,0.9027318256990509
179,61,2,low,medium,0.7928963448633025
179,75,2,low,medium,0.8265216370782947
179,91,2,low,medium,0.7518026780997712
179,72,2,low,medium,0.8109000490999048
179,83,2,low,medium,0.7848134478786348
179,97,2,low,medium,0.7509626648895672
179,115,2,low,medium,0.8777242567910551
179,81,2,low,medium,0.8265931957910129
179,84,2,low,medium,0.7899753634904332
179,125,2,low,medium,0.9098533224118603
179,112,2,low,medium,0.8794213508286965
179,143,2,low,medium,0.7720576709141981
179,73,2,low,medium,0.8093482929417735
179,120,2,low,medium,0.856687748804108
179,89,2,low,medium,0.7936538296362865
179,117,2,low,medium,0.7497819181508886
179,145,2,low,medium,0.8636259364242385
179,142,2,low,medium,0.780065519241696
179,169,2,low,medium,0.8109558626407629
179,190,2,low,medium,0.8111324127492231
179,155,2,low,medium,0.8059819721700805
179,185,2,low,medium,0.8706888905131638
179,135,2,low,medium,0.8721932143343695
179,147,2,low,medium,0.8755047032825375
179,158,2,low,medium,0.8560462466330636
179,203,2,low,medium,0.9367405467453632
179,171,2,low,medium,0.7962647570793018
179,191,2,low,medium,0.7548900673804338
180,14,2,low,medium,0.8579309851332202
179,210,2,low,medium,0.8214008295549987
179,192,2,low,medium,0.8603407729271174
180,15,2,low,medium,0.8200037581506655
179,197,2,low,medium,0.8512739088830844
180,6,2,low,medium,0.8447967318773788
179,168,2,low,medium,0.8724521152650361
179,212,2,low,medium,0.8817007541068246
180,16,2,low,medium,0.8299734187411033
179,206,2,low,medium,0.8350608333903442
180,4,2,low,medium,0.8605881446360157
179,207,2,low,medium,0.7554953864387789
179,215,2,low,medium,0.7955477596946144
179,151,2,low,medium,0.8696984026224619
180,20,2,low,medium,0.8392071727255892
180,24,2,low,medium,0.7962034572730154
180,32,2,low,medium,0.8319947436488387
179,194,2,low,medium,0.8459733374716323
180,18,2,low,medium,0.7973948922193301
180,17,2,low,medium,0.8512126022415212
180,40,2,low,medium,0.8561152861698754
180,51,2,low,medium,0.7438653537359586
180,25,2,low,medium,0.863230306509156
180,42,2,low,medium,0.8014993298829998
179,202,2,low,medium,0.8383238516633006
180,33,2,low,medium,0.8269799988213363
180,53,2,low,medium,0.8459658923916136
180,57,2,low,medium,0.870886321849726
180,54,2,low,medium,0.7958581166385144
179,214,2,low,medium,0.8890815424671942
180,66,2,low,medium,0.8434595597547602
180,58,2,low,medium,0.7771521854514101
180,62,2,low,medium,0.8299619839434177
180,61,2,low,medium,0.7426780286967961
180,50,2,low,medium,0.8342416657198255
180,55,2,low,medium,0.8761159623668723
180,72,2,low,medium,0.7967179359724069
180,75,2,low,medium,0.8034396296025605
180,91,2,low,medium,0.7838243605378039
180,83,2,low,medium,0.7968059770818434
180,88,2,low,medium,0.8581746461477556
180,105,2,low,medium,0.8517575035922401
180,115,2,low,medium,0.8522090374212459
180,97,2,low,medium,0.7521963630176965
180,84,2,low,medium,0.7621497523646755
180,112,2,low,medium,0.8604123435493561
180,108,2,low,medium,0.7721457106163546
180,89,2,low,medium,0.7946279830706869
180,120,2,low,medium,0.838292913251395
180,143,2,low,medium,0.7582309313409639
180,117,2,low,medium,0.7760393340093026
180,81,2,low,medium,0.8294383053315936
180,73,2,low,medium,0.8243709368614233
180,125,2,low,medium,0.8822855625451115
180,145,2,low,medium,0.827699676725695
180,142,2,low,medium,0.7464945979069405
180,158,2,low,medium,0.8398627914181311
180,169,2,low,medium,0.7753215105648353
180,190,2,low,medium,0.747377492522906
180,147,2,low,medium,0.857037334285702
180,155,2,low,medium,0.7780510690752155
180,185,2,low,medium,0.8169409385567841
180,135,2,low,medium,0.8670674440407726
180,171,2,low,medium,0.8100110731250352
180,191,2,low,medium,0.7637662936282185
180,197,2,low,medium,0.8016699795352019
180,203,2,low,medium,0.9116323363700938
180,192,2,low,medium,0.8695749477330917
180,151,2,low,medium,0.8634978118548614
180,168,2,low,medium,0.8725433648666815
180,206,2,low,medium,0.8087676532238574
180,210,2,low,medium,0.7623683945023202
180,212,2,low,medium,0.8591911210647575
180,214,2,low,medium,0.8506400029470417
180,215,2,low,medium,0.8014502777393273
180,194,2,low,medium,0.8661331638285532
180,207,2,low,medium,0.7885780776066547
182,6,2,low,medium,0.8901636287205412
180,202,2,low,medium,0.8552930293382836
182,14,2,low,medium,0.8764902988090401
182,4,2,low,medium,0.8728367485269145
182,15,2,low,medium,0.8711181781525259
182,16,2,low,medium,0.8700064699950215
182,32,2,low,medium,0.856955804284147
182,51,2,low,medium,0.850345512828534
182,42,2,low,medium,0.8860338860932592
182,17,2,low,medium,0.8567945877417144
182,24,2,low,medium,0.8031865575409681
182,20,2,low,medium,0.8376924391277671
182,54,2,low,medium,0.8382597916991205
182,57,2,low,medium,0.9191222341690548
182,33,2,low,medium,0.8505790918591665
182,40,2,low,medium,0.8763168392788716
182,62,2,low,medium,0.8866911245015239
182,58,2,low,medium,0.837483127618749
182,53,2,low,medium,0.8810312432790377
182,66,2,low,medium,0.9039871877799137
182,18,2,low,medium,0.8280102527340619
182,50,2,low,medium,0.8287059119602622
182,61,2,low,medium,0.8204229252480826
182,88,2,low,medium,0.915430329947493
182,25,2,low,medium,0.8703914932697269
182,108,2,low,medium,0.8868376702377677
182,55,2,low,medium,0.846644119567218
182,84,2,low,medium,0.8142238580262975
182,105,2,low,medium,0.9098781423333463
182,72,2,low,medium,0.8342206500715894
182,73,2,low,medium,0.8542409418430351
182,81,2,low,medium,0.8211812097338048
182,83,2,low,medium,0.8318456047003526
182,115,2,low,medium,0.875062962516471
182,91,2,low,medium,0.7853069653721954
182,75,2,low,medium,0.8428956759464987
182,125,2,low,medium,0.9192301206196353
182,112,2,low,medium,0.8964942755730435
182,97,2,low,medium,0.7986763643280301
182,120,2,low,medium,0.8527847792327797
182,143,2,low,medium,0.8134294069694114
182,117,2,low,medium,0.7849667780215696
182,142,2,low,medium,0.803107687223248
182,190,2,low,medium,0.8335427172154773
182,145,2,low,medium,0.8480502098258442
182,155,2,low,medium,0.8405008248144616
182,89,2,low,medium,0.8179284556923013
182,158,2,low,medium,0.8640252795508891
182,185,2,low,medium,0.8656650563785546
182,169,2,low,medium,0.8432751585822553
182,135,2,low,medium,0.8966816834169188
182,147,2,low,medium,0.8832715196338802
182,191,2,low,medium,0.8048399096978317
182,171,2,low,medium,0.825491977642583
182,203,2,low,medium,0.9466517943882806
182,210,2,low,medium,0.8154817353484223
182,197,2,low,medium,0.8522159804901418
182,192,2,low,medium,0.8731489429410344
182,151,2,low,medium,0.8687389740847687
183,4,2,low,medium,0.8623734820004858
183,6,2,low,medium,0.8647113234428287
183,14,2,low,medium,0.89454750232001
182,212,2,low,medium,0.8919429066707326
182,168,2,low,medium,0.8718555279345283
182,206,2,low,medium,0.8394002549016498
183,15,2,low,medium,0.8776717257603375
183,16,2,low,medium,0.8419514930826372
183,17,2,low,medium,0.8533529035842504
182,214,2,low,medium,0.8858180037532474
182,215,2,low,medium,0.8010217464779077
182,207,2,low,medium,0.8104831921419814
183,20,2,low,medium,0.8551044923516795
183,32,2,low,medium,0.861261718579548
183,24,2,low,medium,0.7416083362270506
183,40,2,low,medium,0.8648307695404388
183,18,2,low,medium,0.76037842058682
183,42,2,low,medium,0.8246450828790176
182,194,2,low,medium,0.8679138339670557
182,202,2,low,medium,0.8707987355136184
183,57,2,low,medium,0.8894049447707402
183,51,2,low,medium,0.8015939725594569
183,54,2,low,medium,0.8090905762020317
183,33,2,low,medium,0.8255253158736585
183,53,2,low,medium,0.8554713556378288
183,25,2,low,medium,0.8909009743551776
183,66,2,low,medium,0.8820284796666986
183,50,2,low,medium,0.812430071607441
183,62,2,low,medium,0.863796950436939
183,58,2,low,medium,0.8209693038334515
183,88,2,low,medium,0.8983481577132794
183,61,2,low,medium,0.7682277300506076
183,108,2,low,medium,0.8309155464546518
183,55,2,low,medium,0.8668050976298839
183,105,2,low,medium,0.9112360299379514
183,84,2,low,medium,0.7687050945068399
183,91,2,low,medium,0.7718465913202196
183,83,2,low,medium,0.7981279761193075
183,81,2,low,medium,0.7795487168150442
183,72,2,low,medium,0.7771292990876592
183,97,2,low,medium,0.7782187236943278
183,75,2,low,medium,0.8257319141931518
183,115,2,low,medium,0.8798542207875523
183,112,2,low,medium,0.8931583965671848
183,73,2,low,medium,0.8224944021082485
183,125,2,low,medium,0.9110537565428694
183,117,2,low,medium,0.7443990791370118
183,89,2,low,medium,0.7845075572716604
183,143,2,low,medium,0.7876385777957351
183,120,2,low,medium,0.8465538474337726
183,145,2,low,medium,0.815370902459134
183,190,2,low,medium,0.7613575872685538
183,169,2,low,medium,0.7995911099020697
183,135,2,low,medium,0.8908791334882734
183,147,2,low,medium,0.8829545502516725
183,158,2,low,medium,0.8685619492502799
183,171,2,low,medium,0.8313847534035548
183,203,2,low,medium,0.9341534833998588
183,142,2,low,medium,0.7668008851962337
183,185,2,low,medium,0.8702839638125501
183,155,2,low,medium,0.7745627519235075
183,197,2,low,medium,0.8193740093535345
183,191,2,low,medium,0.767691658357678
183,210,2,low,medium,0.774438913293425
183,212,2,low,medium,0.8739500906827059
183,206,2,low,medium,0.8310647293537563
183,194,2,low,medium,0.8798862552656727
186,6,2,low,medium,0.7796849963944772
186,4,2,low,medium,0.7821233425855902
183,207,2,low,medium,0.789822047976778
183,214,2,low,medium,0.8992595771188865
183,168,2,low,medium,0.8888097583221185
183,192,2,low,medium,0.8781837461941544
186,15,2,low,medium,0.7852097074301471
186,16,2,low,medium,0.7687904546235862
186,14,2,low,medium,0.7697295427746372
186,17,2,low,medium,0.7954751303103772
183,215,2,low,medium,0.7678775592841366
186,20,2,low,medium,0.7819340231513419
183,202,2,low,medium,0.8635687551662362
186,24,2,low,medium,0.8464243389474561
183,151,2,low,medium,0.8833546605164048
186,32,2,low,medium,0.7340220092771879
186,51,2,low,medium,0.8685607981503018
186,42,2,low,medium,0.8899951157593335
186,18,2,low,medium,0.8594357534307626
186,40,2,low,medium,0.7934973398744615
186,57,2,low,medium,0.8741516200847402
186,25,2,low,medium,0.746001753622335
186,33,2,low,medium,0.8457988767820631
186,54,2,low,medium,0.8530986341578546
186,53,2,low,medium,0.8201642468442502
186,66,2,low,medium,0.9367305523498457
186,58,2,low,medium,0.8253960266535801
186,62,2,low,medium,0.8248448535127931
186,61,2,low,medium,0.834494724820823
186,50,2,low,medium,0.8864121152433091
186,108,2,low,medium,0.8891798715348123
186,88,2,low,medium,0.860933560299892
186,105,2,low,medium,0.8185570749468777
186,75,2,low,medium,0.8386430863821254
186,55,2,low,medium,0.7755947631223253
186,84,2,low,medium,0.8350626431258377
186,81,2,low,medium,0.8349528971255676
186,115,2,low,medium,0.7679293175001175
186,91,2,low,medium,0.8466036960048455
186,72,2,low,medium,0.8331205506916176
186,97,2,low,medium,0.7946538964547852
186,117,2,low,medium,0.8452355882871571
186,73,2,low,medium,0.8518136626114119
186,89,2,low,medium,0.8259428903131512
186,125,2,low,medium,0.8454251752269408
186,112,2,low,medium,0.7833240251030268
186,143,2,low,medium,0.8411300652314712
186,120,2,low,medium,0.7743438227676118
186,83,2,low,medium,0.850292269945574
186,145,2,low,medium,0.7944300406610972
186,142,2,low,medium,0.8449173014065593
186,155,2,low,medium,0.8412669877516586
186,158,2,low,medium,0.7649289839049229
186,185,2,low,medium,0.7471925597241346
186,190,2,low,medium,0.8476951455924772
186,169,2,low,medium,0.8252141492036136
186,171,2,low,medium,0.8392121308406016
186,147,2,low,medium,0.7603201691743597
186,203,2,low,medium,0.8798877915543496
186,151,2,low,medium,0.7549298352072358
186,135,2,low,medium,0.7993014499803296
186,168,2,low,medium,0.7735311313625078
186,191,2,low,medium,0.8218963315256023
186,210,2,low,medium,0.8474021113274999
186,197,2,low,medium,0.8392800431001255
186,206,2,low,medium,0.8045081288915327
186,212,2,low,medium,0.7857729988176233
186,192,2,low,medium,0.7995018997895896
200,4,2,low,medium,0.8578842769003764
200,6,2,low,medium,0.8769364643009798
186,215,2,low,medium,0.8619200678679483
200,14,2,low,medium,0.8663851322926812
186,214,2,low,medium,0.7604883835546978
186,207,2,low,medium,0.8320696187432435
186,194,2,low,medium,0.7918525186454978
200,15,2,low,medium,0.8508030450934623
200,16,2,low,medium,0.8656827536012643
200,17,2,low,medium,0.8394607989950382
200,24,2,low,medium,0.8210742397586841
200,32,2,low,medium,0.8477941142918861
200,20,2,low,medium,0.8638122855488296
186,202,2,low,medium,0.857900948396527
200,18,2,low,medium,0.8061856332120073
200,42,2,low,medium,0.8634484718855873
200,51,2,low,medium,0.8099842535867572
200,40,2,low,medium,0.8664305702095502
200,57,2,low,medium,0.8858830248958639
200,54,2,low,medium,0.7799694587063348
200,33,2,low,medium,0.8425948551343503
200,53,2,low,medium,0.8647402061181376
200,62,2,low,medium,0.8449421715577493
200,58,2,low,medium,0.8380676823492025
200,25,2,low,medium,0.8975028485422951
200,61,2,low,medium,0.8210317332537754
200,50,2,low,medium,0.8622272095743281
200,55,2,low,medium,0.884607976335516
200,66,2,low,medium,0.8793758367265768
200,84,2,low,medium,0.8141832221430334
200,72,2,low,medium,0.8431222344038708
200,81,2,low,medium,0.8012962025242525
200,91,2,low,medium,0.8285955593999156
200,108,2,low,medium,0.8370487011677152
200,105,2,low,medium,0.8920528424996559
200,88,2,low,medium,0.8930416215626381
200,83,2,low,medium,0.852057218492934
200,75,2,low,medium,0.8475243845188789
200,112,2,low,medium,0.9007101011918986
200,89,2,low,medium,0.8520624287562086
200,97,2,low,medium,0.8178343645145069
200,125,2,low,medium,0.8886274531611906
200,117,2,low,medium,0.8033944571895657
200,120,2,low,medium,0.842518476684569
200,115,2,low,medium,0.8879996324310676
200,73,2,low,medium,0.8599868680860361
200,143,2,low,medium,0.8102807571521757
200,142,2,low,medium,0.803091914258084
200,145,2,low,medium,0.8392347145656026
200,135,2,low,medium,0.9024629395015319
200,155,2,low,medium,0.7813875681124958
200,185,2,low,medium,0.8612154102862192
200,190,2,low,medium,0.7723857325595407
200,158,2,low,medium,0.8700695701344578
200,147,2,low,medium,0.8979716251255523
200,169,2,low,medium,0.8011866480609465
200,203,2,low,medium,0.9083221463394386
200,171,2,low,medium,0.8595200782606034
200,191,2,low,medium,0.8107027710853028
200,192,2,low,medium,0.9040117540191963
200,168,2,low,medium,0.9048220003169266
200,197,2,low,medium,0.836770629703497
200,210,2,low,medium,0.7994158454221112
200,151,2,low,medium,0.8999307749494706
200,212,2,low,medium,0.8803827660984602
200,206,2,low,medium,0.8467737744450371
200,207,2,low,medium,0.837295493086443
200,194,2,low,medium,0.8880255831232033
200,215,2,low,medium,0.8180902277081149
200,214,2,low,medium,0.8976105650008485
200,202,2,low,medium,0.8955585964235819
