exp_a,exp_b,stimulus,expertise_a,expertise_b,score
13,66,rectangle,low,medium,0.8639671432886992
13,207,rectangle,low,medium,0.7478794546961804
21,33,rectangle,low,medium,0.8355610236152596
13,88,rectangle,low,medium,0.8852657030734736
13,25,rectangle,low,medium,0.7611608013216511
13,117,rectangle,low,medium,0.7924521811853119
13,135,rectangle,low,medium,0.8020185181597086
13,20,rectangle,low,medium,0.7861576409588712
13,62,rectangle,low,medium,0.8526221737442681
21,40,rectangle,low,medium,0.8472339649636926
13,112,rectangle,low,medium,0.8141838646132852
21,25,rectangle,low,medium,0.7526103787747431
13,53,rectangle,low,medium,0.8685010696604684
21,32,rectangle,low,medium,0.7773263180243799
13,61,rectangle,low,medium,0.7728745920745437
13,33,rectangle,low,medium,0.8060734232195129
13,24,rectangle,low,medium,0.7490471535666392
13,120,rectangle,low,medium,0.8237187917848414
13,145,rectangle,low,medium,0.8049810331211869
13,142,rectangle,low,medium,0.7831136980766216
13,121,rectangle,low,medium,0.8429654436349915
13,202,rectangle,low,medium,0.8225678302702658
21,73,rectangle,low,medium,0.7961296760513972
13,84,rectangle,low,medium,0.8331090753457204
13,83,rectangle,low,medium,0.7924693494566014
13,194,rectangle,low,medium,0.794497554962632
13,192,rectangle,low,medium,0.7742258444660697
13,81,rectangle,low,medium,0.8405281002919457
21,66,rectangle,low,medium,0.8361620822311664
13,108,rectangle,low,medium,0.8097924541097709
21,24,rectangle,low,medium,0.768304340018668
21,62,rectangle,low,medium,0.8380152650891036
21,20,rectangle,low,medium,0.8237018154964582
13,17,rectangle,low,medium,0.8098123495707259
13,125,rectangle,low,medium,0.8718165078127632
13,185,rectangle,low,medium,0.7801311247943145
21,61,rectangle,low,medium,0.8123555282252006
13,16,rectangle,low,medium,0.7555038880115841
13,171,rectangle,low,medium,0.7767864377440001
13,73,rectangle,low,medium,0.7486496602904372
13,155,rectangle,low,medium,0.7987722841836232
13,15,rectangle,low,medium,0.8524246133143372
13,151,rectangle,low,medium,0.791157127223042
13,169,rectangle,low,medium,0.7932496543704669
21,17,rectangle,low,medium,0.8051028012010674
13,42,rectangle,low,medium,0.8992065684163977
21,57,rectangle,low,medium,0.8725476131788916
13,57,rectangle,low,medium,0.8788363841820537
13,168,rectangle,low,medium,0.7961029766031233
21,55,rectangle,low,medium,0.8261833338215102
13,206,rectangle,low,medium,0.7893183825788275
21,16,rectangle,low,medium,0.797678279858791
13,51,rectangle,low,medium,0.8010972969714445
13,6,rectangle,low,medium,0.8300318286772603
13,147,rectangle,low,medium,0.7739580480963913
21,54,rectangle,low,medium,0.8445110225677035
21,15,rectangle,low,medium,0.7926482523639464
13,75,rectangle,low,medium,0.8080443989318147
13,89,rectangle,low,medium,0.7794779604985177
13,158,rectangle,low,medium,0.7887851982176843
13,97,rectangle,low,medium,0.7824190639099764
21,53,rectangle,low,medium,0.8098427905984857
21,14,rectangle,low,medium,0.8158122249100599
13,14,rectangle,low,medium,0.7672976190413028
21,51,rectangle,low,medium,0.8075937817493134
13,115,rectangle,low,medium,0.7381016608883121
21,6,rectangle,low,medium,0.8225361277672391
13,40,rectangle,low,medium,0.8292015735586779
13,105,rectangle,low,medium,0.790199915482
21,4,rectangle,low,medium,0.7927224561420139
13,55,rectangle,low,medium,0.7999022702169369
13,4,rectangle,low,medium,0.8090129774795728
13,143,rectangle,low,medium,0.8188395908579096
21,42,rectangle,low,medium,0.8951459664608122
13,215,rectangle,low,medium,0.8238675865933823
13,54,rectangle,low,medium,0.8142421282992895
13,214,rectangle,low,medium,0.787640244945841
13,210,rectangle,low,medium,0.8309721451308383
13,212,rectangle,low,medium,0.7996134646891545
13,91,rectangle,low,medium,0.7607845909883793
13,32,rectangle,low,medium,0.7840926886623902
13,203,rectangle,low,medium,0.9018159696475484
21,125,rectangle,low,medium,0.8651078109342302
21,81,rectangle,low,medium,0.8124778390813195
21,115,rectangle,low,medium,0.7994279669682012
21,91,rectangle,low,medium,0.8030508114755636
21,108,rectangle,low,medium,0.8154163740427594
21,75,rectangle,low,medium,0.798987607161343
21,143,rectangle,low,medium,0.8230883989009067
21,88,rectangle,low,medium,0.8738734892839274
21,105,rectangle,low,medium,0.813964879802591
21,117,rectangle,low,medium,0.8137689142144579
21,155,rectangle,low,medium,0.8212722142126225
21,145,rectangle,low,medium,0.8145973801328116
21,142,rectangle,low,medium,0.7729846316690221
21,158,rectangle,low,medium,0.80578103597009
21,185,rectangle,low,medium,0.7686885274398219
21,147,rectangle,low,medium,0.7955841392692731
21,171,rectangle,low,medium,0.8118116991269703
21,203,rectangle,low,medium,0.8870429594437738
21,202,rectangle,low,medium,0.8337534760107843
21,121,rectangle,low,medium,0.82415781264301
21,210,rectangle,low,medium,0.8180605893076848
21,192,rectangle,low,medium,0.8118181603734519
21,151,rectangle,low,medium,0.7857498882203361
21,212,rectangle,low,medium,0.8017188986687667
21,207,rectangle,low,medium,0.78892037419706
27,4,rectangle,low,medium,0.8582058776864641
27,6,rectangle,low,medium,0.7873224196310303
27,14,rectangle,low,medium,0.8288663911992177
27,15,rectangle,low,medium,0.8146328333053686
21,112,rectangle,low,medium,0.7797163975207672
27,16,rectangle,low,medium,0.8796712292063614
21,89,rectangle,low,medium,0.7714423764156416
27,17,rectangle,low,medium,0.8528292675848758
27,24,rectangle,low,medium,0.8673223032837968
27,20,rectangle,low,medium,0.8981235234405993
21,97,rectangle,low,medium,0.7397833804111137
21,120,rectangle,low,medium,0.8101288608220975
21,206,rectangle,low,medium,0.7971378104945441
27,42,rectangle,low,medium,0.8528155358454691
21,194,rectangle,low,medium,0.8117310317286034
27,33,rectangle,low,medium,0.8543754871933849
27,51,rectangle,low,medium,0.8610120892146657
27,57,rectangle,low,medium,0.880097604469211
21,214,rectangle,low,medium,0.7799427223896461
27,53,rectangle,low,medium,0.8259059884543538
27,66,rectangle,low,medium,0.8544108422011062
27,62,rectangle,low,medium,0.8200158502653724
27,25,rectangle,low,medium,0.862276445429758
21,84,rectangle,low,medium,0.7955991966226704
21,169,rectangle,low,medium,0.8244136103604065
27,81,rectangle,low,medium,0.8225397375016646
27,32,rectangle,low,medium,0.8449774011851442
27,88,rectangle,low,medium,0.8406848815352786
21,135,rectangle,low,medium,0.7508959608425025
27,75,rectangle,low,medium,0.8565439476515765
27,61,rectangle,low,medium,0.8873060225326098
27,73,rectangle,low,medium,0.8595325922244078
27,105,rectangle,low,medium,0.8179286744355837
27,89,rectangle,low,medium,0.8298901617491137
27,84,rectangle,low,medium,0.9084726266913975
27,83,rectangle,low,medium,0.8888596931098541
27,115,rectangle,low,medium,0.8461908496387657
27,112,rectangle,low,medium,0.8546954663150882
27,40,rectangle,low,medium,0.838949351757542
27,143,rectangle,low,medium,0.8603104308846224
27,121,rectangle,low,medium,0.8911334473223095
27,117,rectangle,low,medium,0.8872316177795802
27,120,rectangle,low,medium,0.8337391255583312
27,125,rectangle,low,medium,0.789658789891367
27,145,rectangle,low,medium,0.8280566855366804
27,97,rectangle,low,medium,0.8203284958176035
27,91,rectangle,low,medium,0.8665645312601815
27,155,rectangle,low,medium,0.8475647337468303
27,147,rectangle,low,medium,0.8517650237912555
27,142,rectangle,low,medium,0.8696065848309861
27,158,rectangle,low,medium,0.8674611746206198
27,135,rectangle,low,medium,0.8397286608443857
27,185,rectangle,low,medium,0.8392914029960191
27,108,rectangle,low,medium,0.8040260262767511
21,168,rectangle,low,medium,0.8025310011684886
27,203,rectangle,low,medium,0.8419663900407469
21,83,rectangle,low,medium,0.7779697373380768
27,169,rectangle,low,medium,0.8794658715002239
27,202,rectangle,low,medium,0.8435312198681318
27,54,rectangle,low,medium,0.8752137601820534
27,210,rectangle,low,medium,0.8679074510445194
27,171,rectangle,low,medium,0.8676972319770084
27,212,rectangle,low,medium,0.846218136660232
27,207,rectangle,low,medium,0.8753816931434386
27,168,rectangle,low,medium,0.8986675939851297
29,6,rectangle,low,medium,0.7634145146643044
27,206,rectangle,low,medium,0.8953869524469159
21,215,rectangle,low,medium,0.7278789978837147
29,14,rectangle,low,medium,0.7735854560824268
27,55,rectangle,low,medium,0.9161515534444686
29,4,rectangle,low,medium,0.7752126837498402
29,15,rectangle,low,medium,0.8150800561985738
27,215,rectangle,low,medium,0.8090531900195315
29,17,rectangle,low,medium,0.7670960686660497
27,192,rectangle,low,medium,0.8757000310042428
29,32,rectangle,low,medium,0.767577354072508
29,24,rectangle,low,medium,0.7618093102748551
29,33,rectangle,low,medium,0.8017155429495603
29,42,rectangle,low,medium,0.8793375140544566
29,40,rectangle,low,medium,0.8222085089581516
29,53,rectangle,low,medium,0.8167323279584258
29,66,rectangle,low,medium,0.820626136464864
29,62,rectangle,low,medium,0.821203150259752
29,25,rectangle,low,medium,0.7791445838087746
29,57,rectangle,low,medium,0.8583222610136114
27,214,rectangle,low,medium,0.8542777153601296
29,20,rectangle,low,medium,0.78598728499361
29,54,rectangle,low,medium,0.8483128388634249
29,75,rectangle,low,medium,0.8337860659569344
29,88,rectangle,low,medium,0.8522353518084511
29,73,rectangle,low,medium,0.7969864874738024
29,51,rectangle,low,medium,0.7729013708841892
29,91,rectangle,low,medium,0.7818623303216776
29,16,rectangle,low,medium,0.7702986980396828
29,55,rectangle,low,medium,0.8172582499182943
29,84,rectangle,low,medium,0.8261075825434843
29,115,rectangle,low,medium,0.7863289132397379
29,89,rectangle,low,medium,0.7707910645046555
29,83,rectangle,low,medium,0.8088378477141401
27,151,rectangle,low,medium,0.8953269838427999
29,81,rectangle,low,medium,0.7914646445451221
29,112,rectangle,low,medium,0.7814350756690505
29,125,rectangle,low,medium,0.8453259904214154
29,108,rectangle,low,medium,0.7649705045291587
29,143,rectangle,low,medium,0.7882830982103165
27,194,rectangle,low,medium,0.879217557473423
29,120,rectangle,low,medium,0.8010875144673287
29,117,rectangle,low,medium,0.8163794985097015
29,105,rectangle,low,medium,0.7751455195373826
29,145,rectangle,low,medium,0.7908428079179896
29,185,rectangle,low,medium,0.7481667641410447
29,171,rectangle,low,medium,0.7897015843980377
29,97,rectangle,low,medium,0.7692248463555275
29,147,rectangle,low,medium,0.7691862278130414
29,61,rectangle,low,medium,0.8229263172296438
29,135,rectangle,low,medium,0.8103835086708174
29,202,rectangle,low,medium,0.789005879448073
29,121,rectangle,low,medium,0.8146340689016797
29,210,rectangle,low,medium,0.7962328398562886
29,203,rectangle,low,medium,0.8724011336381112
29,155,rectangle,low,medium,0.7653678534352438
29,207,rectangle,low,medium,0.7556804787510495
29,151,rectangle,low,medium,0.7870340764845689
29,168,rectangle,low,medium,0.8281070519304895
29,206,rectangle,low,medium,0.8005760125818285
29,169,rectangle,low,medium,0.8403061718835062
29,158,rectangle,low,medium,0.779614542510452
29,214,rectangle,low,medium,0.7807579636493257
29,212,rectangle,low,medium,0.7631048524922379
29,194,rectangle,low,medium,0.8213803215365059
31,6,rectangle,low,medium,0.7920231652412116
31,42,rectangle,low,medium,0.8789600364530805
31,15,rectangle,low,medium,0.8183134999576652
31,32,rectangle,low,medium,0.7221196577408178
31,4,rectangle,low,medium,0.76526132863256
31,33,rectangle,low,medium,0.8069764617813123
29,215,rectangle,low,medium,0.7384443074895778
31,20,rectangle,low,medium,0.7591437302633184
31,51,rectangle,low,medium,0.7783409539581744
31,57,rectangle,low,medium,0.8724939230299865
29,142,rectangle,low,medium,0.7705252088240276
29,192,rectangle,low,medium,0.8473494862004588
31,53,rectangle,low,medium,0.833930705994692
31,66,rectangle,low,medium,0.8388947136589359
31,81,rectangle,low,medium,0.827208558705972
31,14,rectangle,low,medium,0.7580875738862642
31,25,rectangle,low,medium,0.7510334083421404
31,75,rectangle,low,medium,0.8212635045661764
31,24,rectangle,low,medium,0.7321396925838088
31,62,rectangle,low,medium,0.816273034588467
31,91,rectangle,low,medium,0.7646656277643156
31,73,rectangle,low,medium,0.750013196979219
31,55,rectangle,low,medium,0.7872490601403291
31,89,rectangle,low,medium,0.7330293063667824
31,88,rectangle,low,medium,0.8627223828052788
31,108,rectangle,low,medium,0.7794542514099402
31,61,rectangle,low,medium,0.7860293810982546
31,16,rectangle,low,medium,0.7475116549876107
31,40,rectangle,low,medium,0.8204997294946953
31,97,rectangle,low,medium,0.7367661931888768
31,54,rectangle,low,medium,0.822968729292408
31,125,rectangle,low,medium,0.8474480825001259
31,17,rectangle,low,medium,0.7698486045470319
31,112,rectangle,low,medium,0.7815623555667656
31,143,rectangle,low,medium,0.8152563120151098
31,121,rectangle,low,medium,0.819653856176906
31,120,rectangle,low,medium,0.8032311052994693
31,115,rectangle,low,medium,0.7584936346374267
31,105,rectangle,low,medium,0.7946452344614389
31,155,rectangle,low,medium,0.7829152002698877
31,185,rectangle,low,medium,0.7544019159933573
31,171,rectangle,low,medium,0.745250856553509
31,158,rectangle,low,medium,0.7668711191094949
31,142,rectangle,low,medium,0.7627659482644411
31,169,rectangle,low,medium,0.8214563703743906
31,147,rectangle,low,medium,0.7585729078756279
31,210,rectangle,low,medium,0.7949649711824174
31,145,rectangle,low,medium,0.7707612560758101
31,84,rectangle,low,medium,0.8256097713799345
31,212,rectangle,low,medium,0.7849987964406974
31,192,rectangle,low,medium,0.8069858286796762
31,117,rectangle,low,medium,0.7811656917418279
31,203,rectangle,low,medium,0.8910440143079008
34,6,rectangle,low,medium,0.8511297092188679
31,207,rectangle,low,medium,0.749235731192
34,4,rectangle,low,medium,0.7549017956834004
31,215,rectangle,low,medium,0.7739400298431517
31,202,rectangle,low,medium,0.7718407409465319
31,206,rectangle,low,medium,0.79330351488164
31,83,rectangle,low,medium,0.7681787586333775
31,214,rectangle,low,medium,0.7681291884348199
34,16,rectangle,low,medium,0.7484852045192927
34,17,rectangle,low,medium,0.7942569040861558
34,14,rectangle,low,medium,0.7925486083970972
34,42,rectangle,low,medium,0.893817098285463
31,194,rectangle,low,medium,0.7870761791431853
34,33,rectangle,low,medium,0.8318206934476401
34,20,rectangle,low,medium,0.7775469120668091
34,40,rectangle,low,medium,0.8143076942945489
34,57,rectangle,low,medium,0.8957504496656781
34,53,rectangle,low,medium,0.8806483495184607
34,66,rectangle,low,medium,0.8447527681770314
34,15,rectangle,low,medium,0.8594240945799402
34,32,rectangle,low,medium,0.7359840400190598
34,24,rectangle,low,medium,0.7532459436666581
34,81,rectangle,low,medium,0.8431443545205066
34,88,rectangle,low,medium,0.8922560039010551
34,75,rectangle,low,medium,0.8327907078305296
34,25,rectangle,low,medium,0.805260715548461
34,54,rectangle,low,medium,0.8483045012751796
34,62,rectangle,low,medium,0.8770636054207643
34,73,rectangle,low,medium,0.7905374110323096
34,51,rectangle,low,medium,0.790271374138496
34,61,rectangle,low,medium,0.8067211698554397
31,135,rectangle,low,medium,0.7972416026173137
34,105,rectangle,low,medium,0.8451501141190162
34,55,rectangle,low,medium,0.783331944456528
34,84,rectangle,low,medium,0.8001376445424283
34,108,rectangle,low,medium,0.8405930420325778
34,115,rectangle,low,medium,0.82039401018261
34,143,rectangle,low,medium,0.7722542620832513
34,112,rectangle,low,medium,0.8045423913408564
34,121,rectangle,low,medium,0.7882574765557973
34,91,rectangle,low,medium,0.7693262123350165
34,145,rectangle,low,medium,0.8151522239939093
34,117,rectangle,low,medium,0.7751267412589422
34,125,rectangle,low,medium,0.8776907980310005
34,155,rectangle,low,medium,0.7897907578496476
34,97,rectangle,low,medium,0.7831898454176658
34,158,rectangle,low,medium,0.784277701252106
34,147,rectangle,low,medium,0.7613327459990361
34,83,rectangle,low,medium,0.7884929059953604
34,185,rectangle,low,medium,0.7567192749094149
31,168,rectangle,low,medium,0.7968223015491517
34,120,rectangle,low,medium,0.8280409681561878
34,89,rectangle,low,medium,0.7631691034139887
31,151,rectangle,low,medium,0.7636790238544654
34,135,rectangle,low,medium,0.7859425736139146
34,169,rectangle,low,medium,0.8076043850780011
34,203,rectangle,low,medium,0.8900155685656458
34,202,rectangle,low,medium,0.8126386004947295
34,210,rectangle,low,medium,0.7795332177008737
35,14,rectangle,low,medium,0.7854875745333455
34,212,rectangle,low,medium,0.787176836473726
35,15,rectangle,low,medium,0.8407695399841528
34,171,rectangle,low,medium,0.747779180763387
34,207,rectangle,low,medium,0.764897945428156
35,16,rectangle,low,medium,0.7161207232278716
35,17,rectangle,low,medium,0.7665000647902908
34,168,rectangle,low,medium,0.7907710372406206
35,6,rectangle,low,medium,0.8161703248930325
35,20,rectangle,low,medium,0.7659055873673154
35,24,rectangle,low,medium,0.7181695149623479
35,42,rectangle,low,medium,0.8715794817509999
35,32,rectangle,low,medium,0.696811922337053
34,206,rectangle,low,medium,0.7726421910000186
35,57,rectangle,low,medium,0.8653687616785108
35,51,rectangle,low,medium,0.7759028676473556
35,40,rectangle,low,medium,0.8238991399417864
34,215,rectangle,low,medium,0.823667096420641
35,4,rectangle,low,medium,0.7482504904962967
35,53,rectangle,low,medium,0.8585664516739343
35,66,rectangle,low,medium,0.823681071054905
35,25,rectangle,low,medium,0.7779476696949844
34,151,rectangle,low,medium,0.8117733519516217
35,62,rectangle,low,medium,0.8594181337790011
35,88,rectangle,low,medium,0.8523385381660386
35,81,rectangle,low,medium,0.8045952235174462
34,142,rectangle,low,medium,0.7693196990952043
35,33,rectangle,low,medium,0.8057405631788344
35,75,rectangle,low,medium,0.8019194568944057
35,61,rectangle,low,medium,0.8075762629144043
35,105,rectangle,low,medium,0.8365386480087942
35,91,rectangle,low,medium,0.7050089938493551
35,73,rectangle,low,medium,0.7756369415921884
35,55,rectangle,low,medium,0.7842885312759588
35,108,rectangle,low,medium,0.8072031836764467
35,89,rectangle,low,medium,0.7313226347003738
35,125,rectangle,low,medium,0.8683959358213194
35,112,rectangle,low,medium,0.8055014151743883
34,192,rectangle,low,medium,0.7924657619941498
35,143,rectangle,low,medium,0.7744010245288907
35,121,rectangle,low,medium,0.7930303091507188
35,120,rectangle,low,medium,0.8096543202609481
34,214,rectangle,low,medium,0.805471059865288
35,145,rectangle,low,medium,0.8005210459041201
34,194,rectangle,low,medium,0.8337968694300844
35,115,rectangle,low,medium,0.7494723038595433
35,97,rectangle,low,medium,0.7737152676477282
35,155,rectangle,low,medium,0.7844189328963108
35,147,rectangle,low,medium,0.7676318002854585
35,171,rectangle,low,medium,0.7117387247816664
35,142,rectangle,low,medium,0.7874947487730231
35,54,rectangle,low,medium,0.8253792693938109
35,84,rectangle,low,medium,0.818104854947988
35,83,rectangle,low,medium,0.7916353631348186
35,135,rectangle,low,medium,0.8339415263704848
35,203,rectangle,low,medium,0.8900059507168145
35,169,rectangle,low,medium,0.8166479929992413
35,210,rectangle,low,medium,0.7673141718951576
35,185,rectangle,low,medium,0.745873390090321
35,212,rectangle,low,medium,0.8026268242104444
35,192,rectangle,low,medium,0.8265362582622741
37,6,rectangle,low,medium,0.8208118832388372
35,151,rectangle,low,medium,0.8015139043484698
35,158,rectangle,low,medium,0.7812682073387521
35,117,rectangle,low,medium,0.8017475993744798
35,207,rectangle,low,medium,0.7221400630869629
37,14,rectangle,low,medium,0.8027618143634214
35,168,rectangle,low,medium,0.8271415000244111
35,202,rectangle,low,medium,0.7946187688313849
37,15,rectangle,low,medium,0.8280612230653858
37,42,rectangle,low,medium,0.8629493922351625
37,16,rectangle,low,medium,0.7565183586002259
37,32,rectangle,low,medium,0.7453041352059797
37,24,rectangle,low,medium,0.7553730112818622
37,51,rectangle,low,medium,0.7636116132320253
37,20,rectangle,low,medium,0.7831671599901981
37,57,rectangle,low,medium,0.8195184174635893
35,215,rectangle,low,medium,0.790316677189208
37,53,rectangle,low,medium,0.8292794809545023
37,4,rectangle,low,medium,0.754974027736938
37,66,rectangle,low,medium,0.8268040738382922
37,62,rectangle,low,medium,0.8247911786306451
37,81,rectangle,low,medium,0.8034855327501885
37,33,rectangle,low,medium,0.8517839682728506
37,88,rectangle,low,medium,0.8494058148607182
35,214,rectangle,low,medium,0.7789309243349737
37,25,rectangle,low,medium,0.7884191447507641
37,75,rectangle,low,medium,0.819565152661623
35,194,rectangle,low,medium,0.8200755629079994
35,206,rectangle,low,medium,0.8107171596994291
37,40,rectangle,low,medium,0.8304382634609685
37,91,rectangle,low,medium,0.8071526718767551
37,55,rectangle,low,medium,0.824457867216414
37,84,rectangle,low,medium,0.8224179885329337
37,17,rectangle,low,medium,0.7409528933737829
37,61,rectangle,low,medium,0.8205443931862972
37,115,rectangle,low,medium,0.7650925514924749
37,89,rectangle,low,medium,0.7863710718604985
37,97,rectangle,low,medium,0.7593936586412863
37,143,rectangle,low,medium,0.7852813120945805
37,73,rectangle,low,medium,0.7713881829533186
37,108,rectangle,low,medium,0.7829514894375799
37,54,rectangle,low,medium,0.8773687844443285
37,120,rectangle,low,medium,0.8170153230640618
37,105,rectangle,low,medium,0.8026561469820706
37,117,rectangle,low,medium,0.8002578963215728
37,155,rectangle,low,medium,0.7987508959832068
37,125,rectangle,low,medium,0.8406593053492107
37,171,rectangle,low,medium,0.766159599255857
37,158,rectangle,low,medium,0.7826508894563124
37,147,rectangle,low,medium,0.781778530515914
37,142,rectangle,low,medium,0.8112062945759371
37,203,rectangle,low,medium,0.8483160335429804
37,135,rectangle,low,medium,0.7886617476467179
37,185,rectangle,low,medium,0.7588581950124673
37,121,rectangle,low,medium,0.8135776436275524
37,202,rectangle,low,medium,0.8019800917713936
37,210,rectangle,low,medium,0.7842874009502655
37,112,rectangle,low,medium,0.7894225340394952
37,145,rectangle,low,medium,0.7422583911355081
37,212,rectangle,low,medium,0.7964002932774142
37,192,rectangle,low,medium,0.8483368776831451
37,215,rectangle,low,medium,0.8048025698619667
37,83,rectangle,low,medium,0.8054038126030422
37,207,rectangle,low,medium,0.7799964711564646
37,168,rectangle,low,medium,0.8369495251952196
37,214,rectangle,low,medium,0.7941401431251545
37,169,rectangle,low,medium,0.8129770197622671
41,4,rectangle,low,medium,0.7870914626116611
41,42,rectangle,low,medium,0.8759942151126583
41,15,rectangle,low,medium,0.8485539663922339
41,6,rectangle,low,medium,0.8174090653718878
37,151,rectangle,low,medium,0.8055401316372721
41,32,rectangle,low,medium,0.7853643113252269
41,24,rectangle,low,medium,0.759287275960024
41,40,rectangle,low,medium,0.8430237335598493
41,57,rectangle,low,medium,0.9024940615217077
41,51,rectangle,low,medium,0.7897381635996658
41,66,rectangle,low,medium,0.8253472365974667
41,16,rectangle,low,medium,0.77177026400428
41,14,rectangle,low,medium,0.7817815652488085
41,62,rectangle,low,medium,0.8508900225111449
41,25,rectangle,low,medium,0.7625262315348993
41,81,rectangle,low,medium,0.8307515547099179
41,33,rectangle,low,medium,0.8352948602499197
41,53,rectangle,low,medium,0.8496641768489961
41,54,rectangle,low,medium,0.8437356882654816
41,75,rectangle,low,medium,0.8410629803004158
41,88,rectangle,low,medium,0.8732917957841104
37,206,rectangle,low,medium,0.786574081329774
41,20,rectangle,low,medium,0.7607734358888983
41,91,rectangle,low,medium,0.786001994364071
41,17,rectangle,low,medium,0.7928349615361308
41,73,rectangle,low,medium,0.7678888651909938
41,105,rectangle,low,medium,0.8050781971966173
41,55,rectangle,low,medium,0.8106863249081958
41,84,rectangle,low,medium,0.8196264382135411
41,115,rectangle,low,medium,0.7885853270726729
41,143,rectangle,low,medium,0.8159891140226214
41,83,rectangle,low,medium,0.792533196489153
41,97,rectangle,low,medium,0.7745410985698749
37,194,rectangle,low,medium,0.8338592301986557
41,120,rectangle,low,medium,0.8208436768517812
41,145,rectangle,low,medium,0.8033461942962903
41,117,rectangle,low,medium,0.8110445285635003
41,125,rectangle,low,medium,0.8891211512055319
41,108,rectangle,low,medium,0.8112105775773362
41,61,rectangle,low,medium,0.7828452538542675
41,158,rectangle,low,medium,0.815315843004039
41,112,rectangle,low,medium,0.8241357217755061
41,147,rectangle,low,medium,0.7566704384690571
41,89,rectangle,low,medium,0.7692267913140981
41,185,rectangle,low,medium,0.7519348399160147
41,121,rectangle,low,medium,0.8335191826602449
41,155,rectangle,low,medium,0.8046427437447286
41,169,rectangle,low,medium,0.8368393038064621
41,135,rectangle,low,medium,0.7914352473836899
41,210,rectangle,low,medium,0.7712714020899656
41,212,rectangle,low,medium,0.7996942832463223
43,14,rectangle,low,medium,0.7771827683309763
41,171,rectangle,low,medium,0.810756198239296
41,203,rectangle,low,medium,0.8962196113830077
43,6,rectangle,low,medium,0.8291714542923055
41,192,rectangle,low,medium,0.8094733963982312
43,16,rectangle,low,medium,0.753362609553107
41,207,rectangle,low,medium,0.7912415186130592
41,151,rectangle,low,medium,0.7775766561288724
43,15,rectangle,low,medium,0.8255216962852862
41,168,rectangle,low,medium,0.7826066248357113
43,42,rectangle,low,medium,0.8518921187619944
43,17,rectangle,low,medium,0.7806984553971414
43,20,rectangle,low,medium,0.7521524730256345
43,33,rectangle,low,medium,0.8609153843549731
43,4,rectangle,low,medium,0.7594443657454832
43,40,rectangle,low,medium,0.8174206775767608
41,206,rectangle,low,medium,0.7834549220035819
43,32,rectangle,low,medium,0.7263338687426855
43,57,rectangle,low,medium,0.846713838529549
43,51,rectangle,low,medium,0.7946481646410525
43,62,rectangle,low,medium,0.843768575115191
41,215,rectangle,low,medium,0.8119378287674238
41,202,rectangle,low,medium,0.8215846566895653
41,194,rectangle,low,medium,0.8259932356714443
43,24,rectangle,low,medium,0.7756763174845842
43,88,rectangle,low,medium,0.862660462115923
43,53,rectangle,low,medium,0.8628206999616568
43,54,rectangle,low,medium,0.8918533262844209
43,75,rectangle,low,medium,0.8241756633673856
43,81,rectangle,low,medium,0.8207505630738285
41,142,rectangle,low,medium,0.7780983048646958
43,66,rectangle,low,medium,0.7992107012633546
43,55,rectangle,low,medium,0.8353959200064118
43,61,rectangle,low,medium,0.8494352594536331
43,84,rectangle,low,medium,0.8416090099089459
43,89,rectangle,low,medium,0.7711412007207586
43,108,rectangle,low,medium,0.82922339446758
43,83,rectangle,low,medium,0.8281743263346626
43,73,rectangle,low,medium,0.8143167003733949
43,115,rectangle,low,medium,0.8260965602601348
43,97,rectangle,low,medium,0.7918618806780563
43,143,rectangle,low,medium,0.8102993778067509
43,91,rectangle,low,medium,0.8111915889519393
43,105,rectangle,low,medium,0.8203340016050233
43,117,rectangle,low,medium,0.8406057207854901
43,25,rectangle,low,medium,0.8254653548702334
43,112,rectangle,low,medium,0.8189523098741911
43,125,rectangle,low,medium,0.8347594289695144
43,145,rectangle,low,medium,0.7923605966890004
43,158,rectangle,low,medium,0.8109009272048205
41,214,rectangle,low,medium,0.7641496725764731
43,147,rectangle,low,medium,0.8182624695487951
43,142,rectangle,low,medium,0.8375419834782802
43,120,rectangle,low,medium,0.8353606173878575
43,121,rectangle,low,medium,0.8138037166796162
43,135,rectangle,low,medium,0.8284317138384176
43,155,rectangle,low,medium,0.7763796813459811
43,202,rectangle,low,medium,0.803401184123981
43,203,rectangle,low,medium,0.8765162393381709
43,185,rectangle,low,medium,0.7755890463605246
43,212,rectangle,low,medium,0.810151104877658
44,6,rectangle,low,medium,0.7837131901623937
43,171,rectangle,low,medium,0.7779578336754245
43,207,rectangle,low,medium,0.8149869266889704
43,151,rectangle,low,medium,0.8518936106668302
44,15,rectangle,low,medium,0.822129184478993
43,206,rectangle,low,medium,0.8052686930390976
43,168,rectangle,low,medium,0.8598439846334748
43,214,rectangle,low,medium,0.8405881992376129
43,210,rectangle,low,medium,0.7909555757191578
43,169,rectangle,low,medium,0.8572622908805737
44,42,rectangle,low,medium,0.8051938411942582
44,14,rectangle,low,medium,0.7388505015482003
44,32,rectangle,low,medium,0.7068242581479638
43,194,rectangle,low,medium,0.8495482482359703
43,215,rectangle,low,medium,0.8051132064614751
44,33,rectangle,low,medium,0.8040834669809173
44,24,rectangle,low,medium,0.7295993042819403
44,20,rectangle,low,medium,0.7669810130720202
44,51,rectangle,low,medium,0.7669698213401509
44,57,rectangle,low,medium,0.8801602584668012
44,40,rectangle,low,medium,0.8038886862646341
44,53,rectangle,low,medium,0.8434374960786564
44,66,rectangle,low,medium,0.7981368759684494
44,4,rectangle,low,medium,0.806935180582267
43,192,rectangle,low,medium,0.8749162592898028
44,81,rectangle,low,medium,0.7863212194391961
44,88,rectangle,low,medium,0.8044001775241438
44,75,rectangle,low,medium,0.8150858211070584
44,62,rectangle,low,medium,0.838489119665421
44,91,rectangle,low,medium,0.7788930280974972
44,16,rectangle,low,medium,0.7603735813168865
44,17,rectangle,low,medium,0.7849095003694005
44,89,rectangle,low,medium,0.7672070974116185
44,84,rectangle,low,medium,0.8240650736821254
44,61,rectangle,low,medium,0.8037363666436299
44,115,rectangle,low,medium,0.7313258304982829
44,97,rectangle,low,medium,0.7744605887145077
44,112,rectangle,low,medium,0.7766661780720413
44,83,rectangle,low,medium,0.8279052040090946
44,143,rectangle,low,medium,0.7586497107243868
44,121,rectangle,low,medium,0.8253269588914333
44,105,rectangle,low,medium,0.7719113862556283
44,73,rectangle,low,medium,0.7828527929853604
44,145,rectangle,low,medium,0.7766400425387165
44,108,rectangle,low,medium,0.7762806246492894
44,117,rectangle,low,medium,0.8242464963489602
44,125,rectangle,low,medium,0.8192060000636722
44,155,rectangle,low,medium,0.7569639284787488
44,158,rectangle,low,medium,0.798204438334106
44,54,rectangle,low,medium,0.8425593376118861
44,147,rectangle,low,medium,0.7465201638465472
44,55,rectangle,low,medium,0.8326745469293984
44,25,rectangle,low,medium,0.7521782018320724
44,120,rectangle,low,medium,0.8159297176010097
44,142,rectangle,low,medium,0.8025378757719047
44,185,rectangle,low,medium,0.7034250596839173
56,6,rectangle,low,medium,0.816501342746908
44,212,rectangle,low,medium,0.781774579970267
44,169,rectangle,low,medium,0.8442803640324056
44,203,rectangle,low,medium,0.8513413333850298
44,192,rectangle,low,medium,0.8316852554445899
44,171,rectangle,low,medium,0.7807691694316129
44,207,rectangle,low,medium,0.7907768106502032
44,151,rectangle,low,medium,0.8308637676955898
44,210,rectangle,low,medium,0.7930115710053872
44,214,rectangle,low,medium,0.7758691570626002
56,14,rectangle,low,medium,0.7564524222481339
44,168,rectangle,low,medium,0.8336015361632171
44,206,rectangle,low,medium,0.8042026880820522
56,15,rectangle,low,medium,0.8369815594316037
56,4,rectangle,low,medium,0.7799195033891511
56,42,rectangle,low,medium,0.8709314734642415
56,32,rectangle,low,medium,0.7512602732420176
44,202,rectangle,low,medium,0.8127158656374636
56,33,rectangle,low,medium,0.8266607496287854
56,16,rectangle,low,medium,0.7810535732396949
56,20,rectangle,low,medium,0.7785861873628142
44,215,rectangle,low,medium,0.7852740830061933
56,51,rectangle,low,medium,0.7791363335057025
56,53,rectangle,low,medium,0.8655006380375133
44,194,rectangle,low,medium,0.8457259191973692
56,66,rectangle,low,medium,0.8058821747701049
56,81,rectangle,low,medium,0.8270437243037926
56,57,rectangle,low,medium,0.897841042463653
44,135,rectangle,low,medium,0.7997168436146559
56,88,rectangle,low,medium,0.8706100770453584
56,17,rectangle,low,medium,0.8159966695553273
56,75,rectangle,low,medium,0.817164917424805
56,54,rectangle,low,medium,0.8597703064189496
56,91,rectangle,low,medium,0.7837556161452979
56,73,rectangle,low,medium,0.7891359238893487
56,24,rectangle,low,medium,0.7355238683673271
56,40,rectangle,low,medium,0.8433146379593727
56,62,rectangle,low,medium,0.8512797764811509
56,84,rectangle,low,medium,0.7781341506992896
56,55,rectangle,low,medium,0.807831331628708
56,89,rectangle,low,medium,0.7435303365094446
56,97,rectangle,low,medium,0.7632491173682393
56,125,rectangle,low,medium,0.8673746134647166
56,112,rectangle,low,medium,0.8030936675940564
56,105,rectangle,low,medium,0.8169328890805758
56,121,rectangle,low,medium,0.8146798676002642
56,120,rectangle,low,medium,0.8249884426410544
56,115,rectangle,low,medium,0.8034604011137852
56,117,rectangle,low,medium,0.8062346399501812
56,145,rectangle,low,medium,0.8223691258807139
56,143,rectangle,low,medium,0.7554822659447828
56,108,rectangle,low,medium,0.8561388819105967
56,61,rectangle,low,medium,0.8312810909437476
56,155,rectangle,low,medium,0.7764880066096498
56,25,rectangle,low,medium,0.8142168100412192
56,158,rectangle,low,medium,0.7789792504630324
56,171,rectangle,low,medium,0.7667622668635766
56,147,rectangle,low,medium,0.779193116415027
56,185,rectangle,low,medium,0.7434825494199083
56,210,rectangle,low,medium,0.7858717692143022
56,202,rectangle,low,medium,0.8257822038392143
56,169,rectangle,low,medium,0.849244023149296
56,203,rectangle,low,medium,0.87451656854875
56,215,rectangle,low,medium,0.8171476058955269
56,83,rectangle,low,medium,0.8219548391064606
56,207,rectangle,low,medium,0.7908362594047517
56,151,rectangle,low,medium,0.8099978482286988
56,214,rectangle,low,medium,0.7677979443695364
56,192,rectangle,low,medium,0.8190281730058471
60,4,rectangle,low,medium,0.7762465565438114
56,212,rectangle,low,medium,0.7999049401941355
56,194,rectangle,low,medium,0.8564987826316568
60,14,rectangle,low,medium,0.76502501231873
60,15,rectangle,low,medium,0.8293695278987574
60,6,rectangle,low,medium,0.8075110577556247
56,142,rectangle,low,medium,0.820725142346349
60,42,rectangle,low,medium,0.8694771431754693
60,16,rectangle,low,medium,0.7455959949035335
56,168,rectangle,low,medium,0.8282100077172753
56,135,rectangle,low,medium,0.816829495908901
60,20,rectangle,low,medium,0.7998885251065779
60,40,rectangle,low,medium,0.8102908406713609
60,51,rectangle,low,medium,0.7687732958928871
60,53,rectangle,low,medium,0.8256497014342142
60,32,rectangle,low,medium,0.7332022498274072
60,62,rectangle,low,medium,0.8429993536193748
60,33,rectangle,low,medium,0.7799858715683465
56,206,rectangle,low,medium,0.8046818528333196
60,57,rectangle,low,medium,0.8754536917935971
60,81,rectangle,low,medium,0.7967955886818975
60,25,rectangle,low,medium,0.7629522429420237
60,88,rectangle,low,medium,0.8614165194608576
60,66,rectangle,low,medium,0.8370064756933475
60,91,rectangle,low,medium,0.7444705477542733
60,73,rectangle,low,medium,0.7701845609275583
60,24,rectangle,low,medium,0.7300810028532246
60,61,rectangle,low,medium,0.7854865348012816
60,55,rectangle,low,medium,0.7866555086046919
60,17,rectangle,low,medium,0.7945147794355751
60,108,rectangle,low,medium,0.805987451262454
60,84,rectangle,low,medium,0.7840378870321097
60,112,rectangle,low,medium,0.7574746439314343
60,125,rectangle,low,medium,0.8659808113682469
60,115,rectangle,low,medium,0.7641206647519344
60,83,rectangle,low,medium,0.7499392541951679
60,143,rectangle,low,medium,0.7862254601134899
60,121,rectangle,low,medium,0.8025099977908352
60,105,rectangle,low,medium,0.7978581019855733
60,117,rectangle,low,medium,0.7788197723165309
60,75,rectangle,low,medium,0.8029942165460118
60,89,rectangle,low,medium,0.7449029991374391
60,97,rectangle,low,medium,0.753544761041153
60,155,rectangle,low,medium,0.790009401314574
60,185,rectangle,low,medium,0.7679457407831738
60,171,rectangle,low,medium,0.7542340694421956
60,158,rectangle,low,medium,0.7876878381266014
60,147,rectangle,low,medium,0.7475313538254574
60,54,rectangle,low,medium,0.8262784732117813
60,142,rectangle,low,medium,0.7793632155841546
60,203,rectangle,low,medium,0.8675467031599502
60,210,rectangle,low,medium,0.794952267169168
60,212,rectangle,low,medium,0.7741244952738137
60,145,rectangle,low,medium,0.7968448436917933
60,120,rectangle,low,medium,0.7996942127022404
60,192,rectangle,low,medium,0.7949840601728798
60,207,rectangle,low,medium,0.7468251311902302
63,6,rectangle,low,medium,0.8353163885525067
60,215,rectangle,low,medium,0.7581054871696233
60,151,rectangle,low,medium,0.7762154735336732
60,214,rectangle,low,medium,0.7510271537481886
60,168,rectangle,low,medium,0.7994342121067195
63,15,rectangle,low,medium,0.8427824899613494
60,202,rectangle,low,medium,0.807326467982385
60,169,rectangle,low,medium,0.8062424641701381
63,42,rectangle,low,medium,0.9107847362440539
63,32,rectangle,low,medium,0.8172851414804099
63,33,rectangle,low,medium,0.8309585078233002
63,16,rectangle,low,medium,0.8038662316432106
63,14,rectangle,low,medium,0.8040728070102389
63,24,rectangle,low,medium,0.7902905298690471
63,40,rectangle,low,medium,0.8195410199325585
63,57,rectangle,low,medium,0.8944952661564003
63,51,rectangle,low,medium,0.8277505860983847
63,53,rectangle,low,medium,0.8411336995474222
63,66,rectangle,low,medium,0.8713944182224983
63,62,rectangle,low,medium,0.8489905424442031
60,135,rectangle,low,medium,0.7765879998523717
63,4,rectangle,low,medium,0.7980726670676611
63,25,rectangle,low,medium,0.806935270393702
63,81,rectangle,low,medium,0.8317660727235318
63,88,rectangle,low,medium,0.893440514608236
60,206,rectangle,low,medium,0.7866338405083596
63,75,rectangle,low,medium,0.7636109765917998
63,91,rectangle,low,medium,0.8056951246697444
63,20,rectangle,low,medium,0.8045059869103309
63,17,rectangle,low,medium,0.8070653145850394
63,84,rectangle,low,medium,0.841214033666769
63,108,rectangle,low,medium,0.8428624932586286
63,89,rectangle,low,medium,0.8157547465016681
63,115,rectangle,low,medium,0.8066489069564288
63,61,rectangle,low,medium,0.8067934508342302
63,112,rectangle,low,medium,0.812830570334397
63,83,rectangle,low,medium,0.8217797555958043
63,55,rectangle,low,medium,0.8187002213669281
63,143,rectangle,low,medium,0.8375291650707273
63,120,rectangle,low,medium,0.8327830154495852
63,121,rectangle,low,medium,0.8159818666660213
63,73,rectangle,low,medium,0.8122510560684427
63,105,rectangle,low,medium,0.8128549174497357
63,145,rectangle,low,medium,0.8147730385245165
63,125,rectangle,low,medium,0.8547160295420854
60,194,rectangle,low,medium,0.8054927996069979
63,155,rectangle,low,medium,0.7972504655087311
63,185,rectangle,low,medium,0.826100243517247
63,171,rectangle,low,medium,0.8262204016913709
63,147,rectangle,low,medium,0.8084001585717965
63,54,rectangle,low,medium,0.8483493833243121
63,97,rectangle,low,medium,0.806971934294397
63,158,rectangle,low,medium,0.8032152180233693
63,202,rectangle,low,medium,0.8048312662716733
63,210,rectangle,low,medium,0.8585702554425526
63,169,rectangle,low,medium,0.7919933569168627
63,117,rectangle,low,medium,0.7807489863970448
63,212,rectangle,low,medium,0.8154173824626936
63,135,rectangle,low,medium,0.7811722689275858
63,203,rectangle,low,medium,0.889764000889801
63,207,rectangle,low,medium,0.8036798760237963
63,151,rectangle,low,medium,0.8354766975039275
63,168,rectangle,low,medium,0.8105312828031023
64,14,rectangle,low,medium,0.8371877312383496
63,214,rectangle,low,medium,0.8019627841809848
64,15,rectangle,low,medium,0.8611785331155613
64,42,rectangle,low,medium,0.9168600234254215
64,6,rectangle,low,medium,0.8721365688249082
64,16,rectangle,low,medium,0.8235142911091251
64,20,rectangle,low,medium,0.8199514653699308
64,32,rectangle,low,medium,0.819782510553058
63,192,rectangle,low,medium,0.8022144244333987
64,24,rectangle,low,medium,0.7783209125436008
64,33,rectangle,low,medium,0.8473665191959653
64,57,rectangle,low,medium,0.8754906086029104
64,51,rectangle,low,medium,0.8282361081078277
63,142,rectangle,low,medium,0.8099536395608663
64,40,rectangle,low,medium,0.8671067300565056
63,215,rectangle,low,medium,0.8235465519387896
64,53,rectangle,low,medium,0.8709609991737389
64,62,rectangle,low,medium,0.8741759047017759
64,88,rectangle,low,medium,0.9014804607931395
64,17,rectangle,low,medium,0.8311818860784551
64,81,rectangle,low,medium,0.8675037342832047
64,75,rectangle,low,medium,0.8265320539592719
64,66,rectangle,low,medium,0.8787111024600257
64,4,rectangle,low,medium,0.7995193336203903
64,91,rectangle,low,medium,0.8318309333175827
64,54,rectangle,low,medium,0.8653101838788286
64,73,rectangle,low,medium,0.8153074050623452
64,105,rectangle,low,medium,0.8598387537417178
63,206,rectangle,low,medium,0.7932261623899343
64,61,rectangle,low,medium,0.8130054895695731
64,115,rectangle,low,medium,0.8301434065188983
64,97,rectangle,low,medium,0.8262804687434482
64,125,rectangle,low,medium,0.8931147563537642
64,83,rectangle,low,medium,0.8104565068574723
64,112,rectangle,low,medium,0.8236649655945875
64,121,rectangle,low,medium,0.8351569360713698
64,108,rectangle,low,medium,0.8533517073637956
64,145,rectangle,low,medium,0.8217307891471034
63,194,rectangle,low,medium,0.8072020085660039
64,155,rectangle,low,medium,0.8560576588396742
64,55,rectangle,low,medium,0.8375973665755604
64,143,rectangle,low,medium,0.8429947493746747
64,158,rectangle,low,medium,0.8325230001324732
64,185,rectangle,low,medium,0.8289030770776349
64,89,rectangle,low,medium,0.8086302063977073
64,142,rectangle,low,medium,0.8007891986671817
64,171,rectangle,low,medium,0.8288588723733833
64,25,rectangle,low,medium,0.8227863474759948
64,169,rectangle,low,medium,0.8487842213851939
64,135,rectangle,low,medium,0.7968365341344533
65,4,rectangle,low,medium,0.8774452916861407
64,202,rectangle,low,medium,0.8324718160507336
64,84,rectangle,low,medium,0.8324151887759783
65,14,rectangle,low,medium,0.8866271014246946
65,6,rectangle,low,medium,0.8826339158966459
64,117,rectangle,low,medium,0.8291645357499243
65,15,rectangle,low,medium,0.8704710408302292
64,147,rectangle,low,medium,0.8283731222572392
64,212,rectangle,low,medium,0.8330203108874997
65,17,rectangle,low,medium,0.8778848806551819
65,33,rectangle,low,medium,0.9115803624609785
65,25,rectangle,low,medium,0.923505873460716
65,40,rectangle,low,medium,0.8791253701189993
65,20,rectangle,low,medium,0.9020630370721986
65,24,rectangle,low,medium,0.8923570160827488
65,32,rectangle,low,medium,0.8785602350005902
64,151,rectangle,low,medium,0.8322399791705959
65,42,rectangle,low,medium,0.8452072860526053
65,51,rectangle,low,medium,0.8710426441880091
64,120,rectangle,low,medium,0.8678755537817613
65,16,rectangle,low,medium,0.8853965248312718
64,207,rectangle,low,medium,0.8146655352877256
64,203,rectangle,low,medium,0.9129686383419384
65,62,rectangle,low,medium,0.8760248335127666
65,57,rectangle,low,medium,0.8125816188919209
65,66,rectangle,low,medium,0.9044937301196703
65,53,rectangle,low,medium,0.862636249802819
65,55,rectangle,low,medium,0.936712427954676
65,81,rectangle,low,medium,0.8586148900322141
64,168,rectangle,low,medium,0.8343040918503833
65,61,rectangle,low,medium,0.9235236842026662
65,88,rectangle,low,medium,0.8441091766997998
65,54,rectangle,low,medium,0.944615433206162
65,105,rectangle,low,medium,0.8821635272703781
65,84,rectangle,low,medium,0.9009994168137312
65,89,rectangle,low,medium,0.9188674133316184
65,108,rectangle,low,medium,0.8370210677930849
65,91,rectangle,low,medium,0.8889328902232817
65,97,rectangle,low,medium,0.854566392730112
64,214,rectangle,low,medium,0.8173050293447467
65,112,rectangle,low,medium,0.897093600076221
65,125,rectangle,low,medium,0.8896249006609978
65,75,rectangle,low,medium,0.8899444815393439
65,115,rectangle,low,medium,0.8681725288031665
65,121,rectangle,low,medium,0.9023063358863409
65,120,rectangle,low,medium,0.8874132524735071
65,143,rectangle,low,medium,0.9043983831150773
64,206,rectangle,low,medium,0.7811848897873789
64,210,rectangle,low,medium,0.8470437911529227
65,73,rectangle,low,medium,0.8988052610288392
65,145,rectangle,low,medium,0.8364803108962485
65,142,rectangle,low,medium,0.9194901310625676
65,147,rectangle,low,medium,0.8976486172014332
65,185,rectangle,low,medium,0.865549202596761
65,171,rectangle,low,medium,0.8972508146315801
65,83,rectangle,low,medium,0.917285999370223
65,169,rectangle,low,medium,0.9070058316348033
65,203,rectangle,low,medium,0.8748058651763578
65,117,rectangle,low,medium,0.9141414770250734
65,158,rectangle,low,medium,0.8943211321816843
65,202,rectangle,low,medium,0.8688280423206657
64,194,rectangle,low,medium,0.834312900157816
65,151,rectangle,low,medium,0.9389331837633679
65,207,rectangle,low,medium,0.9126213755420908
65,155,rectangle,low,medium,0.8747542450196563
65,168,rectangle,low,medium,0.9288059057138499
65,215,rectangle,low,medium,0.8793686680480626
65,135,rectangle,low,medium,0.9027160146164503
65,214,rectangle,low,medium,0.9153643405084524
65,210,rectangle,low,medium,0.8468817796111429
65,206,rectangle,low,medium,0.8977750164520031
65,194,rectangle,low,medium,0.9224818079698827
65,212,rectangle,low,medium,0.8918396474580217
67,42,rectangle,low,medium,0.8381378532201883
65,192,rectangle,low,medium,0.9248957222038715
67,14,rectangle,low,medium,0.7807775743849745
67,15,rectangle,low,medium,0.8506888789833225
67,51,rectangle,low,medium,0.778996372251782
67,33,rectangle,low,medium,0.8303913048821613
67,16,rectangle,low,medium,0.7969181807923418
67,6,rectangle,low,medium,0.7477219544076288
67,20,rectangle,low,medium,0.8414060635117985
67,17,rectangle,low,medium,0.8347708314354922
67,57,rectangle,low,medium,0.9029178460974548
67,32,rectangle,low,medium,0.7937293311167134
67,66,rectangle,low,medium,0.7999184277646135
67,4,rectangle,low,medium,0.8448228879307335
67,62,rectangle,low,medium,0.8542837739828028
67,25,rectangle,low,medium,0.7991421194641859
64,215,rectangle,low,medium,0.81954660674345
67,75,rectangle,low,medium,0.8352466271189373
67,54,rectangle,low,medium,0.8815836824769855
67,81,rectangle,low,medium,0.8007290477762825
67,88,rectangle,low,medium,0.8495739401337499
67,73,rectangle,low,medium,0.8205585779237312
67,40,rectangle,low,medium,0.8320334301221765
67,84,rectangle,low,medium,0.8457811469975317
67,61,rectangle,low,medium,0.8406507400779091
67,24,rectangle,low,medium,0.8116939022016072
67,105,rectangle,low,medium,0.795950263478005
67,89,rectangle,low,medium,0.8072376305193212
67,53,rectangle,low,medium,0.8581530265561295
67,97,rectangle,low,medium,0.8098326921433261
67,83,rectangle,low,medium,0.8298612772087662
67,91,rectangle,low,medium,0.8270182985215965
67,115,rectangle,low,medium,0.8232088959553469
67,112,rectangle,low,medium,0.7984940564737051
67,121,rectangle,low,medium,0.8602053488177126
67,145,rectangle,low,medium,0.8217989340528487
67,155,rectangle,low,medium,0.8053392662633351
64,192,rectangle,low,medium,0.8265920280216427
67,158,rectangle,low,medium,0.8356195904451024
67,143,rectangle,low,medium,0.7888112858873909
67,125,rectangle,low,medium,0.8474051941685918
67,171,rectangle,low,medium,0.8241092791159637
67,108,rectangle,low,medium,0.8053351174962462
67,185,rectangle,low,medium,0.7714409493511409
67,147,rectangle,low,medium,0.7384241892265505
67,120,rectangle,low,medium,0.8384875573348678
67,142,rectangle,low,medium,0.8293943909544322
67,135,rectangle,low,medium,0.8140474907054869
67,203,rectangle,low,medium,0.8570611395443605
71,6,rectangle,low,medium,0.8682585084842293
67,210,rectangle,low,medium,0.7957916366196751
71,14,rectangle,low,medium,0.8977199265399306
67,117,rectangle,low,medium,0.8225839076749708
71,15,rectangle,low,medium,0.8655659406196853
67,215,rectangle,low,medium,0.7926073300797163
67,192,rectangle,low,medium,0.8654306853141481
71,16,rectangle,low,medium,0.8813189169939324
67,168,rectangle,low,medium,0.8356284137186867
71,17,rectangle,low,medium,0.9000623588487903
67,55,rectangle,low,medium,0.8647491018030665
71,4,rectangle,low,medium,0.9049315859919633
67,214,rectangle,low,medium,0.8038764366741338
71,20,rectangle,low,medium,0.9038560306857065
71,32,rectangle,low,medium,0.8789764663400301
71,42,rectangle,low,medium,0.8655286561069288
67,169,rectangle,low,medium,0.8692967651958114
71,33,rectangle,low,medium,0.8685042744916299
71,40,rectangle,low,medium,0.8555042217740682
71,53,rectangle,low,medium,0.8540656802561237
71,57,rectangle,low,medium,0.8924869500898497
71,25,rectangle,low,medium,0.9048874261808874
67,212,rectangle,low,medium,0.7711049485921329
67,202,rectangle,low,medium,0.8424732586153313
71,24,rectangle,low,medium,0.8961082198240453
67,194,rectangle,low,medium,0.8557616073393871
71,81,rectangle,low,medium,0.8439111996648176
71,75,rectangle,low,medium,0.885333917453547
71,73,rectangle,low,medium,0.8785602841745832
71,61,rectangle,low,medium,0.8848898284214328
71,51,rectangle,low,medium,0.8585222792732936
71,55,rectangle,low,medium,0.9243697277115268
71,66,rectangle,low,medium,0.8607077567973023
71,84,rectangle,low,medium,0.8814291669207175
71,62,rectangle,low,medium,0.8772145685912421
71,88,rectangle,low,medium,0.8318863215782172
71,105,rectangle,low,medium,0.8830901968926564
71,83,rectangle,low,medium,0.8988066086152722
71,97,rectangle,low,medium,0.8601474867116349
71,108,rectangle,low,medium,0.8512831902946246
71,115,rectangle,low,medium,0.8996283738807259
71,125,rectangle,low,medium,0.8408211247576339
67,207,rectangle,low,medium,0.8082202648502207
71,112,rectangle,low,medium,0.892301884588813
71,143,rectangle,low,medium,0.8940278237268751
71,120,rectangle,low,medium,0.8674127909873942
71,91,rectangle,low,medium,0.9035281611506041
71,155,rectangle,low,medium,0.8506358399813602
71,185,rectangle,low,medium,0.8817607652675539
71,147,rectangle,low,medium,0.8769410380691001
71,54,rectangle,low,medium,0.9208260070396246
71,89,rectangle,low,medium,0.9026670069784979
71,158,rectangle,low,medium,0.894255119838148
71,142,rectangle,low,medium,0.901245503778224
71,169,rectangle,low,medium,0.8941575135085598
71,203,rectangle,low,medium,0.8592030931490554
71,121,rectangle,low,medium,0.8758818934888871
71,202,rectangle,low,medium,0.8896965353623653
67,206,rectangle,low,medium,0.8253880534903821
71,145,rectangle,low,medium,0.8669760724599124
71,210,rectangle,low,medium,0.8560063045916576
71,151,rectangle,low,medium,0.9264507276035056
71,212,rectangle,low,medium,0.903634184304275
71,171,rectangle,low,medium,0.9064874721641047
71,168,rectangle,low,medium,0.8986322945901417
67,151,rectangle,low,medium,0.8279255249278518
71,117,rectangle,low,medium,0.9028050988332568
71,215,rectangle,low,medium,0.8629542967999734
74,6,rectangle,low,medium,0.8166424889337104
71,214,rectangle,low,medium,0.8953514611371292
74,42,rectangle,low,medium,0.8299625844786721
71,194,rectangle,low,medium,0.9017401655228361
74,17,rectangle,low,medium,0.7420992816409703
74,20,rectangle,low,medium,0.7715125482973554
74,16,rectangle,low,medium,0.7737745322572417
74,40,rectangle,low,medium,0.8152431353477037
74,51,rectangle,low,medium,0.7905569171124937
74,53,rectangle,low,medium,0.8574607475578698
74,57,rectangle,low,medium,0.8387401282745731
74,25,rectangle,low,medium,0.8226408954898098
71,135,rectangle,low,medium,0.886747497084688
74,62,rectangle,low,medium,0.8371726409919166
71,192,rectangle,low,medium,0.8930111839292415
74,14,rectangle,low,medium,0.7732016638949372
74,15,rectangle,low,medium,0.8416540374499489
74,4,rectangle,low,medium,0.7761356712213179
71,207,rectangle,low,medium,0.9162726920149421
74,66,rectangle,low,medium,0.8102651164237685
74,81,rectangle,low,medium,0.7974689144086475
74,54,rectangle,low,medium,0.8871936065391945
74,32,rectangle,low,medium,0.7114753941959457
74,55,rectangle,low,medium,0.8318326305510886
74,33,rectangle,low,medium,0.8419482004859217
74,75,rectangle,low,medium,0.845375319415833
74,61,rectangle,low,medium,0.8505810115645975
74,24,rectangle,low,medium,0.7888060265214772
74,73,rectangle,low,medium,0.784716569109381
74,88,rectangle,low,medium,0.8331581629506002
74,125,rectangle,low,medium,0.850675144008978
74,108,rectangle,low,medium,0.8155146882912634
71,206,rectangle,low,medium,0.9030922413328912
74,84,rectangle,low,medium,0.8446393737365877
74,115,rectangle,low,medium,0.8055648156400915
74,120,rectangle,low,medium,0.8259564071304355
74,112,rectangle,low,medium,0.8203185960471786
74,143,rectangle,low,medium,0.8162973923542138
74,91,rectangle,low,medium,0.7645143319529492
74,105,rectangle,low,medium,0.8304875564742519
74,158,rectangle,low,medium,0.8294807291226359
74,185,rectangle,low,medium,0.7639754020448606
74,171,rectangle,low,medium,0.7784495297055629
74,142,rectangle,low,medium,0.8485044697508172
74,147,rectangle,low,medium,0.8193557616647668
74,169,rectangle,low,medium,0.8488281421813848
74,89,rectangle,low,medium,0.8077995508651357
74,121,rectangle,low,medium,0.8057136701399805
74,203,rectangle,low,medium,0.8680963280654149
74,155,rectangle,low,medium,0.7861248131000493
74,97,rectangle,low,medium,0.7790964864841796
74,145,rectangle,low,medium,0.7883147447061024
74,210,rectangle,low,medium,0.7522018731277864
74,202,rectangle,low,medium,0.7989369618330954
74,151,rectangle,low,medium,0.8646726948562952
74,168,rectangle,low,medium,0.8538996146094205
74,212,rectangle,low,medium,0.8061325196806873
74,207,rectangle,low,medium,0.8273664018229342
74,83,rectangle,low,medium,0.8264936052435888
74,117,rectangle,low,medium,0.8520556759890394
74,206,rectangle,low,medium,0.8362891291474767
77,42,rectangle,low,medium,0.9155652740434329
77,6,rectangle,low,medium,0.8301606984371731
74,215,rectangle,low,medium,0.8385781572107165
74,194,rectangle,low,medium,0.8592762467454914
74,135,rectangle,low,medium,0.8651015735183065
74,192,rectangle,low,medium,0.8660650761208354
77,32,rectangle,low,medium,0.7970193050935404
74,214,rectangle,low,medium,0.8404337027765703
77,4,rectangle,low,medium,0.7983183261169741
77,16,rectangle,low,medium,0.7923533816561367
77,17,rectangle,low,medium,0.8142859548810817
77,24,rectangle,low,medium,0.8049611194866699
77,14,rectangle,low,medium,0.8088597431477055
77,51,rectangle,low,medium,0.844070585100426
77,53,rectangle,low,medium,0.8779415906992563
77,62,rectangle,low,medium,0.8688135371672482
77,15,rectangle,low,medium,0.8400000169598515
77,57,rectangle,low,medium,0.8965007474575075
77,81,rectangle,low,medium,0.8583322222803217
77,25,rectangle,low,medium,0.7886715209025333
77,20,rectangle,low,medium,0.7965946490705791
77,33,rectangle,low,medium,0.823404738276845
77,75,rectangle,low,medium,0.8286118290207207
77,73,rectangle,low,medium,0.7890867364804952
77,91,rectangle,low,medium,0.7951661946456401
77,88,rectangle,low,medium,0.8941615957202267
77,66,rectangle,low,medium,0.8584082330250464
77,108,rectangle,low,medium,0.8326367538856734
77,40,rectangle,low,medium,0.8333588010228664
77,89,rectangle,low,medium,0.7975766889536406
77,55,rectangle,low,medium,0.8049077464167461
77,83,rectangle,low,medium,0.7681310275064195
77,125,rectangle,low,medium,0.8617620300714999
77,143,rectangle,low,medium,0.8391234297752658
77,115,rectangle,low,medium,0.8206937865300478
77,121,rectangle,low,medium,0.8312137113011046
77,112,rectangle,low,medium,0.8268927159555789
77,120,rectangle,low,medium,0.8272100906643064
77,105,rectangle,low,medium,0.8502554040013277
77,155,rectangle,low,medium,0.8109706718005804
77,147,rectangle,low,medium,0.780479406369447
77,158,rectangle,low,medium,0.8110134412946296
77,171,rectangle,low,medium,0.7982589203022318
77,97,rectangle,low,medium,0.7956494249960993
77,84,rectangle,low,medium,0.8308896678324939
77,142,rectangle,low,medium,0.7858831955604768
77,185,rectangle,low,medium,0.8257802935280163
77,203,rectangle,low,medium,0.911232177319375
77,54,rectangle,low,medium,0.8178438486802142
77,169,rectangle,low,medium,0.821536866578217
77,145,rectangle,low,medium,0.8305735395977698
77,202,rectangle,low,medium,0.8326700661018072
77,192,rectangle,low,medium,0.8148389859205126
77,61,rectangle,low,medium,0.8005508565554609
77,210,rectangle,low,medium,0.8505276036265174
77,151,rectangle,low,medium,0.8128443930125889
78,4,rectangle,low,medium,0.7559840683128569
78,14,rectangle,low,medium,0.7593128001476187
77,212,rectangle,low,medium,0.8474146904989397
77,207,rectangle,low,medium,0.782256303270106
77,168,rectangle,low,medium,0.7981525034826947
78,16,rectangle,low,medium,0.7307776297856723
78,42,rectangle,low,medium,0.8711869409131858
78,32,rectangle,low,medium,0.6821629851988288
77,117,rectangle,low,medium,0.8114329451162214
78,6,rectangle,low,medium,0.8056680606032751
78,33,rectangle,low,medium,0.8398061920689565
78,20,rectangle,low,medium,0.7157225606044354
77,214,rectangle,low,medium,0.8161628793151425
78,40,rectangle,low,medium,0.786950838111932
78,51,rectangle,low,medium,0.7414574371016982
77,215,rectangle,low,medium,0.8223213844816759
78,17,rectangle,low,medium,0.7753706851513407
78,53,rectangle,low,medium,0.8436259582396385
78,66,rectangle,low,medium,0.8298798524553369
78,15,rectangle,low,medium,0.8126468791907495
78,25,rectangle,low,medium,0.7817212961435877
78,88,rectangle,low,medium,0.855109172854002
78,57,rectangle,low,medium,0.8689852134559124
78,81,rectangle,low,medium,0.7876353814350745
78,75,rectangle,low,medium,0.821575910323739
77,206,rectangle,low,medium,0.808208847237424
78,24,rectangle,low,medium,0.6847595141248835
78,54,rectangle,low,medium,0.8502870560273817
78,73,rectangle,low,medium,0.7324719248813003
78,62,rectangle,low,medium,0.8288551063183747
78,61,rectangle,low,medium,0.7895863612568716
78,89,rectangle,low,medium,0.7534944103064981
78,105,rectangle,low,medium,0.8252419954841781
78,55,rectangle,low,medium,0.7664971906439579
78,115,rectangle,low,medium,0.7867486004008907
77,135,rectangle,low,medium,0.8180310919761193
78,97,rectangle,low,medium,0.7433847588718289
78,125,rectangle,low,medium,0.8503552435875217
78,91,rectangle,low,medium,0.7085804272495185
78,121,rectangle,low,medium,0.7875201312079025
78,143,rectangle,low,medium,0.7834431300507019
78,112,rectangle,low,medium,0.812576684277071
78,145,rectangle,low,medium,0.7608174631816145
78,108,rectangle,low,medium,0.7872401299344454
78,117,rectangle,low,medium,0.8159712326014674
78,185,rectangle,low,medium,0.7181226172048779
78,84,rectangle,low,medium,0.7903112209268804
78,83,rectangle,low,medium,0.7857418994260695
78,158,rectangle,low,medium,0.7777919052895873
78,171,rectangle,low,medium,0.738222492065855
78,147,rectangle,low,medium,0.7558826334388181
78,203,rectangle,low,medium,0.8746891804952865
78,135,rectangle,low,medium,0.8006713748807173
78,210,rectangle,low,medium,0.761902475558493
78,212,rectangle,low,medium,0.8016957337751858
78,120,rectangle,low,medium,0.7999214622993576
78,155,rectangle,low,medium,0.7581915852892769
78,215,rectangle,low,medium,0.794363914575149
79,6,rectangle,low,medium,0.8218645960837407
78,168,rectangle,low,medium,0.791200187374325
78,214,rectangle,low,medium,0.7905604468858468
79,14,rectangle,low,medium,0.810668809175539
79,4,rectangle,low,medium,0.7674619609572725
78,206,rectangle,low,medium,0.7823293572705696
79,15,rectangle,low,medium,0.7916115290823996
79,42,rectangle,low,medium,0.877917034643181
78,194,rectangle,low,medium,0.8143243575938669
78,202,rectangle,low,medium,0.7801454077253522
78,207,rectangle,low,medium,0.757058192390288
79,32,rectangle,low,medium,0.7407044717037158
79,24,rectangle,low,medium,0.7446902116588935
79,20,rectangle,low,medium,0.7800316213726055
79,33,rectangle,low,medium,0.8204839130655882
78,192,rectangle,low,medium,0.8012298339385348
79,40,rectangle,low,medium,0.8230177394523872
77,194,rectangle,low,medium,0.7863211726904763
79,51,rectangle,low,medium,0.7567997784932392
78,142,rectangle,low,medium,0.783733869957907
78,169,rectangle,low,medium,0.8186980291773677
79,53,rectangle,low,medium,0.8223972585373406
79,66,rectangle,low,medium,0.8335389248945396
78,151,rectangle,low,medium,0.8041128759288871
79,62,rectangle,low,medium,0.8164288007915935
79,57,rectangle,low,medium,0.8424298819839025
79,81,rectangle,low,medium,0.7872429448079444
79,25,rectangle,low,medium,0.7669190298032698
79,16,rectangle,low,medium,0.7722142584974774
79,91,rectangle,low,medium,0.7744503125845914
79,73,rectangle,low,medium,0.7609477873211552
79,54,rectangle,low,medium,0.8678616604911513
79,88,rectangle,low,medium,0.8622970347007678
79,108,rectangle,low,medium,0.7833542282543123
79,84,rectangle,low,medium,0.7637129100631296
79,115,rectangle,low,medium,0.7938345871659407
79,17,rectangle,low,medium,0.7997683922647175
79,61,rectangle,low,medium,0.7782598184481472
79,97,rectangle,low,medium,0.7376659122875455
79,125,rectangle,low,medium,0.8608109758950286
79,143,rectangle,low,medium,0.8094054395675322
79,75,rectangle,low,medium,0.8092436731947796
79,105,rectangle,low,medium,0.847820524603332
79,121,rectangle,low,medium,0.7955915463977181
79,145,rectangle,low,medium,0.793020757766722
79,112,rectangle,low,medium,0.7895461822348921
79,117,rectangle,low,medium,0.8071988475728478
79,155,rectangle,low,medium,0.7888537380726496
79,158,rectangle,low,medium,0.7874766080964785
79,147,rectangle,low,medium,0.7633735228548212
79,203,rectangle,low,medium,0.8684998192454975
79,89,rectangle,low,medium,0.7641380658302493
79,185,rectangle,low,medium,0.769061078378307
79,210,rectangle,low,medium,0.7823375347777022
79,202,rectangle,low,medium,0.8176298793430881
79,171,rectangle,low,medium,0.7771085115423116
79,169,rectangle,low,medium,0.8241804017377435
79,192,rectangle,low,medium,0.7986294478107769
79,212,rectangle,low,medium,0.7939095592758834
94,6,rectangle,low,medium,0.8027852193815944
94,4,rectangle,low,medium,0.7586536365311627
79,207,rectangle,low,medium,0.7784397665775536
94,15,rectangle,low,medium,0.8029536678621858
79,120,rectangle,low,medium,0.8057200550566849
79,168,rectangle,low,medium,0.8214948069145775
79,206,rectangle,low,medium,0.802045168351516
94,14,rectangle,low,medium,0.7934413066247218
94,16,rectangle,low,medium,0.7848785881551112
79,83,rectangle,low,medium,0.7525556819372928
94,17,rectangle,low,medium,0.7903901521794896
94,32,rectangle,low,medium,0.7821194738412621
94,42,rectangle,low,medium,0.8478165192754339
94,20,rectangle,low,medium,0.80297776957661
94,24,rectangle,low,medium,0.7836645511719574
79,55,rectangle,low,medium,0.7918744923767372
94,57,rectangle,low,medium,0.8468217610031465
79,142,rectangle,low,medium,0.762025698085336
94,40,rectangle,low,medium,0.8239724150019876
94,53,rectangle,low,medium,0.8465077494525497
94,62,rectangle,low,medium,0.8224206799559268
94,66,rectangle,low,medium,0.8073838372759006
94,25,rectangle,low,medium,0.8203785835177733
79,194,rectangle,low,medium,0.8030629916898218
79,215,rectangle,low,medium,0.7740881198310674
94,88,rectangle,low,medium,0.8666205072527124
94,33,rectangle,low,medium,0.8637823511739171
94,51,rectangle,low,medium,0.7772813441529799
94,75,rectangle,low,medium,0.8253201950560491
94,91,rectangle,low,medium,0.8198616492822789
94,61,rectangle,low,medium,0.8637551956585546
94,55,rectangle,low,medium,0.8649658264420628
94,81,rectangle,low,medium,0.7958353102226677
94,89,rectangle,low,medium,0.795833115868117
94,108,rectangle,low,medium,0.8225076709320399
94,97,rectangle,low,medium,0.7803870685608881
94,84,rectangle,low,medium,0.8393777845037073
94,83,rectangle,low,medium,0.8422368495551302
94,105,rectangle,low,medium,0.818587248653569
94,125,rectangle,low,medium,0.8060627328554751
94,121,rectangle,low,medium,0.8158433427331854
94,143,rectangle,low,medium,0.8011309415880086
94,115,rectangle,low,medium,0.8124938221460559
94,120,rectangle,low,medium,0.8186988095941654
94,117,rectangle,low,medium,0.8323642817667264
94,145,rectangle,low,medium,0.7615846864197731
79,135,rectangle,low,medium,0.7729355076996933
94,158,rectangle,low,medium,0.7923071596479725
94,185,rectangle,low,medium,0.7523723085468557
94,147,rectangle,low,medium,0.7878982780179598
94,171,rectangle,low,medium,0.8089947869736485
94,73,rectangle,low,medium,0.8150024310144446
94,135,rectangle,low,medium,0.8135135814605405
94,155,rectangle,low,medium,0.8178081788542193
94,54,rectangle,low,medium,0.8954335896927433
94,169,rectangle,low,medium,0.8616309278522652
94,203,rectangle,low,medium,0.8406365529470061
94,112,rectangle,low,medium,0.8317841901880136
79,214,rectangle,low,medium,0.7860992406205105
94,142,rectangle,low,medium,0.8386030217666076
94,202,rectangle,low,medium,0.813046378109173
94,192,rectangle,low,medium,0.86732609524091
94,151,rectangle,low,medium,0.8552476181515769
94,207,rectangle,low,medium,0.8192970126333318
99,6,rectangle,low,medium,0.7541649891688935
94,210,rectangle,low,medium,0.7762709882855351
99,14,rectangle,low,medium,0.7550509812490988
94,206,rectangle,low,medium,0.8104809413465855
94,194,rectangle,low,medium,0.8543444774646362
99,42,rectangle,low,medium,0.8379330176821534
94,212,rectangle,low,medium,0.8125430053532451
99,32,rectangle,low,medium,0.7434814694127246
94,215,rectangle,low,medium,0.8025467532518348
99,20,rectangle,low,medium,0.8153904627604429
99,17,rectangle,low,medium,0.7855689887352292
99,24,rectangle,low,medium,0.7448852442904955
99,33,rectangle,low,medium,0.8169226593254171
79,151,rectangle,low,medium,0.8018530627128512
99,57,rectangle,low,medium,0.8525100593077107
99,51,rectangle,low,medium,0.7376772920596032
94,214,rectangle,low,medium,0.8271678792495716
99,66,rectangle,low,medium,0.7936890584805095
99,53,rectangle,low,medium,0.8305401344077559
99,62,rectangle,low,medium,0.8330958037507782
94,168,rectangle,low,medium,0.8763562335859686
99,15,rectangle,low,medium,0.82119082649249
99,4,rectangle,low,medium,0.7900210283232176
99,25,rectangle,low,medium,0.7736914663099358
99,88,rectangle,low,medium,0.8310586390224051
99,75,rectangle,low,medium,0.8260399093237788
99,16,rectangle,low,medium,0.7758948636131582
99,73,rectangle,low,medium,0.7862646811320932
99,91,rectangle,low,medium,0.7867414267979663
99,84,rectangle,low,medium,0.7979020157682168
99,115,rectangle,low,medium,0.7674263984486729
99,89,rectangle,low,medium,0.7645189879419829
99,105,rectangle,low,medium,0.7829300600665605
99,40,rectangle,low,medium,0.8043850691750514
99,54,rectangle,low,medium,0.8776308206403725
99,81,rectangle,low,medium,0.7660516756391046
99,97,rectangle,low,medium,0.7264077551309056
99,125,rectangle,low,medium,0.8258782554064469
99,143,rectangle,low,medium,0.7687342763820261
99,120,rectangle,low,medium,0.8016698969540575
99,117,rectangle,low,medium,0.7880959784303891
99,83,rectangle,low,medium,0.8006577397327703
99,145,rectangle,low,medium,0.7759802352601873
99,155,rectangle,low,medium,0.776409387742426
99,108,rectangle,low,medium,0.7796170915054842
99,61,rectangle,low,medium,0.8072277899046123
99,185,rectangle,low,medium,0.7114274211440577
99,171,rectangle,low,medium,0.7796706301763239
99,135,rectangle,low,medium,0.7903047008128369
99,121,rectangle,low,medium,0.8126167432516023
99,203,rectangle,low,medium,0.8305317134787491
99,142,rectangle,low,medium,0.7847633850491729
99,169,rectangle,low,medium,0.851982857246778
99,112,rectangle,low,medium,0.7608924296833021
99,210,rectangle,low,medium,0.7488679971442139
99,202,rectangle,low,medium,0.8074746243148386
99,147,rectangle,low,medium,0.7319995766070797
99,212,rectangle,low,medium,0.7520641586246111
99,55,rectangle,low,medium,0.8336020244093776
99,192,rectangle,low,medium,0.8344296432219412
101,6,rectangle,low,medium,0.8086182289208774
99,158,rectangle,low,medium,0.7869077334971425
101,14,rectangle,low,medium,0.8117192641566764
101,4,rectangle,low,medium,0.7808632968890332
99,168,rectangle,low,medium,0.8106389617183218
101,42,rectangle,low,medium,0.8429315579156778
101,16,rectangle,low,medium,0.8216506245921514
101,17,rectangle,low,medium,0.8024342852359759
101,32,rectangle,low,medium,0.7874735364803139
99,214,rectangle,low,medium,0.7444305104644509
101,33,rectangle,low,medium,0.8452075199635486
101,24,rectangle,low,medium,0.8026513269685949
101,51,rectangle,low,medium,0.7682682228200001
101,57,rectangle,low,medium,0.8006578243689156
99,207,rectangle,low,medium,0.7727261714948627
101,53,rectangle,low,medium,0.8038810748896679
101,66,rectangle,low,medium,0.8130193009284666
101,62,rectangle,low,medium,0.8139040379115887
101,20,rectangle,low,medium,0.858429686263341
99,215,rectangle,low,medium,0.7525555536983835
101,15,rectangle,low,medium,0.825654273900726
101,81,rectangle,low,medium,0.7849107250443034
101,88,rectangle,low,medium,0.8258068241786126
101,54,rectangle,low,medium,0.8860813741762164
101,75,rectangle,low,medium,0.8101189654861956
101,73,rectangle,low,medium,0.8118691354656209
101,40,rectangle,low,medium,0.8249430944067802
101,55,rectangle,low,medium,0.8758668468191765
101,61,rectangle,low,medium,0.837336843086149
101,108,rectangle,low,medium,0.7628973884958399
101,84,rectangle,low,medium,0.8451871496455583
101,89,rectangle,low,medium,0.7952035629219785
101,115,rectangle,low,medium,0.7967850355244052
101,91,rectangle,low,medium,0.8456984091375687
101,125,rectangle,low,medium,0.8245922362191241
101,112,rectangle,low,medium,0.7866127194171008
101,143,rectangle,low,medium,0.8202508634969934
99,194,rectangle,low,medium,0.8484865410161299
101,120,rectangle,low,medium,0.8340394619550593
99,206,rectangle,low,medium,0.8051979734085785
101,105,rectangle,low,medium,0.7923736460147889
101,117,rectangle,low,medium,0.838624884316575
99,151,rectangle,low,medium,0.7904045707820546
101,145,rectangle,low,medium,0.7843873547996916
101,155,rectangle,low,medium,0.7805669563743669
101,158,rectangle,low,medium,0.7861569183772049
101,147,rectangle,low,medium,0.7963674135432269
101,171,rectangle,low,medium,0.8146418379684948
101,135,rectangle,low,medium,0.7764129141900138
101,83,rectangle,low,medium,0.8183962515752911
101,142,rectangle,low,medium,0.8288885066247718
101,202,rectangle,low,medium,0.8274986280367337
101,25,rectangle,low,medium,0.8013597339516069
101,121,rectangle,low,medium,0.8483788842461675
101,210,rectangle,low,medium,0.8031579897007702
101,97,rectangle,low,medium,0.7778876039897479
101,212,rectangle,low,medium,0.80590595940652
101,185,rectangle,low,medium,0.7755321812331005
101,203,rectangle,low,medium,0.8459585012423139
101,207,rectangle,low,medium,0.8115573020008278
101,192,rectangle,low,medium,0.8462618197390105
101,206,rectangle,low,medium,0.8367715678345782
101,214,rectangle,low,medium,0.8006181378063865
101,168,rectangle,low,medium,0.850493742453051
101,169,rectangle,low,medium,0.8545646495877948
104,6,rectangle,low,medium,0.8096732561086383
101,151,rectangle,low,medium,0.840222734955726
104,4,rectangle,low,medium,0.8243910060608529
104,42,rectangle,low,medium,0.8962383904884158
101,215,rectangle,low,medium,0.7554757311784437
104,32,rectangle,low,medium,0.8110985011192657
104,20,rectangle,low,medium,0.8355447008943434
104,57,rectangle,low,medium,0.8829254182536705
104,51,rectangle,low,medium,0.7959417443269693
104,40,rectangle,low,medium,0.8111238053862708
104,53,rectangle,low,medium,0.8350420603384433
104,66,rectangle,low,medium,0.8407452818678132
104,16,rectangle,low,medium,0.7862838315272964
104,62,rectangle,low,medium,0.8284936581050857
104,33,rectangle,low,medium,0.8525856370701873
104,14,rectangle,low,medium,0.7830638318872116
104,81,rectangle,low,medium,0.7992645514657727
104,88,rectangle,low,medium,0.8541512913903416
104,54,rectangle,low,medium,0.851109060537948
104,75,rectangle,low,medium,0.7993953061065754
104,15,rectangle,low,medium,0.8467481847009066
104,61,rectangle,low,medium,0.837917144658924
104,91,rectangle,low,medium,0.8185249943422152
104,55,rectangle,low,medium,0.83284945800064
104,24,rectangle,low,medium,0.8021647536757899
104,17,rectangle,low,medium,0.8136591092763343
104,108,rectangle,low,medium,0.8183685366495244
104,84,rectangle,low,medium,0.8308649098342951
104,115,rectangle,low,medium,0.7780442230568455
101,194,rectangle,low,medium,0.8559486537200858
104,83,rectangle,low,medium,0.8192470465028254
104,112,rectangle,low,medium,0.82152390182284
104,125,rectangle,low,medium,0.841445260523936
104,73,rectangle,low,medium,0.7724502637870959
104,121,rectangle,low,medium,0.8576726330691387
104,89,rectangle,low,medium,0.8320133437569633
104,97,rectangle,low,medium,0.7893283478280645
104,117,rectangle,low,medium,0.8255656710332016
104,105,rectangle,low,medium,0.8149963633045726
104,145,rectangle,low,medium,0.8192231565159079
104,185,rectangle,low,medium,0.8145074090608538
104,158,rectangle,low,medium,0.8180604676525219
104,147,rectangle,low,medium,0.7787080982715343
104,143,rectangle,low,medium,0.8500171361388402
104,135,rectangle,low,medium,0.8228583547128469
104,169,rectangle,low,medium,0.7977948728977498
104,202,rectangle,low,medium,0.7934368656914395
104,210,rectangle,low,medium,0.8454185035354502
104,192,rectangle,low,medium,0.8163943766314101
104,171,rectangle,low,medium,0.8119790605898277
104,212,rectangle,low,medium,0.8259867095462429
104,25,rectangle,low,medium,0.8004317020286986
104,203,rectangle,low,medium,0.8545232201405967
107,6,rectangle,low,medium,0.8315912269027816
104,120,rectangle,low,medium,0.8158113204691124
104,155,rectangle,low,medium,0.7987540072500101
104,207,rectangle,low,medium,0.8001957963554802
107,14,rectangle,low,medium,0.8207747184161208
107,4,rectangle,low,medium,0.8161229587071068
104,215,rectangle,low,medium,0.7990069421527505
107,42,rectangle,low,medium,0.9092138082418949
107,15,rectangle,low,medium,0.8097895695098667
104,168,rectangle,low,medium,0.8320445403237677
107,17,rectangle,low,medium,0.8215898961967032
107,40,rectangle,low,medium,0.8309323283711896
107,51,rectangle,low,medium,0.8299677482963147
107,57,rectangle,low,medium,0.893841679303882
104,194,rectangle,low,medium,0.8206214466094712
107,53,rectangle,low,medium,0.8412307987109613
107,16,rectangle,low,medium,0.8094138634529326
107,66,rectangle,low,medium,0.8799975893490919
107,62,rectangle,low,medium,0.8256251158008419
107,25,rectangle,low,medium,0.8080248596229657
107,32,rectangle,low,medium,0.8209837026720511
107,81,rectangle,low,medium,0.8227180743591013
107,33,rectangle,low,medium,0.8441601172384131
104,206,rectangle,low,medium,0.8126101149916379
107,54,rectangle,low,medium,0.8396061584521768
107,75,rectangle,low,medium,0.7671447696902564
107,24,rectangle,low,medium,0.7971426393186317
107,88,rectangle,low,medium,0.8963420116282816
107,20,rectangle,low,medium,0.8546141782589118
107,73,rectangle,low,medium,0.8101725919458872
107,61,rectangle,low,medium,0.8586611309927842
104,151,rectangle,low,medium,0.8315482494901748
104,142,rectangle,low,medium,0.8323075949215125
107,89,rectangle,low,medium,0.8009659281666526
107,115,rectangle,low,medium,0.7767734322752878
107,84,rectangle,low,medium,0.8435315131238424
107,125,rectangle,low,medium,0.840486342511473
107,97,rectangle,low,medium,0.7978742680040904
107,112,rectangle,low,medium,0.8051386722209666
107,120,rectangle,low,medium,0.7898504987498876
104,214,rectangle,low,medium,0.819524947548032
107,108,rectangle,low,medium,0.8199013536428056
107,55,rectangle,low,medium,0.85424474235542
107,91,rectangle,low,medium,0.8369952092627307
107,105,rectangle,low,medium,0.823833372006764
107,145,rectangle,low,medium,0.8275821805031839
107,155,rectangle,low,medium,0.8224013974931202
107,143,rectangle,low,medium,0.8473480914005065
107,142,rectangle,low,medium,0.8148679975762333
107,147,rectangle,low,medium,0.8435972389048193
107,135,rectangle,low,medium,0.8143093223850508
107,121,rectangle,low,medium,0.8591455278482771
107,202,rectangle,low,medium,0.8113940167210884
107,185,rectangle,low,medium,0.8268339129452827
107,169,rectangle,low,medium,0.7757454704666241
107,83,rectangle,low,medium,0.831834541391043
107,210,rectangle,low,medium,0.8689474651985791
107,158,rectangle,low,medium,0.7964633987344156
107,203,rectangle,low,medium,0.8716286237137584
107,212,rectangle,low,medium,0.8362322291151888
107,192,rectangle,low,medium,0.7934856336092916
107,151,rectangle,low,medium,0.8353188393696839
107,171,rectangle,low,medium,0.8347588792443718
107,168,rectangle,low,medium,0.849957463292224
107,206,rectangle,low,medium,0.835805889016182
107,117,rectangle,low,medium,0.8388197083578961
107,214,rectangle,low,medium,0.8387163201983551
124,32,rectangle,low,medium,0.7604482821841528
124,42,rectangle,low,medium,0.840767114872487
124,15,rectangle,low,medium,0.8369130708811704
124,4,rectangle,low,medium,0.7723695192869646
124,20,rectangle,low,medium,0.7806850850162476
124,16,rectangle,low,medium,0.7833791167155383
124,40,rectangle,low,medium,0.8075533534863455
124,6,rectangle,low,medium,0.790286955913849
107,215,rectangle,low,medium,0.7940419086947761
124,57,rectangle,low,medium,0.8444432402080637
124,14,rectangle,low,medium,0.7935530046894083
124,53,rectangle,low,medium,0.8322106700831793
124,66,rectangle,low,medium,0.8155629404101569
124,62,rectangle,low,medium,0.8344235602373286
107,207,rectangle,low,medium,0.8109393795158134
124,25,rectangle,low,medium,0.8084690717418789
124,24,rectangle,low,medium,0.7786652408528386
124,88,rectangle,low,medium,0.8342714108411481
124,33,rectangle,low,medium,0.8427891221552153
124,75,rectangle,low,medium,0.8294413616216895
124,54,rectangle,low,medium,0.8775666693872474
124,51,rectangle,low,medium,0.7697866568272521
124,91,rectangle,low,medium,0.7918564581844177
124,17,rectangle,low,medium,0.7433512693919323
124,105,rectangle,low,medium,0.8005132554769792
124,61,rectangle,low,medium,0.8221714035111752
124,55,rectangle,low,medium,0.8473697844686455
124,89,rectangle,low,medium,0.7928028531478557
124,73,rectangle,low,medium,0.7847857632234753
124,81,rectangle,low,medium,0.8056643822473994
124,125,rectangle,low,medium,0.8600601993726571
124,112,rectangle,low,medium,0.8140485885355779
124,83,rectangle,low,medium,0.8307616534302739
124,143,rectangle,low,medium,0.8220843937127097
124,108,rectangle,low,medium,0.7386225463346192
124,120,rectangle,low,medium,0.8204749588439677
124,145,rectangle,low,medium,0.7422013875819119
107,194,rectangle,low,medium,0.8042045294112973
124,117,rectangle,low,medium,0.8234765152724427
124,84,rectangle,low,medium,0.8232725286075252
124,115,rectangle,low,medium,0.7836436488485515
124,171,rectangle,low,medium,0.8110433463296514
124,158,rectangle,low,medium,0.813020545372173
124,203,rectangle,low,medium,0.873872318238776
124,147,rectangle,low,medium,0.7789982816327531
124,97,rectangle,low,medium,0.7893204975600278
124,135,rectangle,low,medium,0.7954761476660454
124,121,rectangle,low,medium,0.8365368308524421
124,185,rectangle,low,medium,0.7534731996165446
124,169,rectangle,low,medium,0.8254758076671139
124,210,rectangle,low,medium,0.7661255390140828
124,212,rectangle,low,medium,0.7676772657782298
124,155,rectangle,low,medium,0.8258164423517422
124,215,rectangle,low,medium,0.8030969346810536
126,6,rectangle,low,medium,0.8398391498268231
124,151,rectangle,low,medium,0.8182082358542457
124,168,rectangle,low,medium,0.8397921995511555
124,214,rectangle,low,medium,0.8144742263204237
124,202,rectangle,low,medium,0.7638063729180767
126,16,rectangle,low,medium,0.7877655323203276
126,42,rectangle,low,medium,0.8805309506216341
124,194,rectangle,low,medium,0.8367741238769045
124,192,rectangle,low,medium,0.8514950102890471
126,17,rectangle,low,medium,0.830579057629346
126,32,rectangle,low,medium,0.7675003014394344
126,20,rectangle,low,medium,0.7889200701832728
126,33,rectangle,low,medium,0.7953743750732268
126,40,rectangle,low,medium,0.8519933073304523
124,142,rectangle,low,medium,0.8287343250443621
126,57,rectangle,low,medium,0.8448913965495456
126,15,rectangle,low,medium,0.8124855436405021
126,66,rectangle,low,medium,0.8563160522895009
124,207,rectangle,low,medium,0.8029094976248727
126,62,rectangle,low,medium,0.8268579071197398
126,14,rectangle,low,medium,0.821564903672033
124,206,rectangle,low,medium,0.769446510102523
126,25,rectangle,low,medium,0.7649056647679129
126,88,rectangle,low,medium,0.8821090780877162
126,75,rectangle,low,medium,0.7962074260842235
126,53,rectangle,low,medium,0.8068249598282745
126,4,rectangle,low,medium,0.8001421885693225
126,54,rectangle,low,medium,0.8366988316857946
126,91,rectangle,low,medium,0.7891056441507224
126,73,rectangle,low,medium,0.790714240090727
126,61,rectangle,low,medium,0.807329151980352
126,55,rectangle,low,medium,0.8174646935166302
126,108,rectangle,low,medium,0.7948558240472687
126,51,rectangle,low,medium,0.7926897147118926
126,24,rectangle,low,medium,0.7794474247375649
126,115,rectangle,low,medium,0.8062756143901215
126,125,rectangle,low,medium,0.8736028851400676
126,112,rectangle,low,medium,0.789877769675809
126,81,rectangle,low,medium,0.8239144805642019
126,83,rectangle,low,medium,0.7749311612716029
126,143,rectangle,low,medium,0.8353964763262998
126,105,rectangle,low,medium,0.8359446279388635
126,121,rectangle,low,medium,0.8212257067286913
126,145,rectangle,low,medium,0.808544755375657
126,155,rectangle,low,medium,0.816628999821581
126,185,rectangle,low,medium,0.7788242357688527
126,171,rectangle,low,medium,0.7557938437716207
126,158,rectangle,low,medium,0.7989621865779593
126,117,rectangle,low,medium,0.8324503834655735
126,84,rectangle,low,medium,0.8036090122787545
126,142,rectangle,low,medium,0.8046960840805593
126,135,rectangle,low,medium,0.7386374207190382
126,203,rectangle,low,medium,0.8914056069998422
126,210,rectangle,low,medium,0.8074282451780856
126,202,rectangle,low,medium,0.8318759162580432
126,89,rectangle,low,medium,0.7711948225892171
126,192,rectangle,low,medium,0.7950985789768111
128,6,rectangle,low,medium,0.8058367359984258
126,97,rectangle,low,medium,0.7689733538850858
126,212,rectangle,low,medium,0.7907963326943525
128,4,rectangle,low,medium,0.7461699365476644
126,215,rectangle,low,medium,0.7320738119499268
126,207,rectangle,low,medium,0.7869077815476092
128,14,rectangle,low,medium,0.7715477726919768
126,120,rectangle,low,medium,0.8227719906789334
128,15,rectangle,low,medium,0.8011450846698577
126,169,rectangle,low,medium,0.8089643810691799
128,42,rectangle,low,medium,0.8776173782633708
128,17,rectangle,low,medium,0.7653874084461271
128,24,rectangle,low,medium,0.7139961382048914
128,32,rectangle,low,medium,0.6990810313496582
128,33,rectangle,low,medium,0.8213198096702111
126,214,rectangle,low,medium,0.779050366704566
128,40,rectangle,low,medium,0.7991480801510268
128,51,rectangle,low,medium,0.7641164141930484
128,57,rectangle,low,medium,0.8282969276333357
128,53,rectangle,low,medium,0.8355374220432736
128,66,rectangle,low,medium,0.8091567979001832
128,62,rectangle,low,medium,0.8349206854840031
126,206,rectangle,low,medium,0.7881962629351705
128,20,rectangle,low,medium,0.7510778768672991
128,81,rectangle,low,medium,0.810766068030549
126,147,rectangle,low,medium,0.8066076107018835
128,88,rectangle,low,medium,0.8555175910369334
128,75,rectangle,low,medium,0.8100225424147492
128,73,rectangle,low,medium,0.7624735422678477
128,16,rectangle,low,medium,0.7245526877977165
128,61,rectangle,low,medium,0.7947826969823345
128,105,rectangle,low,medium,0.7837261616413984
128,84,rectangle,low,medium,0.7900434965419493
128,89,rectangle,low,medium,0.7325025971598225
126,194,rectangle,low,medium,0.7999336430097234
128,115,rectangle,low,medium,0.7752683460641279
128,91,rectangle,low,medium,0.7774508695144532
128,83,rectangle,low,medium,0.7793941050315573
128,112,rectangle,low,medium,0.7784818861995986
128,125,rectangle,low,medium,0.8421846948595033
128,55,rectangle,low,medium,0.7972800980433713
128,143,rectangle,low,medium,0.7930971726556305
128,121,rectangle,low,medium,0.7947153457660734
128,108,rectangle,low,medium,0.7875119702852469
128,145,rectangle,low,medium,0.7692191396409047
128,117,rectangle,low,medium,0.7989140960991589
128,97,rectangle,low,medium,0.7294319040149343
128,155,rectangle,low,medium,0.7448296018008185
128,158,rectangle,low,medium,0.7232950048425868
128,171,rectangle,low,medium,0.7680747855431748
128,147,rectangle,low,medium,0.7539856296541901
128,54,rectangle,low,medium,0.8487727720955879
128,142,rectangle,low,medium,0.7699324694818344
128,203,rectangle,low,medium,0.8708914731547184
128,25,rectangle,low,medium,0.7474107841723087
128,169,rectangle,low,medium,0.8177116777385274
128,135,rectangle,low,medium,0.7883062971811028
128,192,rectangle,low,medium,0.8186101974096305
126,168,rectangle,low,medium,0.81938037259126
126,151,rectangle,low,medium,0.7978058206137598
128,151,rectangle,low,medium,0.7913851102674454
128,207,rectangle,low,medium,0.7522104341755268
128,215,rectangle,low,medium,0.7683729337280258
128,210,rectangle,low,medium,0.78378354445858
128,185,rectangle,low,medium,0.7099974397307464
128,120,rectangle,low,medium,0.786240682982067
132,6,rectangle,low,medium,0.8666510871983584
128,202,rectangle,low,medium,0.8005848831423018
128,214,rectangle,low,medium,0.7619517185395529
128,206,rectangle,low,medium,0.7859594625771762
132,42,rectangle,low,medium,0.9224118499872115
128,194,rectangle,low,medium,0.8109308290477131
132,14,rectangle,low,medium,0.8298674054698465
128,168,rectangle,low,medium,0.8260651344600776
132,15,rectangle,low,medium,0.8293985215318832
128,212,rectangle,low,medium,0.7876248742892613
132,57,rectangle,low,medium,0.8570458205613756
132,32,rectangle,low,medium,0.8434968324144628
132,20,rectangle,low,medium,0.8487762621086982
132,24,rectangle,low,medium,0.8234455675910358
132,53,rectangle,low,medium,0.8505591658800883
132,62,rectangle,low,medium,0.8524458831608979
132,66,rectangle,low,medium,0.8523719672693084
132,88,rectangle,low,medium,0.9022629212616763
132,51,rectangle,low,medium,0.8278082461116865
132,81,rectangle,low,medium,0.8456194888164884
132,54,rectangle,low,medium,0.8729527937806205
132,33,rectangle,low,medium,0.868990500894892
132,91,rectangle,low,medium,0.8729198238598426
132,4,rectangle,low,medium,0.8276205829301545
132,73,rectangle,low,medium,0.8273381012767499
132,61,rectangle,low,medium,0.8462335430767046
132,84,rectangle,low,medium,0.8367087552543901
132,108,rectangle,low,medium,0.8286662462538084
132,40,rectangle,low,medium,0.875943139049232
132,89,rectangle,low,medium,0.8021374432768439
132,97,rectangle,low,medium,0.7930032985789834
132,83,rectangle,low,medium,0.8070301319667729
132,16,rectangle,low,medium,0.8214989914606656
132,125,rectangle,low,medium,0.8594582020143281
132,105,rectangle,low,medium,0.8522655013386826
132,17,rectangle,low,medium,0.8352741672092255
132,112,rectangle,low,medium,0.8062548018485162
132,121,rectangle,low,medium,0.8456823460978964
132,25,rectangle,low,medium,0.7745331925862942
132,145,rectangle,low,medium,0.8420124861014742
132,117,rectangle,low,medium,0.83570844158379
132,75,rectangle,low,medium,0.8192634965580403
132,171,rectangle,low,medium,0.8517309678724844
132,185,rectangle,low,medium,0.8361924033208098
132,158,rectangle,low,medium,0.8016994462723313
132,143,rectangle,low,medium,0.8719013819626579
132,115,rectangle,low,medium,0.8356624848050247
132,55,rectangle,low,medium,0.8596150320120319
132,147,rectangle,low,medium,0.8210961421426347
132,142,rectangle,low,medium,0.8168092777772052
132,135,rectangle,low,medium,0.7574913245567675
138,6,rectangle,low,medium,0.8068935319315061
132,210,rectangle,low,medium,0.8500294853595504
138,4,rectangle,low,medium,0.7261554774147663
132,202,rectangle,low,medium,0.8519301925265772
138,14,rectangle,low,medium,0.7832754675010595
138,15,rectangle,low,medium,0.8103745931800734
132,203,rectangle,low,medium,0.8852862622213675
138,16,rectangle,low,medium,0.7587794484551565
138,17,rectangle,low,medium,0.7401277038791606
138,20,rectangle,low,medium,0.7574898845202147
138,24,rectangle,low,medium,0.7097204188623024
132,155,rectangle,low,medium,0.8295061765510654
132,207,rectangle,low,medium,0.8017586260306646
132,120,rectangle,low,medium,0.833002213512348
138,42,rectangle,low,medium,0.8660526264988772
132,151,rectangle,low,medium,0.8133149550954294
138,33,rectangle,low,medium,0.8504581074693371
138,40,rectangle,low,medium,0.8164276176326277
138,57,rectangle,low,medium,0.8382245600064754
138,53,rectangle,low,medium,0.8351812508740909
138,32,rectangle,low,medium,0.7216727814049663
138,25,rectangle,low,medium,0.7693460248748757
138,62,rectangle,low,medium,0.8319310035504169
138,66,rectangle,low,medium,0.8512597551729524
132,206,rectangle,low,medium,0.8237500752868272
138,54,rectangle,low,medium,0.8530528339922304
132,215,rectangle,low,medium,0.7939668712921297
138,51,rectangle,low,medium,0.7541962526264535
138,88,rectangle,low,medium,0.8454250681919345
138,75,rectangle,low,medium,0.8064264540928514
132,212,rectangle,low,medium,0.8269758684017874
132,194,rectangle,low,medium,0.8272372621637798
138,61,rectangle,low,medium,0.8112923918706265
138,73,rectangle,low,medium,0.7827512231919919
138,91,rectangle,low,medium,0.7654773492595055
138,89,rectangle,low,medium,0.7567446769272637
138,84,rectangle,low,medium,0.8427413442361879
132,192,rectangle,low,medium,0.8412490646227688
138,108,rectangle,low,medium,0.7839022217983092
138,83,rectangle,low,medium,0.8056216644161422
138,125,rectangle,low,medium,0.8391443605454489
138,121,rectangle,low,medium,0.8237208535678069
138,112,rectangle,low,medium,0.8009270508843881
138,81,rectangle,low,medium,0.7680533864884069
138,120,rectangle,low,medium,0.7805741848832326
138,117,rectangle,low,medium,0.7993271371757872
138,145,rectangle,low,medium,0.7592838936246891
138,143,rectangle,low,medium,0.7844886086584719
138,105,rectangle,low,medium,0.8122503078668188
132,169,rectangle,low,medium,0.843568324759853
138,155,rectangle,low,medium,0.7882465986602131
138,97,rectangle,low,medium,0.7674099230476205
138,158,rectangle,low,medium,0.7356452415500189
138,142,rectangle,low,medium,0.772210299184068
138,147,rectangle,low,medium,0.7821869824373201
138,185,rectangle,low,medium,0.7111126467562094
138,135,rectangle,low,medium,0.8213219419723877
138,115,rectangle,low,medium,0.7742729114891795
138,171,rectangle,low,medium,0.7414205000133419
138,203,rectangle,low,medium,0.8930275985042307
138,169,rectangle,low,medium,0.8278681887343448
138,210,rectangle,low,medium,0.7781835987291122
138,212,rectangle,low,medium,0.8010306174113514
138,192,rectangle,low,medium,0.8496731942563918
138,55,rectangle,low,medium,0.8047629696379421
138,215,rectangle,low,medium,0.7846562480551997
138,207,rectangle,low,medium,0.7266268263194489
138,214,rectangle,low,medium,0.7899739307086864
140,15,rectangle,low,medium,0.8078208254866557
140,4,rectangle,low,medium,0.7791966528944704
140,32,rectangle,low,medium,0.7291688948004297
140,20,rectangle,low,medium,0.7798231727714086
140,16,rectangle,low,medium,0.7698088920308981
138,151,rectangle,low,medium,0.7965812471085552
140,42,rectangle,low,medium,0.8144714690394713
140,33,rectangle,low,medium,0.8241192623760407
132,214,rectangle,low,medium,0.7889438771545384
138,202,rectangle,low,medium,0.762703526370609
132,168,rectangle,low,medium,0.8220351038194182
140,6,rectangle,low,medium,0.7548997386537568
140,51,rectangle,low,medium,0.7184434031023511
140,40,rectangle,low,medium,0.8033499544187764
140,57,rectangle,low,medium,0.835124740602279
140,25,rectangle,low,medium,0.7852710786637233
140,53,rectangle,low,medium,0.8224758806989222
140,14,rectangle,low,medium,0.7524170778681907
140,62,rectangle,low,medium,0.802259931797298
140,81,rectangle,low,medium,0.756410736087857
140,24,rectangle,low,medium,0.7484640260726081
140,54,rectangle,low,medium,0.8735434666373819
140,17,rectangle,low,medium,0.7779387046770359
140,75,rectangle,low,medium,0.8189178251923995
140,84,rectangle,low,medium,0.8407762402714667
140,89,rectangle,low,medium,0.76390067926697
140,55,rectangle,low,medium,0.8562594121227928
140,66,rectangle,low,medium,0.7979315959804598
140,88,rectangle,low,medium,0.8034139201275555
138,206,rectangle,low,medium,0.7887517601328522
140,105,rectangle,low,medium,0.7775360090758361
140,97,rectangle,low,medium,0.7487776091382725
140,83,rectangle,low,medium,0.8232333103402605
140,112,rectangle,low,medium,0.7866271434969403
140,91,rectangle,low,medium,0.7835392295171425
140,125,rectangle,low,medium,0.8160664779093812
140,143,rectangle,low,medium,0.7817316850906736
140,121,rectangle,low,medium,0.8327096711189752
140,108,rectangle,low,medium,0.736144624725155
140,120,rectangle,low,medium,0.8012614299512033
140,117,rectangle,low,medium,0.8159476980848743
140,73,rectangle,low,medium,0.7892381135967679
140,155,rectangle,low,medium,0.7452209174481367
140,115,rectangle,low,medium,0.7782521368752494
140,142,rectangle,low,medium,0.812232341516
140,147,rectangle,low,medium,0.7708939621085532
140,171,rectangle,low,medium,0.790006472886555
138,168,rectangle,low,medium,0.844344178847477
140,158,rectangle,low,medium,0.7844840697059068
140,185,rectangle,low,medium,0.7197270222583497
140,203,rectangle,low,medium,0.8340623670400689
140,169,rectangle,low,medium,0.8563049462221136
140,61,rectangle,low,medium,0.8264302278638658
140,145,rectangle,low,medium,0.7413558995030959
140,210,rectangle,low,medium,0.7369848964595482
140,212,rectangle,low,medium,0.7775838588801287
140,151,rectangle,low,medium,0.8129827434650752
140,192,rectangle,low,medium,0.8513524360567002
138,194,rectangle,low,medium,0.8311175963657208
140,202,rectangle,low,medium,0.7810306246500798
140,215,rectangle,low,medium,0.7478879266432287
140,207,rectangle,low,medium,0.8040103540706323
140,168,rectangle,low,medium,0.8405423547677341
162,6,rectangle,low,medium,0.8189550203968678
140,194,rectangle,low,medium,0.8583619369152772
162,42,rectangle,low,medium,0.9115925702433183
162,14,rectangle,low,medium,0.7971296243900325
162,4,rectangle,low,medium,0.8299501128593835
162,51,rectangle,low,medium,0.8337337172531523
162,17,rectangle,low,medium,0.8100837747955579
140,135,rectangle,low,medium,0.8164914466037382
162,57,rectangle,low,medium,0.8995700188143606
162,24,rectangle,low,medium,0.8009639103506545
162,40,rectangle,low,medium,0.807268879999648
162,33,rectangle,low,medium,0.8194777595277702
162,53,rectangle,low,medium,0.8462626849292669
140,214,rectangle,low,medium,0.7844117639382704
162,20,rectangle,low,medium,0.8420844318298759
162,66,rectangle,low,medium,0.8576666871606219
162,62,rectangle,low,medium,0.8162421396805886
162,88,rectangle,low,medium,0.8695301751715481
162,81,rectangle,low,medium,0.8384407518620961
140,206,rectangle,low,medium,0.815494939970494
162,32,rectangle,low,medium,0.8197446471927421
162,25,rectangle,low,medium,0.8170987566773678
162,15,rectangle,low,medium,0.8196300290532587
162,54,rectangle,low,medium,0.792957382925484
162,75,rectangle,low,medium,0.8103364199254438
162,91,rectangle,low,medium,0.824858079746788
162,16,rectangle,low,medium,0.7940586303044859
162,105,rectangle,low,medium,0.8384372173686871
162,108,rectangle,low,medium,0.82233705320512
162,55,rectangle,low,medium,0.8488873768961122
162,61,rectangle,low,medium,0.8347584941265538
162,125,rectangle,low,medium,0.8332237790897701
162,97,rectangle,low,medium,0.81450969989992
162,84,rectangle,low,medium,0.8544876145532891
162,112,rectangle,low,medium,0.812785972989504
162,120,rectangle,low,medium,0.8061336113786888
162,115,rectangle,low,medium,0.8109562555617464
162,143,rectangle,low,medium,0.8437925847485733
162,83,rectangle,low,medium,0.8107118967553812
162,145,rectangle,low,medium,0.8346089489130721
162,155,rectangle,low,medium,0.8047327351082282
162,89,rectangle,low,medium,0.8175077859797926
162,158,rectangle,low,medium,0.8114021018284846
162,171,rectangle,low,medium,0.8085103919660446
162,73,rectangle,low,medium,0.7897389726896332
162,185,rectangle,low,medium,0.8397979756595049
162,121,rectangle,low,medium,0.8559681146950547
162,147,rectangle,low,medium,0.8189063222421118
162,142,rectangle,low,medium,0.8350270447406659
162,135,rectangle,low,medium,0.8123215220099421
162,203,rectangle,low,medium,0.8889770029239703
162,202,rectangle,low,medium,0.8200574456147528
162,210,rectangle,low,medium,0.8710868905149456
164,6,rectangle,low,medium,0.8418176710769851
162,212,rectangle,low,medium,0.8375186430722759
164,14,rectangle,low,medium,0.8169770205152869
162,117,rectangle,low,medium,0.8082786551952605
162,215,rectangle,low,medium,0.8097252653672062
164,15,rectangle,low,medium,0.8529554557082489
162,169,rectangle,low,medium,0.7883509278580185
162,151,rectangle,low,medium,0.8371337829016281
164,42,rectangle,low,medium,0.8683344373975934
164,16,rectangle,low,medium,0.7808786666694884
164,20,rectangle,low,medium,0.7843016363382275
164,17,rectangle,low,medium,0.7499730677166464
162,206,rectangle,low,medium,0.823217251405713
164,32,rectangle,low,medium,0.7521411641018343
162,168,rectangle,low,medium,0.8237540992463876
164,24,rectangle,low,medium,0.7883615843323338
164,40,rectangle,low,medium,0.8315755461373222
164,4,rectangle,low,medium,0.7737795029080842
164,57,rectangle,low,medium,0.8411563035467415
164,51,rectangle,low,medium,0.7944388898648745
164,53,rectangle,low,medium,0.8522493081930246
164,66,rectangle,low,medium,0.830601002500183
164,62,rectangle,low,medium,0.8579623765442103
164,81,rectangle,low,medium,0.8218006113316545
164,25,rectangle,low,medium,0.8416240878537378
164,88,rectangle,low,medium,0.8336411564099306
164,33,rectangle,low,medium,0.8637536133197741
162,192,rectangle,low,medium,0.8093638231712208
162,207,rectangle,low,medium,0.8048897786196565
164,75,rectangle,low,medium,0.8417831926980722
164,91,rectangle,low,medium,0.8295508571205163
164,73,rectangle,low,medium,0.805772202132089
164,105,rectangle,low,medium,0.8400398179883914
162,214,rectangle,low,medium,0.8382258963317895
164,61,rectangle,low,medium,0.8380884884377523
164,89,rectangle,low,medium,0.8202544622674884
164,108,rectangle,low,medium,0.815881670823727
164,55,rectangle,low,medium,0.8452143965973037
164,84,rectangle,low,medium,0.8186302261666852
164,54,rectangle,low,medium,0.8899889920331644
164,125,rectangle,low,medium,0.8391242938699693
164,112,rectangle,low,medium,0.8376178320252594
164,97,rectangle,low,medium,0.7637322945295141
164,121,rectangle,low,medium,0.800421482759878
164,115,rectangle,low,medium,0.8372495277679112
164,145,rectangle,low,medium,0.7608092461074275
164,155,rectangle,low,medium,0.8041294793403159
164,143,rectangle,low,medium,0.847394249196279
164,158,rectangle,low,medium,0.8170456974801966
164,171,rectangle,low,medium,0.8103578297108818
164,185,rectangle,low,medium,0.795417331621998
164,203,rectangle,low,medium,0.8740300373098208
164,135,rectangle,low,medium,0.8209638431605296
164,142,rectangle,low,medium,0.8294300856520593
164,169,rectangle,low,medium,0.8603707100313608
164,210,rectangle,low,medium,0.763139733683801
164,147,rectangle,low,medium,0.8027656257949977
164,202,rectangle,low,medium,0.8022159848836488
164,120,rectangle,low,medium,0.8415052818818408
164,192,rectangle,low,medium,0.8696829376815741
164,212,rectangle,low,medium,0.8157472516057437
164,83,rectangle,low,medium,0.8091630398183752
162,194,rectangle,low,medium,0.7978506741128467
164,207,rectangle,low,medium,0.8336686363125092
164,151,rectangle,low,medium,0.8602068623587513
164,215,rectangle,low,medium,0.830302371663826
164,168,rectangle,low,medium,0.8424139156112613
164,117,rectangle,low,medium,0.8444256125247296
164,214,rectangle,low,medium,0.8225531664088266
176,6,rectangle,low,medium,0.883510722602211
176,42,rectangle,low,medium,0.9341905943085845
176,33,rectangle,low,medium,0.8572014136531666
176,14,rectangle,low,medium,0.8368656694963483
176,51,rectangle,low,medium,0.8293073552366492
176,15,rectangle,low,medium,0.854964176510337
176,20,rectangle,low,medium,0.7732885807564897
176,16,rectangle,low,medium,0.8010419017693231
164,206,rectangle,low,medium,0.8010674963306174
176,66,rectangle,low,medium,0.8934828056197064
176,62,rectangle,low,medium,0.8815748187746033
176,54,rectangle,low,medium,0.8425444738962695
176,81,rectangle,low,medium,0.8660869528982641
164,194,rectangle,low,medium,0.8602087025299614
176,57,rectangle,low,medium,0.9067699754461738
176,32,rectangle,low,medium,0.8036203993286027
176,88,rectangle,low,medium,0.9123405306474832
176,24,rectangle,low,medium,0.766421085285859
176,75,rectangle,low,medium,0.8256106422208859
176,40,rectangle,low,medium,0.8588796472631038
176,53,rectangle,low,medium,0.8649234734680215
176,73,rectangle,low,medium,0.8005603847396612
176,61,rectangle,low,medium,0.8131341290993945
176,4,rectangle,low,medium,0.7993703450905425
176,91,rectangle,low,medium,0.8032932491584721
176,55,rectangle,low,medium,0.7614806640556642
176,17,rectangle,low,medium,0.8187655677639529
176,115,rectangle,low,medium,0.8200913484928822
176,84,rectangle,low,medium,0.8282820144919057
176,89,rectangle,low,medium,0.7753386908517664
176,125,rectangle,low,medium,0.9116617348020684
176,143,rectangle,low,medium,0.8393830227455477
176,112,rectangle,low,medium,0.8373078317190503
176,108,rectangle,low,medium,0.8552644993006144
176,105,rectangle,low,medium,0.8531554601133664
176,117,rectangle,low,medium,0.8083354688937283
176,145,rectangle,low,medium,0.8363376516717478
176,155,rectangle,low,medium,0.8415961294267894
176,120,rectangle,low,medium,0.8499957911773293
176,25,rectangle,low,medium,0.7996264801827251
176,171,rectangle,low,medium,0.8204123191136604
176,158,rectangle,low,medium,0.8151256555360176
176,203,rectangle,low,medium,0.9232017286066598
176,121,rectangle,low,medium,0.8209865586771279
176,97,rectangle,low,medium,0.7854203042666378
176,185,rectangle,low,medium,0.8145393979076462
176,210,rectangle,low,medium,0.8477828745901868
176,169,rectangle,low,medium,0.8228897048866833
176,202,rectangle,low,medium,0.8198872249610316
176,212,rectangle,low,medium,0.8445503223067444
176,83,rectangle,low,medium,0.8005489103084181
176,151,rectangle,low,medium,0.7833761384161586
179,14,rectangle,low,medium,0.8649593110285929
179,15,rectangle,low,medium,0.8528983990760954
176,168,rectangle,low,medium,0.8089312058055854
176,135,rectangle,low,medium,0.7834379528342684
179,6,rectangle,low,medium,0.8974845742775183
176,214,rectangle,low,medium,0.8049295921731566
176,206,rectangle,low,medium,0.7731207527733883
179,16,rectangle,low,medium,0.8089457652931851
176,207,rectangle,low,medium,0.7929449697878981
179,17,rectangle,low,medium,0.8185163790073178
176,147,rectangle,low,medium,0.8230629097630401
179,42,rectangle,low,medium,0.945343062536744
179,32,rectangle,low,medium,0.8367676406943682
179,33,rectangle,low,medium,0.865254900540835
179,20,rectangle,low,medium,0.8292858856061881
179,57,rectangle,low,medium,0.8857229305415701
179,51,rectangle,low,medium,0.8531141823683509
179,40,rectangle,low,medium,0.8755473859343105
176,142,rectangle,low,medium,0.8038569301205852
176,194,rectangle,low,medium,0.8007273205381555
176,215,rectangle,low,medium,0.8279433813124434
179,53,rectangle,low,medium,0.8689062697534963
179,66,rectangle,low,medium,0.8998521791862683
179,4,rectangle,low,medium,0.8140101670613182
179,62,rectangle,low,medium,0.8799872799777229
176,192,rectangle,low,medium,0.80706712263436
179,81,rectangle,low,medium,0.8708407270414199
179,54,rectangle,low,medium,0.863985143767476
179,25,rectangle,low,medium,0.8129995814610077
179,75,rectangle,low,medium,0.8172122719114098
179,88,rectangle,low,medium,0.9218679719237864
179,105,rectangle,low,medium,0.897203944261798
179,24,rectangle,low,medium,0.800950714495459
179,73,rectangle,low,medium,0.804370781139519
179,97,rectangle,low,medium,0.7952814693440017
179,125,rectangle,low,medium,0.9150939550456133
179,112,rectangle,low,medium,0.8448527008383238
179,89,rectangle,low,medium,0.8248300990144426
179,91,rectangle,low,medium,0.8351302308567968
179,84,rectangle,low,medium,0.8226871029332755
179,120,rectangle,low,medium,0.8474880222227844
179,83,rectangle,low,medium,0.7767990027461075
179,117,rectangle,low,medium,0.8350093836648154
179,145,rectangle,low,medium,0.837371918819111
179,121,rectangle,low,medium,0.8511968002615425
179,108,rectangle,low,medium,0.8764425372055709
179,143,rectangle,low,medium,0.8773822299419461
179,115,rectangle,low,medium,0.8438593623192939
179,155,rectangle,low,medium,0.851106137208996
179,147,rectangle,low,medium,0.8489637631336422
179,158,rectangle,low,medium,0.800878060649199
179,171,rectangle,low,medium,0.8343172820428607
179,185,rectangle,low,medium,0.8650807728260923
179,55,rectangle,low,medium,0.7803662150761922
179,135,rectangle,low,medium,0.8120746772085757
179,210,rectangle,low,medium,0.85567653536196
180,4,rectangle,low,medium,0.7775254848691875
180,14,rectangle,low,medium,0.7939066579892321
179,169,rectangle,low,medium,0.8282711043715542
180,6,rectangle,low,medium,0.8054616111116994
180,15,rectangle,low,medium,0.8195521570891227
179,61,rectangle,low,medium,0.8239587661124779
179,203,rectangle,low,medium,0.9225179422874712
179,212,rectangle,low,medium,0.8600743376222396
180,16,rectangle,low,medium,0.7352227723044287
180,17,rectangle,low,medium,0.7956788153563139
180,42,rectangle,low,medium,0.8474313522241964
180,20,rectangle,low,medium,0.805953312684388
179,215,rectangle,low,medium,0.8343350985456575
180,40,rectangle,low,medium,0.8081485424416612
179,202,rectangle,low,medium,0.8406013811065874
180,51,rectangle,low,medium,0.7553327854862338
180,24,rectangle,low,medium,0.741112486406502
180,53,rectangle,low,medium,0.8390955044995804
180,57,rectangle,low,medium,0.8326673968725576
180,32,rectangle,low,medium,0.72363180518013
180,25,rectangle,low,medium,0.7883346435393709
180,33,rectangle,low,medium,0.7974387455578285
179,151,rectangle,low,medium,0.8235616052746404
180,62,rectangle,low,medium,0.7994889178446586
180,54,rectangle,low,medium,0.8716117838981033
179,214,rectangle,low,medium,0.8445130320312539
180,88,rectangle,low,medium,0.8270898101834296
180,66,rectangle,low,medium,0.7828287713294274
180,75,rectangle,low,medium,0.8248554780923799
180,55,rectangle,low,medium,0.8425872106398885
180,73,rectangle,low,medium,0.782724626342939
180,91,rectangle,low,medium,0.803722981632985
180,105,rectangle,low,medium,0.7983481449899771
180,81,rectangle,low,medium,0.7995875153968329
180,89,rectangle,low,medium,0.7575309951115716
179,192,rectangle,low,medium,0.8052611670359672
180,97,rectangle,low,medium,0.750956111172034
180,83,rectangle,low,medium,0.7738604941238858
180,115,rectangle,low,medium,0.7726795797271515
179,194,rectangle,low,medium,0.8113015096773829
180,112,rectangle,low,medium,0.7975938865340421
180,108,rectangle,low,medium,0.7855672172960243
180,143,rectangle,low,medium,0.8142526742287082
180,61,rectangle,low,medium,0.803760515200301
180,121,rectangle,low,medium,0.8013781485523578
180,120,rectangle,low,medium,0.7971528839618487
180,117,rectangle,low,medium,0.8130684464511373
180,145,rectangle,low,medium,0.7811212554482013
180,125,rectangle,low,medium,0.8273478464547007
180,155,rectangle,low,medium,0.7484821304887429
179,142,rectangle,low,medium,0.8017971102224495
180,84,rectangle,low,medium,0.8107502689624942
180,185,rectangle,low,medium,0.7439151448354768
180,171,rectangle,low,medium,0.786263843952862
180,147,rectangle,low,medium,0.782591837071166
180,135,rectangle,low,medium,0.7960544548109101
180,203,rectangle,low,medium,0.8649461353112288
180,210,rectangle,low,medium,0.7608619068289991
180,212,rectangle,low,medium,0.793205039099987
180,158,rectangle,low,medium,0.7726163262499791
179,207,rectangle,low,medium,0.7861421134919631
180,192,rectangle,low,medium,0.846530912696509
180,215,rectangle,low,medium,0.7847607136110162
180,151,rectangle,low,medium,0.8319293476596529
180,168,rectangle,low,medium,0.8413578466088659
180,142,rectangle,low,medium,0.8091873316661229
180,214,rectangle,low,medium,0.7762247538931439
182,6,rectangle,low,medium,0.8365262557878838
180,169,rectangle,low,medium,0.8221695199954938
180,202,rectangle,low,medium,0.80460051589831
180,194,rectangle,low,medium,0.8440470636190256
182,4,rectangle,low,medium,0.7689463820719814
182,14,rectangle,low,medium,0.7895178515494901
182,42,rectangle,low,medium,0.8707703712335074
180,207,rectangle,low,medium,0.7876233392079647
182,33,rectangle,low,medium,0.8223318970735288
182,20,rectangle,low,medium,0.8057348214800676
182,24,rectangle,low,medium,0.7759127981499184
182,17,rectangle,low,medium,0.7679153632174563
182,40,rectangle,low,medium,0.8452674636484553
182,51,rectangle,low,medium,0.8030765231046336
182,53,rectangle,low,medium,0.8557167398499702
182,32,rectangle,low,medium,0.7680560275502404
180,206,rectangle,low,medium,0.8326350224130575
182,15,rectangle,low,medium,0.8499423137914383
182,66,rectangle,low,medium,0.8707211224458685
182,57,rectangle,low,medium,0.8113384869023058
182,62,rectangle,low,medium,0.8332733970781688
182,81,rectangle,low,medium,0.8370141557797157
182,25,rectangle,low,medium,0.7641457180031914
179,206,rectangle,low,medium,0.816105212309537
182,75,rectangle,low,medium,0.8393175669177326
182,16,rectangle,low,medium,0.7805210316424743
182,88,rectangle,low,medium,0.8554277878126705
182,73,rectangle,low,medium,0.7871359660888009
182,108,rectangle,low,medium,0.7891953559961239
182,55,rectangle,low,medium,0.819357455279023
182,105,rectangle,low,medium,0.7984886204367136
182,115,rectangle,low,medium,0.7835797732984536
182,84,rectangle,low,medium,0.8469833992154108
182,91,rectangle,low,medium,0.811819590206368
182,97,rectangle,low,medium,0.7874959043720606
182,112,rectangle,low,medium,0.8160998949056565
182,143,rectangle,low,medium,0.8622991458204682
182,120,rectangle,low,medium,0.8297865394228553
182,125,rectangle,low,medium,0.8839395778473969
182,83,rectangle,low,medium,0.7716818617852456
179,168,rectangle,low,medium,0.8190818960612013
182,145,rectangle,low,medium,0.7949390095266844
182,158,rectangle,low,medium,0.7919484643386356
182,171,rectangle,low,medium,0.7917882009784751
182,147,rectangle,low,medium,0.813157833976838
182,54,rectangle,low,medium,0.8611795190612638
182,89,rectangle,low,medium,0.7940888173122307
182,185,rectangle,low,medium,0.7844085385343244
182,155,rectangle,low,medium,0.7912778660966174
182,142,rectangle,low,medium,0.7922754575796671
182,121,rectangle,low,medium,0.8119073636611447
182,203,rectangle,low,medium,0.8946995138654794
182,169,rectangle,low,medium,0.8541636127003497
182,135,rectangle,low,medium,0.8373207214675
182,61,rectangle,low,medium,0.7965619808002692
182,151,rectangle,low,medium,0.7995679885997751
182,117,rectangle,low,medium,0.8118626728033395
186,6,rectangle,low,medium,0.7796849963944772
182,192,rectangle,low,medium,0.8656359523646454
182,168,rectangle,low,medium,0.8124692912110683
182,210,rectangle,low,medium,0.7879984386544064
182,207,rectangle,low,medium,0.7799067252851404
182,202,rectangle,low,medium,0.8020280263927467
182,214,rectangle,low,medium,0.7874908736698869
186,4,rectangle,low,medium,0.7821233425855902
186,16,rectangle,low,medium,0.7687904546235862
182,215,rectangle,low,medium,0.8083705568879426
182,206,rectangle,low,medium,0.8251828663118324
182,212,rectangle,low,medium,0.8146194045253116
182,194,rectangle,low,medium,0.8198800137940956
186,32,rectangle,low,medium,0.7340220092771879
186,33,rectangle,low,medium,0.7875640010650359
186,20,rectangle,low,medium,0.7819340231513419
186,42,rectangle,low,medium,0.8753591459980452
186,15,rectangle,low,medium,0.7852097074301471
186,14,rectangle,low,medium,0.7697295427746372
186,51,rectangle,low,medium,0.7663260896230244
186,66,rectangle,low,medium,0.8349363922290974
186,62,rectangle,low,medium,0.8248448535127931
186,57,rectangle,low,medium,0.8741516200847402
186,81,rectangle,low,medium,0.7693520213040086
186,17,rectangle,low,medium,0.7954751303103772
186,25,rectangle,low,medium,0.746001753622335
186,75,rectangle,low,medium,0.7915865650611231
186,54,rectangle,low,medium,0.8141310861262875
186,88,rectangle,low,medium,0.860933560299892
186,24,rectangle,low,medium,0.7291058690921831
186,91,rectangle,low,medium,0.7305413156211849
186,73,rectangle,low,medium,0.7516157441555734
186,40,rectangle,low,medium,0.7934973398744615
186,89,rectangle,low,medium,0.7338978624872634
186,53,rectangle,low,medium,0.8201642468442502
186,108,rectangle,low,medium,0.7908875694669493
186,115,rectangle,low,medium,0.7679293175001175
186,97,rectangle,low,medium,0.729507741748351
186,83,rectangle,low,medium,0.7744932705490537
186,105,rectangle,low,medium,0.8185570749468777
186,120,rectangle,low,medium,0.7743438227676118
186,145,rectangle,low,medium,0.7944300406610972
186,125,rectangle,low,medium,0.8454251752269408
186,117,rectangle,low,medium,0.7686151413708251
186,143,rectangle,low,medium,0.774592346973949
186,155,rectangle,low,medium,0.7837223936922797
186,84,rectangle,low,medium,0.7920184024024142
186,55,rectangle,low,medium,0.7755947631223253
186,158,rectangle,low,medium,0.7649289839049229
186,185,rectangle,low,medium,0.7471925597241346
186,171,rectangle,low,medium,0.7541992105442867
186,142,rectangle,low,medium,0.7481431564703591
186,121,rectangle,low,medium,0.8210393718133786
186,135,rectangle,low,medium,0.7993014499803296
186,112,rectangle,low,medium,0.7833240251030268
186,210,rectangle,low,medium,0.8012920434736825
186,202,rectangle,low,medium,0.7860275199997621
186,61,rectangle,low,medium,0.7986104076932601
186,212,rectangle,low,medium,0.7857729988176233
186,203,rectangle,low,medium,0.8798877915543496
200,6,rectangle,low,medium,0.8132637824745641
186,169,rectangle,low,medium,0.8008166202083912
186,151,rectangle,low,medium,0.7549298352072358
186,215,rectangle,low,medium,0.729486753827968
186,168,rectangle,low,medium,0.7735311313625078
200,15,rectangle,low,medium,0.8214436696360219
186,214,rectangle,low,medium,0.7604883835546978
186,207,rectangle,low,medium,0.7302956276953378
200,42,rectangle,low,medium,0.880854808930373
200,16,rectangle,low,medium,0.8143732948204834
200,33,rectangle,low,medium,0.8496583012693095
186,147,rectangle,low,medium,0.7603201691743597
200,40,rectangle,low,medium,0.8252969952143951
200,20,rectangle,low,medium,0.8224833173587438
200,57,rectangle,low,medium,0.9028714325877719
200,51,rectangle,low,medium,0.811039558857739
200,32,rectangle,low,medium,0.803635809366235
200,14,rectangle,low,medium,0.8076568955932412
200,53,rectangle,low,medium,0.8462517922692607
200,66,rectangle,low,medium,0.8493213373665013
200,4,rectangle,low,medium,0.8304582083774161
200,25,rectangle,low,medium,0.7852587914378942
200,88,rectangle,low,medium,0.8657786114346918
200,81,rectangle,low,medium,0.8235560200410192
186,206,rectangle,low,medium,0.793498249858047
200,75,rectangle,low,medium,0.8299755531921019
186,192,rectangle,low,medium,0.7995018997895896
200,24,rectangle,low,medium,0.8096761611081366
200,54,rectangle,low,medium,0.8447700721572977
200,17,rectangle,low,medium,0.8160149714424566
200,73,rectangle,low,medium,0.8229520709179011
200,61,rectangle,low,medium,0.8623002799568559
200,55,rectangle,low,medium,0.8602055672584319
200,105,rectangle,low,medium,0.7955834884289877
200,62,rectangle,low,medium,0.816225425748849
200,89,rectangle,low,medium,0.8092622309577552
200,108,rectangle,low,medium,0.805843564456637
186,194,rectangle,low,medium,0.7918525186454978
200,115,rectangle,low,medium,0.8049735048920887
200,97,rectangle,low,medium,0.8086865007374429
200,143,rectangle,low,medium,0.8555086166458432
200,83,rectangle,low,medium,0.8376215205139954
200,91,rectangle,low,medium,0.83007152036567
200,145,rectangle,low,medium,0.8422454460328985
200,155,rectangle,low,medium,0.8183855132042459
200,125,rectangle,low,medium,0.8165119850232665
200,171,rectangle,low,medium,0.8323902606418837
200,185,rectangle,low,medium,0.7974332275895935
200,121,rectangle,low,medium,0.8594550366603098
200,112,rectangle,low,medium,0.8335007461524989
200,142,rectangle,low,medium,0.822621977196945
200,135,rectangle,low,medium,0.8213383387688912
200,169,rectangle,low,medium,0.8399053510895388
200,202,rectangle,low,medium,0.8132243057582209
200,158,rectangle,low,medium,0.8239079007515835
200,84,rectangle,low,medium,0.8759043760652269
200,120,rectangle,low,medium,0.8127145657316268
200,151,rectangle,low,medium,0.8205059549314193
200,203,rectangle,low,medium,0.8586890716092037
200,192,rectangle,low,medium,0.8315271795070751
200,210,rectangle,low,medium,0.8434013550514063
200,215,rectangle,low,medium,0.8174719848132236
200,207,rectangle,low,medium,0.8042533495532856
200,168,rectangle,low,medium,0.8636664146391916
208,6,rectangle,low,medium,0.8507660673197209
200,214,rectangle,low,medium,0.8052462742100558
208,4,rectangle,low,medium,0.7831087560285293
200,212,rectangle,low,medium,0.818702743784617
200,117,rectangle,low,medium,0.8381240432359597
200,206,rectangle,low,medium,0.8405480743322475
208,42,rectangle,low,medium,0.8923818087621678
200,147,rectangle,low,medium,0.8033663860564598
208,32,rectangle,low,medium,0.7865984219077254
208,33,rectangle,low,medium,0.8515635933768957
208,57,rectangle,low,medium,0.836640640226515
208,24,rectangle,low,medium,0.7739931799083747
208,14,rectangle,low,medium,0.809230106511717
208,17,rectangle,low,medium,0.7589859299221801
208,40,rectangle,low,medium,0.8183375551679837
208,51,rectangle,low,medium,0.7942301432270223
208,53,rectangle,low,medium,0.836022535886128
208,66,rectangle,low,medium,0.8561284341842113
208,88,rectangle,low,medium,0.8747359243567738
208,15,rectangle,low,medium,0.850834150511104
208,81,rectangle,low,medium,0.8076721271293286
208,75,rectangle,low,medium,0.8189862868459483
208,91,rectangle,low,medium,0.8128507032607752
208,62,rectangle,low,medium,0.864170730711887
208,105,rectangle,low,medium,0.8198492892914486
208,61,rectangle,low,medium,0.8205122837366629
208,89,rectangle,low,medium,0.8263497247751259
208,84,rectangle,low,medium,0.8044399808689735
208,16,rectangle,low,medium,0.8007481462642703
208,25,rectangle,low,medium,0.8363916022397586
208,20,rectangle,low,medium,0.7900734259345371
208,73,rectangle,low,medium,0.7965431844456112
208,97,rectangle,low,medium,0.776212042719693
208,115,rectangle,low,medium,0.8216565455144249
208,54,rectangle,low,medium,0.8894397097129529
208,125,rectangle,low,medium,0.8547834821433501
208,121,rectangle,low,medium,0.819354003791275
208,145,rectangle,low,medium,0.7530740162400685
208,155,rectangle,low,medium,0.7999177866119267
208,143,rectangle,low,medium,0.8466790434688478
208,108,rectangle,low,medium,0.8193722644739047
208,117,rectangle,low,medium,0.8262947680927961
208,83,rectangle,low,medium,0.8062488447294569
200,194,rectangle,low,medium,0.835454451739955
208,158,rectangle,low,medium,0.8182942979348606
208,112,rectangle,low,medium,0.848454892843779
208,171,rectangle,low,medium,0.8247979337218806
208,185,rectangle,low,medium,0.8071039656743504
208,142,rectangle,low,medium,0.8126356445276078
208,135,rectangle,low,medium,0.8030094752344407
208,210,rectangle,low,medium,0.803501869788621
208,203,rectangle,low,medium,0.8725609231262368
208,202,rectangle,low,medium,0.7856044865975044
208,169,rectangle,low,medium,0.8204594972176774
208,120,rectangle,low,medium,0.8243669282562414
208,55,rectangle,low,medium,0.8190751184995133
208,215,rectangle,low,medium,0.8110545665726291
208,212,rectangle,low,medium,0.8273920763440099
208,147,rectangle,low,medium,0.7989461933315957
208,192,rectangle,low,medium,0.8125469329873408
208,168,rectangle,low,medium,0.8088260395368656
208,151,rectangle,low,medium,0.8388220600972772
208,214,rectangle,low,medium,0.8329421890183807
208,207,rectangle,low,medium,0.8142647324319133
208,206,rectangle,low,medium,0.7655435199651381
208,194,rectangle,low,medium,0.830953563740163
