exp_a,exp_b,trial_id,expertise_a,expertise_b,original_distance,original_nld,source_file
13,82,2,low,high,244.0,0.9568627450980391,Java_low_Java_high_results.csv
13,123,2,low,high,233.0,0.9137254901960784,Java_low_Java_high_results.csv
13,86,2,low,high,498.0,0.8972972972972973,Java_low_Java_high_results.csv
13,87,2,low,high,249.0,0.976470588235294,Java_low_Java_high_results.csv
13,48,2,low,high,248.0,0.9725490196078432,Java_low_Java_high_results.csv
21,87,2,low,high,309.0,0.9747634069400632,Java_low_Java_high_results.csv
21,69,2,low,high,294.0,0.9274447949526814,Java_low_Java_high_results.csv
21,48,2,low,high,308.0,0.9716088328075708,Java_low_Java_high_results.csv
13,178,2,low,high,237.0,0.9294117647058824,Java_low_Java_high_results.csv
21,68,2,low,high,303.0,0.9558359621451104,Java_low_Java_high_results.csv
13,1,2,low,high,235.0,0.9215686274509804,Java_low_Java_high_results.csv
21,1,2,low,high,289.0,0.9116719242902208,Java_low_Java_high_results.csv
13,26,2,low,high,241.0,0.9450980392156862,Java_low_Java_high_results.csv
21,82,2,low,high,304.0,0.9589905362776026,Java_low_Java_high_results.csv
21,26,2,low,high,288.0,0.9085173501577288,Java_low_Java_high_results.csv
13,68,2,low,high,228.0,0.8941176470588236,Java_low_Java_high_results.csv
13,69,2,low,high,251.0,0.8838028169014085,Java_low_Java_high_results.csv
21,80,2,low,high,298.0,0.94006309148265,Java_low_Java_high_results.csv
13,80,2,low,high,248.0,0.9725490196078432,Java_low_Java_high_results.csv
27,1,2,low,high,119.0,0.8947368421052632,Java_low_Java_high_results.csv
27,26,2,low,high,156.0,0.861878453038674,Java_low_Java_high_results.csv
27,48,2,low,high,176.0,0.88,Java_low_Java_high_results.csv
27,68,2,low,high,202.0,0.9395348837209302,Java_low_Java_high_results.csv
27,80,2,low,high,80.0,0.963855421686747,Java_low_Java_high_results.csv
27,69,2,low,high,264.0,0.9295774647887324,Java_low_Java_high_results.csv
27,82,2,low,high,219.0,0.876,Java_low_Java_high_results.csv
27,123,2,low,high,164.0,0.8961748633879781,Java_low_Java_high_results.csv
27,87,2,low,high,220.0,0.9282700421940928,Java_low_Java_high_results.csv
27,178,2,low,high,209.0,0.9008620689655172,Java_low_Java_high_results.csv
29,1,2,low,high,160.0,0.8743169398907104,Java_low_Java_high_results.csv
21,86,2,low,high,503.0,0.9063063063063064,Java_low_Java_high_results.csv
27,86,2,low,high,532.0,0.9585585585585584,Java_low_Java_high_results.csv
21,123,2,low,high,291.0,0.917981072555205,Java_low_Java_high_results.csv
29,26,2,low,high,168.0,0.918032786885246,Java_low_Java_high_results.csv
29,48,2,low,high,186.0,0.93,Java_low_Java_high_results.csv
21,178,2,low,high,298.0,0.94006309148265,Java_low_Java_high_results.csv
29,80,2,low,high,155.0,0.8469945355191257,Java_low_Java_high_results.csv
29,68,2,low,high,206.0,0.958139534883721,Java_low_Java_high_results.csv
29,82,2,low,high,206.0,0.824,Java_low_Java_high_results.csv
29,123,2,low,high,175.0,0.9562841530054644,Java_low_Java_high_results.csv
29,69,2,low,high,272.0,0.9577464788732394,Java_low_Java_high_results.csv
31,1,2,low,high,252.0,0.9032258064516128,Java_low_Java_high_results.csv
29,178,2,low,high,219.0,0.9439655172413792,Java_low_Java_high_results.csv
29,87,2,low,high,220.0,0.9282700421940928,Java_low_Java_high_results.csv
31,26,2,low,high,251.0,0.899641577060932,Java_low_Java_high_results.csv
31,80,2,low,high,263.0,0.942652329749104,Java_low_Java_high_results.csv
31,48,2,low,high,266.0,0.953405017921147,Java_low_Java_high_results.csv
29,86,2,low,high,535.0,0.963963963963964,Java_low_Java_high_results.csv
31,68,2,low,high,247.0,0.8853046594982079,Java_low_Java_high_results.csv
31,82,2,low,high,262.0,0.9390681003584228,Java_low_Java_high_results.csv
31,69,2,low,high,254.0,0.8943661971830986,Java_low_Java_high_results.csv
34,1,2,low,high,178.0,0.8725490196078431,Java_low_Java_high_results.csv
31,123,2,low,high,250.0,0.8960573476702509,Java_low_Java_high_results.csv
31,87,2,low,high,253.0,0.906810035842294,Java_low_Java_high_results.csv
34,26,2,low,high,187.0,0.9166666666666666,Java_low_Java_high_results.csv
34,80,2,low,high,185.0,0.9068627450980392,Java_low_Java_high_results.csv
34,48,2,low,high,194.0,0.9509803921568628,Java_low_Java_high_results.csv
31,178,2,low,high,253.0,0.906810035842294,Java_low_Java_high_results.csv
34,68,2,low,high,210.0,0.9767441860465116,Java_low_Java_high_results.csv
34,69,2,low,high,275.0,0.9683098591549296,Java_low_Java_high_results.csv
34,82,2,low,high,219.0,0.876,Java_low_Java_high_results.csv
35,1,2,low,high,159.0,0.9298245614035088,Java_low_Java_high_results.csv
34,87,2,low,high,222.0,0.9367088607594936,Java_low_Java_high_results.csv
34,123,2,low,high,197.0,0.965686274509804,Java_low_Java_high_results.csv
31,86,2,low,high,507.0,0.9135135135135136,Java_low_Java_high_results.csv
34,178,2,low,high,218.0,0.9396551724137931,Java_low_Java_high_results.csv
35,80,2,low,high,163.0,0.953216374269006,Java_low_Java_high_results.csv
35,26,2,low,high,177.0,0.9779005524861878,Java_low_Java_high_results.csv
35,48,2,low,high,186.0,0.93,Java_low_Java_high_results.csv
35,68,2,low,high,193.0,0.8976744186046511,Java_low_Java_high_results.csv
35,69,2,low,high,231.0,0.8133802816901409,Java_low_Java_high_results.csv
35,82,2,low,high,229.0,0.916,Java_low_Java_high_results.csv
35,123,2,low,high,175.0,0.9562841530054644,Java_low_Java_high_results.csv
35,87,2,low,high,204.0,0.8607594936708861,Java_low_Java_high_results.csv
35,178,2,low,high,207.0,0.8922413793103449,Java_low_Java_high_results.csv
34,86,2,low,high,527.0,0.9495495495495496,Java_low_Java_high_results.csv
37,1,2,low,high,193.0,0.8853211009174312,Java_low_Java_high_results.csv
37,80,2,low,high,203.0,0.9311926605504588,Java_low_Java_high_results.csv
37,26,2,low,high,199.0,0.9128440366972476,Java_low_Java_high_results.csv
37,68,2,low,high,208.0,0.9541284403669724,Java_low_Java_high_results.csv
37,48,2,low,high,204.0,0.9357798165137616,Java_low_Java_high_results.csv
35,86,2,low,high,506.0,0.9117117117117116,Java_low_Java_high_results.csv
37,82,2,low,high,232.0,0.928,Java_low_Java_high_results.csv
37,69,2,low,high,262.0,0.9225352112676056,Java_low_Java_high_results.csv
37,123,2,low,high,192.0,0.8807339449541285,Java_low_Java_high_results.csv
37,87,2,low,high,208.0,0.8776371308016878,Java_low_Java_high_results.csv
41,1,2,low,high,293.0,0.9213836477987422,Java_low_Java_high_results.csv
37,178,2,low,high,211.0,0.9094827586206896,Java_low_Java_high_results.csv
41,80,2,low,high,309.0,0.9716981132075472,Java_low_Java_high_results.csv
41,26,2,low,high,299.0,0.940251572327044,Java_low_Java_high_results.csv
41,48,2,low,high,308.0,0.9685534591194968,Java_low_Java_high_results.csv
37,86,2,low,high,516.0,0.9297297297297298,Java_low_Java_high_results.csv
41,68,2,low,high,284.0,0.8930817610062893,Java_low_Java_high_results.csv
41,69,2,low,high,277.0,0.8710691823899371,Java_low_Java_high_results.csv
41,123,2,low,high,290.0,0.9119496855345912,Java_low_Java_high_results.csv
43,1,2,low,high,234.0,0.8068965517241379,Java_low_Java_high_results.csv
41,82,2,low,high,301.0,0.9465408805031448,Java_low_Java_high_results.csv
41,87,2,low,high,288.0,0.9056603773584906,Java_low_Java_high_results.csv
43,26,2,low,high,258.0,0.8896551724137931,Java_low_Java_high_results.csv
43,80,2,low,high,265.0,0.913793103448276,Java_low_Java_high_results.csv
41,178,2,low,high,281.0,0.8836477987421384,Java_low_Java_high_results.csv
43,48,2,low,high,255.0,0.8793103448275862,Java_low_Java_high_results.csv
43,68,2,low,high,269.0,0.9275862068965516,Java_low_Java_high_results.csv
43,82,2,low,high,258.0,0.8896551724137931,Java_low_Java_high_results.csv
43,69,2,low,high,285.0,0.9827586206896552,Java_low_Java_high_results.csv
43,123,2,low,high,270.0,0.9310344827586208,Java_low_Java_high_results.csv
41,86,2,low,high,511.0,0.9207207207207208,Java_low_Java_high_results.csv
43,87,2,low,high,277.0,0.9551724137931036,Java_low_Java_high_results.csv
44,1,2,low,high,244.0,0.8327645051194539,Java_low_Java_high_results.csv
43,178,2,low,high,268.0,0.9241379310344828,Java_low_Java_high_results.csv
44,80,2,low,high,265.0,0.9044368600682594,Java_low_Java_high_results.csv
44,26,2,low,high,250.0,0.8532423208191127,Java_low_Java_high_results.csv
44,48,2,low,high,269.0,0.9180887372013652,Java_low_Java_high_results.csv
44,68,2,low,high,274.0,0.9351535836177476,Java_low_Java_high_results.csv
43,86,2,low,high,531.0,0.9567567567567568,Java_low_Java_high_results.csv
44,69,2,low,high,289.0,0.9863481228668942,Java_low_Java_high_results.csv
44,82,2,low,high,259.0,0.8839590443686007,Java_low_Java_high_results.csv
56,1,2,low,high,137.0,0.9383561643835616,Java_low_Java_high_results.csv
44,123,2,low,high,280.0,0.955631399317406,Java_low_Java_high_results.csv
56,26,2,low,high,164.0,0.9060773480662984,Java_low_Java_high_results.csv
44,87,2,low,high,280.0,0.955631399317406,Java_low_Java_high_results.csv
56,48,2,low,high,168.0,0.84,Java_low_Java_high_results.csv
56,80,2,low,high,130.0,0.8904109589041096,Java_low_Java_high_results.csv
56,68,2,low,high,205.0,0.9534883720930232,Java_low_Java_high_results.csv
44,178,2,low,high,278.0,0.9488054607508531,Java_low_Java_high_results.csv
56,69,2,low,high,273.0,0.9612676056338028,Java_low_Java_high_results.csv
56,82,2,low,high,205.0,0.82,Java_low_Java_high_results.csv
56,123,2,low,high,168.0,0.918032786885246,Java_low_Java_high_results.csv
56,87,2,low,high,209.0,0.8818565400843882,Java_low_Java_high_results.csv
56,178,2,low,high,217.0,0.9353448275862069,Java_low_Java_high_results.csv
60,1,2,low,high,258.0,0.8431372549019608,Java_low_Java_high_results.csv
60,26,2,low,high,247.0,0.8071895424836601,Java_low_Java_high_results.csv
60,80,2,low,high,277.0,0.9052287581699346,Java_low_Java_high_results.csv
44,86,2,low,high,519.0,0.9351351351351352,Java_low_Java_high_results.csv
56,86,2,low,high,534.0,0.9621621621621622,Java_low_Java_high_results.csv
60,48,2,low,high,274.0,0.8954248366013072,Java_low_Java_high_results.csv
60,68,2,low,high,280.0,0.915032679738562,Java_low_Java_high_results.csv
60,69,2,low,high,294.0,0.9607843137254902,Java_low_Java_high_results.csv
63,1,2,low,high,205.0,0.7884615384615384,Java_low_Java_high_results.csv
60,82,2,low,high,245.0,0.8006535947712419,Java_low_Java_high_results.csv
60,123,2,low,high,293.0,0.9575163398692812,Java_low_Java_high_results.csv
60,87,2,low,high,293.0,0.9575163398692812,Java_low_Java_high_results.csv
63,26,2,low,high,214.0,0.823076923076923,Java_low_Java_high_results.csv
60,178,2,low,high,283.0,0.9248366013071896,Java_low_Java_high_results.csv
63,80,2,low,high,232.0,0.8923076923076924,Java_low_Java_high_results.csv
63,48,2,low,high,217.0,0.8346153846153846,Java_low_Java_high_results.csv
63,68,2,low,high,244.0,0.9384615384615383,Java_low_Java_high_results.csv
63,69,2,low,high,274.0,0.9647887323943662,Java_low_Java_high_results.csv
63,123,2,low,high,242.0,0.9307692307692308,Java_low_Java_high_results.csv
63,82,2,low,high,228.0,0.8769230769230769,Java_low_Java_high_results.csv
63,87,2,low,high,236.0,0.9076923076923076,Java_low_Java_high_results.csv
60,86,2,low,high,516.0,0.9297297297297298,Java_low_Java_high_results.csv
63,178,2,low,high,245.0,0.9423076923076924,Java_low_Java_high_results.csv
64,1,2,low,high,523.0,0.8834459459459459,Java_low_Java_high_results.csv
64,80,2,low,high,552.0,0.9324324324324323,Java_low_Java_high_results.csv
63,86,2,low,high,525.0,0.945945945945946,Java_low_Java_high_results.csv
64,26,2,low,high,525.0,0.8868243243243243,Java_low_Java_high_results.csv
64,48,2,low,high,533.0,0.9003378378378378,Java_low_Java_high_results.csv
65,1,2,low,high,126.0,0.9473684210526316,Java_low_Java_high_results.csv
64,68,2,low,high,563.0,0.9510135135135136,Java_low_Java_high_results.csv
65,26,2,low,high,166.0,0.9171270718232044,Java_low_Java_high_results.csv
65,48,2,low,high,183.0,0.915,Java_low_Java_high_results.csv
65,68,2,low,high,204.0,0.9488372093023256,Java_low_Java_high_results.csv
65,69,2,low,high,271.0,0.954225352112676,Java_low_Java_high_results.csv
65,80,2,low,high,78.0,0.9397590361445785,Java_low_Java_high_results.csv
65,82,2,low,high,234.0,0.936,Java_low_Java_high_results.csv
65,87,2,low,high,221.0,0.9324894514767932,Java_low_Java_high_results.csv
64,82,2,low,high,509.0,0.8597972972972973,Java_low_Java_high_results.csv
65,86,2,low,high,538.0,0.9693693693693692,Java_low_Java_high_results.csv
64,69,2,low,high,558.0,0.9425675675675677,Java_low_Java_high_results.csv
65,178,2,low,high,217.0,0.9353448275862069,Java_low_Java_high_results.csv
65,123,2,low,high,166.0,0.907103825136612,Java_low_Java_high_results.csv
64,123,2,low,high,558.0,0.9425675675675677,Java_low_Java_high_results.csv
67,1,2,low,high,149.0,0.9490445859872612,Java_low_Java_high_results.csv
64,87,2,low,high,557.0,0.9408783783783784,Java_low_Java_high_results.csv
67,26,2,low,high,174.0,0.9613259668508288,Java_low_Java_high_results.csv
67,80,2,low,high,152.0,0.9681528662420382,Java_low_Java_high_results.csv
67,48,2,low,high,194.0,0.97,Java_low_Java_high_results.csv
64,178,2,low,high,550.0,0.929054054054054,Java_low_Java_high_results.csv
67,68,2,low,high,189.0,0.8790697674418605,Java_low_Java_high_results.csv
67,69,2,low,high,255.0,0.897887323943662,Java_low_Java_high_results.csv
71,1,2,low,high,123.0,0.924812030075188,Java_low_Java_high_results.csv
67,82,2,low,high,239.0,0.956,Java_low_Java_high_results.csv
67,87,2,low,high,212.0,0.8945147679324894,Java_low_Java_high_results.csv
67,123,2,low,high,176.0,0.9617486338797814,Java_low_Java_high_results.csv
71,26,2,low,high,171.0,0.9447513812154696,Java_low_Java_high_results.csv
67,178,2,low,high,206.0,0.8879310344827587,Java_low_Java_high_results.csv
71,48,2,low,high,193.0,0.965,Java_low_Java_high_results.csv
71,80,2,low,high,88.0,0.9887640449438202,Java_low_Java_high_results.csv
71,68,2,low,high,198.0,0.9209302325581395,Java_low_Java_high_results.csv
71,69,2,low,high,263.0,0.926056338028169,Java_low_Java_high_results.csv
71,82,2,low,high,234.0,0.936,Java_low_Java_high_results.csv
71,123,2,low,high,168.0,0.918032786885246,Java_low_Java_high_results.csv
71,87,2,low,high,219.0,0.9240506329113924,Java_low_Java_high_results.csv
74,1,2,low,high,125.0,0.9398496240601504,Java_low_Java_high_results.csv
71,178,2,low,high,211.0,0.9094827586206896,Java_low_Java_high_results.csv
74,26,2,low,high,173.0,0.9558011049723756,Java_low_Java_high_results.csv
74,80,2,low,high,96.0,0.96,Java_low_Java_high_results.csv
67,86,2,low,high,512.0,0.9225225225225224,Java_low_Java_high_results.csv
74,48,2,low,high,184.0,0.92,Java_low_Java_high_results.csv
74,68,2,low,high,191.0,0.8883720930232558,Java_low_Java_high_results.csv
71,86,2,low,high,521.0,0.9387387387387388,Java_low_Java_high_results.csv
74,69,2,low,high,253.0,0.8908450704225352,Java_low_Java_high_results.csv
74,87,2,low,high,203.0,0.8565400843881856,Java_low_Java_high_results.csv
74,123,2,low,high,161.0,0.8797814207650273,Java_low_Java_high_results.csv
74,82,2,low,high,232.0,0.928,Java_low_Java_high_results.csv
74,178,2,low,high,202.0,0.8706896551724138,Java_low_Java_high_results.csv
74,86,2,low,high,526.0,0.9477477477477476,Java_low_Java_high_results.csv
77,1,2,low,high,338.0,0.8688946015424165,Java_low_Java_high_results.csv
77,80,2,low,high,364.0,0.93573264781491,Java_low_Java_high_results.csv
64,86,2,low,high,573.0,0.9679054054054054,Java_low_Java_high_results.csv
77,26,2,low,high,336.0,0.8637532133676092,Java_low_Java_high_results.csv
77,48,2,low,high,324.0,0.8329048843187661,Java_low_Java_high_results.csv
77,68,2,low,high,363.0,0.9331619537275064,Java_low_Java_high_results.csv
78,1,2,low,high,119.0,0.8947368421052632,Java_low_Java_high_results.csv
78,26,2,low,high,151.0,0.8342541436464088,Java_low_Java_high_results.csv
78,48,2,low,high,172.0,0.86,Java_low_Java_high_results.csv
77,69,2,low,high,368.0,0.9460154241645244,Java_low_Java_high_results.csv
77,82,2,low,high,312.0,0.8020565552699229,Java_low_Java_high_results.csv
78,68,2,low,high,194.0,0.9023255813953488,Java_low_Java_high_results.csv
77,123,2,low,high,358.0,0.9203084832904884,Java_low_Java_high_results.csv
78,80,2,low,high,88.0,0.9361702127659576,Java_low_Java_high_results.csv
77,87,2,low,high,361.0,0.9280205655526992,Java_low_Java_high_results.csv
78,82,2,low,high,213.0,0.852,Java_low_Java_high_results.csv
78,69,2,low,high,268.0,0.943661971830986,Java_low_Java_high_results.csv
78,123,2,low,high,168.0,0.918032786885246,Java_low_Java_high_results.csv
78,87,2,low,high,214.0,0.9029535864978904,Java_low_Java_high_results.csv
77,178,2,low,high,354.0,0.910025706940874,Java_low_Java_high_results.csv
78,178,2,low,high,206.0,0.8879310344827587,Java_low_Java_high_results.csv
78,86,2,low,high,529.0,0.9531531531531532,Java_low_Java_high_results.csv
79,1,2,low,high,256.0,0.8258064516129032,Java_low_Java_high_results.csv
79,80,2,low,high,279.0,0.9,Java_low_Java_high_results.csv
79,26,2,low,high,267.0,0.8612903225806452,Java_low_Java_high_results.csv
79,48,2,low,high,253.0,0.8161290322580645,Java_low_Java_high_results.csv
79,68,2,low,high,287.0,0.9258064516129032,Java_low_Java_high_results.csv
94,1,2,low,high,131.0,0.9849624060150376,Java_low_Java_high_results.csv
77,86,2,low,high,529.0,0.9531531531531532,Java_low_Java_high_results.csv
79,69,2,low,high,301.0,0.970967741935484,Java_low_Java_high_results.csv
79,82,2,low,high,254.0,0.8193548387096774,Java_low_Java_high_results.csv
79,87,2,low,high,298.0,0.9612903225806452,Java_low_Java_high_results.csv
94,26,2,low,high,177.0,0.9779005524861878,Java_low_Java_high_results.csv
79,123,2,low,high,292.0,0.9419354838709676,Java_low_Java_high_results.csv
94,48,2,low,high,186.0,0.93,Java_low_Java_high_results.csv
94,80,2,low,high,121.0,0.9307692307692308,Java_low_Java_high_results.csv
94,68,2,low,high,202.0,0.9395348837209302,Java_low_Java_high_results.csv
79,178,2,low,high,286.0,0.9225806451612903,Java_low_Java_high_results.csv
94,69,2,low,high,267.0,0.9401408450704224,Java_low_Java_high_results.csv
94,82,2,low,high,233.0,0.932,Java_low_Java_high_results.csv
94,123,2,low,high,159.0,0.8688524590163934,Java_low_Java_high_results.csv
94,87,2,low,high,208.0,0.8776371308016878,Java_low_Java_high_results.csv
99,1,2,low,high,160.0,0.9248554913294798,Java_low_Java_high_results.csv
94,178,2,low,high,210.0,0.9051724137931034,Java_low_Java_high_results.csv
99,26,2,low,high,175.0,0.9668508287292816,Java_low_Java_high_results.csv
99,80,2,low,high,162.0,0.9364161849710982,Java_low_Java_high_results.csv
99,48,2,low,high,189.0,0.945,Java_low_Java_high_results.csv
99,68,2,low,high,182.0,0.8465116279069768,Java_low_Java_high_results.csv
94,86,2,low,high,523.0,0.9423423423423424,Java_low_Java_high_results.csv
79,86,2,low,high,523.0,0.9423423423423424,Java_low_Java_high_results.csv
99,69,2,low,high,244.0,0.8591549295774648,Java_low_Java_high_results.csv
99,82,2,low,high,231.0,0.924,Java_low_Java_high_results.csv
101,1,2,low,high,142.0,0.8987341772151899,Java_low_Java_high_results.csv
99,87,2,low,high,209.0,0.8818565400843882,Java_low_Java_high_results.csv
99,123,2,low,high,176.0,0.9617486338797814,Java_low_Java_high_results.csv
101,26,2,low,high,169.0,0.9337016574585636,Java_low_Java_high_results.csv
99,178,2,low,high,195.0,0.8405172413793104,Java_low_Java_high_results.csv
101,80,2,low,high,146.0,0.9240506329113924,Java_low_Java_high_results.csv
101,48,2,low,high,185.0,0.925,Java_low_Java_high_results.csv
101,68,2,low,high,184.0,0.8558139534883721,Java_low_Java_high_results.csv
101,69,2,low,high,255.0,0.897887323943662,Java_low_Java_high_results.csv
101,82,2,low,high,234.0,0.936,Java_low_Java_high_results.csv
101,123,2,low,high,156.0,0.8524590163934426,Java_low_Java_high_results.csv
99,86,2,low,high,496.0,0.8936936936936937,Java_low_Java_high_results.csv
101,87,2,low,high,207.0,0.8734177215189873,Java_low_Java_high_results.csv
101,178,2,low,high,191.0,0.8232758620689655,Java_low_Java_high_results.csv
104,1,2,low,high,263.0,0.926056338028169,Java_low_Java_high_results.csv
104,80,2,low,high,272.0,0.9577464788732394,Java_low_Java_high_results.csv
104,26,2,low,high,266.0,0.9366197183098592,Java_low_Java_high_results.csv
101,86,2,low,high,503.0,0.9063063063063064,Java_low_Java_high_results.csv
104,48,2,low,high,268.0,0.943661971830986,Java_low_Java_high_results.csv
104,68,2,low,high,254.0,0.8943661971830986,Java_low_Java_high_results.csv
104,69,2,low,high,271.0,0.954225352112676,Java_low_Java_high_results.csv
104,82,2,low,high,259.0,0.9119718309859156,Java_low_Java_high_results.csv
107,1,2,low,high,188.0,0.903846153846154,Java_low_Java_high_results.csv
107,26,2,low,high,192.0,0.9230769230769232,Java_low_Java_high_results.csv
104,87,2,low,high,255.0,0.897887323943662,Java_low_Java_high_results.csv
104,123,2,low,high,254.0,0.8943661971830986,Java_low_Java_high_results.csv
107,80,2,low,high,195.0,0.9375,Java_low_Java_high_results.csv
104,178,2,low,high,250.0,0.8802816901408451,Java_low_Java_high_results.csv
107,48,2,low,high,201.0,0.966346153846154,Java_low_Java_high_results.csv
107,68,2,low,high,198.0,0.9209302325581395,Java_low_Java_high_results.csv
107,69,2,low,high,251.0,0.8838028169014085,Java_low_Java_high_results.csv
107,82,2,low,high,231.0,0.924,Java_low_Java_high_results.csv
107,123,2,low,high,185.0,0.8894230769230769,Java_low_Java_high_results.csv
107,178,2,low,high,216.0,0.9310344827586208,Java_low_Java_high_results.csv
107,87,2,low,high,220.0,0.9282700421940928,Java_low_Java_high_results.csv
104,86,2,low,high,518.0,0.9333333333333332,Java_low_Java_high_results.csv
124,1,2,low,high,247.0,0.8666666666666667,Java_low_Java_high_results.csv
124,26,2,low,high,239.0,0.8385964912280702,Java_low_Java_high_results.csv
124,80,2,low,high,258.0,0.9052631578947368,Java_low_Java_high_results.csv
124,48,2,low,high,258.0,0.9052631578947368,Java_low_Java_high_results.csv
107,86,2,low,high,505.0,0.90990990990991,Java_low_Java_high_results.csv
124,68,2,low,high,263.0,0.9228070175438596,Java_low_Java_high_results.csv
124,82,2,low,high,253.0,0.887719298245614,Java_low_Java_high_results.csv
124,69,2,low,high,282.0,0.9894736842105264,Java_low_Java_high_results.csv
124,123,2,low,high,261.0,0.9157894736842104,Java_low_Java_high_results.csv
126,1,2,low,high,283.0,0.8871473354231975,Java_low_Java_high_results.csv
124,87,2,low,high,270.0,0.9473684210526316,Java_low_Java_high_results.csv
124,178,2,low,high,263.0,0.9228070175438596,Java_low_Java_high_results.csv
126,26,2,low,high,280.0,0.877742946708464,Java_low_Java_high_results.csv
126,80,2,low,high,283.0,0.8871473354231975,Java_low_Java_high_results.csv
126,48,2,low,high,287.0,0.8996865203761756,Java_low_Java_high_results.csv
126,68,2,low,high,310.0,0.9717868338557992,Java_low_Java_high_results.csv
124,86,2,low,high,531.0,0.9567567567567568,Java_low_Java_high_results.csv
126,69,2,low,high,311.0,0.974921630094044,Java_low_Java_high_results.csv
126,82,2,low,high,281.0,0.8808777429467085,Java_low_Java_high_results.csv
128,1,2,low,high,227.0,0.934156378600823,Java_low_Java_high_results.csv
126,123,2,low,high,296.0,0.927899686520376,Java_low_Java_high_results.csv
126,87,2,low,high,308.0,0.9655172413793104,Java_low_Java_high_results.csv
128,26,2,low,high,230.0,0.9465020576131687,Java_low_Java_high_results.csv
128,80,2,low,high,231.0,0.9506172839506172,Java_low_Java_high_results.csv
126,178,2,low,high,300.0,0.9404388714733544,Java_low_Java_high_results.csv
128,48,2,low,high,235.0,0.9670781893004116,Java_low_Java_high_results.csv
128,68,2,low,high,222.0,0.9135802469135802,Java_low_Java_high_results.csv
128,69,2,low,high,255.0,0.897887323943662,Java_low_Java_high_results.csv
128,82,2,low,high,241.0,0.964,Java_low_Java_high_results.csv
128,123,2,low,high,228.0,0.9382716049382716,Java_low_Java_high_results.csv
128,87,2,low,high,229.0,0.9423868312757202,Java_low_Java_high_results.csv
126,86,2,low,high,527.0,0.9495495495495496,Java_low_Java_high_results.csv
132,1,2,low,high,376.0,0.9193154034229828,Java_low_Java_high_results.csv
128,178,2,low,high,225.0,0.925925925925926,Java_low_Java_high_results.csv
132,80,2,low,high,390.0,0.9535452322738386,Java_low_Java_high_results.csv
132,26,2,low,high,378.0,0.9242053789731052,Java_low_Java_high_results.csv
128,86,2,low,high,503.0,0.9063063063063064,Java_low_Java_high_results.csv
132,48,2,low,high,394.0,0.9633251833740832,Java_low_Java_high_results.csv
132,68,2,low,high,376.0,0.9193154034229828,Java_low_Java_high_results.csv
138,1,2,low,high,145.0,0.9006211180124224,Java_low_Java_high_results.csv
132,69,2,low,high,368.0,0.8997555012224939,Java_low_Java_high_results.csv
138,26,2,low,high,176.0,0.9723756906077348,Java_low_Java_high_results.csv
132,82,2,low,high,387.0,0.9462102689486552,Java_low_Java_high_results.csv
138,80,2,low,high,151.0,0.937888198757764,Java_low_Java_high_results.csv
132,87,2,low,high,391.0,0.9559902200488998,Java_low_Java_high_results.csv
138,48,2,low,high,178.0,0.89,Java_low_Java_high_results.csv
132,123,2,low,high,358.0,0.8753056234718827,Java_low_Java_high_results.csv
138,68,2,low,high,182.0,0.8465116279069768,Java_low_Java_high_results.csv
138,69,2,low,high,261.0,0.9190140845070424,Java_low_Java_high_results.csv
132,178,2,low,high,380.0,0.9290953545232272,Java_low_Java_high_results.csv
138,82,2,low,high,229.0,0.916,Java_low_Java_high_results.csv
138,123,2,low,high,160.0,0.8743169398907104,Java_low_Java_high_results.csv
138,87,2,low,high,200.0,0.8438818565400844,Java_low_Java_high_results.csv
138,178,2,low,high,199.0,0.8577586206896551,Java_low_Java_high_results.csv
140,1,2,low,high,184.0,0.8288288288288288,Java_low_Java_high_results.csv
140,80,2,low,high,204.0,0.918918918918919,Java_low_Java_high_results.csv
140,26,2,low,high,197.0,0.8873873873873874,Java_low_Java_high_results.csv
140,48,2,low,high,200.0,0.9009009009009008,Java_low_Java_high_results.csv
138,86,2,low,high,507.0,0.9135135135135136,Java_low_Java_high_results.csv
140,68,2,low,high,211.0,0.9504504504504504,Java_low_Java_high_results.csv
132,86,2,low,high,498.0,0.8972972972972973,Java_low_Java_high_results.csv
140,69,2,low,high,274.0,0.9647887323943662,Java_low_Java_high_results.csv
140,82,2,low,high,212.0,0.848,Java_low_Java_high_results.csv
162,1,2,low,high,242.0,0.9166666666666666,Java_low_Java_high_results.csv
140,87,2,low,high,217.0,0.9156118143459916,Java_low_Java_high_results.csv
140,123,2,low,high,210.0,0.945945945945946,Java_low_Java_high_results.csv
140,178,2,low,high,220.0,0.9482758620689656,Java_low_Java_high_results.csv
162,26,2,low,high,245.0,0.928030303030303,Java_low_Java_high_results.csv
162,80,2,low,high,254.0,0.9621212121212122,Java_low_Java_high_results.csv
162,48,2,low,high,247.0,0.9356060606060606,Java_low_Java_high_results.csv
162,68,2,low,high,237.0,0.8977272727272727,Java_low_Java_high_results.csv
140,86,2,low,high,533.0,0.9603603603603604,Java_low_Java_high_results.csv
162,69,2,low,high,270.0,0.9507042253521126,Java_low_Java_high_results.csv
162,82,2,low,high,250.0,0.946969696969697,Java_low_Java_high_results.csv
162,123,2,low,high,241.0,0.9128787878787878,Java_low_Java_high_results.csv
162,87,2,low,high,241.0,0.9128787878787878,Java_low_Java_high_results.csv
164,1,2,low,high,210.0,0.8936170212765957,Java_low_Java_high_results.csv
162,178,2,low,high,246.0,0.9318181818181818,Java_low_Java_high_results.csv
164,80,2,low,high,216.0,0.9191489361702128,Java_low_Java_high_results.csv
164,26,2,low,high,212.0,0.902127659574468,Java_low_Java_high_results.csv
164,48,2,low,high,197.0,0.8382978723404255,Java_low_Java_high_results.csv
164,68,2,low,high,220.0,0.9361702127659576,Java_low_Java_high_results.csv
164,69,2,low,high,264.0,0.9295774647887324,Java_low_Java_high_results.csv
164,82,2,low,high,230.0,0.92,Java_low_Java_high_results.csv
164,123,2,low,high,218.0,0.9276595744680852,Java_low_Java_high_results.csv
162,86,2,low,high,514.0,0.926126126126126,Java_low_Java_high_results.csv
164,87,2,low,high,223.0,0.940928270042194,Java_low_Java_high_results.csv
172,1,2,low,high,155.0,0.8908045977011494,Java_low_Java_high_results.csv
164,178,2,low,high,227.0,0.9659574468085106,Java_low_Java_high_results.csv
172,26,2,low,high,156.0,0.861878453038674,Java_low_Java_high_results.csv
172,48,2,low,high,186.0,0.93,Java_low_Java_high_results.csv
172,80,2,low,high,146.0,0.8390804597701149,Java_low_Java_high_results.csv
172,68,2,low,high,204.0,0.9488372093023256,Java_low_Java_high_results.csv
172,82,2,low,high,206.0,0.824,Java_low_Java_high_results.csv
172,123,2,low,high,176.0,0.9617486338797814,Java_low_Java_high_results.csv
172,69,2,low,high,260.0,0.9154929577464788,Java_low_Java_high_results.csv
172,178,2,low,high,216.0,0.9310344827586208,Java_low_Java_high_results.csv
164,86,2,low,high,529.0,0.9531531531531532,Java_low_Java_high_results.csv
172,87,2,low,high,221.0,0.9324894514767932,Java_low_Java_high_results.csv
176,80,2,low,high,485.0,0.9623015873015872,Java_low_Java_high_results.csv
176,1,2,low,high,478.0,0.9484126984126984,Java_low_Java_high_results.csv
172,86,2,low,high,520.0,0.9369369369369368,Java_low_Java_high_results.csv
176,26,2,low,high,472.0,0.9365079365079364,Java_low_Java_high_results.csv
176,48,2,low,high,478.0,0.9484126984126984,Java_low_Java_high_results.csv
176,68,2,low,high,466.0,0.9246031746031746,Java_low_Java_high_results.csv
176,82,2,low,high,467.0,0.9265873015873016,Java_low_Java_high_results.csv
176,123,2,low,high,436.0,0.8650793650793651,Java_low_Java_high_results.csv
179,1,2,low,high,331.0,0.8642297650130548,Java_low_Java_high_results.csv
176,69,2,low,high,443.0,0.878968253968254,Java_low_Java_high_results.csv
176,87,2,low,high,451.0,0.8948412698412699,Java_low_Java_high_results.csv
179,26,2,low,high,332.0,0.8668407310704961,Java_low_Java_high_results.csv
179,80,2,low,high,347.0,0.9060052219321147,Java_low_Java_high_results.csv
176,178,2,low,high,440.0,0.873015873015873,Java_low_Java_high_results.csv
179,48,2,low,high,299.0,0.7806788511749347,Java_low_Java_high_results.csv
179,68,2,low,high,360.0,0.9399477806788512,Java_low_Java_high_results.csv
180,1,2,low,high,141.0,0.8924050632911392,Java_low_Java_high_results.csv
179,69,2,low,high,361.0,0.9425587467362924,Java_low_Java_high_results.csv
179,82,2,low,high,315.0,0.8224543080939948,Java_low_Java_high_results.csv
179,87,2,low,high,360.0,0.9399477806788512,Java_low_Java_high_results.csv
180,26,2,low,high,148.0,0.8176795580110497,Java_low_Java_high_results.csv
179,123,2,low,high,356.0,0.929503916449086,Java_low_Java_high_results.csv
180,80,2,low,high,137.0,0.8670886075949367,Java_low_Java_high_results.csv
179,178,2,low,high,354.0,0.9242819843342036,Java_low_Java_high_results.csv
180,48,2,low,high,180.0,0.9,Java_low_Java_high_results.csv
180,68,2,low,high,202.0,0.9395348837209302,Java_low_Java_high_results.csv
180,69,2,low,high,265.0,0.9330985915492958,Java_low_Java_high_results.csv
180,82,2,low,high,209.0,0.836,Java_low_Java_high_results.csv
180,123,2,low,high,178.0,0.9726775956284152,Java_low_Java_high_results.csv
176,86,2,low,high,509.0,0.9171171171171172,Java_low_Java_high_results.csv
180,87,2,low,high,220.0,0.9282700421940928,Java_low_Java_high_results.csv
180,178,2,low,high,217.0,0.9353448275862069,Java_low_Java_high_results.csv
182,80,2,low,high,371.0,0.9275,Java_low_Java_high_results.csv
180,86,2,low,high,526.0,0.9477477477477476,Java_low_Java_high_results.csv
182,1,2,low,high,365.0,0.9125,Java_low_Java_high_results.csv
179,86,2,low,high,528.0,0.9513513513513514,Java_low_Java_high_results.csv
182,26,2,low,high,349.0,0.8725,Java_low_Java_high_results.csv
182,68,2,low,high,376.0,0.94,Java_low_Java_high_results.csv
182,48,2,low,high,351.0,0.8775,Java_low_Java_high_results.csv
182,69,2,low,high,383.0,0.9575,Java_low_Java_high_results.csv
183,1,2,low,high,246.0,0.8785714285714286,Java_low_Java_high_results.csv
182,123,2,low,high,369.0,0.9225,Java_low_Java_high_results.csv
183,26,2,low,high,244.0,0.8714285714285714,Java_low_Java_high_results.csv
182,82,2,low,high,341.0,0.8525,Java_low_Java_high_results.csv
182,87,2,low,high,372.0,0.93,Java_low_Java_high_results.csv
182,178,2,low,high,375.0,0.9375,Java_low_Java_high_results.csv
183,80,2,low,high,248.0,0.8857142857142857,Java_low_Java_high_results.csv
183,48,2,low,high,242.0,0.8642857142857143,Java_low_Java_high_results.csv
183,68,2,low,high,255.0,0.9107142857142856,Java_low_Java_high_results.csv
186,1,2,low,high,205.0,0.8951965065502183,Java_low_Java_high_results.csv
183,82,2,low,high,257.0,0.9178571428571428,Java_low_Java_high_results.csv
183,69,2,low,high,277.0,0.9753521126760564,Java_low_Java_high_results.csv
183,123,2,low,high,260.0,0.9285714285714286,Java_low_Java_high_results.csv
183,87,2,low,high,250.0,0.8928571428571429,Java_low_Java_high_results.csv
183,178,2,low,high,263.0,0.9392857142857144,Java_low_Java_high_results.csv
186,80,2,low,high,215.0,0.9388646288209608,Java_low_Java_high_results.csv
186,26,2,low,high,219.0,0.9563318777292577,Java_low_Java_high_results.csv
186,48,2,low,high,216.0,0.9432314410480348,Java_low_Java_high_results.csv
182,86,2,low,high,544.0,0.9801801801801802,Java_low_Java_high_results.csv
186,68,2,low,high,203.0,0.8864628820960698,Java_low_Java_high_results.csv
186,82,2,low,high,238.0,0.952,Java_low_Java_high_results.csv
186,69,2,low,high,253.0,0.8908450704225352,Java_low_Java_high_results.csv
200,1,2,low,high,161.0,0.9096045197740112,Java_low_Java_high_results.csv
183,86,2,low,high,535.0,0.963963963963964,Java_low_Java_high_results.csv
186,123,2,low,high,212.0,0.925764192139738,Java_low_Java_high_results.csv
186,87,2,low,high,223.0,0.940928270042194,Java_low_Java_high_results.csv
186,178,2,low,high,208.0,0.896551724137931,Java_low_Java_high_results.csv
200,80,2,low,high,156.0,0.8813559322033898,Java_low_Java_high_results.csv
200,26,2,low,high,167.0,0.9226519337016574,Java_low_Java_high_results.csv
200,48,2,low,high,171.0,0.855,Java_low_Java_high_results.csv
200,68,2,low,high,208.0,0.9674418604651164,Java_low_Java_high_results.csv
200,82,2,low,high,209.0,0.836,Java_low_Java_high_results.csv
200,69,2,low,high,266.0,0.9366197183098592,Java_low_Java_high_results.csv
200,123,2,low,high,180.0,0.9836065573770492,Java_low_Java_high_results.csv
200,87,2,low,high,215.0,0.9071729957805909,Java_low_Java_high_results.csv
200,178,2,low,high,220.0,0.9482758620689656,Java_low_Java_high_results.csv
186,86,2,low,high,485.0,0.8738738738738738,Java_low_Java_high_results.csv
200,86,2,low,high,534.0,0.9621621621621622,Java_low_Java_high_results.csv
6,48,2,medium,high,189.0,0.945,Java_medium_Java_high_results.csv
4,48,2,medium,high,198.0,0.9705882352941176,Java_medium_Java_high_results.csv
14,1,2,medium,high,145.0,0.9235668789808916,Java_medium_Java_high_results.csv
4,1,2,medium,high,186.0,0.9117647058823528,Java_medium_Java_high_results.csv
4,69,2,medium,high,264.0,0.9295774647887324,Java_medium_Java_high_results.csv
14,123,2,medium,high,166.0,0.907103825136612,Java_medium_Java_high_results.csv
6,178,2,medium,high,194.0,0.8362068965517241,Java_medium_Java_high_results.csv
4,26,2,medium,high,194.0,0.9509803921568628,Java_medium_Java_high_results.csv
4,87,2,medium,high,210.0,0.8860759493670886,Java_medium_Java_high_results.csv
4,123,2,medium,high,190.0,0.931372549019608,Java_medium_Java_high_results.csv
6,87,2,medium,high,209.0,0.8818565400843882,Java_medium_Java_high_results.csv
6,69,2,medium,high,253.0,0.8908450704225352,Java_medium_Java_high_results.csv
14,68,2,medium,high,185.0,0.8604651162790697,Java_medium_Java_high_results.csv
6,1,2,medium,high,129.0,0.9699248120300752,Java_medium_Java_high_results.csv
14,87,2,medium,high,213.0,0.8987341772151899,Java_medium_Java_high_results.csv
4,82,2,medium,high,229.0,0.916,Java_medium_Java_high_results.csv
14,86,2,medium,high,506.0,0.9117117117117116,Java_medium_Java_high_results.csv
6,123,2,medium,high,173.0,0.9453551912568308,Java_medium_Java_high_results.csv
14,69,2,medium,high,236.0,0.8309859154929577,Java_medium_Java_high_results.csv
4,80,2,medium,high,194.0,0.9509803921568628,Java_medium_Java_high_results.csv
6,86,2,medium,high,496.0,0.8936936936936937,Java_medium_Java_high_results.csv
4,68,2,medium,high,206.0,0.958139534883721,Java_medium_Java_high_results.csv
4,178,2,medium,high,212.0,0.913793103448276,Java_medium_Java_high_results.csv
14,82,2,medium,high,236.0,0.944,Java_medium_Java_high_results.csv
6,26,2,medium,high,173.0,0.9558011049723756,Java_medium_Java_high_results.csv
6,82,2,medium,high,230.0,0.92,Java_medium_Java_high_results.csv
14,80,2,medium,high,151.0,0.961783439490446,Java_medium_Java_high_results.csv
14,48,2,medium,high,192.0,0.96,Java_medium_Java_high_results.csv
4,86,2,medium,high,515.0,0.927927927927928,Java_medium_Java_high_results.csv
6,80,2,medium,high,123.0,0.9609375,Java_medium_Java_high_results.csv
6,68,2,medium,high,175.0,0.813953488372093,Java_medium_Java_high_results.csv
14,26,2,medium,high,174.0,0.9613259668508288,Java_medium_Java_high_results.csv
15,80,2,medium,high,169.0,0.9337016574585636,Java_medium_Java_high_results.csv
15,1,2,medium,high,160.0,0.8839779005524862,Java_medium_Java_high_results.csv
15,26,2,medium,high,181.0,1.0,Java_medium_Java_high_results.csv
14,178,2,medium,high,203.0,0.875,Java_medium_Java_high_results.csv
15,48,2,medium,high,188.0,0.94,Java_medium_Java_high_results.csv
15,68,2,medium,high,200.0,0.9302325581395348,Java_medium_Java_high_results.csv
15,82,2,medium,high,230.0,0.92,Java_medium_Java_high_results.csv
15,69,2,medium,high,254.0,0.8943661971830986,Java_medium_Java_high_results.csv
16,1,2,medium,high,199.0,0.9255813953488372,Java_medium_Java_high_results.csv
15,123,2,medium,high,180.0,0.9836065573770492,Java_medium_Java_high_results.csv
15,87,2,medium,high,216.0,0.9113924050632912,Java_medium_Java_high_results.csv
16,26,2,medium,high,201.0,0.9348837209302324,Java_medium_Java_high_results.csv
15,178,2,medium,high,218.0,0.9396551724137931,Java_medium_Java_high_results.csv
16,80,2,medium,high,207.0,0.9627906976744186,Java_medium_Java_high_results.csv
16,48,2,medium,high,211.0,0.9813953488372092,Java_medium_Java_high_results.csv
16,68,2,medium,high,206.0,0.958139534883721,Java_medium_Java_high_results.csv
15,86,2,medium,high,499.0,0.8990990990990991,Java_medium_Java_high_results.csv
16,82,2,medium,high,234.0,0.936,Java_medium_Java_high_results.csv
16,87,2,medium,high,215.0,0.9071729957805909,Java_medium_Java_high_results.csv
16,69,2,medium,high,246.0,0.8661971830985915,Java_medium_Java_high_results.csv
16,123,2,medium,high,201.0,0.9348837209302324,Java_medium_Java_high_results.csv
17,1,2,medium,high,206.0,0.9406392694063926,Java_medium_Java_high_results.csv
16,178,2,medium,high,213.0,0.918103448275862,Java_medium_Java_high_results.csv
17,80,2,medium,high,211.0,0.9634703196347032,Java_medium_Java_high_results.csv
17,26,2,medium,high,210.0,0.958904109589041,Java_medium_Java_high_results.csv
17,48,2,medium,high,204.0,0.9315068493150684,Java_medium_Java_high_results.csv
17,68,2,medium,high,203.0,0.9269406392694064,Java_medium_Java_high_results.csv
17,82,2,medium,high,235.0,0.94,Java_medium_Java_high_results.csv
16,86,2,medium,high,504.0,0.9081081081081082,Java_medium_Java_high_results.csv
17,69,2,medium,high,266.0,0.9366197183098592,Java_medium_Java_high_results.csv
17,123,2,medium,high,185.0,0.8447488584474886,Java_medium_Java_high_results.csv
17,87,2,medium,high,214.0,0.9029535864978904,Java_medium_Java_high_results.csv
18,1,2,medium,high,264.0,0.8741721854304636,Java_medium_Java_high_results.csv
17,178,2,medium,high,210.0,0.9051724137931034,Java_medium_Java_high_results.csv
18,80,2,medium,high,277.0,0.9172185430463576,Java_medium_Java_high_results.csv
18,48,2,medium,high,256.0,0.847682119205298,Java_medium_Java_high_results.csv
18,26,2,medium,high,260.0,0.8609271523178808,Java_medium_Java_high_results.csv
17,86,2,medium,high,508.0,0.9153153153153152,Java_medium_Java_high_results.csv
18,68,2,medium,high,284.0,0.9403973509933776,Java_medium_Java_high_results.csv
18,69,2,medium,high,294.0,0.9735099337748344,Java_medium_Java_high_results.csv
20,1,2,medium,high,190.0,0.945273631840796,Java_medium_Java_high_results.csv
18,87,2,medium,high,281.0,0.9304635761589404,Java_medium_Java_high_results.csv
18,82,2,medium,high,252.0,0.8344370860927153,Java_medium_Java_high_results.csv
20,26,2,medium,high,196.0,0.9751243781094528,Java_medium_Java_high_results.csv
18,123,2,medium,high,284.0,0.9403973509933776,Java_medium_Java_high_results.csv
18,178,2,medium,high,283.0,0.9370860927152318,Java_medium_Java_high_results.csv
20,80,2,medium,high,191.0,0.9502487562189056,Java_medium_Java_high_results.csv
20,48,2,medium,high,198.0,0.9850746268656716,Java_medium_Java_high_results.csv
20,68,2,medium,high,202.0,0.9395348837209302,Java_medium_Java_high_results.csv
20,82,2,medium,high,239.0,0.956,Java_medium_Java_high_results.csv
20,69,2,medium,high,256.0,0.9014084507042254,Java_medium_Java_high_results.csv
20,123,2,medium,high,187.0,0.9303482587064676,Java_medium_Java_high_results.csv
24,1,2,medium,high,186.0,0.8942307692307693,Java_medium_Java_high_results.csv
20,87,2,medium,high,214.0,0.9029535864978904,Java_medium_Java_high_results.csv
20,178,2,medium,high,208.0,0.896551724137931,Java_medium_Java_high_results.csv
24,80,2,medium,high,188.0,0.903846153846154,Java_medium_Java_high_results.csv
18,86,2,medium,high,534.0,0.9621621621621622,Java_medium_Java_high_results.csv
24,26,2,medium,high,195.0,0.9375,Java_medium_Java_high_results.csv
24,48,2,medium,high,191.0,0.9182692307692308,Java_medium_Java_high_results.csv
24,68,2,medium,high,212.0,0.986046511627907,Java_medium_Java_high_results.csv
20,86,2,medium,high,516.0,0.9297297297297298,Java_medium_Java_high_results.csv
24,82,2,medium,high,227.0,0.908,Java_medium_Java_high_results.csv
24,69,2,medium,high,276.0,0.971830985915493,Java_medium_Java_high_results.csv
24,87,2,medium,high,222.0,0.9367088607594936,Java_medium_Java_high_results.csv
24,123,2,medium,high,199.0,0.9567307692307692,Java_medium_Java_high_results.csv
24,178,2,medium,high,222.0,0.956896551724138,Java_medium_Java_high_results.csv
25,1,2,medium,high,334.0,0.9226519337016574,Java_medium_Java_high_results.csv
25,80,2,medium,high,347.0,0.9585635359116024,Java_medium_Java_high_results.csv
25,26,2,medium,high,336.0,0.9281767955801103,Java_medium_Java_high_results.csv
25,48,2,medium,high,354.0,0.9779005524861878,Java_medium_Java_high_results.csv
24,86,2,medium,high,536.0,0.9657657657657658,Java_medium_Java_high_results.csv
25,68,2,medium,high,314.0,0.8674033149171271,Java_medium_Java_high_results.csv
32,1,2,medium,high,138.0,0.9857142857142858,Java_medium_Java_high_results.csv
32,26,2,medium,high,173.0,0.9558011049723756,Java_medium_Java_high_results.csv
25,82,2,medium,high,342.0,0.9447513812154696,Java_medium_Java_high_results.csv
25,69,2,medium,high,314.0,0.8674033149171271,Java_medium_Java_high_results.csv
25,123,2,medium,high,327.0,0.9033149171270718,Java_medium_Java_high_results.csv
32,80,2,medium,high,133.0,0.95,Java_medium_Java_high_results.csv
32,48,2,medium,high,183.0,0.915,Java_medium_Java_high_results.csv
25,87,2,medium,high,335.0,0.925414364640884,Java_medium_Java_high_results.csv
32,68,2,medium,high,190.0,0.8837209302325582,Java_medium_Java_high_results.csv
32,69,2,medium,high,238.0,0.8380281690140845,Java_medium_Java_high_results.csv
25,178,2,medium,high,312.0,0.861878453038674,Java_medium_Java_high_results.csv
32,82,2,medium,high,232.0,0.928,Java_medium_Java_high_results.csv
32,123,2,medium,high,171.0,0.9344262295081968,Java_medium_Java_high_results.csv
32,87,2,medium,high,195.0,0.8227848101265823,Java_medium_Java_high_results.csv
32,178,2,medium,high,192.0,0.8275862068965517,Java_medium_Java_high_results.csv
33,1,2,medium,high,204.0,0.796875,Java_medium_Java_high_results.csv
33,80,2,medium,high,226.0,0.8828125,Java_medium_Java_high_results.csv
32,86,2,medium,high,516.0,0.9297297297297298,Java_medium_Java_high_results.csv
33,26,2,medium,high,215.0,0.83984375,Java_medium_Java_high_results.csv
33,48,2,medium,high,227.0,0.88671875,Java_medium_Java_high_results.csv
33,68,2,medium,high,242.0,0.9453125,Java_medium_Java_high_results.csv
25,86,2,medium,high,491.0,0.8846846846846846,Java_medium_Java_high_results.csv
33,69,2,medium,high,271.0,0.954225352112676,Java_medium_Java_high_results.csv
40,1,2,medium,high,170.0,0.9550561797752808,Java_medium_Java_high_results.csv
33,82,2,medium,high,235.0,0.91796875,Java_medium_Java_high_results.csv
33,123,2,medium,high,243.0,0.94921875,Java_medium_Java_high_results.csv
33,87,2,medium,high,247.0,0.96484375,Java_medium_Java_high_results.csv
40,26,2,medium,high,178.0,0.9834254143646408,Java_medium_Java_high_results.csv
40,80,2,medium,high,169.0,0.949438202247191,Java_medium_Java_high_results.csv
33,178,2,medium,high,243.0,0.94921875,Java_medium_Java_high_results.csv
40,48,2,medium,high,187.0,0.935,Java_medium_Java_high_results.csv
40,68,2,medium,high,198.0,0.9209302325581395,Java_medium_Java_high_results.csv
40,69,2,medium,high,256.0,0.9014084507042254,Java_medium_Java_high_results.csv
42,1,2,medium,high,108.0,0.8120300751879699,Java_medium_Java_high_results.csv
40,82,2,medium,high,233.0,0.932,Java_medium_Java_high_results.csv
40,123,2,medium,high,176.0,0.9617486338797814,Java_medium_Java_high_results.csv
40,87,2,medium,high,204.0,0.8607594936708861,Java_medium_Java_high_results.csv
40,178,2,medium,high,192.0,0.8275862068965517,Java_medium_Java_high_results.csv
42,26,2,medium,high,162.0,0.8950276243093923,Java_medium_Java_high_results.csv
42,80,2,medium,high,96.0,0.8571428571428571,Java_medium_Java_high_results.csv
42,48,2,medium,high,175.0,0.875,Java_medium_Java_high_results.csv
42,68,2,medium,high,195.0,0.9069767441860463,Java_medium_Java_high_results.csv
42,69,2,medium,high,272.0,0.9577464788732394,Java_medium_Java_high_results.csv
33,86,2,medium,high,522.0,0.9405405405405406,Java_medium_Java_high_results.csv
42,82,2,medium,high,218.0,0.872,Java_medium_Java_high_results.csv
42,87,2,medium,high,211.0,0.890295358649789,Java_medium_Java_high_results.csv
42,123,2,medium,high,170.0,0.9289617486338798,Java_medium_Java_high_results.csv
42,178,2,medium,high,212.0,0.913793103448276,Java_medium_Java_high_results.csv
40,86,2,medium,high,524.0,0.9441441441441442,Java_medium_Java_high_results.csv
42,86,2,medium,high,537.0,0.9675675675675676,Java_medium_Java_high_results.csv
50,80,2,medium,high,291.0,0.8953846153846153,Java_medium_Java_high_results.csv
50,1,2,medium,high,296.0,0.9107692307692308,Java_medium_Java_high_results.csv
50,26,2,medium,high,295.0,0.9076923076923076,Java_medium_Java_high_results.csv
50,48,2,medium,high,296.0,0.9107692307692308,Java_medium_Java_high_results.csv
50,68,2,medium,high,316.0,0.9723076923076924,Java_medium_Java_high_results.csv
51,1,2,medium,high,114.0,0.8571428571428571,Java_medium_Java_high_results.csv
51,26,2,medium,high,159.0,0.8784530386740331,Java_medium_Java_high_results.csv
50,82,2,medium,high,305.0,0.9384615384615383,Java_medium_Java_high_results.csv
51,48,2,medium,high,160.0,0.8,Java_medium_Java_high_results.csv
50,69,2,medium,high,314.0,0.966153846153846,Java_medium_Java_high_results.csv
50,123,2,medium,high,309.0,0.9507692307692308,Java_medium_Java_high_results.csv
51,80,2,medium,high,84.0,0.9333333333333332,Java_medium_Java_high_results.csv
51,68,2,medium,high,202.0,0.9395348837209302,Java_medium_Java_high_results.csv
50,87,2,medium,high,312.0,0.96,Java_medium_Java_high_results.csv
51,82,2,medium,high,211.0,0.844,Java_medium_Java_high_results.csv
51,69,2,medium,high,276.0,0.971830985915493,Java_medium_Java_high_results.csv
51,87,2,medium,high,214.0,0.9029535864978904,Java_medium_Java_high_results.csv
51,123,2,medium,high,170.0,0.9289617486338798,Java_medium_Java_high_results.csv
50,178,2,medium,high,312.0,0.96,Java_medium_Java_high_results.csv
51,178,2,medium,high,215.0,0.9267241379310344,Java_medium_Java_high_results.csv
53,1,2,medium,high,161.0,0.930635838150289,Java_medium_Java_high_results.csv
53,80,2,medium,high,162.0,0.9364161849710982,Java_medium_Java_high_results.csv
51,86,2,medium,high,534.0,0.9621621621621622,Java_medium_Java_high_results.csv
53,26,2,medium,high,178.0,0.9834254143646408,Java_medium_Java_high_results.csv
53,48,2,medium,high,192.0,0.96,Java_medium_Java_high_results.csv
53,68,2,medium,high,194.0,0.9023255813953488,Java_medium_Java_high_results.csv
53,69,2,medium,high,254.0,0.8943661971830986,Java_medium_Java_high_results.csv
53,123,2,medium,high,175.0,0.9562841530054644,Java_medium_Java_high_results.csv
53,82,2,medium,high,233.0,0.932,Java_medium_Java_high_results.csv
53,87,2,medium,high,219.0,0.9240506329113924,Java_medium_Java_high_results.csv
54,1,2,medium,high,126.0,0.8689655172413793,Java_medium_Java_high_results.csv
53,178,2,medium,high,213.0,0.918103448275862,Java_medium_Java_high_results.csv
50,86,2,medium,high,535.0,0.963963963963964,Java_medium_Java_high_results.csv
54,80,2,medium,high,131.0,0.903448275862069,Java_medium_Java_high_results.csv
54,26,2,medium,high,165.0,0.9116022099447514,Java_medium_Java_high_results.csv
54,48,2,medium,high,171.0,0.855,Java_medium_Java_high_results.csv
54,68,2,medium,high,199.0,0.9255813953488372,Java_medium_Java_high_results.csv
54,82,2,medium,high,213.0,0.852,Java_medium_Java_high_results.csv
54,69,2,medium,high,275.0,0.9683098591549296,Java_medium_Java_high_results.csv
54,87,2,medium,high,216.0,0.9113924050632912,Java_medium_Java_high_results.csv
54,123,2,medium,high,168.0,0.918032786885246,Java_medium_Java_high_results.csv
53,86,2,medium,high,514.0,0.926126126126126,Java_medium_Java_high_results.csv
54,178,2,medium,high,213.0,0.918103448275862,Java_medium_Java_high_results.csv
55,1,2,medium,high,355.0,0.9125964010282775,Java_medium_Java_high_results.csv
55,80,2,medium,high,370.0,0.9511568123393316,Java_medium_Java_high_results.csv
54,86,2,medium,high,536.0,0.9657657657657658,Java_medium_Java_high_results.csv
55,26,2,medium,high,362.0,0.9305912596401028,Java_medium_Java_high_results.csv
55,68,2,medium,high,342.0,0.8791773778920309,Java_medium_Java_high_results.csv
55,48,2,medium,high,357.0,0.9177377892030848,Java_medium_Java_high_results.csv
57,1,2,medium,high,122.0,0.9172932330827068,Java_medium_Java_high_results.csv
57,26,2,medium,high,168.0,0.9281767955801103,Java_medium_Java_high_results.csv
57,48,2,medium,high,180.0,0.9,Java_medium_Java_high_results.csv
55,69,2,medium,high,341.0,0.8766066838046273,Java_medium_Java_high_results.csv
55,82,2,medium,high,355.0,0.9125964010282775,Java_medium_Java_high_results.csv
57,68,2,medium,high,201.0,0.9348837209302324,Java_medium_Java_high_results.csv
55,123,2,medium,high,336.0,0.8637532133676092,Java_medium_Java_high_results.csv
57,80,2,medium,high,85.0,0.9883720930232558,Java_medium_Java_high_results.csv
55,87,2,medium,high,323.0,0.8303341902313625,Java_medium_Java_high_results.csv
57,69,2,medium,high,263.0,0.926056338028169,Java_medium_Java_high_results.csv
57,82,2,medium,high,226.0,0.904,Java_medium_Java_high_results.csv
57,87,2,medium,high,215.0,0.9071729957805909,Java_medium_Java_high_results.csv
57,123,2,medium,high,159.0,0.8688524590163934,Java_medium_Java_high_results.csv
57,178,2,medium,high,217.0,0.9353448275862069,Java_medium_Java_high_results.csv
55,178,2,medium,high,338.0,0.8688946015424165,Java_medium_Java_high_results.csv
58,1,2,medium,high,136.0,0.8774193548387097,Java_medium_Java_high_results.csv
58,80,2,medium,high,141.0,0.9096774193548388,Java_medium_Java_high_results.csv
58,26,2,medium,high,163.0,0.9005524861878453,Java_medium_Java_high_results.csv
57,86,2,medium,high,513.0,0.9243243243243244,Java_medium_Java_high_results.csv
58,48,2,medium,high,168.0,0.84,Java_medium_Java_high_results.csv
58,68,2,medium,high,199.0,0.9255813953488372,Java_medium_Java_high_results.csv
58,69,2,medium,high,266.0,0.9366197183098592,Java_medium_Java_high_results.csv
58,123,2,medium,high,178.0,0.9726775956284152,Java_medium_Java_high_results.csv
58,82,2,medium,high,205.0,0.82,Java_medium_Java_high_results.csv
61,1,2,medium,high,171.0,0.8181818181818182,Java_medium_Java_high_results.csv
58,87,2,medium,high,213.0,0.8987341772151899,Java_medium_Java_high_results.csv
58,178,2,medium,high,202.0,0.8706896551724138,Java_medium_Java_high_results.csv
61,80,2,medium,high,184.0,0.8803827751196173,Java_medium_Java_high_results.csv
61,26,2,medium,high,176.0,0.8421052631578947,Java_medium_Java_high_results.csv
61,48,2,medium,high,182.0,0.8708133971291866,Java_medium_Java_high_results.csv
55,86,2,medium,high,511.0,0.9207207207207208,Java_medium_Java_high_results.csv
61,68,2,medium,high,205.0,0.9534883720930232,Java_medium_Java_high_results.csv
58,86,2,medium,high,524.0,0.9441441441441442,Java_medium_Java_high_results.csv
61,69,2,medium,high,276.0,0.971830985915493,Java_medium_Java_high_results.csv
61,82,2,medium,high,200.0,0.8,Java_medium_Java_high_results.csv
62,1,2,medium,high,129.0,0.9416058394160584,Java_medium_Java_high_results.csv
61,87,2,medium,high,217.0,0.9156118143459916,Java_medium_Java_high_results.csv
62,26,2,medium,high,171.0,0.9447513812154696,Java_medium_Java_high_results.csv
61,123,2,medium,high,199.0,0.9521531100478468,Java_medium_Java_high_results.csv
62,80,2,medium,high,133.0,0.9708029197080292,Java_medium_Java_high_results.csv
61,178,2,medium,high,214.0,0.9224137931034484,Java_medium_Java_high_results.csv
62,48,2,medium,high,187.0,0.935,Java_medium_Java_high_results.csv
62,68,2,medium,high,177.0,0.8232558139534883,Java_medium_Java_high_results.csv
66,1,2,medium,high,126.0,0.9473684210526316,Java_medium_Java_high_results.csv
62,69,2,medium,high,244.0,0.8591549295774648,Java_medium_Java_high_results.csv
62,82,2,medium,high,230.0,0.92,Java_medium_Java_high_results.csv
62,123,2,medium,high,169.0,0.9234972677595628,Java_medium_Java_high_results.csv
66,26,2,medium,high,166.0,0.9171270718232044,Java_medium_Java_high_results.csv
66,48,2,medium,high,179.0,0.895,Java_medium_Java_high_results.csv
62,87,2,medium,high,209.0,0.8818565400843882,Java_medium_Java_high_results.csv
62,178,2,medium,high,204.0,0.8793103448275862,Java_medium_Java_high_results.csv
66,80,2,medium,high,77.0,0.927710843373494,Java_medium_Java_high_results.csv
66,68,2,medium,high,208.0,0.9674418604651164,Java_medium_Java_high_results.csv
66,69,2,medium,high,278.0,0.9788732394366196,Java_medium_Java_high_results.csv
66,82,2,medium,high,229.0,0.916,Java_medium_Java_high_results.csv
61,86,2,medium,high,532.0,0.9585585585585584,Java_medium_Java_high_results.csv
66,123,2,medium,high,177.0,0.9672131147540984,Java_medium_Java_high_results.csv
66,87,2,medium,high,226.0,0.9535864978902954,Java_medium_Java_high_results.csv
66,178,2,medium,high,225.0,0.9698275862068966,Java_medium_Java_high_results.csv
66,86,2,medium,high,544.0,0.9801801801801802,Java_medium_Java_high_results.csv
62,86,2,medium,high,503.0,0.9063063063063064,Java_medium_Java_high_results.csv
72,80,2,medium,high,295.0,0.9021406727828746,Java_medium_Java_high_results.csv
72,1,2,medium,high,281.0,0.8593272171253823,Java_medium_Java_high_results.csv
72,26,2,medium,high,292.0,0.8929663608562691,Java_medium_Java_high_results.csv
72,48,2,medium,high,283.0,0.8654434250764526,Java_medium_Java_high_results.csv
72,68,2,medium,high,305.0,0.9327217125382264,Java_medium_Java_high_results.csv
72,69,2,medium,high,316.0,0.9663608562691132,Java_medium_Java_high_results.csv
72,82,2,medium,high,276.0,0.8440366972477065,Java_medium_Java_high_results.csv
72,123,2,medium,high,304.0,0.9296636085626911,Java_medium_Java_high_results.csv
73,1,2,medium,high,271.0,0.8041543026706232,Java_medium_Java_high_results.csv
72,87,2,medium,high,297.0,0.908256880733945,Java_medium_Java_high_results.csv
72,178,2,medium,high,301.0,0.9204892966360856,Java_medium_Java_high_results.csv
73,80,2,medium,high,309.0,0.9169139465875372,Java_medium_Java_high_results.csv
73,26,2,medium,high,300.0,0.8902077151335311,Java_medium_Java_high_results.csv
73,48,2,medium,high,305.0,0.9050445103857568,Java_medium_Java_high_results.csv
73,68,2,medium,high,311.0,0.9228486646884272,Java_medium_Java_high_results.csv
72,86,2,medium,high,535.0,0.963963963963964,Java_medium_Java_high_results.csv
73,69,2,medium,high,326.0,0.9673590504451038,Java_medium_Java_high_results.csv
73,123,2,medium,high,307.0,0.9109792284866468,Java_medium_Java_high_results.csv
73,82,2,medium,high,297.0,0.8813056379821959,Java_medium_Java_high_results.csv
73,87,2,medium,high,314.0,0.9317507418397626,Java_medium_Java_high_results.csv
75,1,2,medium,high,241.0,0.8607142857142858,Java_medium_Java_high_results.csv
75,80,2,medium,high,254.0,0.9071428571428573,Java_medium_Java_high_results.csv
73,178,2,medium,high,307.0,0.9109792284866468,Java_medium_Java_high_results.csv
75,26,2,medium,high,241.0,0.8607142857142858,Java_medium_Java_high_results.csv
75,48,2,medium,high,258.0,0.9214285714285714,Java_medium_Java_high_results.csv
75,68,2,medium,high,267.0,0.9535714285714286,Java_medium_Java_high_results.csv
75,69,2,medium,high,282.0,0.9929577464788732,Java_medium_Java_high_results.csv
75,82,2,medium,high,247.0,0.8821428571428571,Java_medium_Java_high_results.csv
73,86,2,medium,high,524.0,0.9441441441441442,Java_medium_Java_high_results.csv
75,123,2,medium,high,268.0,0.9571428571428572,Java_medium_Java_high_results.csv
81,1,2,medium,high,262.0,0.8478964401294499,Java_medium_Java_high_results.csv
75,87,2,medium,high,266.0,0.95,Java_medium_Java_high_results.csv
75,178,2,medium,high,268.0,0.9571428571428572,Java_medium_Java_high_results.csv
81,80,2,medium,high,280.0,0.906148867313916,Java_medium_Java_high_results.csv
81,26,2,medium,high,251.0,0.8122977346278317,Java_medium_Java_high_results.csv
81,48,2,medium,high,243.0,0.7864077669902912,Java_medium_Java_high_results.csv
81,68,2,medium,high,285.0,0.9223300970873788,Java_medium_Java_high_results.csv
81,82,2,medium,high,256.0,0.8284789644012945,Java_medium_Java_high_results.csv
81,123,2,medium,high,276.0,0.8932038834951457,Java_medium_Java_high_results.csv
81,69,2,medium,high,297.0,0.9611650485436892,Java_medium_Java_high_results.csv
75,86,2,medium,high,524.0,0.9441441441441442,Java_medium_Java_high_results.csv
83,1,2,medium,high,271.0,0.865814696485623,Java_medium_Java_high_results.csv
81,87,2,medium,high,278.0,0.8996763754045307,Java_medium_Java_high_results.csv
81,178,2,medium,high,287.0,0.9288025889967636,Java_medium_Java_high_results.csv
83,80,2,medium,high,288.0,0.9201277955271564,Java_medium_Java_high_results.csv
83,26,2,medium,high,273.0,0.8722044728434505,Java_medium_Java_high_results.csv
83,48,2,medium,high,282.0,0.9009584664536742,Java_medium_Java_high_results.csv
83,68,2,medium,high,293.0,0.9361022364217252,Java_medium_Java_high_results.csv
83,69,2,medium,high,303.0,0.9680511182108626,Java_medium_Java_high_results.csv
81,86,2,medium,high,536.0,0.9657657657657658,Java_medium_Java_high_results.csv
83,82,2,medium,high,275.0,0.8785942492012779,Java_medium_Java_high_results.csv
83,123,2,medium,high,294.0,0.939297124600639,Java_medium_Java_high_results.csv
84,1,2,medium,high,209.0,0.8326693227091634,Java_medium_Java_high_results.csv
83,87,2,medium,high,298.0,0.952076677316294,Java_medium_Java_high_results.csv
84,80,2,medium,high,227.0,0.904382470119522,Java_medium_Java_high_results.csv
84,26,2,medium,high,222.0,0.8844621513944223,Java_medium_Java_high_results.csv
83,178,2,medium,high,289.0,0.9233226837060704,Java_medium_Java_high_results.csv
84,48,2,medium,high,214.0,0.852589641434263,Java_medium_Java_high_results.csv
84,68,2,medium,high,238.0,0.9482071713147412,Java_medium_Java_high_results.csv
88,1,2,medium,high,128.0,0.962406015037594,Java_medium_Java_high_results.csv
84,82,2,medium,high,228.0,0.9083665338645418,Java_medium_Java_high_results.csv
84,69,2,medium,high,275.0,0.9683098591549296,Java_medium_Java_high_results.csv
84,123,2,medium,high,238.0,0.9482071713147412,Java_medium_Java_high_results.csv
88,26,2,medium,high,174.0,0.9613259668508288,Java_medium_Java_high_results.csv
88,48,2,medium,high,194.0,0.97,Java_medium_Java_high_results.csv
88,80,2,medium,high,81.0,0.9759036144578314,Java_medium_Java_high_results.csv
88,68,2,medium,high,198.0,0.9209302325581395,Java_medium_Java_high_results.csv
84,87,2,medium,high,243.0,0.9681274900398408,Java_medium_Java_high_results.csv
88,69,2,medium,high,259.0,0.9119718309859156,Java_medium_Java_high_results.csv
84,178,2,medium,high,238.0,0.9482071713147412,Java_medium_Java_high_results.csv
83,86,2,medium,high,538.0,0.9693693693693692,Java_medium_Java_high_results.csv
88,82,2,medium,high,241.0,0.964,Java_medium_Java_high_results.csv
88,123,2,medium,high,170.0,0.9289617486338798,Java_medium_Java_high_results.csv
88,87,2,medium,high,221.0,0.9324894514767932,Java_medium_Java_high_results.csv
88,178,2,medium,high,212.0,0.913793103448276,Java_medium_Java_high_results.csv
88,86,2,medium,high,530.0,0.954954954954955,Java_medium_Java_high_results.csv
89,80,2,medium,high,383.0,0.916267942583732,Java_medium_Java_high_results.csv
89,1,2,medium,high,372.0,0.8899521531100478,Java_medium_Java_high_results.csv
84,86,2,medium,high,527.0,0.9495495495495496,Java_medium_Java_high_results.csv
89,26,2,medium,high,363.0,0.868421052631579,Java_medium_Java_high_results.csv
89,48,2,medium,high,368.0,0.8803827751196173,Java_medium_Java_high_results.csv
89,68,2,medium,high,394.0,0.9425837320574164,Java_medium_Java_high_results.csv
91,1,2,medium,high,193.0,0.8616071428571429,Java_medium_Java_high_results.csv
89,82,2,medium,high,357.0,0.854066985645933,Java_medium_Java_high_results.csv
89,69,2,medium,high,401.0,0.9593301435406698,Java_medium_Java_high_results.csv
89,123,2,medium,high,391.0,0.9354066985645934,Java_medium_Java_high_results.csv
91,26,2,medium,high,195.0,0.8705357142857143,Java_medium_Java_high_results.csv
89,87,2,medium,high,392.0,0.937799043062201,Java_medium_Java_high_results.csv
91,80,2,medium,high,201.0,0.8973214285714286,Java_medium_Java_high_results.csv
91,48,2,medium,high,182.0,0.8125,Java_medium_Java_high_results.csv
89,178,2,medium,high,393.0,0.9401913875598086,Java_medium_Java_high_results.csv
91,68,2,medium,high,214.0,0.9553571428571428,Java_medium_Java_high_results.csv
91,69,2,medium,high,270.0,0.9507042253521126,Java_medium_Java_high_results.csv
91,82,2,medium,high,203.0,0.812,Java_medium_Java_high_results.csv
91,87,2,medium,high,232.0,0.978902953586498,Java_medium_Java_high_results.csv
91,123,2,medium,high,217.0,0.96875,Java_medium_Java_high_results.csv
97,1,2,medium,high,237.0,0.8464285714285714,Java_medium_Java_high_results.csv
91,178,2,medium,high,223.0,0.961206896551724,Java_medium_Java_high_results.csv
97,80,2,medium,high,251.0,0.8964285714285715,Java_medium_Java_high_results.csv
97,26,2,medium,high,235.0,0.8392857142857143,Java_medium_Java_high_results.csv
97,48,2,medium,high,255.0,0.9107142857142856,Java_medium_Java_high_results.csv
91,86,2,medium,high,532.0,0.9585585585585584,Java_medium_Java_high_results.csv
97,68,2,medium,high,256.0,0.9142857142857144,Java_medium_Java_high_results.csv
89,86,2,medium,high,522.0,0.9405405405405406,Java_medium_Java_high_results.csv
105,1,2,medium,high,136.0,1.0,Java_medium_Java_high_results.csv
97,82,2,medium,high,242.0,0.8642857142857143,Java_medium_Java_high_results.csv
97,69,2,medium,high,280.0,0.9859154929577464,Java_medium_Java_high_results.csv
97,123,2,medium,high,266.0,0.95,Java_medium_Java_high_results.csv
105,26,2,medium,high,172.0,0.9502762430939228,Java_medium_Java_high_results.csv
97,87,2,medium,high,272.0,0.9714285714285714,Java_medium_Java_high_results.csv
105,80,2,medium,high,132.0,0.9705882352941176,Java_medium_Java_high_results.csv
105,48,2,medium,high,191.0,0.955,Java_medium_Java_high_results.csv
105,68,2,medium,high,193.0,0.8976744186046511,Java_medium_Java_high_results.csv
97,178,2,medium,high,262.0,0.9357142857142856,Java_medium_Java_high_results.csv
105,69,2,medium,high,246.0,0.8661971830985915,Java_medium_Java_high_results.csv
105,82,2,medium,high,236.0,0.944,Java_medium_Java_high_results.csv
108,1,2,medium,high,114.0,0.8571428571428571,Java_medium_Java_high_results.csv
105,123,2,medium,high,159.0,0.8688524590163934,Java_medium_Java_high_results.csv
108,26,2,medium,high,158.0,0.8729281767955801,Java_medium_Java_high_results.csv
105,87,2,medium,high,219.0,0.9240506329113924,Java_medium_Java_high_results.csv
105,178,2,medium,high,203.0,0.875,Java_medium_Java_high_results.csv
108,48,2,medium,high,176.0,0.88,Java_medium_Java_high_results.csv
108,80,2,medium,high,80.0,0.9411764705882352,Java_medium_Java_high_results.csv
108,68,2,medium,high,201.0,0.9348837209302324,Java_medium_Java_high_results.csv
108,69,2,medium,high,271.0,0.954225352112676,Java_medium_Java_high_results.csv
108,82,2,medium,high,219.0,0.876,Java_medium_Java_high_results.csv
108,87,2,medium,high,217.0,0.9156118143459916,Java_medium_Java_high_results.csv
108,123,2,medium,high,171.0,0.9344262295081968,Java_medium_Java_high_results.csv
105,86,2,medium,high,507.0,0.9135135135135136,Java_medium_Java_high_results.csv
108,178,2,medium,high,216.0,0.9310344827586208,Java_medium_Java_high_results.csv
97,86,2,medium,high,516.0,0.9297297297297298,Java_medium_Java_high_results.csv
108,86,2,medium,high,536.0,0.9657657657657658,Java_medium_Java_high_results.csv
112,1,2,medium,high,207.0,0.9324324324324323,Java_medium_Java_high_results.csv
112,80,2,medium,high,209.0,0.9414414414414416,Java_medium_Java_high_results.csv
112,26,2,medium,high,211.0,0.9504504504504504,Java_medium_Java_high_results.csv
112,48,2,medium,high,213.0,0.9594594594594594,Java_medium_Java_high_results.csv
112,68,2,medium,high,214.0,0.963963963963964,Java_medium_Java_high_results.csv
115,1,2,medium,high,139.0,0.9652777777777778,Java_medium_Java_high_results.csv
112,82,2,medium,high,238.0,0.952,Java_medium_Java_high_results.csv
112,69,2,medium,high,250.0,0.8802816901408451,Java_medium_Java_high_results.csv
112,123,2,medium,high,208.0,0.9369369369369368,Java_medium_Java_high_results.csv
115,26,2,medium,high,177.0,0.9779005524861878,Java_medium_Java_high_results.csv
112,87,2,medium,high,231.0,0.9746835443037974,Java_medium_Java_high_results.csv
115,80,2,medium,high,139.0,0.9652777777777778,Java_medium_Java_high_results.csv
112,178,2,medium,high,223.0,0.961206896551724,Java_medium_Java_high_results.csv
115,48,2,medium,high,187.0,0.935,Java_medium_Java_high_results.csv
115,68,2,medium,high,187.0,0.8697674418604651,Java_medium_Java_high_results.csv
115,82,2,medium,high,233.0,0.932,Java_medium_Java_high_results.csv
115,69,2,medium,high,248.0,0.8732394366197183,Java_medium_Java_high_results.csv
115,123,2,medium,high,166.0,0.907103825136612,Java_medium_Java_high_results.csv
115,87,2,medium,high,211.0,0.890295358649789,Java_medium_Java_high_results.csv
115,178,2,medium,high,200.0,0.8620689655172413,Java_medium_Java_high_results.csv
117,1,2,medium,high,209.0,0.8600823045267489,Java_medium_Java_high_results.csv
117,80,2,medium,high,212.0,0.8724279835390947,Java_medium_Java_high_results.csv
112,86,2,medium,high,501.0,0.9027027027027028,Java_medium_Java_high_results.csv
117,26,2,medium,high,216.0,0.8888888888888888,Java_medium_Java_high_results.csv
115,86,2,medium,high,507.0,0.9135135135135136,Java_medium_Java_high_results.csv
117,48,2,medium,high,191.0,0.7860082304526749,Java_medium_Java_high_results.csv
117,68,2,medium,high,230.0,0.9465020576131687,Java_medium_Java_high_results.csv
117,69,2,medium,high,265.0,0.9330985915492958,Java_medium_Java_high_results.csv
117,82,2,medium,high,213.0,0.852,Java_medium_Java_high_results.csv
120,1,2,medium,high,204.0,0.8908296943231441,Java_medium_Java_high_results.csv
117,123,2,medium,high,228.0,0.9382716049382716,Java_medium_Java_high_results.csv
117,87,2,medium,high,238.0,0.9794238683127572,Java_medium_Java_high_results.csv
117,178,2,medium,high,231.0,0.9506172839506172,Java_medium_Java_high_results.csv
120,26,2,medium,high,211.0,0.9213973799126638,Java_medium_Java_high_results.csv
120,80,2,medium,high,217.0,0.9475982532751092,Java_medium_Java_high_results.csv
120,48,2,medium,high,218.0,0.9519650655021834,Java_medium_Java_high_results.csv
120,68,2,medium,high,209.0,0.9126637554585152,Java_medium_Java_high_results.csv
120,69,2,medium,high,263.0,0.926056338028169,Java_medium_Java_high_results.csv
120,123,2,medium,high,210.0,0.9170305676855895,Java_medium_Java_high_results.csv
120,82,2,medium,high,233.0,0.932,Java_medium_Java_high_results.csv
125,1,2,medium,high,124.0,0.9323308270676692,Java_medium_Java_high_results.csv
117,86,2,medium,high,532.0,0.9585585585585584,Java_medium_Java_high_results.csv
120,87,2,medium,high,220.0,0.9282700421940928,Java_medium_Java_high_results.csv
125,80,2,medium,high,103.0,0.9363636363636364,Java_medium_Java_high_results.csv
125,26,2,medium,high,174.0,0.9613259668508288,Java_medium_Java_high_results.csv
125,48,2,medium,high,184.0,0.92,Java_medium_Java_high_results.csv
120,178,2,medium,high,223.0,0.961206896551724,Java_medium_Java_high_results.csv
125,68,2,medium,high,194.0,0.9023255813953488,Java_medium_Java_high_results.csv
125,69,2,medium,high,258.0,0.908450704225352,Java_medium_Java_high_results.csv
125,82,2,medium,high,231.0,0.924,Java_medium_Java_high_results.csv
125,123,2,medium,high,168.0,0.918032786885246,Java_medium_Java_high_results.csv
125,87,2,medium,high,210.0,0.8860759493670886,Java_medium_Java_high_results.csv
125,178,2,medium,high,210.0,0.9051724137931034,Java_medium_Java_high_results.csv
125,86,2,medium,high,516.0,0.9297297297297298,Java_medium_Java_high_results.csv
120,86,2,medium,high,505.0,0.90990990990991,Java_medium_Java_high_results.csv
135,80,2,medium,high,375.0,0.9664948453608248,Java_medium_Java_high_results.csv
135,1,2,medium,high,368.0,0.9484536082474226,Java_medium_Java_high_results.csv
135,26,2,medium,high,367.0,0.9458762886597938,Java_medium_Java_high_results.csv
135,48,2,medium,high,368.0,0.9484536082474226,Java_medium_Java_high_results.csv
135,68,2,medium,high,348.0,0.8969072164948454,Java_medium_Java_high_results.csv
142,1,2,medium,high,188.0,0.8430493273542601,Java_medium_Java_high_results.csv
135,69,2,medium,high,355.0,0.9149484536082474,Java_medium_Java_high_results.csv
135,123,2,medium,high,351.0,0.904639175257732,Java_medium_Java_high_results.csv
135,87,2,medium,high,360.0,0.9278350515463918,Java_medium_Java_high_results.csv
135,82,2,medium,high,370.0,0.9536082474226804,Java_medium_Java_high_results.csv
142,26,2,medium,high,191.0,0.8565022421524664,Java_medium_Java_high_results.csv
142,80,2,medium,high,202.0,0.905829596412556,Java_medium_Java_high_results.csv
142,48,2,medium,high,204.0,0.9147982062780268,Java_medium_Java_high_results.csv
135,178,2,medium,high,341.0,0.8788659793814433,Java_medium_Java_high_results.csv
142,68,2,medium,high,214.0,0.9596412556053812,Java_medium_Java_high_results.csv
142,69,2,medium,high,269.0,0.9471830985915493,Java_medium_Java_high_results.csv
143,1,2,medium,high,123.0,0.924812030075188,Java_medium_Java_high_results.csv
142,82,2,medium,high,223.0,0.892,Java_medium_Java_high_results.csv
142,123,2,medium,high,215.0,0.9641255605381166,Java_medium_Java_high_results.csv
142,87,2,medium,high,229.0,0.9662447257383966,Java_medium_Java_high_results.csv
143,26,2,medium,high,165.0,0.9116022099447514,Java_medium_Java_high_results.csv
143,48,2,medium,high,160.0,0.8,Java_medium_Java_high_results.csv
143,80,2,medium,high,119.0,0.9015151515151516,Java_medium_Java_high_results.csv
143,68,2,medium,high,202.0,0.9395348837209302,Java_medium_Java_high_results.csv
142,178,2,medium,high,221.0,0.9525862068965516,Java_medium_Java_high_results.csv
143,69,2,medium,high,272.0,0.9577464788732394,Java_medium_Java_high_results.csv
143,123,2,medium,high,172.0,0.9398907103825136,Java_medium_Java_high_results.csv
143,82,2,medium,high,192.0,0.768,Java_medium_Java_high_results.csv
143,178,2,medium,high,215.0,0.9267241379310344,Java_medium_Java_high_results.csv
143,87,2,medium,high,213.0,0.8987341772151899,Java_medium_Java_high_results.csv
135,86,2,medium,high,490.0,0.8828828828828829,Java_medium_Java_high_results.csv
145,1,2,medium,high,171.0,0.9395604395604396,Java_medium_Java_high_results.csv
142,86,2,medium,high,526.0,0.9477477477477476,Java_medium_Java_high_results.csv
145,80,2,medium,high,177.0,0.9725274725274724,Java_medium_Java_high_results.csv
145,48,2,medium,high,190.0,0.95,Java_medium_Java_high_results.csv
145,26,2,medium,high,180.0,0.989010989010989,Java_medium_Java_high_results.csv
145,68,2,medium,high,195.0,0.9069767441860463,Java_medium_Java_high_results.csv
143,86,2,medium,high,535.0,0.963963963963964,Java_medium_Java_high_results.csv
145,69,2,medium,high,258.0,0.908450704225352,Java_medium_Java_high_results.csv
145,82,2,medium,high,239.0,0.956,Java_medium_Java_high_results.csv
145,123,2,medium,high,169.0,0.9234972677595628,Java_medium_Java_high_results.csv
145,87,2,medium,high,211.0,0.890295358649789,Java_medium_Java_high_results.csv
147,1,2,medium,high,260.0,0.931899641577061,Java_medium_Java_high_results.csv
145,178,2,medium,high,206.0,0.8879310344827587,Java_medium_Java_high_results.csv
147,26,2,medium,high,271.0,0.971326164874552,Java_medium_Java_high_results.csv
147,80,2,medium,high,269.0,0.96415770609319,Java_medium_Java_high_results.csv
145,86,2,medium,high,527.0,0.9495495495495496,Java_medium_Java_high_results.csv
147,48,2,medium,high,263.0,0.942652329749104,Java_medium_Java_high_results.csv
147,68,2,medium,high,244.0,0.8745519713261649,Java_medium_Java_high_results.csv
147,82,2,medium,high,267.0,0.956989247311828,Java_medium_Java_high_results.csv
147,69,2,medium,high,260.0,0.9154929577464788,Java_medium_Java_high_results.csv
147,123,2,medium,high,255.0,0.913978494623656,Java_medium_Java_high_results.csv
147,87,2,medium,high,247.0,0.8853046594982079,Java_medium_Java_high_results.csv
147,178,2,medium,high,240.0,0.8602150537634409,Java_medium_Java_high_results.csv
151,1,2,medium,high,477.0,0.938976377952756,Java_medium_Java_high_results.csv
151,80,2,medium,high,495.0,0.9744094488188976,Java_medium_Java_high_results.csv
151,26,2,medium,high,482.0,0.9488188976377953,Java_medium_Java_high_results.csv
147,86,2,medium,high,519.0,0.9351351351351352,Java_medium_Java_high_results.csv
151,48,2,medium,high,482.0,0.9488188976377953,Java_medium_Java_high_results.csv
151,68,2,medium,high,427.0,0.8405511811023622,Java_medium_Java_high_results.csv
155,1,2,medium,high,165.0,0.8168316831683168,Java_medium_Java_high_results.csv
155,26,2,medium,high,178.0,0.8811881188118812,Java_medium_Java_high_results.csv
151,69,2,medium,high,443.0,0.8720472440944882,Java_medium_Java_high_results.csv
151,82,2,medium,high,475.0,0.9350393700787402,Java_medium_Java_high_results.csv
151,123,2,medium,high,453.0,0.8917322834645669,Java_medium_Java_high_results.csv
155,48,2,medium,high,193.0,0.9554455445544554,Java_medium_Java_high_results.csv
151,87,2,medium,high,446.0,0.8779527559055118,Java_medium_Java_high_results.csv
155,80,2,medium,high,174.0,0.8613861386138614,Java_medium_Java_high_results.csv
155,68,2,medium,high,195.0,0.9069767441860463,Java_medium_Java_high_results.csv
151,178,2,medium,high,422.0,0.8307086614173228,Java_medium_Java_high_results.csv
155,69,2,medium,high,268.0,0.943661971830986,Java_medium_Java_high_results.csv
155,82,2,medium,high,213.0,0.852,Java_medium_Java_high_results.csv
155,87,2,medium,high,220.0,0.9282700421940928,Java_medium_Java_high_results.csv
155,123,2,medium,high,192.0,0.9504950495049505,Java_medium_Java_high_results.csv
158,1,2,medium,high,183.0,0.9014778325123152,Java_medium_Java_high_results.csv
155,178,2,medium,high,216.0,0.9310344827586208,Java_medium_Java_high_results.csv
158,26,2,medium,high,191.0,0.9408866995073892,Java_medium_Java_high_results.csv
158,80,2,medium,high,188.0,0.9261083743842364,Java_medium_Java_high_results.csv
158,48,2,medium,high,190.0,0.9359605911330048,Java_medium_Java_high_results.csv
158,68,2,medium,high,195.0,0.9069767441860463,Java_medium_Java_high_results.csv
158,69,2,medium,high,252.0,0.8873239436619719,Java_medium_Java_high_results.csv
155,86,2,medium,high,523.0,0.9423423423423424,Java_medium_Java_high_results.csv
158,87,2,medium,high,214.0,0.9029535864978904,Java_medium_Java_high_results.csv
158,82,2,medium,high,228.0,0.912,Java_medium_Java_high_results.csv
158,123,2,medium,high,187.0,0.9211822660098522,Java_medium_Java_high_results.csv
158,178,2,medium,high,212.0,0.913793103448276,Java_medium_Java_high_results.csv
151,86,2,medium,high,514.0,0.926126126126126,Java_medium_Java_high_results.csv
168,80,2,medium,high,484.0,0.9758064516129032,Java_medium_Java_high_results.csv
168,1,2,medium,high,472.0,0.9516129032258064,Java_medium_Java_high_results.csv
158,86,2,medium,high,499.0,0.8990990990990991,Java_medium_Java_high_results.csv
168,26,2,medium,high,477.0,0.9616935483870968,Java_medium_Java_high_results.csv
168,48,2,medium,high,466.0,0.939516129032258,Java_medium_Java_high_results.csv
168,68,2,medium,high,461.0,0.9294354838709676,Java_medium_Java_high_results.csv
169,1,2,medium,high,130.0,0.8125,Java_medium_Java_high_results.csv
168,69,2,medium,high,449.0,0.905241935483871,Java_medium_Java_high_results.csv
169,26,2,medium,high,159.0,0.8784530386740331,Java_medium_Java_high_results.csv
169,48,2,medium,high,180.0,0.9,Java_medium_Java_high_results.csv
168,82,2,medium,high,462.0,0.9314516129032258,Java_medium_Java_high_results.csv
168,123,2,medium,high,455.0,0.9173387096774194,Java_medium_Java_high_results.csv
169,80,2,medium,high,139.0,0.86875,Java_medium_Java_high_results.csv
169,68,2,medium,high,199.0,0.9255813953488372,Java_medium_Java_high_results.csv
168,87,2,medium,high,468.0,0.9435483870967742,Java_medium_Java_high_results.csv
169,69,2,medium,high,261.0,0.9190140845070424,Java_medium_Java_high_results.csv
168,178,2,medium,high,452.0,0.9112903225806452,Java_medium_Java_high_results.csv
169,82,2,medium,high,197.0,0.788,Java_medium_Java_high_results.csv
169,123,2,medium,high,173.0,0.9453551912568308,Java_medium_Java_high_results.csv
169,87,2,medium,high,210.0,0.8860759493670886,Java_medium_Java_high_results.csv
169,178,2,medium,high,211.0,0.9094827586206896,Java_medium_Java_high_results.csv
171,1,2,medium,high,238.0,0.8439716312056738,Java_medium_Java_high_results.csv
171,26,2,medium,high,242.0,0.8581560283687943,Java_medium_Java_high_results.csv
171,80,2,medium,high,253.0,0.8971631205673759,Java_medium_Java_high_results.csv
171,48,2,medium,high,252.0,0.8936170212765957,Java_medium_Java_high_results.csv
169,86,2,medium,high,521.0,0.9387387387387388,Java_medium_Java_high_results.csv
171,68,2,medium,high,260.0,0.9219858156028368,Java_medium_Java_high_results.csv
185,1,2,medium,high,126.0,0.9473684210526316,Java_medium_Java_high_results.csv
171,69,2,medium,high,276.0,0.971830985915493,Java_medium_Java_high_results.csv
171,82,2,medium,high,248.0,0.8794326241134752,Java_medium_Java_high_results.csv
185,26,2,medium,high,172.0,0.9502762430939228,Java_medium_Java_high_results.csv
171,87,2,medium,high,260.0,0.9219858156028368,Java_medium_Java_high_results.csv
171,123,2,medium,high,268.0,0.950354609929078,Java_medium_Java_high_results.csv
185,48,2,medium,high,186.0,0.93,Java_medium_Java_high_results.csv
185,80,2,medium,high,116.0,0.943089430894309,Java_medium_Java_high_results.csv
168,86,2,medium,high,510.0,0.918918918918919,Java_medium_Java_high_results.csv
171,178,2,medium,high,267.0,0.946808510638298,Java_medium_Java_high_results.csv
185,68,2,medium,high,184.0,0.8558139534883721,Java_medium_Java_high_results.csv
190,1,2,medium,high,114.0,0.8571428571428571,Java_medium_Java_high_results.csv
185,69,2,medium,high,228.0,0.8028169014084507,Java_medium_Java_high_results.csv
185,123,2,medium,high,173.0,0.9453551912568308,Java_medium_Java_high_results.csv
185,82,2,medium,high,235.0,0.94,Java_medium_Java_high_results.csv
185,87,2,medium,high,198.0,0.8354430379746836,Java_medium_Java_high_results.csv
185,178,2,medium,high,188.0,0.8103448275862069,Java_medium_Java_high_results.csv
190,80,2,medium,high,92.0,0.9583333333333334,Java_medium_Java_high_results.csv
190,26,2,medium,high,153.0,0.8453038674033149,Java_medium_Java_high_results.csv
190,48,2,medium,high,155.0,0.775,Java_medium_Java_high_results.csv
190,68,2,medium,high,192.0,0.8930232558139535,Java_medium_Java_high_results.csv
190,69,2,medium,high,269.0,0.9471830985915493,Java_medium_Java_high_results.csv
190,123,2,medium,high,167.0,0.912568306010929,Java_medium_Java_high_results.csv
190,82,2,medium,high,202.0,0.808,Java_medium_Java_high_results.csv
190,87,2,medium,high,207.0,0.8734177215189873,Java_medium_Java_high_results.csv
185,86,2,medium,high,504.0,0.9081081081081082,Java_medium_Java_high_results.csv
190,178,2,medium,high,210.0,0.9051724137931034,Java_medium_Java_high_results.csv
191,1,2,medium,high,196.0,0.7935222672064778,Java_medium_Java_high_results.csv
171,86,2,medium,high,523.0,0.9423423423423424,Java_medium_Java_high_results.csv
190,86,2,medium,high,533.0,0.9603603603603604,Java_medium_Java_high_results.csv
191,80,2,medium,high,222.0,0.8987854251012146,Java_medium_Java_high_results.csv
191,26,2,medium,high,217.0,0.8785425101214575,Java_medium_Java_high_results.csv
191,48,2,medium,high,209.0,0.8461538461538461,Java_medium_Java_high_results.csv
191,68,2,medium,high,229.0,0.9271255060728744,Java_medium_Java_high_results.csv
191,69,2,medium,high,276.0,0.971830985915493,Java_medium_Java_high_results.csv
191,123,2,medium,high,231.0,0.9352226720647774,Java_medium_Java_high_results.csv
191,82,2,medium,high,217.0,0.868,Java_medium_Java_high_results.csv
191,87,2,medium,high,223.0,0.902834008097166,Java_medium_Java_high_results.csv
192,1,2,medium,high,289.0,0.9383116883116884,Java_medium_Java_high_results.csv
191,178,2,medium,high,229.0,0.9271255060728744,Java_medium_Java_high_results.csv
192,26,2,medium,high,293.0,0.9512987012987012,Java_medium_Java_high_results.csv
192,80,2,medium,high,298.0,0.9675324675324676,Java_medium_Java_high_results.csv
192,48,2,medium,high,289.0,0.9383116883116884,Java_medium_Java_high_results.csv
192,68,2,medium,high,281.0,0.9123376623376624,Java_medium_Java_high_results.csv
191,86,2,medium,high,528.0,0.9513513513513514,Java_medium_Java_high_results.csv
192,69,2,medium,high,275.0,0.8928571428571429,Java_medium_Java_high_results.csv
192,123,2,medium,high,283.0,0.9188311688311688,Java_medium_Java_high_results.csv
192,82,2,medium,high,295.0,0.9577922077922078,Java_medium_Java_high_results.csv
192,87,2,medium,high,288.0,0.935064935064935,Java_medium_Java_high_results.csv
192,178,2,medium,high,276.0,0.8961038961038961,Java_medium_Java_high_results.csv
194,1,2,medium,high,478.0,0.9390962671905696,Java_medium_Java_high_results.csv
194,80,2,medium,high,491.0,0.9646365422396856,Java_medium_Java_high_results.csv
194,26,2,medium,high,475.0,0.9332023575638508,Java_medium_Java_high_results.csv
194,48,2,medium,high,482.0,0.9469548133595284,Java_medium_Java_high_results.csv
192,86,2,medium,high,500.0,0.9009009009009008,Java_medium_Java_high_results.csv
194,68,2,medium,high,467.0,0.9174852652259332,Java_medium_Java_high_results.csv
197,1,2,medium,high,208.0,0.8221343873517787,Java_medium_Java_high_results.csv
194,69,2,medium,high,445.0,0.8742632612966601,Java_medium_Java_high_results.csv
197,26,2,medium,high,219.0,0.8656126482213439,Java_medium_Java_high_results.csv
194,82,2,medium,high,472.0,0.9273084479371316,Java_medium_Java_high_results.csv
194,123,2,medium,high,460.0,0.9037328094302554,Java_medium_Java_high_results.csv
194,87,2,medium,high,466.0,0.9155206286836935,Java_medium_Java_high_results.csv
197,80,2,medium,high,231.0,0.9130434782608696,Java_medium_Java_high_results.csv
197,48,2,medium,high,228.0,0.9011857707509882,Java_medium_Java_high_results.csv
197,68,2,medium,high,229.0,0.9051383399209486,Java_medium_Java_high_results.csv
194,178,2,medium,high,459.0,0.9017681728880156,Java_medium_Java_high_results.csv
197,69,2,medium,high,266.0,0.9366197183098592,Java_medium_Java_high_results.csv
197,82,2,medium,high,213.0,0.841897233201581,Java_medium_Java_high_results.csv
197,123,2,medium,high,238.0,0.9407114624505928,Java_medium_Java_high_results.csv
197,87,2,medium,high,245.0,0.9683794466403162,Java_medium_Java_high_results.csv
197,178,2,medium,high,234.0,0.924901185770751,Java_medium_Java_high_results.csv
202,1,2,medium,high,514.0,0.8831615120274914,Java_medium_Java_high_results.csv
202,80,2,medium,high,545.0,0.936426116838488,Java_medium_Java_high_results.csv
197,86,2,medium,high,516.0,0.9297297297297298,Java_medium_Java_high_results.csv
194,86,2,medium,high,517.0,0.9315315315315316,Java_medium_Java_high_results.csv
202,26,2,medium,high,531.0,0.9123711340206184,Java_medium_Java_high_results.csv
202,48,2,medium,high,530.0,0.9106529209621992,Java_medium_Java_high_results.csv
203,1,2,medium,high,121.0,0.9097744360902256,Java_medium_Java_high_results.csv
202,68,2,medium,high,545.0,0.936426116838488,Java_medium_Java_high_results.csv
203,26,2,medium,high,167.0,0.9226519337016574,Java_medium_Java_high_results.csv
203,48,2,medium,high,181.0,0.905,Java_medium_Java_high_results.csv
203,68,2,medium,high,196.0,0.9116279069767442,Java_medium_Java_high_results.csv
203,69,2,medium,high,265.0,0.9330985915492958,Java_medium_Java_high_results.csv
202,69,2,medium,high,551.0,0.9467353951890034,Java_medium_Java_high_results.csv
203,80,2,medium,high,90.0,0.9183673469387756,Java_medium_Java_high_results.csv
202,82,2,medium,high,515.0,0.8848797250859106,Java_medium_Java_high_results.csv
203,82,2,medium,high,236.0,0.944,Java_medium_Java_high_results.csv
202,123,2,medium,high,550.0,0.9450171821305842,Java_medium_Java_high_results.csv
203,87,2,medium,high,211.0,0.890295358649789,Java_medium_Java_high_results.csv
203,123,2,medium,high,169.0,0.9234972677595628,Java_medium_Java_high_results.csv
203,178,2,medium,high,209.0,0.9008620689655172,Java_medium_Java_high_results.csv
202,87,2,medium,high,544.0,0.9347079037800688,Java_medium_Java_high_results.csv
202,178,2,medium,high,537.0,0.922680412371134,Java_medium_Java_high_results.csv
203,86,2,medium,high,530.0,0.954954954954955,Java_medium_Java_high_results.csv
206,1,2,medium,high,214.0,0.8014981273408239,Java_medium_Java_high_results.csv
206,26,2,medium,high,239.0,0.8951310861423221,Java_medium_Java_high_results.csv
206,80,2,medium,high,243.0,0.9101123595505618,Java_medium_Java_high_results.csv
206,48,2,medium,high,241.0,0.902621722846442,Java_medium_Java_high_results.csv
206,68,2,medium,high,241.0,0.902621722846442,Java_medium_Java_high_results.csv
206,82,2,medium,high,236.0,0.8838951310861424,Java_medium_Java_high_results.csv
206,123,2,medium,high,242.0,0.906367041198502,Java_medium_Java_high_results.csv
206,69,2,medium,high,272.0,0.9577464788732394,Java_medium_Java_high_results.csv
206,87,2,medium,high,252.0,0.9438202247191012,Java_medium_Java_high_results.csv
207,1,2,medium,high,281.0,0.8541033434650456,Java_medium_Java_high_results.csv
206,178,2,medium,high,239.0,0.8951310861423221,Java_medium_Java_high_results.csv
207,26,2,medium,high,275.0,0.8358662613981763,Java_medium_Java_high_results.csv
207,80,2,medium,high,304.0,0.9240121580547112,Java_medium_Java_high_results.csv
206,86,2,medium,high,524.0,0.9441441441441442,Java_medium_Java_high_results.csv
207,48,2,medium,high,284.0,0.8632218844984803,Java_medium_Java_high_results.csv
207,68,2,medium,high,306.0,0.9300911854103344,Java_medium_Java_high_results.csv
210,1,2,medium,high,125.0,0.9057971014492754,Java_medium_Java_high_results.csv
207,69,2,medium,high,309.0,0.939209726443769,Java_medium_Java_high_results.csv
202,86,2,medium,high,563.0,0.9673539518900344,Java_medium_Java_high_results.csv
207,82,2,medium,high,277.0,0.8419452887537994,Java_medium_Java_high_results.csv
210,26,2,medium,high,153.0,0.8453038674033149,Java_medium_Java_high_results.csv
207,87,2,medium,high,314.0,0.9544072948328268,Java_medium_Java_high_results.csv
210,48,2,medium,high,156.0,0.78,Java_medium_Java_high_results.csv
207,123,2,medium,high,314.0,0.9544072948328268,Java_medium_Java_high_results.csv
210,80,2,medium,high,122.0,0.8840579710144928,Java_medium_Java_high_results.csv
210,68,2,medium,high,199.0,0.9255813953488372,Java_medium_Java_high_results.csv
207,178,2,medium,high,302.0,0.917933130699088,Java_medium_Java_high_results.csv
210,69,2,medium,high,265.0,0.9330985915492958,Java_medium_Java_high_results.csv
210,123,2,medium,high,171.0,0.9344262295081968,Java_medium_Java_high_results.csv
210,82,2,medium,high,205.0,0.82,Java_medium_Java_high_results.csv
212,1,2,medium,high,151.0,0.9320987654320988,Java_medium_Java_high_results.csv
210,178,2,medium,high,210.0,0.9051724137931034,Java_medium_Java_high_results.csv
210,87,2,medium,high,214.0,0.9029535864978904,Java_medium_Java_high_results.csv
212,80,2,medium,high,157.0,0.9691358024691358,Java_medium_Java_high_results.csv
212,26,2,medium,high,172.0,0.9502762430939228,Java_medium_Java_high_results.csv
212,48,2,medium,high,192.0,0.96,Java_medium_Java_high_results.csv
212,68,2,medium,high,186.0,0.8651162790697674,Java_medium_Java_high_results.csv
212,82,2,medium,high,225.0,0.9,Java_medium_Java_high_results.csv
210,86,2,medium,high,527.0,0.9495495495495496,Java_medium_Java_high_results.csv
212,69,2,medium,high,248.0,0.8732394366197183,Java_medium_Java_high_results.csv
212,87,2,medium,high,210.0,0.8860759493670886,Java_medium_Java_high_results.csv
207,86,2,medium,high,527.0,0.9495495495495496,Java_medium_Java_high_results.csv
212,123,2,medium,high,175.0,0.9562841530054644,Java_medium_Java_high_results.csv
212,178,2,medium,high,209.0,0.9008620689655172,Java_medium_Java_high_results.csv
214,1,2,medium,high,267.0,0.936842105263158,Java_medium_Java_high_results.csv
214,80,2,medium,high,272.0,0.9543859649122808,Java_medium_Java_high_results.csv
214,26,2,medium,high,270.0,0.9473684210526316,Java_medium_Java_high_results.csv
212,86,2,medium,high,512.0,0.9225225225225224,Java_medium_Java_high_results.csv
214,48,2,medium,high,276.0,0.968421052631579,Java_medium_Java_high_results.csv
214,68,2,medium,high,258.0,0.9052631578947368,Java_medium_Java_high_results.csv
214,69,2,medium,high,269.0,0.9438596491228072,Java_medium_Java_high_results.csv
214,82,2,medium,high,278.0,0.975438596491228,Java_medium_Java_high_results.csv
215,1,2,medium,high,228.0,0.8837209302325582,Java_medium_Java_high_results.csv
214,123,2,medium,high,260.0,0.912280701754386,Java_medium_Java_high_results.csv
214,87,2,medium,high,273.0,0.9578947368421052,Java_medium_Java_high_results.csv
215,26,2,medium,high,239.0,0.9263565891472868,Java_medium_Java_high_results.csv
214,178,2,medium,high,264.0,0.9263157894736842,Java_medium_Java_high_results.csv
215,80,2,medium,high,230.0,0.8914728682170543,Java_medium_Java_high_results.csv
215,48,2,medium,high,224.0,0.8682170542635659,Java_medium_Java_high_results.csv
215,68,2,medium,high,248.0,0.9612403100775194,Java_medium_Java_high_results.csv
215,82,2,medium,high,237.0,0.9186046511627908,Java_medium_Java_high_results.csv
215,69,2,medium,high,278.0,0.9788732394366196,Java_medium_Java_high_results.csv
215,123,2,medium,high,239.0,0.9263565891472868,Java_medium_Java_high_results.csv
214,86,2,medium,high,497.0,0.8954954954954955,Java_medium_Java_high_results.csv
215,87,2,medium,high,243.0,0.9418604651162792,Java_medium_Java_high_results.csv
215,178,2,medium,high,249.0,0.9651162790697676,Java_medium_Java_high_results.csv
215,86,2,medium,high,532.0,0.9585585585585584,Java_medium_Java_high_results.csv
4,78,2,medium,low,182.0,0.8921568627450981,Java_medium_Java_low_results.csv
4,34,2,medium,low,192.0,0.9411764705882352,Java_medium_Java_low_results.csv
4,126,2,medium,low,303.0,0.9498432601880876,Java_medium_Java_low_results.csv
4,107,2,medium,low,198.0,0.9519230769230768,Java_medium_Java_low_results.csv
4,65,2,medium,low,183.0,0.8970588235294118,Java_medium_Java_low_results.csv
4,71,2,medium,low,188.0,0.9215686274509804,Java_medium_Java_low_results.csv
4,132,2,medium,low,377.0,0.921760391198044,Java_medium_Java_low_results.csv
4,41,2,medium,low,280.0,0.8805031446540881,Java_medium_Java_low_results.csv
4,128,2,medium,low,220.0,0.9053497942386832,Java_medium_Java_low_results.csv
4,124,2,medium,low,272.0,0.9543859649122808,Java_medium_Java_low_results.csv
4,64,2,medium,low,553.0,0.9341216216216216,Java_medium_Java_low_results.csv
4,94,2,medium,low,175.0,0.8578431372549019,Java_medium_Java_low_results.csv
4,21,2,medium,low,304.0,0.9589905362776026,Java_medium_Java_low_results.csv
4,56,2,medium,low,181.0,0.8872549019607843,Java_medium_Java_low_results.csv
4,27,2,medium,low,181.0,0.8872549019607843,Java_medium_Java_low_results.csv
4,74,2,medium,low,178.0,0.8725490196078431,Java_medium_Java_low_results.csv
4,13,2,medium,low,238.0,0.9333333333333332,Java_medium_Java_low_results.csv
4,138,2,medium,low,181.0,0.8872549019607843,Java_medium_Java_low_results.csv
4,79,2,medium,low,291.0,0.9387096774193548,Java_medium_Java_low_results.csv
4,101,2,medium,low,185.0,0.9068627450980392,Java_medium_Java_low_results.csv
4,104,2,medium,low,253.0,0.8908450704225352,Java_medium_Java_low_results.csv
4,29,2,medium,low,191.0,0.9362745098039216,Java_medium_Java_low_results.csv
4,44,2,medium,low,280.0,0.955631399317406,Java_medium_Java_low_results.csv
4,31,2,medium,low,252.0,0.9032258064516128,Java_medium_Java_low_results.csv
4,99,2,medium,low,187.0,0.9166666666666666,Java_medium_Java_low_results.csv
4,63,2,medium,low,239.0,0.9192307692307692,Java_medium_Java_low_results.csv
4,43,2,medium,low,272.0,0.9379310344827586,Java_medium_Java_low_results.csv
4,77,2,medium,low,343.0,0.8817480719794345,Java_medium_Java_low_results.csv
4,67,2,medium,low,191.0,0.9362745098039216,Java_medium_Java_low_results.csv
4,35,2,medium,low,177.0,0.8676470588235294,Java_medium_Java_low_results.csv
4,37,2,medium,low,199.0,0.9128440366972476,Java_medium_Java_low_results.csv
4,60,2,medium,low,294.0,0.9607843137254902,Java_medium_Java_low_results.csv
4,180,2,medium,low,193.0,0.946078431372549,Java_medium_Java_low_results.csv
4,172,2,medium,low,194.0,0.9509803921568628,Java_medium_Java_low_results.csv
4,140,2,medium,low,209.0,0.9414414414414416,Java_medium_Java_low_results.csv
4,164,2,medium,low,210.0,0.8936170212765957,Java_medium_Java_low_results.csv
4,162,2,medium,low,242.0,0.9166666666666666,Java_medium_Java_low_results.csv
4,179,2,medium,low,358.0,0.9347258485639688,Java_medium_Java_low_results.csv
4,182,2,medium,low,368.0,0.92,Java_medium_Java_low_results.csv
4,200,2,medium,low,182.0,0.8921568627450981,Java_medium_Java_low_results.csv
4,186,2,medium,low,215.0,0.9388646288209608,Java_medium_Java_low_results.csv
6,27,2,medium,low,116.0,0.90625,Java_medium_Java_low_results.csv
6,13,2,medium,low,225.0,0.8823529411764706,Java_medium_Java_low_results.csv
4,183,2,medium,low,252.0,0.9,Java_medium_Java_low_results.csv
6,21,2,medium,low,283.0,0.8927444794952681,Java_medium_Java_low_results.csv
4,176,2,medium,low,444.0,0.8809523809523809,Java_medium_Java_low_results.csv
6,29,2,medium,low,179.0,0.9781420765027322,Java_medium_Java_low_results.csv
6,34,2,medium,low,195.0,0.9558823529411764,Java_medium_Java_low_results.csv
6,35,2,medium,low,147.0,0.8596491228070176,Java_medium_Java_low_results.csv
6,31,2,medium,low,231.0,0.8279569892473119,Java_medium_Java_low_results.csv
6,37,2,medium,low,202.0,0.926605504587156,Java_medium_Java_low_results.csv
6,65,2,medium,low,119.0,0.9296875,Java_medium_Java_low_results.csv
6,56,2,medium,low,143.0,0.9794520547945206,Java_medium_Java_low_results.csv
6,41,2,medium,low,284.0,0.8930817610062893,Java_medium_Java_low_results.csv
6,43,2,medium,low,271.0,0.9344827586206896,Java_medium_Java_low_results.csv
6,71,2,medium,low,120.0,0.9375,Java_medium_Java_low_results.csv
6,44,2,medium,low,269.0,0.9180887372013652,Java_medium_Java_low_results.csv
6,63,2,medium,low,236.0,0.9076923076923076,Java_medium_Java_low_results.csv
6,60,2,medium,low,281.0,0.9183006535947712,Java_medium_Java_low_results.csv
6,67,2,medium,low,140.0,0.89171974522293,Java_medium_Java_low_results.csv
6,74,2,medium,low,121.0,0.9453125,Java_medium_Java_low_results.csv
6,78,2,medium,low,113.0,0.8828125,Java_medium_Java_low_results.csv
6,94,2,medium,low,128.0,0.9846153846153848,Java_medium_Java_low_results.csv
6,101,2,medium,low,148.0,0.9367088607594936,Java_medium_Java_low_results.csv
6,99,2,medium,low,149.0,0.861271676300578,Java_medium_Java_low_results.csv
6,107,2,medium,low,184.0,0.8846153846153846,Java_medium_Java_low_results.csv
6,79,2,medium,low,289.0,0.932258064516129,Java_medium_Java_low_results.csv
6,77,2,medium,low,364.0,0.93573264781491,Java_medium_Java_low_results.csv
6,104,2,medium,low,249.0,0.8767605633802817,Java_medium_Java_low_results.csv
6,64,2,medium,low,564.0,0.9527027027027029,Java_medium_Java_low_results.csv
6,124,2,medium,low,264.0,0.9263157894736842,Java_medium_Java_low_results.csv
6,128,2,medium,low,219.0,0.9012345679012346,Java_medium_Java_low_results.csv
6,138,2,medium,low,140.0,0.8695652173913043,Java_medium_Java_low_results.csv
6,126,2,medium,low,306.0,0.9592476489028212,Java_medium_Java_low_results.csv
6,140,2,medium,low,203.0,0.9144144144144144,Java_medium_Java_low_results.csv
6,164,2,medium,low,222.0,0.9446808510638298,Java_medium_Java_low_results.csv
6,172,2,medium,low,171.0,0.9827586206896552,Java_medium_Java_low_results.csv
6,162,2,medium,low,232.0,0.8787878787878788,Java_medium_Java_low_results.csv
6,180,2,medium,low,149.0,0.9430379746835444,Java_medium_Java_low_results.csv
6,132,2,medium,low,381.0,0.9315403422982884,Java_medium_Java_low_results.csv
6,200,2,medium,low,167.0,0.943502824858757,Java_medium_Java_low_results.csv
6,179,2,medium,low,366.0,0.9556135770234988,Java_medium_Java_low_results.csv
6,186,2,medium,low,185.0,0.8078602620087336,Java_medium_Java_low_results.csv
6,183,2,medium,low,258.0,0.9214285714285714,Java_medium_Java_low_results.csv
14,27,2,medium,low,138.0,0.8789808917197452,Java_medium_Java_low_results.csv
6,176,2,medium,low,458.0,0.9087301587301588,Java_medium_Java_low_results.csv
6,182,2,medium,low,378.0,0.945,Java_medium_Java_low_results.csv
14,13,2,medium,low,219.0,0.8588235294117647,Java_medium_Java_low_results.csv
14,29,2,medium,low,172.0,0.9398907103825136,Java_medium_Java_low_results.csv
14,21,2,medium,low,296.0,0.9337539432176656,Java_medium_Java_low_results.csv
14,35,2,medium,low,157.0,0.9181286549707602,Java_medium_Java_low_results.csv
14,34,2,medium,low,197.0,0.965686274509804,Java_medium_Java_low_results.csv
14,31,2,medium,low,236.0,0.8458781362007168,Java_medium_Java_low_results.csv
14,37,2,medium,low,197.0,0.9036697247706422,Java_medium_Java_low_results.csv
14,56,2,medium,low,153.0,0.9745222929936306,Java_medium_Java_low_results.csv
14,65,2,medium,low,150.0,0.9554140127388536,Java_medium_Java_low_results.csv
14,43,2,medium,low,275.0,0.9482758620689656,Java_medium_Java_low_results.csv
14,41,2,medium,low,276.0,0.8679245283018868,Java_medium_Java_low_results.csv
14,71,2,medium,low,146.0,0.929936305732484,Java_medium_Java_low_results.csv
14,44,2,medium,low,267.0,0.9112627986348124,Java_medium_Java_low_results.csv
14,67,2,medium,low,147.0,0.9363057324840764,Java_medium_Java_low_results.csv
14,74,2,medium,low,145.0,0.9235668789808916,Java_medium_Java_low_results.csv
14,60,2,medium,low,281.0,0.9183006535947712,Java_medium_Java_low_results.csv
14,63,2,medium,low,241.0,0.926923076923077,Java_medium_Java_low_results.csv
14,78,2,medium,low,143.0,0.910828025477707,Java_medium_Java_low_results.csv
14,94,2,medium,low,151.0,0.961783439490446,Java_medium_Java_low_results.csv
14,101,2,medium,low,151.0,0.9556962025316456,Java_medium_Java_low_results.csv
14,99,2,medium,low,155.0,0.8959537572254336,Java_medium_Java_low_results.csv
14,79,2,medium,low,294.0,0.9483870967741936,Java_medium_Java_low_results.csv
14,107,2,medium,low,184.0,0.8846153846153846,Java_medium_Java_low_results.csv
14,77,2,medium,low,355.0,0.9125964010282775,Java_medium_Java_low_results.csv
14,104,2,medium,low,238.0,0.8380281690140845,Java_medium_Java_low_results.csv
14,64,2,medium,low,560.0,0.945945945945946,Java_medium_Java_low_results.csv
14,128,2,medium,low,205.0,0.8436213991769548,Java_medium_Java_low_results.csv
14,124,2,medium,low,269.0,0.9438596491228072,Java_medium_Java_low_results.csv
14,138,2,medium,low,147.0,0.9130434782608696,Java_medium_Java_low_results.csv
14,126,2,medium,low,310.0,0.9717868338557992,Java_medium_Java_low_results.csv
14,140,2,medium,low,206.0,0.927927927927928,Java_medium_Java_low_results.csv
14,162,2,medium,low,227.0,0.8598484848484849,Java_medium_Java_low_results.csv
14,164,2,medium,low,212.0,0.902127659574468,Java_medium_Java_low_results.csv
14,172,2,medium,low,168.0,0.9655172413793104,Java_medium_Java_low_results.csv
14,132,2,medium,low,373.0,0.9119804400977995,Java_medium_Java_low_results.csv
14,180,2,medium,low,155.0,0.981012658227848,Java_medium_Java_low_results.csv
14,200,2,medium,low,168.0,0.9491525423728814,Java_medium_Java_low_results.csv
14,179,2,medium,low,367.0,0.95822454308094,Java_medium_Java_low_results.csv
14,186,2,medium,low,198.0,0.8646288209606987,Java_medium_Java_low_results.csv
14,183,2,medium,low,260.0,0.9285714285714286,Java_medium_Java_low_results.csv
15,27,2,medium,low,160.0,0.8839779005524862,Java_medium_Java_low_results.csv
14,182,2,medium,low,381.0,0.9525,Java_medium_Java_low_results.csv
15,13,2,medium,low,237.0,0.9294117647058824,Java_medium_Java_low_results.csv
14,176,2,medium,low,449.0,0.8908730158730159,Java_medium_Java_low_results.csv
15,29,2,medium,low,180.0,0.9836065573770492,Java_medium_Java_low_results.csv
15,21,2,medium,low,277.0,0.8738170347003155,Java_medium_Java_low_results.csv
15,35,2,medium,low,167.0,0.9226519337016574,Java_medium_Java_low_results.csv
15,34,2,medium,low,199.0,0.9754901960784312,Java_medium_Java_low_results.csv
15,31,2,medium,low,230.0,0.8243727598566308,Java_medium_Java_low_results.csv
15,37,2,medium,low,204.0,0.9357798165137616,Java_medium_Java_low_results.csv
15,65,2,medium,low,163.0,0.9005524861878453,Java_medium_Java_low_results.csv
15,56,2,medium,low,172.0,0.9502762430939228,Java_medium_Java_low_results.csv
15,43,2,medium,low,272.0,0.9379310344827586,Java_medium_Java_low_results.csv
15,41,2,medium,low,281.0,0.8836477987421384,Java_medium_Java_low_results.csv
15,44,2,medium,low,278.0,0.9488054607508531,Java_medium_Java_low_results.csv
15,71,2,medium,low,170.0,0.9392265193370166,Java_medium_Java_low_results.csv
15,74,2,medium,low,166.0,0.9171270718232044,Java_medium_Java_low_results.csv
15,63,2,medium,low,236.0,0.9076923076923076,Java_medium_Java_low_results.csv
15,60,2,medium,low,284.0,0.9281045751633988,Java_medium_Java_low_results.csv
15,67,2,medium,low,172.0,0.9502762430939228,Java_medium_Java_low_results.csv
15,78,2,medium,low,159.0,0.8784530386740331,Java_medium_Java_low_results.csv
15,94,2,medium,low,173.0,0.9558011049723756,Java_medium_Java_low_results.csv
15,101,2,medium,low,168.0,0.9281767955801103,Java_medium_Java_low_results.csv
15,99,2,medium,low,175.0,0.9668508287292816,Java_medium_Java_low_results.csv
15,107,2,medium,low,199.0,0.9567307692307692,Java_medium_Java_low_results.csv
15,77,2,medium,low,356.0,0.9151670951156812,Java_medium_Java_low_results.csv
15,104,2,medium,low,263.0,0.926056338028169,Java_medium_Java_low_results.csv
15,79,2,medium,low,285.0,0.9193548387096774,Java_medium_Java_low_results.csv
15,64,2,medium,low,548.0,0.9256756756756755,Java_medium_Java_low_results.csv
15,128,2,medium,low,213.0,0.8765432098765432,Java_medium_Java_low_results.csv
15,124,2,medium,low,258.0,0.9052631578947368,Java_medium_Java_low_results.csv
15,138,2,medium,low,171.0,0.9447513812154696,Java_medium_Java_low_results.csv
15,126,2,medium,low,305.0,0.9561128526645768,Java_medium_Java_low_results.csv
15,140,2,medium,low,210.0,0.945945945945946,Java_medium_Java_low_results.csv
15,164,2,medium,low,212.0,0.902127659574468,Java_medium_Java_low_results.csv
15,172,2,medium,low,181.0,1.0,Java_medium_Java_low_results.csv
15,162,2,medium,low,236.0,0.8939393939393939,Java_medium_Java_low_results.csv
15,180,2,medium,low,168.0,0.9281767955801103,Java_medium_Java_low_results.csv
15,132,2,medium,low,361.0,0.882640586797066,Java_medium_Java_low_results.csv
15,200,2,medium,low,170.0,0.9392265193370166,Java_medium_Java_low_results.csv
15,186,2,medium,low,199.0,0.868995633187773,Java_medium_Java_low_results.csv
15,183,2,medium,low,253.0,0.9035714285714286,Java_medium_Java_low_results.csv
16,27,2,medium,low,197.0,0.916279069767442,Java_medium_Java_low_results.csv
15,179,2,medium,low,349.0,0.9112271540469974,Java_medium_Java_low_results.csv
15,176,2,medium,low,443.0,0.878968253968254,Java_medium_Java_low_results.csv
16,13,2,medium,low,232.0,0.9098039215686274,Java_medium_Java_low_results.csv
15,182,2,medium,low,369.0,0.9225,Java_medium_Java_low_results.csv
16,29,2,medium,low,203.0,0.944186046511628,Java_medium_Java_low_results.csv
16,21,2,medium,low,295.0,0.9305993690851736,Java_medium_Java_low_results.csv
16,35,2,medium,low,183.0,0.8511627906976744,Java_medium_Java_low_results.csv
16,34,2,medium,low,210.0,0.9767441860465116,Java_medium_Java_low_results.csv
16,37,2,medium,low,206.0,0.944954128440367,Java_medium_Java_low_results.csv
16,31,2,medium,low,243.0,0.8709677419354839,Java_medium_Java_low_results.csv
16,56,2,medium,low,199.0,0.9255813953488372,Java_medium_Java_low_results.csv
16,65,2,medium,low,199.0,0.9255813953488372,Java_medium_Java_low_results.csv
16,41,2,medium,low,274.0,0.8616352201257862,Java_medium_Java_low_results.csv
16,43,2,medium,low,274.0,0.9448275862068966,Java_medium_Java_low_results.csv
16,44,2,medium,low,275.0,0.938566552901024,Java_medium_Java_low_results.csv
16,71,2,medium,low,197.0,0.916279069767442,Java_medium_Java_low_results.csv
16,63,2,medium,low,237.0,0.9115384615384616,Java_medium_Java_low_results.csv
16,60,2,medium,low,289.0,0.9444444444444444,Java_medium_Java_low_results.csv
16,67,2,medium,low,193.0,0.8976744186046511,Java_medium_Java_low_results.csv
16,74,2,medium,low,187.0,0.8697674418604651,Java_medium_Java_low_results.csv
16,78,2,medium,low,195.0,0.9069767441860463,Java_medium_Java_low_results.csv
16,94,2,medium,low,206.0,0.958139534883721,Java_medium_Java_low_results.csv
16,99,2,medium,low,185.0,0.8604651162790697,Java_medium_Java_low_results.csv
16,101,2,medium,low,201.0,0.9348837209302324,Java_medium_Java_low_results.csv
16,107,2,medium,low,195.0,0.9069767441860463,Java_medium_Java_low_results.csv
16,79,2,medium,low,289.0,0.932258064516129,Java_medium_Java_low_results.csv
16,104,2,medium,low,251.0,0.8838028169014085,Java_medium_Java_low_results.csv
16,77,2,medium,low,356.0,0.9151670951156812,Java_medium_Java_low_results.csv
16,64,2,medium,low,559.0,0.9442567567567568,Java_medium_Java_low_results.csv
16,138,2,medium,low,197.0,0.916279069767442,Java_medium_Java_low_results.csv
16,124,2,medium,low,272.0,0.9543859649122808,Java_medium_Java_low_results.csv
16,128,2,medium,low,203.0,0.8353909465020576,Java_medium_Java_low_results.csv
16,126,2,medium,low,301.0,0.9435736677115988,Java_medium_Java_low_results.csv
16,140,2,medium,low,210.0,0.945945945945946,Java_medium_Java_low_results.csv
16,164,2,medium,low,226.0,0.9617021276595744,Java_medium_Java_low_results.csv
16,172,2,medium,low,189.0,0.8790697674418605,Java_medium_Java_low_results.csv
16,162,2,medium,low,224.0,0.8484848484848485,Java_medium_Java_low_results.csv
16,180,2,medium,low,196.0,0.9116279069767442,Java_medium_Java_low_results.csv
16,132,2,medium,low,372.0,0.9095354523227384,Java_medium_Java_low_results.csv
16,200,2,medium,low,199.0,0.9255813953488372,Java_medium_Java_low_results.csv
16,179,2,medium,low,360.0,0.9399477806788512,Java_medium_Java_low_results.csv
16,186,2,medium,low,215.0,0.9388646288209608,Java_medium_Java_low_results.csv
16,183,2,medium,low,262.0,0.9357142857142856,Java_medium_Java_low_results.csv
17,27,2,medium,low,202.0,0.9223744292237442,Java_medium_Java_low_results.csv
17,13,2,medium,low,241.0,0.9450980392156862,Java_medium_Java_low_results.csv
16,182,2,medium,low,372.0,0.93,Java_medium_Java_low_results.csv
16,176,2,medium,low,444.0,0.8809523809523809,Java_medium_Java_low_results.csv
17,21,2,medium,low,305.0,0.9621451104100948,Java_medium_Java_low_results.csv
17,29,2,medium,low,204.0,0.9315068493150684,Java_medium_Java_low_results.csv
17,35,2,medium,low,195.0,0.8904109589041096,Java_medium_Java_low_results.csv
17,34,2,medium,low,212.0,0.9680365296803652,Java_medium_Java_low_results.csv
17,31,2,medium,low,261.0,0.935483870967742,Java_medium_Java_low_results.csv
17,37,2,medium,low,199.0,0.908675799086758,Java_medium_Java_low_results.csv
17,56,2,medium,low,202.0,0.9223744292237442,Java_medium_Java_low_results.csv
17,65,2,medium,low,202.0,0.9223744292237442,Java_medium_Java_low_results.csv
17,41,2,medium,low,295.0,0.9276729559748428,Java_medium_Java_low_results.csv
17,43,2,medium,low,277.0,0.9551724137931036,Java_medium_Java_low_results.csv
17,44,2,medium,low,285.0,0.9726962457337884,Java_medium_Java_low_results.csv
17,71,2,medium,low,202.0,0.9223744292237442,Java_medium_Java_low_results.csv
17,74,2,medium,low,181.0,0.8264840182648402,Java_medium_Java_low_results.csv
17,67,2,medium,low,202.0,0.9223744292237442,Java_medium_Java_low_results.csv
17,63,2,medium,low,239.0,0.9192307692307692,Java_medium_Java_low_results.csv
17,60,2,medium,low,295.0,0.9640522875816994,Java_medium_Java_low_results.csv
17,78,2,medium,low,199.0,0.908675799086758,Java_medium_Java_low_results.csv
17,94,2,medium,low,193.0,0.8812785388127854,Java_medium_Java_low_results.csv
17,101,2,medium,low,196.0,0.8949771689497716,Java_medium_Java_low_results.csv
17,99,2,medium,low,201.0,0.9178082191780822,Java_medium_Java_low_results.csv
17,77,2,medium,low,360.0,0.9254498714652956,Java_medium_Java_low_results.csv
17,107,2,medium,low,211.0,0.9634703196347032,Java_medium_Java_low_results.csv
17,79,2,medium,low,294.0,0.9483870967741936,Java_medium_Java_low_results.csv
17,104,2,medium,low,258.0,0.908450704225352,Java_medium_Java_low_results.csv
17,64,2,medium,low,560.0,0.945945945945946,Java_medium_Java_low_results.csv
17,128,2,medium,low,225.0,0.925925925925926,Java_medium_Java_low_results.csv
17,124,2,medium,low,269.0,0.9438596491228072,Java_medium_Java_low_results.csv
17,138,2,medium,low,181.0,0.8264840182648402,Java_medium_Java_low_results.csv
17,126,2,medium,low,305.0,0.9561128526645768,Java_medium_Java_low_results.csv
17,140,2,medium,low,214.0,0.963963963963964,Java_medium_Java_low_results.csv
17,164,2,medium,low,218.0,0.9276595744680852,Java_medium_Java_low_results.csv
17,162,2,medium,low,248.0,0.9393939393939394,Java_medium_Java_low_results.csv
17,172,2,medium,low,205.0,0.9360730593607306,Java_medium_Java_low_results.csv
17,180,2,medium,low,205.0,0.9360730593607306,Java_medium_Java_low_results.csv
17,132,2,medium,low,383.0,0.9364303178484108,Java_medium_Java_low_results.csv
17,186,2,medium,low,220.0,0.960698689956332,Java_medium_Java_low_results.csv
17,200,2,medium,low,202.0,0.9223744292237442,Java_medium_Java_low_results.csv
17,183,2,medium,low,252.0,0.9,Java_medium_Java_low_results.csv
17,179,2,medium,low,366.0,0.9556135770234988,Java_medium_Java_low_results.csv
18,27,2,medium,low,279.0,0.9238410596026492,Java_medium_Java_low_results.csv
17,182,2,medium,low,375.0,0.9375,Java_medium_Java_low_results.csv
17,176,2,medium,low,450.0,0.8928571428571429,Java_medium_Java_low_results.csv
18,13,2,medium,low,294.0,0.9735099337748344,Java_medium_Java_low_results.csv
18,29,2,medium,low,261.0,0.8642384105960265,Java_medium_Java_low_results.csv
18,35,2,medium,low,281.0,0.9304635761589404,Java_medium_Java_low_results.csv
18,34,2,medium,low,269.0,0.890728476821192,Java_medium_Java_low_results.csv
18,21,2,medium,low,309.0,0.9747634069400632,Java_medium_Java_low_results.csv
18,31,2,medium,low,286.0,0.9470198675496688,Java_medium_Java_low_results.csv
18,37,2,medium,low,280.0,0.9271523178807948,Java_medium_Java_low_results.csv
18,65,2,medium,low,284.0,0.9403973509933776,Java_medium_Java_low_results.csv
18,56,2,medium,low,242.0,0.8013245033112583,Java_medium_Java_low_results.csv
18,41,2,medium,low,305.0,0.959119496855346,Java_medium_Java_low_results.csv
18,43,2,medium,low,286.0,0.9470198675496688,Java_medium_Java_low_results.csv
18,44,2,medium,low,283.0,0.9370860927152318,Java_medium_Java_low_results.csv
18,71,2,medium,low,287.0,0.9503311258278144,Java_medium_Java_low_results.csv
18,63,2,medium,low,257.0,0.8509933774834437,Java_medium_Java_low_results.csv
18,74,2,medium,low,279.0,0.9238410596026492,Java_medium_Java_low_results.csv
18,60,2,medium,low,291.0,0.9509803921568628,Java_medium_Java_low_results.csv
18,78,2,medium,low,265.0,0.8774834437086093,Java_medium_Java_low_results.csv
18,67,2,medium,low,285.0,0.9437086092715232,Java_medium_Java_low_results.csv
18,94,2,medium,low,277.0,0.9172185430463576,Java_medium_Java_low_results.csv
18,99,2,medium,low,283.0,0.9370860927152318,Java_medium_Java_low_results.csv
18,101,2,medium,low,285.0,0.9437086092715232,Java_medium_Java_low_results.csv
18,107,2,medium,low,282.0,0.933774834437086,Java_medium_Java_low_results.csv
18,79,2,medium,low,285.0,0.9193548387096774,Java_medium_Java_low_results.csv
18,64,2,medium,low,505.0,0.8530405405405406,Java_medium_Java_low_results.csv
18,104,2,medium,low,282.0,0.933774834437086,Java_medium_Java_low_results.csv
18,77,2,medium,low,328.0,0.8431876606683805,Java_medium_Java_low_results.csv
18,124,2,medium,low,279.0,0.9238410596026492,Java_medium_Java_low_results.csv
18,128,2,medium,low,278.0,0.9205298013245032,Java_medium_Java_low_results.csv
18,138,2,medium,low,281.0,0.9304635761589404,Java_medium_Java_low_results.csv
18,126,2,medium,low,298.0,0.9341692789968652,Java_medium_Java_low_results.csv
18,140,2,medium,low,243.0,0.804635761589404,Java_medium_Java_low_results.csv
18,164,2,medium,low,275.0,0.9105960264900662,Java_medium_Java_low_results.csv
18,162,2,medium,low,286.0,0.9470198675496688,Java_medium_Java_low_results.csv
18,172,2,medium,low,251.0,0.8311258278145696,Java_medium_Java_low_results.csv
18,132,2,medium,low,397.0,0.9706601466992664,Java_medium_Java_low_results.csv
18,180,2,medium,low,252.0,0.8344370860927153,Java_medium_Java_low_results.csv
18,200,2,medium,low,256.0,0.847682119205298,Java_medium_Java_low_results.csv
18,186,2,medium,low,288.0,0.9536423841059604,Java_medium_Java_low_results.csv
18,179,2,medium,low,340.0,0.8877284595300261,Java_medium_Java_low_results.csv
20,27,2,medium,low,179.0,0.8905472636815921,Java_medium_Java_low_results.csv
18,183,2,medium,low,270.0,0.8940397350993378,Java_medium_Java_low_results.csv
20,29,2,medium,low,194.0,0.965174129353234,Java_medium_Java_low_results.csv
18,176,2,medium,low,478.0,0.9484126984126984,Java_medium_Java_low_results.csv
20,13,2,medium,low,239.0,0.9372549019607844,Java_medium_Java_low_results.csv
18,182,2,medium,low,354.0,0.885,Java_medium_Java_low_results.csv
20,21,2,medium,low,306.0,0.9652996845425869,Java_medium_Java_low_results.csv
20,35,2,medium,low,176.0,0.8756218905472637,Java_medium_Java_low_results.csv
20,31,2,medium,low,253.0,0.906810035842294,Java_medium_Java_low_results.csv
20,34,2,medium,low,199.0,0.9754901960784312,Java_medium_Java_low_results.csv
20,37,2,medium,low,206.0,0.944954128440367,Java_medium_Java_low_results.csv
20,56,2,medium,low,181.0,0.900497512437811,Java_medium_Java_low_results.csv
20,65,2,medium,low,185.0,0.9203980099502488,Java_medium_Java_low_results.csv
20,43,2,medium,low,274.0,0.9448275862068966,Java_medium_Java_low_results.csv
20,41,2,medium,low,279.0,0.8773584905660378,Java_medium_Java_low_results.csv
20,44,2,medium,low,280.0,0.955631399317406,Java_medium_Java_low_results.csv
20,63,2,medium,low,241.0,0.926923076923077,Java_medium_Java_low_results.csv
20,71,2,medium,low,188.0,0.9353233830845772,Java_medium_Java_low_results.csv
20,60,2,medium,low,298.0,0.9738562091503268,Java_medium_Java_low_results.csv
20,67,2,medium,low,191.0,0.9502487562189056,Java_medium_Java_low_results.csv
20,74,2,medium,low,173.0,0.8606965174129353,Java_medium_Java_low_results.csv
20,78,2,medium,low,183.0,0.9104477611940298,Java_medium_Java_low_results.csv
20,94,2,medium,low,178.0,0.8855721393034826,Java_medium_Java_low_results.csv
20,101,2,medium,low,183.0,0.9104477611940298,Java_medium_Java_low_results.csv
20,99,2,medium,low,195.0,0.9701492537313432,Java_medium_Java_low_results.csv
20,79,2,medium,low,302.0,0.9741935483870968,Java_medium_Java_low_results.csv
20,107,2,medium,low,201.0,0.966346153846154,Java_medium_Java_low_results.csv
20,104,2,medium,low,259.0,0.9119718309859156,Java_medium_Java_low_results.csv
20,64,2,medium,low,559.0,0.9442567567567568,Java_medium_Java_low_results.csv
20,77,2,medium,low,352.0,0.9048843187660668,Java_medium_Java_low_results.csv
20,124,2,medium,low,278.0,0.975438596491228,Java_medium_Java_low_results.csv
20,138,2,medium,low,173.0,0.8606965174129353,Java_medium_Java_low_results.csv
20,128,2,medium,low,229.0,0.9423868312757202,Java_medium_Java_low_results.csv
20,126,2,medium,low,304.0,0.9529780564263324,Java_medium_Java_low_results.csv
20,140,2,medium,low,217.0,0.9774774774774776,Java_medium_Java_low_results.csv
20,164,2,medium,low,222.0,0.9446808510638298,Java_medium_Java_low_results.csv
20,172,2,medium,low,195.0,0.9701492537313432,Java_medium_Java_low_results.csv
20,162,2,medium,low,242.0,0.9166666666666666,Java_medium_Java_low_results.csv
20,180,2,medium,low,193.0,0.9601990049751244,Java_medium_Java_low_results.csv
20,132,2,medium,low,382.0,0.9339853300733496,Java_medium_Java_low_results.csv
20,200,2,medium,low,190.0,0.945273631840796,Java_medium_Java_low_results.csv
20,186,2,medium,low,222.0,0.9694323144104804,Java_medium_Java_low_results.csv
20,179,2,medium,low,364.0,0.9503916449086162,Java_medium_Java_low_results.csv
24,27,2,medium,low,186.0,0.8942307692307693,Java_medium_Java_low_results.csv
20,183,2,medium,low,254.0,0.9071428571428573,Java_medium_Java_low_results.csv
20,182,2,medium,low,372.0,0.93,Java_medium_Java_low_results.csv
24,13,2,medium,low,251.0,0.984313725490196,Java_medium_Java_low_results.csv
20,176,2,medium,low,433.0,0.8591269841269841,Java_medium_Java_low_results.csv
24,29,2,medium,low,184.0,0.8846153846153846,Java_medium_Java_low_results.csv
24,35,2,medium,low,197.0,0.9471153846153846,Java_medium_Java_low_results.csv
24,21,2,medium,low,304.0,0.9589905362776026,Java_medium_Java_low_results.csv
24,34,2,medium,low,194.0,0.9326923076923076,Java_medium_Java_low_results.csv
24,31,2,medium,low,255.0,0.913978494623656,Java_medium_Java_low_results.csv
24,37,2,medium,low,209.0,0.9587155963302753,Java_medium_Java_low_results.csv
24,56,2,medium,low,184.0,0.8846153846153846,Java_medium_Java_low_results.csv
24,65,2,medium,low,193.0,0.9278846153846154,Java_medium_Java_low_results.csv
24,43,2,medium,low,267.0,0.9206896551724136,Java_medium_Java_low_results.csv
24,41,2,medium,low,300.0,0.9433962264150944,Java_medium_Java_low_results.csv
24,44,2,medium,low,263.0,0.8976109215017065,Java_medium_Java_low_results.csv
24,71,2,medium,low,199.0,0.9567307692307692,Java_medium_Java_low_results.csv
24,67,2,medium,low,203.0,0.9759615384615384,Java_medium_Java_low_results.csv
24,63,2,medium,low,229.0,0.8807692307692307,Java_medium_Java_low_results.csv
24,60,2,medium,low,271.0,0.8856209150326797,Java_medium_Java_low_results.csv
24,74,2,medium,low,186.0,0.8942307692307693,Java_medium_Java_low_results.csv
24,78,2,medium,low,183.0,0.8798076923076923,Java_medium_Java_low_results.csv
24,94,2,medium,low,181.0,0.8701923076923077,Java_medium_Java_low_results.csv
24,99,2,medium,low,198.0,0.9519230769230768,Java_medium_Java_low_results.csv
24,101,2,medium,low,197.0,0.9471153846153846,Java_medium_Java_low_results.csv
24,79,2,medium,low,280.0,0.9032258064516128,Java_medium_Java_low_results.csv
24,107,2,medium,low,206.0,0.9903846153846154,Java_medium_Java_low_results.csv
24,77,2,medium,low,343.0,0.8817480719794345,Java_medium_Java_low_results.csv
24,104,2,medium,low,269.0,0.9471830985915493,Java_medium_Java_low_results.csv
24,64,2,medium,low,535.0,0.9037162162162162,Java_medium_Java_low_results.csv
24,124,2,medium,low,262.0,0.9192982456140352,Java_medium_Java_low_results.csv
24,128,2,medium,low,229.0,0.9423868312757202,Java_medium_Java_low_results.csv
24,138,2,medium,low,194.0,0.9326923076923076,Java_medium_Java_low_results.csv
24,126,2,medium,low,292.0,0.915360501567398,Java_medium_Java_low_results.csv
24,140,2,medium,low,202.0,0.90990990990991,Java_medium_Java_low_results.csv
24,162,2,medium,low,245.0,0.928030303030303,Java_medium_Java_low_results.csv
24,172,2,medium,low,194.0,0.9326923076923076,Java_medium_Java_low_results.csv
24,164,2,medium,low,210.0,0.8936170212765957,Java_medium_Java_low_results.csv
24,132,2,medium,low,387.0,0.9462102689486552,Java_medium_Java_low_results.csv
24,180,2,medium,low,185.0,0.8894230769230769,Java_medium_Java_low_results.csv
24,200,2,medium,low,181.0,0.8701923076923077,Java_medium_Java_low_results.csv
24,186,2,medium,low,220.0,0.960698689956332,Java_medium_Java_low_results.csv
24,179,2,medium,low,346.0,0.9033942558746736,Java_medium_Java_low_results.csv
24,183,2,medium,low,232.0,0.8285714285714286,Java_medium_Java_low_results.csv
25,27,2,medium,low,327.0,0.9033149171270718,Java_medium_Java_low_results.csv
24,182,2,medium,low,343.0,0.8575,Java_medium_Java_low_results.csv
24,176,2,medium,low,476.0,0.9444444444444444,Java_medium_Java_low_results.csv
25,13,2,medium,low,310.0,0.856353591160221,Java_medium_Java_low_results.csv
25,29,2,medium,low,345.0,0.9530386740331492,Java_medium_Java_low_results.csv
25,35,2,medium,low,313.0,0.8646408839779005,Java_medium_Java_low_results.csv
25,34,2,medium,low,334.0,0.9226519337016574,Java_medium_Java_low_results.csv
25,21,2,medium,low,319.0,0.8812154696132597,Java_medium_Java_low_results.csv
25,37,2,medium,low,333.0,0.919889502762431,Java_medium_Java_low_results.csv
25,31,2,medium,low,318.0,0.8784530386740331,Java_medium_Java_low_results.csv
25,56,2,medium,low,345.0,0.9530386740331492,Java_medium_Java_low_results.csv
25,65,2,medium,low,344.0,0.9502762430939228,Java_medium_Java_low_results.csv
25,41,2,medium,low,336.0,0.9281767955801103,Java_medium_Java_low_results.csv
25,43,2,medium,low,341.0,0.9419889502762432,Java_medium_Java_low_results.csv
25,44,2,medium,low,329.0,0.9088397790055248,Java_medium_Java_low_results.csv
25,71,2,medium,low,338.0,0.9337016574585636,Java_medium_Java_low_results.csv
25,74,2,medium,low,326.0,0.9005524861878453,Java_medium_Java_low_results.csv
25,63,2,medium,low,335.0,0.925414364640884,Java_medium_Java_low_results.csv
25,60,2,medium,low,334.0,0.9226519337016574,Java_medium_Java_low_results.csv
25,67,2,medium,low,310.0,0.856353591160221,Java_medium_Java_low_results.csv
25,78,2,medium,low,341.0,0.9419889502762432,Java_medium_Java_low_results.csv
25,94,2,medium,low,342.0,0.9447513812154696,Java_medium_Java_low_results.csv
25,99,2,medium,low,306.0,0.8453038674033149,Java_medium_Java_low_results.csv
25,101,2,medium,low,318.0,0.8784530386740331,Java_medium_Java_low_results.csv
25,79,2,medium,low,345.0,0.9530386740331492,Java_medium_Java_low_results.csv
25,107,2,medium,low,314.0,0.8674033149171271,Java_medium_Java_low_results.csv
25,104,2,medium,low,329.0,0.9088397790055248,Java_medium_Java_low_results.csv
25,77,2,medium,low,363.0,0.9331619537275064,Java_medium_Java_low_results.csv
25,64,2,medium,low,549.0,0.9273648648648648,Java_medium_Java_low_results.csv
25,124,2,medium,low,346.0,0.9558011049723756,Java_medium_Java_low_results.csv
25,128,2,medium,low,322.0,0.8895027624309392,Java_medium_Java_low_results.csv
25,138,2,medium,low,315.0,0.8701657458563536,Java_medium_Java_low_results.csv
25,126,2,medium,low,341.0,0.9419889502762432,Java_medium_Java_low_results.csv
25,140,2,medium,low,345.0,0.9530386740331492,Java_medium_Java_low_results.csv
25,162,2,medium,low,332.0,0.9171270718232044,Java_medium_Java_low_results.csv
25,172,2,medium,low,334.0,0.9226519337016574,Java_medium_Java_low_results.csv
25,164,2,medium,low,338.0,0.9337016574585636,Java_medium_Java_low_results.csv
25,180,2,medium,low,339.0,0.93646408839779,Java_medium_Java_low_results.csv
25,132,2,medium,low,362.0,0.8850855745721271,Java_medium_Java_low_results.csv
32,13,2,medium,low,231.0,0.9058823529411764,Java_medium_Java_low_results.csv
32,27,2,medium,low,132.0,0.9428571428571428,Java_medium_Java_low_results.csv
25,200,2,medium,low,342.0,0.9447513812154696,Java_medium_Java_low_results.csv
32,21,2,medium,low,280.0,0.8832807570977917,Java_medium_Java_low_results.csv
25,179,2,medium,low,373.0,0.9738903394255874,Java_medium_Java_low_results.csv
25,186,2,medium,low,308.0,0.850828729281768,Java_medium_Java_low_results.csv
32,29,2,medium,low,178.0,0.9726775956284152,Java_medium_Java_low_results.csv
32,35,2,medium,low,140.0,0.8187134502923976,Java_medium_Java_low_results.csv
32,34,2,medium,low,196.0,0.9607843137254902,Java_medium_Java_low_results.csv
25,183,2,medium,low,352.0,0.9723756906077348,Java_medium_Java_low_results.csv
32,31,2,medium,low,232.0,0.8315412186379928,Java_medium_Java_low_results.csv
32,37,2,medium,low,186.0,0.8532110091743119,Java_medium_Java_low_results.csv
25,176,2,medium,low,463.0,0.9186507936507936,Java_medium_Java_low_results.csv
25,182,2,medium,low,393.0,0.9825,Java_medium_Java_low_results.csv
32,56,2,medium,low,143.0,0.9794520547945206,Java_medium_Java_low_results.csv
32,65,2,medium,low,128.0,0.9142857142857144,Java_medium_Java_low_results.csv
32,41,2,medium,low,281.0,0.8836477987421384,Java_medium_Java_low_results.csv
32,43,2,medium,low,280.0,0.9655172413793104,Java_medium_Java_low_results.csv
32,44,2,medium,low,279.0,0.9522184300341296,Java_medium_Java_low_results.csv
32,71,2,medium,low,129.0,0.9214285714285714,Java_medium_Java_low_results.csv
32,60,2,medium,low,287.0,0.937908496732026,Java_medium_Java_low_results.csv
32,63,2,medium,low,243.0,0.9346153846153846,Java_medium_Java_low_results.csv
32,67,2,medium,low,148.0,0.9426751592356688,Java_medium_Java_low_results.csv
32,74,2,medium,low,116.0,0.8285714285714286,Java_medium_Java_low_results.csv
32,78,2,medium,low,124.0,0.8857142857142857,Java_medium_Java_low_results.csv
32,94,2,medium,low,138.0,0.9857142857142858,Java_medium_Java_low_results.csv
32,101,2,medium,low,149.0,0.9430379746835444,Java_medium_Java_low_results.csv
32,99,2,medium,low,159.0,0.9190751445086706,Java_medium_Java_low_results.csv
32,107,2,medium,low,191.0,0.9182692307692308,Java_medium_Java_low_results.csv
32,79,2,medium,low,292.0,0.9419354838709676,Java_medium_Java_low_results.csv
32,104,2,medium,low,246.0,0.8661971830985915,Java_medium_Java_low_results.csv
32,77,2,medium,low,364.0,0.93573264781491,Java_medium_Java_low_results.csv
32,64,2,medium,low,568.0,0.9594594594594594,Java_medium_Java_low_results.csv
32,124,2,medium,low,270.0,0.9473684210526316,Java_medium_Java_low_results.csv
32,128,2,medium,low,188.0,0.7736625514403292,Java_medium_Java_low_results.csv
32,138,2,medium,low,141.0,0.8757763975155279,Java_medium_Java_low_results.csv
32,126,2,medium,low,305.0,0.9561128526645768,Java_medium_Java_low_results.csv
32,140,2,medium,low,209.0,0.9414414414414416,Java_medium_Java_low_results.csv
32,162,2,medium,low,232.0,0.8787878787878788,Java_medium_Java_low_results.csv
32,164,2,medium,low,219.0,0.9319148936170212,Java_medium_Java_low_results.csv
32,172,2,medium,low,170.0,0.9770114942528736,Java_medium_Java_low_results.csv
32,132,2,medium,low,380.0,0.9290953545232272,Java_medium_Java_low_results.csv
32,180,2,medium,low,152.0,0.9620253164556962,Java_medium_Java_low_results.csv
32,179,2,medium,low,360.0,0.9399477806788512,Java_medium_Java_low_results.csv
32,200,2,medium,low,164.0,0.9265536723163842,Java_medium_Java_low_results.csv
32,186,2,medium,low,190.0,0.8296943231441049,Java_medium_Java_low_results.csv
32,183,2,medium,low,261.0,0.9321428571428572,Java_medium_Java_low_results.csv
32,182,2,medium,low,382.0,0.955,Java_medium_Java_low_results.csv
33,27,2,medium,low,225.0,0.87890625,Java_medium_Java_low_results.csv
32,176,2,medium,low,436.0,0.8650793650793651,Java_medium_Java_low_results.csv
33,29,2,medium,low,228.0,0.890625,Java_medium_Java_low_results.csv
33,13,2,medium,low,241.0,0.94140625,Java_medium_Java_low_results.csv
33,34,2,medium,low,231.0,0.90234375,Java_medium_Java_low_results.csv
33,21,2,medium,low,303.0,0.9558359621451104,Java_medium_Java_low_results.csv
33,35,2,medium,low,230.0,0.8984375,Java_medium_Java_low_results.csv
33,31,2,medium,low,258.0,0.9247311827956988,Java_medium_Java_low_results.csv
33,37,2,medium,low,245.0,0.95703125,Java_medium_Java_low_results.csv
33,65,2,medium,low,240.0,0.9375,Java_medium_Java_low_results.csv
33,56,2,medium,low,225.0,0.87890625,Java_medium_Java_low_results.csv
33,41,2,medium,low,303.0,0.9528301886792452,Java_medium_Java_low_results.csv
33,43,2,medium,low,245.0,0.8448275862068966,Java_medium_Java_low_results.csv
33,44,2,medium,low,252.0,0.8600682593856656,Java_medium_Java_low_results.csv
33,71,2,medium,low,244.0,0.953125,Java_medium_Java_low_results.csv
33,74,2,medium,low,242.0,0.9453125,Java_medium_Java_low_results.csv
33,67,2,medium,low,237.0,0.92578125,Java_medium_Java_low_results.csv
33,63,2,medium,low,225.0,0.8653846153846154,Java_medium_Java_low_results.csv
33,60,2,medium,low,270.0,0.8823529411764706,Java_medium_Java_low_results.csv
33,78,2,medium,low,229.0,0.89453125,Java_medium_Java_low_results.csv
33,94,2,medium,low,243.0,0.94921875,Java_medium_Java_low_results.csv
33,101,2,medium,low,241.0,0.94140625,Java_medium_Java_low_results.csv
33,99,2,medium,low,234.0,0.9140625,Java_medium_Java_low_results.csv
33,107,2,medium,low,240.0,0.9375,Java_medium_Java_low_results.csv
33,104,2,medium,low,271.0,0.954225352112676,Java_medium_Java_low_results.csv
33,79,2,medium,low,268.0,0.864516129032258,Java_medium_Java_low_results.csv
33,77,2,medium,low,335.0,0.8611825192802056,Java_medium_Java_low_results.csv
33,64,2,medium,low,514.0,0.8682432432432432,Java_medium_Java_low_results.csv
33,124,2,medium,low,252.0,0.8842105263157894,Java_medium_Java_low_results.csv
33,128,2,medium,low,245.0,0.95703125,Java_medium_Java_low_results.csv
33,138,2,medium,low,240.0,0.9375,Java_medium_Java_low_results.csv
33,126,2,medium,low,291.0,0.9122257053291536,Java_medium_Java_low_results.csv
33,140,2,medium,low,226.0,0.8828125,Java_medium_Java_low_results.csv
33,162,2,medium,low,257.0,0.9734848484848484,Java_medium_Java_low_results.csv
33,164,2,medium,low,240.0,0.9375,Java_medium_Java_low_results.csv
33,172,2,medium,low,228.0,0.890625,Java_medium_Java_low_results.csv
33,132,2,medium,low,379.0,0.9266503667481664,Java_medium_Java_low_results.csv
33,180,2,medium,low,224.0,0.875,Java_medium_Java_low_results.csv
33,200,2,medium,low,227.0,0.88671875,Java_medium_Java_low_results.csv
33,186,2,medium,low,241.0,0.94140625,Java_medium_Java_low_results.csv
33,183,2,medium,low,265.0,0.9464285714285714,Java_medium_Java_low_results.csv
33,179,2,medium,low,334.0,0.8720626631853786,Java_medium_Java_low_results.csv
40,27,2,medium,low,165.0,0.9269662921348316,Java_medium_Java_low_results.csv
40,13,2,medium,low,233.0,0.9137254901960784,Java_medium_Java_low_results.csv
40,29,2,medium,low,177.0,0.9672131147540984,Java_medium_Java_low_results.csv
40,21,2,medium,low,298.0,0.94006309148265,Java_medium_Java_low_results.csv
33,176,2,medium,low,471.0,0.9345238095238096,Java_medium_Java_low_results.csv
33,182,2,medium,low,357.0,0.8925,Java_medium_Java_low_results.csv
40,34,2,medium,low,198.0,0.9705882352941176,Java_medium_Java_low_results.csv
40,35,2,medium,low,165.0,0.9269662921348316,Java_medium_Java_low_results.csv
40,31,2,medium,low,252.0,0.9032258064516128,Java_medium_Java_low_results.csv
40,37,2,medium,low,203.0,0.9311926605504588,Java_medium_Java_low_results.csv
40,65,2,medium,low,166.0,0.9325842696629212,Java_medium_Java_low_results.csv
40,56,2,medium,low,171.0,0.9606741573033708,Java_medium_Java_low_results.csv
40,43,2,medium,low,272.0,0.9379310344827586,Java_medium_Java_low_results.csv
40,41,2,medium,low,285.0,0.8962264150943396,Java_medium_Java_low_results.csv
40,44,2,medium,low,275.0,0.938566552901024,Java_medium_Java_low_results.csv
40,71,2,medium,low,158.0,0.8876404494382022,Java_medium_Java_low_results.csv
40,63,2,medium,low,246.0,0.946153846153846,Java_medium_Java_low_results.csv
40,60,2,medium,low,292.0,0.954248366013072,Java_medium_Java_low_results.csv
40,67,2,medium,low,169.0,0.949438202247191,Java_medium_Java_low_results.csv
40,74,2,medium,low,156.0,0.8764044943820225,Java_medium_Java_low_results.csv
40,78,2,medium,low,161.0,0.904494382022472,Java_medium_Java_low_results.csv
40,94,2,medium,low,159.0,0.8932584269662921,Java_medium_Java_low_results.csv
40,99,2,medium,low,171.0,0.9606741573033708,Java_medium_Java_low_results.csv
40,101,2,medium,low,164.0,0.9213483146067416,Java_medium_Java_low_results.csv
40,79,2,medium,low,290.0,0.935483870967742,Java_medium_Java_low_results.csv
40,107,2,medium,low,197.0,0.9471153846153846,Java_medium_Java_low_results.csv
40,64,2,medium,low,567.0,0.9577702702702704,Java_medium_Java_low_results.csv
40,77,2,medium,low,361.0,0.9280205655526992,Java_medium_Java_low_results.csv
40,104,2,medium,low,247.0,0.8697183098591549,Java_medium_Java_low_results.csv
40,124,2,medium,low,274.0,0.9614035087719298,Java_medium_Java_low_results.csv
40,128,2,medium,low,209.0,0.8600823045267489,Java_medium_Java_low_results.csv
40,138,2,medium,low,159.0,0.8932584269662921,Java_medium_Java_low_results.csv
40,126,2,medium,low,300.0,0.9404388714733544,Java_medium_Java_low_results.csv
40,140,2,medium,low,205.0,0.9234234234234234,Java_medium_Java_low_results.csv
40,172,2,medium,low,174.0,0.9775280898876404,Java_medium_Java_low_results.csv
40,162,2,medium,low,232.0,0.8787878787878788,Java_medium_Java_low_results.csv
40,164,2,medium,low,220.0,0.9361702127659576,Java_medium_Java_low_results.csv
40,180,2,medium,low,174.0,0.9775280898876404,Java_medium_Java_low_results.csv
40,132,2,medium,low,383.0,0.9364303178484108,Java_medium_Java_low_results.csv
40,200,2,medium,low,171.0,0.9606741573033708,Java_medium_Java_low_results.csv
42,13,2,medium,low,244.0,0.9568627450980391,Java_medium_Java_low_results.csv
40,186,2,medium,low,211.0,0.9213973799126638,Java_medium_Java_low_results.csv
40,179,2,medium,low,361.0,0.9425587467362924,Java_medium_Java_low_results.csv
42,27,2,medium,low,103.0,0.9196428571428572,Java_medium_Java_low_results.csv
40,183,2,medium,low,263.0,0.9392857142857144,Java_medium_Java_low_results.csv
42,21,2,medium,low,297.0,0.9369085173501576,Java_medium_Java_low_results.csv
40,182,2,medium,low,383.0,0.9575,Java_medium_Java_low_results.csv
42,29,2,medium,low,168.0,0.918032786885246,Java_medium_Java_low_results.csv
40,176,2,medium,low,458.0,0.9087301587301588,Java_medium_Java_low_results.csv
42,35,2,medium,low,157.0,0.9181286549707602,Java_medium_Java_low_results.csv
42,34,2,medium,low,175.0,0.8578431372549019,Java_medium_Java_low_results.csv
42,37,2,medium,low,198.0,0.908256880733945,Java_medium_Java_low_results.csv
42,31,2,medium,low,257.0,0.921146953405018,Java_medium_Java_low_results.csv
42,56,2,medium,low,124.0,0.8493150684931506,Java_medium_Java_low_results.csv
42,65,2,medium,low,108.0,0.9642857142857144,Java_medium_Java_low_results.csv
42,41,2,medium,low,304.0,0.9559748427672956,Java_medium_Java_low_results.csv
42,43,2,medium,low,249.0,0.8586206896551725,Java_medium_Java_low_results.csv
42,44,2,medium,low,249.0,0.8498293515358362,Java_medium_Java_low_results.csv
42,71,2,medium,low,107.0,0.9553571428571428,Java_medium_Java_low_results.csv
42,74,2,medium,low,105.0,0.9375,Java_medium_Java_low_results.csv
42,63,2,medium,low,220.0,0.8461538461538461,Java_medium_Java_low_results.csv
42,67,2,medium,low,150.0,0.9554140127388536,Java_medium_Java_low_results.csv
42,60,2,medium,low,265.0,0.8660130718954249,Java_medium_Java_low_results.csv
42,78,2,medium,low,99.0,0.8839285714285714,Java_medium_Java_low_results.csv
42,94,2,medium,low,126.0,0.9692307692307692,Java_medium_Java_low_results.csv
42,99,2,medium,low,160.0,0.9248554913294798,Java_medium_Java_low_results.csv
42,101,2,medium,low,144.0,0.9113924050632912,Java_medium_Java_low_results.csv
42,107,2,medium,low,193.0,0.9278846153846154,Java_medium_Java_low_results.csv
42,79,2,medium,low,265.0,0.8548387096774194,Java_medium_Java_low_results.csv
42,104,2,medium,low,267.0,0.9401408450704224,Java_medium_Java_low_results.csv
42,77,2,medium,low,345.0,0.8868894601542416,Java_medium_Java_low_results.csv
42,64,2,medium,low,533.0,0.9003378378378378,Java_medium_Java_low_results.csv
42,124,2,medium,low,253.0,0.887719298245614,Java_medium_Java_low_results.csv
42,128,2,medium,low,225.0,0.925925925925926,Java_medium_Java_low_results.csv
42,138,2,medium,low,145.0,0.9006211180124224,Java_medium_Java_low_results.csv
42,126,2,medium,low,276.0,0.8652037617554859,Java_medium_Java_low_results.csv
42,140,2,medium,low,183.0,0.8243243243243243,Java_medium_Java_low_results.csv
42,172,2,medium,low,157.0,0.9022988505747126,Java_medium_Java_low_results.csv
42,164,2,medium,low,209.0,0.8893617021276595,Java_medium_Java_low_results.csv
42,162,2,medium,low,248.0,0.9393939393939394,Java_medium_Java_low_results.csv
42,180,2,medium,low,142.0,0.8987341772151899,Java_medium_Java_low_results.csv
42,132,2,medium,low,381.0,0.9315403422982884,Java_medium_Java_low_results.csv
42,200,2,medium,low,156.0,0.8813559322033898,Java_medium_Java_low_results.csv
42,179,2,medium,low,345.0,0.9007832898172324,Java_medium_Java_low_results.csv
42,186,2,medium,low,209.0,0.9126637554585152,Java_medium_Java_low_results.csv
42,183,2,medium,low,244.0,0.8714285714285714,Java_medium_Java_low_results.csv
42,176,2,medium,low,479.0,0.9503968253968254,Java_medium_Java_low_results.csv
42,182,2,medium,low,365.0,0.9125,Java_medium_Java_low_results.csv
50,27,2,medium,low,306.0,0.9415384615384615,Java_medium_Java_low_results.csv
50,29,2,medium,low,279.0,0.8584615384615385,Java_medium_Java_low_results.csv
50,13,2,medium,low,319.0,0.9815384615384616,Java_medium_Java_low_results.csv
50,35,2,medium,low,310.0,0.953846153846154,Java_medium_Java_low_results.csv
50,34,2,medium,low,294.0,0.9046153846153846,Java_medium_Java_low_results.csv
50,37,2,medium,low,305.0,0.9384615384615383,Java_medium_Java_low_results.csv
50,21,2,medium,low,317.0,0.9753846153846154,Java_medium_Java_low_results.csv
50,31,2,medium,low,315.0,0.9692307692307692,Java_medium_Java_low_results.csv
50,56,2,medium,low,278.0,0.8553846153846154,Java_medium_Java_low_results.csv
50,65,2,medium,low,304.0,0.9353846153846154,Java_medium_Java_low_results.csv
50,41,2,medium,low,322.0,0.9907692307692308,Java_medium_Java_low_results.csv
50,71,2,medium,low,312.0,0.96,Java_medium_Java_low_results.csv
50,74,2,medium,low,311.0,0.9569230769230768,Java_medium_Java_low_results.csv
50,43,2,medium,low,299.0,0.92,Java_medium_Java_low_results.csv
50,44,2,medium,low,301.0,0.926153846153846,Java_medium_Java_low_results.csv
50,67,2,medium,low,316.0,0.9723076923076924,Java_medium_Java_low_results.csv
50,63,2,medium,low,301.0,0.926153846153846,Java_medium_Java_low_results.csv
50,60,2,medium,low,303.0,0.9323076923076924,Java_medium_Java_low_results.csv
50,78,2,medium,low,296.0,0.9107692307692308,Java_medium_Java_low_results.csv
50,94,2,medium,low,299.0,0.92,Java_medium_Java_low_results.csv
50,99,2,medium,low,316.0,0.9723076923076924,Java_medium_Java_low_results.csv
50,101,2,medium,low,309.0,0.9507692307692308,Java_medium_Java_low_results.csv
50,107,2,medium,low,305.0,0.9384615384615383,Java_medium_Java_low_results.csv
50,79,2,medium,low,317.0,0.9753846153846154,Java_medium_Java_low_results.csv
50,104,2,medium,low,316.0,0.9723076923076924,Java_medium_Java_low_results.csv
50,77,2,medium,low,361.0,0.9280205655526992,Java_medium_Java_low_results.csv
50,64,2,medium,low,535.0,0.9037162162162162,Java_medium_Java_low_results.csv
50,124,2,medium,low,310.0,0.953846153846154,Java_medium_Java_low_results.csv
50,128,2,medium,low,308.0,0.9476923076923076,Java_medium_Java_low_results.csv
50,138,2,medium,low,309.0,0.9507692307692308,Java_medium_Java_low_results.csv
50,126,2,medium,low,308.0,0.9476923076923076,Java_medium_Java_low_results.csv
50,140,2,medium,low,305.0,0.9384615384615383,Java_medium_Java_low_results.csv
50,164,2,medium,low,293.0,0.9015384615384616,Java_medium_Java_low_results.csv
50,162,2,medium,low,313.0,0.963076923076923,Java_medium_Java_low_results.csv
50,172,2,medium,low,273.0,0.84,Java_medium_Java_low_results.csv
50,180,2,medium,low,290.0,0.8923076923076924,Java_medium_Java_low_results.csv
50,132,2,medium,low,387.0,0.9462102689486552,Java_medium_Java_low_results.csv
51,13,2,medium,low,240.0,0.9411764705882352,Java_medium_Java_low_results.csv
51,27,2,medium,low,75.0,0.8333333333333334,Java_medium_Java_low_results.csv
51,21,2,medium,low,294.0,0.9274447949526814,Java_medium_Java_low_results.csv
50,200,2,medium,low,297.0,0.913846153846154,Java_medium_Java_low_results.csv
51,29,2,medium,low,161.0,0.8797814207650273,Java_medium_Java_low_results.csv
50,179,2,medium,low,352.0,0.9190600522193212,Java_medium_Java_low_results.csv
50,186,2,medium,low,311.0,0.9569230769230768,Java_medium_Java_low_results.csv
51,34,2,medium,low,181.0,0.8872549019607843,Java_medium_Java_low_results.csv
51,31,2,medium,low,259.0,0.92831541218638,Java_medium_Java_low_results.csv
51,35,2,medium,low,156.0,0.912280701754386,Java_medium_Java_low_results.csv
50,183,2,medium,low,291.0,0.8953846153846153,Java_medium_Java_low_results.csv
51,37,2,medium,low,202.0,0.926605504587156,Java_medium_Java_low_results.csv
51,56,2,medium,low,114.0,0.7808219178082192,Java_medium_Java_low_results.csv
50,176,2,medium,low,477.0,0.9464285714285714,Java_medium_Java_low_results.csv
51,43,2,medium,low,257.0,0.8862068965517241,Java_medium_Java_low_results.csv
51,41,2,medium,low,300.0,0.9433962264150944,Java_medium_Java_low_results.csv
51,44,2,medium,low,266.0,0.9078498293515358,Java_medium_Java_low_results.csv
51,65,2,medium,low,82.0,0.9111111111111112,Java_medium_Java_low_results.csv
51,71,2,medium,low,90.0,1.0,Java_medium_Java_low_results.csv
50,182,2,medium,low,361.0,0.9025,Java_medium_Java_low_results.csv
51,67,2,medium,low,148.0,0.9426751592356688,Java_medium_Java_low_results.csv
51,60,2,medium,low,265.0,0.8660130718954249,Java_medium_Java_low_results.csv
51,74,2,medium,low,94.0,0.94,Java_medium_Java_low_results.csv
51,63,2,medium,low,218.0,0.8384615384615385,Java_medium_Java_low_results.csv
51,78,2,medium,low,83.0,0.8829787234042553,Java_medium_Java_low_results.csv
51,94,2,medium,low,113.0,0.8692307692307693,Java_medium_Java_low_results.csv
51,101,2,medium,low,146.0,0.9240506329113924,Java_medium_Java_low_results.csv
51,99,2,medium,low,166.0,0.9595375722543352,Java_medium_Java_low_results.csv
51,64,2,medium,low,539.0,0.910472972972973,Java_medium_Java_low_results.csv
51,104,2,medium,low,259.0,0.9119718309859156,Java_medium_Java_low_results.csv
51,77,2,medium,low,344.0,0.884318766066838,Java_medium_Java_low_results.csv
51,107,2,medium,low,188.0,0.903846153846154,Java_medium_Java_low_results.csv
51,79,2,medium,low,270.0,0.8709677419354839,Java_medium_Java_low_results.csv
51,128,2,medium,low,225.0,0.925925925925926,Java_medium_Java_low_results.csv
51,124,2,medium,low,252.0,0.8842105263157894,Java_medium_Java_low_results.csv
51,138,2,medium,low,145.0,0.9006211180124224,Java_medium_Java_low_results.csv
51,126,2,medium,low,284.0,0.890282131661442,Java_medium_Java_low_results.csv
51,140,2,medium,low,180.0,0.8108108108108109,Java_medium_Java_low_results.csv
51,164,2,medium,low,204.0,0.8680851063829788,Java_medium_Java_low_results.csv
51,162,2,medium,low,248.0,0.9393939393939394,Java_medium_Java_low_results.csv
51,172,2,medium,low,156.0,0.896551724137931,Java_medium_Java_low_results.csv
51,180,2,medium,low,132.0,0.8354430379746836,Java_medium_Java_low_results.csv
51,132,2,medium,low,388.0,0.9486552567237164,Java_medium_Java_low_results.csv
51,200,2,medium,low,150.0,0.847457627118644,Java_medium_Java_low_results.csv
51,179,2,medium,low,338.0,0.8825065274151436,Java_medium_Java_low_results.csv
51,186,2,medium,low,213.0,0.9301310043668122,Java_medium_Java_low_results.csv
51,183,2,medium,low,238.0,0.85,Java_medium_Java_low_results.csv
51,182,2,medium,low,354.0,0.885,Java_medium_Java_low_results.csv
53,27,2,medium,low,161.0,0.930635838150289,Java_medium_Java_low_results.csv
51,176,2,medium,low,482.0,0.9563492063492064,Java_medium_Java_low_results.csv
53,29,2,medium,low,173.0,0.9453551912568308,Java_medium_Java_low_results.csv
53,13,2,medium,low,241.0,0.9450980392156862,Java_medium_Java_low_results.csv
53,34,2,medium,low,194.0,0.9509803921568628,Java_medium_Java_low_results.csv
53,35,2,medium,low,164.0,0.9479768786127168,Java_medium_Java_low_results.csv
53,21,2,medium,low,286.0,0.9022082018927444,Java_medium_Java_low_results.csv
53,37,2,medium,low,199.0,0.9128440366972476,Java_medium_Java_low_results.csv
53,31,2,medium,low,250.0,0.8960573476702509,Java_medium_Java_low_results.csv
53,56,2,medium,low,166.0,0.9595375722543352,Java_medium_Java_low_results.csv
53,65,2,medium,low,158.0,0.9132947976878611,Java_medium_Java_low_results.csv
53,41,2,medium,low,287.0,0.9025157232704404,Java_medium_Java_low_results.csv
53,43,2,medium,low,272.0,0.9379310344827586,Java_medium_Java_low_results.csv
53,44,2,medium,low,278.0,0.9488054607508531,Java_medium_Java_low_results.csv
53,71,2,medium,low,157.0,0.907514450867052,Java_medium_Java_low_results.csv
53,63,2,medium,low,244.0,0.9384615384615383,Java_medium_Java_low_results.csv
53,74,2,medium,low,160.0,0.9248554913294798,Java_medium_Java_low_results.csv
53,67,2,medium,low,160.0,0.9248554913294798,Java_medium_Java_low_results.csv
53,60,2,medium,low,290.0,0.9477124183006536,Java_medium_Java_low_results.csv
53,78,2,medium,low,158.0,0.9132947976878611,Java_medium_Java_low_results.csv
53,94,2,medium,low,166.0,0.9595375722543352,Java_medium_Java_low_results.csv
53,101,2,medium,low,163.0,0.9421965317919077,Java_medium_Java_low_results.csv
53,99,2,medium,low,166.0,0.9595375722543352,Java_medium_Java_low_results.csv
53,79,2,medium,low,293.0,0.9451612903225808,Java_medium_Java_low_results.csv
53,107,2,medium,low,199.0,0.9567307692307692,Java_medium_Java_low_results.csv
53,77,2,medium,low,368.0,0.9460154241645244,Java_medium_Java_low_results.csv
53,104,2,medium,low,256.0,0.9014084507042254,Java_medium_Java_low_results.csv
53,64,2,medium,low,558.0,0.9425675675675677,Java_medium_Java_low_results.csv
53,128,2,medium,low,220.0,0.9053497942386832,Java_medium_Java_low_results.csv
53,124,2,medium,low,260.0,0.912280701754386,Java_medium_Java_low_results.csv
53,138,2,medium,low,167.0,0.9653179190751444,Java_medium_Java_low_results.csv
53,126,2,medium,low,297.0,0.9310344827586208,Java_medium_Java_low_results.csv
53,140,2,medium,low,208.0,0.9369369369369368,Java_medium_Java_low_results.csv
53,162,2,medium,low,239.0,0.9053030303030304,Java_medium_Java_low_results.csv
53,172,2,medium,low,170.0,0.9770114942528736,Java_medium_Java_low_results.csv
53,164,2,medium,low,217.0,0.9234042553191488,Java_medium_Java_low_results.csv
53,180,2,medium,low,167.0,0.9653179190751444,Java_medium_Java_low_results.csv
53,132,2,medium,low,370.0,0.904645476772616,Java_medium_Java_low_results.csv
53,200,2,medium,low,167.0,0.943502824858757,Java_medium_Java_low_results.csv
53,186,2,medium,low,207.0,0.9039301310043668,Java_medium_Java_low_results.csv
53,183,2,medium,low,256.0,0.9142857142857144,Java_medium_Java_low_results.csv
53,179,2,medium,low,350.0,0.9138381201044388,Java_medium_Java_low_results.csv
54,27,2,medium,low,128.0,0.8827586206896552,Java_medium_Java_low_results.csv
54,13,2,medium,low,246.0,0.9647058823529412,Java_medium_Java_low_results.csv
53,176,2,medium,low,450.0,0.8928571428571429,Java_medium_Java_low_results.csv
53,182,2,medium,low,372.0,0.93,Java_medium_Java_low_results.csv
54,21,2,medium,low,303.0,0.9558359621451104,Java_medium_Java_low_results.csv
54,29,2,medium,low,162.0,0.8852459016393442,Java_medium_Java_low_results.csv
54,35,2,medium,low,156.0,0.912280701754386,Java_medium_Java_low_results.csv
54,34,2,medium,low,185.0,0.9068627450980392,Java_medium_Java_low_results.csv
54,37,2,medium,low,201.0,0.9220183486238532,Java_medium_Java_low_results.csv
54,31,2,medium,low,256.0,0.9175627240143368,Java_medium_Java_low_results.csv
54,56,2,medium,low,132.0,0.9041095890410958,Java_medium_Java_low_results.csv
54,65,2,medium,low,131.0,0.903448275862069,Java_medium_Java_low_results.csv
54,41,2,medium,low,298.0,0.9371069182389936,Java_medium_Java_low_results.csv
54,43,2,medium,low,240.0,0.8275862068965517,Java_medium_Java_low_results.csv
54,44,2,medium,low,248.0,0.8464163822525598,Java_medium_Java_low_results.csv
54,71,2,medium,low,132.0,0.9103448275862068,Java_medium_Java_low_results.csv
54,63,2,medium,low,208.0,0.8,Java_medium_Java_low_results.csv
54,74,2,medium,low,133.0,0.9172413793103448,Java_medium_Java_low_results.csv
54,60,2,medium,low,251.0,0.8202614379084967,Java_medium_Java_low_results.csv
54,67,2,medium,low,154.0,0.9808917197452228,Java_medium_Java_low_results.csv
54,78,2,medium,low,120.0,0.8275862068965517,Java_medium_Java_low_results.csv
54,94,2,medium,low,139.0,0.9586206896551724,Java_medium_Java_low_results.csv
54,99,2,medium,low,164.0,0.9479768786127168,Java_medium_Java_low_results.csv
54,101,2,medium,low,149.0,0.9430379746835444,Java_medium_Java_low_results.csv
54,107,2,medium,low,195.0,0.9375,Java_medium_Java_low_results.csv
54,77,2,medium,low,320.0,0.8226221079691517,Java_medium_Java_low_results.csv
54,79,2,medium,low,263.0,0.8483870967741935,Java_medium_Java_low_results.csv
54,104,2,medium,low,263.0,0.926056338028169,Java_medium_Java_low_results.csv
54,64,2,medium,low,523.0,0.8834459459459459,Java_medium_Java_low_results.csv
54,128,2,medium,low,222.0,0.9135802469135802,Java_medium_Java_low_results.csv
54,124,2,medium,low,252.0,0.8842105263157894,Java_medium_Java_low_results.csv
54,138,2,medium,low,146.0,0.906832298136646,Java_medium_Java_low_results.csv
54,126,2,medium,low,280.0,0.877742946708464,Java_medium_Java_low_results.csv
54,140,2,medium,low,182.0,0.8198198198198198,Java_medium_Java_low_results.csv
54,162,2,medium,low,248.0,0.9393939393939394,Java_medium_Java_low_results.csv
54,164,2,medium,low,209.0,0.8893617021276595,Java_medium_Java_low_results.csv
54,172,2,medium,low,164.0,0.942528735632184,Java_medium_Java_low_results.csv
54,180,2,medium,low,148.0,0.9367088607594936,Java_medium_Java_low_results.csv
54,132,2,medium,low,378.0,0.9242053789731052,Java_medium_Java_low_results.csv
54,179,2,medium,low,339.0,0.8851174934725848,Java_medium_Java_low_results.csv
54,200,2,medium,low,152.0,0.8587570621468926,Java_medium_Java_low_results.csv
54,186,2,medium,low,213.0,0.9301310043668122,Java_medium_Java_low_results.csv
54,183,2,medium,low,237.0,0.8464285714285714,Java_medium_Java_low_results.csv
54,182,2,medium,low,352.0,0.88,Java_medium_Java_low_results.csv
54,176,2,medium,low,476.0,0.9444444444444444,Java_medium_Java_low_results.csv
55,27,2,medium,low,351.0,0.9023136246786632,Java_medium_Java_low_results.csv
55,29,2,medium,low,363.0,0.9331619537275064,Java_medium_Java_low_results.csv
55,13,2,medium,low,348.0,0.8946015424164524,Java_medium_Java_low_results.csv
55,35,2,medium,low,338.0,0.8688946015424165,Java_medium_Java_low_results.csv
55,34,2,medium,low,358.0,0.9203084832904884,Java_medium_Java_low_results.csv
55,37,2,medium,low,341.0,0.8766066838046273,Java_medium_Java_low_results.csv
55,21,2,medium,low,366.0,0.9408740359897172,Java_medium_Java_low_results.csv
55,31,2,medium,low,344.0,0.884318766066838,Java_medium_Java_low_results.csv
55,65,2,medium,low,370.0,0.9511568123393316,Java_medium_Java_low_results.csv
55,56,2,medium,low,363.0,0.9331619537275064,Java_medium_Java_low_results.csv
55,41,2,medium,low,345.0,0.8868894601542416,Java_medium_Java_low_results.csv
55,71,2,medium,low,360.0,0.9254498714652956,Java_medium_Java_low_results.csv
55,44,2,medium,low,364.0,0.93573264781491,Java_medium_Java_low_results.csv
55,43,2,medium,low,359.0,0.922879177377892,Java_medium_Java_low_results.csv
55,74,2,medium,low,340.0,0.8740359897172236,Java_medium_Java_low_results.csv
55,67,2,medium,low,351.0,0.9023136246786632,Java_medium_Java_low_results.csv
55,63,2,medium,low,361.0,0.9280205655526992,Java_medium_Java_low_results.csv
55,60,2,medium,low,374.0,0.961439588688946,Java_medium_Java_low_results.csv
55,78,2,medium,low,354.0,0.910025706940874,Java_medium_Java_low_results.csv
55,94,2,medium,low,348.0,0.8946015424164524,Java_medium_Java_low_results.csv
55,99,2,medium,low,338.0,0.8688946015424165,Java_medium_Java_low_results.csv
55,101,2,medium,low,341.0,0.8766066838046273,Java_medium_Java_low_results.csv
55,79,2,medium,low,365.0,0.9383033419023136,Java_medium_Java_low_results.csv
55,107,2,medium,low,349.0,0.897172236503856,Java_medium_Java_low_results.csv
55,104,2,medium,low,339.0,0.87146529562982,Java_medium_Java_low_results.csv
55,64,2,medium,low,561.0,0.9476351351351352,Java_medium_Java_low_results.csv
55,77,2,medium,low,373.0,0.9588688946015425,Java_medium_Java_low_results.csv
55,124,2,medium,low,362.0,0.9305912596401028,Java_medium_Java_low_results.csv
55,138,2,medium,low,329.0,0.8457583547557841,Java_medium_Java_low_results.csv
55,128,2,medium,low,332.0,0.8534704370179949,Java_medium_Java_low_results.csv
55,126,2,medium,low,371.0,0.9537275064267352,Java_medium_Java_low_results.csv
55,140,2,medium,low,350.0,0.8997429305912596,Java_medium_Java_low_results.csv
55,172,2,medium,low,365.0,0.9383033419023136,Java_medium_Java_low_results.csv
55,164,2,medium,low,353.0,0.9074550128534704,Java_medium_Java_low_results.csv
55,162,2,medium,low,351.0,0.9023136246786632,Java_medium_Java_low_results.csv
55,180,2,medium,low,357.0,0.9177377892030848,Java_medium_Java_low_results.csv
55,132,2,medium,low,399.0,0.9755501222493888,Java_medium_Java_low_results.csv
57,13,2,medium,low,236.0,0.9254901960784314,Java_medium_Java_low_results.csv
57,27,2,medium,low,78.0,0.9069767441860463,Java_medium_Java_low_results.csv
57,21,2,medium,low,298.0,0.94006309148265,Java_medium_Java_low_results.csv
55,200,2,medium,low,358.0,0.9203084832904884,Java_medium_Java_low_results.csv
57,29,2,medium,low,167.0,0.912568306010929,Java_medium_Java_low_results.csv
55,179,2,medium,low,382.0,0.9820051413881749,Java_medium_Java_low_results.csv
57,34,2,medium,low,190.0,0.931372549019608,Java_medium_Java_low_results.csv
57,31,2,medium,low,254.0,0.910394265232975,Java_medium_Java_low_results.csv
57,35,2,medium,low,159.0,0.9298245614035088,Java_medium_Java_low_results.csv
55,186,2,medium,low,329.0,0.8457583547557841,Java_medium_Java_low_results.csv
57,37,2,medium,low,195.0,0.8944954128440367,Java_medium_Java_low_results.csv
55,183,2,medium,low,349.0,0.897172236503856,Java_medium_Java_low_results.csv
57,56,2,medium,low,135.0,0.9246575342465754,Java_medium_Java_low_results.csv
57,43,2,medium,low,269.0,0.9275862068965516,Java_medium_Java_low_results.csv
57,41,2,medium,low,300.0,0.9433962264150944,Java_medium_Java_low_results.csv
57,44,2,medium,low,279.0,0.9522184300341296,Java_medium_Java_low_results.csv
57,65,2,medium,low,78.0,0.9069767441860463,Java_medium_Java_low_results.csv
57,63,2,medium,low,237.0,0.9115384615384616,Java_medium_Java_low_results.csv
55,176,2,medium,low,458.0,0.9087301587301588,Java_medium_Java_low_results.csv
57,60,2,medium,low,293.0,0.9575163398692812,Java_medium_Java_low_results.csv
57,71,2,medium,low,83.0,0.9325842696629212,Java_medium_Java_low_results.csv
57,74,2,medium,low,95.0,0.95,Java_medium_Java_low_results.csv
57,67,2,medium,low,151.0,0.961783439490446,Java_medium_Java_low_results.csv
57,78,2,medium,low,87.0,0.925531914893617,Java_medium_Java_low_results.csv
57,94,2,medium,low,117.0,0.9,Java_medium_Java_low_results.csv
55,182,2,medium,low,389.0,0.9725,Java_medium_Java_low_results.csv
57,99,2,medium,low,161.0,0.930635838150289,Java_medium_Java_low_results.csv
57,101,2,medium,low,138.0,0.8734177215189873,Java_medium_Java_low_results.csv
57,64,2,medium,low,565.0,0.954391891891892,Java_medium_Java_low_results.csv
57,79,2,medium,low,287.0,0.9258064516129032,Java_medium_Java_low_results.csv
57,77,2,medium,low,365.0,0.9383033419023136,Java_medium_Java_low_results.csv
57,104,2,medium,low,263.0,0.926056338028169,Java_medium_Java_low_results.csv
57,107,2,medium,low,185.0,0.8894230769230769,Java_medium_Java_low_results.csv
57,138,2,medium,low,145.0,0.9006211180124224,Java_medium_Java_low_results.csv
57,124,2,medium,low,267.0,0.936842105263158,Java_medium_Java_low_results.csv
57,140,2,medium,low,203.0,0.9144144144144144,Java_medium_Java_low_results.csv
57,128,2,medium,low,221.0,0.9094650205761317,Java_medium_Java_low_results.csv
57,126,2,medium,low,299.0,0.9373040752351096,Java_medium_Java_low_results.csv
57,164,2,medium,low,212.0,0.902127659574468,Java_medium_Java_low_results.csv
57,172,2,medium,low,157.0,0.9022988505747126,Java_medium_Java_low_results.csv
57,162,2,medium,low,239.0,0.9053030303030304,Java_medium_Java_low_results.csv
57,132,2,medium,low,374.0,0.9144254278728606,Java_medium_Java_low_results.csv
57,180,2,medium,low,151.0,0.9556962025316456,Java_medium_Java_low_results.csv
57,200,2,medium,low,164.0,0.9265536723163842,Java_medium_Java_low_results.csv
57,179,2,medium,low,355.0,0.9268929503916448,Java_medium_Java_low_results.csv
57,186,2,medium,low,210.0,0.9170305676855895,Java_medium_Java_low_results.csv
57,183,2,medium,low,256.0,0.9142857142857144,Java_medium_Java_low_results.csv
58,27,2,medium,low,128.0,0.8258064516129032,Java_medium_Java_low_results.csv
57,176,2,medium,low,474.0,0.9404761904761904,Java_medium_Java_low_results.csv
57,182,2,medium,low,376.0,0.94,Java_medium_Java_low_results.csv
58,13,2,medium,low,234.0,0.9176470588235294,Java_medium_Java_low_results.csv
58,29,2,medium,low,168.0,0.918032786885246,Java_medium_Java_low_results.csv
58,34,2,medium,low,185.0,0.9068627450980392,Java_medium_Java_low_results.csv
58,35,2,medium,low,161.0,0.9415204678362572,Java_medium_Java_low_results.csv
58,21,2,medium,low,296.0,0.9337539432176656,Java_medium_Java_low_results.csv
58,31,2,medium,low,255.0,0.913978494623656,Java_medium_Java_low_results.csv
58,37,2,medium,low,197.0,0.9036697247706422,Java_medium_Java_low_results.csv
58,65,2,medium,low,148.0,0.9548387096774194,Java_medium_Java_low_results.csv
58,56,2,medium,low,145.0,0.935483870967742,Java_medium_Java_low_results.csv
58,41,2,medium,low,283.0,0.889937106918239,Java_medium_Java_low_results.csv
58,43,2,medium,low,251.0,0.8655172413793103,Java_medium_Java_low_results.csv
58,44,2,medium,low,234.0,0.7986348122866894,Java_medium_Java_low_results.csv
58,71,2,medium,low,146.0,0.9419354838709676,Java_medium_Java_low_results.csv
58,74,2,medium,low,146.0,0.9419354838709676,Java_medium_Java_low_results.csv
58,63,2,medium,low,220.0,0.8461538461538461,Java_medium_Java_low_results.csv
58,67,2,medium,low,153.0,0.9745222929936306,Java_medium_Java_low_results.csv
58,60,2,medium,low,252.0,0.8235294117647058,Java_medium_Java_low_results.csv
58,78,2,medium,low,131.0,0.8451612903225807,Java_medium_Java_low_results.csv
58,94,2,medium,low,150.0,0.967741935483871,Java_medium_Java_low_results.csv
58,101,2,medium,low,156.0,0.9873417721518988,Java_medium_Java_low_results.csv
58,99,2,medium,low,158.0,0.9132947976878611,Java_medium_Java_low_results.csv
58,107,2,medium,low,194.0,0.9326923076923076,Java_medium_Java_low_results.csv
58,77,2,medium,low,320.0,0.8226221079691517,Java_medium_Java_low_results.csv
58,64,2,medium,low,525.0,0.8868243243243243,Java_medium_Java_low_results.csv
58,79,2,medium,low,254.0,0.8193548387096774,Java_medium_Java_low_results.csv
58,104,2,medium,low,252.0,0.8873239436619719,Java_medium_Java_low_results.csv
58,124,2,medium,low,259.0,0.9087719298245616,Java_medium_Java_low_results.csv
58,128,2,medium,low,222.0,0.9135802469135802,Java_medium_Java_low_results.csv
58,138,2,medium,low,156.0,0.968944099378882,Java_medium_Java_low_results.csv
58,126,2,medium,low,285.0,0.8934169278996865,Java_medium_Java_low_results.csv
58,140,2,medium,low,189.0,0.8513513513513513,Java_medium_Java_low_results.csv
58,164,2,medium,low,205.0,0.8723404255319149,Java_medium_Java_low_results.csv
58,162,2,medium,low,243.0,0.9204545454545454,Java_medium_Java_low_results.csv
58,172,2,medium,low,157.0,0.9022988505747126,Java_medium_Java_low_results.csv
58,180,2,medium,low,142.0,0.8987341772151899,Java_medium_Java_low_results.csv
58,132,2,medium,low,378.0,0.9242053789731052,Java_medium_Java_low_results.csv
58,200,2,medium,low,158.0,0.8926553672316384,Java_medium_Java_low_results.csv
58,179,2,medium,low,336.0,0.8772845953002611,Java_medium_Java_low_results.csv
58,186,2,medium,low,207.0,0.9039301310043668,Java_medium_Java_low_results.csv
58,183,2,medium,low,247.0,0.8821428571428571,Java_medium_Java_low_results.csv
61,27,2,medium,low,185.0,0.8851674641148325,Java_medium_Java_low_results.csv
58,176,2,medium,low,463.0,0.9186507936507936,Java_medium_Java_low_results.csv
58,182,2,medium,low,362.0,0.905,Java_medium_Java_low_results.csv
61,13,2,medium,low,245.0,0.9607843137254902,Java_medium_Java_low_results.csv
61,29,2,medium,low,183.0,0.8755980861244019,Java_medium_Java_low_results.csv
61,34,2,medium,low,189.0,0.9043062200956936,Java_medium_Java_low_results.csv
61,21,2,medium,low,305.0,0.9621451104100948,Java_medium_Java_low_results.csv
61,35,2,medium,low,194.0,0.9282296650717704,Java_medium_Java_low_results.csv
61,31,2,medium,low,255.0,0.913978494623656,Java_medium_Java_low_results.csv
61,37,2,medium,low,200.0,0.9174311926605504,Java_medium_Java_low_results.csv
61,65,2,medium,low,198.0,0.9473684210526316,Java_medium_Java_low_results.csv
61,56,2,medium,low,180.0,0.861244019138756,Java_medium_Java_low_results.csv
61,41,2,medium,low,300.0,0.9433962264150944,Java_medium_Java_low_results.csv
61,43,2,medium,low,238.0,0.8206896551724138,Java_medium_Java_low_results.csv
61,44,2,medium,low,257.0,0.8771331058020477,Java_medium_Java_low_results.csv
61,71,2,medium,low,196.0,0.937799043062201,Java_medium_Java_low_results.csv
61,63,2,medium,low,211.0,0.8115384615384615,Java_medium_Java_low_results.csv
61,74,2,medium,low,195.0,0.9330143540669856,Java_medium_Java_low_results.csv
61,67,2,medium,low,198.0,0.9473684210526316,Java_medium_Java_low_results.csv
61,60,2,medium,low,257.0,0.8398692810457516,Java_medium_Java_low_results.csv
61,78,2,medium,low,180.0,0.861244019138756,Java_medium_Java_low_results.csv
61,94,2,medium,low,199.0,0.9521531100478468,Java_medium_Java_low_results.csv
61,101,2,medium,low,194.0,0.9282296650717704,Java_medium_Java_low_results.csv
61,99,2,medium,low,192.0,0.9186602870813396,Java_medium_Java_low_results.csv
61,79,2,medium,low,239.0,0.7709677419354839,Java_medium_Java_low_results.csv
61,107,2,medium,low,196.0,0.937799043062201,Java_medium_Java_low_results.csv
61,104,2,medium,low,257.0,0.9049295774647887,Java_medium_Java_low_results.csv
61,77,2,medium,low,324.0,0.8329048843187661,Java_medium_Java_low_results.csv
61,64,2,medium,low,514.0,0.8682432432432432,Java_medium_Java_low_results.csv
61,128,2,medium,low,232.0,0.9547325102880658,Java_medium_Java_low_results.csv
61,138,2,medium,low,194.0,0.9282296650717704,Java_medium_Java_low_results.csv
61,124,2,medium,low,230.0,0.8070175438596491,Java_medium_Java_low_results.csv
61,126,2,medium,low,273.0,0.8557993730407524,Java_medium_Java_low_results.csv
61,140,2,medium,low,186.0,0.8378378378378378,Java_medium_Java_low_results.csv
61,172,2,medium,low,178.0,0.8516746411483254,Java_medium_Java_low_results.csv
61,164,2,medium,low,212.0,0.902127659574468,Java_medium_Java_low_results.csv
61,162,2,medium,low,247.0,0.9356060606060606,Java_medium_Java_low_results.csv
61,132,2,medium,low,382.0,0.9339853300733496,Java_medium_Java_low_results.csv
61,180,2,medium,low,175.0,0.8373205741626795,Java_medium_Java_low_results.csv
61,179,2,medium,low,314.0,0.8198433420365535,Java_medium_Java_low_results.csv
61,200,2,medium,low,188.0,0.8995215311004785,Java_medium_Java_low_results.csv
62,13,2,medium,low,228.0,0.8941176470588236,Java_medium_Java_low_results.csv
61,186,2,medium,low,214.0,0.9344978165938864,Java_medium_Java_low_results.csv
62,27,2,medium,low,122.0,0.8905109489051095,Java_medium_Java_low_results.csv
62,21,2,medium,low,284.0,0.8958990536277602,Java_medium_Java_low_results.csv
61,183,2,medium,low,240.0,0.8571428571428571,Java_medium_Java_low_results.csv
61,182,2,medium,low,346.0,0.865,Java_medium_Java_low_results.csv
61,176,2,medium,low,473.0,0.9384920634920636,Java_medium_Java_low_results.csv
62,29,2,medium,low,178.0,0.9726775956284152,Java_medium_Java_low_results.csv
62,34,2,medium,low,197.0,0.965686274509804,Java_medium_Java_low_results.csv
62,35,2,medium,low,153.0,0.8947368421052632,Java_medium_Java_low_results.csv
62,31,2,medium,low,236.0,0.8458781362007168,Java_medium_Java_low_results.csv
62,37,2,medium,low,192.0,0.8807339449541285,Java_medium_Java_low_results.csv
62,56,2,medium,low,142.0,0.9726027397260274,Java_medium_Java_low_results.csv
62,65,2,medium,low,129.0,0.9416058394160584,Java_medium_Java_low_results.csv
62,41,2,medium,low,283.0,0.889937106918239,Java_medium_Java_low_results.csv
62,44,2,medium,low,274.0,0.9351535836177476,Java_medium_Java_low_results.csv
62,43,2,medium,low,269.0,0.9275862068965516,Java_medium_Java_low_results.csv
62,71,2,medium,low,126.0,0.9197080291970804,Java_medium_Java_low_results.csv
62,74,2,medium,low,122.0,0.8905109489051095,Java_medium_Java_low_results.csv
62,67,2,medium,low,144.0,0.9171974522292994,Java_medium_Java_low_results.csv
62,60,2,medium,low,286.0,0.934640522875817,Java_medium_Java_low_results.csv
62,63,2,medium,low,237.0,0.9115384615384616,Java_medium_Java_low_results.csv
62,78,2,medium,low,123.0,0.8978102189781022,Java_medium_Java_low_results.csv
62,94,2,medium,low,134.0,0.978102189781022,Java_medium_Java_low_results.csv
62,99,2,medium,low,161.0,0.930635838150289,Java_medium_Java_low_results.csv
62,101,2,medium,low,149.0,0.9430379746835444,Java_medium_Java_low_results.csv
62,79,2,medium,low,290.0,0.935483870967742,Java_medium_Java_low_results.csv
62,107,2,medium,low,187.0,0.8990384615384616,Java_medium_Java_low_results.csv
62,64,2,medium,low,566.0,0.956081081081081,Java_medium_Java_low_results.csv
62,77,2,medium,low,361.0,0.9280205655526992,Java_medium_Java_low_results.csv
62,104,2,medium,low,251.0,0.8838028169014085,Java_medium_Java_low_results.csv
62,138,2,medium,low,144.0,0.8944099378881988,Java_medium_Java_low_results.csv
62,124,2,medium,low,262.0,0.9192982456140352,Java_medium_Java_low_results.csv
62,128,2,medium,low,218.0,0.897119341563786,Java_medium_Java_low_results.csv
62,126,2,medium,low,305.0,0.9561128526645768,Java_medium_Java_low_results.csv
62,140,2,medium,low,205.0,0.9234234234234234,Java_medium_Java_low_results.csv
62,162,2,medium,low,232.0,0.8787878787878788,Java_medium_Java_low_results.csv
62,164,2,medium,low,219.0,0.9319148936170212,Java_medium_Java_low_results.csv
62,172,2,medium,low,171.0,0.9827586206896552,Java_medium_Java_low_results.csv
62,132,2,medium,low,365.0,0.8924205378973105,Java_medium_Java_low_results.csv
62,180,2,medium,low,155.0,0.981012658227848,Java_medium_Java_low_results.csv
66,13,2,medium,low,248.0,0.9725490196078432,Java_medium_Java_low_results.csv
62,200,2,medium,low,162.0,0.9152542372881356,Java_medium_Java_low_results.csv
62,186,2,medium,low,201.0,0.8777292576419214,Java_medium_Java_low_results.csv
66,27,2,medium,low,66.0,0.9295774647887324,Java_medium_Java_low_results.csv
66,21,2,medium,low,303.0,0.9558359621451104,Java_medium_Java_low_results.csv
62,179,2,medium,low,362.0,0.9451697127937336,Java_medium_Java_low_results.csv
62,183,2,medium,low,257.0,0.9178571428571428,Java_medium_Java_low_results.csv
66,29,2,medium,low,170.0,0.9289617486338798,Java_medium_Java_low_results.csv
66,34,2,medium,low,192.0,0.9411764705882352,Java_medium_Java_low_results.csv
66,31,2,medium,low,271.0,0.971326164874552,Java_medium_Java_low_results.csv
62,176,2,medium,low,461.0,0.9146825396825397,Java_medium_Java_low_results.csv
66,35,2,medium,low,161.0,0.9415204678362572,Java_medium_Java_low_results.csv
66,37,2,medium,low,205.0,0.9403669724770642,Java_medium_Java_low_results.csv
62,182,2,medium,low,375.0,0.9375,Java_medium_Java_low_results.csv
66,41,2,medium,low,310.0,0.9748427672955976,Java_medium_Java_low_results.csv
66,56,2,medium,low,130.0,0.8904109589041096,Java_medium_Java_low_results.csv
66,65,2,medium,low,55.0,0.9482758620689656,Java_medium_Java_low_results.csv
66,43,2,medium,low,269.0,0.9275862068965516,Java_medium_Java_low_results.csv
66,44,2,medium,low,278.0,0.9488054607508531,Java_medium_Java_low_results.csv
66,67,2,medium,low,153.0,0.9745222929936306,Java_medium_Java_low_results.csv
66,71,2,medium,low,87.0,0.9775280898876404,Java_medium_Java_low_results.csv
66,74,2,medium,low,96.0,0.96,Java_medium_Java_low_results.csv
66,63,2,medium,low,235.0,0.903846153846154,Java_medium_Java_low_results.csv
66,60,2,medium,low,283.0,0.9248366013071896,Java_medium_Java_low_results.csv
66,78,2,medium,low,86.0,0.9148936170212766,Java_medium_Java_low_results.csv
66,94,2,medium,low,120.0,0.9230769230769232,Java_medium_Java_low_results.csv
66,101,2,medium,low,153.0,0.9683544303797468,Java_medium_Java_low_results.csv
66,99,2,medium,low,165.0,0.953757225433526,Java_medium_Java_low_results.csv
66,107,2,medium,low,197.0,0.9471153846153846,Java_medium_Java_low_results.csv
66,79,2,medium,low,291.0,0.9387096774193548,Java_medium_Java_low_results.csv
66,77,2,medium,low,357.0,0.9177377892030848,Java_medium_Java_low_results.csv
66,64,2,medium,low,568.0,0.9594594594594594,Java_medium_Java_low_results.csv
66,104,2,medium,low,275.0,0.9683098591549296,Java_medium_Java_low_results.csv
66,124,2,medium,low,272.0,0.9543859649122808,Java_medium_Java_low_results.csv
66,138,2,medium,low,153.0,0.9503105590062112,Java_medium_Java_low_results.csv
66,128,2,medium,low,228.0,0.9382716049382716,Java_medium_Java_low_results.csv
66,164,2,medium,low,211.0,0.8978723404255319,Java_medium_Java_low_results.csv
66,126,2,medium,low,298.0,0.9341692789968652,Java_medium_Java_low_results.csv
66,140,2,medium,low,203.0,0.9144144144144144,Java_medium_Java_low_results.csv
66,162,2,medium,low,255.0,0.9659090909090908,Java_medium_Java_low_results.csv
66,132,2,medium,low,396.0,0.9682151589242054,Java_medium_Java_low_results.csv
66,172,2,medium,low,159.0,0.913793103448276,Java_medium_Java_low_results.csv
66,180,2,medium,low,147.0,0.930379746835443,Java_medium_Java_low_results.csv
66,186,2,medium,low,223.0,0.9737991266375546,Java_medium_Java_low_results.csv
66,200,2,medium,low,153.0,0.864406779661017,Java_medium_Java_low_results.csv
66,179,2,medium,low,353.0,0.9216710182767625,Java_medium_Java_low_results.csv
66,183,2,medium,low,258.0,0.9214285714285714,Java_medium_Java_low_results.csv
66,182,2,medium,low,376.0,0.94,Java_medium_Java_low_results.csv
66,176,2,medium,low,490.0,0.9722222222222222,Java_medium_Java_low_results.csv
72,27,2,medium,low,300.0,0.9174311926605504,Java_medium_Java_low_results.csv
72,29,2,medium,low,280.0,0.8562691131498471,Java_medium_Java_low_results.csv
72,35,2,medium,low,304.0,0.9296636085626911,Java_medium_Java_low_results.csv
72,34,2,medium,low,278.0,0.8501529051987767,Java_medium_Java_low_results.csv
72,37,2,medium,low,295.0,0.9021406727828746,Java_medium_Java_low_results.csv
72,13,2,medium,low,311.0,0.9510703363914372,Java_medium_Java_low_results.csv
72,31,2,medium,low,303.0,0.926605504587156,Java_medium_Java_low_results.csv
72,21,2,medium,low,312.0,0.9541284403669724,Java_medium_Java_low_results.csv
72,65,2,medium,low,314.0,0.9602446483180428,Java_medium_Java_low_results.csv
72,56,2,medium,low,289.0,0.8837920489296636,Java_medium_Java_low_results.csv
72,41,2,medium,low,321.0,0.981651376146789,Java_medium_Java_low_results.csv
72,71,2,medium,low,309.0,0.944954128440367,Java_medium_Java_low_results.csv
72,43,2,medium,low,286.0,0.8746177370030581,Java_medium_Java_low_results.csv
72,44,2,medium,low,292.0,0.8929663608562691,Java_medium_Java_low_results.csv
72,67,2,medium,low,314.0,0.9602446483180428,Java_medium_Java_low_results.csv
72,74,2,medium,low,306.0,0.9357798165137616,Java_medium_Java_low_results.csv
72,63,2,medium,low,277.0,0.8470948012232415,Java_medium_Java_low_results.csv
72,60,2,medium,low,295.0,0.9021406727828746,Java_medium_Java_low_results.csv
72,78,2,medium,low,297.0,0.908256880733945,Java_medium_Java_low_results.csv
72,94,2,medium,low,303.0,0.926605504587156,Java_medium_Java_low_results.csv
72,101,2,medium,low,303.0,0.926605504587156,Java_medium_Java_low_results.csv
72,99,2,medium,low,308.0,0.9418960244648318,Java_medium_Java_low_results.csv
72,79,2,medium,low,286.0,0.8746177370030581,Java_medium_Java_low_results.csv
72,107,2,medium,low,294.0,0.8990825688073395,Java_medium_Java_low_results.csv
72,104,2,medium,low,307.0,0.9388379204892966,Java_medium_Java_low_results.csv
72,77,2,medium,low,339.0,0.87146529562982,Java_medium_Java_low_results.csv
72,64,2,medium,low,522.0,0.8817567567567568,Java_medium_Java_low_results.csv
72,138,2,medium,low,303.0,0.926605504587156,Java_medium_Java_low_results.csv
72,128,2,medium,low,305.0,0.9327217125382264,Java_medium_Java_low_results.csv
72,124,2,medium,low,292.0,0.8929663608562691,Java_medium_Java_low_results.csv
72,126,2,medium,low,302.0,0.9235474006116208,Java_medium_Java_low_results.csv
72,140,2,medium,low,273.0,0.8348623853211009,Java_medium_Java_low_results.csv
72,164,2,medium,low,298.0,0.91131498470948,Java_medium_Java_low_results.csv
72,172,2,medium,low,288.0,0.8807339449541285,Java_medium_Java_low_results.csv
72,162,2,medium,low,312.0,0.9541284403669724,Java_medium_Java_low_results.csv
72,180,2,medium,low,283.0,0.8654434250764526,Java_medium_Java_low_results.csv
72,132,2,medium,low,379.0,0.9266503667481664,Java_medium_Java_low_results.csv
72,200,2,medium,low,296.0,0.9051987767584098,Java_medium_Java_low_results.csv
72,186,2,medium,low,308.0,0.9418960244648318,Java_medium_Java_low_results.csv
72,179,2,medium,low,338.0,0.8825065274151436,Java_medium_Java_low_results.csv
72,183,2,medium,low,309.0,0.944954128440367,Java_medium_Java_low_results.csv
73,27,2,medium,low,304.0,0.9020771513353116,Java_medium_Java_low_results.csv
72,176,2,medium,low,476.0,0.9444444444444444,Java_medium_Java_low_results.csv
73,13,2,medium,low,321.0,0.9525222551928784,Java_medium_Java_low_results.csv
72,182,2,medium,low,370.0,0.925,Java_medium_Java_low_results.csv
73,21,2,medium,low,323.0,0.9584569732937686,Java_medium_Java_low_results.csv
73,29,2,medium,low,303.0,0.8991097922848664,Java_medium_Java_low_results.csv
73,35,2,medium,low,311.0,0.9228486646884272,Java_medium_Java_low_results.csv
73,34,2,medium,low,295.0,0.8753709198813057,Java_medium_Java_low_results.csv
73,31,2,medium,low,310.0,0.9198813056379822,Java_medium_Java_low_results.csv
73,37,2,medium,low,309.0,0.9169139465875372,Java_medium_Java_low_results.csv
73,56,2,medium,low,304.0,0.9020771513353116,Java_medium_Java_low_results.csv
73,65,2,medium,low,321.0,0.9525222551928784,Java_medium_Java_low_results.csv
73,41,2,medium,low,323.0,0.9584569732937686,Java_medium_Java_low_results.csv
73,43,2,medium,low,281.0,0.8338278931750742,Java_medium_Java_low_results.csv
73,44,2,medium,low,294.0,0.8724035608308606,Java_medium_Java_low_results.csv
73,63,2,medium,low,285.0,0.8456973293768546,Java_medium_Java_low_results.csv
73,71,2,medium,low,321.0,0.9525222551928784,Java_medium_Java_low_results.csv
73,60,2,medium,low,300.0,0.8902077151335311,Java_medium_Java_low_results.csv
73,74,2,medium,low,320.0,0.9495548961424332,Java_medium_Java_low_results.csv
73,67,2,medium,low,319.0,0.9465875370919882,Java_medium_Java_low_results.csv
73,78,2,medium,low,301.0,0.8931750741839762,Java_medium_Java_low_results.csv
73,94,2,medium,low,317.0,0.940652818991098,Java_medium_Java_low_results.csv
73,101,2,medium,low,305.0,0.9050445103857568,Java_medium_Java_low_results.csv
73,99,2,medium,low,305.0,0.9050445103857568,Java_medium_Java_low_results.csv
73,107,2,medium,low,310.0,0.9198813056379822,Java_medium_Java_low_results.csv
73,79,2,medium,low,291.0,0.8635014836795252,Java_medium_Java_low_results.csv
73,77,2,medium,low,344.0,0.884318766066838,Java_medium_Java_low_results.csv
73,104,2,medium,low,315.0,0.9347181008902076,Java_medium_Java_low_results.csv
73,64,2,medium,low,511.0,0.8631756756756757,Java_medium_Java_low_results.csv
73,124,2,medium,low,300.0,0.8902077151335311,Java_medium_Java_low_results.csv
73,128,2,medium,low,318.0,0.9436201780415432,Java_medium_Java_low_results.csv
73,138,2,medium,low,299.0,0.887240356083086,Java_medium_Java_low_results.csv
73,126,2,medium,low,308.0,0.913946587537092,Java_medium_Java_low_results.csv
73,140,2,medium,low,286.0,0.8486646884272997,Java_medium_Java_low_results.csv
73,162,2,medium,low,321.0,0.9525222551928784,Java_medium_Java_low_results.csv
73,172,2,medium,low,301.0,0.8931750741839762,Java_medium_Java_low_results.csv
73,164,2,medium,low,310.0,0.9198813056379822,Java_medium_Java_low_results.csv
73,180,2,medium,low,293.0,0.8694362017804155,Java_medium_Java_low_results.csv
73,132,2,medium,low,377.0,0.921760391198044,Java_medium_Java_low_results.csv
73,200,2,medium,low,311.0,0.9228486646884272,Java_medium_Java_low_results.csv
73,179,2,medium,low,343.0,0.8955613577023499,Java_medium_Java_low_results.csv
73,183,2,medium,low,317.0,0.940652818991098,Java_medium_Java_low_results.csv
73,186,2,medium,low,308.0,0.913946587537092,Java_medium_Java_low_results.csv
75,27,2,medium,low,257.0,0.9178571428571428,Java_medium_Java_low_results.csv
75,13,2,medium,low,272.0,0.9714285714285714,Java_medium_Java_low_results.csv
75,21,2,medium,low,301.0,0.9495268138801262,Java_medium_Java_low_results.csv
73,176,2,medium,low,470.0,0.9325396825396826,Java_medium_Java_low_results.csv
73,182,2,medium,low,379.0,0.9475,Java_medium_Java_low_results.csv
75,35,2,medium,low,268.0,0.9571428571428572,Java_medium_Java_low_results.csv
75,29,2,medium,low,252.0,0.9,Java_medium_Java_low_results.csv
75,34,2,medium,low,232.0,0.8285714285714286,Java_medium_Java_low_results.csv
75,37,2,medium,low,260.0,0.9285714285714286,Java_medium_Java_low_results.csv
75,31,2,medium,low,270.0,0.9642857142857144,Java_medium_Java_low_results.csv
75,56,2,medium,low,245.0,0.875,Java_medium_Java_low_results.csv
75,65,2,medium,low,266.0,0.95,Java_medium_Java_low_results.csv
75,43,2,medium,low,269.0,0.9275862068965516,Java_medium_Java_low_results.csv
75,41,2,medium,low,304.0,0.9559748427672956,Java_medium_Java_low_results.csv
75,71,2,medium,low,266.0,0.95,Java_medium_Java_low_results.csv
75,44,2,medium,low,249.0,0.8498293515358362,Java_medium_Java_low_results.csv
75,67,2,medium,low,262.0,0.9357142857142856,Java_medium_Java_low_results.csv
75,60,2,medium,low,266.0,0.869281045751634,Java_medium_Java_low_results.csv
75,63,2,medium,low,251.0,0.8964285714285715,Java_medium_Java_low_results.csv
75,74,2,medium,low,268.0,0.9571428571428572,Java_medium_Java_low_results.csv
75,78,2,medium,low,256.0,0.9142857142857144,Java_medium_Java_low_results.csv
75,94,2,medium,low,263.0,0.9392857142857144,Java_medium_Java_low_results.csv
75,99,2,medium,low,261.0,0.9321428571428572,Java_medium_Java_low_results.csv
75,101,2,medium,low,262.0,0.9357142857142856,Java_medium_Java_low_results.csv
75,107,2,medium,low,261.0,0.9321428571428572,Java_medium_Java_low_results.csv
75,79,2,medium,low,273.0,0.8806451612903226,Java_medium_Java_low_results.csv
75,104,2,medium,low,280.0,0.9859154929577464,Java_medium_Java_low_results.csv
75,64,2,medium,low,510.0,0.8614864864864865,Java_medium_Java_low_results.csv
75,77,2,medium,low,333.0,0.8560411311053985,Java_medium_Java_low_results.csv
75,128,2,medium,low,266.0,0.95,Java_medium_Java_low_results.csv
75,124,2,medium,low,269.0,0.9438596491228072,Java_medium_Java_low_results.csv
75,138,2,medium,low,262.0,0.9357142857142856,Java_medium_Java_low_results.csv
75,126,2,medium,low,294.0,0.9216300940438872,Java_medium_Java_low_results.csv
75,140,2,medium,low,253.0,0.9035714285714286,Java_medium_Java_low_results.csv
75,164,2,medium,low,265.0,0.9464285714285714,Java_medium_Java_low_results.csv
75,162,2,medium,low,271.0,0.9678571428571427,Java_medium_Java_low_results.csv
75,172,2,medium,low,238.0,0.85,Java_medium_Java_low_results.csv
75,180,2,medium,low,240.0,0.8571428571428571,Java_medium_Java_low_results.csv
75,132,2,medium,low,380.0,0.9290953545232272,Java_medium_Java_low_results.csv
75,200,2,medium,low,252.0,0.9,Java_medium_Java_low_results.csv
75,186,2,medium,low,264.0,0.9428571428571428,Java_medium_Java_low_results.csv
75,179,2,medium,low,339.0,0.8851174934725848,Java_medium_Java_low_results.csv
75,183,2,medium,low,271.0,0.9678571428571427,Java_medium_Java_low_results.csv
81,27,2,medium,low,269.0,0.8705501618122977,Java_medium_Java_low_results.csv
75,182,2,medium,low,361.0,0.9025,Java_medium_Java_low_results.csv
81,13,2,medium,low,290.0,0.9385113268608414,Java_medium_Java_low_results.csv
75,176,2,medium,low,471.0,0.9345238095238096,Java_medium_Java_low_results.csv
81,21,2,medium,low,315.0,0.9936908517350158,Java_medium_Java_low_results.csv
81,29,2,medium,low,266.0,0.86084142394822,Java_medium_Java_low_results.csv
81,35,2,medium,low,281.0,0.9093851132686084,Java_medium_Java_low_results.csv
81,34,2,medium,low,276.0,0.8932038834951457,Java_medium_Java_low_results.csv
81,31,2,medium,low,289.0,0.9352750809061487,Java_medium_Java_low_results.csv
81,37,2,medium,low,276.0,0.8932038834951457,Java_medium_Java_low_results.csv
81,56,2,medium,low,261.0,0.8446601941747572,Java_medium_Java_low_results.csv
81,65,2,medium,low,288.0,0.9320388349514565,Java_medium_Java_low_results.csv
81,43,2,medium,low,279.0,0.9029126213592232,Java_medium_Java_low_results.csv
81,41,2,medium,low,304.0,0.9559748427672956,Java_medium_Java_low_results.csv
81,71,2,medium,low,295.0,0.9546925566343042,Java_medium_Java_low_results.csv
81,44,2,medium,low,291.0,0.941747572815534,Java_medium_Java_low_results.csv
81,63,2,medium,low,257.0,0.8317152103559871,Java_medium_Java_low_results.csv
81,67,2,medium,low,287.0,0.9288025889967636,Java_medium_Java_low_results.csv
81,60,2,medium,low,291.0,0.941747572815534,Java_medium_Java_low_results.csv
81,74,2,medium,low,281.0,0.9093851132686084,Java_medium_Java_low_results.csv
81,78,2,medium,low,262.0,0.8478964401294499,Java_medium_Java_low_results.csv
81,94,2,medium,low,277.0,0.8964401294498382,Java_medium_Java_low_results.csv
81,99,2,medium,low,285.0,0.9223300970873788,Java_medium_Java_low_results.csv
81,101,2,medium,low,282.0,0.912621359223301,Java_medium_Java_low_results.csv
81,79,2,medium,low,286.0,0.9225806451612903,Java_medium_Java_low_results.csv
81,107,2,medium,low,283.0,0.9158576051779936,Java_medium_Java_low_results.csv
81,104,2,medium,low,293.0,0.948220064724919,Java_medium_Java_low_results.csv
81,77,2,medium,low,325.0,0.8354755784061697,Java_medium_Java_low_results.csv
81,64,2,medium,low,504.0,0.8513513513513513,Java_medium_Java_low_results.csv
81,128,2,medium,low,288.0,0.9320388349514565,Java_medium_Java_low_results.csv
81,124,2,medium,low,278.0,0.8996763754045307,Java_medium_Java_low_results.csv
81,138,2,medium,low,278.0,0.8996763754045307,Java_medium_Java_low_results.csv
81,126,2,medium,low,310.0,0.9717868338557992,Java_medium_Java_low_results.csv
81,140,2,medium,low,246.0,0.7961165048543689,Java_medium_Java_low_results.csv
81,172,2,medium,low,268.0,0.8673139158576052,Java_medium_Java_low_results.csv
81,162,2,medium,low,293.0,0.948220064724919,Java_medium_Java_low_results.csv
81,164,2,medium,low,255.0,0.8252427184466019,Java_medium_Java_low_results.csv
81,180,2,medium,low,264.0,0.8543689320388349,Java_medium_Java_low_results.csv
81,132,2,medium,low,391.0,0.9559902200488998,Java_medium_Java_low_results.csv
81,200,2,medium,low,260.0,0.8414239482200647,Java_medium_Java_low_results.csv
81,186,2,medium,low,283.0,0.9158576051779936,Java_medium_Java_low_results.csv
81,179,2,medium,low,339.0,0.8851174934725848,Java_medium_Java_low_results.csv
81,183,2,medium,low,280.0,0.906148867313916,Java_medium_Java_low_results.csv
83,27,2,medium,low,282.0,0.9009584664536742,Java_medium_Java_low_results.csv
81,176,2,medium,low,476.0,0.9444444444444444,Java_medium_Java_low_results.csv
81,182,2,medium,low,340.0,0.85,Java_medium_Java_low_results.csv
83,13,2,medium,low,303.0,0.9680511182108626,Java_medium_Java_low_results.csv
83,21,2,medium,low,308.0,0.9716088328075708,Java_medium_Java_low_results.csv
83,29,2,medium,low,277.0,0.8849840255591054,Java_medium_Java_low_results.csv
83,35,2,medium,low,289.0,0.9233226837060704,Java_medium_Java_low_results.csv
83,34,2,medium,low,278.0,0.8881789137380192,Java_medium_Java_low_results.csv
83,31,2,medium,low,291.0,0.9297124600638976,Java_medium_Java_low_results.csv
83,37,2,medium,low,289.0,0.9233226837060704,Java_medium_Java_low_results.csv
83,56,2,medium,low,265.0,0.8466453674121406,Java_medium_Java_low_results.csv
83,65,2,medium,low,297.0,0.9488817891373802,Java_medium_Java_low_results.csv
83,43,2,medium,low,272.0,0.8690095846645367,Java_medium_Java_low_results.csv
83,41,2,medium,low,303.0,0.9528301886792452,Java_medium_Java_low_results.csv
83,44,2,medium,low,290.0,0.926517571884984,Java_medium_Java_low_results.csv
83,71,2,medium,low,297.0,0.9488817891373802,Java_medium_Java_low_results.csv
83,63,2,medium,low,278.0,0.8881789137380192,Java_medium_Java_low_results.csv
83,67,2,medium,low,293.0,0.9361022364217252,Java_medium_Java_low_results.csv
83,74,2,medium,low,289.0,0.9233226837060704,Java_medium_Java_low_results.csv
83,60,2,medium,low,281.0,0.8977635782747604,Java_medium_Java_low_results.csv
83,78,2,medium,low,277.0,0.8849840255591054,Java_medium_Java_low_results.csv
83,94,2,medium,low,287.0,0.9169329073482428,Java_medium_Java_low_results.csv
83,101,2,medium,low,294.0,0.939297124600639,Java_medium_Java_low_results.csv
83,99,2,medium,low,284.0,0.9073482428115016,Java_medium_Java_low_results.csv
83,107,2,medium,low,283.0,0.9041533546325878,Java_medium_Java_low_results.csv
83,79,2,medium,low,290.0,0.926517571884984,Java_medium_Java_low_results.csv
83,77,2,medium,low,329.0,0.8457583547557841,Java_medium_Java_low_results.csv
83,104,2,medium,low,285.0,0.9105431309904152,Java_medium_Java_low_results.csv
83,64,2,medium,low,512.0,0.8648648648648649,Java_medium_Java_low_results.csv
83,124,2,medium,low,295.0,0.9424920127795527,Java_medium_Java_low_results.csv
83,128,2,medium,low,279.0,0.8913738019169329,Java_medium_Java_low_results.csv
83,138,2,medium,low,291.0,0.9297124600638976,Java_medium_Java_low_results.csv
83,126,2,medium,low,293.0,0.9184952978056428,Java_medium_Java_low_results.csv
83,140,2,medium,low,275.0,0.8785942492012779,Java_medium_Java_low_results.csv
83,172,2,medium,low,267.0,0.853035143769968,Java_medium_Java_low_results.csv
83,162,2,medium,low,296.0,0.9456869009584664,Java_medium_Java_low_results.csv
83,164,2,medium,low,281.0,0.8977635782747604,Java_medium_Java_low_results.csv
83,132,2,medium,low,392.0,0.9584352078239609,Java_medium_Java_low_results.csv
83,180,2,medium,low,270.0,0.8626198083067093,Java_medium_Java_low_results.csv
83,200,2,medium,low,275.0,0.8785942492012779,Java_medium_Java_low_results.csv
83,183,2,medium,low,295.0,0.9424920127795527,Java_medium_Java_low_results.csv
83,186,2,medium,low,294.0,0.939297124600639,Java_medium_Java_low_results.csv
84,27,2,medium,low,228.0,0.9083665338645418,Java_medium_Java_low_results.csv
83,179,2,medium,low,327.0,0.8537859007832899,Java_medium_Java_low_results.csv
84,13,2,medium,low,249.0,0.976470588235294,Java_medium_Java_low_results.csv
84,21,2,medium,low,305.0,0.9621451104100948,Java_medium_Java_low_results.csv
83,182,2,medium,low,365.0,0.9125,Java_medium_Java_low_results.csv
83,176,2,medium,low,474.0,0.9404761904761904,Java_medium_Java_low_results.csv
84,29,2,medium,low,227.0,0.904382470119522,Java_medium_Java_low_results.csv
84,35,2,medium,low,225.0,0.896414342629482,Java_medium_Java_low_results.csv
84,34,2,medium,low,220.0,0.8764940239043825,Java_medium_Java_low_results.csv
84,37,2,medium,low,230.0,0.9163346613545816,Java_medium_Java_low_results.csv
84,31,2,medium,low,264.0,0.946236559139785,Java_medium_Java_low_results.csv
84,56,2,medium,low,206.0,0.8207171314741036,Java_medium_Java_low_results.csv
84,65,2,medium,low,237.0,0.9442231075697212,Java_medium_Java_low_results.csv
84,43,2,medium,low,267.0,0.9206896551724136,Java_medium_Java_low_results.csv
84,44,2,medium,low,266.0,0.9078498293515358,Java_medium_Java_low_results.csv
84,41,2,medium,low,295.0,0.9276729559748428,Java_medium_Java_low_results.csv
84,71,2,medium,low,240.0,0.9561752988047808,Java_medium_Java_low_results.csv
84,67,2,medium,low,231.0,0.9203187250996016,Java_medium_Java_low_results.csv
84,63,2,medium,low,226.0,0.8692307692307693,Java_medium_Java_low_results.csv
84,60,2,medium,low,278.0,0.9084967320261438,Java_medium_Java_low_results.csv
84,74,2,medium,low,234.0,0.9322709163346612,Java_medium_Java_low_results.csv
84,78,2,medium,low,209.0,0.8326693227091634,Java_medium_Java_low_results.csv
84,94,2,medium,low,230.0,0.9163346613545816,Java_medium_Java_low_results.csv
84,99,2,medium,low,229.0,0.9123505976095616,Java_medium_Java_low_results.csv
84,101,2,medium,low,233.0,0.9282868525896414,Java_medium_Java_low_results.csv
84,107,2,medium,low,236.0,0.9402390438247012,Java_medium_Java_low_results.csv
84,79,2,medium,low,273.0,0.8806451612903226,Java_medium_Java_low_results.csv
84,104,2,medium,low,263.0,0.926056338028169,Java_medium_Java_low_results.csv
84,77,2,medium,low,325.0,0.8354755784061697,Java_medium_Java_low_results.csv
84,124,2,medium,low,267.0,0.936842105263158,Java_medium_Java_low_results.csv
84,64,2,medium,low,517.0,0.8733108108108109,Java_medium_Java_low_results.csv
84,128,2,medium,low,236.0,0.9402390438247012,Java_medium_Java_low_results.csv
84,138,2,medium,low,232.0,0.9243027888446216,Java_medium_Java_low_results.csv
84,126,2,medium,low,290.0,0.9090909090909092,Java_medium_Java_low_results.csv
84,140,2,medium,low,200.0,0.796812749003984,Java_medium_Java_low_results.csv
84,162,2,medium,low,255.0,0.9659090909090908,Java_medium_Java_low_results.csv
84,172,2,medium,low,217.0,0.8645418326693227,Java_medium_Java_low_results.csv
84,164,2,medium,low,233.0,0.9282868525896414,Java_medium_Java_low_results.csv
84,180,2,medium,low,210.0,0.8366533864541833,Java_medium_Java_low_results.csv
84,132,2,medium,low,387.0,0.9462102689486552,Java_medium_Java_low_results.csv
88,13,2,medium,low,235.0,0.9215686274509804,Java_medium_Java_low_results.csv
88,27,2,medium,low,75.0,0.9615384615384616,Java_medium_Java_low_results.csv
88,21,2,medium,low,296.0,0.9337539432176656,Java_medium_Java_low_results.csv
84,200,2,medium,low,211.0,0.8406374501992032,Java_medium_Java_low_results.csv
84,186,2,medium,low,241.0,0.9601593625498008,Java_medium_Java_low_results.csv
84,179,2,medium,low,335.0,0.8746736292428199,Java_medium_Java_low_results.csv
88,29,2,medium,low,177.0,0.9672131147540984,Java_medium_Java_low_results.csv
84,183,2,medium,low,255.0,0.9107142857142856,Java_medium_Java_low_results.csv
88,31,2,medium,low,250.0,0.8960573476702509,Java_medium_Java_low_results.csv
88,34,2,medium,low,197.0,0.965686274509804,Java_medium_Java_low_results.csv
88,35,2,medium,low,145.0,0.847953216374269,Java_medium_Java_low_results.csv
88,37,2,medium,low,207.0,0.9495412844036696,Java_medium_Java_low_results.csv
88,56,2,medium,low,141.0,0.9657534246575342,Java_medium_Java_low_results.csv
84,182,2,medium,low,352.0,0.88,Java_medium_Java_low_results.csv
84,176,2,medium,low,471.0,0.9345238095238096,Java_medium_Java_low_results.csv
88,41,2,medium,low,295.0,0.9276729559748428,Java_medium_Java_low_results.csv
88,65,2,medium,low,76.0,0.9743589743589745,Java_medium_Java_low_results.csv
88,43,2,medium,low,281.0,0.9689655172413794,Java_medium_Java_low_results.csv
88,60,2,medium,low,298.0,0.9738562091503268,Java_medium_Java_low_results.csv
88,44,2,medium,low,284.0,0.969283276450512,Java_medium_Java_low_results.csv
88,71,2,medium,low,82.0,0.9213483146067416,Java_medium_Java_low_results.csv
88,74,2,medium,low,93.0,0.93,Java_medium_Java_low_results.csv
88,63,2,medium,low,253.0,0.9730769230769232,Java_medium_Java_low_results.csv
88,67,2,medium,low,146.0,0.929936305732484,Java_medium_Java_low_results.csv
88,78,2,medium,low,91.0,0.9680851063829788,Java_medium_Java_low_results.csv
88,94,2,medium,low,123.0,0.946153846153846,Java_medium_Java_low_results.csv
88,99,2,medium,low,158.0,0.9132947976878611,Java_medium_Java_low_results.csv
88,101,2,medium,low,145.0,0.9177215189873418,Java_medium_Java_low_results.csv
88,79,2,medium,low,303.0,0.9774193548387096,Java_medium_Java_low_results.csv
88,107,2,medium,low,194.0,0.9326923076923076,Java_medium_Java_low_results.csv
88,77,2,medium,low,380.0,0.9768637532133676,Java_medium_Java_low_results.csv
88,104,2,medium,low,264.0,0.9295774647887324,Java_medium_Java_low_results.csv
88,64,2,medium,low,583.0,0.9847972972972971,Java_medium_Java_low_results.csv
88,124,2,medium,low,274.0,0.9614035087719298,Java_medium_Java_low_results.csv
88,138,2,medium,low,143.0,0.8881987577639752,Java_medium_Java_low_results.csv
88,128,2,medium,low,222.0,0.9135802469135802,Java_medium_Java_low_results.csv
88,126,2,medium,low,312.0,0.9780564263322884,Java_medium_Java_low_results.csv
88,140,2,medium,low,213.0,0.9594594594594594,Java_medium_Java_low_results.csv
88,164,2,medium,low,227.0,0.9659574468085106,Java_medium_Java_low_results.csv
88,162,2,medium,low,246.0,0.9318181818181818,Java_medium_Java_low_results.csv
88,132,2,medium,low,390.0,0.9535452322738386,Java_medium_Java_low_results.csv
88,172,2,medium,low,169.0,0.971264367816092,Java_medium_Java_low_results.csv
88,180,2,medium,low,152.0,0.9620253164556962,Java_medium_Java_low_results.csv
88,200,2,medium,low,172.0,0.9717514124293786,Java_medium_Java_low_results.csv
88,186,2,medium,low,210.0,0.9170305676855895,Java_medium_Java_low_results.csv
88,179,2,medium,low,375.0,0.97911227154047,Java_medium_Java_low_results.csv
88,183,2,medium,low,270.0,0.9642857142857144,Java_medium_Java_low_results.csv
88,182,2,medium,low,387.0,0.9675,Java_medium_Java_low_results.csv
88,176,2,medium,low,473.0,0.9384920634920636,Java_medium_Java_low_results.csv
89,27,2,medium,low,384.0,0.9186602870813396,Java_medium_Java_low_results.csv
89,29,2,medium,low,367.0,0.8779904306220095,Java_medium_Java_low_results.csv
89,35,2,medium,low,394.0,0.9425837320574164,Java_medium_Java_low_results.csv
89,13,2,medium,low,398.0,0.9521531100478468,Java_medium_Java_low_results.csv
89,34,2,medium,low,340.0,0.8133971291866029,Java_medium_Java_low_results.csv
89,37,2,medium,low,378.0,0.9043062200956936,Java_medium_Java_low_results.csv
89,21,2,medium,low,391.0,0.9354066985645934,Java_medium_Java_low_results.csv
89,31,2,medium,low,392.0,0.937799043062201,Java_medium_Java_low_results.csv
89,65,2,medium,low,403.0,0.9641148325358851,Java_medium_Java_low_results.csv
89,56,2,medium,low,368.0,0.8803827751196173,Java_medium_Java_low_results.csv
89,41,2,medium,low,397.0,0.9497607655502392,Java_medium_Java_low_results.csv
89,71,2,medium,low,405.0,0.9688995215311004,Java_medium_Java_low_results.csv
89,43,2,medium,low,357.0,0.854066985645933,Java_medium_Java_low_results.csv
89,63,2,medium,low,371.0,0.8875598086124402,Java_medium_Java_low_results.csv
89,74,2,medium,low,397.0,0.9497607655502392,Java_medium_Java_low_results.csv
89,67,2,medium,low,394.0,0.9425837320574164,Java_medium_Java_low_results.csv
89,44,2,medium,low,365.0,0.8732057416267942,Java_medium_Java_low_results.csv
89,60,2,medium,low,361.0,0.8636363636363636,Java_medium_Java_low_results.csv
89,78,2,medium,low,368.0,0.8803827751196173,Java_medium_Java_low_results.csv
89,94,2,medium,low,390.0,0.9330143540669856,Java_medium_Java_low_results.csv
89,99,2,medium,low,394.0,0.9425837320574164,Java_medium_Java_low_results.csv
89,101,2,medium,low,394.0,0.9425837320574164,Java_medium_Java_low_results.csv
89,79,2,medium,low,363.0,0.868421052631579,Java_medium_Java_low_results.csv
89,107,2,medium,low,386.0,0.9234449760765552,Java_medium_Java_low_results.csv
89,104,2,medium,low,389.0,0.930622009569378,Java_medium_Java_low_results.csv
89,77,2,medium,low,369.0,0.8827751196172249,Java_medium_Java_low_results.csv
89,64,2,medium,low,506.0,0.8547297297297297,Java_medium_Java_low_results.csv
89,128,2,medium,low,389.0,0.930622009569378,Java_medium_Java_low_results.csv
89,124,2,medium,low,383.0,0.916267942583732,Java_medium_Java_low_results.csv
89,138,2,medium,low,392.0,0.937799043062201,Java_medium_Java_low_results.csv
89,126,2,medium,low,355.0,0.8492822966507177,Java_medium_Java_low_results.csv
89,140,2,medium,low,362.0,0.8660287081339713,Java_medium_Java_low_results.csv
89,172,2,medium,low,348.0,0.8325358851674641,Java_medium_Java_low_results.csv
89,164,2,medium,low,390.0,0.9330143540669856,Java_medium_Java_low_results.csv
89,162,2,medium,low,392.0,0.937799043062201,Java_medium_Java_low_results.csv
89,180,2,medium,low,352.0,0.8421052631578947,Java_medium_Java_low_results.csv
89,132,2,medium,low,401.0,0.9593301435406698,Java_medium_Java_low_results.csv
89,200,2,medium,low,370.0,0.8851674641148325,Java_medium_Java_low_results.csv
91,13,2,medium,low,241.0,0.9450980392156862,Java_medium_Java_low_results.csv
89,179,2,medium,low,391.0,0.9354066985645934,Java_medium_Java_low_results.csv
91,27,2,medium,low,197.0,0.8794642857142857,Java_medium_Java_low_results.csv
89,183,2,medium,low,382.0,0.9138755980861244,Java_medium_Java_low_results.csv
89,186,2,medium,low,399.0,0.9545454545454546,Java_medium_Java_low_results.csv
91,21,2,medium,low,311.0,0.9810725552050472,Java_medium_Java_low_results.csv
91,29,2,medium,low,198.0,0.8839285714285714,Java_medium_Java_low_results.csv
89,182,2,medium,low,397.0,0.9497607655502392,Java_medium_Java_low_results.csv
89,176,2,medium,low,456.0,0.9047619047619048,Java_medium_Java_low_results.csv
91,35,2,medium,low,203.0,0.90625,Java_medium_Java_low_results.csv
91,34,2,medium,low,208.0,0.9285714285714286,Java_medium_Java_low_results.csv
91,37,2,medium,low,214.0,0.9553571428571428,Java_medium_Java_low_results.csv
91,31,2,medium,low,258.0,0.9247311827956988,Java_medium_Java_low_results.csv
91,56,2,medium,low,181.0,0.8080357142857143,Java_medium_Java_low_results.csv
91,65,2,medium,low,213.0,0.9508928571428572,Java_medium_Java_low_results.csv
91,41,2,medium,low,301.0,0.9465408805031448,Java_medium_Java_low_results.csv
91,43,2,medium,low,255.0,0.8793103448275862,Java_medium_Java_low_results.csv
91,44,2,medium,low,256.0,0.8737201365187713,Java_medium_Java_low_results.csv
91,71,2,medium,low,214.0,0.9553571428571428,Java_medium_Java_low_results.csv
91,67,2,medium,low,209.0,0.9330357142857144,Java_medium_Java_low_results.csv
91,63,2,medium,low,221.0,0.85,Java_medium_Java_low_results.csv
91,74,2,medium,low,209.0,0.9330357142857144,Java_medium_Java_low_results.csv
91,60,2,medium,low,239.0,0.7810457516339869,Java_medium_Java_low_results.csv
91,78,2,medium,low,187.0,0.8348214285714286,Java_medium_Java_low_results.csv
91,94,2,medium,low,214.0,0.9553571428571428,Java_medium_Java_low_results.csv
91,101,2,medium,low,213.0,0.9508928571428572,Java_medium_Java_low_results.csv
91,99,2,medium,low,206.0,0.9196428571428572,Java_medium_Java_low_results.csv
91,104,2,medium,low,266.0,0.9366197183098592,Java_medium_Java_low_results.csv
91,79,2,medium,low,255.0,0.8225806451612904,Java_medium_Java_low_results.csv
91,107,2,medium,low,215.0,0.9598214285714286,Java_medium_Java_low_results.csv
91,64,2,medium,low,506.0,0.8547297297297297,Java_medium_Java_low_results.csv
91,77,2,medium,low,312.0,0.8020565552699229,Java_medium_Java_low_results.csv
91,124,2,medium,low,253.0,0.887719298245614,Java_medium_Java_low_results.csv
91,128,2,medium,low,230.0,0.9465020576131687,Java_medium_Java_low_results.csv
91,138,2,medium,low,209.0,0.9330357142857144,Java_medium_Java_low_results.csv
91,126,2,medium,low,294.0,0.9216300940438872,Java_medium_Java_low_results.csv
91,140,2,medium,low,184.0,0.8214285714285714,Java_medium_Java_low_results.csv
91,172,2,medium,low,193.0,0.8616071428571429,Java_medium_Java_low_results.csv
91,162,2,medium,low,251.0,0.9507575757575758,Java_medium_Java_low_results.csv
91,164,2,medium,low,212.0,0.902127659574468,Java_medium_Java_low_results.csv
91,180,2,medium,low,181.0,0.8080357142857143,Java_medium_Java_low_results.csv
91,132,2,medium,low,390.0,0.9535452322738386,Java_medium_Java_low_results.csv
91,200,2,medium,low,177.0,0.7901785714285714,Java_medium_Java_low_results.csv
91,186,2,medium,low,215.0,0.9388646288209608,Java_medium_Java_low_results.csv
91,183,2,medium,low,252.0,0.9,Java_medium_Java_low_results.csv
91,179,2,medium,low,310.0,0.8093994778067886,Java_medium_Java_low_results.csv
97,27,2,medium,low,242.0,0.8642857142857143,Java_medium_Java_low_results.csv
91,182,2,medium,low,336.0,0.84,Java_medium_Java_low_results.csv
91,176,2,medium,low,475.0,0.9424603174603174,Java_medium_Java_low_results.csv
97,13,2,medium,low,266.0,0.95,Java_medium_Java_low_results.csv
97,21,2,medium,low,299.0,0.943217665615142,Java_medium_Java_low_results.csv
97,29,2,medium,low,242.0,0.8642857142857143,Java_medium_Java_low_results.csv
97,35,2,medium,low,260.0,0.9285714285714286,Java_medium_Java_low_results.csv
97,34,2,medium,low,233.0,0.8321428571428572,Java_medium_Java_low_results.csv
97,37,2,medium,low,253.0,0.9035714285714286,Java_medium_Java_low_results.csv
97,31,2,medium,low,271.0,0.9678571428571427,Java_medium_Java_low_results.csv
97,65,2,medium,low,267.0,0.9535714285714286,Java_medium_Java_low_results.csv
97,56,2,medium,low,243.0,0.8678571428571429,Java_medium_Java_low_results.csv
97,41,2,medium,low,303.0,0.9528301886792452,Java_medium_Java_low_results.csv
97,43,2,medium,low,258.0,0.8896551724137931,Java_medium_Java_low_results.csv
97,71,2,medium,low,268.0,0.9571428571428572,Java_medium_Java_low_results.csv
97,44,2,medium,low,247.0,0.8430034129692833,Java_medium_Java_low_results.csv
97,74,2,medium,low,266.0,0.95,Java_medium_Java_low_results.csv
97,67,2,medium,low,257.0,0.9178571428571428,Java_medium_Java_low_results.csv
97,63,2,medium,low,250.0,0.8928571428571429,Java_medium_Java_low_results.csv
97,78,2,medium,low,229.0,0.8178571428571428,Java_medium_Java_low_results.csv
97,60,2,medium,low,248.0,0.8104575163398693,Java_medium_Java_low_results.csv
97,94,2,medium,low,264.0,0.9428571428571428,Java_medium_Java_low_results.csv
97,99,2,medium,low,256.0,0.9142857142857144,Java_medium_Java_low_results.csv
97,101,2,medium,low,261.0,0.9321428571428572,Java_medium_Java_low_results.csv
97,107,2,medium,low,260.0,0.9285714285714286,Java_medium_Java_low_results.csv
97,79,2,medium,low,258.0,0.832258064516129,Java_medium_Java_low_results.csv
97,77,2,medium,low,338.0,0.8688946015424165,Java_medium_Java_low_results.csv
97,104,2,medium,low,276.0,0.971830985915493,Java_medium_Java_low_results.csv
97,64,2,medium,low,510.0,0.8614864864864865,Java_medium_Java_low_results.csv
97,124,2,medium,low,254.0,0.8912280701754386,Java_medium_Java_low_results.csv
97,138,2,medium,low,263.0,0.9392857142857144,Java_medium_Java_low_results.csv
97,128,2,medium,low,263.0,0.9392857142857144,Java_medium_Java_low_results.csv
97,126,2,medium,low,298.0,0.9341692789968652,Java_medium_Java_low_results.csv
97,140,2,medium,low,238.0,0.85,Java_medium_Java_low_results.csv
97,164,2,medium,low,256.0,0.9142857142857144,Java_medium_Java_low_results.csv
97,172,2,medium,low,223.0,0.7964285714285714,Java_medium_Java_low_results.csv
97,162,2,medium,low,270.0,0.9642857142857144,Java_medium_Java_low_results.csv
97,180,2,medium,low,219.0,0.7821428571428571,Java_medium_Java_low_results.csv
97,132,2,medium,low,372.0,0.9095354523227384,Java_medium_Java_low_results.csv
97,200,2,medium,low,243.0,0.8678571428571429,Java_medium_Java_low_results.csv
97,186,2,medium,low,257.0,0.9178571428571428,Java_medium_Java_low_results.csv
105,13,2,medium,low,223.0,0.8745098039215686,Java_medium_Java_low_results.csv
105,27,2,medium,low,124.0,0.9117647058823528,Java_medium_Java_low_results.csv
97,179,2,medium,low,317.0,0.8276762402088773,Java_medium_Java_low_results.csv
105,21,2,medium,low,287.0,0.9053627760252366,Java_medium_Java_low_results.csv
97,183,2,medium,low,265.0,0.9464285714285714,Java_medium_Java_low_results.csv
105,29,2,medium,low,174.0,0.9508196721311476,Java_medium_Java_low_results.csv
105,34,2,medium,low,196.0,0.9607843137254902,Java_medium_Java_low_results.csv
105,35,2,medium,low,161.0,0.9415204678362572,Java_medium_Java_low_results.csv
97,176,2,medium,low,453.0,0.8988095238095238,Java_medium_Java_low_results.csv
97,182,2,medium,low,361.0,0.9025,Java_medium_Java_low_results.csv
105,31,2,medium,low,244.0,0.8745519713261649,Java_medium_Java_low_results.csv
105,37,2,medium,low,204.0,0.9357798165137616,Java_medium_Java_low_results.csv
105,65,2,medium,low,130.0,0.9558823529411764,Java_medium_Java_low_results.csv
105,56,2,medium,low,143.0,0.9794520547945206,Java_medium_Java_low_results.csv
105,41,2,medium,low,285.0,0.8962264150943396,Java_medium_Java_low_results.csv
105,43,2,medium,low,277.0,0.9551724137931036,Java_medium_Java_low_results.csv
105,63,2,medium,low,244.0,0.9384615384615383,Java_medium_Java_low_results.csv
105,71,2,medium,low,126.0,0.9264705882352942,Java_medium_Java_low_results.csv
105,74,2,medium,low,130.0,0.9558823529411764,Java_medium_Java_low_results.csv
105,44,2,medium,low,277.0,0.9453924914675768,Java_medium_Java_low_results.csv
105,67,2,medium,low,144.0,0.9171974522292994,Java_medium_Java_low_results.csv
105,60,2,medium,low,289.0,0.9444444444444444,Java_medium_Java_low_results.csv
105,78,2,medium,low,126.0,0.9264705882352942,Java_medium_Java_low_results.csv
105,94,2,medium,low,132.0,0.9705882352941176,Java_medium_Java_low_results.csv
105,101,2,medium,low,142.0,0.8987341772151899,Java_medium_Java_low_results.csv
105,99,2,medium,low,151.0,0.8728323699421965,Java_medium_Java_low_results.csv
105,79,2,medium,low,297.0,0.9580645161290322,Java_medium_Java_low_results.csv
105,104,2,medium,low,256.0,0.9014084507042254,Java_medium_Java_low_results.csv
105,107,2,medium,low,190.0,0.9134615384615384,Java_medium_Java_low_results.csv
105,77,2,medium,low,362.0,0.9305912596401028,Java_medium_Java_low_results.csv
105,64,2,medium,low,564.0,0.9527027027027029,Java_medium_Java_low_results.csv
105,124,2,medium,low,274.0,0.9614035087719298,Java_medium_Java_low_results.csv
105,128,2,medium,low,209.0,0.8600823045267489,Java_medium_Java_low_results.csv
105,138,2,medium,low,148.0,0.9192546583850932,Java_medium_Java_low_results.csv
105,126,2,medium,low,305.0,0.9561128526645768,Java_medium_Java_low_results.csv
105,140,2,medium,low,210.0,0.945945945945946,Java_medium_Java_low_results.csv
105,164,2,medium,low,217.0,0.9234042553191488,Java_medium_Java_low_results.csv
105,172,2,medium,low,166.0,0.9540229885057472,Java_medium_Java_low_results.csv
105,162,2,medium,low,235.0,0.8901515151515151,Java_medium_Java_low_results.csv
105,180,2,medium,low,151.0,0.9556962025316456,Java_medium_Java_low_results.csv
105,132,2,medium,low,377.0,0.921760391198044,Java_medium_Java_low_results.csv
105,200,2,medium,low,168.0,0.9491525423728814,Java_medium_Java_low_results.csv
105,186,2,medium,low,199.0,0.868995633187773,Java_medium_Java_low_results.csv
108,27,2,medium,low,74.0,0.8705882352941177,Java_medium_Java_low_results.csv
108,13,2,medium,low,242.0,0.9490196078431372,Java_medium_Java_low_results.csv
105,179,2,medium,low,366.0,0.9556135770234988,Java_medium_Java_low_results.csv
105,183,2,medium,low,264.0,0.9428571428571428,Java_medium_Java_low_results.csv
105,176,2,medium,low,451.0,0.8948412698412699,Java_medium_Java_low_results.csv
108,21,2,medium,low,295.0,0.9305993690851736,Java_medium_Java_low_results.csv
105,182,2,medium,low,382.0,0.955,Java_medium_Java_low_results.csv
108,29,2,medium,low,159.0,0.8688524590163934,Java_medium_Java_low_results.csv
108,35,2,medium,low,161.0,0.9415204678362572,Java_medium_Java_low_results.csv
108,34,2,medium,low,179.0,0.8774509803921569,Java_medium_Java_low_results.csv
108,37,2,medium,low,203.0,0.9311926605504588,Java_medium_Java_low_results.csv
108,31,2,medium,low,260.0,0.931899641577061,Java_medium_Java_low_results.csv
108,56,2,medium,low,127.0,0.8698630136986302,Java_medium_Java_low_results.csv
108,65,2,medium,low,78.0,0.9176470588235294,Java_medium_Java_low_results.csv
108,44,2,medium,low,262.0,0.89419795221843,Java_medium_Java_low_results.csv
108,41,2,medium,low,305.0,0.959119496855346,Java_medium_Java_low_results.csv
108,43,2,medium,low,264.0,0.9103448275862068,Java_medium_Java_low_results.csv
108,60,2,medium,low,273.0,0.8921568627450981,Java_medium_Java_low_results.csv
108,63,2,medium,low,232.0,0.8923076923076924,Java_medium_Java_low_results.csv
108,71,2,medium,low,84.0,0.9438202247191012,Java_medium_Java_low_results.csv
108,74,2,medium,low,95.0,0.95,Java_medium_Java_low_results.csv
108,67,2,medium,low,150.0,0.9554140127388536,Java_medium_Java_low_results.csv
108,78,2,medium,low,83.0,0.8829787234042553,Java_medium_Java_low_results.csv
108,94,2,medium,low,119.0,0.9153846153846154,Java_medium_Java_low_results.csv
108,99,2,medium,low,157.0,0.907514450867052,Java_medium_Java_low_results.csv
108,101,2,medium,low,144.0,0.9113924050632912,Java_medium_Java_low_results.csv
108,107,2,medium,low,191.0,0.9182692307692308,Java_medium_Java_low_results.csv
108,79,2,medium,low,282.0,0.9096774193548388,Java_medium_Java_low_results.csv
108,104,2,medium,low,266.0,0.9366197183098592,Java_medium_Java_low_results.csv
108,77,2,medium,low,354.0,0.910025706940874,Java_medium_Java_low_results.csv
108,64,2,medium,low,542.0,0.9155405405405406,Java_medium_Java_low_results.csv
108,124,2,medium,low,254.0,0.8912280701754386,Java_medium_Java_low_results.csv
108,138,2,medium,low,149.0,0.9254658385093169,Java_medium_Java_low_results.csv
108,126,2,medium,low,289.0,0.9059561128526644,Java_medium_Java_low_results.csv
108,128,2,medium,low,228.0,0.9382716049382716,Java_medium_Java_low_results.csv
108,140,2,medium,low,202.0,0.90990990990991,Java_medium_Java_low_results.csv
108,164,2,medium,low,203.0,0.8638297872340426,Java_medium_Java_low_results.csv
108,162,2,medium,low,250.0,0.946969696969697,Java_medium_Java_low_results.csv
108,180,2,medium,low,131.0,0.8291139240506329,Java_medium_Java_low_results.csv
108,172,2,medium,low,153.0,0.8793103448275862,Java_medium_Java_low_results.csv
108,132,2,medium,low,391.0,0.9559902200488998,Java_medium_Java_low_results.csv
108,179,2,medium,low,356.0,0.929503916449086,Java_medium_Java_low_results.csv
108,200,2,medium,low,157.0,0.8870056497175142,Java_medium_Java_low_results.csv
108,182,2,medium,low,364.0,0.91,Java_medium_Java_low_results.csv
108,186,2,medium,low,216.0,0.9432314410480348,Java_medium_Java_low_results.csv
108,183,2,medium,low,246.0,0.8785714285714286,Java_medium_Java_low_results.csv
108,176,2,medium,low,485.0,0.9623015873015872,Java_medium_Java_low_results.csv
112,27,2,medium,low,214.0,0.963963963963964,Java_medium_Java_low_results.csv
112,13,2,medium,low,238.0,0.9333333333333332,Java_medium_Java_low_results.csv
112,29,2,medium,low,212.0,0.954954954954955,Java_medium_Java_low_results.csv
112,35,2,medium,low,209.0,0.9414414414414416,Java_medium_Java_low_results.csv
112,34,2,medium,low,213.0,0.9594594594594594,Java_medium_Java_low_results.csv
112,21,2,medium,low,284.0,0.8958990536277602,Java_medium_Java_low_results.csv
112,37,2,medium,low,214.0,0.963963963963964,Java_medium_Java_low_results.csv
112,31,2,medium,low,250.0,0.8960573476702509,Java_medium_Java_low_results.csv
112,56,2,medium,low,208.0,0.9369369369369368,Java_medium_Java_low_results.csv
112,65,2,medium,low,210.0,0.945945945945946,Java_medium_Java_low_results.csv
112,41,2,medium,low,294.0,0.9245283018867924,Java_medium_Java_low_results.csv
112,71,2,medium,low,209.0,0.9414414414414416,Java_medium_Java_low_results.csv
112,67,2,medium,low,198.0,0.8918918918918919,Java_medium_Java_low_results.csv
112,43,2,medium,low,277.0,0.9551724137931036,Java_medium_Java_low_results.csv
112,44,2,medium,low,269.0,0.9180887372013652,Java_medium_Java_low_results.csv
112,74,2,medium,low,209.0,0.9414414414414416,Java_medium_Java_low_results.csv
112,60,2,medium,low,283.0,0.9248366013071896,Java_medium_Java_low_results.csv
112,63,2,medium,low,249.0,0.9576923076923076,Java_medium_Java_low_results.csv
112,78,2,medium,low,210.0,0.945945945945946,Java_medium_Java_low_results.csv
112,94,2,medium,low,205.0,0.9234234234234234,Java_medium_Java_low_results.csv
112,101,2,medium,low,202.0,0.90990990990991,Java_medium_Java_low_results.csv
112,99,2,medium,low,195.0,0.8783783783783784,Java_medium_Java_low_results.csv
112,107,2,medium,low,215.0,0.9684684684684683,Java_medium_Java_low_results.csv
112,79,2,medium,low,290.0,0.935483870967742,Java_medium_Java_low_results.csv
112,77,2,medium,low,365.0,0.9383033419023136,Java_medium_Java_low_results.csv
112,104,2,medium,low,267.0,0.9401408450704224,Java_medium_Java_low_results.csv
112,64,2,medium,low,551.0,0.9307432432432432,Java_medium_Java_low_results.csv
112,124,2,medium,low,272.0,0.9543859649122808,Java_medium_Java_low_results.csv
112,138,2,medium,low,211.0,0.9504504504504504,Java_medium_Java_low_results.csv
112,128,2,medium,low,232.0,0.9547325102880658,Java_medium_Java_low_results.csv
112,126,2,medium,low,296.0,0.927899686520376,Java_medium_Java_low_results.csv
112,140,2,medium,low,220.0,0.990990990990991,Java_medium_Java_low_results.csv
112,164,2,medium,low,226.0,0.9617021276595744,Java_medium_Java_low_results.csv
112,162,2,medium,low,250.0,0.946969696969697,Java_medium_Java_low_results.csv
112,172,2,medium,low,210.0,0.945945945945946,Java_medium_Java_low_results.csv
112,132,2,medium,low,362.0,0.8850855745721271,Java_medium_Java_low_results.csv
112,180,2,medium,low,208.0,0.9369369369369368,Java_medium_Java_low_results.csv
112,200,2,medium,low,209.0,0.9414414414414416,Java_medium_Java_low_results.csv
115,13,2,medium,low,214.0,0.8392156862745098,Java_medium_Java_low_results.csv
112,186,2,medium,low,210.0,0.9170305676855895,Java_medium_Java_low_results.csv
115,27,2,medium,low,125.0,0.8680555555555556,Java_medium_Java_low_results.csv
112,179,2,medium,low,349.0,0.9112271540469974,Java_medium_Java_low_results.csv
112,183,2,medium,low,262.0,0.9357142857142856,Java_medium_Java_low_results.csv
115,21,2,medium,low,292.0,0.9211356466876972,Java_medium_Java_low_results.csv
112,176,2,medium,low,459.0,0.9107142857142856,Java_medium_Java_low_results.csv
115,29,2,medium,low,175.0,0.9562841530054644,Java_medium_Java_low_results.csv
115,35,2,medium,low,153.0,0.8947368421052632,Java_medium_Java_low_results.csv
115,34,2,medium,low,196.0,0.9607843137254902,Java_medium_Java_low_results.csv
112,182,2,medium,low,377.0,0.9425,Java_medium_Java_low_results.csv
115,37,2,medium,low,197.0,0.9036697247706422,Java_medium_Java_low_results.csv
115,31,2,medium,low,242.0,0.8673835125448028,Java_medium_Java_low_results.csv
115,65,2,medium,low,135.0,0.9375,Java_medium_Java_low_results.csv
115,56,2,medium,low,144.0,0.9863013698630136,Java_medium_Java_low_results.csv
115,41,2,medium,low,280.0,0.8805031446540881,Java_medium_Java_low_results.csv
115,43,2,medium,low,275.0,0.9482758620689656,Java_medium_Java_low_results.csv
115,44,2,medium,low,273.0,0.931740614334471,Java_medium_Java_low_results.csv
115,71,2,medium,low,135.0,0.9375,Java_medium_Java_low_results.csv
115,67,2,medium,low,144.0,0.9171974522292994,Java_medium_Java_low_results.csv
115,74,2,medium,low,133.0,0.9236111111111112,Java_medium_Java_low_results.csv
115,63,2,medium,low,239.0,0.9192307692307692,Java_medium_Java_low_results.csv
115,78,2,medium,low,133.0,0.9236111111111112,Java_medium_Java_low_results.csv
115,60,2,medium,low,287.0,0.937908496732026,Java_medium_Java_low_results.csv
115,94,2,medium,low,138.0,0.9583333333333334,Java_medium_Java_low_results.csv
115,101,2,medium,low,143.0,0.9050632911392406,Java_medium_Java_low_results.csv
115,99,2,medium,low,155.0,0.8959537572254336,Java_medium_Java_low_results.csv
115,107,2,medium,low,180.0,0.8653846153846154,Java_medium_Java_low_results.csv
115,79,2,medium,low,293.0,0.9451612903225808,Java_medium_Java_low_results.csv
115,77,2,medium,low,359.0,0.922879177377892,Java_medium_Java_low_results.csv
115,64,2,medium,low,561.0,0.9476351351351352,Java_medium_Java_low_results.csv
115,104,2,medium,low,249.0,0.8767605633802817,Java_medium_Java_low_results.csv
115,124,2,medium,low,265.0,0.9298245614035088,Java_medium_Java_low_results.csv
115,138,2,medium,low,146.0,0.906832298136646,Java_medium_Java_low_results.csv
115,128,2,medium,low,218.0,0.897119341563786,Java_medium_Java_low_results.csv
115,140,2,medium,low,204.0,0.918918918918919,Java_medium_Java_low_results.csv
115,126,2,medium,low,307.0,0.962382445141066,Java_medium_Java_low_results.csv
115,172,2,medium,low,165.0,0.9482758620689656,Java_medium_Java_low_results.csv
115,164,2,medium,low,212.0,0.902127659574468,Java_medium_Java_low_results.csv
115,162,2,medium,low,236.0,0.8939393939393939,Java_medium_Java_low_results.csv
115,132,2,medium,low,377.0,0.921760391198044,Java_medium_Java_low_results.csv
115,180,2,medium,low,153.0,0.9683544303797468,Java_medium_Java_low_results.csv
115,200,2,medium,low,167.0,0.943502824858757,Java_medium_Java_low_results.csv
115,186,2,medium,low,199.0,0.868995633187773,Java_medium_Java_low_results.csv
115,179,2,medium,low,359.0,0.93733681462141,Java_medium_Java_low_results.csv
115,183,2,medium,low,261.0,0.9321428571428572,Java_medium_Java_low_results.csv
117,27,2,medium,low,206.0,0.8477366255144033,Java_medium_Java_low_results.csv
115,176,2,medium,low,458.0,0.9087301587301588,Java_medium_Java_low_results.csv
115,182,2,medium,low,377.0,0.9425,Java_medium_Java_low_results.csv
117,13,2,medium,low,246.0,0.9647058823529412,Java_medium_Java_low_results.csv
117,29,2,medium,low,216.0,0.8888888888888888,Java_medium_Java_low_results.csv
117,34,2,medium,low,223.0,0.9176954732510288,Java_medium_Java_low_results.csv
117,35,2,medium,low,215.0,0.8847736625514403,Java_medium_Java_low_results.csv
117,21,2,medium,low,306.0,0.9652996845425869,Java_medium_Java_low_results.csv
117,37,2,medium,low,219.0,0.9012345679012346,Java_medium_Java_low_results.csv
117,31,2,medium,low,264.0,0.946236559139785,Java_medium_Java_low_results.csv
117,65,2,medium,low,227.0,0.934156378600823,Java_medium_Java_low_results.csv
117,56,2,medium,low,207.0,0.8518518518518519,Java_medium_Java_low_results.csv
117,41,2,medium,low,299.0,0.940251572327044,Java_medium_Java_low_results.csv
117,43,2,medium,low,261.0,0.9,Java_medium_Java_low_results.csv
117,71,2,medium,low,232.0,0.9547325102880658,Java_medium_Java_low_results.csv
117,44,2,medium,low,264.0,0.9010238907849828,Java_medium_Java_low_results.csv
117,74,2,medium,low,220.0,0.9053497942386832,Java_medium_Java_low_results.csv
117,63,2,medium,low,232.0,0.8923076923076924,Java_medium_Java_low_results.csv
117,60,2,medium,low,271.0,0.8856209150326797,Java_medium_Java_low_results.csv
117,67,2,medium,low,221.0,0.9094650205761317,Java_medium_Java_low_results.csv
117,78,2,medium,low,202.0,0.831275720164609,Java_medium_Java_low_results.csv
117,94,2,medium,low,221.0,0.9094650205761317,Java_medium_Java_low_results.csv
117,101,2,medium,low,227.0,0.934156378600823,Java_medium_Java_low_results.csv
117,99,2,medium,low,226.0,0.9300411522633744,Java_medium_Java_low_results.csv
117,107,2,medium,low,233.0,0.9588477366255144,Java_medium_Java_low_results.csv
117,79,2,medium,low,274.0,0.8838709677419355,Java_medium_Java_low_results.csv
117,104,2,medium,low,268.0,0.943661971830986,Java_medium_Java_low_results.csv
117,77,2,medium,low,329.0,0.8457583547557841,Java_medium_Java_low_results.csv
117,64,2,medium,low,506.0,0.8547297297297297,Java_medium_Java_low_results.csv
117,124,2,medium,low,256.0,0.8982456140350877,Java_medium_Java_low_results.csv
117,128,2,medium,low,236.0,0.97119341563786,Java_medium_Java_low_results.csv
117,138,2,medium,low,216.0,0.8888888888888888,Java_medium_Java_low_results.csv
117,126,2,medium,low,298.0,0.9341692789968652,Java_medium_Java_low_results.csv
117,140,2,medium,low,214.0,0.8806584362139918,Java_medium_Java_low_results.csv
117,164,2,medium,low,212.0,0.8724279835390947,Java_medium_Java_low_results.csv
117,172,2,medium,low,216.0,0.8888888888888888,Java_medium_Java_low_results.csv
117,162,2,medium,low,254.0,0.9621212121212122,Java_medium_Java_low_results.csv
117,180,2,medium,low,199.0,0.8189300411522634,Java_medium_Java_low_results.csv
117,132,2,medium,low,389.0,0.9511002444987776,Java_medium_Java_low_results.csv
117,200,2,medium,low,196.0,0.8065843621399177,Java_medium_Java_low_results.csv
117,186,2,medium,low,229.0,0.9423868312757202,Java_medium_Java_low_results.csv
117,179,2,medium,low,318.0,0.8302872062663186,Java_medium_Java_low_results.csv
120,27,2,medium,low,199.0,0.868995633187773,Java_medium_Java_low_results.csv
117,183,2,medium,low,244.0,0.8714285714285714,Java_medium_Java_low_results.csv
120,13,2,medium,low,238.0,0.9333333333333332,Java_medium_Java_low_results.csv
117,182,2,medium,low,336.0,0.84,Java_medium_Java_low_results.csv
117,176,2,medium,low,469.0,0.9305555555555556,Java_medium_Java_low_results.csv
120,29,2,medium,low,219.0,0.9563318777292577,Java_medium_Java_low_results.csv
120,21,2,medium,low,298.0,0.94006309148265,Java_medium_Java_low_results.csv
120,35,2,medium,low,197.0,0.8602620087336245,Java_medium_Java_low_results.csv
120,34,2,medium,low,222.0,0.9694323144104804,Java_medium_Java_low_results.csv
120,31,2,medium,low,238.0,0.8530465949820788,Java_medium_Java_low_results.csv
120,37,2,medium,low,210.0,0.9170305676855895,Java_medium_Java_low_results.csv
120,56,2,medium,low,218.0,0.9519650655021834,Java_medium_Java_low_results.csv
120,65,2,medium,low,212.0,0.925764192139738,Java_medium_Java_low_results.csv
120,43,2,medium,low,279.0,0.9620689655172414,Java_medium_Java_low_results.csv
120,41,2,medium,low,275.0,0.8647798742138365,Java_medium_Java_low_results.csv
120,71,2,medium,low,208.0,0.9082969432314412,Java_medium_Java_low_results.csv
120,67,2,medium,low,210.0,0.9170305676855895,Java_medium_Java_low_results.csv
120,44,2,medium,low,271.0,0.924914675767918,Java_medium_Java_low_results.csv
120,74,2,medium,low,204.0,0.8908296943231441,Java_medium_Java_low_results.csv
120,63,2,medium,low,241.0,0.926923076923077,Java_medium_Java_low_results.csv
120,60,2,medium,low,286.0,0.934640522875817,Java_medium_Java_low_results.csv
120,78,2,medium,low,210.0,0.9170305676855895,Java_medium_Java_low_results.csv
120,94,2,medium,low,207.0,0.9039301310043668,Java_medium_Java_low_results.csv
120,101,2,medium,low,201.0,0.8777292576419214,Java_medium_Java_low_results.csv
120,99,2,medium,low,202.0,0.8820960698689956,Java_medium_Java_low_results.csv
120,107,2,medium,low,215.0,0.9388646288209608,Java_medium_Java_low_results.csv
120,79,2,medium,low,295.0,0.9516129032258064,Java_medium_Java_low_results.csv
120,77,2,medium,low,353.0,0.9074550128534704,Java_medium_Java_low_results.csv
120,104,2,medium,low,267.0,0.9401408450704224,Java_medium_Java_low_results.csv
120,64,2,medium,low,556.0,0.9391891891891893,Java_medium_Java_low_results.csv
120,124,2,medium,low,266.0,0.9333333333333332,Java_medium_Java_low_results.csv
120,138,2,medium,low,201.0,0.8777292576419214,Java_medium_Java_low_results.csv
120,128,2,medium,low,224.0,0.9218106995884774,Java_medium_Java_low_results.csv
120,126,2,medium,low,310.0,0.9717868338557992,Java_medium_Java_low_results.csv
120,140,2,medium,low,221.0,0.965065502183406,Java_medium_Java_low_results.csv
120,172,2,medium,low,217.0,0.9475982532751092,Java_medium_Java_low_results.csv
120,162,2,medium,low,240.0,0.9090909090909092,Java_medium_Java_low_results.csv
120,164,2,medium,low,218.0,0.9276595744680852,Java_medium_Java_low_results.csv
120,132,2,medium,low,371.0,0.9070904645476772,Java_medium_Java_low_results.csv
120,180,2,medium,low,210.0,0.9170305676855895,Java_medium_Java_low_results.csv
120,200,2,medium,low,208.0,0.9082969432314412,Java_medium_Java_low_results.csv
120,186,2,medium,low,210.0,0.9170305676855895,Java_medium_Java_low_results.csv
120,179,2,medium,low,356.0,0.929503916449086,Java_medium_Java_low_results.csv
125,27,2,medium,low,99.0,0.9,Java_medium_Java_low_results.csv
120,183,2,medium,low,253.0,0.9035714285714286,Java_medium_Java_low_results.csv
125,29,2,medium,low,174.0,0.9508196721311476,Java_medium_Java_low_results.csv
125,13,2,medium,low,230.0,0.9019607843137256,Java_medium_Java_low_results.csv
125,35,2,medium,low,152.0,0.8888888888888888,Java_medium_Java_low_results.csv
120,182,2,medium,low,371.0,0.9275,Java_medium_Java_low_results.csv
125,34,2,medium,low,193.0,0.946078431372549,Java_medium_Java_low_results.csv
120,176,2,medium,low,444.0,0.8809523809523809,Java_medium_Java_low_results.csv
125,21,2,medium,low,296.0,0.9337539432176656,Java_medium_Java_low_results.csv
125,31,2,medium,low,250.0,0.8960573476702509,Java_medium_Java_low_results.csv
125,37,2,medium,low,196.0,0.8990825688073395,Java_medium_Java_low_results.csv
125,56,2,medium,low,133.0,0.910958904109589,Java_medium_Java_low_results.csv
125,65,2,medium,low,101.0,0.9181818181818182,Java_medium_Java_low_results.csv
125,71,2,medium,low,101.0,0.9181818181818182,Java_medium_Java_low_results.csv
125,63,2,medium,low,243.0,0.9346153846153846,Java_medium_Java_low_results.csv
125,41,2,medium,low,294.0,0.9245283018867924,Java_medium_Java_low_results.csv
125,44,2,medium,low,273.0,0.931740614334471,Java_medium_Java_low_results.csv
125,43,2,medium,low,270.0,0.9310344827586208,Java_medium_Java_low_results.csv
125,60,2,medium,low,288.0,0.9411764705882352,Java_medium_Java_low_results.csv
125,67,2,medium,low,143.0,0.910828025477707,Java_medium_Java_low_results.csv
125,74,2,medium,low,103.0,0.9363636363636364,Java_medium_Java_low_results.csv
125,78,2,medium,low,104.0,0.9454545454545454,Java_medium_Java_low_results.csv
125,94,2,medium,low,124.0,0.953846153846154,Java_medium_Java_low_results.csv
125,99,2,medium,low,157.0,0.907514450867052,Java_medium_Java_low_results.csv
125,101,2,medium,low,144.0,0.9113924050632912,Java_medium_Java_low_results.csv
125,77,2,medium,low,363.0,0.9331619537275064,Java_medium_Java_low_results.csv
125,107,2,medium,low,185.0,0.8894230769230769,Java_medium_Java_low_results.csv
125,79,2,medium,low,291.0,0.9387096774193548,Java_medium_Java_low_results.csv
125,104,2,medium,low,252.0,0.8873239436619719,Java_medium_Java_low_results.csv
125,64,2,medium,low,565.0,0.954391891891892,Java_medium_Java_low_results.csv
125,124,2,medium,low,271.0,0.950877192982456,Java_medium_Java_low_results.csv
125,128,2,medium,low,212.0,0.8724279835390947,Java_medium_Java_low_results.csv
125,126,2,medium,low,304.0,0.9529780564263324,Java_medium_Java_low_results.csv
125,138,2,medium,low,142.0,0.8819875776397516,Java_medium_Java_low_results.csv
125,140,2,medium,low,204.0,0.918918918918919,Java_medium_Java_low_results.csv
125,164,2,medium,low,219.0,0.9319148936170212,Java_medium_Java_low_results.csv
125,162,2,medium,low,237.0,0.8977272727272727,Java_medium_Java_low_results.csv
125,172,2,medium,low,164.0,0.942528735632184,Java_medium_Java_low_results.csv
125,132,2,medium,low,375.0,0.9168704156479216,Java_medium_Java_low_results.csv
125,180,2,medium,low,149.0,0.9430379746835444,Java_medium_Java_low_results.csv
125,200,2,medium,low,164.0,0.9265536723163842,Java_medium_Java_low_results.csv
125,186,2,medium,low,207.0,0.9039301310043668,Java_medium_Java_low_results.csv
125,179,2,medium,low,364.0,0.9503916449086162,Java_medium_Java_low_results.csv
125,183,2,medium,low,259.0,0.925,Java_medium_Java_low_results.csv
125,182,2,medium,low,379.0,0.9475,Java_medium_Java_low_results.csv
125,176,2,medium,low,473.0,0.9384920634920636,Java_medium_Java_low_results.csv
135,27,2,medium,low,361.0,0.9304123711340206,Java_medium_Java_low_results.csv
135,29,2,medium,low,369.0,0.9510309278350516,Java_medium_Java_low_results.csv
135,34,2,medium,low,356.0,0.9175257731958762,Java_medium_Java_low_results.csv
135,35,2,medium,low,352.0,0.9072164948453608,Java_medium_Java_low_results.csv
135,13,2,medium,low,345.0,0.8891752577319587,Java_medium_Java_low_results.csv
135,31,2,medium,low,356.0,0.9175257731958762,Java_medium_Java_low_results.csv
135,37,2,medium,low,350.0,0.9020618556701032,Java_medium_Java_low_results.csv
135,21,2,medium,low,346.0,0.8917525773195877,Java_medium_Java_low_results.csv
135,56,2,medium,low,366.0,0.9432989690721648,Java_medium_Java_low_results.csv
135,65,2,medium,low,369.0,0.9510309278350516,Java_medium_Java_low_results.csv
135,41,2,medium,low,364.0,0.9381443298969072,Java_medium_Java_low_results.csv
135,71,2,medium,low,370.0,0.9536082474226804,Java_medium_Java_low_results.csv
135,43,2,medium,low,368.0,0.9484536082474226,Java_medium_Java_low_results.csv
135,44,2,medium,low,357.0,0.9201030927835052,Java_medium_Java_low_results.csv
135,74,2,medium,low,363.0,0.9355670103092784,Java_medium_Java_low_results.csv
135,67,2,medium,low,345.0,0.8891752577319587,Java_medium_Java_low_results.csv
135,63,2,medium,low,375.0,0.9664948453608248,Java_medium_Java_low_results.csv
135,60,2,medium,low,358.0,0.922680412371134,Java_medium_Java_low_results.csv
135,78,2,medium,low,355.0,0.9149484536082474,Java_medium_Java_low_results.csv
135,94,2,medium,low,345.0,0.8891752577319587,Java_medium_Java_low_results.csv
135,101,2,medium,low,337.0,0.8685567010309279,Java_medium_Java_low_results.csv
135,99,2,medium,low,336.0,0.865979381443299,Java_medium_Java_low_results.csv
135,107,2,medium,low,334.0,0.8608247422680413,Java_medium_Java_low_results.csv
135,79,2,medium,low,371.0,0.9561855670103092,Java_medium_Java_low_results.csv
135,104,2,medium,low,364.0,0.9381443298969072,Java_medium_Java_low_results.csv
135,64,2,medium,low,548.0,0.9256756756756755,Java_medium_Java_low_results.csv
135,77,2,medium,low,382.0,0.9820051413881749,Java_medium_Java_low_results.csv
135,124,2,medium,low,375.0,0.9664948453608248,Java_medium_Java_low_results.csv
135,128,2,medium,low,359.0,0.9252577319587628,Java_medium_Java_low_results.csv
135,138,2,medium,low,347.0,0.8943298969072165,Java_medium_Java_low_results.csv
135,126,2,medium,low,366.0,0.9432989690721648,Java_medium_Java_low_results.csv
135,140,2,medium,low,363.0,0.9355670103092784,Java_medium_Java_low_results.csv
135,164,2,medium,low,369.0,0.9510309278350516,Java_medium_Java_low_results.csv
135,172,2,medium,low,352.0,0.9072164948453608,Java_medium_Java_low_results.csv
135,162,2,medium,low,358.0,0.922680412371134,Java_medium_Java_low_results.csv
135,180,2,medium,low,354.0,0.9123711340206184,Java_medium_Java_low_results.csv
135,132,2,medium,low,372.0,0.9095354523227384,Java_medium_Java_low_results.csv
142,13,2,medium,low,245.0,0.9607843137254902,Java_medium_Java_low_results.csv
135,200,2,medium,low,357.0,0.9201030927835052,Java_medium_Java_low_results.csv
135,179,2,medium,low,384.0,0.9896907216494846,Java_medium_Java_low_results.csv
142,27,2,medium,low,192.0,0.8609865470852018,Java_medium_Java_low_results.csv
135,186,2,medium,low,345.0,0.8891752577319587,Java_medium_Java_low_results.csv
135,183,2,medium,low,368.0,0.9484536082474226,Java_medium_Java_low_results.csv
142,21,2,medium,low,304.0,0.9589905362776026,Java_medium_Java_low_results.csv
142,29,2,medium,low,192.0,0.8609865470852018,Java_medium_Java_low_results.csv
135,176,2,medium,low,439.0,0.871031746031746,Java_medium_Java_low_results.csv
142,35,2,medium,low,209.0,0.937219730941704,Java_medium_Java_low_results.csv
135,182,2,medium,low,394.0,0.985,Java_medium_Java_low_results.csv
142,34,2,medium,low,201.0,0.9013452914798208,Java_medium_Java_low_results.csv
142,31,2,medium,low,261.0,0.935483870967742,Java_medium_Java_low_results.csv
142,37,2,medium,low,216.0,0.968609865470852,Java_medium_Java_low_results.csv
142,65,2,medium,low,214.0,0.9596412556053812,Java_medium_Java_low_results.csv
142,56,2,medium,low,196.0,0.8789237668161435,Java_medium_Java_low_results.csv
142,41,2,medium,low,299.0,0.940251572327044,Java_medium_Java_low_results.csv
142,71,2,medium,low,214.0,0.9596412556053812,Java_medium_Java_low_results.csv
142,43,2,medium,low,248.0,0.8551724137931035,Java_medium_Java_low_results.csv
142,44,2,medium,low,249.0,0.8498293515358362,Java_medium_Java_low_results.csv
142,67,2,medium,low,209.0,0.937219730941704,Java_medium_Java_low_results.csv
142,63,2,medium,low,223.0,0.8576923076923076,Java_medium_Java_low_results.csv
142,78,2,medium,low,191.0,0.8565022421524664,Java_medium_Java_low_results.csv
142,60,2,medium,low,241.0,0.7875816993464052,Java_medium_Java_low_results.csv
142,74,2,medium,low,210.0,0.9417040358744396,Java_medium_Java_low_results.csv
142,94,2,medium,low,215.0,0.9641255605381166,Java_medium_Java_low_results.csv
142,101,2,medium,low,213.0,0.9551569506726456,Java_medium_Java_low_results.csv
142,99,2,medium,low,207.0,0.9282511210762332,Java_medium_Java_low_results.csv
142,107,2,medium,low,209.0,0.937219730941704,Java_medium_Java_low_results.csv
142,79,2,medium,low,253.0,0.8161290322580645,Java_medium_Java_low_results.csv
142,77,2,medium,low,317.0,0.8149100257069408,Java_medium_Java_low_results.csv
142,104,2,medium,low,265.0,0.9330985915492958,Java_medium_Java_low_results.csv
142,64,2,medium,low,508.0,0.8581081081081081,Java_medium_Java_low_results.csv
142,124,2,medium,low,241.0,0.8456140350877193,Java_medium_Java_low_results.csv
142,138,2,medium,low,214.0,0.9596412556053812,Java_medium_Java_low_results.csv
142,128,2,medium,low,227.0,0.934156378600823,Java_medium_Java_low_results.csv
142,140,2,medium,low,195.0,0.874439461883408,Java_medium_Java_low_results.csv
142,126,2,medium,low,291.0,0.9122257053291536,Java_medium_Java_low_results.csv
142,162,2,medium,low,252.0,0.9545454545454546,Java_medium_Java_low_results.csv
142,164,2,medium,low,221.0,0.9404255319148936,Java_medium_Java_low_results.csv
142,172,2,medium,low,196.0,0.8789237668161435,Java_medium_Java_low_results.csv
142,132,2,medium,low,386.0,0.9437652811735942,Java_medium_Java_low_results.csv
142,180,2,medium,low,181.0,0.8116591928251121,Java_medium_Java_low_results.csv
142,200,2,medium,low,195.0,0.874439461883408,Java_medium_Java_low_results.csv
142,186,2,medium,low,215.0,0.9388646288209608,Java_medium_Java_low_results.csv
143,27,2,medium,low,115.0,0.8712121212121212,Java_medium_Java_low_results.csv
143,13,2,medium,low,245.0,0.9607843137254902,Java_medium_Java_low_results.csv
142,183,2,medium,low,256.0,0.9142857142857144,Java_medium_Java_low_results.csv
143,21,2,medium,low,301.0,0.9495268138801262,Java_medium_Java_low_results.csv
142,179,2,medium,low,319.0,0.8328981723237598,Java_medium_Java_low_results.csv
143,29,2,medium,low,163.0,0.8907103825136612,Java_medium_Java_low_results.csv
142,182,2,medium,low,346.0,0.865,Java_medium_Java_low_results.csv
142,176,2,medium,low,478.0,0.9484126984126984,Java_medium_Java_low_results.csv
143,35,2,medium,low,159.0,0.9298245614035088,Java_medium_Java_low_results.csv
143,34,2,medium,low,180.0,0.8823529411764706,Java_medium_Java_low_results.csv
143,31,2,medium,low,263.0,0.942652329749104,Java_medium_Java_low_results.csv
143,37,2,medium,low,199.0,0.9128440366972476,Java_medium_Java_low_results.csv
143,65,2,medium,low,121.0,0.9166666666666666,Java_medium_Java_low_results.csv
143,56,2,medium,low,122.0,0.8356164383561644,Java_medium_Java_low_results.csv
143,41,2,medium,low,297.0,0.9339622641509434,Java_medium_Java_low_results.csv
143,43,2,medium,low,250.0,0.8620689655172413,Java_medium_Java_low_results.csv
143,71,2,medium,low,125.0,0.946969696969697,Java_medium_Java_low_results.csv
143,44,2,medium,low,260.0,0.8873720136518771,Java_medium_Java_low_results.csv
143,63,2,medium,low,215.0,0.8269230769230769,Java_medium_Java_low_results.csv
143,67,2,medium,low,153.0,0.9745222929936306,Java_medium_Java_low_results.csv
143,74,2,medium,low,124.0,0.9393939393939394,Java_medium_Java_low_results.csv
143,60,2,medium,low,250.0,0.8169934640522876,Java_medium_Java_low_results.csv
143,78,2,medium,low,110.0,0.8333333333333334,Java_medium_Java_low_results.csv
143,94,2,medium,low,130.0,0.9848484848484848,Java_medium_Java_low_results.csv
143,99,2,medium,low,165.0,0.953757225433526,Java_medium_Java_low_results.csv
143,101,2,medium,low,150.0,0.9493670886075948,Java_medium_Java_low_results.csv
143,107,2,medium,low,194.0,0.9326923076923076,Java_medium_Java_low_results.csv
143,79,2,medium,low,251.0,0.8096774193548387,Java_medium_Java_low_results.csv
143,77,2,medium,low,326.0,0.8380462724935732,Java_medium_Java_low_results.csv
143,104,2,medium,low,267.0,0.9401408450704224,Java_medium_Java_low_results.csv
143,64,2,medium,low,527.0,0.8902027027027027,Java_medium_Java_low_results.csv
143,138,2,medium,low,147.0,0.9130434782608696,Java_medium_Java_low_results.csv
143,128,2,medium,low,222.0,0.9135802469135802,Java_medium_Java_low_results.csv
143,124,2,medium,low,250.0,0.8771929824561403,Java_medium_Java_low_results.csv
143,126,2,medium,low,285.0,0.8934169278996865,Java_medium_Java_low_results.csv
143,140,2,medium,low,178.0,0.8018018018018018,Java_medium_Java_low_results.csv
143,162,2,medium,low,246.0,0.9318181818181818,Java_medium_Java_low_results.csv
143,164,2,medium,low,197.0,0.8382978723404255,Java_medium_Java_low_results.csv
143,132,2,medium,low,386.0,0.9437652811735942,Java_medium_Java_low_results.csv
143,180,2,medium,low,143.0,0.9050632911392406,Java_medium_Java_low_results.csv
143,172,2,medium,low,160.0,0.9195402298850576,Java_medium_Java_low_results.csv
143,200,2,medium,low,141.0,0.7966101694915254,Java_medium_Java_low_results.csv
143,179,2,medium,low,327.0,0.8537859007832899,Java_medium_Java_low_results.csv
143,186,2,medium,low,217.0,0.9475982532751092,Java_medium_Java_low_results.csv
143,183,2,medium,low,244.0,0.8714285714285714,Java_medium_Java_low_results.csv
145,27,2,medium,low,168.0,0.9230769230769232,Java_medium_Java_low_results.csv
143,182,2,medium,low,350.0,0.875,Java_medium_Java_low_results.csv
143,176,2,medium,low,479.0,0.9503968253968254,Java_medium_Java_low_results.csv
145,13,2,medium,low,236.0,0.9254901960784314,Java_medium_Java_low_results.csv
145,29,2,medium,low,180.0,0.9836065573770492,Java_medium_Java_low_results.csv
145,21,2,medium,low,301.0,0.9495268138801262,Java_medium_Java_low_results.csv
145,34,2,medium,low,199.0,0.9754901960784312,Java_medium_Java_low_results.csv
145,35,2,medium,low,174.0,0.956043956043956,Java_medium_Java_low_results.csv
145,31,2,medium,low,258.0,0.9247311827956988,Java_medium_Java_low_results.csv
145,37,2,medium,low,203.0,0.9311926605504588,Java_medium_Java_low_results.csv
145,65,2,medium,low,167.0,0.9175824175824177,Java_medium_Java_low_results.csv
145,56,2,medium,low,174.0,0.956043956043956,Java_medium_Java_low_results.csv
145,41,2,medium,low,295.0,0.9276729559748428,Java_medium_Java_low_results.csv
145,43,2,medium,low,277.0,0.9551724137931036,Java_medium_Java_low_results.csv
145,63,2,medium,low,251.0,0.9653846153846154,Java_medium_Java_low_results.csv
145,71,2,medium,low,170.0,0.934065934065934,Java_medium_Java_low_results.csv
145,44,2,medium,low,282.0,0.962457337883959,Java_medium_Java_low_results.csv
145,67,2,medium,low,179.0,0.9835164835164836,Java_medium_Java_low_results.csv
145,60,2,medium,low,300.0,0.9803921568627452,Java_medium_Java_low_results.csv
145,74,2,medium,low,156.0,0.8571428571428571,Java_medium_Java_low_results.csv
145,78,2,medium,low,161.0,0.8846153846153846,Java_medium_Java_low_results.csv
145,94,2,medium,low,157.0,0.8626373626373627,Java_medium_Java_low_results.csv
145,99,2,medium,low,178.0,0.978021978021978,Java_medium_Java_low_results.csv
145,101,2,medium,low,163.0,0.8956043956043956,Java_medium_Java_low_results.csv
145,107,2,medium,low,195.0,0.9375,Java_medium_Java_low_results.csv
145,79,2,medium,low,300.0,0.967741935483871,Java_medium_Java_low_results.csv
145,104,2,medium,low,264.0,0.9295774647887324,Java_medium_Java_low_results.csv
145,77,2,medium,low,371.0,0.9537275064267352,Java_medium_Java_low_results.csv
145,64,2,medium,low,571.0,0.964527027027027,Java_medium_Java_low_results.csv
145,124,2,medium,low,264.0,0.9263157894736842,Java_medium_Java_low_results.csv
145,128,2,medium,low,226.0,0.9300411522633744,Java_medium_Java_low_results.csv
145,138,2,medium,low,161.0,0.8846153846153846,Java_medium_Java_low_results.csv
145,126,2,medium,low,303.0,0.9498432601880876,Java_medium_Java_low_results.csv
145,140,2,medium,low,214.0,0.963963963963964,Java_medium_Java_low_results.csv
145,164,2,medium,low,219.0,0.9319148936170212,Java_medium_Java_low_results.csv
145,162,2,medium,low,242.0,0.9166666666666666,Java_medium_Java_low_results.csv
145,172,2,medium,low,178.0,0.978021978021978,Java_medium_Java_low_results.csv
145,180,2,medium,low,179.0,0.9835164835164836,Java_medium_Java_low_results.csv
145,132,2,medium,low,380.0,0.9290953545232272,Java_medium_Java_low_results.csv
145,200,2,medium,low,179.0,0.9835164835164836,Java_medium_Java_low_results.csv
145,179,2,medium,low,367.0,0.95822454308094,Java_medium_Java_low_results.csv
145,186,2,medium,low,219.0,0.9563318777292577,Java_medium_Java_low_results.csv
145,183,2,medium,low,252.0,0.9,Java_medium_Java_low_results.csv
147,27,2,medium,low,254.0,0.910394265232975,Java_medium_Java_low_results.csv
145,182,2,medium,low,374.0,0.935,Java_medium_Java_low_results.csv
145,176,2,medium,low,457.0,0.9067460317460316,Java_medium_Java_low_results.csv
147,13,2,medium,low,259.0,0.92831541218638,Java_medium_Java_low_results.csv
147,29,2,medium,low,267.0,0.956989247311828,Java_medium_Java_low_results.csv
147,21,2,medium,low,306.0,0.9652996845425869,Java_medium_Java_low_results.csv
147,35,2,medium,low,239.0,0.8566308243727598,Java_medium_Java_low_results.csv
147,34,2,medium,low,259.0,0.92831541218638,Java_medium_Java_low_results.csv
147,31,2,medium,low,262.0,0.9390681003584228,Java_medium_Java_low_results.csv
147,37,2,medium,low,241.0,0.8637992831541219,Java_medium_Java_low_results.csv
147,65,2,medium,low,265.0,0.949820788530466,Java_medium_Java_low_results.csv
147,56,2,medium,low,267.0,0.956989247311828,Java_medium_Java_low_results.csv
147,41,2,medium,low,285.0,0.8962264150943396,Java_medium_Java_low_results.csv
147,43,2,medium,low,281.0,0.9689655172413794,Java_medium_Java_low_results.csv
147,71,2,medium,low,259.0,0.92831541218638,Java_medium_Java_low_results.csv
147,63,2,medium,low,269.0,0.96415770609319,Java_medium_Java_low_results.csv
147,44,2,medium,low,285.0,0.9726962457337884,Java_medium_Java_low_results.csv
147,67,2,medium,low,233.0,0.8351254480286738,Java_medium_Java_low_results.csv
147,60,2,medium,low,296.0,0.9673202614379084,Java_medium_Java_low_results.csv
147,74,2,medium,low,253.0,0.906810035842294,Java_medium_Java_low_results.csv
147,78,2,medium,low,258.0,0.9247311827956988,Java_medium_Java_low_results.csv
147,94,2,medium,low,258.0,0.9247311827956988,Java_medium_Java_low_results.csv
147,101,2,medium,low,257.0,0.921146953405018,Java_medium_Java_low_results.csv
147,99,2,medium,low,230.0,0.8243727598566308,Java_medium_Java_low_results.csv
147,107,2,medium,low,247.0,0.8853046594982079,Java_medium_Java_low_results.csv
147,79,2,medium,low,297.0,0.9580645161290322,Java_medium_Java_low_results.csv
147,104,2,medium,low,254.0,0.8943661971830986,Java_medium_Java_low_results.csv
147,77,2,medium,low,362.0,0.9305912596401028,Java_medium_Java_low_results.csv
147,64,2,medium,low,558.0,0.9425675675675677,Java_medium_Java_low_results.csv
147,124,2,medium,low,279.0,0.9789473684210528,Java_medium_Java_low_results.csv
147,128,2,medium,low,255.0,0.913978494623656,Java_medium_Java_low_results.csv
147,138,2,medium,low,242.0,0.8673835125448028,Java_medium_Java_low_results.csv
147,126,2,medium,low,312.0,0.9780564263322884,Java_medium_Java_low_results.csv
147,140,2,medium,low,262.0,0.9390681003584228,Java_medium_Java_low_results.csv
147,164,2,medium,low,262.0,0.9390681003584228,Java_medium_Java_low_results.csv
147,162,2,medium,low,263.0,0.942652329749104,Java_medium_Java_low_results.csv
147,172,2,medium,low,266.0,0.953405017921147,Java_medium_Java_low_results.csv
147,180,2,medium,low,260.0,0.931899641577061,Java_medium_Java_low_results.csv
147,132,2,medium,low,380.0,0.9290953545232272,Java_medium_Java_low_results.csv
147,200,2,medium,low,261.0,0.935483870967742,Java_medium_Java_low_results.csv
147,186,2,medium,low,240.0,0.8602150537634409,Java_medium_Java_low_results.csv
147,179,2,medium,low,369.0,0.9634464751958224,Java_medium_Java_low_results.csv
147,183,2,medium,low,272.0,0.9714285714285714,Java_medium_Java_low_results.csv
151,27,2,medium,low,476.0,0.937007874015748,Java_medium_Java_low_results.csv
147,182,2,medium,low,375.0,0.9375,Java_medium_Java_low_results.csv
147,176,2,medium,low,452.0,0.8968253968253969,Java_medium_Java_low_results.csv
151,13,2,medium,low,448.0,0.8818897637795275,Java_medium_Java_low_results.csv
151,29,2,medium,low,488.0,0.9606299212598424,Java_medium_Java_low_results.csv
151,35,2,medium,low,453.0,0.8917322834645669,Java_medium_Java_low_results.csv
151,21,2,medium,low,432.0,0.8503937007874016,Java_medium_Java_low_results.csv
151,34,2,medium,low,478.0,0.9409448818897638,Java_medium_Java_low_results.csv
151,37,2,medium,low,453.0,0.8917322834645669,Java_medium_Java_low_results.csv
151,31,2,medium,low,432.0,0.8503937007874016,Java_medium_Java_low_results.csv
151,65,2,medium,low,494.0,0.9724409448818898,Java_medium_Java_low_results.csv
151,56,2,medium,low,484.0,0.952755905511811,Java_medium_Java_low_results.csv
151,41,2,medium,low,442.0,0.8700787401574803,Java_medium_Java_low_results.csv
151,43,2,medium,low,474.0,0.9330708661417324,Java_medium_Java_low_results.csv
151,71,2,medium,low,483.0,0.9507874015748032,Java_medium_Java_low_results.csv
151,63,2,medium,low,474.0,0.9330708661417324,Java_medium_Java_low_results.csv
151,44,2,medium,low,454.0,0.8937007874015748,Java_medium_Java_low_results.csv
151,74,2,medium,low,472.0,0.9291338582677166,Java_medium_Java_low_results.csv
151,67,2,medium,low,453.0,0.8917322834645669,Java_medium_Java_low_results.csv
151,60,2,medium,low,463.0,0.9114173228346456,Java_medium_Java_low_results.csv
151,78,2,medium,low,481.0,0.9468503937007874,Java_medium_Java_low_results.csv
151,94,2,medium,low,473.0,0.9311023622047244,Java_medium_Java_low_results.csv
151,99,2,medium,low,432.0,0.8503937007874016,Java_medium_Java_low_results.csv
151,101,2,medium,low,444.0,0.8740157480314961,Java_medium_Java_low_results.csv
151,107,2,medium,low,453.0,0.8917322834645669,Java_medium_Java_low_results.csv
151,79,2,medium,low,466.0,0.9173228346456692,Java_medium_Java_low_results.csv
151,104,2,medium,low,462.0,0.9094488188976378,Java_medium_Java_low_results.csv
151,77,2,medium,low,469.0,0.9232283464566928,Java_medium_Java_low_results.csv
151,64,2,medium,low,557.0,0.9408783783783784,Java_medium_Java_low_results.csv
151,124,2,medium,low,479.0,0.9429133858267716,Java_medium_Java_low_results.csv
151,128,2,medium,low,452.0,0.889763779527559,Java_medium_Java_low_results.csv
151,138,2,medium,low,444.0,0.8740157480314961,Java_medium_Java_low_results.csv
151,126,2,medium,low,477.0,0.938976377952756,Java_medium_Java_low_results.csv
151,140,2,medium,low,471.0,0.9271653543307088,Java_medium_Java_low_results.csv
151,172,2,medium,low,477.0,0.938976377952756,Java_medium_Java_low_results.csv
151,162,2,medium,low,458.0,0.9015748031496064,Java_medium_Java_low_results.csv
151,180,2,medium,low,479.0,0.9429133858267716,Java_medium_Java_low_results.csv
151,164,2,medium,low,476.0,0.937007874015748,Java_medium_Java_low_results.csv
151,132,2,medium,low,452.0,0.889763779527559,Java_medium_Java_low_results.csv
155,13,2,medium,low,245.0,0.9607843137254902,Java_medium_Java_low_results.csv
155,27,2,medium,low,175.0,0.8663366336633663,Java_medium_Java_low_results.csv
155,21,2,medium,low,302.0,0.9526813880126184,Java_medium_Java_low_results.csv
151,179,2,medium,low,473.0,0.9311023622047244,Java_medium_Java_low_results.csv
151,200,2,medium,low,482.0,0.9488188976377953,Java_medium_Java_low_results.csv
151,186,2,medium,low,429.0,0.844488188976378,Java_medium_Java_low_results.csv
155,29,2,medium,low,185.0,0.915841584158416,Java_medium_Java_low_results.csv
151,183,2,medium,low,488.0,0.9606299212598424,Java_medium_Java_low_results.csv
155,35,2,medium,low,183.0,0.905940594059406,Java_medium_Java_low_results.csv
155,34,2,medium,low,200.0,0.9803921568627452,Java_medium_Java_low_results.csv
155,31,2,medium,low,261.0,0.935483870967742,Java_medium_Java_low_results.csv
151,182,2,medium,low,484.0,0.952755905511811,Java_medium_Java_low_results.csv
151,176,2,medium,low,489.0,0.9625984251968503,Java_medium_Java_low_results.csv
155,37,2,medium,low,206.0,0.944954128440367,Java_medium_Java_low_results.csv
155,65,2,medium,low,194.0,0.9603960396039604,Java_medium_Java_low_results.csv
155,56,2,medium,low,172.0,0.8514851485148515,Java_medium_Java_low_results.csv
155,41,2,medium,low,297.0,0.9339622641509434,Java_medium_Java_low_results.csv
155,43,2,medium,low,246.0,0.8482758620689655,Java_medium_Java_low_results.csv
155,44,2,medium,low,252.0,0.8600682593856656,Java_medium_Java_low_results.csv
155,71,2,medium,low,190.0,0.9405940594059404,Java_medium_Java_low_results.csv
155,74,2,medium,low,180.0,0.8910891089108911,Java_medium_Java_low_results.csv
155,63,2,medium,low,211.0,0.8115384615384615,Java_medium_Java_low_results.csv
155,67,2,medium,low,187.0,0.9257425742574258,Java_medium_Java_low_results.csv
155,60,2,medium,low,249.0,0.8137254901960784,Java_medium_Java_low_results.csv
155,78,2,medium,low,164.0,0.8118811881188119,Java_medium_Java_low_results.csv
155,94,2,medium,low,194.0,0.9603960396039604,Java_medium_Java_low_results.csv
155,99,2,medium,low,188.0,0.9306930693069309,Java_medium_Java_low_results.csv
155,101,2,medium,low,187.0,0.9257425742574258,Java_medium_Java_low_results.csv
155,107,2,medium,low,195.0,0.9375,Java_medium_Java_low_results.csv
155,79,2,medium,low,252.0,0.8129032258064516,Java_medium_Java_low_results.csv
155,77,2,medium,low,326.0,0.8380462724935732,Java_medium_Java_low_results.csv
155,64,2,medium,low,520.0,0.8783783783783784,Java_medium_Java_low_results.csv
155,104,2,medium,low,262.0,0.9225352112676056,Java_medium_Java_low_results.csv
155,128,2,medium,low,226.0,0.9300411522633744,Java_medium_Java_low_results.csv
155,138,2,medium,low,187.0,0.9257425742574258,Java_medium_Java_low_results.csv
155,124,2,medium,low,244.0,0.856140350877193,Java_medium_Java_low_results.csv
155,126,2,medium,low,277.0,0.8683385579937304,Java_medium_Java_low_results.csv
155,140,2,medium,low,184.0,0.8288288288288288,Java_medium_Java_low_results.csv
155,164,2,medium,low,211.0,0.8978723404255319,Java_medium_Java_low_results.csv
155,162,2,medium,low,244.0,0.9242424242424242,Java_medium_Java_low_results.csv
155,172,2,medium,low,178.0,0.8811881188118812,Java_medium_Java_low_results.csv
155,180,2,medium,low,165.0,0.8168316831683168,Java_medium_Java_low_results.csv
155,132,2,medium,low,380.0,0.9290953545232272,Java_medium_Java_low_results.csv
155,200,2,medium,low,172.0,0.8514851485148515,Java_medium_Java_low_results.csv
155,186,2,medium,low,215.0,0.9388646288209608,Java_medium_Java_low_results.csv
155,179,2,medium,low,322.0,0.8407310704960835,Java_medium_Java_low_results.csv
155,183,2,medium,low,241.0,0.8607142857142858,Java_medium_Java_low_results.csv
158,27,2,medium,low,181.0,0.8916256157635468,Java_medium_Java_low_results.csv
155,182,2,medium,low,352.0,0.88,Java_medium_Java_low_results.csv
158,13,2,medium,low,238.0,0.9333333333333332,Java_medium_Java_low_results.csv
155,176,2,medium,low,473.0,0.9384920634920636,Java_medium_Java_low_results.csv
158,21,2,medium,low,290.0,0.9148264984227128,Java_medium_Java_low_results.csv
158,29,2,medium,low,191.0,0.9408866995073892,Java_medium_Java_low_results.csv
158,34,2,medium,low,199.0,0.9754901960784312,Java_medium_Java_low_results.csv
158,35,2,medium,low,172.0,0.8472906403940886,Java_medium_Java_low_results.csv
158,37,2,medium,low,196.0,0.8990825688073395,Java_medium_Java_low_results.csv
158,56,2,medium,low,186.0,0.916256157635468,Java_medium_Java_low_results.csv
158,31,2,medium,low,237.0,0.8494623655913979,Java_medium_Java_low_results.csv
158,65,2,medium,low,189.0,0.9310344827586208,Java_medium_Java_low_results.csv
158,43,2,medium,low,261.0,0.9,Java_medium_Java_low_results.csv
158,44,2,medium,low,273.0,0.931740614334471,Java_medium_Java_low_results.csv
158,41,2,medium,low,278.0,0.8742138364779874,Java_medium_Java_low_results.csv
158,71,2,medium,low,182.0,0.896551724137931,Java_medium_Java_low_results.csv
158,67,2,medium,low,184.0,0.9064039408866996,Java_medium_Java_low_results.csv
158,74,2,medium,low,182.0,0.896551724137931,Java_medium_Java_low_results.csv
158,78,2,medium,low,182.0,0.896551724137931,Java_medium_Java_low_results.csv
158,63,2,medium,low,233.0,0.8961538461538462,Java_medium_Java_low_results.csv
158,60,2,medium,low,283.0,0.9248366013071896,Java_medium_Java_low_results.csv
158,94,2,medium,low,191.0,0.9408866995073892,Java_medium_Java_low_results.csv
158,99,2,medium,low,185.0,0.9113300492610836,Java_medium_Java_low_results.csv
158,101,2,medium,low,179.0,0.8817733990147784,Java_medium_Java_low_results.csv
158,107,2,medium,low,194.0,0.9326923076923076,Java_medium_Java_low_results.csv
158,79,2,medium,low,282.0,0.9096774193548388,Java_medium_Java_low_results.csv
158,77,2,medium,low,361.0,0.9280205655526992,Java_medium_Java_low_results.csv
158,104,2,medium,low,255.0,0.897887323943662,Java_medium_Java_low_results.csv
158,64,2,medium,low,553.0,0.9341216216216216,Java_medium_Java_low_results.csv
158,138,2,medium,low,181.0,0.8916256157635468,Java_medium_Java_low_results.csv
158,124,2,medium,low,268.0,0.9403508771929824,Java_medium_Java_low_results.csv
158,128,2,medium,low,200.0,0.823045267489712,Java_medium_Java_low_results.csv
158,126,2,medium,low,303.0,0.9498432601880876,Java_medium_Java_low_results.csv
158,140,2,medium,low,207.0,0.9324324324324323,Java_medium_Java_low_results.csv
158,162,2,medium,low,234.0,0.8863636363636364,Java_medium_Java_low_results.csv
158,172,2,medium,low,187.0,0.9211822660098522,Java_medium_Java_low_results.csv
158,164,2,medium,low,214.0,0.9106382978723404,Java_medium_Java_low_results.csv
158,180,2,medium,low,185.0,0.9113300492610836,Java_medium_Java_low_results.csv
158,132,2,medium,low,365.0,0.8924205378973105,Java_medium_Java_low_results.csv
158,179,2,medium,low,350.0,0.9138381201044388,Java_medium_Java_low_results.csv
158,200,2,medium,low,187.0,0.9211822660098522,Java_medium_Java_low_results.csv
158,186,2,medium,low,204.0,0.8908296943231441,Java_medium_Java_low_results.csv
158,183,2,medium,low,247.0,0.8821428571428571,Java_medium_Java_low_results.csv
158,182,2,medium,low,370.0,0.925,Java_medium_Java_low_results.csv
158,176,2,medium,low,446.0,0.8849206349206349,Java_medium_Java_low_results.csv
168,27,2,medium,low,464.0,0.935483870967742,Java_medium_Java_low_results.csv
168,29,2,medium,low,466.0,0.939516129032258,Java_medium_Java_low_results.csv
168,34,2,medium,low,471.0,0.9495967741935484,Java_medium_Java_low_results.csv
168,35,2,medium,low,456.0,0.9193548387096774,Java_medium_Java_low_results.csv
168,37,2,medium,low,461.0,0.9294354838709676,Java_medium_Java_low_results.csv
168,13,2,medium,low,436.0,0.8790322580645161,Java_medium_Java_low_results.csv
168,31,2,medium,low,456.0,0.9193548387096774,Java_medium_Java_low_results.csv
168,21,2,medium,low,446.0,0.8991935483870968,Java_medium_Java_low_results.csv
168,56,2,medium,low,475.0,0.9576612903225806,Java_medium_Java_low_results.csv
168,65,2,medium,low,475.0,0.9576612903225806,Java_medium_Java_low_results.csv
168,41,2,medium,low,453.0,0.9133064516129032,Java_medium_Java_low_results.csv
168,43,2,medium,low,466.0,0.939516129032258,Java_medium_Java_low_results.csv
168,71,2,medium,low,464.0,0.935483870967742,Java_medium_Java_low_results.csv
168,74,2,medium,low,459.0,0.9254032258064516,Java_medium_Java_low_results.csv
168,44,2,medium,low,462.0,0.9314516129032258,Java_medium_Java_low_results.csv
168,63,2,medium,low,472.0,0.9516129032258064,Java_medium_Java_low_results.csv
168,67,2,medium,low,458.0,0.9233870967741936,Java_medium_Java_low_results.csv
168,78,2,medium,low,472.0,0.9516129032258064,Java_medium_Java_low_results.csv
168,60,2,medium,low,469.0,0.9455645161290324,Java_medium_Java_low_results.csv
168,94,2,medium,low,460.0,0.9274193548387096,Java_medium_Java_low_results.csv
168,99,2,medium,low,441.0,0.8891129032258065,Java_medium_Java_low_results.csv
168,101,2,medium,low,449.0,0.905241935483871,Java_medium_Java_low_results.csv
168,107,2,medium,low,449.0,0.905241935483871,Java_medium_Java_low_results.csv
168,79,2,medium,low,467.0,0.941532258064516,Java_medium_Java_low_results.csv
168,104,2,medium,low,459.0,0.9254032258064516,Java_medium_Java_low_results.csv
168,64,2,medium,low,563.0,0.9510135135135136,Java_medium_Java_low_results.csv
168,77,2,medium,low,469.0,0.9455645161290324,Java_medium_Java_low_results.csv
168,124,2,medium,low,475.0,0.9576612903225806,Java_medium_Java_low_results.csv
168,128,2,medium,low,463.0,0.933467741935484,Java_medium_Java_low_results.csv
168,126,2,medium,low,465.0,0.9375,Java_medium_Java_low_results.csv
168,138,2,medium,low,455.0,0.9173387096774194,Java_medium_Java_low_results.csv
168,140,2,medium,low,470.0,0.9475806451612904,Java_medium_Java_low_results.csv
168,172,2,medium,low,459.0,0.9254032258064516,Java_medium_Java_low_results.csv
168,164,2,medium,low,464.0,0.935483870967742,Java_medium_Java_low_results.csv
168,180,2,medium,low,470.0,0.9475806451612904,Java_medium_Java_low_results.csv
168,162,2,medium,low,449.0,0.905241935483871,Java_medium_Java_low_results.csv
168,132,2,medium,low,444.0,0.8951612903225806,Java_medium_Java_low_results.csv
169,13,2,medium,low,236.0,0.9254901960784314,Java_medium_Java_low_results.csv
169,27,2,medium,low,133.0,0.83125,Java_medium_Java_low_results.csv
169,21,2,medium,low,289.0,0.9116719242902208,Java_medium_Java_low_results.csv
169,29,2,medium,low,164.0,0.8961748633879781,Java_medium_Java_low_results.csv
168,200,2,medium,low,473.0,0.9536290322580644,Java_medium_Java_low_results.csv
168,179,2,medium,low,470.0,0.9475806451612904,Java_medium_Java_low_results.csv
168,186,2,medium,low,432.0,0.8709677419354839,Java_medium_Java_low_results.csv
169,35,2,medium,low,153.0,0.8947368421052632,Java_medium_Java_low_results.csv
168,183,2,medium,low,467.0,0.941532258064516,Java_medium_Java_low_results.csv
169,34,2,medium,low,181.0,0.8872549019607843,Java_medium_Java_low_results.csv
169,31,2,medium,low,252.0,0.9032258064516128,Java_medium_Java_low_results.csv
168,176,2,medium,low,481.0,0.9543650793650794,Java_medium_Java_low_results.csv
169,37,2,medium,low,191.0,0.8761467889908257,Java_medium_Java_low_results.csv
169,56,2,medium,low,141.0,0.88125,Java_medium_Java_low_results.csv
169,65,2,medium,low,145.0,0.90625,Java_medium_Java_low_results.csv
169,41,2,medium,low,286.0,0.89937106918239,Java_medium_Java_low_results.csv
169,43,2,medium,low,240.0,0.8275862068965517,Java_medium_Java_low_results.csv
168,182,2,medium,low,478.0,0.9637096774193548,Java_medium_Java_low_results.csv
169,44,2,medium,low,239.0,0.8156996587030717,Java_medium_Java_low_results.csv
169,63,2,medium,low,213.0,0.8192307692307692,Java_medium_Java_low_results.csv
169,71,2,medium,low,147.0,0.91875,Java_medium_Java_low_results.csv
169,60,2,medium,low,244.0,0.7973856209150327,Java_medium_Java_low_results.csv
169,67,2,medium,low,153.0,0.95625,Java_medium_Java_low_results.csv
169,74,2,medium,low,147.0,0.91875,Java_medium_Java_low_results.csv
169,78,2,medium,low,133.0,0.83125,Java_medium_Java_low_results.csv
169,94,2,medium,low,155.0,0.96875,Java_medium_Java_low_results.csv
169,101,2,medium,low,154.0,0.9625,Java_medium_Java_low_results.csv
169,99,2,medium,low,163.0,0.9421965317919077,Java_medium_Java_low_results.csv
169,107,2,medium,low,185.0,0.8894230769230769,Java_medium_Java_low_results.csv
169,104,2,medium,low,259.0,0.9119718309859156,Java_medium_Java_low_results.csv
169,77,2,medium,low,320.0,0.8226221079691517,Java_medium_Java_low_results.csv
169,64,2,medium,low,508.0,0.8581081081081081,Java_medium_Java_low_results.csv
169,79,2,medium,low,250.0,0.8064516129032258,Java_medium_Java_low_results.csv
169,124,2,medium,low,248.0,0.8701754385964913,Java_medium_Java_low_results.csv
169,128,2,medium,low,222.0,0.9135802469135802,Java_medium_Java_low_results.csv
169,138,2,medium,low,151.0,0.937888198757764,Java_medium_Java_low_results.csv
169,126,2,medium,low,272.0,0.8526645768025078,Java_medium_Java_low_results.csv
169,162,2,medium,low,237.0,0.8977272727272727,Java_medium_Java_low_results.csv
169,140,2,medium,low,183.0,0.8243243243243243,Java_medium_Java_low_results.csv
169,172,2,medium,low,150.0,0.8620689655172413,Java_medium_Java_low_results.csv
169,164,2,medium,low,205.0,0.8723404255319149,Java_medium_Java_low_results.csv
169,180,2,medium,low,142.0,0.8875,Java_medium_Java_low_results.csv
169,132,2,medium,low,377.0,0.921760391198044,Java_medium_Java_low_results.csv
169,200,2,medium,low,157.0,0.8870056497175142,Java_medium_Java_low_results.csv
169,179,2,medium,low,324.0,0.8459530026109661,Java_medium_Java_low_results.csv
169,186,2,medium,low,204.0,0.8908296943231441,Java_medium_Java_low_results.csv
169,183,2,medium,low,242.0,0.8642857142857143,Java_medium_Java_low_results.csv
169,176,2,medium,low,465.0,0.9226190476190476,Java_medium_Java_low_results.csv
171,27,2,medium,low,262.0,0.9290780141843972,Java_medium_Java_low_results.csv
169,182,2,medium,low,346.0,0.865,Java_medium_Java_low_results.csv
171,13,2,medium,low,274.0,0.9716312056737588,Java_medium_Java_low_results.csv
171,29,2,medium,low,252.0,0.8936170212765957,Java_medium_Java_low_results.csv
171,34,2,medium,low,242.0,0.8581560283687943,Java_medium_Java_low_results.csv
171,35,2,medium,low,262.0,0.9290780141843972,Java_medium_Java_low_results.csv
171,21,2,medium,low,297.0,0.9369085173501576,Java_medium_Java_low_results.csv
171,37,2,medium,low,263.0,0.9326241134751772,Java_medium_Java_low_results.csv
171,31,2,medium,low,278.0,0.9858156028368794,Java_medium_Java_low_results.csv
171,65,2,medium,low,273.0,0.9680851063829788,Java_medium_Java_low_results.csv
171,56,2,medium,low,249.0,0.8829787234042553,Java_medium_Java_low_results.csv
171,41,2,medium,low,305.0,0.959119496855346,Java_medium_Java_low_results.csv
171,71,2,medium,low,273.0,0.9680851063829788,Java_medium_Java_low_results.csv
171,44,2,medium,low,254.0,0.8668941979522184,Java_medium_Java_low_results.csv
171,43,2,medium,low,257.0,0.8862068965517241,Java_medium_Java_low_results.csv
171,74,2,medium,low,269.0,0.953900709219858,Java_medium_Java_low_results.csv
171,63,2,medium,low,258.0,0.9148936170212766,Java_medium_Java_low_results.csv
171,67,2,medium,low,262.0,0.9290780141843972,Java_medium_Java_low_results.csv
171,60,2,medium,low,235.0,0.7679738562091504,Java_medium_Java_low_results.csv
171,78,2,medium,low,247.0,0.875886524822695,Java_medium_Java_low_results.csv
171,94,2,medium,low,269.0,0.953900709219858,Java_medium_Java_low_results.csv
171,101,2,medium,low,260.0,0.9219858156028368,Java_medium_Java_low_results.csv
171,99,2,medium,low,262.0,0.9290780141843972,Java_medium_Java_low_results.csv
171,79,2,medium,low,279.0,0.9,Java_medium_Java_low_results.csv
171,107,2,medium,low,265.0,0.9397163120567376,Java_medium_Java_low_results.csv
171,77,2,medium,low,323.0,0.8303341902313625,Java_medium_Java_low_results.csv
171,104,2,medium,low,275.0,0.9683098591549296,Java_medium_Java_low_results.csv
171,64,2,medium,low,508.0,0.8581081081081081,Java_medium_Java_low_results.csv
171,138,2,medium,low,265.0,0.9397163120567376,Java_medium_Java_low_results.csv
171,128,2,medium,low,273.0,0.9680851063829788,Java_medium_Java_low_results.csv
171,124,2,medium,low,266.0,0.9333333333333332,Java_medium_Java_low_results.csv
171,126,2,medium,low,294.0,0.9216300940438872,Java_medium_Java_low_results.csv
171,140,2,medium,low,257.0,0.9113475177304964,Java_medium_Java_low_results.csv
171,164,2,medium,low,265.0,0.9397163120567376,Java_medium_Java_low_results.csv
171,162,2,medium,low,276.0,0.9787234042553192,Java_medium_Java_low_results.csv
171,172,2,medium,low,237.0,0.8404255319148937,Java_medium_Java_low_results.csv
171,180,2,medium,low,238.0,0.8439716312056738,Java_medium_Java_low_results.csv
171,132,2,medium,low,377.0,0.921760391198044,Java_medium_Java_low_results.csv
171,200,2,medium,low,258.0,0.9148936170212766,Java_medium_Java_low_results.csv
185,13,2,medium,low,221.0,0.8666666666666667,Java_medium_Java_low_results.csv
185,27,2,medium,low,111.0,0.902439024390244,Java_medium_Java_low_results.csv
185,21,2,medium,low,281.0,0.886435331230284,Java_medium_Java_low_results.csv
171,186,2,medium,low,266.0,0.9432624113475178,Java_medium_Java_low_results.csv
171,179,2,medium,low,334.0,0.8720626631853786,Java_medium_Java_low_results.csv
171,183,2,medium,low,270.0,0.9574468085106383,Java_medium_Java_low_results.csv
185,29,2,medium,low,174.0,0.9508196721311476,Java_medium_Java_low_results.csv
185,35,2,medium,low,143.0,0.8362573099415205,Java_medium_Java_low_results.csv
185,34,2,medium,low,197.0,0.965686274509804,Java_medium_Java_low_results.csv
185,31,2,medium,low,234.0,0.8387096774193549,Java_medium_Java_low_results.csv
171,176,2,medium,low,470.0,0.9325396825396826,Java_medium_Java_low_results.csv
185,37,2,medium,low,192.0,0.8807339449541285,Java_medium_Java_low_results.csv
171,182,2,medium,low,363.0,0.9075,Java_medium_Java_low_results.csv
185,56,2,medium,low,139.0,0.952054794520548,Java_medium_Java_low_results.csv
185,65,2,medium,low,116.0,0.943089430894309,Java_medium_Java_low_results.csv
185,44,2,medium,low,270.0,0.9215017064846416,Java_medium_Java_low_results.csv
185,41,2,medium,low,268.0,0.8427672955974843,Java_medium_Java_low_results.csv
185,43,2,medium,low,274.0,0.9448275862068966,Java_medium_Java_low_results.csv
185,71,2,medium,low,112.0,0.9105691056910568,Java_medium_Java_low_results.csv
185,60,2,medium,low,281.0,0.9183006535947712,Java_medium_Java_low_results.csv
185,67,2,medium,low,141.0,0.8980891719745223,Java_medium_Java_low_results.csv
185,74,2,medium,low,118.0,0.959349593495935,Java_medium_Java_low_results.csv
185,63,2,medium,low,241.0,0.926923076923077,Java_medium_Java_low_results.csv
185,78,2,medium,low,113.0,0.91869918699187,Java_medium_Java_low_results.csv
185,94,2,medium,low,126.0,0.9692307692307692,Java_medium_Java_low_results.csv
185,99,2,medium,low,135.0,0.7803468208092486,Java_medium_Java_low_results.csv
185,101,2,medium,low,146.0,0.9240506329113924,Java_medium_Java_low_results.csv
185,79,2,medium,low,290.0,0.935483870967742,Java_medium_Java_low_results.csv
185,64,2,medium,low,560.0,0.945945945945946,Java_medium_Java_low_results.csv
185,107,2,medium,low,187.0,0.8990384615384616,Java_medium_Java_low_results.csv
185,77,2,medium,low,357.0,0.9177377892030848,Java_medium_Java_low_results.csv
185,104,2,medium,low,247.0,0.8697183098591549,Java_medium_Java_low_results.csv
185,124,2,medium,low,272.0,0.9543859649122808,Java_medium_Java_low_results.csv
185,128,2,medium,low,195.0,0.8024691358024691,Java_medium_Java_low_results.csv
185,138,2,medium,low,139.0,0.8633540372670807,Java_medium_Java_low_results.csv
185,126,2,medium,low,303.0,0.9498432601880876,Java_medium_Java_low_results.csv
185,140,2,medium,low,204.0,0.918918918918919,Java_medium_Java_low_results.csv
185,172,2,medium,low,163.0,0.9367816091954024,Java_medium_Java_low_results.csv
185,162,2,medium,low,235.0,0.8901515151515151,Java_medium_Java_low_results.csv
185,164,2,medium,low,221.0,0.9404255319148936,Java_medium_Java_low_results.csv
185,132,2,medium,low,371.0,0.9070904645476772,Java_medium_Java_low_results.csv
185,180,2,medium,low,149.0,0.9430379746835444,Java_medium_Java_low_results.csv
185,200,2,medium,low,166.0,0.9378531073446328,Java_medium_Java_low_results.csv
185,179,2,medium,low,361.0,0.9425587467362924,Java_medium_Java_low_results.csv
190,27,2,medium,low,81.0,0.84375,Java_medium_Java_low_results.csv
190,13,2,medium,low,241.0,0.9450980392156862,Java_medium_Java_low_results.csv
185,186,2,medium,low,185.0,0.8078602620087336,Java_medium_Java_low_results.csv
185,183,2,medium,low,260.0,0.9285714285714286,Java_medium_Java_low_results.csv
185,176,2,medium,low,437.0,0.8670634920634921,Java_medium_Java_low_results.csv
190,21,2,medium,low,295.0,0.9305993690851736,Java_medium_Java_low_results.csv
185,182,2,medium,low,384.0,0.96,Java_medium_Java_low_results.csv
190,29,2,medium,low,162.0,0.8852459016393442,Java_medium_Java_low_results.csv
190,35,2,medium,low,156.0,0.912280701754386,Java_medium_Java_low_results.csv
190,34,2,medium,low,172.0,0.8431372549019608,Java_medium_Java_low_results.csv
190,31,2,medium,low,251.0,0.899641577060932,Java_medium_Java_low_results.csv
190,37,2,medium,low,193.0,0.8853211009174312,Java_medium_Java_low_results.csv
190,56,2,medium,low,111.0,0.7602739726027398,Java_medium_Java_low_results.csv
190,65,2,medium,low,87.0,0.90625,Java_medium_Java_low_results.csv
190,43,2,medium,low,250.0,0.8620689655172413,Java_medium_Java_low_results.csv
190,44,2,medium,low,256.0,0.8737201365187713,Java_medium_Java_low_results.csv
190,41,2,medium,low,296.0,0.9308176100628932,Java_medium_Java_low_results.csv
190,71,2,medium,low,95.0,0.9895833333333334,Java_medium_Java_low_results.csv
190,74,2,medium,low,93.0,0.93,Java_medium_Java_low_results.csv
190,63,2,medium,low,209.0,0.8038461538461539,Java_medium_Java_low_results.csv
190,60,2,medium,low,263.0,0.8594771241830066,Java_medium_Java_low_results.csv
190,78,2,medium,low,82.0,0.8541666666666666,Java_medium_Java_low_results.csv
190,67,2,medium,low,152.0,0.9681528662420382,Java_medium_Java_low_results.csv
190,94,2,medium,low,117.0,0.9,Java_medium_Java_low_results.csv
190,101,2,medium,low,143.0,0.9050632911392406,Java_medium_Java_low_results.csv
190,99,2,medium,low,164.0,0.9479768786127168,Java_medium_Java_low_results.csv
190,104,2,medium,low,265.0,0.9330985915492958,Java_medium_Java_low_results.csv
190,107,2,medium,low,183.0,0.8798076923076923,Java_medium_Java_low_results.csv
190,79,2,medium,low,252.0,0.8129032258064516,Java_medium_Java_low_results.csv
190,64,2,medium,low,541.0,0.9138513513513512,Java_medium_Java_low_results.csv
190,77,2,medium,low,331.0,0.8508997429305912,Java_medium_Java_low_results.csv
190,124,2,medium,low,233.0,0.8175438596491228,Java_medium_Java_low_results.csv
190,138,2,medium,low,140.0,0.8695652173913043,Java_medium_Java_low_results.csv
190,128,2,medium,low,225.0,0.925925925925926,Java_medium_Java_low_results.csv
190,140,2,medium,low,177.0,0.7972972972972973,Java_medium_Java_low_results.csv
190,164,2,medium,low,194.0,0.825531914893617,Java_medium_Java_low_results.csv
190,162,2,medium,low,243.0,0.9204545454545454,Java_medium_Java_low_results.csv
190,172,2,medium,low,158.0,0.9080459770114944,Java_medium_Java_low_results.csv
190,126,2,medium,low,278.0,0.8714733542319749,Java_medium_Java_low_results.csv
190,180,2,medium,low,139.0,0.879746835443038,Java_medium_Java_low_results.csv
190,132,2,medium,low,385.0,0.941320293398533,Java_medium_Java_low_results.csv
190,186,2,medium,low,199.0,0.868995633187773,Java_medium_Java_low_results.csv
190,200,2,medium,low,145.0,0.8192090395480226,Java_medium_Java_low_results.csv
190,179,2,medium,low,325.0,0.8485639686684073,Java_medium_Java_low_results.csv
190,183,2,medium,low,237.0,0.8464285714285714,Java_medium_Java_low_results.csv
190,176,2,medium,low,478.0,0.9484126984126984,Java_medium_Java_low_results.csv
190,182,2,medium,low,351.0,0.8775,Java_medium_Java_low_results.csv
191,27,2,medium,low,217.0,0.8785425101214575,Java_medium_Java_low_results.csv
191,29,2,medium,low,220.0,0.8906882591093117,Java_medium_Java_low_results.csv
191,13,2,medium,low,245.0,0.9607843137254902,Java_medium_Java_low_results.csv
191,35,2,medium,low,217.0,0.8785425101214575,Java_medium_Java_low_results.csv
191,34,2,medium,low,210.0,0.8502024291497976,Java_medium_Java_low_results.csv
191,37,2,medium,low,223.0,0.902834008097166,Java_medium_Java_low_results.csv
191,31,2,medium,low,262.0,0.9390681003584228,Java_medium_Java_low_results.csv
191,21,2,medium,low,311.0,0.9810725552050472,Java_medium_Java_low_results.csv
191,56,2,medium,low,205.0,0.8299595141700404,Java_medium_Java_low_results.csv
191,65,2,medium,low,237.0,0.9595141700404858,Java_medium_Java_low_results.csv
191,41,2,medium,low,294.0,0.9245283018867924,Java_medium_Java_low_results.csv
191,71,2,medium,low,234.0,0.9473684210526316,Java_medium_Java_low_results.csv
191,44,2,medium,low,260.0,0.8873720136518771,Java_medium_Java_low_results.csv
191,67,2,medium,low,227.0,0.9190283400809716,Java_medium_Java_low_results.csv
191,43,2,medium,low,258.0,0.8896551724137931,Java_medium_Java_low_results.csv
191,74,2,medium,low,227.0,0.9190283400809716,Java_medium_Java_low_results.csv
191,63,2,medium,low,223.0,0.8576923076923076,Java_medium_Java_low_results.csv
191,60,2,medium,low,256.0,0.8366013071895425,Java_medium_Java_low_results.csv
191,78,2,medium,low,208.0,0.8421052631578947,Java_medium_Java_low_results.csv
191,94,2,medium,low,228.0,0.9230769230769232,Java_medium_Java_low_results.csv
191,101,2,medium,low,222.0,0.8987854251012146,Java_medium_Java_low_results.csv
191,99,2,medium,low,224.0,0.9068825910931174,Java_medium_Java_low_results.csv
191,79,2,medium,low,262.0,0.8451612903225807,Java_medium_Java_low_results.csv
191,107,2,medium,low,226.0,0.9149797570850202,Java_medium_Java_low_results.csv
191,104,2,medium,low,264.0,0.9295774647887324,Java_medium_Java_low_results.csv
191,77,2,medium,low,316.0,0.8123393316195373,Java_medium_Java_low_results.csv
191,124,2,medium,low,258.0,0.9052631578947368,Java_medium_Java_low_results.csv
191,64,2,medium,low,512.0,0.8648648648648649,Java_medium_Java_low_results.csv
191,128,2,medium,low,237.0,0.9595141700404858,Java_medium_Java_low_results.csv
191,138,2,medium,low,225.0,0.9109311740890688,Java_medium_Java_low_results.csv
191,126,2,medium,low,293.0,0.9184952978056428,Java_medium_Java_low_results.csv
191,172,2,medium,low,213.0,0.8623481781376519,Java_medium_Java_low_results.csv
191,140,2,medium,low,197.0,0.7975708502024291,Java_medium_Java_low_results.csv
191,164,2,medium,low,230.0,0.931174089068826,Java_medium_Java_low_results.csv
191,162,2,medium,low,248.0,0.9393939393939394,Java_medium_Java_low_results.csv
191,180,2,medium,low,211.0,0.854251012145749,Java_medium_Java_low_results.csv
191,132,2,medium,low,392.0,0.9584352078239609,Java_medium_Java_low_results.csv
191,200,2,medium,low,219.0,0.8866396761133604,Java_medium_Java_low_results.csv
191,186,2,medium,low,235.0,0.951417004048583,Java_medium_Java_low_results.csv
191,179,2,medium,low,333.0,0.8694516971279374,Java_medium_Java_low_results.csv
191,183,2,medium,low,256.0,0.9142857142857144,Java_medium_Java_low_results.csv
192,27,2,medium,low,291.0,0.9448051948051948,Java_medium_Java_low_results.csv
191,176,2,medium,low,475.0,0.9424603174603174,Java_medium_Java_low_results.csv
191,182,2,medium,low,353.0,0.8825,Java_medium_Java_low_results.csv
192,13,2,medium,low,276.0,0.8961038961038961,Java_medium_Java_low_results.csv
192,21,2,medium,low,302.0,0.9526813880126184,Java_medium_Java_low_results.csv
192,29,2,medium,low,291.0,0.9448051948051948,Java_medium_Java_low_results.csv
192,35,2,medium,low,280.0,0.9090909090909092,Java_medium_Java_low_results.csv
192,34,2,medium,low,296.0,0.961038961038961,Java_medium_Java_low_results.csv
192,37,2,medium,low,285.0,0.9253246753246752,Java_medium_Java_low_results.csv
192,31,2,medium,low,277.0,0.8993506493506493,Java_medium_Java_low_results.csv
192,56,2,medium,low,296.0,0.961038961038961,Java_medium_Java_low_results.csv
192,65,2,medium,low,293.0,0.9512987012987012,Java_medium_Java_low_results.csv
192,41,2,medium,low,292.0,0.9182389937106918,Java_medium_Java_low_results.csv
192,43,2,medium,low,296.0,0.961038961038961,Java_medium_Java_low_results.csv
192,71,2,medium,low,285.0,0.9253246753246752,Java_medium_Java_low_results.csv
192,44,2,medium,low,295.0,0.9577922077922078,Java_medium_Java_low_results.csv
192,63,2,medium,low,295.0,0.9577922077922078,Java_medium_Java_low_results.csv
192,74,2,medium,low,287.0,0.9318181818181818,Java_medium_Java_low_results.csv
192,67,2,medium,low,281.0,0.9123376623376624,Java_medium_Java_low_results.csv
192,60,2,medium,low,301.0,0.9772727272727272,Java_medium_Java_low_results.csv
192,78,2,medium,low,284.0,0.922077922077922,Java_medium_Java_low_results.csv
192,94,2,medium,low,286.0,0.9285714285714286,Java_medium_Java_low_results.csv
192,99,2,medium,low,268.0,0.8701298701298701,Java_medium_Java_low_results.csv
192,101,2,medium,low,279.0,0.905844155844156,Java_medium_Java_low_results.csv
192,79,2,medium,low,299.0,0.964516129032258,Java_medium_Java_low_results.csv
192,107,2,medium,low,279.0,0.905844155844156,Java_medium_Java_low_results.csv
192,77,2,medium,low,367.0,0.9434447300771208,Java_medium_Java_low_results.csv
192,104,2,medium,low,280.0,0.9090909090909092,Java_medium_Java_low_results.csv
192,64,2,medium,low,560.0,0.945945945945946,Java_medium_Java_low_results.csv
192,138,2,medium,low,285.0,0.9253246753246752,Java_medium_Java_low_results.csv
192,124,2,medium,low,299.0,0.9707792207792209,Java_medium_Java_low_results.csv
192,128,2,medium,low,284.0,0.922077922077922,Java_medium_Java_low_results.csv
192,140,2,medium,low,294.0,0.9545454545454546,Java_medium_Java_low_results.csv
192,126,2,medium,low,311.0,0.974921630094044,Java_medium_Java_low_results.csv
192,162,2,medium,low,289.0,0.9383116883116884,Java_medium_Java_low_results.csv
192,172,2,medium,low,293.0,0.9512987012987012,Java_medium_Java_low_results.csv
192,164,2,medium,low,288.0,0.935064935064935,Java_medium_Java_low_results.csv
192,132,2,medium,low,381.0,0.9315403422982884,Java_medium_Java_low_results.csv
192,180,2,medium,low,286.0,0.9285714285714286,Java_medium_Java_low_results.csv
192,200,2,medium,low,289.0,0.9383116883116884,Java_medium_Java_low_results.csv
192,179,2,medium,low,360.0,0.9399477806788512,Java_medium_Java_low_results.csv
192,186,2,medium,low,274.0,0.8896103896103896,Java_medium_Java_low_results.csv
192,183,2,medium,low,296.0,0.961038961038961,Java_medium_Java_low_results.csv
192,182,2,medium,low,384.0,0.96,Java_medium_Java_low_results.csv
194,27,2,medium,low,466.0,0.9155206286836935,Java_medium_Java_low_results.csv
192,176,2,medium,low,453.0,0.8988095238095238,Java_medium_Java_low_results.csv
194,13,2,medium,low,445.0,0.8742632612966601,Java_medium_Java_low_results.csv
194,29,2,medium,low,476.0,0.9351669941060904,Java_medium_Java_low_results.csv
194,35,2,medium,low,447.0,0.8781925343811395,Java_medium_Java_low_results.csv
194,34,2,medium,low,476.0,0.9351669941060904,Java_medium_Java_low_results.csv
194,21,2,medium,low,447.0,0.8781925343811395,Java_medium_Java_low_results.csv
194,37,2,medium,low,464.0,0.911591355599214,Java_medium_Java_low_results.csv
194,31,2,medium,low,435.0,0.8546168958742633,Java_medium_Java_low_results.csv
194,65,2,medium,low,485.0,0.9528487229862476,Java_medium_Java_low_results.csv
194,56,2,medium,low,486.0,0.9548133595284872,Java_medium_Java_low_results.csv
194,41,2,medium,low,458.0,0.899803536345776,Java_medium_Java_low_results.csv
194,43,2,medium,low,472.0,0.9273084479371316,Java_medium_Java_low_results.csv
194,71,2,medium,low,482.0,0.9469548133595284,Java_medium_Java_low_results.csv
194,44,2,medium,low,461.0,0.9056974459724952,Java_medium_Java_low_results.csv
194,63,2,medium,low,463.0,0.9096267190569745,Java_medium_Java_low_results.csv
194,74,2,medium,low,462.0,0.9076620825147348,Java_medium_Java_low_results.csv
194,67,2,medium,low,460.0,0.9037328094302554,Java_medium_Java_low_results.csv
194,60,2,medium,low,468.0,0.9194499017681728,Java_medium_Java_low_results.csv
194,78,2,medium,low,478.0,0.9390962671905696,Java_medium_Java_low_results.csv
194,94,2,medium,low,474.0,0.931237721021611,Java_medium_Java_low_results.csv
194,101,2,medium,low,463.0,0.9096267190569745,Java_medium_Java_low_results.csv
194,99,2,medium,low,457.0,0.8978388998035364,Java_medium_Java_low_results.csv
194,107,2,medium,low,444.0,0.8722986247544204,Java_medium_Java_low_results.csv
194,104,2,medium,low,460.0,0.9037328094302554,Java_medium_Java_low_results.csv
194,79,2,medium,low,481.0,0.9449901768172888,Java_medium_Java_low_results.csv
194,77,2,medium,low,474.0,0.931237721021611,Java_medium_Java_low_results.csv
194,64,2,medium,low,557.0,0.9408783783783784,Java_medium_Java_low_results.csv
194,124,2,medium,low,481.0,0.9449901768172888,Java_medium_Java_low_results.csv
194,128,2,medium,low,444.0,0.8722986247544204,Java_medium_Java_low_results.csv
194,138,2,medium,low,456.0,0.8958742632612967,Java_medium_Java_low_results.csv
194,126,2,medium,low,477.0,0.93713163064833,Java_medium_Java_low_results.csv
194,140,2,medium,low,480.0,0.9430255402750491,Java_medium_Java_low_results.csv
194,162,2,medium,low,442.0,0.8683693516699411,Java_medium_Java_low_results.csv
194,164,2,medium,low,474.0,0.931237721021611,Java_medium_Java_low_results.csv
194,172,2,medium,low,475.0,0.9332023575638508,Java_medium_Java_low_results.csv
194,180,2,medium,low,478.0,0.9390962671905696,Java_medium_Java_low_results.csv
194,132,2,medium,low,472.0,0.9273084479371316,Java_medium_Java_low_results.csv
194,200,2,medium,low,478.0,0.9390962671905696,Java_medium_Java_low_results.csv
197,13,2,medium,low,238.0,0.9333333333333332,Java_medium_Java_low_results.csv
197,27,2,medium,low,215.0,0.849802371541502,Java_medium_Java_low_results.csv
194,186,2,medium,low,457.0,0.8978388998035364,Java_medium_Java_low_results.csv
194,179,2,medium,low,481.0,0.9449901768172888,Java_medium_Java_low_results.csv
197,21,2,medium,low,301.0,0.9495268138801262,Java_medium_Java_low_results.csv
194,183,2,medium,low,486.0,0.9548133595284872,Java_medium_Java_low_results.csv
197,29,2,medium,low,226.0,0.8932806324110671,Java_medium_Java_low_results.csv
197,35,2,medium,low,233.0,0.9209486166007904,Java_medium_Java_low_results.csv
194,176,2,medium,low,492.0,0.9666011787819252,Java_medium_Java_low_results.csv
197,34,2,medium,low,221.0,0.8735177865612648,Java_medium_Java_low_results.csv
194,182,2,medium,low,487.0,0.9567779960707268,Java_medium_Java_low_results.csv
197,37,2,medium,low,242.0,0.9565217391304348,Java_medium_Java_low_results.csv
197,31,2,medium,low,260.0,0.931899641577061,Java_medium_Java_low_results.csv
197,65,2,medium,low,245.0,0.9683794466403162,Java_medium_Java_low_results.csv
197,41,2,medium,low,286.0,0.89937106918239,Java_medium_Java_low_results.csv
197,56,2,medium,low,221.0,0.8735177865612648,Java_medium_Java_low_results.csv
197,43,2,medium,low,253.0,0.8724137931034482,Java_medium_Java_low_results.csv
197,71,2,medium,low,243.0,0.9604743083003952,Java_medium_Java_low_results.csv
197,44,2,medium,low,238.0,0.8122866894197952,Java_medium_Java_low_results.csv
197,74,2,medium,low,234.0,0.924901185770751,Java_medium_Java_low_results.csv
197,67,2,medium,low,227.0,0.8972332015810277,Java_medium_Java_low_results.csv
197,63,2,medium,low,229.0,0.8807692307692307,Java_medium_Java_low_results.csv
197,60,2,medium,low,251.0,0.8202614379084967,Java_medium_Java_low_results.csv
197,78,2,medium,low,218.0,0.8616600790513834,Java_medium_Java_low_results.csv
197,94,2,medium,low,240.0,0.9486166007905138,Java_medium_Java_low_results.csv
197,99,2,medium,low,223.0,0.8814229249011858,Java_medium_Java_low_results.csv
197,101,2,medium,low,232.0,0.91699604743083,Java_medium_Java_low_results.csv
197,107,2,medium,low,232.0,0.91699604743083,Java_medium_Java_low_results.csv
197,77,2,medium,low,312.0,0.8020565552699229,Java_medium_Java_low_results.csv
197,79,2,medium,low,252.0,0.8129032258064516,Java_medium_Java_low_results.csv
197,104,2,medium,low,263.0,0.926056338028169,Java_medium_Java_low_results.csv
197,64,2,medium,low,510.0,0.8614864864864865,Java_medium_Java_low_results.csv
197,124,2,medium,low,261.0,0.9157894736842104,Java_medium_Java_low_results.csv
197,138,2,medium,low,234.0,0.924901185770751,Java_medium_Java_low_results.csv
197,128,2,medium,low,241.0,0.9525691699604744,Java_medium_Java_low_results.csv
197,126,2,medium,low,273.0,0.8557993730407524,Java_medium_Java_low_results.csv
197,140,2,medium,low,224.0,0.8853754940711462,Java_medium_Java_low_results.csv
197,164,2,medium,low,239.0,0.9446640316205532,Java_medium_Java_low_results.csv
197,172,2,medium,low,219.0,0.8656126482213439,Java_medium_Java_low_results.csv
197,162,2,medium,low,255.0,0.9659090909090908,Java_medium_Java_low_results.csv
197,180,2,medium,low,211.0,0.83399209486166,Java_medium_Java_low_results.csv
197,132,2,medium,low,383.0,0.9364303178484108,Java_medium_Java_low_results.csv
197,200,2,medium,low,222.0,0.8774703557312253,Java_medium_Java_low_results.csv
197,179,2,medium,low,333.0,0.8694516971279374,Java_medium_Java_low_results.csv
197,183,2,medium,low,262.0,0.9357142857142856,Java_medium_Java_low_results.csv
197,182,2,medium,low,360.0,0.9,Java_medium_Java_low_results.csv
197,186,2,medium,low,236.0,0.932806324110672,Java_medium_Java_low_results.csv
202,27,2,medium,low,548.0,0.9415807560137456,Java_medium_Java_low_results.csv
197,176,2,medium,low,475.0,0.9424603174603174,Java_medium_Java_low_results.csv
202,29,2,medium,low,530.0,0.9106529209621992,Java_medium_Java_low_results.csv
202,13,2,medium,low,551.0,0.9467353951890034,Java_medium_Java_low_results.csv
202,35,2,medium,low,550.0,0.9450171821305842,Java_medium_Java_low_results.csv
202,34,2,medium,low,502.0,0.8625429553264605,Java_medium_Java_low_results.csv
202,21,2,medium,low,545.0,0.936426116838488,Java_medium_Java_low_results.csv
202,37,2,medium,low,544.0,0.9347079037800688,Java_medium_Java_low_results.csv
202,31,2,medium,low,552.0,0.9484536082474226,Java_medium_Java_low_results.csv
202,65,2,medium,low,569.0,0.9776632302405498,Java_medium_Java_low_results.csv
202,56,2,medium,low,534.0,0.9175257731958762,Java_medium_Java_low_results.csv
202,41,2,medium,low,544.0,0.9347079037800688,Java_medium_Java_low_results.csv
202,71,2,medium,low,564.0,0.9690721649484536,Java_medium_Java_low_results.csv
202,43,2,medium,low,493.0,0.8470790378006873,Java_medium_Java_low_results.csv
202,44,2,medium,low,484.0,0.8316151202749141,Java_medium_Java_low_results.csv
202,74,2,medium,low,563.0,0.9673539518900344,Java_medium_Java_low_results.csv
202,67,2,medium,low,550.0,0.9450171821305842,Java_medium_Java_low_results.csv
202,63,2,medium,low,518.0,0.8900343642611683,Java_medium_Java_low_results.csv
202,60,2,medium,low,502.0,0.8625429553264605,Java_medium_Java_low_results.csv
202,78,2,medium,low,540.0,0.9278350515463918,Java_medium_Java_low_results.csv
202,94,2,medium,low,553.0,0.950171821305842,Java_medium_Java_low_results.csv
202,99,2,medium,low,538.0,0.9243986254295532,Java_medium_Java_low_results.csv
202,101,2,medium,low,546.0,0.9381443298969072,Java_medium_Java_low_results.csv
202,79,2,medium,low,493.0,0.8470790378006873,Java_medium_Java_low_results.csv
202,107,2,medium,low,549.0,0.9432989690721648,Java_medium_Java_low_results.csv
202,104,2,medium,low,540.0,0.9278350515463918,Java_medium_Java_low_results.csv
202,77,2,medium,low,494.0,0.8487972508591065,Java_medium_Java_low_results.csv
202,64,2,medium,low,542.0,0.9155405405405406,Java_medium_Java_low_results.csv
202,124,2,medium,low,536.0,0.9209621993127148,Java_medium_Java_low_results.csv
202,138,2,medium,low,555.0,0.9536082474226804,Java_medium_Java_low_results.csv
202,128,2,medium,low,555.0,0.9536082474226804,Java_medium_Java_low_results.csv
202,126,2,medium,low,525.0,0.9020618556701032,Java_medium_Java_low_results.csv
202,140,2,medium,low,519.0,0.8917525773195877,Java_medium_Java_low_results.csv
202,164,2,medium,low,543.0,0.9329896907216496,Java_medium_Java_low_results.csv
202,172,2,medium,low,520.0,0.8934707903780069,Java_medium_Java_low_results.csv
202,162,2,medium,low,546.0,0.9381443298969072,Java_medium_Java_low_results.csv
202,180,2,medium,low,529.0,0.90893470790378,Java_medium_Java_low_results.csv
202,132,2,medium,low,541.0,0.929553264604811,Java_medium_Java_low_results.csv
203,13,2,medium,low,238.0,0.9333333333333332,Java_medium_Java_low_results.csv
203,27,2,medium,low,96.0,0.979591836734694,Java_medium_Java_low_results.csv
203,21,2,medium,low,296.0,0.9337539432176656,Java_medium_Java_low_results.csv
203,29,2,medium,low,160.0,0.8743169398907104,Java_medium_Java_low_results.csv
202,200,2,medium,low,543.0,0.9329896907216496,Java_medium_Java_low_results.csv
203,34,2,medium,low,195.0,0.9558823529411764,Java_medium_Java_low_results.csv
202,186,2,medium,low,549.0,0.9432989690721648,Java_medium_Java_low_results.csv
203,31,2,medium,low,255.0,0.913978494623656,Java_medium_Java_low_results.csv
203,35,2,medium,low,156.0,0.912280701754386,Java_medium_Java_low_results.csv
202,179,2,medium,low,531.0,0.9123711340206184,Java_medium_Java_low_results.csv
203,37,2,medium,low,196.0,0.8990825688073395,Java_medium_Java_low_results.csv
203,56,2,medium,low,135.0,0.9246575342465754,Java_medium_Java_low_results.csv
202,183,2,medium,low,544.0,0.9347079037800688,Java_medium_Java_low_results.csv
203,41,2,medium,low,303.0,0.9528301886792452,Java_medium_Java_low_results.csv
203,43,2,medium,low,273.0,0.9413793103448276,Java_medium_Java_low_results.csv
203,44,2,medium,low,276.0,0.9419795221843004,Java_medium_Java_low_results.csv
203,65,2,medium,low,91.0,0.9285714285714286,Java_medium_Java_low_results.csv
203,67,2,medium,low,143.0,0.910828025477707,Java_medium_Java_low_results.csv
203,71,2,medium,low,95.0,0.9693877551020408,Java_medium_Java_low_results.csv
203,60,2,medium,low,283.0,0.9248366013071896,Java_medium_Java_low_results.csv
203,74,2,medium,low,97.0,0.97,Java_medium_Java_low_results.csv
203,78,2,medium,low,96.0,0.979591836734694,Java_medium_Java_low_results.csv
203,63,2,medium,low,238.0,0.9153846153846154,Java_medium_Java_low_results.csv
203,94,2,medium,low,125.0,0.9615384615384616,Java_medium_Java_low_results.csv
202,176,2,medium,low,548.0,0.9415807560137456,Java_medium_Java_low_results.csv
203,99,2,medium,low,154.0,0.8901734104046243,Java_medium_Java_low_results.csv
203,101,2,medium,low,145.0,0.9177215189873418,Java_medium_Java_low_results.csv
203,79,2,medium,low,283.0,0.9129032258064516,Java_medium_Java_low_results.csv
203,77,2,medium,low,369.0,0.948586118251928,Java_medium_Java_low_results.csv
202,182,2,medium,low,535.0,0.9192439862542956,Java_medium_Java_low_results.csv
203,104,2,medium,low,258.0,0.908450704225352,Java_medium_Java_low_results.csv
203,107,2,medium,low,189.0,0.908653846153846,Java_medium_Java_low_results.csv
203,64,2,medium,low,562.0,0.9493243243243245,Java_medium_Java_low_results.csv
203,138,2,medium,low,150.0,0.9316770186335404,Java_medium_Java_low_results.csv
203,128,2,medium,low,221.0,0.9094650205761317,Java_medium_Java_low_results.csv
203,124,2,medium,low,261.0,0.9157894736842104,Java_medium_Java_low_results.csv
203,140,2,medium,low,208.0,0.9369369369369368,Java_medium_Java_low_results.csv
203,126,2,medium,low,304.0,0.9529780564263324,Java_medium_Java_low_results.csv
203,164,2,medium,low,223.0,0.948936170212766,Java_medium_Java_low_results.csv
203,162,2,medium,low,243.0,0.9204545454545454,Java_medium_Java_low_results.csv
203,132,2,medium,low,370.0,0.904645476772616,Java_medium_Java_low_results.csv
203,180,2,medium,low,148.0,0.9367088607594936,Java_medium_Java_low_results.csv
203,172,2,medium,low,156.0,0.896551724137931,Java_medium_Java_low_results.csv
203,200,2,medium,low,160.0,0.903954802259887,Java_medium_Java_low_results.csv
203,186,2,medium,low,211.0,0.9213973799126638,Java_medium_Java_low_results.csv
203,183,2,medium,low,259.0,0.925,Java_medium_Java_low_results.csv
203,179,2,medium,low,363.0,0.9477806788511748,Java_medium_Java_low_results.csv
203,182,2,medium,low,383.0,0.9575,Java_medium_Java_low_results.csv
203,176,2,medium,low,478.0,0.9484126984126984,Java_medium_Java_low_results.csv
206,27,2,medium,low,231.0,0.8651685393258427,Java_medium_Java_low_results.csv
206,13,2,medium,low,252.0,0.9438202247191012,Java_medium_Java_low_results.csv
206,29,2,medium,low,236.0,0.8838951310861424,Java_medium_Java_low_results.csv
206,34,2,medium,low,228.0,0.8539325842696629,Java_medium_Java_low_results.csv
206,35,2,medium,low,248.0,0.9288389513108616,Java_medium_Java_low_results.csv
206,37,2,medium,low,246.0,0.9213483146067416,Java_medium_Java_low_results.csv
206,21,2,medium,low,307.0,0.9684542586750788,Java_medium_Java_low_results.csv
206,31,2,medium,low,261.0,0.935483870967742,Java_medium_Java_low_results.csv
206,56,2,medium,low,236.0,0.8838951310861424,Java_medium_Java_low_results.csv
206,65,2,medium,low,257.0,0.9625468164794008,Java_medium_Java_low_results.csv
206,41,2,medium,low,290.0,0.9119496855345912,Java_medium_Java_low_results.csv
206,71,2,medium,low,251.0,0.9400749063670412,Java_medium_Java_low_results.csv
206,74,2,medium,low,251.0,0.9400749063670412,Java_medium_Java_low_results.csv
206,43,2,medium,low,254.0,0.8758620689655172,Java_medium_Java_low_results.csv
206,44,2,medium,low,253.0,0.863481228668942,Java_medium_Java_low_results.csv
206,67,2,medium,low,249.0,0.9325842696629212,Java_medium_Java_low_results.csv
206,63,2,medium,low,229.0,0.8576779026217228,Java_medium_Java_low_results.csv
206,60,2,medium,low,276.0,0.9019607843137256,Java_medium_Java_low_results.csv
206,78,2,medium,low,237.0,0.8876404494382022,Java_medium_Java_low_results.csv
206,94,2,medium,low,247.0,0.9250936329588016,Java_medium_Java_low_results.csv
206,101,2,medium,low,237.0,0.8876404494382022,Java_medium_Java_low_results.csv
206,99,2,medium,low,236.0,0.8838951310861424,Java_medium_Java_low_results.csv
206,107,2,medium,low,247.0,0.9250936329588016,Java_medium_Java_low_results.csv
206,79,2,medium,low,266.0,0.8580645161290322,Java_medium_Java_low_results.csv
206,104,2,medium,low,264.0,0.9295774647887324,Java_medium_Java_low_results.csv
206,77,2,medium,low,317.0,0.8149100257069408,Java_medium_Java_low_results.csv
206,64,2,medium,low,512.0,0.8648648648648649,Java_medium_Java_low_results.csv
206,124,2,medium,low,262.0,0.9192982456140352,Java_medium_Java_low_results.csv
206,128,2,medium,low,258.0,0.9662921348314608,Java_medium_Java_low_results.csv
206,138,2,medium,low,244.0,0.9138576779026216,Java_medium_Java_low_results.csv
206,126,2,medium,low,280.0,0.877742946708464,Java_medium_Java_low_results.csv
206,140,2,medium,low,236.0,0.8838951310861424,Java_medium_Java_low_results.csv
206,164,2,medium,low,246.0,0.9213483146067416,Java_medium_Java_low_results.csv
206,162,2,medium,low,262.0,0.9812734082397004,Java_medium_Java_low_results.csv
206,180,2,medium,low,239.0,0.8951310861423221,Java_medium_Java_low_results.csv
206,172,2,medium,low,246.0,0.9213483146067416,Java_medium_Java_low_results.csv
206,132,2,medium,low,373.0,0.9119804400977995,Java_medium_Java_low_results.csv
206,200,2,medium,low,243.0,0.9101123595505618,Java_medium_Java_low_results.csv
206,179,2,medium,low,339.0,0.8851174934725848,Java_medium_Java_low_results.csv
206,186,2,medium,low,245.0,0.9176029962546816,Java_medium_Java_low_results.csv
207,27,2,medium,low,294.0,0.8936170212765957,Java_medium_Java_low_results.csv
206,183,2,medium,low,267.0,0.9535714285714286,Java_medium_Java_low_results.csv
206,176,2,medium,low,465.0,0.9226190476190476,Java_medium_Java_low_results.csv
207,13,2,medium,low,315.0,0.9574468085106383,Java_medium_Java_low_results.csv
206,182,2,medium,low,363.0,0.9075,Java_medium_Java_low_results.csv
207,29,2,medium,low,289.0,0.878419452887538,Java_medium_Java_low_results.csv
207,35,2,medium,low,305.0,0.9270516717325228,Java_medium_Java_low_results.csv
207,21,2,medium,low,311.0,0.945288753799392,Java_medium_Java_low_results.csv
207,34,2,medium,low,291.0,0.8844984802431611,Java_medium_Java_low_results.csv
207,31,2,medium,low,316.0,0.96048632218845,Java_medium_Java_low_results.csv
207,37,2,medium,low,305.0,0.9270516717325228,Java_medium_Java_low_results.csv
207,56,2,medium,low,272.0,0.8267477203647416,Java_medium_Java_low_results.csv
207,65,2,medium,low,316.0,0.96048632218845,Java_medium_Java_low_results.csv
207,43,2,medium,low,277.0,0.8419452887537994,Java_medium_Java_low_results.csv
207,41,2,medium,low,307.0,0.933130699088146,Java_medium_Java_low_results.csv
207,71,2,medium,low,313.0,0.9513677811550152,Java_medium_Java_low_results.csv
207,44,2,medium,low,295.0,0.8966565349544073,Java_medium_Java_low_results.csv
207,74,2,medium,low,310.0,0.9422492401215804,Java_medium_Java_low_results.csv
207,60,2,medium,low,282.0,0.8571428571428571,Java_medium_Java_low_results.csv
207,63,2,medium,low,285.0,0.8662613981762918,Java_medium_Java_low_results.csv
207,67,2,medium,low,306.0,0.9300911854103344,Java_medium_Java_low_results.csv
207,78,2,medium,low,286.0,0.8693009118541033,Java_medium_Java_low_results.csv
207,94,2,medium,low,304.0,0.9240121580547112,Java_medium_Java_low_results.csv
207,101,2,medium,low,303.0,0.9209726443768996,Java_medium_Java_low_results.csv
207,99,2,medium,low,300.0,0.9118541033434652,Java_medium_Java_low_results.csv
207,107,2,medium,low,303.0,0.9209726443768996,Java_medium_Java_low_results.csv
207,79,2,medium,low,290.0,0.8814589665653495,Java_medium_Java_low_results.csv
207,77,2,medium,low,308.0,0.7917737789203085,Java_medium_Java_low_results.csv
207,104,2,medium,low,305.0,0.9270516717325228,Java_medium_Java_low_results.csv
207,64,2,medium,low,499.0,0.8429054054054054,Java_medium_Java_low_results.csv
207,124,2,medium,low,300.0,0.9118541033434652,Java_medium_Java_low_results.csv
207,128,2,medium,low,297.0,0.9027355623100304,Java_medium_Java_low_results.csv
207,138,2,medium,low,303.0,0.9209726443768996,Java_medium_Java_low_results.csv
207,126,2,medium,low,310.0,0.9422492401215804,Java_medium_Java_low_results.csv
207,140,2,medium,low,271.0,0.8237082066869301,Java_medium_Java_low_results.csv
207,172,2,medium,low,279.0,0.8480243161094225,Java_medium_Java_low_results.csv
207,162,2,medium,low,310.0,0.9422492401215804,Java_medium_Java_low_results.csv
207,164,2,medium,low,295.0,0.8966565349544073,Java_medium_Java_low_results.csv
207,180,2,medium,low,274.0,0.8328267477203647,Java_medium_Java_low_results.csv
207,132,2,medium,low,389.0,0.9511002444987776,Java_medium_Java_low_results.csv
210,13,2,medium,low,238.0,0.9333333333333332,Java_medium_Java_low_results.csv
210,21,2,medium,low,296.0,0.9337539432176656,Java_medium_Java_low_results.csv
207,186,2,medium,low,308.0,0.9361702127659576,Java_medium_Java_low_results.csv
210,27,2,medium,low,112.0,0.8115942028985508,Java_medium_Java_low_results.csv
207,200,2,medium,low,268.0,0.8145896656534954,Java_medium_Java_low_results.csv
207,179,2,medium,low,323.0,0.8433420365535248,Java_medium_Java_low_results.csv
207,183,2,medium,low,303.0,0.9209726443768996,Java_medium_Java_low_results.csv
210,29,2,medium,low,162.0,0.8852459016393442,Java_medium_Java_low_results.csv
210,34,2,medium,low,185.0,0.9068627450980392,Java_medium_Java_low_results.csv
210,35,2,medium,low,155.0,0.9064327485380116,Java_medium_Java_low_results.csv
210,31,2,medium,low,252.0,0.9032258064516128,Java_medium_Java_low_results.csv
207,182,2,medium,low,364.0,0.91,Java_medium_Java_low_results.csv
210,37,2,medium,low,197.0,0.9036697247706422,Java_medium_Java_low_results.csv
207,176,2,medium,low,469.0,0.9305555555555556,Java_medium_Java_low_results.csv
210,56,2,medium,low,135.0,0.9246575342465754,Java_medium_Java_low_results.csv
210,65,2,medium,low,128.0,0.927536231884058,Java_medium_Java_low_results.csv
210,43,2,medium,low,252.0,0.8689655172413793,Java_medium_Java_low_results.csv
210,41,2,medium,low,294.0,0.9245283018867924,Java_medium_Java_low_results.csv
210,71,2,medium,low,132.0,0.9565217391304348,Java_medium_Java_low_results.csv
210,63,2,medium,low,214.0,0.823076923076923,Java_medium_Java_low_results.csv
210,44,2,medium,low,256.0,0.8737201365187713,Java_medium_Java_low_results.csv
210,74,2,medium,low,132.0,0.9565217391304348,Java_medium_Java_low_results.csv
210,67,2,medium,low,152.0,0.9681528662420382,Java_medium_Java_low_results.csv
210,60,2,medium,low,253.0,0.826797385620915,Java_medium_Java_low_results.csv
210,78,2,medium,low,106.0,0.7681159420289855,Java_medium_Java_low_results.csv
210,94,2,medium,low,134.0,0.9710144927536232,Java_medium_Java_low_results.csv
210,101,2,medium,low,151.0,0.9556962025316456,Java_medium_Java_low_results.csv
210,99,2,medium,low,160.0,0.9248554913294798,Java_medium_Java_low_results.csv
210,79,2,medium,low,264.0,0.8516129032258064,Java_medium_Java_low_results.csv
210,107,2,medium,low,193.0,0.9278846153846154,Java_medium_Java_low_results.csv
210,77,2,medium,low,318.0,0.8174807197943444,Java_medium_Java_low_results.csv
210,64,2,medium,low,531.0,0.8969594594594594,Java_medium_Java_low_results.csv
210,104,2,medium,low,264.0,0.9295774647887324,Java_medium_Java_low_results.csv
210,128,2,medium,low,222.0,0.9135802469135802,Java_medium_Java_low_results.csv
210,124,2,medium,low,247.0,0.8666666666666667,Java_medium_Java_low_results.csv
210,138,2,medium,low,148.0,0.9192546583850932,Java_medium_Java_low_results.csv
210,126,2,medium,low,276.0,0.8652037617554859,Java_medium_Java_low_results.csv
210,140,2,medium,low,180.0,0.8108108108108109,Java_medium_Java_low_results.csv
210,164,2,medium,low,188.0,0.8,Java_medium_Java_low_results.csv
210,162,2,medium,low,244.0,0.9242424242424242,Java_medium_Java_low_results.csv
210,172,2,medium,low,161.0,0.9252873563218392,Java_medium_Java_low_results.csv
210,132,2,medium,low,390.0,0.9535452322738386,Java_medium_Java_low_results.csv
210,180,2,medium,low,142.0,0.8987341772151899,Java_medium_Java_low_results.csv
210,200,2,medium,low,152.0,0.8587570621468926,Java_medium_Java_low_results.csv
210,186,2,medium,low,207.0,0.9039301310043668,Java_medium_Java_low_results.csv
210,176,2,medium,low,476.0,0.9444444444444444,Java_medium_Java_low_results.csv
210,183,2,medium,low,241.0,0.8607142857142858,Java_medium_Java_low_results.csv
210,179,2,medium,low,324.0,0.8459530026109661,Java_medium_Java_low_results.csv
212,27,2,medium,low,146.0,0.9012345679012346,Java_medium_Java_low_results.csv
212,13,2,medium,low,224.0,0.8784313725490196,Java_medium_Java_low_results.csv
210,182,2,medium,low,341.0,0.8525,Java_medium_Java_low_results.csv
212,21,2,medium,low,286.0,0.9022082018927444,Java_medium_Java_low_results.csv
212,29,2,medium,low,175.0,0.9562841530054644,Java_medium_Java_low_results.csv
212,35,2,medium,low,155.0,0.9064327485380116,Java_medium_Java_low_results.csv
212,34,2,medium,low,192.0,0.9411764705882352,Java_medium_Java_low_results.csv
212,31,2,medium,low,241.0,0.8637992831541219,Java_medium_Java_low_results.csv
212,37,2,medium,low,201.0,0.9220183486238532,Java_medium_Java_low_results.csv
212,56,2,medium,low,158.0,0.9753086419753086,Java_medium_Java_low_results.csv
212,65,2,medium,low,155.0,0.9567901234567902,Java_medium_Java_low_results.csv
212,43,2,medium,low,271.0,0.9344827586206896,Java_medium_Java_low_results.csv
212,41,2,medium,low,284.0,0.8930817610062893,Java_medium_Java_low_results.csv
212,44,2,medium,low,272.0,0.9283276450511946,Java_medium_Java_low_results.csv
212,71,2,medium,low,157.0,0.9691358024691358,Java_medium_Java_low_results.csv
212,67,2,medium,low,153.0,0.9444444444444444,Java_medium_Java_low_results.csv
212,63,2,medium,low,243.0,0.9346153846153846,Java_medium_Java_low_results.csv
212,74,2,medium,low,149.0,0.9197530864197532,Java_medium_Java_low_results.csv
212,60,2,medium,low,283.0,0.9248366013071896,Java_medium_Java_low_results.csv
212,78,2,medium,low,150.0,0.925925925925926,Java_medium_Java_low_results.csv
212,94,2,medium,low,159.0,0.9814814814814816,Java_medium_Java_low_results.csv
212,101,2,medium,low,157.0,0.9691358024691358,Java_medium_Java_low_results.csv
212,99,2,medium,low,159.0,0.9190751445086706,Java_medium_Java_low_results.csv
212,107,2,medium,low,186.0,0.8942307692307693,Java_medium_Java_low_results.csv
212,79,2,medium,low,288.0,0.9290322580645162,Java_medium_Java_low_results.csv
212,104,2,medium,low,259.0,0.9119718309859156,Java_medium_Java_low_results.csv
212,77,2,medium,low,361.0,0.9280205655526992,Java_medium_Java_low_results.csv
212,64,2,medium,low,559.0,0.9442567567567568,Java_medium_Java_low_results.csv
212,124,2,medium,low,268.0,0.9403508771929824,Java_medium_Java_low_results.csv
212,128,2,medium,low,220.0,0.9053497942386832,Java_medium_Java_low_results.csv
212,138,2,medium,low,155.0,0.9567901234567902,Java_medium_Java_low_results.csv
212,126,2,medium,low,301.0,0.9435736677115988,Java_medium_Java_low_results.csv
212,140,2,medium,low,205.0,0.9234234234234234,Java_medium_Java_low_results.csv
212,164,2,medium,low,218.0,0.9276595744680852,Java_medium_Java_low_results.csv
212,162,2,medium,low,237.0,0.8977272727272727,Java_medium_Java_low_results.csv
212,172,2,medium,low,163.0,0.9367816091954024,Java_medium_Java_low_results.csv
212,180,2,medium,low,158.0,0.9753086419753086,Java_medium_Java_low_results.csv
212,132,2,medium,low,376.0,0.9193154034229828,Java_medium_Java_low_results.csv
212,200,2,medium,low,170.0,0.96045197740113,Java_medium_Java_low_results.csv
212,186,2,medium,low,204.0,0.8908296943231441,Java_medium_Java_low_results.csv
212,183,2,medium,low,261.0,0.9321428571428572,Java_medium_Java_low_results.csv
212,179,2,medium,low,360.0,0.9399477806788512,Java_medium_Java_low_results.csv
212,182,2,medium,low,376.0,0.94,Java_medium_Java_low_results.csv
214,27,2,medium,low,266.0,0.9333333333333332,Java_medium_Java_low_results.csv
212,176,2,medium,low,458.0,0.9087301587301588,Java_medium_Java_low_results.csv
214,13,2,medium,low,253.0,0.887719298245614,Java_medium_Java_low_results.csv
214,29,2,medium,low,275.0,0.9649122807017544,Java_medium_Java_low_results.csv
214,21,2,medium,low,284.0,0.8958990536277602,Java_medium_Java_low_results.csv
214,35,2,medium,low,260.0,0.912280701754386,Java_medium_Java_low_results.csv
214,34,2,medium,low,273.0,0.9578947368421052,Java_medium_Java_low_results.csv
214,31,2,medium,low,272.0,0.9543859649122808,Java_medium_Java_low_results.csv
214,37,2,medium,low,274.0,0.9614035087719298,Java_medium_Java_low_results.csv
214,65,2,medium,low,275.0,0.9649122807017544,Java_medium_Java_low_results.csv
214,56,2,medium,low,275.0,0.9649122807017544,Java_medium_Java_low_results.csv
214,43,2,medium,low,283.0,0.9758620689655172,Java_medium_Java_low_results.csv
214,41,2,medium,low,291.0,0.9150943396226416,Java_medium_Java_low_results.csv
214,71,2,medium,low,271.0,0.950877192982456,Java_medium_Java_low_results.csv
214,44,2,medium,low,279.0,0.9522184300341296,Java_medium_Java_low_results.csv
214,63,2,medium,low,275.0,0.9649122807017544,Java_medium_Java_low_results.csv
214,67,2,medium,low,250.0,0.8771929824561403,Java_medium_Java_low_results.csv
214,60,2,medium,low,293.0,0.9575163398692812,Java_medium_Java_low_results.csv
214,74,2,medium,low,269.0,0.9438596491228072,Java_medium_Java_low_results.csv
214,78,2,medium,low,271.0,0.950877192982456,Java_medium_Java_low_results.csv
214,94,2,medium,low,267.0,0.936842105263158,Java_medium_Java_low_results.csv
214,101,2,medium,low,254.0,0.8912280701754386,Java_medium_Java_low_results.csv
214,99,2,medium,low,236.0,0.8280701754385965,Java_medium_Java_low_results.csv
214,107,2,medium,low,261.0,0.9157894736842104,Java_medium_Java_low_results.csv
214,104,2,medium,low,281.0,0.9859649122807016,Java_medium_Java_low_results.csv
214,79,2,medium,low,301.0,0.970967741935484,Java_medium_Java_low_results.csv
214,77,2,medium,low,359.0,0.922879177377892,Java_medium_Java_low_results.csv
214,64,2,medium,low,555.0,0.9375,Java_medium_Java_low_results.csv
214,124,2,medium,low,283.0,0.9929824561403509,Java_medium_Java_low_results.csv
214,128,2,medium,low,264.0,0.9263157894736842,Java_medium_Java_low_results.csv
214,138,2,medium,low,260.0,0.912280701754386,Java_medium_Java_low_results.csv
214,126,2,medium,low,307.0,0.962382445141066,Java_medium_Java_low_results.csv
214,140,2,medium,low,276.0,0.968421052631579,Java_medium_Java_low_results.csv
214,162,2,medium,low,269.0,0.9438596491228072,Java_medium_Java_low_results.csv
214,172,2,medium,low,270.0,0.9473684210526316,Java_medium_Java_low_results.csv
214,164,2,medium,low,269.0,0.9438596491228072,Java_medium_Java_low_results.csv
214,180,2,medium,low,267.0,0.936842105263158,Java_medium_Java_low_results.csv
214,132,2,medium,low,364.0,0.8899755501222494,Java_medium_Java_low_results.csv
214,186,2,medium,low,258.0,0.9052631578947368,Java_medium_Java_low_results.csv
214,200,2,medium,low,274.0,0.9614035087719298,Java_medium_Java_low_results.csv
214,179,2,medium,low,365.0,0.9530026109660574,Java_medium_Java_low_results.csv
214,183,2,medium,low,280.0,0.9824561403508772,Java_medium_Java_low_results.csv
215,27,2,medium,low,235.0,0.9108527131782944,Java_medium_Java_low_results.csv
215,13,2,medium,low,254.0,0.9844961240310076,Java_medium_Java_low_results.csv
214,176,2,medium,low,449.0,0.8908730158730159,Java_medium_Java_low_results.csv
214,182,2,medium,low,385.0,0.9625,Java_medium_Java_low_results.csv
215,21,2,medium,low,304.0,0.9589905362776026,Java_medium_Java_low_results.csv
215,29,2,medium,low,226.0,0.875968992248062,Java_medium_Java_low_results.csv
215,34,2,medium,low,234.0,0.9069767441860463,Java_medium_Java_low_results.csv
215,35,2,medium,low,238.0,0.9224806201550388,Java_medium_Java_low_results.csv
215,31,2,medium,low,270.0,0.967741935483871,Java_medium_Java_low_results.csv
215,37,2,medium,low,239.0,0.9263565891472868,Java_medium_Java_low_results.csv
215,56,2,medium,low,216.0,0.8372093023255814,Java_medium_Java_low_results.csv
215,65,2,medium,low,242.0,0.937984496124031,Java_medium_Java_low_results.csv
215,41,2,medium,low,308.0,0.9685534591194968,Java_medium_Java_low_results.csv
215,43,2,medium,low,256.0,0.8827586206896552,Java_medium_Java_low_results.csv
215,44,2,medium,low,278.0,0.9488054607508531,Java_medium_Java_low_results.csv
215,71,2,medium,low,245.0,0.9496124031007752,Java_medium_Java_low_results.csv
215,67,2,medium,low,246.0,0.9534883720930232,Java_medium_Java_low_results.csv
215,60,2,medium,low,280.0,0.915032679738562,Java_medium_Java_low_results.csv
215,63,2,medium,low,243.0,0.9346153846153846,Java_medium_Java_low_results.csv
215,74,2,medium,low,241.0,0.9341085271317828,Java_medium_Java_low_results.csv
215,78,2,medium,low,227.0,0.8798449612403101,Java_medium_Java_low_results.csv
215,94,2,medium,low,234.0,0.9069767441860463,Java_medium_Java_low_results.csv
215,101,2,medium,low,239.0,0.9263565891472868,Java_medium_Java_low_results.csv
215,99,2,medium,low,242.0,0.937984496124031,Java_medium_Java_low_results.csv
215,107,2,medium,low,248.0,0.9612403100775194,Java_medium_Java_low_results.csv
215,79,2,medium,low,291.0,0.9387096774193548,Java_medium_Java_low_results.csv
215,77,2,medium,low,362.0,0.9305912596401028,Java_medium_Java_low_results.csv
215,104,2,medium,low,274.0,0.9647887323943662,Java_medium_Java_low_results.csv
215,64,2,medium,low,523.0,0.8834459459459459,Java_medium_Java_low_results.csv
215,128,2,medium,low,252.0,0.9767441860465116,Java_medium_Java_low_results.csv
215,124,2,medium,low,263.0,0.9228070175438596,Java_medium_Java_low_results.csv
215,138,2,medium,low,230.0,0.8914728682170543,Java_medium_Java_low_results.csv
215,126,2,medium,low,294.0,0.9216300940438872,Java_medium_Java_low_results.csv
215,140,2,medium,low,226.0,0.875968992248062,Java_medium_Java_low_results.csv
215,172,2,medium,low,231.0,0.8953488372093024,Java_medium_Java_low_results.csv
215,162,2,medium,low,256.0,0.9696969696969696,Java_medium_Java_low_results.csv
215,164,2,medium,low,233.0,0.9031007751937984,Java_medium_Java_low_results.csv
215,180,2,medium,low,226.0,0.875968992248062,Java_medium_Java_low_results.csv
215,132,2,medium,low,389.0,0.9511002444987776,Java_medium_Java_low_results.csv
215,200,2,medium,low,229.0,0.8875968992248062,Java_medium_Java_low_results.csv
215,186,2,medium,low,249.0,0.9651162790697676,Java_medium_Java_low_results.csv
215,179,2,medium,low,337.0,0.8798955613577023,Java_medium_Java_low_results.csv
215,183,2,medium,low,239.0,0.8535714285714285,Java_medium_Java_low_results.csv
215,176,2,medium,low,478.0,0.9484126984126984,Java_medium_Java_low_results.csv
215,182,2,medium,low,344.0,0.86,Java_medium_Java_low_results.csv
3,87,2,none,high,212.0,0.8945147679324894,Java_none_Java_high_results.csv
5,87,2,none,high,213.0,0.8987341772151899,Java_none_Java_high_results.csv
5,48,2,none,high,191.0,0.955,Java_none_Java_high_results.csv
5,1,2,none,high,168.0,0.8983957219251337,Java_none_Java_high_results.csv
3,80,2,none,high,158.0,0.8681318681318682,Java_none_Java_high_results.csv
12,69,2,none,high,367.0,0.9657894736842104,Java_none_Java_high_results.csv
12,68,2,none,high,350.0,0.9210526315789472,Java_none_Java_high_results.csv
3,69,2,none,high,273.0,0.9612676056338028,Java_none_Java_high_results.csv
12,1,2,none,high,320.0,0.8421052631578947,Java_none_Java_high_results.csv
12,26,2,none,high,340.0,0.8947368421052632,Java_none_Java_high_results.csv
3,48,2,none,high,185.0,0.925,Java_none_Java_high_results.csv
5,69,2,none,high,249.0,0.8767605633802817,Java_none_Java_high_results.csv
3,178,2,none,high,221.0,0.9525862068965516,Java_none_Java_high_results.csv
3,68,2,none,high,205.0,0.9534883720930232,Java_none_Java_high_results.csv
5,178,2,none,high,204.0,0.8793103448275862,Java_none_Java_high_results.csv
12,48,2,none,high,329.0,0.8657894736842106,Java_none_Java_high_results.csv
12,87,2,none,high,345.0,0.9078947368421052,Java_none_Java_high_results.csv
5,68,2,none,high,190.0,0.8837209302325582,Java_none_Java_high_results.csv
3,86,2,none,high,528.0,0.9513513513513514,Java_none_Java_high_results.csv
12,82,2,none,high,323.0,0.85,Java_none_Java_high_results.csv
5,26,2,none,high,181.0,0.9679144385026738,Java_none_Java_high_results.csv
5,80,2,none,high,179.0,0.9572192513368984,Java_none_Java_high_results.csv
5,123,2,none,high,182.0,0.9732620320855616,Java_none_Java_high_results.csv
3,82,2,none,high,224.0,0.896,Java_none_Java_high_results.csv
12,123,2,none,high,342.0,0.9,Java_none_Java_high_results.csv
5,86,2,none,high,502.0,0.9045045045045044,Java_none_Java_high_results.csv
3,26,2,none,high,179.0,0.9835164835164836,Java_none_Java_high_results.csv
12,80,2,none,high,338.0,0.8894736842105263,Java_none_Java_high_results.csv
5,82,2,none,high,234.0,0.936,Java_none_Java_high_results.csv
3,123,2,none,high,172.0,0.9398907103825136,Java_none_Java_high_results.csv
3,1,2,none,high,165.0,0.9065934065934066,Java_none_Java_high_results.csv
28,80,2,none,high,265.0,0.949820788530466,Java_none_Java_high_results.csv
28,1,2,none,high,255.0,0.913978494623656,Java_none_Java_high_results.csv
28,26,2,none,high,256.0,0.9175627240143368,Java_none_Java_high_results.csv
28,68,2,none,high,254.0,0.910394265232975,Java_none_Java_high_results.csv
28,48,2,none,high,261.0,0.935483870967742,Java_none_Java_high_results.csv
28,69,2,none,high,264.0,0.9295774647887324,Java_none_Java_high_results.csv
12,86,2,none,high,525.0,0.945945945945946,Java_none_Java_high_results.csv
12,178,2,none,high,344.0,0.9052631578947368,Java_none_Java_high_results.csv
28,82,2,none,high,261.0,0.935483870967742,Java_none_Java_high_results.csv
30,1,2,none,high,117.0,0.8666666666666667,Java_none_Java_high_results.csv
30,26,2,none,high,161.0,0.8895027624309392,Java_none_Java_high_results.csv
30,80,2,none,high,121.0,0.8962962962962963,Java_none_Java_high_results.csv
28,123,2,none,high,253.0,0.906810035842294,Java_none_Java_high_results.csv
30,48,2,none,high,168.0,0.84,Java_none_Java_high_results.csv
30,68,2,none,high,195.0,0.9069767441860463,Java_none_Java_high_results.csv
28,87,2,none,high,261.0,0.935483870967742,Java_none_Java_high_results.csv
30,69,2,none,high,270.0,0.9507042253521126,Java_none_Java_high_results.csv
28,178,2,none,high,255.0,0.913978494623656,Java_none_Java_high_results.csv
36,1,2,none,high,124.0,0.9323308270676692,Java_none_Java_high_results.csv
36,26,2,none,high,174.0,0.9613259668508288,Java_none_Java_high_results.csv
30,123,2,none,high,169.0,0.9234972677595628,Java_none_Java_high_results.csv
30,82,2,none,high,214.0,0.856,Java_none_Java_high_results.csv
30,87,2,none,high,211.0,0.890295358649789,Java_none_Java_high_results.csv
30,178,2,none,high,210.0,0.9051724137931034,Java_none_Java_high_results.csv
36,80,2,none,high,89.0,0.967391304347826,Java_none_Java_high_results.csv
36,48,2,none,high,183.0,0.915,Java_none_Java_high_results.csv
36,68,2,none,high,192.0,0.8930232558139535,Java_none_Java_high_results.csv
36,69,2,none,high,250.0,0.8802816901408451,Java_none_Java_high_results.csv
36,82,2,none,high,226.0,0.904,Java_none_Java_high_results.csv
36,123,2,none,high,152.0,0.8306010928961749,Java_none_Java_high_results.csv
28,86,2,none,high,502.0,0.9045045045045044,Java_none_Java_high_results.csv
36,87,2,none,high,201.0,0.8481012658227848,Java_none_Java_high_results.csv
30,86,2,none,high,533.0,0.9603603603603604,Java_none_Java_high_results.csv
36,178,2,none,high,201.0,0.8663793103448276,Java_none_Java_high_results.csv
36,86,2,none,high,518.0,0.9333333333333332,Java_none_Java_high_results.csv
38,1,2,none,high,204.0,0.9400921658986175,Java_none_Java_high_results.csv
38,80,2,none,high,206.0,0.9493087557603688,Java_none_Java_high_results.csv
38,26,2,none,high,207.0,0.9539170506912442,Java_none_Java_high_results.csv
38,48,2,none,high,208.0,0.9585253456221198,Java_none_Java_high_results.csv
38,68,2,none,high,216.0,0.9953917050691244,Java_none_Java_high_results.csv
38,82,2,none,high,237.0,0.948,Java_none_Java_high_results.csv
38,69,2,none,high,270.0,0.9507042253521126,Java_none_Java_high_results.csv
38,123,2,none,high,188.0,0.8663594470046083,Java_none_Java_high_results.csv
38,87,2,none,high,224.0,0.9451476793248944,Java_none_Java_high_results.csv
59,1,2,none,high,243.0,0.8617021276595744,Java_none_Java_high_results.csv
38,178,2,none,high,220.0,0.9482758620689656,Java_none_Java_high_results.csv
59,80,2,none,high,257.0,0.9113475177304964,Java_none_Java_high_results.csv
59,26,2,none,high,257.0,0.9113475177304964,Java_none_Java_high_results.csv
59,48,2,none,high,241.0,0.8546099290780141,Java_none_Java_high_results.csv
59,68,2,none,high,267.0,0.946808510638298,Java_none_Java_high_results.csv
93,1,2,none,high,119.0,0.8947368421052632,Java_none_Java_high_results.csv
38,86,2,none,high,524.0,0.9441441441441442,Java_none_Java_high_results.csv
93,26,2,none,high,161.0,0.8895027624309392,Java_none_Java_high_results.csv
93,48,2,none,high,180.0,0.9,Java_none_Java_high_results.csv
59,69,2,none,high,281.0,0.98943661971831,Java_none_Java_high_results.csv
59,82,2,none,high,244.0,0.8652482269503546,Java_none_Java_high_results.csv
93,80,2,none,high,79.0,0.9518072289156626,Java_none_Java_high_results.csv
59,123,2,none,high,260.0,0.9219858156028368,Java_none_Java_high_results.csv
93,68,2,none,high,206.0,0.958139534883721,Java_none_Java_high_results.csv
59,87,2,none,high,269.0,0.953900709219858,Java_none_Java_high_results.csv
93,69,2,none,high,275.0,0.9683098591549296,Java_none_Java_high_results.csv
93,82,2,none,high,234.0,0.936,Java_none_Java_high_results.csv
93,123,2,none,high,174.0,0.9508196721311476,Java_none_Java_high_results.csv
93,87,2,none,high,225.0,0.9493670886075948,Java_none_Java_high_results.csv
93,178,2,none,high,222.0,0.956896551724138,Java_none_Java_high_results.csv
59,178,2,none,high,259.0,0.9184397163120568,Java_none_Java_high_results.csv
93,86,2,none,high,546.0,0.9837837837837838,Java_none_Java_high_results.csv
96,1,2,none,high,206.0,0.8373983739837398,Java_none_Java_high_results.csv
96,80,2,none,high,224.0,0.9105691056910568,Java_none_Java_high_results.csv
96,26,2,none,high,217.0,0.8821138211382114,Java_none_Java_high_results.csv
96,48,2,none,high,191.0,0.7764227642276422,Java_none_Java_high_results.csv
96,68,2,none,high,230.0,0.934959349593496,Java_none_Java_high_results.csv
59,86,2,none,high,533.0,0.9603603603603604,Java_none_Java_high_results.csv
96,69,2,none,high,271.0,0.954225352112676,Java_none_Java_high_results.csv
96,82,2,none,high,218.0,0.872,Java_none_Java_high_results.csv
106,1,2,none,high,164.0,0.841025641025641,Java_none_Java_high_results.csv
96,87,2,none,high,228.0,0.926829268292683,Java_none_Java_high_results.csv
96,123,2,none,high,227.0,0.9227642276422764,Java_none_Java_high_results.csv
106,48,2,none,high,188.0,0.94,Java_none_Java_high_results.csv
106,26,2,none,high,184.0,0.9435897435897436,Java_none_Java_high_results.csv
106,80,2,none,high,174.0,0.8923076923076924,Java_none_Java_high_results.csv
96,178,2,none,high,233.0,0.9471544715447154,Java_none_Java_high_results.csv
106,68,2,none,high,204.0,0.9488372093023256,Java_none_Java_high_results.csv
106,69,2,none,high,272.0,0.9577464788732394,Java_none_Java_high_results.csv
110,1,2,none,high,136.0,0.9379310344827586,Java_none_Java_high_results.csv
106,82,2,none,high,228.0,0.912,Java_none_Java_high_results.csv
106,123,2,none,high,184.0,0.9435897435897436,Java_none_Java_high_results.csv
106,87,2,none,high,209.0,0.8818565400843882,Java_none_Java_high_results.csv
106,178,2,none,high,222.0,0.956896551724138,Java_none_Java_high_results.csv
96,86,2,none,high,531.0,0.9567567567567568,Java_none_Java_high_results.csv
110,26,2,none,high,169.0,0.9337016574585636,Java_none_Java_high_results.csv
110,80,2,none,high,134.0,0.9241379310344828,Java_none_Java_high_results.csv
110,48,2,none,high,182.0,0.91,Java_none_Java_high_results.csv
110,68,2,none,high,186.0,0.8651162790697674,Java_none_Java_high_results.csv
110,82,2,none,high,231.0,0.924,Java_none_Java_high_results.csv
110,69,2,none,high,249.0,0.8767605633802817,Java_none_Java_high_results.csv
110,87,2,none,high,204.0,0.8607594936708861,Java_none_Java_high_results.csv
110,123,2,none,high,173.0,0.9453551912568308,Java_none_Java_high_results.csv
116,1,2,none,high,174.0,0.8055555555555556,Java_none_Java_high_results.csv
110,178,2,none,high,198.0,0.853448275862069,Java_none_Java_high_results.csv
106,86,2,none,high,537.0,0.9675675675675676,Java_none_Java_high_results.csv
116,80,2,none,high,194.0,0.8981481481481481,Java_none_Java_high_results.csv
116,26,2,none,high,196.0,0.9074074074074074,Java_none_Java_high_results.csv
116,48,2,none,high,191.0,0.8842592592592593,Java_none_Java_high_results.csv
110,86,2,none,high,512.0,0.9225225225225224,Java_none_Java_high_results.csv
116,68,2,none,high,212.0,0.9814814814814816,Java_none_Java_high_results.csv
116,69,2,none,high,271.0,0.954225352112676,Java_none_Java_high_results.csv
116,82,2,none,high,204.0,0.816,Java_none_Java_high_results.csv
141,1,2,none,high,192.0,0.8495575221238938,Java_none_Java_high_results.csv
116,123,2,none,high,197.0,0.9120370370370372,Java_none_Java_high_results.csv
116,87,2,none,high,211.0,0.890295358649789,Java_none_Java_high_results.csv
141,26,2,none,high,200.0,0.8849557522123894,Java_none_Java_high_results.csv
116,178,2,none,high,214.0,0.9224137931034484,Java_none_Java_high_results.csv
141,80,2,none,high,193.0,0.8539823008849557,Java_none_Java_high_results.csv
141,48,2,none,high,209.0,0.9247787610619468,Java_none_Java_high_results.csv
141,68,2,none,high,213.0,0.9424778761061948,Java_none_Java_high_results.csv
116,86,2,none,high,527.0,0.9495495495495496,Java_none_Java_high_results.csv
141,82,2,none,high,216.0,0.864,Java_none_Java_high_results.csv
141,123,2,none,high,203.0,0.8982300884955752,Java_none_Java_high_results.csv
141,87,2,none,high,221.0,0.9324894514767932,Java_none_Java_high_results.csv
141,69,2,none,high,276.0,0.971830985915493,Java_none_Java_high_results.csv
141,178,2,none,high,222.0,0.956896551724138,Java_none_Java_high_results.csv
154,1,2,none,high,376.0,0.8744186046511628,Java_none_Java_high_results.csv
154,80,2,none,high,386.0,0.8976744186046511,Java_none_Java_high_results.csv
141,86,2,none,high,526.0,0.9477477477477476,Java_none_Java_high_results.csv
154,26,2,none,high,380.0,0.8837209302325582,Java_none_Java_high_results.csv
154,48,2,none,high,382.0,0.8883720930232558,Java_none_Java_high_results.csv
154,68,2,none,high,403.0,0.9372093023255814,Java_none_Java_high_results.csv
163,1,2,none,high,157.0,0.8674033149171271,Java_none_Java_high_results.csv
154,69,2,none,high,409.0,0.9511627906976744,Java_none_Java_high_results.csv
163,26,2,none,high,174.0,0.9613259668508288,Java_none_Java_high_results.csv
154,87,2,none,high,404.0,0.9395348837209302,Java_none_Java_high_results.csv
154,82,2,none,high,383.0,0.8906976744186047,Java_none_Java_high_results.csv
163,48,2,none,high,172.0,0.86,Java_none_Java_high_results.csv
154,123,2,none,high,399.0,0.927906976744186,Java_none_Java_high_results.csv
163,80,2,none,high,163.0,0.9005524861878453,Java_none_Java_high_results.csv
163,68,2,none,high,204.0,0.9488372093023256,Java_none_Java_high_results.csv
154,178,2,none,high,400.0,0.9302325581395348,Java_none_Java_high_results.csv
163,82,2,none,high,210.0,0.84,Java_none_Java_high_results.csv
181,1,2,none,high,118.0,0.8872180451127819,Java_none_Java_high_results.csv
163,69,2,none,high,265.0,0.9330985915492958,Java_none_Java_high_results.csv
163,123,2,none,high,166.0,0.907103825136612,Java_none_Java_high_results.csv
163,87,2,none,high,211.0,0.890295358649789,Java_none_Java_high_results.csv
181,80,2,none,high,90.0,0.9574468085106383,Java_none_Java_high_results.csv
163,178,2,none,high,209.0,0.9008620689655172,Java_none_Java_high_results.csv
181,68,2,none,high,183.0,0.8511627906976744,Java_none_Java_high_results.csv
181,26,2,none,high,167.0,0.9226519337016574,Java_none_Java_high_results.csv
181,48,2,none,high,179.0,0.895,Java_none_Java_high_results.csv
181,69,2,none,high,245.0,0.8626760563380281,Java_none_Java_high_results.csv
181,123,2,none,high,163.0,0.8907103825136612,Java_none_Java_high_results.csv
181,82,2,none,high,226.0,0.904,Java_none_Java_high_results.csv
181,87,2,none,high,198.0,0.8354430379746836,Java_none_Java_high_results.csv
181,178,2,none,high,197.0,0.8491379310344828,Java_none_Java_high_results.csv
189,1,2,none,high,115.0,0.8646616541353384,Java_none_Java_high_results.csv
163,86,2,none,high,528.0,0.9513513513513514,Java_none_Java_high_results.csv
189,26,2,none,high,174.0,0.9613259668508288,Java_none_Java_high_results.csv
189,48,2,none,high,160.0,0.8,Java_none_Java_high_results.csv
189,80,2,none,high,100.0,0.9090909090909092,Java_none_Java_high_results.csv
189,68,2,none,high,194.0,0.9023255813953488,Java_none_Java_high_results.csv
181,86,2,none,high,513.0,0.9243243243243244,Java_none_Java_high_results.csv
189,69,2,none,high,266.0,0.9366197183098592,Java_none_Java_high_results.csv
154,86,2,none,high,533.0,0.9603603603603604,Java_none_Java_high_results.csv
189,123,2,none,high,163.0,0.8907103825136612,Java_none_Java_high_results.csv
189,82,2,none,high,201.0,0.804,Java_none_Java_high_results.csv
189,87,2,none,high,210.0,0.8860759493670886,Java_none_Java_high_results.csv
189,178,2,none,high,208.0,0.896551724137931,Java_none_Java_high_results.csv
196,1,2,none,high,339.0,0.853904282115869,Java_none_Java_high_results.csv
189,86,2,none,high,527.0,0.9495495495495496,Java_none_Java_high_results.csv
196,80,2,none,high,357.0,0.8992443324937027,Java_none_Java_high_results.csv
196,26,2,none,high,345.0,0.8690176322418136,Java_none_Java_high_results.csv
196,48,2,none,high,356.0,0.8967254408060453,Java_none_Java_high_results.csv
196,68,2,none,high,381.0,0.9596977329974812,Java_none_Java_high_results.csv
201,1,2,none,high,129.0,0.9699248120300752,Java_none_Java_high_results.csv
201,26,2,none,high,175.0,0.9668508287292816,Java_none_Java_high_results.csv
196,69,2,none,high,387.0,0.9748110831234256,Java_none_Java_high_results.csv
196,82,2,none,high,358.0,0.9017632241813602,Java_none_Java_high_results.csv
201,48,2,none,high,185.0,0.925,Java_none_Java_high_results.csv
196,123,2,none,high,374.0,0.9420654911838792,Java_none_Java_high_results.csv
201,80,2,none,high,114.0,0.95,Java_none_Java_high_results.csv
201,68,2,none,high,189.0,0.8790697674418605,Java_none_Java_high_results.csv
196,87,2,none,high,379.0,0.9546599496221664,Java_none_Java_high_results.csv
201,69,2,none,high,256.0,0.9014084507042254,Java_none_Java_high_results.csv
204,1,2,none,high,126.0,0.9473684210526316,Java_none_Java_high_results.csv
201,82,2,none,high,232.0,0.928,Java_none_Java_high_results.csv
196,178,2,none,high,375.0,0.9445843828715366,Java_none_Java_high_results.csv
201,123,2,none,high,165.0,0.9016393442622952,Java_none_Java_high_results.csv
204,26,2,none,high,168.0,0.9281767955801103,Java_none_Java_high_results.csv
204,48,2,none,high,191.0,0.955,Java_none_Java_high_results.csv
201,87,2,none,high,207.0,0.8734177215189873,Java_none_Java_high_results.csv
204,80,2,none,high,78.0,0.9397590361445785,Java_none_Java_high_results.csv
204,68,2,none,high,211.0,0.9813953488372092,Java_none_Java_high_results.csv
201,178,2,none,high,207.0,0.8922413793103449,Java_none_Java_high_results.csv
204,69,2,none,high,276.0,0.971830985915493,Java_none_Java_high_results.csv
204,82,2,none,high,236.0,0.944,Java_none_Java_high_results.csv
204,87,2,none,high,229.0,0.9662447257383966,Java_none_Java_high_results.csv
204,178,2,none,high,223.0,0.961206896551724,Java_none_Java_high_results.csv
204,123,2,none,high,178.0,0.9726775956284152,Java_none_Java_high_results.csv
204,86,2,none,high,544.0,0.9801801801801802,Java_none_Java_high_results.csv
201,86,2,none,high,521.0,0.9387387387387388,Java_none_Java_high_results.csv
211,80,2,none,high,285.0,0.9628378378378378,Java_none_Java_high_results.csv
211,1,2,none,high,271.0,0.9155405405405406,Java_none_Java_high_results.csv
211,26,2,none,high,275.0,0.929054054054054,Java_none_Java_high_results.csv
211,48,2,none,high,274.0,0.9256756756756755,Java_none_Java_high_results.csv
211,68,2,none,high,254.0,0.8581081081081081,Java_none_Java_high_results.csv
216,1,2,none,high,111.0,0.8345864661654135,Java_none_Java_high_results.csv
196,86,2,none,high,527.0,0.9495495495495496,Java_none_Java_high_results.csv
211,69,2,none,high,265.0,0.8952702702702703,Java_none_Java_high_results.csv
216,26,2,none,high,160.0,0.8839779005524862,Java_none_Java_high_results.csv
211,82,2,none,high,275.0,0.929054054054054,Java_none_Java_high_results.csv
211,87,2,none,high,267.0,0.902027027027027,Java_none_Java_high_results.csv
216,48,2,none,high,176.0,0.88,Java_none_Java_high_results.csv
216,68,2,none,high,204.0,0.9488372093023256,Java_none_Java_high_results.csv
211,123,2,none,high,256.0,0.8648648648648649,Java_none_Java_high_results.csv
216,80,2,none,high,95.0,0.95,Java_none_Java_high_results.csv
216,69,2,none,high,271.0,0.954225352112676,Java_none_Java_high_results.csv
216,87,2,none,high,222.0,0.9367088607594936,Java_none_Java_high_results.csv
216,123,2,none,high,171.0,0.9344262295081968,Java_none_Java_high_results.csv
211,178,2,none,high,235.0,0.793918918918919,Java_none_Java_high_results.csv
216,82,2,none,high,219.0,0.876,Java_none_Java_high_results.csv
216,178,2,none,high,218.0,0.9396551724137931,Java_none_Java_high_results.csv
216,86,2,none,high,540.0,0.972972972972973,Java_none_Java_high_results.csv
211,86,2,none,high,498.0,0.8972972972972973,Java_none_Java_high_results.csv
3,56,2,none,low,167.0,0.9175824175824177,Java_none_Java_low_results.csv
3,34,2,none,low,185.0,0.9068627450980392,Java_none_Java_low_results.csv
3,37,2,none,low,202.0,0.926605504587156,Java_none_Java_low_results.csv
3,94,2,none,low,159.0,0.8736263736263736,Java_none_Java_low_results.csv
3,21,2,none,low,294.0,0.9274447949526814,Java_none_Java_low_results.csv
3,138,2,none,low,172.0,0.945054945054945,Java_none_Java_low_results.csv
3,29,2,none,low,172.0,0.9398907103825136,Java_none_Java_low_results.csv
3,13,2,none,low,243.0,0.9529411764705882,Java_none_Java_low_results.csv
3,101,2,none,low,165.0,0.9065934065934066,Java_none_Java_low_results.csv
3,60,2,none,low,283.0,0.9248366013071896,Java_none_Java_low_results.csv
3,79,2,none,low,271.0,0.8741935483870967,Java_none_Java_low_results.csv
3,67,2,none,low,179.0,0.9835164835164836,Java_none_Java_low_results.csv
3,99,2,none,low,173.0,0.9505494505494504,Java_none_Java_low_results.csv
3,44,2,none,low,262.0,0.89419795221843,Java_none_Java_low_results.csv
3,107,2,none,low,192.0,0.9230769230769232,Java_none_Java_low_results.csv
3,71,2,none,low,172.0,0.945054945054945,Java_none_Java_low_results.csv
3,27,2,none,low,160.0,0.8791208791208791,Java_none_Java_low_results.csv
3,65,2,none,low,170.0,0.934065934065934,Java_none_Java_low_results.csv
3,63,2,none,low,226.0,0.8692307692307693,Java_none_Java_low_results.csv
3,41,2,none,low,307.0,0.9654088050314464,Java_none_Java_low_results.csv
3,104,2,none,low,262.0,0.9225352112676056,Java_none_Java_low_results.csv
3,124,2,none,low,249.0,0.8736842105263158,Java_none_Java_low_results.csv
3,31,2,none,low,261.0,0.935483870967742,Java_none_Java_low_results.csv
3,132,2,none,low,386.0,0.9437652811735942,Java_none_Java_low_results.csv
3,128,2,none,low,233.0,0.9588477366255144,Java_none_Java_low_results.csv
3,77,2,none,low,351.0,0.9023136246786632,Java_none_Java_low_results.csv
3,64,2,none,low,524.0,0.8851351351351351,Java_none_Java_low_results.csv
3,74,2,none,low,167.0,0.9175824175824177,Java_none_Java_low_results.csv
3,78,2,none,low,162.0,0.8901098901098901,Java_none_Java_low_results.csv
3,43,2,none,low,242.0,0.8344827586206897,Java_none_Java_low_results.csv
3,35,2,none,low,176.0,0.967032967032967,Java_none_Java_low_results.csv
3,126,2,none,low,269.0,0.8432601880877743,Java_none_Java_low_results.csv
3,180,2,none,low,164.0,0.9010989010989012,Java_none_Java_low_results.csv
3,172,2,none,low,168.0,0.9230769230769232,Java_none_Java_low_results.csv
3,140,2,none,low,194.0,0.8738738738738738,Java_none_Java_low_results.csv
3,164,2,none,low,215.0,0.9148936170212766,Java_none_Java_low_results.csv
3,162,2,none,low,246.0,0.9318181818181818,Java_none_Java_low_results.csv
3,179,2,none,low,331.0,0.8642297650130548,Java_none_Java_low_results.csv
3,200,2,none,low,175.0,0.9615384615384616,Java_none_Java_low_results.csv
3,182,2,none,low,351.0,0.8775,Java_none_Java_low_results.csv
3,186,2,none,low,217.0,0.9475982532751092,Java_none_Java_low_results.csv
3,183,2,none,low,247.0,0.8821428571428571,Java_none_Java_low_results.csv
3,176,2,none,low,476.0,0.9444444444444444,Java_none_Java_low_results.csv
5,27,2,none,low,171.0,0.9144385026737968,Java_none_Java_low_results.csv
5,13,2,none,low,229.0,0.8980392156862745,Java_none_Java_low_results.csv
5,21,2,none,low,286.0,0.9022082018927444,Java_none_Java_low_results.csv
5,29,2,none,low,181.0,0.9679144385026738,Java_none_Java_low_results.csv
5,35,2,none,low,167.0,0.893048128342246,Java_none_Java_low_results.csv
5,34,2,none,low,194.0,0.9509803921568628,Java_none_Java_low_results.csv
5,37,2,none,low,200.0,0.9174311926605504,Java_none_Java_low_results.csv
5,31,2,none,low,238.0,0.8530465949820788,Java_none_Java_low_results.csv
5,56,2,none,low,178.0,0.9518716577540108,Java_none_Java_low_results.csv
5,65,2,none,low,174.0,0.93048128342246,Java_none_Java_low_results.csv
5,43,2,none,low,273.0,0.9413793103448276,Java_none_Java_low_results.csv
5,41,2,none,low,268.0,0.8427672955974843,Java_none_Java_low_results.csv
5,71,2,none,low,174.0,0.93048128342246,Java_none_Java_low_results.csv
5,44,2,none,low,263.0,0.8976109215017065,Java_none_Java_low_results.csv
5,67,2,none,low,165.0,0.8823529411764706,Java_none_Java_low_results.csv
5,63,2,none,low,235.0,0.903846153846154,Java_none_Java_low_results.csv
5,74,2,none,low,163.0,0.8716577540106952,Java_none_Java_low_results.csv
5,60,2,none,low,281.0,0.9183006535947712,Java_none_Java_low_results.csv
5,78,2,none,low,166.0,0.8877005347593583,Java_none_Java_low_results.csv
5,94,2,none,low,177.0,0.946524064171123,Java_none_Java_low_results.csv
5,101,2,none,low,171.0,0.9144385026737968,Java_none_Java_low_results.csv
5,99,2,none,low,165.0,0.8823529411764706,Java_none_Java_low_results.csv
5,107,2,none,low,187.0,0.8990384615384616,Java_none_Java_low_results.csv
5,79,2,none,low,279.0,0.9,Java_none_Java_low_results.csv
5,77,2,none,low,346.0,0.8894601542416453,Java_none_Java_low_results.csv
5,64,2,none,low,555.0,0.9375,Java_none_Java_low_results.csv
5,104,2,none,low,253.0,0.8908450704225352,Java_none_Java_low_results.csv
5,128,2,none,low,206.0,0.8477366255144033,Java_none_Java_low_results.csv
5,124,2,none,low,265.0,0.9298245614035088,Java_none_Java_low_results.csv
5,138,2,none,low,176.0,0.9411764705882352,Java_none_Java_low_results.csv
5,126,2,none,low,299.0,0.9373040752351096,Java_none_Java_low_results.csv
5,140,2,none,low,201.0,0.9054054054054054,Java_none_Java_low_results.csv
5,164,2,none,low,220.0,0.9361702127659576,Java_none_Java_low_results.csv
5,162,2,none,low,243.0,0.9204545454545454,Java_none_Java_low_results.csv
5,172,2,none,low,179.0,0.9572192513368984,Java_none_Java_low_results.csv
5,180,2,none,low,172.0,0.9197860962566844,Java_none_Java_low_results.csv
5,132,2,none,low,368.0,0.8997555012224939,Java_none_Java_low_results.csv
5,200,2,none,low,174.0,0.93048128342246,Java_none_Java_low_results.csv
5,186,2,none,low,197.0,0.8602620087336245,Java_none_Java_low_results.csv
5,179,2,none,low,346.0,0.9033942558746736,Java_none_Java_low_results.csv
5,183,2,none,low,256.0,0.9142857142857144,Java_none_Java_low_results.csv
5,176,2,none,low,455.0,0.9027777777777778,Java_none_Java_low_results.csv
5,182,2,none,low,373.0,0.9325,Java_none_Java_low_results.csv
12,27,2,none,low,342.0,0.9,Java_none_Java_low_results.csv
12,13,2,none,low,361.0,0.95,Java_none_Java_low_results.csv
12,29,2,none,low,327.0,0.8605263157894737,Java_none_Java_low_results.csv
12,35,2,none,low,346.0,0.9105263157894736,Java_none_Java_low_results.csv
12,34,2,none,low,320.0,0.8421052631578947,Java_none_Java_low_results.csv
12,21,2,none,low,359.0,0.9447368421052632,Java_none_Java_low_results.csv
12,37,2,none,low,341.0,0.8973684210526316,Java_none_Java_low_results.csv
12,31,2,none,low,355.0,0.9342105263157896,Java_none_Java_low_results.csv
12,65,2,none,low,363.0,0.9552631578947368,Java_none_Java_low_results.csv
12,56,2,none,low,321.0,0.8447368421052631,Java_none_Java_low_results.csv
12,41,2,none,low,367.0,0.9657894736842104,Java_none_Java_low_results.csv
12,43,2,none,low,312.0,0.8210526315789474,Java_none_Java_low_results.csv
12,71,2,none,low,359.0,0.9447368421052632,Java_none_Java_low_results.csv
12,74,2,none,low,354.0,0.9315789473684212,Java_none_Java_low_results.csv
12,67,2,none,low,359.0,0.9447368421052632,Java_none_Java_low_results.csv
12,44,2,none,low,335.0,0.881578947368421,Java_none_Java_low_results.csv
12,63,2,none,low,314.0,0.8263157894736842,Java_none_Java_low_results.csv
12,60,2,none,low,347.0,0.913157894736842,Java_none_Java_low_results.csv
12,78,2,none,low,335.0,0.881578947368421,Java_none_Java_low_results.csv
12,94,2,none,low,343.0,0.9026315789473685,Java_none_Java_low_results.csv
12,101,2,none,low,344.0,0.9052631578947368,Java_none_Java_low_results.csv
12,99,2,none,low,347.0,0.913157894736842,Java_none_Java_low_results.csv
12,107,2,none,low,342.0,0.9,Java_none_Java_low_results.csv
12,79,2,none,low,344.0,0.9052631578947368,Java_none_Java_low_results.csv
12,104,2,none,low,351.0,0.9236842105263158,Java_none_Java_low_results.csv
12,77,2,none,low,359.0,0.922879177377892,Java_none_Java_low_results.csv
12,64,2,none,low,498.0,0.8412162162162162,Java_none_Java_low_results.csv
12,124,2,none,low,358.0,0.9421052631578948,Java_none_Java_low_results.csv
12,128,2,none,low,353.0,0.9289473684210526,Java_none_Java_low_results.csv
12,138,2,none,low,339.0,0.8921052631578947,Java_none_Java_low_results.csv
12,126,2,none,low,334.0,0.8789473684210526,Java_none_Java_low_results.csv
12,140,2,none,low,313.0,0.8236842105263158,Java_none_Java_low_results.csv
12,164,2,none,low,339.0,0.8921052631578947,Java_none_Java_low_results.csv
12,162,2,none,low,346.0,0.9105263157894736,Java_none_Java_low_results.csv
12,172,2,none,low,316.0,0.8315789473684211,Java_none_Java_low_results.csv
12,180,2,none,low,332.0,0.8736842105263158,Java_none_Java_low_results.csv
12,132,2,none,low,383.0,0.9364303178484108,Java_none_Java_low_results.csv
12,200,2,none,low,329.0,0.8657894736842106,Java_none_Java_low_results.csv
12,186,2,none,low,352.0,0.9263157894736842,Java_none_Java_low_results.csv
28,13,2,none,low,264.0,0.946236559139785,Java_none_Java_low_results.csv
12,183,2,none,low,338.0,0.8894736842105263,Java_none_Java_low_results.csv
28,27,2,none,low,254.0,0.910394265232975,Java_none_Java_low_results.csv
12,179,2,none,low,373.0,0.9738903394255874,Java_none_Java_low_results.csv
12,182,2,none,low,366.0,0.915,Java_none_Java_low_results.csv
28,21,2,none,low,293.0,0.9242902208201892,Java_none_Java_low_results.csv
28,29,2,none,low,265.0,0.949820788530466,Java_none_Java_low_results.csv
28,35,2,none,low,255.0,0.913978494623656,Java_none_Java_low_results.csv
28,34,2,none,low,262.0,0.9390681003584228,Java_none_Java_low_results.csv
12,176,2,none,low,454.0,0.9007936507936508,Java_none_Java_low_results.csv
28,37,2,none,low,254.0,0.910394265232975,Java_none_Java_low_results.csv
28,31,2,none,low,249.0,0.8924731182795699,Java_none_Java_low_results.csv
28,56,2,none,low,255.0,0.913978494623656,Java_none_Java_low_results.csv
28,65,2,none,low,260.0,0.931899641577061,Java_none_Java_low_results.csv
28,71,2,none,low,262.0,0.9390681003584228,Java_none_Java_low_results.csv
28,43,2,none,low,281.0,0.9689655172413794,Java_none_Java_low_results.csv
28,41,2,none,low,288.0,0.9056603773584906,Java_none_Java_low_results.csv
28,63,2,none,low,254.0,0.910394265232975,Java_none_Java_low_results.csv
28,44,2,none,low,273.0,0.931740614334471,Java_none_Java_low_results.csv
28,67,2,none,low,257.0,0.921146953405018,Java_none_Java_low_results.csv
28,60,2,none,low,283.0,0.9248366013071896,Java_none_Java_low_results.csv
28,74,2,none,low,247.0,0.8853046594982079,Java_none_Java_low_results.csv
28,78,2,none,low,250.0,0.8960573476702509,Java_none_Java_low_results.csv
28,94,2,none,low,254.0,0.910394265232975,Java_none_Java_low_results.csv
28,99,2,none,low,246.0,0.8817204301075269,Java_none_Java_low_results.csv
28,101,2,none,low,248.0,0.8888888888888888,Java_none_Java_low_results.csv
28,107,2,none,low,243.0,0.8709677419354839,Java_none_Java_low_results.csv
28,79,2,none,low,286.0,0.9225806451612903,Java_none_Java_low_results.csv
28,104,2,none,low,270.0,0.9507042253521126,Java_none_Java_low_results.csv
28,77,2,none,low,352.0,0.9048843187660668,Java_none_Java_low_results.csv
28,64,2,none,low,544.0,0.918918918918919,Java_none_Java_low_results.csv
28,128,2,none,low,248.0,0.8888888888888888,Java_none_Java_low_results.csv
28,124,2,none,low,277.0,0.9719298245614036,Java_none_Java_low_results.csv
28,138,2,none,low,249.0,0.8924731182795699,Java_none_Java_low_results.csv
28,126,2,none,low,304.0,0.9529780564263324,Java_none_Java_low_results.csv
28,140,2,none,low,259.0,0.92831541218638,Java_none_Java_low_results.csv
28,164,2,none,low,258.0,0.9247311827956988,Java_none_Java_low_results.csv
28,172,2,none,low,256.0,0.9175627240143368,Java_none_Java_low_results.csv
28,162,2,none,low,259.0,0.92831541218638,Java_none_Java_low_results.csv
28,180,2,none,low,253.0,0.906810035842294,Java_none_Java_low_results.csv
28,132,2,none,low,370.0,0.904645476772616,Java_none_Java_low_results.csv
30,13,2,none,low,241.0,0.9450980392156862,Java_none_Java_low_results.csv
28,200,2,none,low,250.0,0.8960573476702509,Java_none_Java_low_results.csv
28,186,2,none,low,247.0,0.8853046594982079,Java_none_Java_low_results.csv
30,21,2,none,low,300.0,0.946372239747634,Java_none_Java_low_results.csv
30,27,2,none,low,111.0,0.8222222222222222,Java_none_Java_low_results.csv
28,183,2,none,low,273.0,0.975,Java_none_Java_low_results.csv
28,179,2,none,low,351.0,0.91644908616188,Java_none_Java_low_results.csv
30,29,2,none,low,174.0,0.9508196721311476,Java_none_Java_low_results.csv
28,176,2,none,low,449.0,0.8908730158730159,Java_none_Java_low_results.csv
30,34,2,none,low,188.0,0.9215686274509804,Java_none_Java_low_results.csv
30,35,2,none,low,160.0,0.935672514619883,Java_none_Java_low_results.csv
30,31,2,none,low,251.0,0.899641577060932,Java_none_Java_low_results.csv
30,37,2,none,low,200.0,0.9174311926605504,Java_none_Java_low_results.csv
28,182,2,none,low,375.0,0.9375,Java_none_Java_low_results.csv
30,56,2,none,low,132.0,0.9041095890410958,Java_none_Java_low_results.csv
30,65,2,none,low,127.0,0.9407407407407408,Java_none_Java_low_results.csv
30,41,2,none,low,299.0,0.940251572327044,Java_none_Java_low_results.csv
30,44,2,none,low,253.0,0.863481228668942,Java_none_Java_low_results.csv
30,43,2,none,low,242.0,0.8344827586206897,Java_none_Java_low_results.csv
30,63,2,none,low,198.0,0.7615384615384615,Java_none_Java_low_results.csv
30,71,2,none,low,125.0,0.925925925925926,Java_none_Java_low_results.csv
30,67,2,none,low,150.0,0.9554140127388536,Java_none_Java_low_results.csv
30,74,2,none,low,124.0,0.9185185185185184,Java_none_Java_low_results.csv
30,60,2,none,low,258.0,0.8431372549019608,Java_none_Java_low_results.csv
30,78,2,none,low,112.0,0.8296296296296296,Java_none_Java_low_results.csv
30,94,2,none,low,132.0,0.9777777777777776,Java_none_Java_low_results.csv
30,101,2,none,low,149.0,0.9430379746835444,Java_none_Java_low_results.csv
30,99,2,none,low,165.0,0.953757225433526,Java_none_Java_low_results.csv
30,107,2,none,low,189.0,0.908653846153846,Java_none_Java_low_results.csv
30,79,2,none,low,259.0,0.8354838709677419,Java_none_Java_low_results.csv
30,77,2,none,low,327.0,0.8406169665809768,Java_none_Java_low_results.csv
30,104,2,none,low,260.0,0.9154929577464788,Java_none_Java_low_results.csv
30,64,2,none,low,532.0,0.8986486486486487,Java_none_Java_low_results.csv
30,124,2,none,low,244.0,0.856140350877193,Java_none_Java_low_results.csv
30,138,2,none,low,141.0,0.8757763975155279,Java_none_Java_low_results.csv
30,128,2,none,low,227.0,0.934156378600823,Java_none_Java_low_results.csv
30,126,2,none,low,276.0,0.8652037617554859,Java_none_Java_low_results.csv
30,140,2,none,low,184.0,0.8288288288288288,Java_none_Java_low_results.csv
30,164,2,none,low,201.0,0.8553191489361702,Java_none_Java_low_results.csv
30,162,2,none,low,249.0,0.9431818181818182,Java_none_Java_low_results.csv
30,172,2,none,low,171.0,0.9827586206896552,Java_none_Java_low_results.csv
30,132,2,none,low,379.0,0.9266503667481664,Java_none_Java_low_results.csv
30,180,2,none,low,150.0,0.9493670886075948,Java_none_Java_low_results.csv
30,186,2,none,low,209.0,0.9126637554585152,Java_none_Java_low_results.csv
30,183,2,none,low,243.0,0.8678571428571429,Java_none_Java_low_results.csv
30,200,2,none,low,154.0,0.8700564971751412,Java_none_Java_low_results.csv
36,27,2,none,low,82.0,0.8913043478260869,Java_none_Java_low_results.csv
36,13,2,none,low,233.0,0.9137254901960784,Java_none_Java_low_results.csv
30,179,2,none,low,342.0,0.8929503916449086,Java_none_Java_low_results.csv
30,182,2,none,low,353.0,0.8825,Java_none_Java_low_results.csv
30,176,2,none,low,475.0,0.9424603174603174,Java_none_Java_low_results.csv
36,21,2,none,low,291.0,0.917981072555205,Java_none_Java_low_results.csv
36,29,2,none,low,161.0,0.8797814207650273,Java_none_Java_low_results.csv
36,34,2,none,low,187.0,0.9166666666666666,Java_none_Java_low_results.csv
36,35,2,none,low,150.0,0.8771929824561403,Java_none_Java_low_results.csv
36,37,2,none,low,186.0,0.8532110091743119,Java_none_Java_low_results.csv
36,31,2,none,low,243.0,0.8709677419354839,Java_none_Java_low_results.csv
36,56,2,none,low,134.0,0.9178082191780822,Java_none_Java_low_results.csv
36,65,2,none,low,79.0,0.8586956521739131,Java_none_Java_low_results.csv
36,44,2,none,low,273.0,0.931740614334471,Java_none_Java_low_results.csv
36,41,2,none,low,276.0,0.8679245283018868,Java_none_Java_low_results.csv
36,43,2,none,low,270.0,0.9310344827586208,Java_none_Java_low_results.csv
36,71,2,none,low,87.0,0.9456521739130436,Java_none_Java_low_results.csv
36,63,2,none,low,233.0,0.8961538461538462,Java_none_Java_low_results.csv
36,74,2,none,low,92.0,0.92,Java_none_Java_low_results.csv
36,67,2,none,low,144.0,0.9171974522292994,Java_none_Java_low_results.csv
36,78,2,none,low,90.0,0.9574468085106383,Java_none_Java_low_results.csv
36,60,2,none,low,290.0,0.9477124183006536,Java_none_Java_low_results.csv
36,94,2,none,low,109.0,0.8384615384615385,Java_none_Java_low_results.csv
36,101,2,none,low,134.0,0.8481012658227848,Java_none_Java_low_results.csv
36,99,2,none,low,152.0,0.8786127167630058,Java_none_Java_low_results.csv
36,79,2,none,low,290.0,0.935483870967742,Java_none_Java_low_results.csv
36,107,2,none,low,184.0,0.8846153846153846,Java_none_Java_low_results.csv
36,104,2,none,low,251.0,0.8838028169014085,Java_none_Java_low_results.csv
36,77,2,none,low,354.0,0.910025706940874,Java_none_Java_low_results.csv
36,64,2,none,low,561.0,0.9476351351351352,Java_none_Java_low_results.csv
36,124,2,none,low,269.0,0.9438596491228072,Java_none_Java_low_results.csv
36,138,2,none,low,131.0,0.8136645962732919,Java_none_Java_low_results.csv
36,128,2,none,low,212.0,0.8724279835390947,Java_none_Java_low_results.csv
36,126,2,none,low,299.0,0.9373040752351096,Java_none_Java_low_results.csv
36,140,2,none,low,206.0,0.927927927927928,Java_none_Java_low_results.csv
36,172,2,none,low,165.0,0.9482758620689656,Java_none_Java_low_results.csv
36,164,2,none,low,206.0,0.8765957446808511,Java_none_Java_low_results.csv
36,162,2,none,low,239.0,0.9053030303030304,Java_none_Java_low_results.csv
36,132,2,none,low,371.0,0.9070904645476772,Java_none_Java_low_results.csv
36,180,2,none,low,155.0,0.981012658227848,Java_none_Java_low_results.csv
36,200,2,none,low,161.0,0.9096045197740112,Java_none_Java_low_results.csv
36,186,2,none,low,203.0,0.8864628820960698,Java_none_Java_low_results.csv
36,179,2,none,low,359.0,0.93733681462141,Java_none_Java_low_results.csv
36,183,2,none,low,253.0,0.9035714285714286,Java_none_Java_low_results.csv
36,176,2,none,low,462.0,0.9166666666666666,Java_none_Java_low_results.csv
36,182,2,none,low,374.0,0.935,Java_none_Java_low_results.csv
38,27,2,none,low,203.0,0.935483870967742,Java_none_Java_low_results.csv
38,13,2,none,low,246.0,0.9647058823529412,Java_none_Java_low_results.csv
38,29,2,none,low,198.0,0.912442396313364,Java_none_Java_low_results.csv
38,35,2,none,low,205.0,0.9447004608294932,Java_none_Java_low_results.csv
38,34,2,none,low,211.0,0.9723502304147466,Java_none_Java_low_results.csv
38,21,2,none,low,289.0,0.9116719242902208,Java_none_Java_low_results.csv
38,31,2,none,low,266.0,0.953405017921147,Java_none_Java_low_results.csv
38,37,2,none,low,204.0,0.9357798165137616,Java_none_Java_low_results.csv
38,65,2,none,low,198.0,0.912442396313364,Java_none_Java_low_results.csv
38,56,2,none,low,206.0,0.9493087557603688,Java_none_Java_low_results.csv
38,41,2,none,low,308.0,0.9685534591194968,Java_none_Java_low_results.csv
38,43,2,none,low,276.0,0.9517241379310344,Java_none_Java_low_results.csv
38,71,2,none,low,202.0,0.9308755760368664,Java_none_Java_low_results.csv
38,74,2,none,low,199.0,0.9170506912442395,Java_none_Java_low_results.csv
38,44,2,none,low,281.0,0.9590443686006824,Java_none_Java_low_results.csv
38,60,2,none,low,288.0,0.9411764705882352,Java_none_Java_low_results.csv
38,67,2,none,low,211.0,0.9723502304147466,Java_none_Java_low_results.csv
38,63,2,none,low,242.0,0.9307692307692308,Java_none_Java_low_results.csv
38,78,2,none,low,206.0,0.9493087557603688,Java_none_Java_low_results.csv
38,101,2,none,low,203.0,0.935483870967742,Java_none_Java_low_results.csv
38,94,2,none,low,194.0,0.8940092165898618,Java_none_Java_low_results.csv
38,99,2,none,low,206.0,0.9493087557603688,Java_none_Java_low_results.csv
38,107,2,none,low,206.0,0.9493087557603688,Java_none_Java_low_results.csv
38,79,2,none,low,294.0,0.9483870967741936,Java_none_Java_low_results.csv
38,77,2,none,low,375.0,0.9640102827763496,Java_none_Java_low_results.csv
38,104,2,none,low,264.0,0.9295774647887324,Java_none_Java_low_results.csv
38,64,2,none,low,559.0,0.9442567567567568,Java_none_Java_low_results.csv
38,138,2,none,low,192.0,0.8847926267281107,Java_none_Java_low_results.csv
38,128,2,none,low,234.0,0.9629629629629628,Java_none_Java_low_results.csv
38,124,2,none,low,263.0,0.9228070175438596,Java_none_Java_low_results.csv
38,126,2,none,low,300.0,0.9404388714733544,Java_none_Java_low_results.csv
38,140,2,none,low,216.0,0.972972972972973,Java_none_Java_low_results.csv
38,162,2,none,low,248.0,0.9393939393939394,Java_none_Java_low_results.csv
38,164,2,none,low,226.0,0.9617021276595744,Java_none_Java_low_results.csv
38,172,2,none,low,197.0,0.9078341013824884,Java_none_Java_low_results.csv
38,180,2,none,low,207.0,0.9539170506912442,Java_none_Java_low_results.csv
38,132,2,none,low,368.0,0.8997555012224939,Java_none_Java_low_results.csv
38,200,2,none,low,205.0,0.9447004608294932,Java_none_Java_low_results.csv
38,186,2,none,low,220.0,0.960698689956332,Java_none_Java_low_results.csv
38,179,2,none,low,349.0,0.9112271540469974,Java_none_Java_low_results.csv
38,183,2,none,low,261.0,0.9321428571428572,Java_none_Java_low_results.csv
38,182,2,none,low,375.0,0.9375,Java_none_Java_low_results.csv
59,27,2,none,low,258.0,0.9148936170212766,Java_none_Java_low_results.csv
38,176,2,none,low,463.0,0.9186507936507936,Java_none_Java_low_results.csv
59,13,2,none,low,270.0,0.9574468085106383,Java_none_Java_low_results.csv
59,21,2,none,low,306.0,0.9652996845425869,Java_none_Java_low_results.csv
59,29,2,none,low,245.0,0.8687943262411347,Java_none_Java_low_results.csv
59,35,2,none,low,259.0,0.9184397163120568,Java_none_Java_low_results.csv
59,34,2,none,low,241.0,0.8546099290780141,Java_none_Java_low_results.csv
59,37,2,none,low,255.0,0.9042553191489362,Java_none_Java_low_results.csv
59,31,2,none,low,275.0,0.975177304964539,Java_none_Java_low_results.csv
59,56,2,none,low,237.0,0.8404255319148937,Java_none_Java_low_results.csv
59,65,2,none,low,266.0,0.9432624113475178,Java_none_Java_low_results.csv
59,43,2,none,low,261.0,0.9,Java_none_Java_low_results.csv
59,41,2,none,low,296.0,0.9308176100628932,Java_none_Java_low_results.csv
59,71,2,none,low,269.0,0.953900709219858,Java_none_Java_low_results.csv
59,44,2,none,low,271.0,0.924914675767918,Java_none_Java_low_results.csv
59,67,2,none,low,269.0,0.953900709219858,Java_none_Java_low_results.csv
59,74,2,none,low,259.0,0.9184397163120568,Java_none_Java_low_results.csv
59,60,2,none,low,276.0,0.9019607843137256,Java_none_Java_low_results.csv
59,63,2,none,low,254.0,0.900709219858156,Java_none_Java_low_results.csv
59,78,2,none,low,247.0,0.875886524822695,Java_none_Java_low_results.csv
59,94,2,none,low,262.0,0.9290780141843972,Java_none_Java_low_results.csv
59,99,2,none,low,257.0,0.9113475177304964,Java_none_Java_low_results.csv
59,101,2,none,low,257.0,0.9113475177304964,Java_none_Java_low_results.csv
59,107,2,none,low,256.0,0.9078014184397164,Java_none_Java_low_results.csv
59,79,2,none,low,269.0,0.867741935483871,Java_none_Java_low_results.csv
59,77,2,none,low,315.0,0.8097686375321337,Java_none_Java_low_results.csv
59,104,2,none,low,269.0,0.9471830985915493,Java_none_Java_low_results.csv
59,64,2,none,low,519.0,0.8766891891891891,Java_none_Java_low_results.csv
59,124,2,none,low,272.0,0.9543859649122808,Java_none_Java_low_results.csv
59,138,2,none,low,258.0,0.9148936170212766,Java_none_Java_low_results.csv
59,128,2,none,low,254.0,0.900709219858156,Java_none_Java_low_results.csv
59,126,2,none,low,289.0,0.9059561128526644,Java_none_Java_low_results.csv
59,140,2,none,low,239.0,0.8475177304964538,Java_none_Java_low_results.csv
59,162,2,none,low,266.0,0.9432624113475178,Java_none_Java_low_results.csv
59,164,2,none,low,259.0,0.9184397163120568,Java_none_Java_low_results.csv
59,172,2,none,low,233.0,0.8262411347517731,Java_none_Java_low_results.csv
59,132,2,none,low,392.0,0.9584352078239609,Java_none_Java_low_results.csv
59,180,2,none,low,236.0,0.8368794326241135,Java_none_Java_low_results.csv
93,13,2,none,low,249.0,0.976470588235294,Java_none_Java_low_results.csv
93,27,2,none,low,62.0,0.8732394366197183,Java_none_Java_low_results.csv
93,21,2,none,low,304.0,0.9589905362776026,Java_none_Java_low_results.csv
93,29,2,none,low,160.0,0.8743169398907104,Java_none_Java_low_results.csv
59,200,2,none,low,244.0,0.8652482269503546,Java_none_Java_low_results.csv
59,186,2,none,low,267.0,0.946808510638298,Java_none_Java_low_results.csv
59,179,2,none,low,337.0,0.8798955613577023,Java_none_Java_low_results.csv
93,31,2,none,low,266.0,0.953405017921147,Java_none_Java_low_results.csv
93,34,2,none,low,188.0,0.9215686274509804,Java_none_Java_low_results.csv
93,35,2,none,low,163.0,0.953216374269006,Java_none_Java_low_results.csv
93,37,2,none,low,206.0,0.944954128440367,Java_none_Java_low_results.csv
59,183,2,none,low,270.0,0.9574468085106383,Java_none_Java_low_results.csv
93,56,2,none,low,130.0,0.8904109589041096,Java_none_Java_low_results.csv
93,43,2,none,low,268.0,0.9241379310344828,Java_none_Java_low_results.csv
93,44,2,none,low,277.0,0.9453924914675768,Java_none_Java_low_results.csv
93,41,2,none,low,308.0,0.9685534591194968,Java_none_Java_low_results.csv
93,65,2,none,low,56.0,0.9333333333333332,Java_none_Java_low_results.csv
59,182,2,none,low,352.0,0.88,Java_none_Java_low_results.csv
59,176,2,none,low,469.0,0.9305555555555556,Java_none_Java_low_results.csv
93,63,2,none,low,238.0,0.9153846153846154,Java_none_Java_low_results.csv
93,74,2,none,low,95.0,0.95,Java_none_Java_low_results.csv
93,71,2,none,low,85.0,0.9550561797752808,Java_none_Java_low_results.csv
93,67,2,none,low,155.0,0.9872611464968152,Java_none_Java_low_results.csv
93,60,2,none,low,291.0,0.9509803921568628,Java_none_Java_low_results.csv
93,78,2,none,low,83.0,0.8829787234042553,Java_none_Java_low_results.csv
93,94,2,none,low,121.0,0.9307692307692308,Java_none_Java_low_results.csv
93,101,2,none,low,151.0,0.9556962025316456,Java_none_Java_low_results.csv
93,99,2,none,low,166.0,0.9595375722543352,Java_none_Java_low_results.csv
93,107,2,none,low,196.0,0.9423076923076924,Java_none_Java_low_results.csv
93,64,2,none,low,561.0,0.9476351351351352,Java_none_Java_low_results.csv
93,77,2,none,low,366.0,0.9408740359897172,Java_none_Java_low_results.csv
93,79,2,none,low,286.0,0.9225806451612903,Java_none_Java_low_results.csv
93,104,2,none,low,273.0,0.9612676056338028,Java_none_Java_low_results.csv
93,128,2,none,low,233.0,0.9588477366255144,Java_none_Java_low_results.csv
93,126,2,none,low,294.0,0.9216300940438872,Java_none_Java_low_results.csv
93,138,2,none,low,154.0,0.9565217391304348,Java_none_Java_low_results.csv
93,124,2,none,low,265.0,0.9298245614035088,Java_none_Java_low_results.csv
93,140,2,none,low,206.0,0.927927927927928,Java_none_Java_low_results.csv
93,172,2,none,low,159.0,0.913793103448276,Java_none_Java_low_results.csv
93,162,2,none,low,256.0,0.9696969696969696,Java_none_Java_low_results.csv
93,164,2,none,low,217.0,0.9234042553191488,Java_none_Java_low_results.csv
93,180,2,none,low,141.0,0.8924050632911392,Java_none_Java_low_results.csv
93,132,2,none,low,390.0,0.9535452322738386,Java_none_Java_low_results.csv
93,186,2,none,low,219.0,0.9563318777292577,Java_none_Java_low_results.csv
93,200,2,none,low,156.0,0.8813559322033898,Java_none_Java_low_results.csv
93,179,2,none,low,358.0,0.9347258485639688,Java_none_Java_low_results.csv
93,183,2,none,low,256.0,0.9142857142857144,Java_none_Java_low_results.csv
93,182,2,none,low,379.0,0.9475,Java_none_Java_low_results.csv
93,176,2,none,low,488.0,0.9682539682539684,Java_none_Java_low_results.csv
96,27,2,none,low,212.0,0.8617886178861789,Java_none_Java_low_results.csv
96,35,2,none,low,219.0,0.8902439024390244,Java_none_Java_low_results.csv
96,29,2,none,low,221.0,0.8983739837398373,Java_none_Java_low_results.csv
96,34,2,none,low,226.0,0.91869918699187,Java_none_Java_low_results.csv
96,13,2,none,low,251.0,0.984313725490196,Java_none_Java_low_results.csv
96,37,2,none,low,221.0,0.8983739837398373,Java_none_Java_low_results.csv
96,21,2,none,low,313.0,0.9873817034700316,Java_none_Java_low_results.csv
96,31,2,none,low,263.0,0.942652329749104,Java_none_Java_low_results.csv
96,56,2,none,low,202.0,0.8211382113821138,Java_none_Java_low_results.csv
96,65,2,none,low,231.0,0.9390243902439024,Java_none_Java_low_results.csv
96,41,2,none,low,300.0,0.9433962264150944,Java_none_Java_low_results.csv
96,71,2,none,low,236.0,0.959349593495935,Java_none_Java_low_results.csv
96,43,2,none,low,255.0,0.8793103448275862,Java_none_Java_low_results.csv
96,63,2,none,low,225.0,0.8653846153846154,Java_none_Java_low_results.csv
96,44,2,none,low,274.0,0.9351535836177476,Java_none_Java_low_results.csv
96,74,2,none,low,223.0,0.9065040650406504,Java_none_Java_low_results.csv
96,67,2,none,low,235.0,0.9552845528455284,Java_none_Java_low_results.csv
96,60,2,none,low,271.0,0.8856209150326797,Java_none_Java_low_results.csv
96,78,2,none,low,190.0,0.7723577235772358,Java_none_Java_low_results.csv
96,94,2,none,low,221.0,0.8983739837398373,Java_none_Java_low_results.csv
96,101,2,none,low,227.0,0.9227642276422764,Java_none_Java_low_results.csv
96,99,2,none,low,230.0,0.934959349593496,Java_none_Java_low_results.csv
96,79,2,none,low,278.0,0.896774193548387,Java_none_Java_low_results.csv
96,107,2,none,low,230.0,0.934959349593496,Java_none_Java_low_results.csv
96,104,2,none,low,274.0,0.9647887323943662,Java_none_Java_low_results.csv
96,77,2,none,low,323.0,0.8303341902313625,Java_none_Java_low_results.csv
96,64,2,none,low,527.0,0.8902027027027027,Java_none_Java_low_results.csv
96,124,2,none,low,261.0,0.9157894736842104,Java_none_Java_low_results.csv
96,128,2,none,low,242.0,0.983739837398374,Java_none_Java_low_results.csv
96,138,2,none,low,216.0,0.8780487804878049,Java_none_Java_low_results.csv
96,126,2,none,low,301.0,0.9435736677115988,Java_none_Java_low_results.csv
96,140,2,none,low,209.0,0.8495934959349594,Java_none_Java_low_results.csv
96,172,2,none,low,218.0,0.8861788617886179,Java_none_Java_low_results.csv
96,164,2,none,low,206.0,0.8373983739837398,Java_none_Java_low_results.csv
96,162,2,none,low,255.0,0.9659090909090908,Java_none_Java_low_results.csv
96,180,2,none,low,198.0,0.8048780487804879,Java_none_Java_low_results.csv
96,132,2,none,low,394.0,0.9633251833740832,Java_none_Java_low_results.csv
96,200,2,none,low,193.0,0.7845528455284553,Java_none_Java_low_results.csv
96,186,2,none,low,228.0,0.926829268292683,Java_none_Java_low_results.csv
96,179,2,none,low,321.0,0.8381201044386423,Java_none_Java_low_results.csv
106,27,2,none,low,174.0,0.8923076923076924,Java_none_Java_low_results.csv
106,13,2,none,low,248.0,0.9725490196078432,Java_none_Java_low_results.csv
96,183,2,none,low,235.0,0.8392857142857143,Java_none_Java_low_results.csv
106,21,2,none,low,307.0,0.9684542586750788,Java_none_Java_low_results.csv
96,176,2,none,low,479.0,0.9503968253968254,Java_none_Java_low_results.csv
96,182,2,none,low,343.0,0.8575,Java_none_Java_low_results.csv
106,29,2,none,low,185.0,0.9487179487179488,Java_none_Java_low_results.csv
106,35,2,none,low,181.0,0.9282051282051282,Java_none_Java_low_results.csv
106,34,2,none,low,197.0,0.965686274509804,Java_none_Java_low_results.csv
106,37,2,none,low,196.0,0.8990825688073395,Java_none_Java_low_results.csv
106,31,2,none,low,264.0,0.946236559139785,Java_none_Java_low_results.csv
106,65,2,none,low,181.0,0.9282051282051282,Java_none_Java_low_results.csv
106,56,2,none,low,173.0,0.8871794871794871,Java_none_Java_low_results.csv
106,43,2,none,low,256.0,0.8827586206896552,Java_none_Java_low_results.csv
106,41,2,none,low,305.0,0.959119496855346,Java_none_Java_low_results.csv
106,44,2,none,low,272.0,0.9283276450511946,Java_none_Java_low_results.csv
106,71,2,none,low,183.0,0.9384615384615383,Java_none_Java_low_results.csv
106,63,2,none,low,220.0,0.8461538461538461,Java_none_Java_low_results.csv
106,60,2,none,low,287.0,0.937908496732026,Java_none_Java_low_results.csv
106,67,2,none,low,187.0,0.958974358974359,Java_none_Java_low_results.csv
106,74,2,none,low,173.0,0.8871794871794871,Java_none_Java_low_results.csv
106,78,2,none,low,166.0,0.8512820512820513,Java_none_Java_low_results.csv
106,94,2,none,low,176.0,0.9025641025641026,Java_none_Java_low_results.csv
106,99,2,none,low,187.0,0.958974358974359,Java_none_Java_low_results.csv
106,101,2,none,low,181.0,0.9282051282051282,Java_none_Java_low_results.csv
106,107,2,none,low,199.0,0.9567307692307692,Java_none_Java_low_results.csv
106,79,2,none,low,276.0,0.8903225806451613,Java_none_Java_low_results.csv
106,77,2,none,low,349.0,0.897172236503856,Java_none_Java_low_results.csv
106,104,2,none,low,254.0,0.8943661971830986,Java_none_Java_low_results.csv
106,64,2,none,low,528.0,0.8918918918918919,Java_none_Java_low_results.csv
106,138,2,none,low,172.0,0.882051282051282,Java_none_Java_low_results.csv
106,124,2,none,low,256.0,0.8982456140350877,Java_none_Java_low_results.csv
106,128,2,none,low,227.0,0.934156378600823,Java_none_Java_low_results.csv
106,126,2,none,low,299.0,0.9373040752351096,Java_none_Java_low_results.csv
106,140,2,none,low,203.0,0.9144144144144144,Java_none_Java_low_results.csv
106,162,2,none,low,244.0,0.9242424242424242,Java_none_Java_low_results.csv
106,164,2,none,low,212.0,0.902127659574468,Java_none_Java_low_results.csv
106,180,2,none,low,170.0,0.8717948717948718,Java_none_Java_low_results.csv
106,172,2,none,low,186.0,0.953846153846154,Java_none_Java_low_results.csv
106,132,2,none,low,382.0,0.9339853300733496,Java_none_Java_low_results.csv
106,200,2,none,low,172.0,0.882051282051282,Java_none_Java_low_results.csv
106,186,2,none,low,220.0,0.960698689956332,Java_none_Java_low_results.csv
110,13,2,none,low,228.0,0.8941176470588236,Java_none_Java_low_results.csv
106,179,2,none,low,339.0,0.8851174934725848,Java_none_Java_low_results.csv
106,183,2,none,low,233.0,0.8321428571428572,Java_none_Java_low_results.csv
110,27,2,none,low,129.0,0.8896551724137931,Java_none_Java_low_results.csv
110,21,2,none,low,277.0,0.8738170347003155,Java_none_Java_low_results.csv
106,176,2,none,low,473.0,0.9384920634920636,Java_none_Java_low_results.csv
110,29,2,none,low,174.0,0.9508196721311476,Java_none_Java_low_results.csv
106,182,2,none,low,341.0,0.8525,Java_none_Java_low_results.csv
110,35,2,none,low,154.0,0.9005847953216374,Java_none_Java_low_results.csv
110,34,2,none,low,195.0,0.9558823529411764,Java_none_Java_low_results.csv
110,31,2,none,low,239.0,0.8566308243727598,Java_none_Java_low_results.csv
110,37,2,none,low,190.0,0.8715596330275229,Java_none_Java_low_results.csv
110,56,2,none,low,141.0,0.9657534246575342,Java_none_Java_low_results.csv
110,65,2,none,low,134.0,0.9241379310344828,Java_none_Java_low_results.csv
110,43,2,none,low,274.0,0.9448275862068966,Java_none_Java_low_results.csv
110,41,2,none,low,281.0,0.8836477987421384,Java_none_Java_low_results.csv
110,71,2,none,low,132.0,0.9103448275862068,Java_none_Java_low_results.csv
110,44,2,none,low,272.0,0.9283276450511946,Java_none_Java_low_results.csv
110,67,2,none,low,149.0,0.9490445859872612,Java_none_Java_low_results.csv
110,74,2,none,low,134.0,0.9241379310344828,Java_none_Java_low_results.csv
110,60,2,none,low,278.0,0.9084967320261438,Java_none_Java_low_results.csv
110,63,2,none,low,234.0,0.9,Java_none_Java_low_results.csv
110,78,2,none,low,126.0,0.8689655172413793,Java_none_Java_low_results.csv
110,94,2,none,low,141.0,0.9724137931034482,Java_none_Java_low_results.csv
110,99,2,none,low,147.0,0.8497109826589595,Java_none_Java_low_results.csv
110,101,2,none,low,149.0,0.9430379746835444,Java_none_Java_low_results.csv
110,77,2,none,low,355.0,0.9125964010282775,Java_none_Java_low_results.csv
110,107,2,none,low,186.0,0.8942307692307693,Java_none_Java_low_results.csv
110,79,2,none,low,280.0,0.9032258064516128,Java_none_Java_low_results.csv
110,104,2,none,low,242.0,0.852112676056338,Java_none_Java_low_results.csv
110,64,2,none,low,553.0,0.9341216216216216,Java_none_Java_low_results.csv
110,124,2,none,low,262.0,0.9192982456140352,Java_none_Java_low_results.csv
110,128,2,none,low,208.0,0.8559670781893004,Java_none_Java_low_results.csv
110,138,2,none,low,138.0,0.8571428571428571,Java_none_Java_low_results.csv
110,126,2,none,low,300.0,0.9404388714733544,Java_none_Java_low_results.csv
110,140,2,none,low,196.0,0.8828828828828829,Java_none_Java_low_results.csv
110,162,2,none,low,238.0,0.9015151515151516,Java_none_Java_low_results.csv
110,172,2,none,low,161.0,0.9252873563218392,Java_none_Java_low_results.csv
110,164,2,none,low,220.0,0.9361702127659576,Java_none_Java_low_results.csv
110,180,2,none,low,144.0,0.9113924050632912,Java_none_Java_low_results.csv
110,132,2,none,low,365.0,0.8924205378973105,Java_none_Java_low_results.csv
110,200,2,none,low,164.0,0.9265536723163842,Java_none_Java_low_results.csv
110,179,2,none,low,350.0,0.9138381201044388,Java_none_Java_low_results.csv
110,186,2,none,low,189.0,0.8253275109170306,Java_none_Java_low_results.csv
110,183,2,none,low,256.0,0.9142857142857144,Java_none_Java_low_results.csv
110,182,2,none,low,377.0,0.9425,Java_none_Java_low_results.csv
116,27,2,none,low,183.0,0.8472222222222222,Java_none_Java_low_results.csv
110,176,2,none,low,452.0,0.8968253968253969,Java_none_Java_low_results.csv
116,13,2,none,low,247.0,0.9686274509803922,Java_none_Java_low_results.csv
116,29,2,none,low,195.0,0.9027777777777778,Java_none_Java_low_results.csv
116,21,2,none,low,312.0,0.9842271293375394,Java_none_Java_low_results.csv
116,35,2,none,low,193.0,0.8935185185185185,Java_none_Java_low_results.csv
116,34,2,none,low,208.0,0.9629629629629628,Java_none_Java_low_results.csv
116,31,2,none,low,259.0,0.92831541218638,Java_none_Java_low_results.csv
116,37,2,none,low,207.0,0.9495412844036696,Java_none_Java_low_results.csv
116,65,2,none,low,204.0,0.9444444444444444,Java_none_Java_low_results.csv
116,56,2,none,low,185.0,0.8564814814814815,Java_none_Java_low_results.csv
116,41,2,none,low,283.0,0.889937106918239,Java_none_Java_low_results.csv
116,43,2,none,low,256.0,0.8827586206896552,Java_none_Java_low_results.csv
116,71,2,none,low,205.0,0.949074074074074,Java_none_Java_low_results.csv
116,44,2,none,low,247.0,0.8430034129692833,Java_none_Java_low_results.csv
116,63,2,none,low,207.0,0.7961538461538461,Java_none_Java_low_results.csv
116,74,2,none,low,193.0,0.8935185185185185,Java_none_Java_low_results.csv
116,67,2,none,low,204.0,0.9444444444444444,Java_none_Java_low_results.csv
116,60,2,none,low,244.0,0.7973856209150327,Java_none_Java_low_results.csv
116,78,2,none,low,171.0,0.7916666666666666,Java_none_Java_low_results.csv
116,94,2,none,low,200.0,0.925925925925926,Java_none_Java_low_results.csv
116,101,2,none,low,200.0,0.925925925925926,Java_none_Java_low_results.csv
116,99,2,none,low,198.0,0.9166666666666666,Java_none_Java_low_results.csv
116,107,2,none,low,209.0,0.9675925925925926,Java_none_Java_low_results.csv
116,79,2,none,low,250.0,0.8064516129032258,Java_none_Java_low_results.csv
116,104,2,none,low,256.0,0.9014084507042254,Java_none_Java_low_results.csv
116,77,2,none,low,281.0,0.7223650385604113,Java_none_Java_low_results.csv
116,64,2,none,low,508.0,0.8581081081081081,Java_none_Java_low_results.csv
116,128,2,none,low,228.0,0.9382716049382716,Java_none_Java_low_results.csv
116,124,2,none,low,249.0,0.8736842105263158,Java_none_Java_low_results.csv
116,138,2,none,low,196.0,0.9074074074074074,Java_none_Java_low_results.csv
116,126,2,none,low,278.0,0.8714733542319749,Java_none_Java_low_results.csv
116,140,2,none,low,188.0,0.8468468468468469,Java_none_Java_low_results.csv
116,162,2,none,low,249.0,0.9431818181818182,Java_none_Java_low_results.csv
116,164,2,none,low,215.0,0.9148936170212766,Java_none_Java_low_results.csv
116,172,2,none,low,189.0,0.875,Java_none_Java_low_results.csv
116,180,2,none,low,182.0,0.8425925925925926,Java_none_Java_low_results.csv
116,132,2,none,low,392.0,0.9584352078239609,Java_none_Java_low_results.csv
116,200,2,none,low,182.0,0.8425925925925926,Java_none_Java_low_results.csv
116,179,2,none,low,315.0,0.8224543080939948,Java_none_Java_low_results.csv
116,186,2,none,low,215.0,0.9388646288209608,Java_none_Java_low_results.csv
141,27,2,none,low,202.0,0.8938053097345132,Java_none_Java_low_results.csv
116,183,2,none,low,238.0,0.85,Java_none_Java_low_results.csv
141,13,2,none,low,247.0,0.9686274509803922,Java_none_Java_low_results.csv
116,182,2,none,low,346.0,0.865,Java_none_Java_low_results.csv
116,176,2,none,low,465.0,0.9226190476190476,Java_none_Java_low_results.csv
141,21,2,none,low,300.0,0.946372239747634,Java_none_Java_low_results.csv
141,29,2,none,low,190.0,0.8407079646017699,Java_none_Java_low_results.csv
141,35,2,none,low,209.0,0.9247787610619468,Java_none_Java_low_results.csv
141,34,2,none,low,199.0,0.8805309734513275,Java_none_Java_low_results.csv
141,37,2,none,low,210.0,0.9292035398230089,Java_none_Java_low_results.csv
141,31,2,none,low,260.0,0.931899641577061,Java_none_Java_low_results.csv
141,56,2,none,low,197.0,0.8716814159292036,Java_none_Java_low_results.csv
141,65,2,none,low,211.0,0.9336283185840708,Java_none_Java_low_results.csv
141,41,2,none,low,308.0,0.9685534591194968,Java_none_Java_low_results.csv
141,43,2,none,low,259.0,0.8931034482758621,Java_none_Java_low_results.csv
141,71,2,none,low,214.0,0.9469026548672568,Java_none_Java_low_results.csv
141,67,2,none,low,216.0,0.9557522123893806,Java_none_Java_low_results.csv
141,44,2,none,low,259.0,0.8839590443686007,Java_none_Java_low_results.csv
141,74,2,none,low,205.0,0.9070796460176992,Java_none_Java_low_results.csv
141,63,2,none,low,224.0,0.8615384615384616,Java_none_Java_low_results.csv
141,60,2,none,low,268.0,0.8758169934640523,Java_none_Java_low_results.csv
141,78,2,none,low,190.0,0.8407079646017699,Java_none_Java_low_results.csv
141,94,2,none,low,205.0,0.9070796460176992,Java_none_Java_low_results.csv
141,101,2,none,low,195.0,0.8628318584070797,Java_none_Java_low_results.csv
141,99,2,none,low,207.0,0.915929203539823,Java_none_Java_low_results.csv
141,77,2,none,low,322.0,0.8277634961439588,Java_none_Java_low_results.csv
141,107,2,none,low,198.0,0.8761061946902655,Java_none_Java_low_results.csv
141,79,2,none,low,253.0,0.8161290322580645,Java_none_Java_low_results.csv
141,104,2,none,low,259.0,0.9119718309859156,Java_none_Java_low_results.csv
141,64,2,none,low,503.0,0.8496621621621622,Java_none_Java_low_results.csv
141,124,2,none,low,241.0,0.8456140350877193,Java_none_Java_low_results.csv
141,128,2,none,low,234.0,0.9629629629629628,Java_none_Java_low_results.csv
141,138,2,none,low,212.0,0.9380530973451328,Java_none_Java_low_results.csv
141,126,2,none,low,263.0,0.8244514106583072,Java_none_Java_low_results.csv
141,140,2,none,low,201.0,0.8893805309734514,Java_none_Java_low_results.csv
141,172,2,none,low,175.0,0.7743362831858407,Java_none_Java_low_results.csv
141,164,2,none,low,219.0,0.9319148936170212,Java_none_Java_low_results.csv
141,162,2,none,low,249.0,0.9431818181818182,Java_none_Java_low_results.csv
141,180,2,none,low,187.0,0.827433628318584,Java_none_Java_low_results.csv
141,132,2,none,low,380.0,0.9290953545232272,Java_none_Java_low_results.csv
141,200,2,none,low,204.0,0.9026548672566372,Java_none_Java_low_results.csv
141,186,2,none,low,219.0,0.9563318777292577,Java_none_Java_low_results.csv
141,179,2,none,low,312.0,0.814621409921671,Java_none_Java_low_results.csv
141,183,2,none,low,241.0,0.8607142857142858,Java_none_Java_low_results.csv
154,27,2,none,low,401.0,0.9325581395348838,Java_none_Java_low_results.csv
141,176,2,none,low,459.0,0.9107142857142856,Java_none_Java_low_results.csv
141,182,2,none,low,352.0,0.88,Java_none_Java_low_results.csv
154,13,2,none,low,414.0,0.9627906976744186,Java_none_Java_low_results.csv
154,29,2,none,low,371.0,0.8627906976744186,Java_none_Java_low_results.csv
154,35,2,none,low,401.0,0.9325581395348838,Java_none_Java_low_results.csv
154,34,2,none,low,377.0,0.8767441860465116,Java_none_Java_low_results.csv
154,21,2,none,low,389.0,0.9046511627906976,Java_none_Java_low_results.csv
154,31,2,none,low,404.0,0.9395348837209302,Java_none_Java_low_results.csv
154,37,2,none,low,387.0,0.9,Java_none_Java_low_results.csv
154,65,2,none,low,407.0,0.9465116279069768,Java_none_Java_low_results.csv
154,41,2,none,low,413.0,0.9604651162790696,Java_none_Java_low_results.csv
154,56,2,none,low,379.0,0.8813953488372093,Java_none_Java_low_results.csv
154,43,2,none,low,373.0,0.8674418604651163,Java_none_Java_low_results.csv
154,71,2,none,low,413.0,0.9604651162790696,Java_none_Java_low_results.csv
154,74,2,none,low,408.0,0.9488372093023256,Java_none_Java_low_results.csv
154,44,2,none,low,368.0,0.8558139534883721,Java_none_Java_low_results.csv
154,67,2,none,low,409.0,0.9511627906976744,Java_none_Java_low_results.csv
154,63,2,none,low,375.0,0.872093023255814,Java_none_Java_low_results.csv
154,60,2,none,low,381.0,0.8860465116279069,Java_none_Java_low_results.csv
154,78,2,none,low,387.0,0.9,Java_none_Java_low_results.csv
154,94,2,none,low,403.0,0.9372093023255814,Java_none_Java_low_results.csv
154,101,2,none,low,395.0,0.9186046511627908,Java_none_Java_low_results.csv
154,99,2,none,low,406.0,0.944186046511628,Java_none_Java_low_results.csv
154,107,2,none,low,384.0,0.8930232558139535,Java_none_Java_low_results.csv
154,79,2,none,low,354.0,0.8232558139534883,Java_none_Java_low_results.csv
154,77,2,none,low,395.0,0.9186046511627908,Java_none_Java_low_results.csv
154,104,2,none,low,403.0,0.9372093023255814,Java_none_Java_low_results.csv
154,64,2,none,low,520.0,0.8783783783783784,Java_none_Java_low_results.csv
154,124,2,none,low,353.0,0.8209302325581396,Java_none_Java_low_results.csv
154,128,2,none,low,399.0,0.927906976744186,Java_none_Java_low_results.csv
154,138,2,none,low,398.0,0.9255813953488372,Java_none_Java_low_results.csv
154,126,2,none,low,350.0,0.813953488372093,Java_none_Java_low_results.csv
154,140,2,none,low,364.0,0.8465116279069768,Java_none_Java_low_results.csv
154,164,2,none,low,392.0,0.9116279069767442,Java_none_Java_low_results.csv
154,162,2,none,low,415.0,0.9651162790697676,Java_none_Java_low_results.csv
154,172,2,none,low,349.0,0.8116279069767441,Java_none_Java_low_results.csv
154,180,2,none,low,367.0,0.8534883720930233,Java_none_Java_low_results.csv
154,132,2,none,low,405.0,0.9418604651162792,Java_none_Java_low_results.csv
154,200,2,none,low,382.0,0.8883720930232558,Java_none_Java_low_results.csv
163,13,2,none,low,241.0,0.9450980392156862,Java_none_Java_low_results.csv
163,27,2,none,low,146.0,0.8066298342541437,Java_none_Java_low_results.csv
154,186,2,none,low,399.0,0.927906976744186,Java_none_Java_low_results.csv
154,179,2,none,low,391.0,0.9093023255813952,Java_none_Java_low_results.csv
163,21,2,none,low,300.0,0.946372239747634,Java_none_Java_low_results.csv
154,183,2,none,low,379.0,0.8813953488372093,Java_none_Java_low_results.csv
163,29,2,none,low,177.0,0.9672131147540984,Java_none_Java_low_results.csv
163,35,2,none,low,170.0,0.9392265193370166,Java_none_Java_low_results.csv
163,34,2,none,low,169.0,0.8284313725490197,Java_none_Java_low_results.csv
163,37,2,none,low,190.0,0.8715596330275229,Java_none_Java_low_results.csv
163,31,2,none,low,254.0,0.910394265232975,Java_none_Java_low_results.csv
154,176,2,none,low,480.0,0.9523809523809524,Java_none_Java_low_results.csv
154,182,2,none,low,406.0,0.944186046511628,Java_none_Java_low_results.csv
163,41,2,none,low,286.0,0.89937106918239,Java_none_Java_low_results.csv
163,56,2,none,low,141.0,0.7790055248618785,Java_none_Java_low_results.csv
163,65,2,none,low,169.0,0.9337016574585636,Java_none_Java_low_results.csv
163,43,2,none,low,262.0,0.903448275862069,Java_none_Java_low_results.csv
163,71,2,none,low,172.0,0.9502762430939228,Java_none_Java_low_results.csv
163,63,2,none,low,216.0,0.8307692307692308,Java_none_Java_low_results.csv
163,74,2,none,low,166.0,0.9171270718232044,Java_none_Java_low_results.csv
163,44,2,none,low,263.0,0.8976109215017065,Java_none_Java_low_results.csv
163,67,2,none,low,174.0,0.9613259668508288,Java_none_Java_low_results.csv
163,60,2,none,low,276.0,0.9019607843137256,Java_none_Java_low_results.csv
163,78,2,none,low,145.0,0.8011049723756906,Java_none_Java_low_results.csv
163,94,2,none,low,162.0,0.8950276243093923,Java_none_Java_low_results.csv
163,101,2,none,low,166.0,0.9171270718232044,Java_none_Java_low_results.csv
163,99,2,none,low,173.0,0.9558011049723756,Java_none_Java_low_results.csv
163,77,2,none,low,317.0,0.8149100257069408,Java_none_Java_low_results.csv
163,79,2,none,low,268.0,0.864516129032258,Java_none_Java_low_results.csv
163,107,2,none,low,196.0,0.9423076923076924,Java_none_Java_low_results.csv
163,104,2,none,low,249.0,0.8767605633802817,Java_none_Java_low_results.csv
163,64,2,none,low,525.0,0.8868243243243243,Java_none_Java_low_results.csv
163,124,2,none,low,257.0,0.9017543859649124,Java_none_Java_low_results.csv
163,128,2,none,low,227.0,0.934156378600823,Java_none_Java_low_results.csv
163,138,2,none,low,166.0,0.9171270718232044,Java_none_Java_low_results.csv
163,126,2,none,low,289.0,0.9059561128526644,Java_none_Java_low_results.csv
163,140,2,none,low,188.0,0.8468468468468469,Java_none_Java_low_results.csv
163,162,2,none,low,241.0,0.9128787878787878,Java_none_Java_low_results.csv
163,164,2,none,low,209.0,0.8893617021276595,Java_none_Java_low_results.csv
163,172,2,none,low,172.0,0.9502762430939228,Java_none_Java_low_results.csv
163,180,2,none,low,157.0,0.8674033149171271,Java_none_Java_low_results.csv
163,132,2,none,low,383.0,0.9364303178484108,Java_none_Java_low_results.csv
163,200,2,none,low,165.0,0.9116022099447514,Java_none_Java_low_results.csv
181,13,2,none,low,223.0,0.8745098039215686,Java_none_Java_low_results.csv
163,186,2,none,low,221.0,0.965065502183406,Java_none_Java_low_results.csv
163,183,2,none,low,234.0,0.8357142857142857,Java_none_Java_low_results.csv
181,27,2,none,low,88.0,0.9361702127659576,Java_none_Java_low_results.csv
163,179,2,none,low,330.0,0.8616187989556136,Java_none_Java_low_results.csv
181,21,2,none,low,279.0,0.8801261829652997,Java_none_Java_low_results.csv
181,29,2,none,low,169.0,0.9234972677595628,Java_none_Java_low_results.csv
163,176,2,none,low,460.0,0.9126984126984128,Java_none_Java_low_results.csv
181,34,2,none,low,184.0,0.9019607843137256,Java_none_Java_low_results.csv
181,35,2,none,low,135.0,0.7894736842105263,Java_none_Java_low_results.csv
181,37,2,none,low,184.0,0.8440366972477065,Java_none_Java_low_results.csv
181,31,2,none,low,231.0,0.8279569892473119,Java_none_Java_low_results.csv
163,182,2,none,low,355.0,0.8875,Java_none_Java_low_results.csv
181,65,2,none,low,83.0,0.8829787234042553,Java_none_Java_low_results.csv
181,56,2,none,low,127.0,0.8698630136986302,Java_none_Java_low_results.csv
181,41,2,none,low,276.0,0.8679245283018868,Java_none_Java_low_results.csv
181,43,2,none,low,270.0,0.9310344827586208,Java_none_Java_low_results.csv
181,71,2,none,low,89.0,0.946808510638298,Java_none_Java_low_results.csv
181,67,2,none,low,139.0,0.8853503184713376,Java_none_Java_low_results.csv
181,44,2,none,low,266.0,0.9078498293515358,Java_none_Java_low_results.csv
181,63,2,none,low,233.0,0.8961538461538462,Java_none_Java_low_results.csv
181,60,2,none,low,280.0,0.915032679738562,Java_none_Java_low_results.csv
181,74,2,none,low,94.0,0.94,Java_none_Java_low_results.csv
181,78,2,none,low,89.0,0.946808510638298,Java_none_Java_low_results.csv
181,94,2,none,low,121.0,0.9307692307692308,Java_none_Java_low_results.csv
181,99,2,none,low,139.0,0.8034682080924855,Java_none_Java_low_results.csv
181,101,2,none,low,137.0,0.8670886075949367,Java_none_Java_low_results.csv
181,79,2,none,low,280.0,0.9032258064516128,Java_none_Java_low_results.csv
181,107,2,none,low,171.0,0.8221153846153846,Java_none_Java_low_results.csv
181,104,2,none,low,248.0,0.8732394366197183,Java_none_Java_low_results.csv
181,77,2,none,low,354.0,0.910025706940874,Java_none_Java_low_results.csv
181,64,2,none,low,560.0,0.945945945945946,Java_none_Java_low_results.csv
181,128,2,none,low,199.0,0.8189300411522634,Java_none_Java_low_results.csv
181,124,2,none,low,267.0,0.936842105263158,Java_none_Java_low_results.csv
181,126,2,none,low,297.0,0.9310344827586208,Java_none_Java_low_results.csv
181,138,2,none,low,127.0,0.7888198757763976,Java_none_Java_low_results.csv
181,140,2,none,low,194.0,0.8738738738738738,Java_none_Java_low_results.csv
181,162,2,none,low,230.0,0.8712121212121212,Java_none_Java_low_results.csv
181,164,2,none,low,218.0,0.9276595744680852,Java_none_Java_low_results.csv
181,180,2,none,low,145.0,0.9177215189873418,Java_none_Java_low_results.csv
181,132,2,none,low,366.0,0.8948655256723717,Java_none_Java_low_results.csv
181,172,2,none,low,159.0,0.913793103448276,Java_none_Java_low_results.csv
181,179,2,none,low,352.0,0.9190600522193212,Java_none_Java_low_results.csv
181,186,2,none,low,186.0,0.8122270742358079,Java_none_Java_low_results.csv
181,200,2,none,low,160.0,0.903954802259887,Java_none_Java_low_results.csv
181,183,2,none,low,258.0,0.9214285714285714,Java_none_Java_low_results.csv
181,176,2,none,low,451.0,0.8948412698412699,Java_none_Java_low_results.csv
181,182,2,none,low,374.0,0.935,Java_none_Java_low_results.csv
189,27,2,none,low,96.0,0.8727272727272727,Java_none_Java_low_results.csv
189,13,2,none,low,240.0,0.9411764705882352,Java_none_Java_low_results.csv
189,21,2,none,low,297.0,0.9369085173501576,Java_none_Java_low_results.csv
189,29,2,none,low,161.0,0.8797814207650273,Java_none_Java_low_results.csv
189,35,2,none,low,153.0,0.8947368421052632,Java_none_Java_low_results.csv
189,34,2,none,low,172.0,0.8431372549019608,Java_none_Java_low_results.csv
189,31,2,none,low,257.0,0.921146953405018,Java_none_Java_low_results.csv
189,37,2,none,low,190.0,0.8715596330275229,Java_none_Java_low_results.csv
189,56,2,none,low,117.0,0.8013698630136986,Java_none_Java_low_results.csv
189,65,2,none,low,100.0,0.9090909090909092,Java_none_Java_low_results.csv
189,41,2,none,low,293.0,0.9213836477987422,Java_none_Java_low_results.csv
189,43,2,none,low,257.0,0.8862068965517241,Java_none_Java_low_results.csv
189,71,2,none,low,106.0,0.9636363636363636,Java_none_Java_low_results.csv
189,44,2,none,low,261.0,0.8907849829351536,Java_none_Java_low_results.csv
189,67,2,none,low,151.0,0.961783439490446,Java_none_Java_low_results.csv
189,63,2,none,low,215.0,0.8269230769230769,Java_none_Java_low_results.csv
189,60,2,none,low,256.0,0.8366013071895425,Java_none_Java_low_results.csv
189,74,2,none,low,102.0,0.9272727272727272,Java_none_Java_low_results.csv
189,78,2,none,low,87.0,0.7909090909090909,Java_none_Java_low_results.csv
189,94,2,none,low,114.0,0.8769230769230769,Java_none_Java_low_results.csv
189,99,2,none,low,164.0,0.9479768786127168,Java_none_Java_low_results.csv
189,101,2,none,low,141.0,0.8924050632911392,Java_none_Java_low_results.csv
189,104,2,none,low,258.0,0.908450704225352,Java_none_Java_low_results.csv
189,79,2,none,low,263.0,0.8483870967741935,Java_none_Java_low_results.csv
189,107,2,none,low,195.0,0.9375,Java_none_Java_low_results.csv
189,77,2,none,low,328.0,0.8431876606683805,Java_none_Java_low_results.csv
189,64,2,none,low,534.0,0.902027027027027,Java_none_Java_low_results.csv
189,128,2,none,low,220.0,0.9053497942386832,Java_none_Java_low_results.csv
189,124,2,none,low,256.0,0.8982456140350877,Java_none_Java_low_results.csv
189,138,2,none,low,136.0,0.84472049689441,Java_none_Java_low_results.csv
189,126,2,none,low,289.0,0.9059561128526644,Java_none_Java_low_results.csv
189,140,2,none,low,186.0,0.8378378378378378,Java_none_Java_low_results.csv
189,162,2,none,low,244.0,0.9242424242424242,Java_none_Java_low_results.csv
189,164,2,none,low,201.0,0.8553191489361702,Java_none_Java_low_results.csv
189,172,2,none,low,161.0,0.9252873563218392,Java_none_Java_low_results.csv
189,180,2,none,low,148.0,0.9367088607594936,Java_none_Java_low_results.csv
189,132,2,none,low,376.0,0.9193154034229828,Java_none_Java_low_results.csv
189,200,2,none,low,156.0,0.8813559322033898,Java_none_Java_low_results.csv
189,186,2,none,low,205.0,0.8951965065502183,Java_none_Java_low_results.csv
189,179,2,none,low,327.0,0.8537859007832899,Java_none_Java_low_results.csv
189,183,2,none,low,241.0,0.8607142857142858,Java_none_Java_low_results.csv
189,182,2,none,low,346.0,0.865,Java_none_Java_low_results.csv
189,176,2,none,low,466.0,0.9246031746031746,Java_none_Java_low_results.csv
196,27,2,none,low,371.0,0.9345088161209067,Java_none_Java_low_results.csv
196,29,2,none,low,342.0,0.8614609571788413,Java_none_Java_low_results.csv
196,35,2,none,low,376.0,0.947103274559194,Java_none_Java_low_results.csv
196,13,2,none,low,385.0,0.9697732997481108,Java_none_Java_low_results.csv
196,34,2,none,low,350.0,0.8816120906801007,Java_none_Java_low_results.csv
196,37,2,none,low,372.0,0.9370277078085644,Java_none_Java_low_results.csv
196,21,2,none,low,376.0,0.947103274559194,Java_none_Java_low_results.csv
196,31,2,none,low,386.0,0.9722921914357684,Java_none_Java_low_results.csv
196,65,2,none,low,380.0,0.9571788413098236,Java_none_Java_low_results.csv
196,56,2,none,low,345.0,0.8690176322418136,Java_none_Java_low_results.csv
196,41,2,none,low,387.0,0.9748110831234256,Java_none_Java_low_results.csv
196,71,2,none,low,382.0,0.9622166246851386,Java_none_Java_low_results.csv
196,67,2,none,low,380.0,0.9571788413098236,Java_none_Java_low_results.csv
196,43,2,none,low,344.0,0.8664987405541562,Java_none_Java_low_results.csv
196,74,2,none,low,377.0,0.9496221662468514,Java_none_Java_low_results.csv
196,44,2,none,low,338.0,0.8513853904282116,Java_none_Java_low_results.csv
196,60,2,none,low,361.0,0.9093198992443324,Java_none_Java_low_results.csv
196,63,2,none,low,361.0,0.9093198992443324,Java_none_Java_low_results.csv
196,78,2,none,low,362.0,0.91183879093199,Java_none_Java_low_results.csv
196,94,2,none,low,371.0,0.9345088161209067,Java_none_Java_low_results.csv
196,101,2,none,low,370.0,0.9319899244332494,Java_none_Java_low_results.csv
196,99,2,none,low,376.0,0.947103274559194,Java_none_Java_low_results.csv
196,79,2,none,low,344.0,0.8664987405541562,Java_none_Java_low_results.csv
196,107,2,none,low,372.0,0.9370277078085644,Java_none_Java_low_results.csv
196,104,2,none,low,381.0,0.9596977329974812,Java_none_Java_low_results.csv
196,77,2,none,low,377.0,0.9496221662468514,Java_none_Java_low_results.csv
196,64,2,none,low,498.0,0.8412162162162162,Java_none_Java_low_results.csv
196,128,2,none,low,375.0,0.9445843828715366,Java_none_Java_low_results.csv
196,124,2,none,low,369.0,0.929471032745592,Java_none_Java_low_results.csv
196,138,2,none,low,373.0,0.9395465994962215,Java_none_Java_low_results.csv
196,126,2,none,low,337.0,0.8488664987405542,Java_none_Java_low_results.csv
196,140,2,none,low,341.0,0.8589420654911839,Java_none_Java_low_results.csv
196,172,2,none,low,332.0,0.836272040302267,Java_none_Java_low_results.csv
196,164,2,none,low,364.0,0.9168765743073048,Java_none_Java_low_results.csv
196,162,2,none,low,383.0,0.964735516372796,Java_none_Java_low_results.csv
196,180,2,none,low,338.0,0.8513853904282116,Java_none_Java_low_results.csv
196,132,2,none,low,388.0,0.9486552567237164,Java_none_Java_low_results.csv
201,13,2,none,low,239.0,0.9372549019607844,Java_none_Java_low_results.csv
201,27,2,none,low,107.0,0.8916666666666667,Java_none_Java_low_results.csv
196,200,2,none,low,351.0,0.8841309823677582,Java_none_Java_low_results.csv
201,21,2,none,low,292.0,0.9211356466876972,Java_none_Java_low_results.csv
201,29,2,none,low,166.0,0.907103825136612,Java_none_Java_low_results.csv
196,186,2,none,low,381.0,0.9596977329974812,Java_none_Java_low_results.csv
196,179,2,none,low,388.0,0.9773299748110832,Java_none_Java_low_results.csv
201,35,2,none,low,156.0,0.912280701754386,Java_none_Java_low_results.csv
201,34,2,none,low,187.0,0.9166666666666666,Java_none_Java_low_results.csv
196,183,2,none,low,372.0,0.9370277078085644,Java_none_Java_low_results.csv
201,31,2,none,low,246.0,0.8817204301075269,Java_none_Java_low_results.csv
201,37,2,none,low,192.0,0.8807339449541285,Java_none_Java_low_results.csv
196,176,2,none,low,477.0,0.9464285714285714,Java_none_Java_low_results.csv
201,56,2,none,low,136.0,0.9315068493150684,Java_none_Java_low_results.csv
201,65,2,none,low,108.0,0.9,Java_none_Java_low_results.csv
201,41,2,none,low,275.0,0.8647798742138365,Java_none_Java_low_results.csv
201,43,2,none,low,270.0,0.9310344827586208,Java_none_Java_low_results.csv
201,44,2,none,low,280.0,0.955631399317406,Java_none_Java_low_results.csv
196,182,2,none,low,382.0,0.955,Java_none_Java_low_results.csv
201,63,2,none,low,243.0,0.9346153846153846,Java_none_Java_low_results.csv
201,60,2,none,low,295.0,0.9640522875816994,Java_none_Java_low_results.csv
201,71,2,none,low,112.0,0.9333333333333332,Java_none_Java_low_results.csv
201,67,2,none,low,153.0,0.9745222929936306,Java_none_Java_low_results.csv
201,74,2,none,low,107.0,0.8916666666666667,Java_none_Java_low_results.csv
201,78,2,none,low,110.0,0.9166666666666666,Java_none_Java_low_results.csv
201,94,2,none,low,110.0,0.8461538461538461,Java_none_Java_low_results.csv
201,101,2,none,low,141.0,0.8924050632911392,Java_none_Java_low_results.csv
201,99,2,none,low,162.0,0.9364161849710982,Java_none_Java_low_results.csv
201,79,2,none,low,293.0,0.9451612903225808,Java_none_Java_low_results.csv
201,107,2,none,low,191.0,0.9182692307692308,Java_none_Java_low_results.csv
201,104,2,none,low,251.0,0.8838028169014085,Java_none_Java_low_results.csv
201,77,2,none,low,358.0,0.9203084832904884,Java_none_Java_low_results.csv
201,64,2,none,low,558.0,0.9425675675675677,Java_none_Java_low_results.csv
201,124,2,none,low,268.0,0.9403508771929824,Java_none_Java_low_results.csv
201,128,2,none,low,213.0,0.8765432098765432,Java_none_Java_low_results.csv
201,138,2,none,low,136.0,0.84472049689441,Java_none_Java_low_results.csv
201,126,2,none,low,295.0,0.9247648902821316,Java_none_Java_low_results.csv
201,164,2,none,low,213.0,0.9063829787234042,Java_none_Java_low_results.csv
201,140,2,none,low,210.0,0.945945945945946,Java_none_Java_low_results.csv
201,162,2,none,low,237.0,0.8977272727272727,Java_none_Java_low_results.csv
201,172,2,none,low,165.0,0.9482758620689656,Java_none_Java_low_results.csv
201,180,2,none,low,150.0,0.9493670886075948,Java_none_Java_low_results.csv
201,132,2,none,low,370.0,0.904645476772616,Java_none_Java_low_results.csv
204,13,2,none,low,246.0,0.9647058823529412,Java_none_Java_low_results.csv
204,27,2,none,low,61.0,0.8591549295774648,Java_none_Java_low_results.csv
204,21,2,none,low,308.0,0.9716088328075708,Java_none_Java_low_results.csv
201,200,2,none,low,166.0,0.9378531073446328,Java_none_Java_low_results.csv
204,29,2,none,low,170.0,0.9289617486338798,Java_none_Java_low_results.csv
201,183,2,none,low,250.0,0.8928571428571429,Java_none_Java_low_results.csv
201,186,2,none,low,210.0,0.9170305676855895,Java_none_Java_low_results.csv
201,179,2,none,low,359.0,0.93733681462141,Java_none_Java_low_results.csv
204,31,2,none,low,271.0,0.971326164874552,Java_none_Java_low_results.csv
204,35,2,none,low,165.0,0.9649122807017544,Java_none_Java_low_results.csv
204,34,2,none,low,195.0,0.9558823529411764,Java_none_Java_low_results.csv
204,37,2,none,low,211.0,0.9678899082568808,Java_none_Java_low_results.csv
204,43,2,none,low,278.0,0.9586206896551724,Java_none_Java_low_results.csv
204,56,2,none,low,137.0,0.9383561643835616,Java_none_Java_low_results.csv
201,176,2,none,low,441.0,0.875,Java_none_Java_low_results.csv
204,41,2,none,low,311.0,0.9779874213836478,Java_none_Java_low_results.csv
204,44,2,none,low,283.0,0.9658703071672357,Java_none_Java_low_results.csv
204,65,2,none,low,47.0,0.94,Java_none_Java_low_results.csv
204,63,2,none,low,247.0,0.95,Java_none_Java_low_results.csv
204,60,2,none,low,293.0,0.9575163398692812,Java_none_Java_low_results.csv
204,74,2,none,low,95.0,0.95,Java_none_Java_low_results.csv
204,71,2,none,low,86.0,0.9662921348314608,Java_none_Java_low_results.csv
204,67,2,none,low,153.0,0.9745222929936306,Java_none_Java_low_results.csv
204,78,2,none,low,86.0,0.9148936170212766,Java_none_Java_low_results.csv
201,182,2,none,low,370.0,0.925,Java_none_Java_low_results.csv
204,94,2,none,low,123.0,0.946153846153846,Java_none_Java_low_results.csv
204,99,2,none,low,167.0,0.9653179190751444,Java_none_Java_low_results.csv
204,101,2,none,low,150.0,0.9493670886075948,Java_none_Java_low_results.csv
204,79,2,none,low,298.0,0.9612903225806452,Java_none_Java_low_results.csv
204,64,2,none,low,572.0,0.9662162162162162,Java_none_Java_low_results.csv
204,107,2,none,low,198.0,0.9519230769230768,Java_none_Java_low_results.csv
204,77,2,none,low,373.0,0.9588688946015425,Java_none_Java_low_results.csv
204,104,2,none,low,274.0,0.9647887323943662,Java_none_Java_low_results.csv
204,124,2,none,low,272.0,0.9543859649122808,Java_none_Java_low_results.csv
204,138,2,none,low,155.0,0.9627329192546584,Java_none_Java_low_results.csv
204,128,2,none,low,235.0,0.9670781893004116,Java_none_Java_low_results.csv
204,140,2,none,low,207.0,0.9324324324324323,Java_none_Java_low_results.csv
204,126,2,none,low,305.0,0.9561128526645768,Java_none_Java_low_results.csv
204,164,2,none,low,223.0,0.948936170212766,Java_none_Java_low_results.csv
204,172,2,none,low,164.0,0.942528735632184,Java_none_Java_low_results.csv
204,162,2,none,low,256.0,0.9696969696969696,Java_none_Java_low_results.csv
204,132,2,none,low,399.0,0.9755501222493888,Java_none_Java_low_results.csv
204,180,2,none,low,146.0,0.9240506329113924,Java_none_Java_low_results.csv
204,186,2,none,low,223.0,0.9737991266375546,Java_none_Java_low_results.csv
204,200,2,none,low,163.0,0.9209039548022598,Java_none_Java_low_results.csv
204,183,2,none,low,267.0,0.9535714285714286,Java_none_Java_low_results.csv
204,179,2,none,low,369.0,0.9634464751958224,Java_none_Java_low_results.csv
204,176,2,none,low,494.0,0.98015873015873,Java_none_Java_low_results.csv
204,182,2,none,low,385.0,0.9625,Java_none_Java_low_results.csv
211,27,2,none,low,268.0,0.9054054054054054,Java_none_Java_low_results.csv
211,35,2,none,low,243.0,0.8209459459459459,Java_none_Java_low_results.csv
211,29,2,none,low,281.0,0.9493243243243245,Java_none_Java_low_results.csv
211,34,2,none,low,276.0,0.9324324324324323,Java_none_Java_low_results.csv
211,37,2,none,low,249.0,0.8412162162162162,Java_none_Java_low_results.csv
211,13,2,none,low,269.0,0.9087837837837838,Java_none_Java_low_results.csv
211,31,2,none,low,244.0,0.8243243243243243,Java_none_Java_low_results.csv
211,21,2,none,low,300.0,0.946372239747634,Java_none_Java_low_results.csv
211,56,2,none,low,276.0,0.9324324324324323,Java_none_Java_low_results.csv
211,65,2,none,low,280.0,0.945945945945946,Java_none_Java_low_results.csv
211,41,2,none,low,288.0,0.9056603773584906,Java_none_Java_low_results.csv
211,71,2,none,low,269.0,0.9087837837837838,Java_none_Java_low_results.csv
211,43,2,none,low,281.0,0.9493243243243245,Java_none_Java_low_results.csv
211,44,2,none,low,290.0,0.9797297297297296,Java_none_Java_low_results.csv
211,63,2,none,low,275.0,0.929054054054054,Java_none_Java_low_results.csv
211,67,2,none,low,254.0,0.8581081081081081,Java_none_Java_low_results.csv
211,74,2,none,low,262.0,0.8851351351351351,Java_none_Java_low_results.csv
211,60,2,none,low,292.0,0.954248366013072,Java_none_Java_low_results.csv
211,78,2,none,low,266.0,0.8986486486486487,Java_none_Java_low_results.csv
211,94,2,none,low,262.0,0.8851351351351351,Java_none_Java_low_results.csv
211,101,2,none,low,257.0,0.8682432432432432,Java_none_Java_low_results.csv
211,99,2,none,low,240.0,0.8108108108108109,Java_none_Java_low_results.csv
211,107,2,none,low,256.0,0.8648648648648649,Java_none_Java_low_results.csv
211,79,2,none,low,288.0,0.9290322580645162,Java_none_Java_low_results.csv
211,104,2,none,low,278.0,0.9391891891891893,Java_none_Java_low_results.csv
211,77,2,none,low,348.0,0.8946015424164524,Java_none_Java_low_results.csv
211,128,2,none,low,251.0,0.847972972972973,Java_none_Java_low_results.csv
211,64,2,none,low,557.0,0.9408783783783784,Java_none_Java_low_results.csv
211,138,2,none,low,253.0,0.8547297297297297,Java_none_Java_low_results.csv
211,124,2,none,low,284.0,0.9594594594594594,Java_none_Java_low_results.csv
211,126,2,none,low,313.0,0.9811912225705328,Java_none_Java_low_results.csv
211,140,2,none,low,269.0,0.9087837837837838,Java_none_Java_low_results.csv
211,172,2,none,low,269.0,0.9087837837837838,Java_none_Java_low_results.csv
211,162,2,none,low,271.0,0.9155405405405406,Java_none_Java_low_results.csv
211,180,2,none,low,268.0,0.9054054054054054,Java_none_Java_low_results.csv
211,164,2,none,low,276.0,0.9324324324324323,Java_none_Java_low_results.csv
211,132,2,none,low,382.0,0.9339853300733496,Java_none_Java_low_results.csv
216,13,2,none,low,245.0,0.9607843137254902,Java_none_Java_low_results.csv
216,27,2,none,low,87.0,0.87,Java_none_Java_low_results.csv
216,21,2,none,low,298.0,0.94006309148265,Java_none_Java_low_results.csv
211,200,2,none,low,270.0,0.9121621621621622,Java_none_Java_low_results.csv
211,186,2,none,low,232.0,0.7837837837837838,Java_none_Java_low_results.csv
216,29,2,none,low,168.0,0.918032786885246,Java_none_Java_low_results.csv
211,179,2,none,low,350.0,0.9138381201044388,Java_none_Java_low_results.csv
211,183,2,none,low,280.0,0.945945945945946,Java_none_Java_low_results.csv
216,34,2,none,low,178.0,0.8725490196078431,Java_none_Java_low_results.csv
216,35,2,none,low,161.0,0.9415204678362572,Java_none_Java_low_results.csv
216,31,2,none,low,266.0,0.953405017921147,Java_none_Java_low_results.csv
216,37,2,none,low,196.0,0.8990825688073395,Java_none_Java_low_results.csv
211,182,2,none,low,378.0,0.945,Java_none_Java_low_results.csv
211,176,2,none,low,432.0,0.8571428571428571,Java_none_Java_low_results.csv
216,56,2,none,low,123.0,0.8424657534246576,Java_none_Java_low_results.csv
216,43,2,none,low,253.0,0.8724137931034482,Java_none_Java_low_results.csv
216,65,2,none,low,93.0,0.93,Java_none_Java_low_results.csv
216,41,2,none,low,306.0,0.9622641509433962,Java_none_Java_low_results.csv
216,71,2,none,low,97.0,0.97,Java_none_Java_low_results.csv
216,44,2,none,low,259.0,0.8839590443686007,Java_none_Java_low_results.csv
216,74,2,none,low,97.0,0.97,Java_none_Java_low_results.csv
216,67,2,none,low,151.0,0.961783439490446,Java_none_Java_low_results.csv
216,63,2,none,low,226.0,0.8692307692307693,Java_none_Java_low_results.csv
216,60,2,none,low,273.0,0.8921568627450981,Java_none_Java_low_results.csv
216,78,2,none,low,90.0,0.9,Java_none_Java_low_results.csv
216,94,2,none,low,123.0,0.946153846153846,Java_none_Java_low_results.csv
216,99,2,none,low,164.0,0.9479768786127168,Java_none_Java_low_results.csv
216,101,2,none,low,150.0,0.9493670886075948,Java_none_Java_low_results.csv
216,77,2,none,low,352.0,0.9048843187660668,Java_none_Java_low_results.csv
216,79,2,none,low,269.0,0.867741935483871,Java_none_Java_low_results.csv
216,107,2,none,low,195.0,0.9375,Java_none_Java_low_results.csv
216,64,2,none,low,547.0,0.9239864864864864,Java_none_Java_low_results.csv
216,104,2,none,low,266.0,0.9366197183098592,Java_none_Java_low_results.csv
216,128,2,none,low,228.0,0.9382716049382716,Java_none_Java_low_results.csv
216,124,2,none,low,256.0,0.8982456140350877,Java_none_Java_low_results.csv
216,138,2,none,low,149.0,0.9254658385093169,Java_none_Java_low_results.csv
216,126,2,none,low,289.0,0.9059561128526644,Java_none_Java_low_results.csv
216,164,2,none,low,211.0,0.8978723404255319,Java_none_Java_low_results.csv
216,140,2,none,low,188.0,0.8468468468468469,Java_none_Java_low_results.csv
216,162,2,none,low,250.0,0.946969696969697,Java_none_Java_low_results.csv
216,132,2,none,low,391.0,0.9559902200488998,Java_none_Java_low_results.csv
216,172,2,none,low,160.0,0.9195402298850576,Java_none_Java_low_results.csv
216,180,2,none,low,141.0,0.8924050632911392,Java_none_Java_low_results.csv
216,200,2,none,low,154.0,0.8700564971751412,Java_none_Java_low_results.csv
216,186,2,none,low,219.0,0.9563318777292577,Java_none_Java_low_results.csv
216,183,2,none,low,257.0,0.9178571428571428,Java_none_Java_low_results.csv
216,179,2,none,low,342.0,0.8929503916449086,Java_none_Java_low_results.csv
216,182,2,none,low,362.0,0.905,Java_none_Java_low_results.csv
216,176,2,none,low,486.0,0.9642857142857144,Java_none_Java_low_results.csv
3,17,2,none,medium,206.0,0.9406392694063926,Java_none_Java_medium_results.csv
3,18,2,none,medium,271.0,0.8973509933774835,Java_none_Java_medium_results.csv
3,61,2,none,medium,189.0,0.9043062200956936,Java_none_Java_medium_results.csv
3,6,2,none,medium,172.0,0.945054945054945,Java_none_Java_medium_results.csv
3,20,2,none,medium,196.0,0.9751243781094528,Java_none_Java_medium_results.csv
3,24,2,none,medium,192.0,0.9230769230769232,Java_none_Java_medium_results.csv
3,51,2,none,medium,155.0,0.8516483516483516,Java_none_Java_medium_results.csv
3,40,2,none,medium,180.0,0.989010989010989,Java_none_Java_medium_results.csv
3,55,2,none,medium,356.0,0.9151670951156812,Java_none_Java_medium_results.csv
3,53,2,none,medium,174.0,0.956043956043956,Java_none_Java_medium_results.csv
3,84,2,none,medium,228.0,0.9083665338645418,Java_none_Java_medium_results.csv
3,14,2,none,medium,172.0,0.945054945054945,Java_none_Java_medium_results.csv
3,62,2,none,medium,173.0,0.9505494505494504,Java_none_Java_medium_results.csv
3,81,2,none,medium,268.0,0.8673139158576052,Java_none_Java_medium_results.csv
3,32,2,none,medium,179.0,0.9835164835164836,Java_none_Java_medium_results.csv
3,66,2,none,medium,165.0,0.9065934065934066,Java_none_Java_medium_results.csv
3,16,2,none,medium,207.0,0.9627906976744186,Java_none_Java_medium_results.csv
3,83,2,none,medium,284.0,0.9073482428115016,Java_none_Java_medium_results.csv
3,33,2,none,medium,225.0,0.87890625,Java_none_Java_medium_results.csv
3,4,2,none,medium,195.0,0.9558823529411764,Java_none_Java_medium_results.csv
3,15,2,none,medium,182.0,1.0,Java_none_Java_medium_results.csv
3,89,2,none,medium,363.0,0.868421052631579,Java_none_Java_medium_results.csv
3,73,2,none,medium,288.0,0.8545994065281899,Java_none_Java_medium_results.csv
3,57,2,none,medium,166.0,0.912087912087912,Java_none_Java_medium_results.csv
3,72,2,none,medium,283.0,0.8654434250764526,Java_none_Java_medium_results.csv
3,58,2,none,medium,166.0,0.912087912087912,Java_none_Java_medium_results.csv
3,88,2,none,medium,173.0,0.9505494505494504,Java_none_Java_medium_results.csv
3,54,2,none,medium,160.0,0.8791208791208791,Java_none_Java_medium_results.csv
3,75,2,none,medium,246.0,0.8785714285714286,Java_none_Java_medium_results.csv
3,25,2,none,medium,343.0,0.947513812154696,Java_none_Java_medium_results.csv
3,91,2,none,medium,212.0,0.9464285714285714,Java_none_Java_medium_results.csv
3,42,2,none,medium,164.0,0.9010989010989012,Java_none_Java_medium_results.csv
3,50,2,none,medium,285.0,0.8769230769230769,Java_none_Java_medium_results.csv
3,108,2,none,medium,165.0,0.9065934065934066,Java_none_Java_medium_results.csv
3,105,2,none,medium,177.0,0.9725274725274724,Java_none_Java_medium_results.csv
3,125,2,none,medium,169.0,0.9285714285714286,Java_none_Java_medium_results.csv
3,115,2,none,medium,174.0,0.956043956043956,Java_none_Java_medium_results.csv
3,120,2,none,medium,215.0,0.9388646288209608,Java_none_Java_medium_results.csv
3,112,2,none,medium,211.0,0.9504504504504504,Java_none_Java_medium_results.csv
3,97,2,none,medium,246.0,0.8785714285714286,Java_none_Java_medium_results.csv
3,117,2,none,medium,222.0,0.9135802469135802,Java_none_Java_medium_results.csv
3,143,2,none,medium,162.0,0.8901098901098901,Java_none_Java_medium_results.csv
3,145,2,none,medium,179.0,0.9835164835164836,Java_none_Java_medium_results.csv
3,142,2,none,medium,210.0,0.9417040358744396,Java_none_Java_medium_results.csv
3,155,2,none,medium,190.0,0.9405940594059404,Java_none_Java_medium_results.csv
3,158,2,none,medium,194.0,0.955665024630542,Java_none_Java_medium_results.csv
3,135,2,none,medium,365.0,0.940721649484536,Java_none_Java_medium_results.csv
3,147,2,none,medium,268.0,0.9605734767025088,Java_none_Java_medium_results.csv
3,169,2,none,medium,172.0,0.945054945054945,Java_none_Java_medium_results.csv
3,190,2,none,medium,138.0,0.7582417582417582,Java_none_Java_medium_results.csv
3,185,2,none,medium,177.0,0.9725274725274724,Java_none_Java_medium_results.csv
3,171,2,none,medium,252.0,0.8936170212765957,Java_none_Java_medium_results.csv
3,151,2,none,medium,480.0,0.9448818897637796,Java_none_Java_medium_results.csv
3,191,2,none,medium,218.0,0.8825910931174089,Java_none_Java_medium_results.csv
3,168,2,none,medium,470.0,0.9475806451612904,Java_none_Java_medium_results.csv
3,203,2,none,medium,171.0,0.9395604395604396,Java_none_Java_medium_results.csv
3,192,2,none,medium,294.0,0.9545454545454546,Java_none_Java_medium_results.csv
3,197,2,none,medium,221.0,0.8735177865612648,Java_none_Java_medium_results.csv
3,210,2,none,medium,168.0,0.9230769230769232,Java_none_Java_medium_results.csv
3,212,2,none,medium,178.0,0.978021978021978,Java_none_Java_medium_results.csv
3,206,2,none,medium,222.0,0.8314606741573034,Java_none_Java_medium_results.csv
3,194,2,none,medium,484.0,0.950884086444008,Java_none_Java_medium_results.csv
5,6,2,none,medium,163.0,0.8716577540106952,Java_none_Java_medium_results.csv
3,207,2,none,medium,299.0,0.9088145896656536,Java_none_Java_medium_results.csv
3,215,2,none,medium,212.0,0.8217054263565892,Java_none_Java_medium_results.csv
3,202,2,none,medium,510.0,0.8762886597938144,Java_none_Java_medium_results.csv
3,214,2,none,medium,273.0,0.9578947368421052,Java_none_Java_medium_results.csv
5,4,2,none,medium,193.0,0.946078431372549,Java_none_Java_medium_results.csv
5,14,2,none,medium,168.0,0.8983957219251337,Java_none_Java_medium_results.csv
5,15,2,none,medium,173.0,0.9251336898395722,Java_none_Java_medium_results.csv
5,32,2,none,medium,161.0,0.8609625668449198,Java_none_Java_medium_results.csv
5,17,2,none,medium,198.0,0.9041095890410958,Java_none_Java_medium_results.csv
5,16,2,none,medium,192.0,0.8930232558139535,Java_none_Java_medium_results.csv
5,20,2,none,medium,197.0,0.9800995024875622,Java_none_Java_medium_results.csv
5,24,2,none,medium,191.0,0.9182692307692308,Java_none_Java_medium_results.csv
5,18,2,none,medium,266.0,0.8807947019867549,Java_none_Java_medium_results.csv
5,42,2,none,medium,174.0,0.93048128342246,Java_none_Java_medium_results.csv
5,51,2,none,medium,174.0,0.93048128342246,Java_none_Java_medium_results.csv
5,40,2,none,medium,173.0,0.9251336898395722,Java_none_Java_medium_results.csv
5,33,2,none,medium,234.0,0.9140625,Java_none_Java_medium_results.csv
5,25,2,none,medium,315.0,0.8701657458563536,Java_none_Java_medium_results.csv
5,54,2,none,medium,176.0,0.9411764705882352,Java_none_Java_medium_results.csv
5,53,2,none,medium,172.0,0.9197860962566844,Java_none_Java_medium_results.csv
5,57,2,none,medium,171.0,0.9144385026737968,Java_none_Java_medium_results.csv
5,66,2,none,medium,182.0,0.9732620320855616,Java_none_Java_medium_results.csv
5,58,2,none,medium,173.0,0.9251336898395722,Java_none_Java_medium_results.csv
5,62,2,none,medium,169.0,0.9037433155080212,Java_none_Java_medium_results.csv
5,50,2,none,medium,313.0,0.963076923076923,Java_none_Java_medium_results.csv
5,61,2,none,medium,194.0,0.9282296650717704,Java_none_Java_medium_results.csv
5,88,2,none,medium,165.0,0.8823529411764706,Java_none_Java_medium_results.csv
5,55,2,none,medium,337.0,0.8663239074550129,Java_none_Java_medium_results.csv
5,73,2,none,medium,308.0,0.913946587537092,Java_none_Java_medium_results.csv
5,72,2,none,medium,311.0,0.9510703363914372,Java_none_Java_medium_results.csv
5,75,2,none,medium,266.0,0.95,Java_none_Java_medium_results.csv
5,84,2,none,medium,229.0,0.9123505976095616,Java_none_Java_medium_results.csv
5,81,2,none,medium,273.0,0.883495145631068,Java_none_Java_medium_results.csv
5,83,2,none,medium,283.0,0.9041533546325878,Java_none_Java_medium_results.csv
5,108,2,none,medium,176.0,0.9411764705882352,Java_none_Java_medium_results.csv
5,91,2,none,medium,208.0,0.9285714285714286,Java_none_Java_medium_results.csv
5,105,2,none,medium,167.0,0.893048128342246,Java_none_Java_medium_results.csv
5,115,2,none,medium,166.0,0.8877005347593583,Java_none_Java_medium_results.csv
5,97,2,none,medium,251.0,0.8964285714285715,Java_none_Java_medium_results.csv
5,125,2,none,medium,168.0,0.8983957219251337,Java_none_Java_medium_results.csv
5,112,2,none,medium,204.0,0.918918918918919,Java_none_Java_medium_results.csv
5,89,2,none,medium,387.0,0.9258373205741628,Java_none_Java_medium_results.csv
5,120,2,none,medium,203.0,0.8864628820960698,Java_none_Java_medium_results.csv
5,117,2,none,medium,217.0,0.8930041152263375,Java_none_Java_medium_results.csv
5,143,2,none,medium,179.0,0.9572192513368984,Java_none_Java_medium_results.csv
5,145,2,none,medium,186.0,0.9946524064171124,Java_none_Java_medium_results.csv
5,142,2,none,medium,207.0,0.9282511210762332,Java_none_Java_medium_results.csv
5,155,2,none,medium,188.0,0.9306930693069309,Java_none_Java_medium_results.csv
5,135,2,none,medium,350.0,0.9020618556701032,Java_none_Java_medium_results.csv
5,158,2,none,medium,178.0,0.8768472906403941,Java_none_Java_medium_results.csv
5,147,2,none,medium,247.0,0.8853046594982079,Java_none_Java_medium_results.csv
5,169,2,none,medium,166.0,0.8877005347593583,Java_none_Java_medium_results.csv
5,190,2,none,medium,172.0,0.9197860962566844,Java_none_Java_medium_results.csv
5,185,2,none,medium,155.0,0.8288770053475936,Java_none_Java_medium_results.csv
5,171,2,none,medium,263.0,0.9326241134751772,Java_none_Java_medium_results.csv
5,191,2,none,medium,226.0,0.9149797570850202,Java_none_Java_medium_results.csv
5,151,2,none,medium,447.0,0.8799212598425197,Java_none_Java_medium_results.csv
5,168,2,none,medium,455.0,0.9173387096774194,Java_none_Java_medium_results.csv
5,203,2,none,medium,168.0,0.8983957219251337,Java_none_Java_medium_results.csv
5,192,2,none,medium,276.0,0.8961038961038961,Java_none_Java_medium_results.csv
5,197,2,none,medium,213.0,0.841897233201581,Java_none_Java_medium_results.csv
5,210,2,none,medium,171.0,0.9144385026737968,Java_none_Java_medium_results.csv
5,212,2,none,medium,167.0,0.893048128342246,Java_none_Java_medium_results.csv
5,206,2,none,medium,248.0,0.9288389513108616,Java_none_Java_medium_results.csv
5,194,2,none,medium,458.0,0.899803536345776,Java_none_Java_medium_results.csv
5,215,2,none,medium,240.0,0.9302325581395348,Java_none_Java_medium_results.csv
5,214,2,none,medium,251.0,0.8807017543859649,Java_none_Java_medium_results.csv
5,207,2,none,medium,298.0,0.905775075987842,Java_none_Java_medium_results.csv
5,202,2,none,medium,543.0,0.9329896907216496,Java_none_Java_medium_results.csv
12,6,2,none,medium,353.0,0.9289473684210526,Java_none_Java_medium_results.csv
12,4,2,none,medium,340.0,0.8947368421052632,Java_none_Java_medium_results.csv
12,14,2,none,medium,353.0,0.9289473684210526,Java_none_Java_medium_results.csv
12,15,2,none,medium,346.0,0.9105263157894736,Java_none_Java_medium_results.csv
12,16,2,none,medium,349.0,0.9184210526315788,Java_none_Java_medium_results.csv
12,17,2,none,medium,345.0,0.9078947368421052,Java_none_Java_medium_results.csv
12,20,2,none,medium,353.0,0.9289473684210526,Java_none_Java_medium_results.csv
12,32,2,none,medium,357.0,0.9394736842105263,Java_none_Java_medium_results.csv
12,24,2,none,medium,320.0,0.8421052631578947,Java_none_Java_medium_results.csv
12,18,2,none,medium,337.0,0.8868421052631579,Java_none_Java_medium_results.csv
12,42,2,none,medium,336.0,0.8842105263157894,Java_none_Java_medium_results.csv
12,51,2,none,medium,338.0,0.8894736842105263,Java_none_Java_medium_results.csv
12,33,2,none,medium,333.0,0.8763157894736842,Java_none_Java_medium_results.csv
12,40,2,none,medium,354.0,0.9315789473684212,Java_none_Java_medium_results.csv
12,57,2,none,medium,353.0,0.9289473684210526,Java_none_Java_medium_results.csv
12,25,2,none,medium,367.0,0.9657894736842104,Java_none_Java_medium_results.csv
12,54,2,none,medium,308.0,0.8105263157894737,Java_none_Java_medium_results.csv
12,53,2,none,medium,356.0,0.936842105263158,Java_none_Java_medium_results.csv
12,66,2,none,medium,353.0,0.9289473684210526,Java_none_Java_medium_results.csv
12,58,2,none,medium,318.0,0.8368421052631579,Java_none_Java_medium_results.csv
12,50,2,none,medium,357.0,0.9394736842105263,Java_none_Java_medium_results.csv
12,61,2,none,medium,322.0,0.8473684210526315,Java_none_Java_medium_results.csv
12,62,2,none,medium,351.0,0.9236842105263158,Java_none_Java_medium_results.csv
12,88,2,none,medium,369.0,0.9710526315789474,Java_none_Java_medium_results.csv
12,55,2,none,medium,373.0,0.9588688946015425,Java_none_Java_medium_results.csv
12,72,2,none,medium,341.0,0.8973684210526316,Java_none_Java_medium_results.csv
12,75,2,none,medium,324.0,0.8526315789473684,Java_none_Java_medium_results.csv
12,73,2,none,medium,335.0,0.881578947368421,Java_none_Java_medium_results.csv
12,84,2,none,medium,328.0,0.8631578947368421,Java_none_Java_medium_results.csv
12,81,2,none,medium,328.0,0.8631578947368421,Java_none_Java_medium_results.csv
12,83,2,none,medium,349.0,0.9184210526315788,Java_none_Java_medium_results.csv
12,108,2,none,medium,349.0,0.9184210526315788,Java_none_Java_medium_results.csv
12,105,2,none,medium,359.0,0.9447368421052632,Java_none_Java_medium_results.csv
12,91,2,none,medium,323.0,0.85,Java_none_Java_medium_results.csv
12,115,2,none,medium,354.0,0.9315789473684212,Java_none_Java_medium_results.csv
12,125,2,none,medium,355.0,0.9342105263157896,Java_none_Java_medium_results.csv
12,97,2,none,medium,349.0,0.9184210526315788,Java_none_Java_medium_results.csv
12,112,2,none,medium,358.0,0.9421052631578948,Java_none_Java_medium_results.csv
12,89,2,none,medium,346.0,0.8277511961722488,Java_none_Java_medium_results.csv
12,117,2,none,medium,329.0,0.8657894736842106,Java_none_Java_medium_results.csv
12,120,2,none,medium,348.0,0.9157894736842104,Java_none_Java_medium_results.csv
12,143,2,none,medium,325.0,0.8552631578947368,Java_none_Java_medium_results.csv
12,142,2,none,medium,325.0,0.8552631578947368,Java_none_Java_medium_results.csv
12,145,2,none,medium,350.0,0.9210526315789472,Java_none_Java_medium_results.csv
12,147,2,none,medium,352.0,0.9263157894736842,Java_none_Java_medium_results.csv
12,155,2,none,medium,325.0,0.8552631578947368,Java_none_Java_medium_results.csv
12,158,2,none,medium,342.0,0.9,Java_none_Java_medium_results.csv
12,169,2,none,medium,320.0,0.8421052631578947,Java_none_Java_medium_results.csv
12,135,2,none,medium,380.0,0.979381443298969,Java_none_Java_medium_results.csv
12,190,2,none,medium,324.0,0.8526315789473684,Java_none_Java_medium_results.csv
12,185,2,none,medium,355.0,0.9342105263157896,Java_none_Java_medium_results.csv
12,171,2,none,medium,342.0,0.9,Java_none_Java_medium_results.csv
12,191,2,none,medium,313.0,0.8236842105263158,Java_none_Java_medium_results.csv
12,151,2,none,medium,478.0,0.9409448818897638,Java_none_Java_medium_results.csv
12,203,2,none,medium,356.0,0.936842105263158,Java_none_Java_medium_results.csv
12,192,2,none,medium,366.0,0.963157894736842,Java_none_Java_medium_results.csv
12,168,2,none,medium,470.0,0.9475806451612904,Java_none_Java_medium_results.csv
12,197,2,none,medium,321.0,0.8447368421052631,Java_none_Java_medium_results.csv
12,210,2,none,medium,326.0,0.8578947368421053,Java_none_Java_medium_results.csv
12,212,2,none,medium,358.0,0.9421052631578948,Java_none_Java_medium_results.csv
12,206,2,none,medium,298.0,0.7842105263157895,Java_none_Java_medium_results.csv
12,194,2,none,medium,483.0,0.948919449901768,Java_none_Java_medium_results.csv
28,4,2,none,medium,250.0,0.8960573476702509,Java_none_Java_medium_results.csv
12,207,2,none,medium,344.0,0.9052631578947368,Java_none_Java_medium_results.csv
28,6,2,none,medium,246.0,0.8817204301075269,Java_none_Java_medium_results.csv
12,214,2,none,medium,356.0,0.936842105263158,Java_none_Java_medium_results.csv
12,215,2,none,medium,320.0,0.8421052631578947,Java_none_Java_medium_results.csv
28,14,2,none,medium,258.0,0.9247311827956988,Java_none_Java_medium_results.csv
28,15,2,none,medium,227.0,0.8136200716845878,Java_none_Java_medium_results.csv
12,202,2,none,medium,490.0,0.8419243986254296,Java_none_Java_medium_results.csv
28,16,2,none,medium,252.0,0.9032258064516128,Java_none_Java_medium_results.csv
28,17,2,none,medium,247.0,0.8853046594982079,Java_none_Java_medium_results.csv
28,20,2,none,medium,264.0,0.946236559139785,Java_none_Java_medium_results.csv
28,24,2,none,medium,258.0,0.9247311827956988,Java_none_Java_medium_results.csv
28,18,2,none,medium,278.0,0.9205298013245032,Java_none_Java_medium_results.csv
28,32,2,none,medium,238.0,0.8530465949820788,Java_none_Java_medium_results.csv
28,42,2,none,medium,259.0,0.92831541218638,Java_none_Java_medium_results.csv
28,51,2,none,medium,263.0,0.942652329749104,Java_none_Java_medium_results.csv
28,40,2,none,medium,252.0,0.9032258064516128,Java_none_Java_medium_results.csv
28,57,2,none,medium,255.0,0.913978494623656,Java_none_Java_medium_results.csv
28,25,2,none,medium,320.0,0.8839779005524862,Java_none_Java_medium_results.csv
28,33,2,none,medium,256.0,0.9175627240143368,Java_none_Java_medium_results.csv
28,54,2,none,medium,259.0,0.92831541218638,Java_none_Java_medium_results.csv
28,53,2,none,medium,248.0,0.8888888888888888,Java_none_Java_medium_results.csv
28,58,2,none,medium,258.0,0.9247311827956988,Java_none_Java_medium_results.csv
28,66,2,none,medium,270.0,0.967741935483871,Java_none_Java_medium_results.csv
28,50,2,none,medium,310.0,0.953846153846154,Java_none_Java_medium_results.csv
28,62,2,none,medium,245.0,0.8781362007168458,Java_none_Java_medium_results.csv
28,61,2,none,medium,263.0,0.942652329749104,Java_none_Java_medium_results.csv
28,55,2,none,medium,349.0,0.897172236503856,Java_none_Java_medium_results.csv
28,88,2,none,medium,263.0,0.942652329749104,Java_none_Java_medium_results.csv
28,72,2,none,medium,306.0,0.9357798165137616,Java_none_Java_medium_results.csv
28,75,2,none,medium,274.0,0.9785714285714284,Java_none_Java_medium_results.csv
28,81,2,none,medium,291.0,0.941747572815534,Java_none_Java_medium_results.csv
28,73,2,none,medium,312.0,0.9258160237388724,Java_none_Java_medium_results.csv
28,84,2,none,medium,261.0,0.935483870967742,Java_none_Java_medium_results.csv
28,83,2,none,medium,298.0,0.952076677316294,Java_none_Java_medium_results.csv
28,108,2,none,medium,263.0,0.942652329749104,Java_none_Java_medium_results.csv
28,91,2,none,medium,261.0,0.935483870967742,Java_none_Java_medium_results.csv
28,105,2,none,medium,254.0,0.910394265232975,Java_none_Java_medium_results.csv
28,115,2,none,medium,254.0,0.910394265232975,Java_none_Java_medium_results.csv
28,112,2,none,medium,251.0,0.899641577060932,Java_none_Java_medium_results.csv
28,125,2,none,medium,251.0,0.899641577060932,Java_none_Java_medium_results.csv
28,117,2,none,medium,263.0,0.942652329749104,Java_none_Java_medium_results.csv
28,97,2,none,medium,269.0,0.9607142857142856,Java_none_Java_medium_results.csv
28,120,2,none,medium,240.0,0.8602150537634409,Java_none_Java_medium_results.csv
28,89,2,none,medium,391.0,0.9354066985645934,Java_none_Java_medium_results.csv
28,143,2,none,medium,261.0,0.935483870967742,Java_none_Java_medium_results.csv
28,142,2,none,medium,258.0,0.9247311827956988,Java_none_Java_medium_results.csv
28,145,2,none,medium,262.0,0.9390681003584228,Java_none_Java_medium_results.csv
28,155,2,none,medium,259.0,0.92831541218638,Java_none_Java_medium_results.csv
28,135,2,none,medium,357.0,0.9201030927835052,Java_none_Java_medium_results.csv
28,147,2,none,medium,265.0,0.949820788530466,Java_none_Java_medium_results.csv
28,158,2,none,medium,237.0,0.8494623655913979,Java_none_Java_medium_results.csv
28,169,2,none,medium,250.0,0.8960573476702509,Java_none_Java_medium_results.csv
28,190,2,none,medium,256.0,0.9175627240143368,Java_none_Java_medium_results.csv
28,185,2,none,medium,241.0,0.8637992831541219,Java_none_Java_medium_results.csv
28,171,2,none,medium,265.0,0.9397163120567376,Java_none_Java_medium_results.csv
28,191,2,none,medium,263.0,0.942652329749104,Java_none_Java_medium_results.csv
28,151,2,none,medium,430.0,0.8464566929133859,Java_none_Java_medium_results.csv
28,203,2,none,medium,257.0,0.921146953405018,Java_none_Java_medium_results.csv
28,192,2,none,medium,281.0,0.9123376623376624,Java_none_Java_medium_results.csv
28,197,2,none,medium,257.0,0.921146953405018,Java_none_Java_medium_results.csv
28,168,2,none,medium,463.0,0.933467741935484,Java_none_Java_medium_results.csv
28,210,2,none,medium,257.0,0.921146953405018,Java_none_Java_medium_results.csv
28,206,2,none,medium,270.0,0.967741935483871,Java_none_Java_medium_results.csv
28,212,2,none,medium,254.0,0.910394265232975,Java_none_Java_medium_results.csv
28,194,2,none,medium,452.0,0.888015717092338,Java_none_Java_medium_results.csv
30,4,2,none,medium,182.0,0.8921568627450981,Java_none_Java_medium_results.csv
30,6,2,none,medium,121.0,0.8962962962962963,Java_none_Java_medium_results.csv
30,14,2,none,medium,145.0,0.9235668789808916,Java_none_Java_medium_results.csv
28,215,2,none,medium,268.0,0.9605734767025088,Java_none_Java_medium_results.csv
28,214,2,none,medium,274.0,0.9614035087719298,Java_none_Java_medium_results.csv
28,207,2,none,medium,310.0,0.9422492401215804,Java_none_Java_medium_results.csv
30,15,2,none,medium,168.0,0.9281767955801103,Java_none_Java_medium_results.csv
30,16,2,none,medium,204.0,0.9488372093023256,Java_none_Java_medium_results.csv
28,202,2,none,medium,550.0,0.9450171821305842,Java_none_Java_medium_results.csv
30,17,2,none,medium,204.0,0.9315068493150684,Java_none_Java_medium_results.csv
30,20,2,none,medium,190.0,0.945273631840796,Java_none_Java_medium_results.csv
30,24,2,none,medium,182.0,0.875,Java_none_Java_medium_results.csv
30,32,2,none,medium,134.0,0.9571428571428572,Java_none_Java_medium_results.csv
30,18,2,none,medium,267.0,0.8841059602649006,Java_none_Java_medium_results.csv
30,42,2,none,medium,115.0,0.8518518518518519,Java_none_Java_medium_results.csv
30,40,2,none,medium,167.0,0.9382022471910112,Java_none_Java_medium_results.csv
30,51,2,none,medium,109.0,0.8074074074074075,Java_none_Java_medium_results.csv
30,25,2,none,medium,335.0,0.925414364640884,Java_none_Java_medium_results.csv
30,33,2,none,medium,216.0,0.84375,Java_none_Java_medium_results.csv
30,57,2,none,medium,124.0,0.9185185185185184,Java_none_Java_medium_results.csv
30,54,2,none,medium,113.0,0.7793103448275862,Java_none_Java_medium_results.csv
30,53,2,none,medium,161.0,0.930635838150289,Java_none_Java_medium_results.csv
30,66,2,none,medium,122.0,0.9037037037037036,Java_none_Java_medium_results.csv
30,58,2,none,medium,124.0,0.8,Java_none_Java_medium_results.csv
30,62,2,none,medium,131.0,0.9562043795620438,Java_none_Java_medium_results.csv
30,50,2,none,medium,304.0,0.9353846153846154,Java_none_Java_medium_results.csv
30,61,2,none,medium,168.0,0.8038277511961722,Java_none_Java_medium_results.csv
30,55,2,none,medium,357.0,0.9177377892030848,Java_none_Java_medium_results.csv
30,88,2,none,medium,127.0,0.9407407407407408,Java_none_Java_medium_results.csv
30,72,2,none,medium,279.0,0.8532110091743119,Java_none_Java_medium_results.csv
30,81,2,none,medium,261.0,0.8446601941747572,Java_none_Java_medium_results.csv
30,84,2,none,medium,211.0,0.8406374501992032,Java_none_Java_medium_results.csv
30,75,2,none,medium,249.0,0.8892857142857142,Java_none_Java_medium_results.csv
30,73,2,none,medium,281.0,0.8338278931750742,Java_none_Java_medium_results.csv
30,83,2,none,medium,283.0,0.9041533546325878,Java_none_Java_medium_results.csv
30,108,2,none,medium,113.0,0.837037037037037,Java_none_Java_medium_results.csv
30,105,2,none,medium,135.0,0.9926470588235294,Java_none_Java_medium_results.csv
30,91,2,none,medium,180.0,0.8035714285714286,Java_none_Java_medium_results.csv
30,115,2,none,medium,138.0,0.9583333333333334,Java_none_Java_medium_results.csv
30,112,2,none,medium,211.0,0.9504504504504504,Java_none_Java_medium_results.csv
30,97,2,none,medium,242.0,0.8642857142857143,Java_none_Java_medium_results.csv
30,125,2,none,medium,122.0,0.9037037037037036,Java_none_Java_medium_results.csv
30,89,2,none,medium,372.0,0.8899521531100478,Java_none_Java_medium_results.csv
30,117,2,none,medium,206.0,0.8477366255144033,Java_none_Java_medium_results.csv
30,120,2,none,medium,206.0,0.8995633187772926,Java_none_Java_medium_results.csv
30,143,2,none,medium,118.0,0.8740740740740741,Java_none_Java_medium_results.csv
30,142,2,none,medium,190.0,0.852017937219731,Java_none_Java_medium_results.csv
30,145,2,none,medium,162.0,0.8901098901098901,Java_none_Java_medium_results.csv
30,155,2,none,medium,165.0,0.8168316831683168,Java_none_Java_medium_results.csv
30,158,2,none,medium,184.0,0.9064039408866996,Java_none_Java_medium_results.csv
30,169,2,none,medium,136.0,0.85,Java_none_Java_medium_results.csv
30,135,2,none,medium,366.0,0.9432989690721648,Java_none_Java_medium_results.csv
30,147,2,none,medium,262.0,0.9390681003584228,Java_none_Java_medium_results.csv
30,190,2,none,medium,108.0,0.8,Java_none_Java_medium_results.csv
30,185,2,none,medium,126.0,0.9333333333333332,Java_none_Java_medium_results.csv
30,171,2,none,medium,246.0,0.8723404255319149,Java_none_Java_medium_results.csv
30,151,2,none,medium,468.0,0.9212598425196852,Java_none_Java_medium_results.csv
30,191,2,none,medium,200.0,0.8097165991902834,Java_none_Java_medium_results.csv
30,168,2,none,medium,474.0,0.9556451612903226,Java_none_Java_medium_results.csv
30,203,2,none,medium,122.0,0.9037037037037036,Java_none_Java_medium_results.csv
30,192,2,none,medium,295.0,0.9577922077922078,Java_none_Java_medium_results.csv
30,197,2,none,medium,216.0,0.8537549407114624,Java_none_Java_medium_results.csv
30,210,2,none,medium,127.0,0.9202898550724636,Java_none_Java_medium_results.csv
30,212,2,none,medium,157.0,0.9691358024691358,Java_none_Java_medium_results.csv
30,206,2,none,medium,216.0,0.8089887640449438,Java_none_Java_medium_results.csv
30,194,2,none,medium,483.0,0.948919449901768,Java_none_Java_medium_results.csv
36,6,2,none,medium,116.0,0.90625,Java_none_Java_medium_results.csv
36,4,2,none,medium,160.0,0.7843137254901961,Java_none_Java_medium_results.csv
30,214,2,none,medium,275.0,0.9649122807017544,Java_none_Java_medium_results.csv
30,207,2,none,medium,288.0,0.8753799392097265,Java_none_Java_medium_results.csv
36,14,2,none,medium,135.0,0.8598726114649682,Java_none_Java_medium_results.csv
30,202,2,none,medium,528.0,0.9072164948453608,Java_none_Java_medium_results.csv
30,215,2,none,medium,217.0,0.8410852713178295,Java_none_Java_medium_results.csv
36,15,2,none,medium,150.0,0.8287292817679558,Java_none_Java_medium_results.csv
36,16,2,none,medium,193.0,0.8976744186046511,Java_none_Java_medium_results.csv
36,17,2,none,medium,186.0,0.8493150684931506,Java_none_Java_medium_results.csv
36,32,2,none,medium,124.0,0.8857142857142857,Java_none_Java_medium_results.csv
36,20,2,none,medium,173.0,0.8606965174129353,Java_none_Java_medium_results.csv
36,24,2,none,medium,189.0,0.908653846153846,Java_none_Java_medium_results.csv
36,42,2,none,medium,107.0,0.9553571428571428,Java_none_Java_medium_results.csv
36,40,2,none,medium,162.0,0.9101123595505618,Java_none_Java_medium_results.csv
36,51,2,none,medium,88.0,0.9565217391304348,Java_none_Java_medium_results.csv
36,18,2,none,medium,279.0,0.9238410596026492,Java_none_Java_medium_results.csv
36,33,2,none,medium,236.0,0.921875,Java_none_Java_medium_results.csv
36,53,2,none,medium,160.0,0.9248554913294798,Java_none_Java_medium_results.csv
36,25,2,none,medium,328.0,0.9060773480662984,Java_none_Java_medium_results.csv
36,57,2,none,medium,80.0,0.8695652173913043,Java_none_Java_medium_results.csv
36,54,2,none,medium,130.0,0.896551724137931,Java_none_Java_medium_results.csv
36,66,2,none,medium,88.0,0.9565217391304348,Java_none_Java_medium_results.csv
36,58,2,none,medium,138.0,0.8903225806451613,Java_none_Java_medium_results.csv
36,50,2,none,medium,306.0,0.9415384615384615,Java_none_Java_medium_results.csv
36,62,2,none,medium,126.0,0.9197080291970804,Java_none_Java_medium_results.csv
36,61,2,none,medium,193.0,0.9234449760765552,Java_none_Java_medium_results.csv
36,55,2,none,medium,339.0,0.87146529562982,Java_none_Java_medium_results.csv
36,72,2,none,medium,303.0,0.926605504587156,Java_none_Java_medium_results.csv
36,88,2,none,medium,88.0,0.9565217391304348,Java_none_Java_medium_results.csv
36,75,2,none,medium,260.0,0.9285714285714286,Java_none_Java_medium_results.csv
36,81,2,none,medium,275.0,0.889967637540453,Java_none_Java_medium_results.csv
36,73,2,none,medium,313.0,0.9287833827893176,Java_none_Java_medium_results.csv
36,83,2,none,medium,291.0,0.9297124600638976,Java_none_Java_medium_results.csv
36,84,2,none,medium,233.0,0.9282868525896414,Java_none_Java_medium_results.csv
36,105,2,none,medium,124.0,0.9117647058823528,Java_none_Java_medium_results.csv
36,108,2,none,medium,87.0,0.9456521739130436,Java_none_Java_medium_results.csv
36,91,2,none,medium,209.0,0.9330357142857144,Java_none_Java_medium_results.csv
36,115,2,none,medium,130.0,0.9027777777777778,Java_none_Java_medium_results.csv
36,97,2,none,medium,261.0,0.9321428571428572,Java_none_Java_medium_results.csv
36,112,2,none,medium,212.0,0.954954954954955,Java_none_Java_medium_results.csv
36,125,2,none,medium,98.0,0.8909090909090909,Java_none_Java_medium_results.csv
36,89,2,none,medium,387.0,0.9258373205741628,Java_none_Java_medium_results.csv
36,117,2,none,medium,220.0,0.9053497942386832,Java_none_Java_medium_results.csv
36,143,2,none,medium,124.0,0.9393939393939394,Java_none_Java_medium_results.csv
36,120,2,none,medium,196.0,0.8558951965065502,Java_none_Java_medium_results.csv
36,142,2,none,medium,208.0,0.9327354260089686,Java_none_Java_medium_results.csv
36,145,2,none,medium,161.0,0.8846153846153846,Java_none_Java_medium_results.csv
36,147,2,none,medium,253.0,0.906810035842294,Java_none_Java_medium_results.csv
36,155,2,none,medium,187.0,0.9257425742574258,Java_none_Java_medium_results.csv
36,135,2,none,medium,361.0,0.9304123711340206,Java_none_Java_medium_results.csv
36,158,2,none,medium,172.0,0.8472906403940886,Java_none_Java_medium_results.csv
36,169,2,none,medium,143.0,0.89375,Java_none_Java_medium_results.csv
36,190,2,none,medium,88.0,0.9166666666666666,Java_none_Java_medium_results.csv
36,185,2,none,medium,108.0,0.8780487804878049,Java_none_Java_medium_results.csv
36,171,2,none,medium,260.0,0.9219858156028368,Java_none_Java_medium_results.csv
36,191,2,none,medium,223.0,0.902834008097166,Java_none_Java_medium_results.csv
36,151,2,none,medium,459.0,0.903543307086614,Java_none_Java_medium_results.csv
36,203,2,none,medium,95.0,0.9693877551020408,Java_none_Java_medium_results.csv
36,168,2,none,medium,461.0,0.9294354838709676,Java_none_Java_medium_results.csv
36,192,2,none,medium,281.0,0.9123376623376624,Java_none_Java_medium_results.csv
36,197,2,none,medium,231.0,0.9130434782608696,Java_none_Java_medium_results.csv
36,210,2,none,medium,123.0,0.8913043478260869,Java_none_Java_medium_results.csv
36,206,2,none,medium,242.0,0.906367041198502,Java_none_Java_medium_results.csv
36,212,2,none,medium,148.0,0.9135802469135802,Java_none_Java_medium_results.csv
36,194,2,none,medium,469.0,0.9214145383104124,Java_none_Java_medium_results.csv
36,207,2,none,medium,307.0,0.933130699088146,Java_none_Java_medium_results.csv
36,215,2,none,medium,236.0,0.9147286821705426,Java_none_Java_medium_results.csv
36,214,2,none,medium,265.0,0.9298245614035088,Java_none_Java_medium_results.csv
36,202,2,none,medium,555.0,0.9536082474226804,Java_none_Java_medium_results.csv
38,6,2,none,medium,204.0,0.9400921658986175,Java_none_Java_medium_results.csv
38,4,2,none,medium,207.0,0.9539170506912442,Java_none_Java_medium_results.csv
38,14,2,none,medium,204.0,0.9400921658986175,Java_none_Java_medium_results.csv
38,15,2,none,medium,208.0,0.9585253456221198,Java_none_Java_medium_results.csv
38,17,2,none,medium,211.0,0.9634703196347032,Java_none_Java_medium_results.csv
38,16,2,none,medium,214.0,0.9861751152073732,Java_none_Java_medium_results.csv
38,32,2,none,medium,199.0,0.9170506912442395,Java_none_Java_medium_results.csv
38,20,2,none,medium,205.0,0.9447004608294932,Java_none_Java_medium_results.csv
38,24,2,none,medium,210.0,0.967741935483871,Java_none_Java_medium_results.csv
38,18,2,none,medium,291.0,0.9635761589403974,Java_none_Java_medium_results.csv
38,42,2,none,medium,202.0,0.9308755760368664,Java_none_Java_medium_results.csv
38,51,2,none,medium,206.0,0.9493087557603688,Java_none_Java_medium_results.csv
38,40,2,none,medium,204.0,0.9400921658986175,Java_none_Java_medium_results.csv
38,33,2,none,medium,245.0,0.95703125,Java_none_Java_medium_results.csv
38,57,2,none,medium,198.0,0.912442396313364,Java_none_Java_medium_results.csv
38,54,2,none,medium,201.0,0.9262672811059908,Java_none_Java_medium_results.csv
38,25,2,none,medium,335.0,0.925414364640884,Java_none_Java_medium_results.csv
38,53,2,none,medium,198.0,0.912442396313364,Java_none_Java_medium_results.csv
38,58,2,none,medium,209.0,0.9631336405529954,Java_none_Java_medium_results.csv
38,66,2,none,medium,207.0,0.9539170506912442,Java_none_Java_medium_results.csv
38,50,2,none,medium,305.0,0.9384615384615383,Java_none_Java_medium_results.csv
38,61,2,none,medium,213.0,0.9815668202764976,Java_none_Java_medium_results.csv
38,62,2,none,medium,202.0,0.9308755760368664,Java_none_Java_medium_results.csv
38,88,2,none,medium,201.0,0.9262672811059908,Java_none_Java_medium_results.csv
38,55,2,none,medium,356.0,0.9151670951156812,Java_none_Java_medium_results.csv
38,75,2,none,medium,267.0,0.9535714285714286,Java_none_Java_medium_results.csv
38,72,2,none,medium,306.0,0.9357798165137616,Java_none_Java_medium_results.csv
38,81,2,none,medium,292.0,0.9449838187702264,Java_none_Java_medium_results.csv
38,73,2,none,medium,319.0,0.9465875370919882,Java_none_Java_medium_results.csv
38,83,2,none,medium,296.0,0.9456869009584664,Java_none_Java_medium_results.csv
38,84,2,none,medium,244.0,0.9721115537848606,Java_none_Java_medium_results.csv
38,108,2,none,medium,207.0,0.9539170506912442,Java_none_Java_medium_results.csv
38,105,2,none,medium,204.0,0.9400921658986175,Java_none_Java_medium_results.csv
38,91,2,none,medium,217.0,0.96875,Java_none_Java_medium_results.csv
38,115,2,none,medium,202.0,0.9308755760368664,Java_none_Java_medium_results.csv
38,125,2,none,medium,202.0,0.9308755760368664,Java_none_Java_medium_results.csv
38,97,2,none,medium,264.0,0.9428571428571428,Java_none_Java_medium_results.csv
38,112,2,none,medium,218.0,0.981981981981982,Java_none_Java_medium_results.csv
38,117,2,none,medium,228.0,0.9382716049382716,Java_none_Java_medium_results.csv
38,89,2,none,medium,402.0,0.9617224880382776,Java_none_Java_medium_results.csv
38,120,2,none,medium,220.0,0.960698689956332,Java_none_Java_medium_results.csv
38,143,2,none,medium,208.0,0.9585253456221198,Java_none_Java_medium_results.csv
38,142,2,none,medium,218.0,0.9775784753363228,Java_none_Java_medium_results.csv
38,145,2,none,medium,200.0,0.9216589861751152,Java_none_Java_medium_results.csv
38,155,2,none,medium,207.0,0.9539170506912442,Java_none_Java_medium_results.csv
38,158,2,none,medium,206.0,0.9493087557603688,Java_none_Java_medium_results.csv
38,147,2,none,medium,267.0,0.956989247311828,Java_none_Java_medium_results.csv
38,135,2,none,medium,360.0,0.9278350515463918,Java_none_Java_medium_results.csv
38,169,2,none,medium,202.0,0.9308755760368664,Java_none_Java_medium_results.csv
38,185,2,none,medium,207.0,0.9539170506912442,Java_none_Java_medium_results.csv
38,190,2,none,medium,200.0,0.9216589861751152,Java_none_Java_medium_results.csv
38,171,2,none,medium,268.0,0.950354609929078,Java_none_Java_medium_results.csv
38,151,2,none,medium,479.0,0.9429133858267716,Java_none_Java_medium_results.csv
38,191,2,none,medium,236.0,0.9554655870445344,Java_none_Java_medium_results.csv
38,203,2,none,medium,204.0,0.9400921658986175,Java_none_Java_medium_results.csv
38,168,2,none,medium,466.0,0.939516129032258,Java_none_Java_medium_results.csv
38,192,2,none,medium,287.0,0.9318181818181818,Java_none_Java_medium_results.csv
38,197,2,none,medium,244.0,0.9644268774703556,Java_none_Java_medium_results.csv
38,210,2,none,medium,208.0,0.9585253456221198,Java_none_Java_medium_results.csv
38,212,2,none,medium,198.0,0.912442396313364,Java_none_Java_medium_results.csv
38,206,2,none,medium,255.0,0.9550561797752808,Java_none_Java_medium_results.csv
38,194,2,none,medium,478.0,0.9390962671905696,Java_none_Java_medium_results.csv
38,215,2,none,medium,243.0,0.9418604651162792,Java_none_Java_medium_results.csv
38,207,2,none,medium,319.0,0.9696048632218844,Java_none_Java_medium_results.csv
38,214,2,none,medium,270.0,0.9473684210526316,Java_none_Java_medium_results.csv
59,6,2,none,medium,266.0,0.9432624113475178,Java_none_Java_medium_results.csv
38,202,2,none,medium,556.0,0.9553264604810996,Java_none_Java_medium_results.csv
59,14,2,none,medium,267.0,0.946808510638298,Java_none_Java_medium_results.csv
59,4,2,none,medium,250.0,0.8865248226950354,Java_none_Java_medium_results.csv
59,15,2,none,medium,267.0,0.946808510638298,Java_none_Java_medium_results.csv
59,16,2,none,medium,254.0,0.900709219858156,Java_none_Java_medium_results.csv
59,24,2,none,medium,246.0,0.8723404255319149,Java_none_Java_medium_results.csv
59,17,2,none,medium,263.0,0.9326241134751772,Java_none_Java_medium_results.csv
59,20,2,none,medium,265.0,0.9397163120567376,Java_none_Java_medium_results.csv
59,32,2,none,medium,262.0,0.9290780141843972,Java_none_Java_medium_results.csv
59,18,2,none,medium,258.0,0.8543046357615894,Java_none_Java_medium_results.csv
59,42,2,none,medium,247.0,0.875886524822695,Java_none_Java_medium_results.csv
59,51,2,none,medium,239.0,0.8475177304964538,Java_none_Java_medium_results.csv
59,40,2,none,medium,259.0,0.9184397163120568,Java_none_Java_medium_results.csv
59,33,2,none,medium,256.0,0.9078014184397164,Java_none_Java_medium_results.csv
59,25,2,none,medium,349.0,0.9640883977900552,Java_none_Java_medium_results.csv
59,53,2,none,medium,263.0,0.9326241134751772,Java_none_Java_medium_results.csv
59,57,2,none,medium,260.0,0.9219858156028368,Java_none_Java_medium_results.csv
59,54,2,none,medium,237.0,0.8404255319148937,Java_none_Java_medium_results.csv
59,66,2,none,medium,262.0,0.9290780141843972,Java_none_Java_medium_results.csv
59,62,2,none,medium,265.0,0.9397163120567376,Java_none_Java_medium_results.csv
59,58,2,none,medium,236.0,0.8368794326241135,Java_none_Java_medium_results.csv
59,50,2,none,medium,304.0,0.9353846153846154,Java_none_Java_medium_results.csv
59,61,2,none,medium,234.0,0.8297872340425532,Java_none_Java_medium_results.csv
59,88,2,none,medium,273.0,0.9680851063829788,Java_none_Java_medium_results.csv
59,55,2,none,medium,355.0,0.9125964010282775,Java_none_Java_medium_results.csv
59,75,2,none,medium,259.0,0.9184397163120568,Java_none_Java_medium_results.csv
59,72,2,none,medium,291.0,0.8899082568807339,Java_none_Java_medium_results.csv
59,73,2,none,medium,304.0,0.9020771513353116,Java_none_Java_medium_results.csv
59,84,2,none,medium,244.0,0.8652482269503546,Java_none_Java_medium_results.csv
59,81,2,none,medium,276.0,0.8932038834951457,Java_none_Java_medium_results.csv
59,108,2,none,medium,253.0,0.8971631205673759,Java_none_Java_medium_results.csv
59,83,2,none,medium,264.0,0.8434504792332268,Java_none_Java_medium_results.csv
59,105,2,none,medium,272.0,0.9645390070921984,Java_none_Java_medium_results.csv
59,91,2,none,medium,241.0,0.8546099290780141,Java_none_Java_medium_results.csv
59,115,2,none,medium,262.0,0.9290780141843972,Java_none_Java_medium_results.csv
59,97,2,none,medium,264.0,0.9361702127659576,Java_none_Java_medium_results.csv
59,125,2,none,medium,257.0,0.9113475177304964,Java_none_Java_medium_results.csv
59,112,2,none,medium,263.0,0.9326241134751772,Java_none_Java_medium_results.csv
59,89,2,none,medium,344.0,0.8229665071770335,Java_none_Java_medium_results.csv
59,117,2,none,medium,249.0,0.8829787234042553,Java_none_Java_medium_results.csv
59,120,2,none,medium,265.0,0.9397163120567376,Java_none_Java_medium_results.csv
59,143,2,none,medium,229.0,0.8120567375886525,Java_none_Java_medium_results.csv
59,145,2,none,medium,267.0,0.946808510638298,Java_none_Java_medium_results.csv
59,142,2,none,medium,246.0,0.8723404255319149,Java_none_Java_medium_results.csv
59,155,2,none,medium,238.0,0.8439716312056738,Java_none_Java_medium_results.csv
59,135,2,none,medium,367.0,0.9458762886597938,Java_none_Java_medium_results.csv
59,158,2,none,medium,258.0,0.9148936170212766,Java_none_Java_medium_results.csv
59,169,2,none,medium,228.0,0.8085106382978723,Java_none_Java_medium_results.csv
59,147,2,none,medium,272.0,0.9645390070921984,Java_none_Java_medium_results.csv
59,190,2,none,medium,247.0,0.875886524822695,Java_none_Java_medium_results.csv
59,185,2,none,medium,261.0,0.925531914893617,Java_none_Java_medium_results.csv
59,171,2,none,medium,276.0,0.9787234042553192,Java_none_Java_medium_results.csv
59,191,2,none,medium,240.0,0.851063829787234,Java_none_Java_medium_results.csv
59,151,2,none,medium,482.0,0.9488188976377953,Java_none_Java_medium_results.csv
59,203,2,none,medium,265.0,0.9397163120567376,Java_none_Java_medium_results.csv
59,168,2,none,medium,465.0,0.9375,Java_none_Java_medium_results.csv
59,192,2,none,medium,295.0,0.9577922077922078,Java_none_Java_medium_results.csv
59,197,2,none,medium,245.0,0.8687943262411347,Java_none_Java_medium_results.csv
59,210,2,none,medium,242.0,0.8581560283687943,Java_none_Java_medium_results.csv
59,212,2,none,medium,263.0,0.9326241134751772,Java_none_Java_medium_results.csv
59,206,2,none,medium,258.0,0.9148936170212766,Java_none_Java_medium_results.csv
93,4,2,none,medium,191.0,0.9362745098039216,Java_none_Java_medium_results.csv
93,6,2,none,medium,122.0,0.953125,Java_none_Java_medium_results.csv
93,14,2,none,medium,150.0,0.9554140127388536,Java_none_Java_medium_results.csv
93,15,2,none,medium,168.0,0.9281767955801103,Java_none_Java_medium_results.csv
93,16,2,none,medium,207.0,0.9627906976744186,Java_none_Java_medium_results.csv
93,17,2,none,medium,210.0,0.958904109589041,Java_none_Java_medium_results.csv
59,194,2,none,medium,475.0,0.9332023575638508,Java_none_Java_medium_results.csv
93,18,2,none,medium,284.0,0.9403973509933776,Java_none_Java_medium_results.csv
59,207,2,none,medium,272.0,0.8267477203647416,Java_none_Java_medium_results.csv
93,20,2,none,medium,194.0,0.965174129353234,Java_none_Java_medium_results.csv
59,215,2,none,medium,261.0,0.925531914893617,Java_none_Java_medium_results.csv
59,214,2,none,medium,282.0,0.9894736842105264,Java_none_Java_medium_results.csv
93,24,2,none,medium,189.0,0.908653846153846,Java_none_Java_medium_results.csv
93,32,2,none,medium,137.0,0.9785714285714284,Java_none_Java_medium_results.csv
93,42,2,none,medium,98.0,0.875,Java_none_Java_medium_results.csv
93,40,2,none,medium,175.0,0.9831460674157304,Java_none_Java_medium_results.csv
93,25,2,none,medium,348.0,0.9613259668508288,Java_none_Java_medium_results.csv
93,33,2,none,medium,238.0,0.9296875,Java_none_Java_medium_results.csv
93,51,2,none,medium,76.0,0.8444444444444444,Java_none_Java_medium_results.csv
93,53,2,none,medium,166.0,0.9595375722543352,Java_none_Java_medium_results.csv
93,54,2,none,medium,130.0,0.896551724137931,Java_none_Java_medium_results.csv
93,57,2,none,medium,81.0,0.9418604651162792,Java_none_Java_medium_results.csv
59,202,2,none,medium,507.0,0.8711340206185567,Java_none_Java_medium_results.csv
93,66,2,none,medium,57.0,0.95,Java_none_Java_medium_results.csv
93,50,2,none,medium,298.0,0.916923076923077,Java_none_Java_medium_results.csv
93,62,2,none,medium,132.0,0.9635036496350364,Java_none_Java_medium_results.csv
93,58,2,none,medium,137.0,0.8838709677419355,Java_none_Java_medium_results.csv
93,61,2,none,medium,192.0,0.9186602870813396,Java_none_Java_medium_results.csv
93,55,2,none,medium,376.0,0.9665809768637532,Java_none_Java_medium_results.csv
93,88,2,none,medium,76.0,0.9743589743589745,Java_none_Java_medium_results.csv
93,75,2,none,medium,260.0,0.9285714285714286,Java_none_Java_medium_results.csv
93,72,2,none,medium,300.0,0.9174311926605504,Java_none_Java_medium_results.csv
93,84,2,none,medium,231.0,0.9203187250996016,Java_none_Java_medium_results.csv
93,73,2,none,medium,316.0,0.9376854599406528,Java_none_Java_medium_results.csv
93,83,2,none,medium,290.0,0.926517571884984,Java_none_Java_medium_results.csv
93,81,2,none,medium,288.0,0.9320388349514565,Java_none_Java_medium_results.csv
93,105,2,none,medium,133.0,0.9779411764705882,Java_none_Java_medium_results.csv
93,91,2,none,medium,208.0,0.9285714285714286,Java_none_Java_medium_results.csv
93,108,2,none,medium,72.0,0.8470588235294118,Java_none_Java_medium_results.csv
93,115,2,none,medium,139.0,0.9652777777777778,Java_none_Java_medium_results.csv
93,97,2,none,medium,263.0,0.9392857142857144,Java_none_Java_medium_results.csv
93,112,2,none,medium,215.0,0.9684684684684683,Java_none_Java_medium_results.csv
93,125,2,none,medium,104.0,0.9454545454545454,Java_none_Java_medium_results.csv
93,89,2,none,medium,390.0,0.9330143540669856,Java_none_Java_medium_results.csv
93,117,2,none,medium,220.0,0.9053497942386832,Java_none_Java_medium_results.csv
93,120,2,none,medium,219.0,0.9563318777292577,Java_none_Java_medium_results.csv
93,143,2,none,medium,116.0,0.8787878787878788,Java_none_Java_medium_results.csv
93,142,2,none,medium,205.0,0.9192825112107624,Java_none_Java_medium_results.csv
93,145,2,none,medium,175.0,0.9615384615384616,Java_none_Java_medium_results.csv
93,155,2,none,medium,181.0,0.8960396039603961,Java_none_Java_medium_results.csv
93,135,2,none,medium,379.0,0.9768041237113402,Java_none_Java_medium_results.csv
93,158,2,none,medium,194.0,0.955665024630542,Java_none_Java_medium_results.csv
93,147,2,none,medium,274.0,0.982078853046595,Java_none_Java_medium_results.csv
93,169,2,none,medium,143.0,0.89375,Java_none_Java_medium_results.csv
93,190,2,none,medium,82.0,0.8541666666666666,Java_none_Java_medium_results.csv
93,185,2,none,medium,120.0,0.975609756097561,Java_none_Java_medium_results.csv
93,151,2,none,medium,497.0,0.9783464566929134,Java_none_Java_medium_results.csv
93,171,2,none,medium,265.0,0.9397163120567376,Java_none_Java_medium_results.csv
93,191,2,none,medium,230.0,0.931174089068826,Java_none_Java_medium_results.csv
93,192,2,none,medium,302.0,0.9805194805194806,Java_none_Java_medium_results.csv
93,197,2,none,medium,238.0,0.9407114624505928,Java_none_Java_medium_results.csv
93,203,2,none,medium,89.0,0.9081632653061223,Java_none_Java_medium_results.csv
93,168,2,none,medium,483.0,0.9737903225806452,Java_none_Java_medium_results.csv
93,210,2,none,medium,128.0,0.927536231884058,Java_none_Java_medium_results.csv
93,206,2,none,medium,250.0,0.9363295880149812,Java_none_Java_medium_results.csv
93,194,2,none,medium,495.0,0.9724950884086444,Java_none_Java_medium_results.csv
93,212,2,none,medium,158.0,0.9753086419753086,Java_none_Java_medium_results.csv
93,207,2,none,medium,309.0,0.939209726443769,Java_none_Java_medium_results.csv
93,215,2,none,medium,236.0,0.9147286821705426,Java_none_Java_medium_results.csv
93,214,2,none,medium,277.0,0.9719298245614036,Java_none_Java_medium_results.csv
93,202,2,none,medium,561.0,0.963917525773196,Java_none_Java_medium_results.csv
96,6,2,none,medium,223.0,0.9065040650406504,Java_none_Java_medium_results.csv
96,14,2,none,medium,228.0,0.926829268292683,Java_none_Java_medium_results.csv
96,15,2,none,medium,219.0,0.8902439024390244,Java_none_Java_medium_results.csv
96,4,2,none,medium,228.0,0.926829268292683,Java_none_Java_medium_results.csv
96,16,2,none,medium,235.0,0.9552845528455284,Java_none_Java_medium_results.csv
96,17,2,none,medium,228.0,0.926829268292683,Java_none_Java_medium_results.csv
96,20,2,none,medium,229.0,0.9308943089430894,Java_none_Java_medium_results.csv
96,32,2,none,medium,229.0,0.9308943089430894,Java_none_Java_medium_results.csv
96,24,2,none,medium,215.0,0.8739837398373984,Java_none_Java_medium_results.csv
96,18,2,none,medium,253.0,0.8377483443708609,Java_none_Java_medium_results.csv
96,42,2,none,medium,212.0,0.8617886178861789,Java_none_Java_medium_results.csv
96,40,2,none,medium,227.0,0.9227642276422764,Java_none_Java_medium_results.csv
96,51,2,none,medium,198.0,0.8048780487804879,Java_none_Java_medium_results.csv
96,33,2,none,medium,235.0,0.91796875,Java_none_Java_medium_results.csv
96,57,2,none,medium,225.0,0.9146341463414634,Java_none_Java_medium_results.csv
96,54,2,none,medium,201.0,0.8170731707317073,Java_none_Java_medium_results.csv
96,25,2,none,medium,348.0,0.9613259668508288,Java_none_Java_medium_results.csv
96,53,2,none,medium,225.0,0.9146341463414634,Java_none_Java_medium_results.csv
96,66,2,none,medium,211.0,0.8577235772357723,Java_none_Java_medium_results.csv
96,50,2,none,medium,301.0,0.926153846153846,Java_none_Java_medium_results.csv
96,58,2,none,medium,204.0,0.8292682926829268,Java_none_Java_medium_results.csv
96,62,2,none,medium,214.0,0.8699186991869918,Java_none_Java_medium_results.csv
96,61,2,none,medium,206.0,0.8373983739837398,Java_none_Java_medium_results.csv
96,88,2,none,medium,237.0,0.9634146341463414,Java_none_Java_medium_results.csv
96,55,2,none,medium,336.0,0.8637532133676092,Java_none_Java_medium_results.csv
96,72,2,none,medium,287.0,0.8776758409785933,Java_none_Java_medium_results.csv
96,75,2,none,medium,266.0,0.95,Java_none_Java_medium_results.csv
96,73,2,none,medium,294.0,0.8724035608308606,Java_none_Java_medium_results.csv
96,84,2,none,medium,228.0,0.9083665338645418,Java_none_Java_medium_results.csv
96,81,2,none,medium,242.0,0.7831715210355987,Java_none_Java_medium_results.csv
96,83,2,none,medium,282.0,0.9009584664536742,Java_none_Java_medium_results.csv
96,108,2,none,medium,221.0,0.8983739837398373,Java_none_Java_medium_results.csv
96,91,2,none,medium,198.0,0.8048780487804879,Java_none_Java_medium_results.csv
96,105,2,none,medium,230.0,0.934959349593496,Java_none_Java_medium_results.csv
96,115,2,none,medium,226.0,0.91869918699187,Java_none_Java_medium_results.csv
96,125,2,none,medium,228.0,0.926829268292683,Java_none_Java_medium_results.csv
96,97,2,none,medium,252.0,0.9,Java_none_Java_medium_results.csv
96,112,2,none,medium,237.0,0.9634146341463414,Java_none_Java_medium_results.csv
96,89,2,none,medium,366.0,0.8755980861244019,Java_none_Java_medium_results.csv
96,117,2,none,medium,197.0,0.8008130081300813,Java_none_Java_medium_results.csv
96,120,2,none,medium,232.0,0.943089430894309,Java_none_Java_medium_results.csv
96,143,2,none,medium,187.0,0.7601626016260162,Java_none_Java_medium_results.csv
96,142,2,none,medium,224.0,0.9105691056910568,Java_none_Java_medium_results.csv
96,145,2,none,medium,229.0,0.9308943089430894,Java_none_Java_medium_results.csv
96,147,2,none,medium,260.0,0.931899641577061,Java_none_Java_medium_results.csv
96,135,2,none,medium,363.0,0.9355670103092784,Java_none_Java_medium_results.csv
96,155,2,none,medium,205.0,0.8333333333333334,Java_none_Java_medium_results.csv
96,158,2,none,medium,223.0,0.9065040650406504,Java_none_Java_medium_results.csv
96,169,2,none,medium,204.0,0.8292682926829268,Java_none_Java_medium_results.csv
96,190,2,none,medium,182.0,0.7398373983739838,Java_none_Java_medium_results.csv
96,185,2,none,medium,223.0,0.9065040650406504,Java_none_Java_medium_results.csv
96,171,2,none,medium,250.0,0.8865248226950354,Java_none_Java_medium_results.csv
96,191,2,none,medium,215.0,0.8704453441295547,Java_none_Java_medium_results.csv
96,203,2,none,medium,228.0,0.926829268292683,Java_none_Java_medium_results.csv
96,151,2,none,medium,474.0,0.9330708661417324,Java_none_Java_medium_results.csv
96,168,2,none,medium,474.0,0.9556451612903226,Java_none_Java_medium_results.csv
96,192,2,none,medium,292.0,0.948051948051948,Java_none_Java_medium_results.csv
96,197,2,none,medium,233.0,0.9209486166007904,Java_none_Java_medium_results.csv
96,210,2,none,medium,197.0,0.8008130081300813,Java_none_Java_medium_results.csv
96,212,2,none,medium,225.0,0.9146341463414634,Java_none_Java_medium_results.csv
96,206,2,none,medium,242.0,0.906367041198502,Java_none_Java_medium_results.csv
96,194,2,none,medium,477.0,0.93713163064833,Java_none_Java_medium_results.csv
106,6,2,none,medium,177.0,0.9076923076923076,Java_none_Java_medium_results.csv
96,215,2,none,medium,230.0,0.8914728682170543,Java_none_Java_medium_results.csv
96,207,2,none,medium,293.0,0.8905775075987842,Java_none_Java_medium_results.csv
106,4,2,none,medium,186.0,0.9117647058823528,Java_none_Java_medium_results.csv
96,214,2,none,medium,275.0,0.9649122807017544,Java_none_Java_medium_results.csv
106,14,2,none,medium,187.0,0.958974358974359,Java_none_Java_medium_results.csv
106,15,2,none,medium,179.0,0.917948717948718,Java_none_Java_medium_results.csv
96,202,2,none,medium,519.0,0.8917525773195877,Java_none_Java_medium_results.csv
106,16,2,none,medium,208.0,0.9674418604651164,Java_none_Java_medium_results.csv
106,20,2,none,medium,193.0,0.9601990049751244,Java_none_Java_medium_results.csv
106,32,2,none,medium,176.0,0.9025641025641026,Java_none_Java_medium_results.csv
106,17,2,none,medium,194.0,0.8858447488584474,Java_none_Java_medium_results.csv
106,24,2,none,medium,186.0,0.8942307692307693,Java_none_Java_medium_results.csv
106,18,2,none,medium,260.0,0.8609271523178808,Java_none_Java_medium_results.csv
106,42,2,none,medium,168.0,0.8615384615384616,Java_none_Java_medium_results.csv
106,51,2,none,medium,162.0,0.8307692307692308,Java_none_Java_medium_results.csv
106,33,2,none,medium,239.0,0.93359375,Java_none_Java_medium_results.csv
106,25,2,none,medium,353.0,0.9751381215469612,Java_none_Java_medium_results.csv
106,40,2,none,medium,187.0,0.958974358974359,Java_none_Java_medium_results.csv
106,57,2,none,medium,177.0,0.9076923076923076,Java_none_Java_medium_results.csv
106,53,2,none,medium,184.0,0.9435897435897436,Java_none_Java_medium_results.csv
106,54,2,none,medium,173.0,0.8871794871794871,Java_none_Java_medium_results.csv
106,66,2,none,medium,178.0,0.9128205128205128,Java_none_Java_medium_results.csv
106,58,2,none,medium,177.0,0.9076923076923076,Java_none_Java_medium_results.csv
106,50,2,none,medium,292.0,0.8984615384615384,Java_none_Java_medium_results.csv
106,62,2,none,medium,179.0,0.917948717948718,Java_none_Java_medium_results.csv
106,61,2,none,medium,190.0,0.9090909090909092,Java_none_Java_medium_results.csv
106,88,2,none,medium,189.0,0.9692307692307692,Java_none_Java_medium_results.csv
106,55,2,none,medium,351.0,0.9023136246786632,Java_none_Java_medium_results.csv
106,75,2,none,medium,258.0,0.9214285714285714,Java_none_Java_medium_results.csv
106,73,2,none,medium,299.0,0.887240356083086,Java_none_Java_medium_results.csv
106,72,2,none,medium,296.0,0.9051987767584098,Java_none_Java_medium_results.csv
106,81,2,none,medium,263.0,0.8511326860841424,Java_none_Java_medium_results.csv
106,84,2,none,medium,227.0,0.904382470119522,Java_none_Java_medium_results.csv
106,83,2,none,medium,282.0,0.9009584664536742,Java_none_Java_medium_results.csv
106,108,2,none,medium,175.0,0.8974358974358975,Java_none_Java_medium_results.csv
106,105,2,none,medium,185.0,0.9487179487179488,Java_none_Java_medium_results.csv
106,91,2,none,medium,210.0,0.9375,Java_none_Java_medium_results.csv
106,115,2,none,medium,185.0,0.9487179487179488,Java_none_Java_medium_results.csv
106,125,2,none,medium,177.0,0.9076923076923076,Java_none_Java_medium_results.csv
106,97,2,none,medium,261.0,0.9321428571428572,Java_none_Java_medium_results.csv
106,112,2,none,medium,209.0,0.9414414414414416,Java_none_Java_medium_results.csv
106,120,2,none,medium,217.0,0.9475982532751092,Java_none_Java_medium_results.csv
106,89,2,none,medium,379.0,0.9066985645933014,Java_none_Java_medium_results.csv
106,117,2,none,medium,210.0,0.8641975308641975,Java_none_Java_medium_results.csv
106,143,2,none,medium,171.0,0.8769230769230769,Java_none_Java_medium_results.csv
106,142,2,none,medium,211.0,0.9461883408071748,Java_none_Java_medium_results.csv
106,145,2,none,medium,187.0,0.958974358974359,Java_none_Java_medium_results.csv
106,155,2,none,medium,188.0,0.9306930693069309,Java_none_Java_medium_results.csv
106,147,2,none,medium,263.0,0.942652329749104,Java_none_Java_medium_results.csv
106,158,2,none,medium,193.0,0.9507389162561576,Java_none_Java_medium_results.csv
106,169,2,none,medium,167.0,0.8564102564102564,Java_none_Java_medium_results.csv
106,135,2,none,medium,363.0,0.9355670103092784,Java_none_Java_medium_results.csv
106,190,2,none,medium,160.0,0.8205128205128205,Java_none_Java_medium_results.csv
106,185,2,none,medium,179.0,0.917948717948718,Java_none_Java_medium_results.csv
106,171,2,none,medium,256.0,0.9078014184397164,Java_none_Java_medium_results.csv
106,191,2,none,medium,226.0,0.9149797570850202,Java_none_Java_medium_results.csv
106,203,2,none,medium,171.0,0.8769230769230769,Java_none_Java_medium_results.csv
106,151,2,none,medium,477.0,0.938976377952756,Java_none_Java_medium_results.csv
106,192,2,none,medium,285.0,0.9253246753246752,Java_none_Java_medium_results.csv
106,168,2,none,medium,466.0,0.939516129032258,Java_none_Java_medium_results.csv
106,197,2,none,medium,233.0,0.9209486166007904,Java_none_Java_medium_results.csv
106,210,2,none,medium,170.0,0.8717948717948718,Java_none_Java_medium_results.csv
106,212,2,none,medium,181.0,0.9282051282051282,Java_none_Java_medium_results.csv
106,194,2,none,medium,482.0,0.9469548133595284,Java_none_Java_medium_results.csv
106,214,2,none,medium,275.0,0.9649122807017544,Java_none_Java_medium_results.csv
106,206,2,none,medium,249.0,0.9325842696629212,Java_none_Java_medium_results.csv
110,6,2,none,medium,126.0,0.8689655172413793,Java_none_Java_medium_results.csv
106,207,2,none,medium,297.0,0.9027355623100304,Java_none_Java_medium_results.csv
110,4,2,none,medium,179.0,0.8774509803921569,Java_none_Java_medium_results.csv
106,215,2,none,medium,218.0,0.8449612403100775,Java_none_Java_medium_results.csv
110,14,2,none,medium,148.0,0.9426751592356688,Java_none_Java_medium_results.csv
106,202,2,none,medium,540.0,0.9278350515463918,Java_none_Java_medium_results.csv
110,15,2,none,medium,167.0,0.9226519337016574,Java_none_Java_medium_results.csv
110,16,2,none,medium,186.0,0.8651162790697674,Java_none_Java_medium_results.csv
110,17,2,none,medium,196.0,0.8949771689497716,Java_none_Java_medium_results.csv
110,20,2,none,medium,184.0,0.9154228855721394,Java_none_Java_medium_results.csv
110,18,2,none,medium,273.0,0.9039735099337748,Java_none_Java_medium_results.csv
110,24,2,none,medium,195.0,0.9375,Java_none_Java_medium_results.csv
110,32,2,none,medium,129.0,0.8896551724137931,Java_none_Java_medium_results.csv
110,40,2,none,medium,160.0,0.898876404494382,Java_none_Java_medium_results.csv
110,42,2,none,medium,136.0,0.9379310344827586,Java_none_Java_medium_results.csv
110,51,2,none,medium,131.0,0.903448275862069,Java_none_Java_medium_results.csv
110,33,2,none,medium,234.0,0.9140625,Java_none_Java_medium_results.csv
110,54,2,none,medium,139.0,0.9586206896551724,Java_none_Java_medium_results.csv
110,53,2,none,medium,163.0,0.9421965317919077,Java_none_Java_medium_results.csv
110,57,2,none,medium,137.0,0.9448275862068966,Java_none_Java_medium_results.csv
110,25,2,none,medium,308.0,0.850828729281768,Java_none_Java_medium_results.csv
110,66,2,none,medium,136.0,0.9379310344827586,Java_none_Java_medium_results.csv
110,58,2,none,medium,143.0,0.9225806451612903,Java_none_Java_medium_results.csv
110,62,2,none,medium,137.0,0.9448275862068966,Java_none_Java_medium_results.csv
110,50,2,none,medium,309.0,0.9507692307692308,Java_none_Java_medium_results.csv
110,61,2,none,medium,186.0,0.8899521531100478,Java_none_Java_medium_results.csv
110,55,2,none,medium,340.0,0.8740359897172236,Java_none_Java_medium_results.csv
110,88,2,none,medium,134.0,0.9241379310344828,Java_none_Java_medium_results.csv
110,72,2,none,medium,303.0,0.926605504587156,Java_none_Java_medium_results.csv
110,73,2,none,medium,303.0,0.8991097922848664,Java_none_Java_medium_results.csv
110,84,2,none,medium,223.0,0.8884462151394422,Java_none_Java_medium_results.csv
110,81,2,none,medium,283.0,0.9158576051779936,Java_none_Java_medium_results.csv
110,75,2,none,medium,262.0,0.9357142857142856,Java_none_Java_medium_results.csv
110,83,2,none,medium,280.0,0.8945686900958466,Java_none_Java_medium_results.csv
110,108,2,none,medium,130.0,0.896551724137931,Java_none_Java_medium_results.csv
110,105,2,none,medium,138.0,0.9517241379310344,Java_none_Java_medium_results.csv
110,91,2,none,medium,205.0,0.9151785714285714,Java_none_Java_medium_results.csv
110,115,2,none,medium,137.0,0.9448275862068966,Java_none_Java_medium_results.csv
110,97,2,none,medium,254.0,0.9071428571428573,Java_none_Java_medium_results.csv
110,112,2,none,medium,207.0,0.9324324324324323,Java_none_Java_medium_results.csv
110,125,2,none,medium,124.0,0.8551724137931035,Java_none_Java_medium_results.csv
110,89,2,none,medium,388.0,0.9282296650717704,Java_none_Java_medium_results.csv
110,117,2,none,medium,222.0,0.9135802469135802,Java_none_Java_medium_results.csv
110,143,2,none,medium,139.0,0.9586206896551724,Java_none_Java_medium_results.csv
110,120,2,none,medium,202.0,0.8820960698689956,Java_none_Java_medium_results.csv
110,142,2,none,medium,206.0,0.9237668161434978,Java_none_Java_medium_results.csv
110,145,2,none,medium,170.0,0.934065934065934,Java_none_Java_medium_results.csv
110,155,2,none,medium,183.0,0.905940594059406,Java_none_Java_medium_results.csv
110,135,2,none,medium,346.0,0.8917525773195877,Java_none_Java_medium_results.csv
110,147,2,none,medium,241.0,0.8637992831541219,Java_none_Java_medium_results.csv
110,158,2,none,medium,181.0,0.8916256157635468,Java_none_Java_medium_results.csv
110,169,2,none,medium,148.0,0.925,Java_none_Java_medium_results.csv
110,190,2,none,medium,135.0,0.9310344827586208,Java_none_Java_medium_results.csv
110,185,2,none,medium,118.0,0.8137931034482758,Java_none_Java_medium_results.csv
110,171,2,none,medium,266.0,0.9432624113475178,Java_none_Java_medium_results.csv
110,151,2,none,medium,448.0,0.8818897637795275,Java_none_Java_medium_results.csv
110,191,2,none,medium,220.0,0.8906882591093117,Java_none_Java_medium_results.csv
110,203,2,none,medium,121.0,0.8344827586206897,Java_none_Java_medium_results.csv
110,192,2,none,medium,280.0,0.9090909090909092,Java_none_Java_medium_results.csv
110,197,2,none,medium,226.0,0.8932806324110671,Java_none_Java_medium_results.csv
110,168,2,none,medium,459.0,0.9254032258064516,Java_none_Java_medium_results.csv
110,210,2,none,medium,138.0,0.9517241379310344,Java_none_Java_medium_results.csv
110,212,2,none,medium,152.0,0.9382716049382716,Java_none_Java_medium_results.csv
110,206,2,none,medium,243.0,0.9101123595505618,Java_none_Java_medium_results.csv
110,194,2,none,medium,461.0,0.9056974459724952,Java_none_Java_medium_results.csv
110,214,2,none,medium,256.0,0.8982456140350877,Java_none_Java_medium_results.csv
110,207,2,none,medium,291.0,0.8844984802431611,Java_none_Java_medium_results.csv
110,202,2,none,medium,549.0,0.9432989690721648,Java_none_Java_medium_results.csv
110,215,2,none,medium,238.0,0.9224806201550388,Java_none_Java_medium_results.csv
116,6,2,none,medium,191.0,0.8842592592592593,Java_none_Java_medium_results.csv
116,4,2,none,medium,205.0,0.949074074074074,Java_none_Java_medium_results.csv
116,14,2,none,medium,195.0,0.9027777777777778,Java_none_Java_medium_results.csv
116,15,2,none,medium,201.0,0.9305555555555556,Java_none_Java_medium_results.csv
116,16,2,none,medium,208.0,0.9629629629629628,Java_none_Java_medium_results.csv
116,17,2,none,medium,208.0,0.9497716894977168,Java_none_Java_medium_results.csv
116,32,2,none,medium,195.0,0.9027777777777778,Java_none_Java_medium_results.csv
116,24,2,none,medium,203.0,0.9398148148148148,Java_none_Java_medium_results.csv
116,20,2,none,medium,207.0,0.9583333333333334,Java_none_Java_medium_results.csv
116,18,2,none,medium,245.0,0.8112582781456954,Java_none_Java_medium_results.csv
116,42,2,none,medium,178.0,0.8240740740740741,Java_none_Java_medium_results.csv
116,51,2,none,medium,176.0,0.8148148148148148,Java_none_Java_medium_results.csv
116,40,2,none,medium,199.0,0.9212962962962964,Java_none_Java_medium_results.csv
116,25,2,none,medium,340.0,0.9392265193370166,Java_none_Java_medium_results.csv
116,33,2,none,medium,220.0,0.859375,Java_none_Java_medium_results.csv
116,57,2,none,medium,201.0,0.9305555555555556,Java_none_Java_medium_results.csv
116,53,2,none,medium,205.0,0.949074074074074,Java_none_Java_medium_results.csv
116,54,2,none,medium,168.0,0.7777777777777778,Java_none_Java_medium_results.csv
116,66,2,none,medium,195.0,0.9027777777777778,Java_none_Java_medium_results.csv
116,58,2,none,medium,158.0,0.7314814814814815,Java_none_Java_medium_results.csv
116,50,2,none,medium,310.0,0.953846153846154,Java_none_Java_medium_results.csv
116,62,2,none,medium,197.0,0.9120370370370372,Java_none_Java_medium_results.csv
116,61,2,none,medium,181.0,0.8379629629629629,Java_none_Java_medium_results.csv
116,88,2,none,medium,209.0,0.9675925925925926,Java_none_Java_medium_results.csv
116,55,2,none,medium,340.0,0.8740359897172236,Java_none_Java_medium_results.csv
116,75,2,none,medium,251.0,0.8964285714285715,Java_none_Java_medium_results.csv
116,72,2,none,medium,273.0,0.8348623853211009,Java_none_Java_medium_results.csv
116,81,2,none,medium,244.0,0.7896440129449838,Java_none_Java_medium_results.csv
116,84,2,none,medium,209.0,0.8326693227091634,Java_none_Java_medium_results.csv
116,73,2,none,medium,281.0,0.8338278931750742,Java_none_Java_medium_results.csv
116,83,2,none,medium,273.0,0.8722044728434505,Java_none_Java_medium_results.csv
116,108,2,none,medium,193.0,0.8935185185185185,Java_none_Java_medium_results.csv
116,91,2,none,medium,184.0,0.8214285714285714,Java_none_Java_medium_results.csv
116,105,2,none,medium,204.0,0.9444444444444444,Java_none_Java_medium_results.csv
116,115,2,none,medium,201.0,0.9305555555555556,Java_none_Java_medium_results.csv
116,112,2,none,medium,219.0,0.9864864864864864,Java_none_Java_medium_results.csv
116,125,2,none,medium,197.0,0.9120370370370372,Java_none_Java_medium_results.csv
116,97,2,none,medium,229.0,0.8178571428571428,Java_none_Java_medium_results.csv
116,89,2,none,medium,353.0,0.8444976076555024,Java_none_Java_medium_results.csv
116,117,2,none,medium,198.0,0.8148148148148148,Java_none_Java_medium_results.csv
116,120,2,none,medium,220.0,0.960698689956332,Java_none_Java_medium_results.csv
116,143,2,none,medium,169.0,0.7824074074074074,Java_none_Java_medium_results.csv
116,142,2,none,medium,200.0,0.8968609865470852,Java_none_Java_medium_results.csv
116,145,2,none,medium,203.0,0.9398148148148148,Java_none_Java_medium_results.csv
116,158,2,none,medium,201.0,0.9305555555555556,Java_none_Java_medium_results.csv
116,155,2,none,medium,184.0,0.8518518518518519,Java_none_Java_medium_results.csv
116,147,2,none,medium,254.0,0.910394265232975,Java_none_Java_medium_results.csv
116,135,2,none,medium,366.0,0.9432989690721648,Java_none_Java_medium_results.csv
116,169,2,none,medium,173.0,0.8009259259259259,Java_none_Java_medium_results.csv
116,190,2,none,medium,162.0,0.75,Java_none_Java_medium_results.csv
116,185,2,none,medium,192.0,0.8888888888888888,Java_none_Java_medium_results.csv
116,171,2,none,medium,249.0,0.8829787234042553,Java_none_Java_medium_results.csv
116,151,2,none,medium,456.0,0.8976377952755905,Java_none_Java_medium_results.csv
116,191,2,none,medium,195.0,0.7894736842105263,Java_none_Java_medium_results.csv
116,203,2,none,medium,204.0,0.9444444444444444,Java_none_Java_medium_results.csv
116,197,2,none,medium,209.0,0.8260869565217391,Java_none_Java_medium_results.csv
116,192,2,none,medium,292.0,0.948051948051948,Java_none_Java_medium_results.csv
116,168,2,none,medium,469.0,0.9455645161290324,Java_none_Java_medium_results.csv
116,210,2,none,medium,165.0,0.7638888888888888,Java_none_Java_medium_results.csv
116,212,2,none,medium,201.0,0.9305555555555556,Java_none_Java_medium_results.csv
116,206,2,none,medium,209.0,0.7827715355805244,Java_none_Java_medium_results.csv
116,194,2,none,medium,472.0,0.9273084479371316,Java_none_Java_medium_results.csv
116,207,2,none,medium,269.0,0.817629179331307,Java_none_Java_medium_results.csv
141,4,2,none,medium,215.0,0.9513274336283186,Java_none_Java_medium_results.csv
141,6,2,none,medium,210.0,0.9292035398230089,Java_none_Java_medium_results.csv
116,215,2,none,medium,229.0,0.8875968992248062,Java_none_Java_medium_results.csv
116,214,2,none,medium,270.0,0.9473684210526316,Java_none_Java_medium_results.csv
141,14,2,none,medium,210.0,0.9292035398230089,Java_none_Java_medium_results.csv
116,202,2,none,medium,499.0,0.8573883161512027,Java_none_Java_medium_results.csv
141,15,2,none,medium,215.0,0.9513274336283186,Java_none_Java_medium_results.csv
141,16,2,none,medium,209.0,0.9247787610619468,Java_none_Java_medium_results.csv
141,24,2,none,medium,213.0,0.9424778761061948,Java_none_Java_medium_results.csv
141,20,2,none,medium,221.0,0.9778761061946902,Java_none_Java_medium_results.csv
141,17,2,none,medium,211.0,0.9336283185840708,Java_none_Java_medium_results.csv
141,32,2,none,medium,213.0,0.9424778761061948,Java_none_Java_medium_results.csv
141,18,2,none,medium,251.0,0.8311258278145696,Java_none_Java_medium_results.csv
141,51,2,none,medium,188.0,0.831858407079646,Java_none_Java_medium_results.csv
141,42,2,none,medium,189.0,0.8362831858407079,Java_none_Java_medium_results.csv
141,33,2,none,medium,234.0,0.9140625,Java_none_Java_medium_results.csv
141,40,2,none,medium,212.0,0.9380530973451328,Java_none_Java_medium_results.csv
141,53,2,none,medium,209.0,0.9247787610619468,Java_none_Java_medium_results.csv
141,25,2,none,medium,341.0,0.9419889502762432,Java_none_Java_medium_results.csv
141,57,2,none,medium,202.0,0.8938053097345132,Java_none_Java_medium_results.csv
141,54,2,none,medium,200.0,0.8849557522123894,Java_none_Java_medium_results.csv
141,66,2,none,medium,202.0,0.8938053097345132,Java_none_Java_medium_results.csv
141,58,2,none,medium,198.0,0.8761061946902655,Java_none_Java_medium_results.csv
141,62,2,none,medium,209.0,0.9247787610619468,Java_none_Java_medium_results.csv
141,50,2,none,medium,291.0,0.8953846153846153,Java_none_Java_medium_results.csv
141,61,2,none,medium,186.0,0.8230088495575221,Java_none_Java_medium_results.csv
141,88,2,none,medium,215.0,0.9513274336283186,Java_none_Java_medium_results.csv
141,55,2,none,medium,350.0,0.8997429305912596,Java_none_Java_medium_results.csv
141,75,2,none,medium,255.0,0.9107142857142856,Java_none_Java_medium_results.csv
141,72,2,none,medium,277.0,0.8470948012232415,Java_none_Java_medium_results.csv
141,73,2,none,medium,290.0,0.8605341246290801,Java_none_Java_medium_results.csv
141,81,2,none,medium,264.0,0.8543689320388349,Java_none_Java_medium_results.csv
141,84,2,none,medium,222.0,0.8844621513944223,Java_none_Java_medium_results.csv
141,83,2,none,medium,274.0,0.8753993610223643,Java_none_Java_medium_results.csv
141,108,2,none,medium,198.0,0.8761061946902655,Java_none_Java_medium_results.csv
141,105,2,none,medium,216.0,0.9557522123893806,Java_none_Java_medium_results.csv
141,91,2,none,medium,214.0,0.9469026548672568,Java_none_Java_medium_results.csv
141,125,2,none,medium,207.0,0.915929203539823,Java_none_Java_medium_results.csv
141,97,2,none,medium,251.0,0.8964285714285715,Java_none_Java_medium_results.csv
141,112,2,none,medium,222.0,0.9823008849557522,Java_none_Java_medium_results.csv
141,115,2,none,medium,211.0,0.9336283185840708,Java_none_Java_medium_results.csv
141,89,2,none,medium,360.0,0.861244019138756,Java_none_Java_medium_results.csv
141,117,2,none,medium,220.0,0.9053497942386832,Java_none_Java_medium_results.csv
141,120,2,none,medium,222.0,0.9694323144104804,Java_none_Java_medium_results.csv
141,143,2,none,medium,195.0,0.8628318584070797,Java_none_Java_medium_results.csv
141,142,2,none,medium,210.0,0.9292035398230089,Java_none_Java_medium_results.csv
141,145,2,none,medium,219.0,0.9690265486725664,Java_none_Java_medium_results.csv
141,147,2,none,medium,267.0,0.956989247311828,Java_none_Java_medium_results.csv
141,158,2,none,medium,203.0,0.8982300884955752,Java_none_Java_medium_results.csv
141,155,2,none,medium,195.0,0.8628318584070797,Java_none_Java_medium_results.csv
141,135,2,none,medium,361.0,0.9304123711340206,Java_none_Java_medium_results.csv
141,169,2,none,medium,185.0,0.8185840707964602,Java_none_Java_medium_results.csv
141,190,2,none,medium,188.0,0.831858407079646,Java_none_Java_medium_results.csv
141,185,2,none,medium,208.0,0.9203539823008848,Java_none_Java_medium_results.csv
141,171,2,none,medium,255.0,0.9042553191489362,Java_none_Java_medium_results.csv
141,191,2,none,medium,210.0,0.8502024291497976,Java_none_Java_medium_results.csv
141,151,2,none,medium,478.0,0.9409448818897638,Java_none_Java_medium_results.csv
141,203,2,none,medium,206.0,0.911504424778761,Java_none_Java_medium_results.csv
141,192,2,none,medium,293.0,0.9512987012987012,Java_none_Java_medium_results.csv
141,168,2,none,medium,462.0,0.9314516129032258,Java_none_Java_medium_results.csv
141,197,2,none,medium,219.0,0.8656126482213439,Java_none_Java_medium_results.csv
141,210,2,none,medium,196.0,0.8672566371681416,Java_none_Java_medium_results.csv
141,212,2,none,medium,210.0,0.9292035398230089,Java_none_Java_medium_results.csv
141,206,2,none,medium,237.0,0.8876404494382022,Java_none_Java_medium_results.csv
141,194,2,none,medium,477.0,0.93713163064833,Java_none_Java_medium_results.csv
141,214,2,none,medium,278.0,0.975438596491228,Java_none_Java_medium_results.csv
141,215,2,none,medium,240.0,0.9302325581395348,Java_none_Java_medium_results.csv
141,207,2,none,medium,283.0,0.8601823708206687,Java_none_Java_medium_results.csv
154,6,2,none,medium,405.0,0.9418604651162792,Java_none_Java_medium_results.csv
141,202,2,none,medium,530.0,0.9106529209621992,Java_none_Java_medium_results.csv
154,4,2,none,medium,406.0,0.944186046511628,Java_none_Java_medium_results.csv
154,14,2,none,medium,410.0,0.9534883720930232,Java_none_Java_medium_results.csv
154,15,2,none,medium,406.0,0.944186046511628,Java_none_Java_medium_results.csv
154,16,2,none,medium,411.0,0.955813953488372,Java_none_Java_medium_results.csv
154,17,2,none,medium,403.0,0.9372093023255814,Java_none_Java_medium_results.csv
154,20,2,none,medium,407.0,0.9465116279069768,Java_none_Java_medium_results.csv
154,32,2,none,medium,410.0,0.9534883720930232,Java_none_Java_medium_results.csv
154,24,2,none,medium,386.0,0.8976744186046511,Java_none_Java_medium_results.csv
154,18,2,none,medium,377.0,0.8767441860465116,Java_none_Java_medium_results.csv
154,42,2,none,medium,380.0,0.8837209302325582,Java_none_Java_medium_results.csv
154,51,2,none,medium,385.0,0.8953488372093024,Java_none_Java_medium_results.csv
154,40,2,none,medium,411.0,0.955813953488372,Java_none_Java_medium_results.csv
154,33,2,none,medium,377.0,0.8767441860465116,Java_none_Java_medium_results.csv
154,25,2,none,medium,399.0,0.927906976744186,Java_none_Java_medium_results.csv
154,54,2,none,medium,377.0,0.8767441860465116,Java_none_Java_medium_results.csv
154,57,2,none,medium,407.0,0.9465116279069768,Java_none_Java_medium_results.csv
154,53,2,none,medium,403.0,0.9372093023255814,Java_none_Java_medium_results.csv
154,66,2,none,medium,405.0,0.9418604651162792,Java_none_Java_medium_results.csv
154,58,2,none,medium,387.0,0.9,Java_none_Java_medium_results.csv
154,50,2,none,medium,380.0,0.8837209302325582,Java_none_Java_medium_results.csv
154,62,2,none,medium,405.0,0.9418604651162792,Java_none_Java_medium_results.csv
154,61,2,none,medium,360.0,0.8372093023255814,Java_none_Java_medium_results.csv
154,88,2,none,medium,418.0,0.972093023255814,Java_none_Java_medium_results.csv
154,55,2,none,medium,413.0,0.9604651162790696,Java_none_Java_medium_results.csv
154,72,2,none,medium,380.0,0.8837209302325582,Java_none_Java_medium_results.csv
154,75,2,none,medium,384.0,0.8930232558139535,Java_none_Java_medium_results.csv
154,73,2,none,medium,368.0,0.8558139534883721,Java_none_Java_medium_results.csv
154,84,2,none,medium,384.0,0.8930232558139535,Java_none_Java_medium_results.csv
154,81,2,none,medium,399.0,0.927906976744186,Java_none_Java_medium_results.csv
154,83,2,none,medium,378.0,0.8790697674418605,Java_none_Java_medium_results.csv
154,108,2,none,medium,392.0,0.9116279069767442,Java_none_Java_medium_results.csv
154,105,2,none,medium,416.0,0.9674418604651164,Java_none_Java_medium_results.csv
154,91,2,none,medium,382.0,0.8883720930232558,Java_none_Java_medium_results.csv
154,115,2,none,medium,409.0,0.9511627906976744,Java_none_Java_medium_results.csv
154,112,2,none,medium,398.0,0.9255813953488372,Java_none_Java_medium_results.csv
154,97,2,none,medium,368.0,0.8558139534883721,Java_none_Java_medium_results.csv
154,125,2,none,medium,408.0,0.9488372093023256,Java_none_Java_medium_results.csv
154,117,2,none,medium,377.0,0.8767441860465116,Java_none_Java_medium_results.csv
154,89,2,none,medium,396.0,0.9209302325581395,Java_none_Java_medium_results.csv
154,120,2,none,medium,402.0,0.9348837209302324,Java_none_Java_medium_results.csv
154,143,2,none,medium,381.0,0.8860465116279069,Java_none_Java_medium_results.csv
154,142,2,none,medium,384.0,0.8930232558139535,Java_none_Java_medium_results.csv
154,145,2,none,medium,411.0,0.955813953488372,Java_none_Java_medium_results.csv
154,155,2,none,medium,366.0,0.8511627906976744,Java_none_Java_medium_results.csv
154,147,2,none,medium,409.0,0.9511627906976744,Java_none_Java_medium_results.csv
154,158,2,none,medium,393.0,0.913953488372093,Java_none_Java_medium_results.csv
154,135,2,none,medium,404.0,0.9395348837209302,Java_none_Java_medium_results.csv
154,169,2,none,medium,365.0,0.8488372093023255,Java_none_Java_medium_results.csv
154,190,2,none,medium,375.0,0.872093023255814,Java_none_Java_medium_results.csv
154,185,2,none,medium,408.0,0.9488372093023256,Java_none_Java_medium_results.csv
154,171,2,none,medium,382.0,0.8883720930232558,Java_none_Java_medium_results.csv
154,191,2,none,medium,378.0,0.8790697674418605,Java_none_Java_medium_results.csv
154,151,2,none,medium,475.0,0.9350393700787402,Java_none_Java_medium_results.csv
154,203,2,none,medium,404.0,0.9395348837209302,Java_none_Java_medium_results.csv
154,168,2,none,medium,478.0,0.9637096774193548,Java_none_Java_medium_results.csv
154,192,2,none,medium,403.0,0.9372093023255814,Java_none_Java_medium_results.csv
154,197,2,none,medium,373.0,0.8674418604651163,Java_none_Java_medium_results.csv
154,210,2,none,medium,387.0,0.9,Java_none_Java_medium_results.csv
154,212,2,none,medium,410.0,0.9534883720930232,Java_none_Java_medium_results.csv
163,4,2,none,medium,178.0,0.8725490196078431,Java_none_Java_medium_results.csv
163,6,2,none,medium,170.0,0.9392265193370166,Java_none_Java_medium_results.csv
154,206,2,none,medium,373.0,0.8674418604651163,Java_none_Java_medium_results.csv
154,194,2,none,medium,491.0,0.9646365422396856,Java_none_Java_medium_results.csv
154,207,2,none,medium,394.0,0.916279069767442,Java_none_Java_medium_results.csv
163,14,2,none,medium,172.0,0.9502762430939228,Java_none_Java_medium_results.csv
154,214,2,none,medium,403.0,0.9372093023255814,Java_none_Java_medium_results.csv
154,215,2,none,medium,368.0,0.8558139534883721,Java_none_Java_medium_results.csv
163,15,2,none,medium,176.0,0.9723756906077348,Java_none_Java_medium_results.csv
163,16,2,none,medium,199.0,0.9255813953488372,Java_none_Java_medium_results.csv
163,17,2,none,medium,197.0,0.8995433789954338,Java_none_Java_medium_results.csv
163,24,2,none,medium,186.0,0.8942307692307693,Java_none_Java_medium_results.csv
154,202,2,none,medium,525.0,0.9020618556701032,Java_none_Java_medium_results.csv
163,20,2,none,medium,181.0,0.900497512437811,Java_none_Java_medium_results.csv
163,32,2,none,medium,167.0,0.9226519337016574,Java_none_Java_medium_results.csv
163,18,2,none,medium,245.0,0.8112582781456954,Java_none_Java_medium_results.csv
163,51,2,none,medium,147.0,0.8121546961325967,Java_none_Java_medium_results.csv
163,42,2,none,medium,157.0,0.8674033149171271,Java_none_Java_medium_results.csv
163,40,2,none,medium,173.0,0.9558011049723756,Java_none_Java_medium_results.csv
163,33,2,none,medium,231.0,0.90234375,Java_none_Java_medium_results.csv
163,25,2,none,medium,337.0,0.930939226519337,Java_none_Java_medium_results.csv
163,53,2,none,medium,172.0,0.9502762430939228,Java_none_Java_medium_results.csv
163,57,2,none,medium,161.0,0.8895027624309392,Java_none_Java_medium_results.csv
163,54,2,none,medium,157.0,0.8674033149171271,Java_none_Java_medium_results.csv
163,66,2,none,medium,163.0,0.9005524861878453,Java_none_Java_medium_results.csv
163,58,2,none,medium,156.0,0.861878453038674,Java_none_Java_medium_results.csv
163,62,2,none,medium,169.0,0.9337016574585636,Java_none_Java_medium_results.csv
163,50,2,none,medium,300.0,0.9230769230769232,Java_none_Java_medium_results.csv
163,61,2,none,medium,178.0,0.8516746411483254,Java_none_Java_medium_results.csv
163,88,2,none,medium,171.0,0.9447513812154696,Java_none_Java_medium_results.csv
163,55,2,none,medium,346.0,0.8894601542416453,Java_none_Java_medium_results.csv
163,75,2,none,medium,249.0,0.8892857142857142,Java_none_Java_medium_results.csv
163,73,2,none,medium,290.0,0.8605341246290801,Java_none_Java_medium_results.csv
163,72,2,none,medium,270.0,0.8256880733944955,Java_none_Java_medium_results.csv
163,84,2,none,medium,201.0,0.8007968127490039,Java_none_Java_medium_results.csv
163,81,2,none,medium,253.0,0.8187702265372169,Java_none_Java_medium_results.csv
163,83,2,none,medium,272.0,0.8690095846645367,Java_none_Java_medium_results.csv
163,108,2,none,medium,160.0,0.8839779005524862,Java_none_Java_medium_results.csv
163,105,2,none,medium,174.0,0.9613259668508288,Java_none_Java_medium_results.csv
163,91,2,none,medium,196.0,0.875,Java_none_Java_medium_results.csv
163,115,2,none,medium,173.0,0.9558011049723756,Java_none_Java_medium_results.csv
163,112,2,none,medium,207.0,0.9324324324324323,Java_none_Java_medium_results.csv
163,125,2,none,medium,158.0,0.8729281767955801,Java_none_Java_medium_results.csv
163,97,2,none,medium,238.0,0.85,Java_none_Java_medium_results.csv
163,117,2,none,medium,204.0,0.8395061728395061,Java_none_Java_medium_results.csv
163,89,2,none,medium,345.0,0.8253588516746412,Java_none_Java_medium_results.csv
163,120,2,none,medium,214.0,0.9344978165938864,Java_none_Java_medium_results.csv
163,143,2,none,medium,143.0,0.7900552486187845,Java_none_Java_medium_results.csv
163,142,2,none,medium,202.0,0.905829596412556,Java_none_Java_medium_results.csv
163,145,2,none,medium,175.0,0.9615384615384616,Java_none_Java_medium_results.csv
163,155,2,none,medium,183.0,0.905940594059406,Java_none_Java_medium_results.csv
163,158,2,none,medium,187.0,0.9211822660098522,Java_none_Java_medium_results.csv
163,147,2,none,medium,252.0,0.9032258064516128,Java_none_Java_medium_results.csv
163,135,2,none,medium,353.0,0.9097938144329896,Java_none_Java_medium_results.csv
163,169,2,none,medium,154.0,0.850828729281768,Java_none_Java_medium_results.csv
163,190,2,none,medium,145.0,0.8011049723756906,Java_none_Java_medium_results.csv
163,185,2,none,medium,156.0,0.861878453038674,Java_none_Java_medium_results.csv
163,171,2,none,medium,255.0,0.9042553191489362,Java_none_Java_medium_results.csv
163,191,2,none,medium,196.0,0.7935222672064778,Java_none_Java_medium_results.csv
163,151,2,none,medium,473.0,0.9311023622047244,Java_none_Java_medium_results.csv
163,203,2,none,medium,167.0,0.9226519337016574,Java_none_Java_medium_results.csv
163,192,2,none,medium,292.0,0.948051948051948,Java_none_Java_medium_results.csv
163,197,2,none,medium,214.0,0.8458498023715415,Java_none_Java_medium_results.csv
163,168,2,none,medium,463.0,0.933467741935484,Java_none_Java_medium_results.csv
163,210,2,none,medium,142.0,0.7845303867403315,Java_none_Java_medium_results.csv
163,212,2,none,medium,173.0,0.9558011049723756,Java_none_Java_medium_results.csv
163,206,2,none,medium,230.0,0.8614232209737828,Java_none_Java_medium_results.csv
163,194,2,none,medium,471.0,0.925343811394892,Java_none_Java_medium_results.csv
181,6,2,none,medium,115.0,0.8984375,Java_none_Java_medium_results.csv
181,4,2,none,medium,169.0,0.8284313725490197,Java_none_Java_medium_results.csv
163,207,2,none,medium,269.0,0.817629179331307,Java_none_Java_medium_results.csv
181,14,2,none,medium,134.0,0.8535031847133758,Java_none_Java_medium_results.csv
163,214,2,none,medium,269.0,0.9438596491228072,Java_none_Java_medium_results.csv
181,15,2,none,medium,160.0,0.8839779005524862,Java_none_Java_medium_results.csv
163,215,2,none,medium,224.0,0.8682170542635659,Java_none_Java_medium_results.csv
181,16,2,none,medium,176.0,0.8186046511627907,Java_none_Java_medium_results.csv
181,17,2,none,medium,188.0,0.8584474885844748,Java_none_Java_medium_results.csv
181,20,2,none,medium,170.0,0.845771144278607,Java_none_Java_medium_results.csv
181,24,2,none,medium,191.0,0.9182692307692308,Java_none_Java_medium_results.csv
163,202,2,none,medium,511.0,0.8780068728522337,Java_none_Java_medium_results.csv
181,18,2,none,medium,279.0,0.9238410596026492,Java_none_Java_medium_results.csv
181,32,2,none,medium,108.0,0.7714285714285715,Java_none_Java_medium_results.csv
181,33,2,none,medium,234.0,0.9140625,Java_none_Java_medium_results.csv
181,42,2,none,medium,102.0,0.9107142857142856,Java_none_Java_medium_results.csv
181,51,2,none,medium,89.0,0.946808510638298,Java_none_Java_medium_results.csv
181,40,2,none,medium,151.0,0.848314606741573,Java_none_Java_medium_results.csv
181,25,2,none,medium,315.0,0.8701657458563536,Java_none_Java_medium_results.csv
181,54,2,none,medium,129.0,0.8896551724137931,Java_none_Java_medium_results.csv
181,57,2,none,medium,89.0,0.946808510638298,Java_none_Java_medium_results.csv
181,53,2,none,medium,158.0,0.9132947976878611,Java_none_Java_medium_results.csv
181,66,2,none,medium,90.0,0.9574468085106383,Java_none_Java_medium_results.csv
181,62,2,none,medium,127.0,0.927007299270073,Java_none_Java_medium_results.csv
181,58,2,none,medium,135.0,0.8709677419354839,Java_none_Java_medium_results.csv
181,50,2,none,medium,307.0,0.9446153846153846,Java_none_Java_medium_results.csv
181,61,2,none,medium,185.0,0.8851674641148325,Java_none_Java_medium_results.csv
181,88,2,none,medium,85.0,0.9042553191489362,Java_none_Java_medium_results.csv
181,55,2,none,medium,337.0,0.8663239074550129,Java_none_Java_medium_results.csv
181,72,2,none,medium,300.0,0.9174311926605504,Java_none_Java_medium_results.csv
181,75,2,none,medium,256.0,0.9142857142857144,Java_none_Java_medium_results.csv
181,73,2,none,medium,307.0,0.9109792284866468,Java_none_Java_medium_results.csv
181,84,2,none,medium,222.0,0.8844621513944223,Java_none_Java_medium_results.csv
181,81,2,none,medium,280.0,0.906148867313916,Java_none_Java_medium_results.csv
181,83,2,none,medium,284.0,0.9073482428115016,Java_none_Java_medium_results.csv
181,108,2,none,medium,91.0,0.9680851063829788,Java_none_Java_medium_results.csv
181,91,2,none,medium,205.0,0.9151785714285714,Java_none_Java_medium_results.csv
181,105,2,none,medium,123.0,0.9044117647058824,Java_none_Java_medium_results.csv
181,115,2,none,medium,125.0,0.8680555555555556,Java_none_Java_medium_results.csv
181,112,2,none,medium,203.0,0.9144144144144144,Java_none_Java_medium_results.csv
181,89,2,none,medium,383.0,0.916267942583732,Java_none_Java_medium_results.csv
181,97,2,none,medium,256.0,0.9142857142857144,Java_none_Java_medium_results.csv
181,125,2,none,medium,94.0,0.8545454545454545,Java_none_Java_medium_results.csv
181,117,2,none,medium,221.0,0.9094650205761317,Java_none_Java_medium_results.csv
181,120,2,none,medium,198.0,0.8646288209606987,Java_none_Java_medium_results.csv
181,143,2,none,medium,115.0,0.8712121212121212,Java_none_Java_medium_results.csv
181,142,2,none,medium,206.0,0.9237668161434978,Java_none_Java_medium_results.csv
181,145,2,none,medium,163.0,0.8956043956043956,Java_none_Java_medium_results.csv
181,155,2,none,medium,181.0,0.8960396039603961,Java_none_Java_medium_results.csv
181,147,2,none,medium,233.0,0.8351254480286738,Java_none_Java_medium_results.csv
181,135,2,none,medium,355.0,0.9149484536082474,Java_none_Java_medium_results.csv
181,158,2,none,medium,176.0,0.8669950738916257,Java_none_Java_medium_results.csv
181,169,2,none,medium,137.0,0.85625,Java_none_Java_medium_results.csv
181,190,2,none,medium,93.0,0.96875,Java_none_Java_medium_results.csv
181,185,2,none,medium,92.0,0.7479674796747967,Java_none_Java_medium_results.csv
181,171,2,none,medium,261.0,0.925531914893617,Java_none_Java_medium_results.csv
181,151,2,none,medium,450.0,0.8858267716535433,Java_none_Java_medium_results.csv
181,191,2,none,medium,221.0,0.8947368421052632,Java_none_Java_medium_results.csv
181,203,2,none,medium,94.0,0.9591836734693876,Java_none_Java_medium_results.csv
181,192,2,none,medium,277.0,0.8993506493506493,Java_none_Java_medium_results.csv
181,168,2,none,medium,454.0,0.9153225806451613,Java_none_Java_medium_results.csv
181,197,2,none,medium,224.0,0.8853754940711462,Java_none_Java_medium_results.csv
181,210,2,none,medium,122.0,0.8840579710144928,Java_none_Java_medium_results.csv
181,212,2,none,medium,145.0,0.8950617283950617,Java_none_Java_medium_results.csv
181,206,2,none,medium,243.0,0.9101123595505618,Java_none_Java_medium_results.csv
181,194,2,none,medium,458.0,0.899803536345776,Java_none_Java_medium_results.csv
181,214,2,none,medium,245.0,0.8596491228070176,Java_none_Java_medium_results.csv
181,215,2,none,medium,236.0,0.9147286821705426,Java_none_Java_medium_results.csv
181,207,2,none,medium,303.0,0.9209726443768996,Java_none_Java_medium_results.csv
189,6,2,none,medium,124.0,0.96875,Java_none_Java_medium_results.csv
189,14,2,none,medium,146.0,0.929936305732484,Java_none_Java_medium_results.csv
189,4,2,none,medium,176.0,0.8627450980392157,Java_none_Java_medium_results.csv
181,202,2,none,medium,556.0,0.9553264604810996,Java_none_Java_medium_results.csv
189,15,2,none,medium,166.0,0.9171270718232044,Java_none_Java_medium_results.csv
189,16,2,none,medium,200.0,0.9302325581395348,Java_none_Java_medium_results.csv
189,17,2,none,medium,196.0,0.8949771689497716,Java_none_Java_medium_results.csv
189,32,2,none,medium,133.0,0.95,Java_none_Java_medium_results.csv
189,24,2,none,medium,163.0,0.7836538461538461,Java_none_Java_medium_results.csv
189,20,2,none,medium,176.0,0.8756218905472637,Java_none_Java_medium_results.csv
189,18,2,none,medium,260.0,0.8609271523178808,Java_none_Java_medium_results.csv
189,42,2,none,medium,103.0,0.9196428571428572,Java_none_Java_medium_results.csv
189,51,2,none,medium,87.0,0.7909090909090909,Java_none_Java_medium_results.csv
189,40,2,none,medium,164.0,0.9213483146067416,Java_none_Java_medium_results.csv
189,25,2,none,medium,331.0,0.914364640883978,Java_none_Java_medium_results.csv
189,33,2,none,medium,226.0,0.8828125,Java_none_Java_medium_results.csv
189,53,2,none,medium,158.0,0.9132947976878611,Java_none_Java_medium_results.csv
189,57,2,none,medium,100.0,0.9090909090909092,Java_none_Java_medium_results.csv
189,54,2,none,medium,115.0,0.7931034482758621,Java_none_Java_medium_results.csv
189,66,2,none,medium,97.0,0.8818181818181818,Java_none_Java_medium_results.csv
189,58,2,none,medium,122.0,0.7870967741935484,Java_none_Java_medium_results.csv
189,50,2,none,medium,284.0,0.8738461538461538,Java_none_Java_medium_results.csv
189,62,2,none,medium,130.0,0.948905109489051,Java_none_Java_medium_results.csv
189,61,2,none,medium,177.0,0.84688995215311,Java_none_Java_medium_results.csv
189,88,2,none,medium,106.0,0.9636363636363636,Java_none_Java_medium_results.csv
189,55,2,none,medium,351.0,0.9023136246786632,Java_none_Java_medium_results.csv
189,72,2,none,medium,278.0,0.8501529051987767,Java_none_Java_medium_results.csv
189,84,2,none,medium,211.0,0.8406374501992032,Java_none_Java_medium_results.csv
189,81,2,none,medium,251.0,0.8122977346278317,Java_none_Java_medium_results.csv
189,75,2,none,medium,241.0,0.8607142857142858,Java_none_Java_medium_results.csv
189,73,2,none,medium,294.0,0.8724035608308606,Java_none_Java_medium_results.csv
189,83,2,none,medium,275.0,0.8785942492012779,Java_none_Java_medium_results.csv
189,108,2,none,medium,99.0,0.9,Java_none_Java_medium_results.csv
189,105,2,none,medium,132.0,0.9705882352941176,Java_none_Java_medium_results.csv
189,91,2,none,medium,174.0,0.7767857142857143,Java_none_Java_medium_results.csv
189,115,2,none,medium,132.0,0.9166666666666666,Java_none_Java_medium_results.csv
189,112,2,none,medium,210.0,0.945945945945946,Java_none_Java_medium_results.csv
189,97,2,none,medium,232.0,0.8285714285714286,Java_none_Java_medium_results.csv
189,125,2,none,medium,104.0,0.9454545454545454,Java_none_Java_medium_results.csv
189,89,2,none,medium,356.0,0.8516746411483254,Java_none_Java_medium_results.csv
189,117,2,none,medium,194.0,0.7983539094650206,Java_none_Java_medium_results.csv
189,120,2,none,medium,206.0,0.8995633187772926,Java_none_Java_medium_results.csv
189,143,2,none,medium,108.0,0.8181818181818182,Java_none_Java_medium_results.csv
189,142,2,none,medium,195.0,0.874439461883408,Java_none_Java_medium_results.csv
189,145,2,none,medium,163.0,0.8956043956043956,Java_none_Java_medium_results.csv
189,158,2,none,medium,182.0,0.896551724137931,Java_none_Java_medium_results.csv
189,155,2,none,medium,168.0,0.8316831683168316,Java_none_Java_medium_results.csv
189,147,2,none,medium,260.0,0.931899641577061,Java_none_Java_medium_results.csv
189,169,2,none,medium,137.0,0.85625,Java_none_Java_medium_results.csv
189,135,2,none,medium,364.0,0.9381443298969072,Java_none_Java_medium_results.csv
189,190,2,none,medium,74.0,0.6727272727272727,Java_none_Java_medium_results.csv
189,185,2,none,medium,114.0,0.926829268292683,Java_none_Java_medium_results.csv
189,171,2,none,medium,245.0,0.8687943262411347,Java_none_Java_medium_results.csv
189,151,2,none,medium,471.0,0.9271653543307088,Java_none_Java_medium_results.csv
189,191,2,none,medium,204.0,0.8259109311740891,Java_none_Java_medium_results.csv
189,168,2,none,medium,469.0,0.9455645161290324,Java_none_Java_medium_results.csv
189,203,2,none,medium,103.0,0.9363636363636364,Java_none_Java_medium_results.csv
189,192,2,none,medium,294.0,0.9545454545454546,Java_none_Java_medium_results.csv
189,197,2,none,medium,208.0,0.8221343873517787,Java_none_Java_medium_results.csv
189,210,2,none,medium,119.0,0.8623188405797102,Java_none_Java_medium_results.csv
189,212,2,none,medium,149.0,0.9197530864197532,Java_none_Java_medium_results.csv
189,206,2,none,medium,231.0,0.8651685393258427,Java_none_Java_medium_results.csv
189,194,2,none,medium,475.0,0.9332023575638508,Java_none_Java_medium_results.csv
189,207,2,none,medium,283.0,0.8601823708206687,Java_none_Java_medium_results.csv
189,215,2,none,medium,217.0,0.8410852713178295,Java_none_Java_medium_results.csv
189,214,2,none,medium,272.0,0.9543859649122808,Java_none_Java_medium_results.csv
189,202,2,none,medium,530.0,0.9106529209621992,Java_none_Java_medium_results.csv
196,6,2,none,medium,380.0,0.9571788413098236,Java_none_Java_medium_results.csv
196,4,2,none,medium,373.0,0.9395465994962215,Java_none_Java_medium_results.csv
196,14,2,none,medium,382.0,0.9622166246851386,Java_none_Java_medium_results.csv
196,15,2,none,medium,377.0,0.9496221662468514,Java_none_Java_medium_results.csv
196,17,2,none,medium,382.0,0.9622166246851386,Java_none_Java_medium_results.csv
196,20,2,none,medium,382.0,0.9622166246851386,Java_none_Java_medium_results.csv
196,16,2,none,medium,378.0,0.9521410579345088,Java_none_Java_medium_results.csv
196,32,2,none,medium,385.0,0.9697732997481108,Java_none_Java_medium_results.csv
196,24,2,none,medium,357.0,0.8992443324937027,Java_none_Java_medium_results.csv
196,18,2,none,medium,361.0,0.9093198992443324,Java_none_Java_medium_results.csv
196,42,2,none,medium,343.0,0.8639798488664987,Java_none_Java_medium_results.csv
196,51,2,none,medium,358.0,0.9017632241813602,Java_none_Java_medium_results.csv
196,33,2,none,medium,355.0,0.8942065491183879,Java_none_Java_medium_results.csv
196,40,2,none,medium,380.0,0.9571788413098236,Java_none_Java_medium_results.csv
196,54,2,none,medium,338.0,0.8513853904282116,Java_none_Java_medium_results.csv
196,57,2,none,medium,379.0,0.9546599496221664,Java_none_Java_medium_results.csv
196,53,2,none,medium,374.0,0.9420654911838792,Java_none_Java_medium_results.csv
196,25,2,none,medium,382.0,0.9622166246851386,Java_none_Java_medium_results.csv
196,66,2,none,medium,374.0,0.9420654911838792,Java_none_Java_medium_results.csv
196,50,2,none,medium,364.0,0.9168765743073048,Java_none_Java_medium_results.csv
196,58,2,none,medium,350.0,0.8816120906801007,Java_none_Java_medium_results.csv
196,62,2,none,medium,383.0,0.964735516372796,Java_none_Java_medium_results.csv
196,61,2,none,medium,351.0,0.8841309823677582,Java_none_Java_medium_results.csv
196,88,2,none,medium,391.0,0.9848866498740554,Java_none_Java_medium_results.csv
196,55,2,none,medium,388.0,0.9773299748110832,Java_none_Java_medium_results.csv
196,75,2,none,medium,351.0,0.8841309823677582,Java_none_Java_medium_results.csv
196,72,2,none,medium,364.0,0.9168765743073048,Java_none_Java_medium_results.csv
196,73,2,none,medium,352.0,0.8866498740554156,Java_none_Java_medium_results.csv
196,84,2,none,medium,356.0,0.8967254408060453,Java_none_Java_medium_results.csv
196,81,2,none,medium,357.0,0.8992443324937027,Java_none_Java_medium_results.csv
196,83,2,none,medium,358.0,0.9017632241813602,Java_none_Java_medium_results.csv
196,108,2,none,medium,367.0,0.924433249370277,Java_none_Java_medium_results.csv
196,91,2,none,medium,355.0,0.8942065491183879,Java_none_Java_medium_results.csv
196,105,2,none,medium,381.0,0.9596977329974812,Java_none_Java_medium_results.csv
196,115,2,none,medium,383.0,0.964735516372796,Java_none_Java_medium_results.csv
196,112,2,none,medium,371.0,0.9345088161209067,Java_none_Java_medium_results.csv
196,125,2,none,medium,380.0,0.9571788413098236,Java_none_Java_medium_results.csv
196,97,2,none,medium,359.0,0.9042821158690176,Java_none_Java_medium_results.csv
196,120,2,none,medium,378.0,0.9521410579345088,Java_none_Java_medium_results.csv
196,117,2,none,medium,358.0,0.9017632241813602,Java_none_Java_medium_results.csv
196,89,2,none,medium,380.0,0.9090909090909092,Java_none_Java_medium_results.csv
196,143,2,none,medium,350.0,0.8816120906801007,Java_none_Java_medium_results.csv
196,142,2,none,medium,351.0,0.8841309823677582,Java_none_Java_medium_results.csv
196,145,2,none,medium,384.0,0.9672544080604534,Java_none_Java_medium_results.csv
196,155,2,none,medium,348.0,0.8765743073047859,Java_none_Java_medium_results.csv
196,135,2,none,medium,378.0,0.9521410579345088,Java_none_Java_medium_results.csv
196,158,2,none,medium,376.0,0.947103274559194,Java_none_Java_medium_results.csv
196,147,2,none,medium,382.0,0.9622166246851386,Java_none_Java_medium_results.csv
196,169,2,none,medium,340.0,0.8564231738035264,Java_none_Java_medium_results.csv
196,190,2,none,medium,352.0,0.8866498740554156,Java_none_Java_medium_results.csv
196,185,2,none,medium,375.0,0.9445843828715366,Java_none_Java_medium_results.csv
196,171,2,none,medium,354.0,0.8916876574307305,Java_none_Java_medium_results.csv
196,191,2,none,medium,359.0,0.9042821158690176,Java_none_Java_medium_results.csv
196,151,2,none,medium,481.0,0.9468503937007874,Java_none_Java_medium_results.csv
196,203,2,none,medium,372.0,0.9370277078085644,Java_none_Java_medium_results.csv
196,192,2,none,medium,386.0,0.9722921914357684,Java_none_Java_medium_results.csv
196,168,2,none,medium,473.0,0.9536290322580644,Java_none_Java_medium_results.csv
196,197,2,none,medium,346.0,0.871536523929471,Java_none_Java_medium_results.csv
196,210,2,none,medium,358.0,0.9017632241813602,Java_none_Java_medium_results.csv
196,212,2,none,medium,380.0,0.9571788413098236,Java_none_Java_medium_results.csv
201,4,2,none,medium,169.0,0.8284313725490197,Java_none_Java_medium_results.csv
201,6,2,none,medium,126.0,0.984375,Java_none_Java_medium_results.csv
196,206,2,none,medium,344.0,0.8664987405541562,Java_none_Java_medium_results.csv
196,194,2,none,medium,489.0,0.9607072691552064,Java_none_Java_medium_results.csv
201,14,2,none,medium,149.0,0.9490445859872612,Java_none_Java_medium_results.csv
196,207,2,none,medium,367.0,0.924433249370277,Java_none_Java_medium_results.csv
201,15,2,none,medium,165.0,0.9116022099447514,Java_none_Java_medium_results.csv
201,16,2,none,medium,191.0,0.8883720930232558,Java_none_Java_medium_results.csv
196,214,2,none,medium,377.0,0.9496221662468514,Java_none_Java_medium_results.csv
196,215,2,none,medium,347.0,0.8740554156171285,Java_none_Java_medium_results.csv
201,17,2,none,medium,196.0,0.8949771689497716,Java_none_Java_medium_results.csv
201,20,2,none,medium,165.0,0.8208955223880597,Java_none_Java_medium_results.csv
201,18,2,none,medium,274.0,0.9072847682119204,Java_none_Java_medium_results.csv
196,202,2,none,medium,502.0,0.8625429553264605,Java_none_Java_medium_results.csv
201,24,2,none,medium,186.0,0.8942307692307693,Java_none_Java_medium_results.csv
201,32,2,none,medium,125.0,0.8928571428571429,Java_none_Java_medium_results.csv
201,42,2,none,medium,118.0,0.9833333333333332,Java_none_Java_medium_results.csv
201,51,2,none,medium,107.0,0.8916666666666667,Java_none_Java_medium_results.csv
201,40,2,none,medium,160.0,0.898876404494382,Java_none_Java_medium_results.csv
201,33,2,none,medium,244.0,0.953125,Java_none_Java_medium_results.csv
201,54,2,none,medium,136.0,0.9379310344827586,Java_none_Java_medium_results.csv
201,53,2,none,medium,162.0,0.9364161849710982,Java_none_Java_medium_results.csv
201,57,2,none,medium,105.0,0.875,Java_none_Java_medium_results.csv
201,25,2,none,medium,340.0,0.9392265193370166,Java_none_Java_medium_results.csv
201,58,2,none,medium,149.0,0.9612903225806452,Java_none_Java_medium_results.csv
201,66,2,none,medium,112.0,0.9333333333333332,Java_none_Java_medium_results.csv
201,50,2,none,medium,304.0,0.9353846153846154,Java_none_Java_medium_results.csv
201,62,2,none,medium,131.0,0.9562043795620438,Java_none_Java_medium_results.csv
201,61,2,none,medium,197.0,0.9425837320574164,Java_none_Java_medium_results.csv
201,55,2,none,medium,337.0,0.8663239074550129,Java_none_Java_medium_results.csv
201,88,2,none,medium,109.0,0.9083333333333332,Java_none_Java_medium_results.csv
201,75,2,none,medium,261.0,0.9321428571428572,Java_none_Java_medium_results.csv
201,72,2,none,medium,301.0,0.9204892966360856,Java_none_Java_medium_results.csv
201,73,2,none,medium,318.0,0.9436201780415432,Java_none_Java_medium_results.csv
201,81,2,none,medium,282.0,0.912621359223301,Java_none_Java_medium_results.csv
201,84,2,none,medium,231.0,0.9203187250996016,Java_none_Java_medium_results.csv
201,83,2,none,medium,290.0,0.926517571884984,Java_none_Java_medium_results.csv
201,91,2,none,medium,209.0,0.9330357142857144,Java_none_Java_medium_results.csv
201,108,2,none,medium,111.0,0.925,Java_none_Java_medium_results.csv
201,105,2,none,medium,127.0,0.9338235294117648,Java_none_Java_medium_results.csv
201,115,2,none,medium,139.0,0.9652777777777778,Java_none_Java_medium_results.csv
201,112,2,none,medium,210.0,0.945945945945946,Java_none_Java_medium_results.csv
201,97,2,none,medium,264.0,0.9428571428571428,Java_none_Java_medium_results.csv
201,125,2,none,medium,112.0,0.9333333333333332,Java_none_Java_medium_results.csv
201,89,2,none,medium,389.0,0.930622009569378,Java_none_Java_medium_results.csv
201,117,2,none,medium,219.0,0.9012345679012346,Java_none_Java_medium_results.csv
201,120,2,none,medium,200.0,0.8733624454148472,Java_none_Java_medium_results.csv
201,143,2,none,medium,126.0,0.9545454545454546,Java_none_Java_medium_results.csv
201,142,2,none,medium,214.0,0.9596412556053812,Java_none_Java_medium_results.csv
201,145,2,none,medium,161.0,0.8846153846153846,Java_none_Java_medium_results.csv
201,155,2,none,medium,193.0,0.9554455445544554,Java_none_Java_medium_results.csv
201,147,2,none,medium,251.0,0.899641577060932,Java_none_Java_medium_results.csv
201,135,2,none,medium,354.0,0.9123711340206184,Java_none_Java_medium_results.csv
201,169,2,none,medium,152.0,0.95,Java_none_Java_medium_results.csv
201,158,2,none,medium,178.0,0.8768472906403941,Java_none_Java_medium_results.csv
201,190,2,none,medium,109.0,0.9083333333333332,Java_none_Java_medium_results.csv
201,185,2,none,medium,120.0,0.975609756097561,Java_none_Java_medium_results.csv
201,171,2,none,medium,272.0,0.9645390070921984,Java_none_Java_medium_results.csv
201,191,2,none,medium,228.0,0.9230769230769232,Java_none_Java_medium_results.csv
201,151,2,none,medium,467.0,0.9192913385826772,Java_none_Java_medium_results.csv
201,203,2,none,medium,116.0,0.9666666666666668,Java_none_Java_medium_results.csv
201,192,2,none,medium,276.0,0.8961038961038961,Java_none_Java_medium_results.csv
201,168,2,none,medium,448.0,0.9032258064516128,Java_none_Java_medium_results.csv
201,197,2,none,medium,242.0,0.9565217391304348,Java_none_Java_medium_results.csv
201,210,2,none,medium,133.0,0.9637681159420288,Java_none_Java_medium_results.csv
201,206,2,none,medium,248.0,0.9288389513108616,Java_none_Java_medium_results.csv
201,194,2,none,medium,471.0,0.925343811394892,Java_none_Java_medium_results.csv
204,6,2,none,medium,124.0,0.96875,Java_none_Java_medium_results.csv
204,4,2,none,medium,196.0,0.9607843137254902,Java_none_Java_medium_results.csv
201,212,2,none,medium,155.0,0.9567901234567902,Java_none_Java_medium_results.csv
204,14,2,none,medium,154.0,0.9808917197452228,Java_none_Java_medium_results.csv
204,15,2,none,medium,177.0,0.9779005524861878,Java_none_Java_medium_results.csv
201,207,2,none,medium,305.0,0.9270516717325228,Java_none_Java_medium_results.csv
204,18,2,none,medium,290.0,0.9602649006622516,Java_none_Java_medium_results.csv
204,16,2,none,medium,209.0,0.972093023255814,Java_none_Java_medium_results.csv
204,17,2,none,medium,213.0,0.9726027397260274,Java_none_Java_medium_results.csv
201,215,2,none,medium,238.0,0.9224806201550388,Java_none_Java_medium_results.csv
204,20,2,none,medium,196.0,0.9751243781094528,Java_none_Java_medium_results.csv
204,24,2,none,medium,197.0,0.9471153846153846,Java_none_Java_medium_results.csv
201,202,2,none,medium,555.0,0.9536082474226804,Java_none_Java_medium_results.csv
201,214,2,none,medium,265.0,0.9298245614035088,Java_none_Java_medium_results.csv
204,32,2,none,medium,135.0,0.9642857142857144,Java_none_Java_medium_results.csv
204,42,2,none,medium,104.0,0.9285714285714286,Java_none_Java_medium_results.csv
204,40,2,none,medium,174.0,0.9775280898876404,Java_none_Java_medium_results.csv
204,51,2,none,medium,82.0,0.9111111111111112,Java_none_Java_medium_results.csv
204,33,2,none,medium,246.0,0.9609375,Java_none_Java_medium_results.csv
204,25,2,none,medium,354.0,0.9779005524861878,Java_none_Java_medium_results.csv
204,54,2,none,medium,133.0,0.9172413793103448,Java_none_Java_medium_results.csv
204,57,2,none,medium,80.0,0.9302325581395348,Java_none_Java_medium_results.csv
204,50,2,none,medium,314.0,0.966153846153846,Java_none_Java_medium_results.csv
204,53,2,none,medium,167.0,0.9653179190751444,Java_none_Java_medium_results.csv
204,62,2,none,medium,133.0,0.9708029197080292,Java_none_Java_medium_results.csv
204,58,2,none,medium,146.0,0.9419354838709676,Java_none_Java_medium_results.csv
204,66,2,none,medium,53.0,0.913793103448276,Java_none_Java_medium_results.csv
204,61,2,none,medium,198.0,0.9473684210526316,Java_none_Java_medium_results.csv
204,55,2,none,medium,382.0,0.9820051413881749,Java_none_Java_medium_results.csv
204,88,2,none,medium,75.0,0.9615384615384616,Java_none_Java_medium_results.csv
204,75,2,none,medium,269.0,0.9607142857142856,Java_none_Java_medium_results.csv
204,72,2,none,medium,314.0,0.9602446483180428,Java_none_Java_medium_results.csv
204,73,2,none,medium,324.0,0.9614243323442137,Java_none_Java_medium_results.csv
204,84,2,none,medium,243.0,0.9681274900398408,Java_none_Java_medium_results.csv
204,83,2,none,medium,297.0,0.9488817891373802,Java_none_Java_medium_results.csv
204,81,2,none,medium,293.0,0.948220064724919,Java_none_Java_medium_results.csv
204,108,2,none,medium,78.0,0.9176470588235294,Java_none_Java_medium_results.csv
204,105,2,none,medium,132.0,0.9705882352941176,Java_none_Java_medium_results.csv
204,91,2,none,medium,212.0,0.9464285714285714,Java_none_Java_medium_results.csv
204,115,2,none,medium,140.0,0.9722222222222222,Java_none_Java_medium_results.csv
204,89,2,none,medium,405.0,0.9688995215311004,Java_none_Java_medium_results.csv
204,112,2,none,medium,215.0,0.9684684684684683,Java_none_Java_medium_results.csv
204,97,2,none,medium,267.0,0.9535714285714286,Java_none_Java_medium_results.csv
204,125,2,none,medium,103.0,0.9363636363636364,Java_none_Java_medium_results.csv
204,117,2,none,medium,233.0,0.9588477366255144,Java_none_Java_medium_results.csv
204,120,2,none,medium,221.0,0.965065502183406,Java_none_Java_medium_results.csv
204,143,2,none,medium,122.0,0.9242424242424242,Java_none_Java_medium_results.csv
204,145,2,none,medium,177.0,0.9725274725274724,Java_none_Java_medium_results.csv
204,142,2,none,medium,210.0,0.9417040358744396,Java_none_Java_medium_results.csv
204,147,2,none,medium,275.0,0.985663082437276,Java_none_Java_medium_results.csv
204,155,2,none,medium,192.0,0.9504950495049505,Java_none_Java_medium_results.csv
204,135,2,none,medium,380.0,0.979381443298969,Java_none_Java_medium_results.csv
204,158,2,none,medium,195.0,0.9605911330049262,Java_none_Java_medium_results.csv
204,185,2,none,medium,119.0,0.967479674796748,Java_none_Java_medium_results.csv
204,169,2,none,medium,151.0,0.94375,Java_none_Java_medium_results.csv
204,190,2,none,medium,90.0,0.9375,Java_none_Java_medium_results.csv
204,171,2,none,medium,273.0,0.9680851063829788,Java_none_Java_medium_results.csv
204,151,2,none,medium,501.0,0.9862204724409448,Java_none_Java_medium_results.csv
204,191,2,none,medium,236.0,0.9554655870445344,Java_none_Java_medium_results.csv
204,203,2,none,medium,92.0,0.9387755102040816,Java_none_Java_medium_results.csv
204,168,2,none,medium,486.0,0.9798387096774194,Java_none_Java_medium_results.csv
204,197,2,none,medium,242.0,0.9565217391304348,Java_none_Java_medium_results.csv
204,192,2,none,medium,302.0,0.9805194805194806,Java_none_Java_medium_results.csv
204,210,2,none,medium,128.0,0.927536231884058,Java_none_Java_medium_results.csv
204,206,2,none,medium,257.0,0.9625468164794008,Java_none_Java_medium_results.csv
204,212,2,none,medium,156.0,0.9629629629629628,Java_none_Java_medium_results.csv
204,207,2,none,medium,314.0,0.9544072948328268,Java_none_Java_medium_results.csv
204,194,2,none,medium,498.0,0.9783889980353636,Java_none_Java_medium_results.csv
204,202,2,none,medium,567.0,0.9742268041237112,Java_none_Java_medium_results.csv
204,215,2,none,medium,245.0,0.9496124031007752,Java_none_Java_medium_results.csv
204,214,2,none,medium,279.0,0.9789473684210528,Java_none_Java_medium_results.csv
211,6,2,none,medium,243.0,0.8209459459459459,Java_none_Java_medium_results.csv
211,14,2,none,medium,249.0,0.8412162162162162,Java_none_Java_medium_results.csv
211,15,2,none,medium,252.0,0.8513513513513513,Java_none_Java_medium_results.csv
211,4,2,none,medium,254.0,0.8581081081081081,Java_none_Java_medium_results.csv
211,16,2,none,medium,249.0,0.8412162162162162,Java_none_Java_medium_results.csv
211,20,2,none,medium,263.0,0.8885135135135135,Java_none_Java_medium_results.csv
211,17,2,none,medium,265.0,0.8952702702702703,Java_none_Java_medium_results.csv
211,18,2,none,medium,293.0,0.9701986754966888,Java_none_Java_medium_results.csv
211,32,2,none,medium,241.0,0.8141891891891891,Java_none_Java_medium_results.csv
211,42,2,none,medium,270.0,0.9121621621621622,Java_none_Java_medium_results.csv
211,24,2,none,medium,281.0,0.9493243243243245,Java_none_Java_medium_results.csv
211,40,2,none,medium,259.0,0.875,Java_none_Java_medium_results.csv
211,51,2,none,medium,270.0,0.9121621621621622,Java_none_Java_medium_results.csv
211,33,2,none,medium,267.0,0.902027027027027,Java_none_Java_medium_results.csv
211,57,2,none,medium,275.0,0.929054054054054,Java_none_Java_medium_results.csv
211,53,2,none,medium,258.0,0.8716216216216216,Java_none_Java_medium_results.csv
211,54,2,none,medium,265.0,0.8952702702702703,Java_none_Java_medium_results.csv
211,25,2,none,medium,325.0,0.8977900552486188,Java_none_Java_medium_results.csv
211,50,2,none,medium,318.0,0.9784615384615384,Java_none_Java_medium_results.csv
211,58,2,none,medium,255.0,0.8614864864864865,Java_none_Java_medium_results.csv
211,66,2,none,medium,281.0,0.9493243243243245,Java_none_Java_medium_results.csv
211,62,2,none,medium,246.0,0.831081081081081,Java_none_Java_medium_results.csv
211,61,2,none,medium,270.0,0.9121621621621622,Java_none_Java_medium_results.csv
211,88,2,none,medium,274.0,0.9256756756756755,Java_none_Java_medium_results.csv
211,55,2,none,medium,338.0,0.8688946015424165,Java_none_Java_medium_results.csv
211,72,2,none,medium,306.0,0.9357798165137616,Java_none_Java_medium_results.csv
211,75,2,none,medium,290.0,0.9797297297297296,Java_none_Java_medium_results.csv
211,84,2,none,medium,278.0,0.9391891891891893,Java_none_Java_medium_results.csv
211,83,2,none,medium,301.0,0.9616613418530352,Java_none_Java_medium_results.csv
211,81,2,none,medium,288.0,0.9320388349514565,Java_none_Java_medium_results.csv
211,73,2,none,medium,314.0,0.9317507418397626,Java_none_Java_medium_results.csv
211,108,2,none,medium,276.0,0.9324324324324323,Java_none_Java_medium_results.csv
211,91,2,none,medium,257.0,0.8682432432432432,Java_none_Java_medium_results.csv
211,105,2,none,medium,262.0,0.8851351351351351,Java_none_Java_medium_results.csv
211,115,2,none,medium,260.0,0.8783783783783784,Java_none_Java_medium_results.csv
211,97,2,none,medium,276.0,0.9324324324324323,Java_none_Java_medium_results.csv
211,125,2,none,medium,259.0,0.875,Java_none_Java_medium_results.csv
211,112,2,none,medium,256.0,0.8648648648648649,Java_none_Java_medium_results.csv
211,89,2,none,medium,390.0,0.9330143540669856,Java_none_Java_medium_results.csv
211,117,2,none,medium,273.0,0.9222972972972971,Java_none_Java_medium_results.csv
211,120,2,none,medium,250.0,0.8445945945945946,Java_none_Java_medium_results.csv
211,143,2,none,medium,276.0,0.9324324324324323,Java_none_Java_medium_results.csv
211,142,2,none,medium,274.0,0.9256756756756755,Java_none_Java_medium_results.csv
211,145,2,none,medium,264.0,0.8918918918918919,Java_none_Java_medium_results.csv
211,155,2,none,medium,261.0,0.8817567567567568,Java_none_Java_medium_results.csv
211,147,2,none,medium,263.0,0.8885135135135135,Java_none_Java_medium_results.csv
211,135,2,none,medium,362.0,0.9329896907216496,Java_none_Java_medium_results.csv
211,158,2,none,medium,244.0,0.8243243243243243,Java_none_Java_medium_results.csv
211,169,2,none,medium,263.0,0.8885135135135135,Java_none_Java_medium_results.csv
211,190,2,none,medium,266.0,0.8986486486486487,Java_none_Java_medium_results.csv
211,185,2,none,medium,240.0,0.8108108108108109,Java_none_Java_medium_results.csv
211,171,2,none,medium,287.0,0.9695945945945946,Java_none_Java_medium_results.csv
211,203,2,none,medium,271.0,0.9155405405405406,Java_none_Java_medium_results.csv
211,191,2,none,medium,272.0,0.918918918918919,Java_none_Java_medium_results.csv
211,151,2,none,medium,412.0,0.8110236220472441,Java_none_Java_medium_results.csv
211,168,2,none,medium,454.0,0.9153225806451613,Java_none_Java_medium_results.csv
211,192,2,none,medium,288.0,0.935064935064935,Java_none_Java_medium_results.csv
211,197,2,none,medium,268.0,0.9054054054054054,Java_none_Java_medium_results.csv
211,210,2,none,medium,264.0,0.8918918918918919,Java_none_Java_medium_results.csv
211,212,2,none,medium,260.0,0.8783783783783784,Java_none_Java_medium_results.csv
211,206,2,none,medium,260.0,0.8783783783783784,Java_none_Java_medium_results.csv
216,4,2,none,medium,181.0,0.8872549019607843,Java_none_Java_medium_results.csv
216,6,2,none,medium,122.0,0.953125,Java_none_Java_medium_results.csv
211,194,2,none,medium,451.0,0.8860510805500982,Java_none_Java_medium_results.csv
216,14,2,none,medium,151.0,0.961783439490446,Java_none_Java_medium_results.csv
211,207,2,none,medium,309.0,0.939209726443769,Java_none_Java_medium_results.csv
216,15,2,none,medium,172.0,0.9502762430939228,Java_none_Java_medium_results.csv
211,214,2,none,medium,279.0,0.9425675675675677,Java_none_Java_medium_results.csv
211,215,2,none,medium,281.0,0.9493243243243245,Java_none_Java_medium_results.csv
216,16,2,none,medium,202.0,0.9395348837209302,Java_none_Java_medium_results.csv
216,20,2,none,medium,189.0,0.9402985074626866,Java_none_Java_medium_results.csv
216,32,2,none,medium,133.0,0.95,Java_none_Java_medium_results.csv
216,17,2,none,medium,206.0,0.9406392694063926,Java_none_Java_medium_results.csv
216,24,2,none,medium,183.0,0.8798076923076923,Java_none_Java_medium_results.csv
216,18,2,none,medium,270.0,0.8940397350993378,Java_none_Java_medium_results.csv
211,202,2,none,medium,531.0,0.9123711340206184,Java_none_Java_medium_results.csv
216,42,2,none,medium,103.0,0.9196428571428572,Java_none_Java_medium_results.csv
216,51,2,none,medium,89.0,0.89,Java_none_Java_medium_results.csv
216,33,2,none,medium,225.0,0.87890625,Java_none_Java_medium_results.csv
216,40,2,none,medium,170.0,0.9550561797752808,Java_none_Java_medium_results.csv
216,25,2,none,medium,346.0,0.9558011049723756,Java_none_Java_medium_results.csv
216,53,2,none,medium,164.0,0.9479768786127168,Java_none_Java_medium_results.csv
216,57,2,none,medium,96.0,0.96,Java_none_Java_medium_results.csv
216,54,2,none,medium,124.0,0.8551724137931035,Java_none_Java_medium_results.csv
216,58,2,none,medium,133.0,0.8580645161290322,Java_none_Java_medium_results.csv
216,66,2,none,medium,88.0,0.88,Java_none_Java_medium_results.csv
216,50,2,none,medium,292.0,0.8984615384615384,Java_none_Java_medium_results.csv
216,61,2,none,medium,180.0,0.861244019138756,Java_none_Java_medium_results.csv
216,62,2,none,medium,131.0,0.9562043795620438,Java_none_Java_medium_results.csv
216,88,2,none,medium,98.0,0.98,Java_none_Java_medium_results.csv
216,55,2,none,medium,374.0,0.961439588688946,Java_none_Java_medium_results.csv
216,72,2,none,medium,293.0,0.8960244648318043,Java_none_Java_medium_results.csv
216,75,2,none,medium,250.0,0.8928571428571429,Java_none_Java_medium_results.csv
216,84,2,none,medium,220.0,0.8764940239043825,Java_none_Java_medium_results.csv
216,83,2,none,medium,283.0,0.9041533546325878,Java_none_Java_medium_results.csv
216,73,2,none,medium,303.0,0.8991097922848664,Java_none_Java_medium_results.csv
216,81,2,none,medium,278.0,0.8996763754045307,Java_none_Java_medium_results.csv
216,108,2,none,medium,89.0,0.89,Java_none_Java_medium_results.csv
216,91,2,none,medium,188.0,0.8392857142857143,Java_none_Java_medium_results.csv
216,105,2,none,medium,131.0,0.9632352941176472,Java_none_Java_medium_results.csv
216,115,2,none,medium,140.0,0.9722222222222222,Java_none_Java_medium_results.csv
216,112,2,none,medium,212.0,0.954954954954955,Java_none_Java_medium_results.csv
216,97,2,none,medium,248.0,0.8857142857142857,Java_none_Java_medium_results.csv
216,117,2,none,medium,205.0,0.8436213991769548,Java_none_Java_medium_results.csv
216,89,2,none,medium,380.0,0.9090909090909092,Java_none_Java_medium_results.csv
216,125,2,none,medium,103.0,0.9363636363636364,Java_none_Java_medium_results.csv
216,120,2,none,medium,216.0,0.9432314410480348,Java_none_Java_medium_results.csv
216,143,2,none,medium,106.0,0.803030303030303,Java_none_Java_medium_results.csv
216,142,2,none,medium,195.0,0.874439461883408,Java_none_Java_medium_results.csv
216,145,2,none,medium,173.0,0.9505494505494504,Java_none_Java_medium_results.csv
216,155,2,none,medium,175.0,0.8663366336633663,Java_none_Java_medium_results.csv
216,147,2,none,medium,268.0,0.9605734767025088,Java_none_Java_medium_results.csv
216,135,2,none,medium,373.0,0.961340206185567,Java_none_Java_medium_results.csv
216,158,2,none,medium,187.0,0.9211822660098522,Java_none_Java_medium_results.csv
216,185,2,none,medium,120.0,0.975609756097561,Java_none_Java_medium_results.csv
216,190,2,none,medium,85.0,0.85,Java_none_Java_medium_results.csv
216,169,2,none,medium,132.0,0.825,Java_none_Java_medium_results.csv
216,171,2,none,medium,253.0,0.8971631205673759,Java_none_Java_medium_results.csv
216,151,2,none,medium,492.0,0.968503937007874,Java_none_Java_medium_results.csv
216,191,2,none,medium,204.0,0.8259109311740891,Java_none_Java_medium_results.csv
216,203,2,none,medium,95.0,0.95,Java_none_Java_medium_results.csv
216,192,2,none,medium,298.0,0.9675324675324676,Java_none_Java_medium_results.csv
216,197,2,none,medium,221.0,0.8735177865612648,Java_none_Java_medium_results.csv
216,168,2,none,medium,481.0,0.969758064516129,Java_none_Java_medium_results.csv
216,210,2,none,medium,121.0,0.8768115942028986,Java_none_Java_medium_results.csv
216,206,2,none,medium,240.0,0.898876404494382,Java_none_Java_medium_results.csv
216,212,2,none,medium,153.0,0.9444444444444444,Java_none_Java_medium_results.csv
216,207,2,none,medium,291.0,0.8844984802431611,Java_none_Java_medium_results.csv
216,194,2,none,medium,488.0,0.9587426326129664,Java_none_Java_medium_results.csv
216,214,2,none,medium,276.0,0.968421052631579,Java_none_Java_medium_results.csv
216,215,2,none,medium,227.0,0.8798449612403101,Java_none_Java_medium_results.csv
216,202,2,none,medium,541.0,0.929553264604811,Java_none_Java_medium_results.csv
