exp_a,exp_b,trial_id,expertise_a,expertise_b,original_distance,original_nld
4,78,2,medium,low,182.0,0.8921568627450981
4,34,2,medium,low,192.0,0.9411764705882353
4,126,2,medium,low,303.0,0.9498432601880877
4,107,2,medium,low,198.0,0.9519230769230769
4,65,2,medium,low,183.0,0.8970588235294118
4,71,2,medium,low,188.0,0.9215686274509803
4,132,2,medium,low,377.0,0.921760391198044
4,41,2,medium,low,280.0,0.8805031446540881
4,128,2,medium,low,220.0,0.9053497942386831
4,124,2,medium,low,272.0,0.9543859649122807
4,64,2,medium,low,553.0,0.9341216216216216
4,94,2,medium,low,175.0,0.8578431372549019
4,21,2,medium,low,304.0,0.9589905362776026
4,56,2,medium,low,181.0,0.8872549019607843
4,27,2,medium,low,181.0,0.8872549019607843
4,74,2,medium,low,178.0,0.8725490196078431
4,13,2,medium,low,238.0,0.9333333333333333
4,138,2,medium,low,181.0,0.8872549019607843
4,79,2,medium,low,291.0,0.9387096774193548
4,101,2,medium,low,185.0,0.9068627450980392
4,104,2,medium,low,253.0,0.8908450704225352
4,29,2,medium,low,191.0,0.9362745098039216
4,44,2,medium,low,280.0,0.9556313993174061
4,31,2,medium,low,252.0,0.9032258064516129
4,99,2,medium,low,187.0,0.9166666666666666
4,63,2,medium,low,239.0,0.9192307692307692
4,43,2,medium,low,272.0,0.9379310344827586
4,77,2,medium,low,343.0,0.8817480719794345
4,67,2,medium,low,191.0,0.9362745098039216
4,35,2,medium,low,177.0,0.8676470588235294
4,37,2,medium,low,199.0,0.9128440366972477
4,60,2,medium,low,294.0,0.9607843137254902
4,180,2,medium,low,193.0,0.946078431372549
4,172,2,medium,low,194.0,0.9509803921568627
4,140,2,medium,low,209.0,0.9414414414414415
4,164,2,medium,low,210.0,0.8936170212765957
4,162,2,medium,low,242.0,0.9166666666666666
4,179,2,medium,low,358.0,0.9347258485639687
4,182,2,medium,low,368.0,0.92
4,200,2,medium,low,182.0,0.8921568627450981
4,186,2,medium,low,215.0,0.9388646288209607
6,27,2,medium,low,116.0,0.90625
6,13,2,medium,low,225.0,0.8823529411764706
4,183,2,medium,low,252.0,0.9
6,21,2,medium,low,283.0,0.8927444794952681
4,176,2,medium,low,444.0,0.8809523809523809
6,29,2,medium,low,179.0,0.9781420765027322
6,34,2,medium,low,195.0,0.9558823529411765
6,35,2,medium,low,147.0,0.8596491228070176
6,31,2,medium,low,231.0,0.8279569892473119
6,37,2,medium,low,202.0,0.926605504587156
6,65,2,medium,low,119.0,0.9296875
6,56,2,medium,low,143.0,0.9794520547945206
6,41,2,medium,low,284.0,0.8930817610062893
6,43,2,medium,low,271.0,0.9344827586206896
6,71,2,medium,low,120.0,0.9375
6,44,2,medium,low,269.0,0.9180887372013652
6,63,2,medium,low,236.0,0.9076923076923077
6,60,2,medium,low,281.0,0.9183006535947712
6,67,2,medium,low,140.0,0.89171974522293
6,74,2,medium,low,121.0,0.9453125
6,78,2,medium,low,113.0,0.8828125
6,94,2,medium,low,128.0,0.9846153846153847
6,101,2,medium,low,148.0,0.9367088607594937
6,99,2,medium,low,149.0,0.861271676300578
6,107,2,medium,low,184.0,0.8846153846153846
6,79,2,medium,low,289.0,0.932258064516129
6,77,2,medium,low,364.0,0.9357326478149101
6,104,2,medium,low,249.0,0.8767605633802817
6,64,2,medium,low,564.0,0.9527027027027027
6,124,2,medium,low,264.0,0.9263157894736842
6,128,2,medium,low,219.0,0.9012345679012346
6,138,2,medium,low,140.0,0.8695652173913043
6,126,2,medium,low,306.0,0.9592476489028213
6,140,2,medium,low,203.0,0.9144144144144144
6,164,2,medium,low,222.0,0.9446808510638298
6,172,2,medium,low,171.0,0.9827586206896551
6,162,2,medium,low,232.0,0.8787878787878788
6,180,2,medium,low,149.0,0.9430379746835443
6,132,2,medium,low,381.0,0.9315403422982885
6,200,2,medium,low,167.0,0.943502824858757
6,179,2,medium,low,366.0,0.9556135770234987
6,186,2,medium,low,185.0,0.8078602620087336
6,183,2,medium,low,258.0,0.9214285714285714
14,27,2,medium,low,138.0,0.8789808917197452
6,176,2,medium,low,458.0,0.9087301587301587
6,182,2,medium,low,378.0,0.945
14,13,2,medium,low,219.0,0.8588235294117647
14,29,2,medium,low,172.0,0.9398907103825137
14,21,2,medium,low,296.0,0.9337539432176656
14,35,2,medium,low,157.0,0.9181286549707602
14,34,2,medium,low,197.0,0.9656862745098039
14,31,2,medium,low,236.0,0.8458781362007168
14,37,2,medium,low,197.0,0.9036697247706422
14,56,2,medium,low,153.0,0.9745222929936306
14,65,2,medium,low,150.0,0.9554140127388535
14,43,2,medium,low,275.0,0.9482758620689655
14,41,2,medium,low,276.0,0.8679245283018868
14,71,2,medium,low,146.0,0.9299363057324841
14,44,2,medium,low,267.0,0.9112627986348123
14,67,2,medium,low,147.0,0.9363057324840764
14,74,2,medium,low,145.0,0.9235668789808917
14,60,2,medium,low,281.0,0.9183006535947712
14,63,2,medium,low,241.0,0.926923076923077
14,78,2,medium,low,143.0,0.910828025477707
14,94,2,medium,low,151.0,0.9617834394904459
14,101,2,medium,low,151.0,0.9556962025316456
14,99,2,medium,low,155.0,0.8959537572254336
14,79,2,medium,low,294.0,0.9483870967741935
14,107,2,medium,low,184.0,0.8846153846153846
14,77,2,medium,low,355.0,0.9125964010282777
14,104,2,medium,low,238.0,0.8380281690140845
14,64,2,medium,low,560.0,0.9459459459459459
14,128,2,medium,low,205.0,0.8436213991769548
14,124,2,medium,low,269.0,0.9438596491228071
14,138,2,medium,low,147.0,0.9130434782608695
14,126,2,medium,low,310.0,0.9717868338557993
14,140,2,medium,low,206.0,0.9279279279279279
14,162,2,medium,low,227.0,0.8598484848484849
14,164,2,medium,low,212.0,0.902127659574468
14,172,2,medium,low,168.0,0.9655172413793104
14,132,2,medium,low,373.0,0.9119804400977995
14,180,2,medium,low,155.0,0.9810126582278481
14,200,2,medium,low,168.0,0.9491525423728814
14,179,2,medium,low,367.0,0.95822454308094
14,186,2,medium,low,198.0,0.8646288209606987
14,183,2,medium,low,260.0,0.9285714285714286
15,27,2,medium,low,160.0,0.8839779005524862
14,182,2,medium,low,381.0,0.9525
15,13,2,medium,low,237.0,0.9294117647058824
14,176,2,medium,low,449.0,0.8908730158730159
15,29,2,medium,low,180.0,0.9836065573770492
15,21,2,medium,low,277.0,0.8738170347003155
15,35,2,medium,low,167.0,0.9226519337016574
15,34,2,medium,low,199.0,0.9754901960784313
15,31,2,medium,low,230.0,0.8243727598566308
15,37,2,medium,low,204.0,0.9357798165137615
15,65,2,medium,low,163.0,0.9005524861878453
15,56,2,medium,low,172.0,0.9502762430939227
15,43,2,medium,low,272.0,0.9379310344827586
15,41,2,medium,low,281.0,0.8836477987421384
15,44,2,medium,low,278.0,0.9488054607508533
15,71,2,medium,low,170.0,0.9392265193370166
15,74,2,medium,low,166.0,0.9171270718232044
15,63,2,medium,low,236.0,0.9076923076923077
15,60,2,medium,low,284.0,0.9281045751633987
15,67,2,medium,low,172.0,0.9502762430939227
15,78,2,medium,low,159.0,0.8784530386740331
15,94,2,medium,low,173.0,0.9558011049723757
15,101,2,medium,low,168.0,0.9281767955801105
15,99,2,medium,low,175.0,0.9668508287292817
15,107,2,medium,low,199.0,0.9567307692307693
15,77,2,medium,low,356.0,0.9151670951156813
15,104,2,medium,low,263.0,0.926056338028169
15,79,2,medium,low,285.0,0.9193548387096774
15,64,2,medium,low,548.0,0.9256756756756757
15,128,2,medium,low,213.0,0.8765432098765432
15,124,2,medium,low,258.0,0.9052631578947369
15,138,2,medium,low,171.0,0.9447513812154696
15,126,2,medium,low,305.0,0.9561128526645768
15,140,2,medium,low,210.0,0.9459459459459459
15,164,2,medium,low,212.0,0.902127659574468
15,172,2,medium,low,181.0,1.0
15,162,2,medium,low,236.0,0.8939393939393939
15,180,2,medium,low,168.0,0.9281767955801105
15,132,2,medium,low,361.0,0.882640586797066
15,200,2,medium,low,170.0,0.9392265193370166
15,186,2,medium,low,199.0,0.868995633187773
15,183,2,medium,low,253.0,0.9035714285714286
16,27,2,medium,low,197.0,0.9162790697674419
15,179,2,medium,low,349.0,0.9112271540469974
15,176,2,medium,low,443.0,0.878968253968254
16,13,2,medium,low,232.0,0.9098039215686274
15,182,2,medium,low,369.0,0.9225
16,29,2,medium,low,203.0,0.9441860465116279
16,21,2,medium,low,295.0,0.9305993690851735
16,35,2,medium,low,183.0,0.8511627906976744
16,34,2,medium,low,210.0,0.9767441860465116
16,37,2,medium,low,206.0,0.944954128440367
16,31,2,medium,low,243.0,0.8709677419354839
16,56,2,medium,low,199.0,0.9255813953488372
16,65,2,medium,low,199.0,0.9255813953488372
16,41,2,medium,low,274.0,0.8616352201257862
16,43,2,medium,low,274.0,0.9448275862068966
16,44,2,medium,low,275.0,0.9385665529010239
16,71,2,medium,low,197.0,0.9162790697674419
16,63,2,medium,low,237.0,0.9115384615384615
16,60,2,medium,low,289.0,0.9444444444444444
16,67,2,medium,low,193.0,0.8976744186046511
16,74,2,medium,low,187.0,0.8697674418604651
16,78,2,medium,low,195.0,0.9069767441860465
16,94,2,medium,low,206.0,0.958139534883721
16,99,2,medium,low,185.0,0.8604651162790697
16,101,2,medium,low,201.0,0.9348837209302325
16,107,2,medium,low,195.0,0.9069767441860465
16,79,2,medium,low,289.0,0.932258064516129
16,104,2,medium,low,251.0,0.8838028169014085
16,77,2,medium,low,356.0,0.9151670951156813
16,64,2,medium,low,559.0,0.9442567567567568
16,138,2,medium,low,197.0,0.9162790697674419
16,124,2,medium,low,272.0,0.9543859649122807
16,128,2,medium,low,203.0,0.8353909465020576
16,126,2,medium,low,301.0,0.9435736677115988
16,140,2,medium,low,210.0,0.9459459459459459
16,164,2,medium,low,226.0,0.9617021276595744
16,172,2,medium,low,189.0,0.8790697674418605
16,162,2,medium,low,224.0,0.8484848484848485
16,180,2,medium,low,196.0,0.9116279069767442
16,132,2,medium,low,372.0,0.9095354523227384
16,200,2,medium,low,199.0,0.9255813953488372
16,179,2,medium,low,360.0,0.9399477806788512
16,186,2,medium,low,215.0,0.9388646288209607
16,183,2,medium,low,262.0,0.9357142857142857
17,27,2,medium,low,202.0,0.9223744292237442
17,13,2,medium,low,241.0,0.9450980392156862
16,182,2,medium,low,372.0,0.93
16,176,2,medium,low,444.0,0.8809523809523809
17,21,2,medium,low,305.0,0.9621451104100947
17,29,2,medium,low,204.0,0.9315068493150684
17,35,2,medium,low,195.0,0.8904109589041096
17,34,2,medium,low,212.0,0.9680365296803652
17,31,2,medium,low,261.0,0.9354838709677419
17,37,2,medium,low,199.0,0.908675799086758
17,56,2,medium,low,202.0,0.9223744292237442
17,65,2,medium,low,202.0,0.9223744292237442
17,41,2,medium,low,295.0,0.9276729559748428
17,43,2,medium,low,277.0,0.9551724137931035
17,44,2,medium,low,285.0,0.9726962457337884
17,71,2,medium,low,202.0,0.9223744292237442
17,74,2,medium,low,181.0,0.8264840182648402
17,67,2,medium,low,202.0,0.9223744292237442
17,63,2,medium,low,239.0,0.9192307692307692
17,60,2,medium,low,295.0,0.9640522875816994
17,78,2,medium,low,199.0,0.908675799086758
17,94,2,medium,low,193.0,0.8812785388127854
17,101,2,medium,low,196.0,0.8949771689497716
17,99,2,medium,low,201.0,0.9178082191780822
17,77,2,medium,low,360.0,0.9254498714652957
17,107,2,medium,low,211.0,0.9634703196347032
17,79,2,medium,low,294.0,0.9483870967741935
17,104,2,medium,low,258.0,0.9084507042253521
17,64,2,medium,low,560.0,0.9459459459459459
17,128,2,medium,low,225.0,0.9259259259259259
17,124,2,medium,low,269.0,0.9438596491228071
17,138,2,medium,low,181.0,0.8264840182648402
17,126,2,medium,low,305.0,0.9561128526645768
17,140,2,medium,low,214.0,0.963963963963964
17,164,2,medium,low,218.0,0.9276595744680851
17,162,2,medium,low,248.0,0.9393939393939394
17,172,2,medium,low,205.0,0.9360730593607306
17,180,2,medium,low,205.0,0.9360730593607306
17,132,2,medium,low,383.0,0.9364303178484108
17,186,2,medium,low,220.0,0.9606986899563319
17,200,2,medium,low,202.0,0.9223744292237442
17,183,2,medium,low,252.0,0.9
17,179,2,medium,low,366.0,0.9556135770234987
18,27,2,medium,low,279.0,0.9238410596026491
17,182,2,medium,low,375.0,0.9375
17,176,2,medium,low,450.0,0.8928571428571429
18,13,2,medium,low,294.0,0.9735099337748344
18,29,2,medium,low,261.0,0.8642384105960265
18,35,2,medium,low,281.0,0.9304635761589404
18,34,2,medium,low,269.0,0.890728476821192
18,21,2,medium,low,309.0,0.9747634069400631
18,31,2,medium,low,286.0,0.9470198675496688
18,37,2,medium,low,280.0,0.9271523178807947
18,65,2,medium,low,284.0,0.9403973509933775
18,56,2,medium,low,242.0,0.8013245033112583
18,41,2,medium,low,305.0,0.9591194968553459
18,43,2,medium,low,286.0,0.9470198675496688
18,44,2,medium,low,283.0,0.9370860927152318
18,71,2,medium,low,287.0,0.9503311258278145
18,63,2,medium,low,257.0,0.8509933774834437
18,74,2,medium,low,279.0,0.9238410596026491
18,60,2,medium,low,291.0,0.9509803921568627
18,78,2,medium,low,265.0,0.8774834437086093
18,67,2,medium,low,285.0,0.9437086092715232
18,94,2,medium,low,277.0,0.9172185430463576
18,99,2,medium,low,283.0,0.9370860927152318
18,101,2,medium,low,285.0,0.9437086092715232
18,107,2,medium,low,282.0,0.9337748344370861
18,79,2,medium,low,285.0,0.9193548387096774
18,64,2,medium,low,505.0,0.8530405405405406
18,104,2,medium,low,282.0,0.9337748344370861
18,77,2,medium,low,328.0,0.8431876606683805
18,124,2,medium,low,279.0,0.9238410596026491
18,128,2,medium,low,278.0,0.9205298013245033
18,138,2,medium,low,281.0,0.9304635761589404
18,126,2,medium,low,298.0,0.9341692789968652
18,140,2,medium,low,243.0,0.804635761589404
18,164,2,medium,low,275.0,0.9105960264900662
18,162,2,medium,low,286.0,0.9470198675496688
18,172,2,medium,low,251.0,0.8311258278145696
18,132,2,medium,low,397.0,0.9706601466992665
18,180,2,medium,low,252.0,0.8344370860927153
18,200,2,medium,low,256.0,0.847682119205298
18,186,2,medium,low,288.0,0.9536423841059603
18,179,2,medium,low,340.0,0.8877284595300261
20,27,2,medium,low,179.0,0.8905472636815921
18,183,2,medium,low,270.0,0.8940397350993378
20,29,2,medium,low,194.0,0.9651741293532339
18,176,2,medium,low,478.0,0.9484126984126984
20,13,2,medium,low,239.0,0.9372549019607843
18,182,2,medium,low,354.0,0.885
20,21,2,medium,low,306.0,0.9652996845425867
20,35,2,medium,low,176.0,0.8756218905472637
20,31,2,medium,low,253.0,0.9068100358422939
20,34,2,medium,low,199.0,0.9754901960784313
20,37,2,medium,low,206.0,0.944954128440367
20,56,2,medium,low,181.0,0.900497512437811
20,65,2,medium,low,185.0,0.9203980099502488
20,43,2,medium,low,274.0,0.9448275862068966
20,41,2,medium,low,279.0,0.8773584905660378
20,44,2,medium,low,280.0,0.9556313993174061
20,63,2,medium,low,241.0,0.926923076923077
20,71,2,medium,low,188.0,0.9353233830845771
20,60,2,medium,low,298.0,0.9738562091503268
20,67,2,medium,low,191.0,0.9502487562189055
20,74,2,medium,low,173.0,0.8606965174129353
20,78,2,medium,low,183.0,0.9104477611940298
20,94,2,medium,low,178.0,0.8855721393034826
20,101,2,medium,low,183.0,0.9104477611940298
20,99,2,medium,low,195.0,0.9701492537313433
20,79,2,medium,low,302.0,0.9741935483870968
20,107,2,medium,low,201.0,0.9663461538461539
20,104,2,medium,low,259.0,0.9119718309859155
20,64,2,medium,low,559.0,0.9442567567567568
20,77,2,medium,low,352.0,0.9048843187660668
20,124,2,medium,low,278.0,0.9754385964912281
20,138,2,medium,low,173.0,0.8606965174129353
20,128,2,medium,low,229.0,0.9423868312757202
20,126,2,medium,low,304.0,0.9529780564263323
20,140,2,medium,low,217.0,0.9774774774774775
20,164,2,medium,low,222.0,0.9446808510638298
20,172,2,medium,low,195.0,0.9701492537313433
20,162,2,medium,low,242.0,0.9166666666666666
20,180,2,medium,low,193.0,0.9601990049751243
20,132,2,medium,low,382.0,0.9339853300733496
20,200,2,medium,low,190.0,0.945273631840796
20,186,2,medium,low,222.0,0.9694323144104804
20,179,2,medium,low,364.0,0.9503916449086162
24,27,2,medium,low,186.0,0.8942307692307693
20,183,2,medium,low,254.0,0.9071428571428571
20,182,2,medium,low,372.0,0.93
24,13,2,medium,low,251.0,0.984313725490196
20,176,2,medium,low,433.0,0.8591269841269841
24,29,2,medium,low,184.0,0.8846153846153846
24,35,2,medium,low,197.0,0.9471153846153846
24,21,2,medium,low,304.0,0.9589905362776026
24,34,2,medium,low,194.0,0.9326923076923077
24,31,2,medium,low,255.0,0.9139784946236559
24,37,2,medium,low,209.0,0.9587155963302753
24,56,2,medium,low,184.0,0.8846153846153846
24,65,2,medium,low,193.0,0.9278846153846154
24,43,2,medium,low,267.0,0.9206896551724137
24,41,2,medium,low,300.0,0.9433962264150944
24,44,2,medium,low,263.0,0.8976109215017065
24,71,2,medium,low,199.0,0.9567307692307693
24,67,2,medium,low,203.0,0.9759615384615384
24,63,2,medium,low,229.0,0.8807692307692307
24,60,2,medium,low,271.0,0.8856209150326797
24,74,2,medium,low,186.0,0.8942307692307693
24,78,2,medium,low,183.0,0.8798076923076923
24,94,2,medium,low,181.0,0.8701923076923077
24,99,2,medium,low,198.0,0.9519230769230769
24,101,2,medium,low,197.0,0.9471153846153846
24,79,2,medium,low,280.0,0.9032258064516129
24,107,2,medium,low,206.0,0.9903846153846154
24,77,2,medium,low,343.0,0.8817480719794345
24,104,2,medium,low,269.0,0.9471830985915493
24,64,2,medium,low,535.0,0.9037162162162162
24,124,2,medium,low,262.0,0.9192982456140351
24,128,2,medium,low,229.0,0.9423868312757202
24,138,2,medium,low,194.0,0.9326923076923077
24,126,2,medium,low,292.0,0.9153605015673981
24,140,2,medium,low,202.0,0.9099099099099099
24,162,2,medium,low,245.0,0.928030303030303
24,172,2,medium,low,194.0,0.9326923076923077
24,164,2,medium,low,210.0,0.8936170212765957
24,132,2,medium,low,387.0,0.9462102689486552
24,180,2,medium,low,185.0,0.8894230769230769
24,200,2,medium,low,181.0,0.8701923076923077
24,186,2,medium,low,220.0,0.9606986899563319
24,179,2,medium,low,346.0,0.9033942558746736
24,183,2,medium,low,232.0,0.8285714285714286
25,27,2,medium,low,327.0,0.9033149171270718
24,182,2,medium,low,343.0,0.8575
24,176,2,medium,low,476.0,0.9444444444444444
25,13,2,medium,low,310.0,0.856353591160221
25,29,2,medium,low,345.0,0.9530386740331491
25,35,2,medium,low,313.0,0.8646408839779005
25,34,2,medium,low,334.0,0.9226519337016574
25,21,2,medium,low,319.0,0.8812154696132597
25,37,2,medium,low,333.0,0.919889502762431
25,31,2,medium,low,318.0,0.8784530386740331
25,56,2,medium,low,345.0,0.9530386740331491
25,65,2,medium,low,344.0,0.9502762430939227
25,41,2,medium,low,336.0,0.9281767955801105
25,43,2,medium,low,341.0,0.9419889502762431
25,44,2,medium,low,329.0,0.9088397790055248
25,71,2,medium,low,338.0,0.9337016574585635
25,74,2,medium,low,326.0,0.9005524861878453
25,63,2,medium,low,335.0,0.925414364640884
25,60,2,medium,low,334.0,0.9226519337016574
25,67,2,medium,low,310.0,0.856353591160221
25,78,2,medium,low,341.0,0.9419889502762431
25,94,2,medium,low,342.0,0.9447513812154696
25,99,2,medium,low,306.0,0.8453038674033149
25,101,2,medium,low,318.0,0.8784530386740331
25,79,2,medium,low,345.0,0.9530386740331491
25,107,2,medium,low,314.0,0.8674033149171271
25,104,2,medium,low,329.0,0.9088397790055248
25,77,2,medium,low,363.0,0.9331619537275064
25,64,2,medium,low,549.0,0.9273648648648649
25,124,2,medium,low,346.0,0.9558011049723757
25,128,2,medium,low,322.0,0.8895027624309392
25,138,2,medium,low,315.0,0.8701657458563536
25,126,2,medium,low,341.0,0.9419889502762431
25,140,2,medium,low,345.0,0.9530386740331491
25,162,2,medium,low,332.0,0.9171270718232044
25,172,2,medium,low,334.0,0.9226519337016574
25,164,2,medium,low,338.0,0.9337016574585635
25,180,2,medium,low,339.0,0.93646408839779
25,132,2,medium,low,362.0,0.8850855745721271
32,13,2,medium,low,231.0,0.9058823529411765
32,27,2,medium,low,132.0,0.9428571428571428
25,200,2,medium,low,342.0,0.9447513812154696
32,21,2,medium,low,280.0,0.8832807570977917
25,179,2,medium,low,373.0,0.9738903394255874
25,186,2,medium,low,308.0,0.850828729281768
32,29,2,medium,low,178.0,0.9726775956284153
32,35,2,medium,low,140.0,0.8187134502923976
32,34,2,medium,low,196.0,0.9607843137254902
25,183,2,medium,low,352.0,0.9723756906077348
32,31,2,medium,low,232.0,0.8315412186379928
32,37,2,medium,low,186.0,0.8532110091743119
25,176,2,medium,low,463.0,0.9186507936507936
25,182,2,medium,low,393.0,0.9825
32,56,2,medium,low,143.0,0.9794520547945206
32,65,2,medium,low,128.0,0.9142857142857143
32,41,2,medium,low,281.0,0.8836477987421384
32,43,2,medium,low,280.0,0.9655172413793104
32,44,2,medium,low,279.0,0.9522184300341296
32,71,2,medium,low,129.0,0.9214285714285714
32,60,2,medium,low,287.0,0.9379084967320261
32,63,2,medium,low,243.0,0.9346153846153846
32,67,2,medium,low,148.0,0.9426751592356688
32,74,2,medium,low,116.0,0.8285714285714286
32,78,2,medium,low,124.0,0.8857142857142857
32,94,2,medium,low,138.0,0.9857142857142858
32,101,2,medium,low,149.0,0.9430379746835443
32,99,2,medium,low,159.0,0.9190751445086706
32,107,2,medium,low,191.0,0.9182692307692307
32,79,2,medium,low,292.0,0.9419354838709677
32,104,2,medium,low,246.0,0.8661971830985915
32,77,2,medium,low,364.0,0.9357326478149101
32,64,2,medium,low,568.0,0.9594594594594594
32,124,2,medium,low,270.0,0.9473684210526315
32,128,2,medium,low,188.0,0.7736625514403292
32,138,2,medium,low,141.0,0.8757763975155279
32,126,2,medium,low,305.0,0.9561128526645768
32,140,2,medium,low,209.0,0.9414414414414415
32,162,2,medium,low,232.0,0.8787878787878788
32,164,2,medium,low,219.0,0.9319148936170213
32,172,2,medium,low,170.0,0.9770114942528736
32,132,2,medium,low,380.0,0.9290953545232273
32,180,2,medium,low,152.0,0.9620253164556962
32,179,2,medium,low,360.0,0.9399477806788512
32,200,2,medium,low,164.0,0.9265536723163842
32,186,2,medium,low,190.0,0.8296943231441049
32,183,2,medium,low,261.0,0.9321428571428572
32,182,2,medium,low,382.0,0.955
33,27,2,medium,low,225.0,0.87890625
32,176,2,medium,low,436.0,0.8650793650793651
33,29,2,medium,low,228.0,0.890625
33,13,2,medium,low,241.0,0.94140625
33,34,2,medium,low,231.0,0.90234375
33,21,2,medium,low,303.0,0.9558359621451105
33,35,2,medium,low,230.0,0.8984375
33,31,2,medium,low,258.0,0.9247311827956989
33,37,2,medium,low,245.0,0.95703125
33,65,2,medium,low,240.0,0.9375
33,56,2,medium,low,225.0,0.87890625
33,41,2,medium,low,303.0,0.9528301886792453
33,43,2,medium,low,245.0,0.8448275862068966
33,44,2,medium,low,252.0,0.8600682593856656
33,71,2,medium,low,244.0,0.953125
33,74,2,medium,low,242.0,0.9453125
33,67,2,medium,low,237.0,0.92578125
33,63,2,medium,low,225.0,0.8653846153846154
33,60,2,medium,low,270.0,0.8823529411764706
33,78,2,medium,low,229.0,0.89453125
33,94,2,medium,low,243.0,0.94921875
33,101,2,medium,low,241.0,0.94140625
33,99,2,medium,low,234.0,0.9140625
33,107,2,medium,low,240.0,0.9375
33,104,2,medium,low,271.0,0.954225352112676
33,79,2,medium,low,268.0,0.864516129032258
33,77,2,medium,low,335.0,0.8611825192802056
33,64,2,medium,low,514.0,0.8682432432432432
33,124,2,medium,low,252.0,0.8842105263157894
33,128,2,medium,low,245.0,0.95703125
33,138,2,medium,low,240.0,0.9375
33,126,2,medium,low,291.0,0.9122257053291536
33,140,2,medium,low,226.0,0.8828125
33,162,2,medium,low,257.0,0.9734848484848485
33,164,2,medium,low,240.0,0.9375
33,172,2,medium,low,228.0,0.890625
33,132,2,medium,low,379.0,0.9266503667481663
33,180,2,medium,low,224.0,0.875
33,200,2,medium,low,227.0,0.88671875
33,186,2,medium,low,241.0,0.94140625
33,183,2,medium,low,265.0,0.9464285714285714
33,179,2,medium,low,334.0,0.8720626631853786
40,27,2,medium,low,165.0,0.9269662921348315
40,13,2,medium,low,233.0,0.9137254901960784
40,29,2,medium,low,177.0,0.9672131147540983
40,21,2,medium,low,298.0,0.9400630914826499
33,176,2,medium,low,471.0,0.9345238095238095
33,182,2,medium,low,357.0,0.8925
40,34,2,medium,low,198.0,0.9705882352941176
40,35,2,medium,low,165.0,0.9269662921348315
40,31,2,medium,low,252.0,0.9032258064516129
40,37,2,medium,low,203.0,0.9311926605504587
40,65,2,medium,low,166.0,0.9325842696629213
40,56,2,medium,low,171.0,0.9606741573033708
40,43,2,medium,low,272.0,0.9379310344827586
40,41,2,medium,low,285.0,0.8962264150943396
40,44,2,medium,low,275.0,0.9385665529010239
40,71,2,medium,low,158.0,0.8876404494382022
40,63,2,medium,low,246.0,0.9461538461538461
40,60,2,medium,low,292.0,0.954248366013072
40,67,2,medium,low,169.0,0.949438202247191
40,74,2,medium,low,156.0,0.8764044943820225
40,78,2,medium,low,161.0,0.9044943820224719
40,94,2,medium,low,159.0,0.8932584269662921
40,99,2,medium,low,171.0,0.9606741573033708
40,101,2,medium,low,164.0,0.9213483146067416
40,79,2,medium,low,290.0,0.9354838709677419
40,107,2,medium,low,197.0,0.9471153846153846
40,64,2,medium,low,567.0,0.9577702702702703
40,77,2,medium,low,361.0,0.9280205655526992
40,104,2,medium,low,247.0,0.8697183098591549
40,124,2,medium,low,274.0,0.9614035087719298
40,128,2,medium,low,209.0,0.8600823045267489
40,138,2,medium,low,159.0,0.8932584269662921
40,126,2,medium,low,300.0,0.9404388714733543
40,140,2,medium,low,205.0,0.9234234234234234
40,172,2,medium,low,174.0,0.9775280898876404
40,162,2,medium,low,232.0,0.8787878787878788
40,164,2,medium,low,220.0,0.9361702127659575
40,180,2,medium,low,174.0,0.9775280898876404
40,132,2,medium,low,383.0,0.9364303178484108
40,200,2,medium,low,171.0,0.9606741573033708
42,13,2,medium,low,244.0,0.9568627450980393
40,186,2,medium,low,211.0,0.9213973799126638
40,179,2,medium,low,361.0,0.9425587467362925
42,27,2,medium,low,103.0,0.9196428571428571
40,183,2,medium,low,263.0,0.9392857142857143
42,21,2,medium,low,297.0,0.9369085173501577
40,182,2,medium,low,383.0,0.9575
42,29,2,medium,low,168.0,0.9180327868852459
40,176,2,medium,low,458.0,0.9087301587301587
42,35,2,medium,low,157.0,0.9181286549707602
42,34,2,medium,low,175.0,0.8578431372549019
42,37,2,medium,low,198.0,0.908256880733945
42,31,2,medium,low,257.0,0.921146953405018
42,56,2,medium,low,124.0,0.8493150684931506
42,65,2,medium,low,108.0,0.9642857142857143
42,41,2,medium,low,304.0,0.9559748427672956
42,43,2,medium,low,249.0,0.8586206896551725
42,44,2,medium,low,249.0,0.8498293515358362
42,71,2,medium,low,107.0,0.9553571428571429
42,74,2,medium,low,105.0,0.9375
42,63,2,medium,low,220.0,0.8461538461538461
42,67,2,medium,low,150.0,0.9554140127388535
42,60,2,medium,low,265.0,0.8660130718954249
42,78,2,medium,low,99.0,0.8839285714285714
42,94,2,medium,low,126.0,0.9692307692307692
42,99,2,medium,low,160.0,0.9248554913294798
42,101,2,medium,low,144.0,0.9113924050632911
42,107,2,medium,low,193.0,0.9278846153846154
42,79,2,medium,low,265.0,0.8548387096774194
42,104,2,medium,low,267.0,0.9401408450704225
42,77,2,medium,low,345.0,0.8868894601542416
42,64,2,medium,low,533.0,0.9003378378378378
42,124,2,medium,low,253.0,0.887719298245614
42,128,2,medium,low,225.0,0.9259259259259259
42,138,2,medium,low,145.0,0.9006211180124224
42,126,2,medium,low,276.0,0.8652037617554859
42,140,2,medium,low,183.0,0.8243243243243243
42,172,2,medium,low,157.0,0.9022988505747126
42,164,2,medium,low,209.0,0.8893617021276595
42,162,2,medium,low,248.0,0.9393939393939394
42,180,2,medium,low,142.0,0.8987341772151899
42,132,2,medium,low,381.0,0.9315403422982885
42,200,2,medium,low,156.0,0.8813559322033898
42,179,2,medium,low,345.0,0.9007832898172323
42,186,2,medium,low,209.0,0.9126637554585153
42,183,2,medium,low,244.0,0.8714285714285714
42,176,2,medium,low,479.0,0.9503968253968254
42,182,2,medium,low,365.0,0.9125
50,27,2,medium,low,306.0,0.9415384615384615
50,29,2,medium,low,279.0,0.8584615384615385
50,13,2,medium,low,319.0,0.9815384615384616
50,35,2,medium,low,310.0,0.9538461538461539
50,34,2,medium,low,294.0,0.9046153846153846
50,37,2,medium,low,305.0,0.9384615384615385
50,21,2,medium,low,317.0,0.9753846153846154
50,31,2,medium,low,315.0,0.9692307692307692
50,56,2,medium,low,278.0,0.8553846153846154
50,65,2,medium,low,304.0,0.9353846153846154
50,41,2,medium,low,322.0,0.9907692307692307
50,71,2,medium,low,312.0,0.96
50,74,2,medium,low,311.0,0.9569230769230769
50,43,2,medium,low,299.0,0.92
50,44,2,medium,low,301.0,0.9261538461538461
50,67,2,medium,low,316.0,0.9723076923076923
50,63,2,medium,low,301.0,0.9261538461538461
50,60,2,medium,low,303.0,0.9323076923076923
50,78,2,medium,low,296.0,0.9107692307692308
50,94,2,medium,low,299.0,0.92
50,99,2,medium,low,316.0,0.9723076923076923
50,101,2,medium,low,309.0,0.9507692307692308
50,107,2,medium,low,305.0,0.9384615384615385
50,79,2,medium,low,317.0,0.9753846153846154
50,104,2,medium,low,316.0,0.9723076923076923
50,77,2,medium,low,361.0,0.9280205655526992
50,64,2,medium,low,535.0,0.9037162162162162
50,124,2,medium,low,310.0,0.9538461538461539
50,128,2,medium,low,308.0,0.9476923076923077
50,138,2,medium,low,309.0,0.9507692307692308
50,126,2,medium,low,308.0,0.9476923076923077
50,140,2,medium,low,305.0,0.9384615384615385
50,164,2,medium,low,293.0,0.9015384615384615
50,162,2,medium,low,313.0,0.963076923076923
50,172,2,medium,low,273.0,0.84
50,180,2,medium,low,290.0,0.8923076923076924
50,132,2,medium,low,387.0,0.9462102689486552
51,13,2,medium,low,240.0,0.9411764705882353
51,27,2,medium,low,75.0,0.8333333333333334
51,21,2,medium,low,294.0,0.9274447949526814
50,200,2,medium,low,297.0,0.9138461538461539
51,29,2,medium,low,161.0,0.8797814207650273
50,179,2,medium,low,352.0,0.9190600522193212
50,186,2,medium,low,311.0,0.9569230769230769
51,34,2,medium,low,181.0,0.8872549019607843
51,31,2,medium,low,259.0,0.9283154121863799
51,35,2,medium,low,156.0,0.9122807017543859
50,183,2,medium,low,291.0,0.8953846153846153
51,37,2,medium,low,202.0,0.926605504587156
51,56,2,medium,low,114.0,0.7808219178082192
50,176,2,medium,low,477.0,0.9464285714285714
51,43,2,medium,low,257.0,0.8862068965517241
51,41,2,medium,low,300.0,0.9433962264150944
51,44,2,medium,low,266.0,0.9078498293515358
51,65,2,medium,low,82.0,0.9111111111111111
51,71,2,medium,low,90.0,1.0
50,182,2,medium,low,361.0,0.9025
51,67,2,medium,low,148.0,0.9426751592356688
51,60,2,medium,low,265.0,0.8660130718954249
51,74,2,medium,low,94.0,0.94
51,63,2,medium,low,218.0,0.8384615384615385
51,78,2,medium,low,83.0,0.8829787234042553
51,94,2,medium,low,113.0,0.8692307692307693
51,101,2,medium,low,146.0,0.9240506329113924
51,99,2,medium,low,166.0,0.9595375722543352
51,64,2,medium,low,539.0,0.910472972972973
51,104,2,medium,low,259.0,0.9119718309859155
51,77,2,medium,low,344.0,0.884318766066838
51,107,2,medium,low,188.0,0.9038461538461539
51,79,2,medium,low,270.0,0.8709677419354839
51,128,2,medium,low,225.0,0.9259259259259259
51,124,2,medium,low,252.0,0.8842105263157894
51,138,2,medium,low,145.0,0.9006211180124224
51,126,2,medium,low,284.0,0.890282131661442
51,140,2,medium,low,180.0,0.8108108108108109
51,164,2,medium,low,204.0,0.8680851063829788
51,162,2,medium,low,248.0,0.9393939393939394
51,172,2,medium,low,156.0,0.896551724137931
51,180,2,medium,low,132.0,0.8354430379746836
51,132,2,medium,low,388.0,0.9486552567237164
51,200,2,medium,low,150.0,0.847457627118644
51,179,2,medium,low,338.0,0.8825065274151436
51,186,2,medium,low,213.0,0.9301310043668122
51,183,2,medium,low,238.0,0.85
51,182,2,medium,low,354.0,0.885
53,27,2,medium,low,161.0,0.930635838150289
51,176,2,medium,low,482.0,0.9563492063492064
53,29,2,medium,low,173.0,0.9453551912568307
53,13,2,medium,low,241.0,0.9450980392156862
53,34,2,medium,low,194.0,0.9509803921568627
53,35,2,medium,low,164.0,0.9479768786127167
53,21,2,medium,low,286.0,0.9022082018927445
53,37,2,medium,low,199.0,0.9128440366972477
53,31,2,medium,low,250.0,0.8960573476702509
53,56,2,medium,low,166.0,0.9595375722543352
53,65,2,medium,low,158.0,0.9132947976878613
53,41,2,medium,low,287.0,0.9025157232704403
53,43,2,medium,low,272.0,0.9379310344827586
53,44,2,medium,low,278.0,0.9488054607508533
53,71,2,medium,low,157.0,0.9075144508670521
53,63,2,medium,low,244.0,0.9384615384615385
53,74,2,medium,low,160.0,0.9248554913294798
53,67,2,medium,low,160.0,0.9248554913294798
53,60,2,medium,low,290.0,0.9477124183006536
53,78,2,medium,low,158.0,0.9132947976878613
53,94,2,medium,low,166.0,0.9595375722543352
53,101,2,medium,low,163.0,0.9421965317919075
53,99,2,medium,low,166.0,0.9595375722543352
53,79,2,medium,low,293.0,0.9451612903225807
53,107,2,medium,low,199.0,0.9567307692307693
53,77,2,medium,low,368.0,0.9460154241645244
53,104,2,medium,low,256.0,0.9014084507042254
53,64,2,medium,low,558.0,0.9425675675675675
53,128,2,medium,low,220.0,0.9053497942386831
53,124,2,medium,low,260.0,0.9122807017543859
53,138,2,medium,low,167.0,0.9653179190751445
53,126,2,medium,low,297.0,0.9310344827586207
53,140,2,medium,low,208.0,0.9369369369369369
53,162,2,medium,low,239.0,0.9053030303030303
53,172,2,medium,low,170.0,0.9770114942528736
53,164,2,medium,low,217.0,0.9234042553191489
53,180,2,medium,low,167.0,0.9653179190751445
53,132,2,medium,low,370.0,0.9046454767726161
53,200,2,medium,low,167.0,0.943502824858757
53,186,2,medium,low,207.0,0.9039301310043668
53,183,2,medium,low,256.0,0.9142857142857143
53,179,2,medium,low,350.0,0.9138381201044387
54,27,2,medium,low,128.0,0.8827586206896552
54,13,2,medium,low,246.0,0.9647058823529412
53,176,2,medium,low,450.0,0.8928571428571429
53,182,2,medium,low,372.0,0.93
54,21,2,medium,low,303.0,0.9558359621451105
54,29,2,medium,low,162.0,0.8852459016393442
54,35,2,medium,low,156.0,0.9122807017543859
54,34,2,medium,low,185.0,0.9068627450980392
54,37,2,medium,low,201.0,0.9220183486238532
54,31,2,medium,low,256.0,0.9175627240143369
54,56,2,medium,low,132.0,0.9041095890410958
54,65,2,medium,low,131.0,0.903448275862069
54,41,2,medium,low,298.0,0.9371069182389937
54,43,2,medium,low,240.0,0.8275862068965517
54,44,2,medium,low,248.0,0.8464163822525598
54,71,2,medium,low,132.0,0.9103448275862069
54,63,2,medium,low,208.0,0.8
54,74,2,medium,low,133.0,0.9172413793103448
54,60,2,medium,low,251.0,0.8202614379084967
54,67,2,medium,low,154.0,0.9808917197452229
54,78,2,medium,low,120.0,0.8275862068965517
54,94,2,medium,low,139.0,0.9586206896551724
54,99,2,medium,low,164.0,0.9479768786127167
54,101,2,medium,low,149.0,0.9430379746835443
54,107,2,medium,low,195.0,0.9375
54,77,2,medium,low,320.0,0.8226221079691517
54,79,2,medium,low,263.0,0.8483870967741935
54,104,2,medium,low,263.0,0.926056338028169
54,64,2,medium,low,523.0,0.8834459459459459
54,128,2,medium,low,222.0,0.9135802469135802
54,124,2,medium,low,252.0,0.8842105263157894
54,138,2,medium,low,146.0,0.906832298136646
54,126,2,medium,low,280.0,0.877742946708464
54,140,2,medium,low,182.0,0.8198198198198198
54,162,2,medium,low,248.0,0.9393939393939394
54,164,2,medium,low,209.0,0.8893617021276595
54,172,2,medium,low,164.0,0.9425287356321839
54,180,2,medium,low,148.0,0.9367088607594937
54,132,2,medium,low,378.0,0.9242053789731052
54,179,2,medium,low,339.0,0.8851174934725848
54,200,2,medium,low,152.0,0.8587570621468926
54,186,2,medium,low,213.0,0.9301310043668122
54,183,2,medium,low,237.0,0.8464285714285714
54,182,2,medium,low,352.0,0.88
54,176,2,medium,low,476.0,0.9444444444444444
55,27,2,medium,low,351.0,0.9023136246786633
55,29,2,medium,low,363.0,0.9331619537275064
55,13,2,medium,low,348.0,0.8946015424164524
55,35,2,medium,low,338.0,0.8688946015424165
55,34,2,medium,low,358.0,0.9203084832904884
55,37,2,medium,low,341.0,0.8766066838046273
55,21,2,medium,low,366.0,0.9408740359897172
55,31,2,medium,low,344.0,0.884318766066838
55,65,2,medium,low,370.0,0.9511568123393316
55,56,2,medium,low,363.0,0.9331619537275064
55,41,2,medium,low,345.0,0.8868894601542416
55,71,2,medium,low,360.0,0.9254498714652957
55,44,2,medium,low,364.0,0.9357326478149101
55,43,2,medium,low,359.0,0.922879177377892
55,74,2,medium,low,340.0,0.8740359897172236
55,67,2,medium,low,351.0,0.9023136246786633
55,63,2,medium,low,361.0,0.9280205655526992
55,60,2,medium,low,374.0,0.961439588688946
55,78,2,medium,low,354.0,0.910025706940874
55,94,2,medium,low,348.0,0.8946015424164524
55,99,2,medium,low,338.0,0.8688946015424165
55,101,2,medium,low,341.0,0.8766066838046273
55,79,2,medium,low,365.0,0.9383033419023136
55,107,2,medium,low,349.0,0.897172236503856
55,104,2,medium,low,339.0,0.87146529562982
55,64,2,medium,low,561.0,0.9476351351351351
55,77,2,medium,low,373.0,0.9588688946015425
55,124,2,medium,low,362.0,0.9305912596401028
55,138,2,medium,low,329.0,0.8457583547557841
55,128,2,medium,low,332.0,0.8534704370179949
55,126,2,medium,low,371.0,0.9537275064267352
55,140,2,medium,low,350.0,0.8997429305912596
55,172,2,medium,low,365.0,0.9383033419023136
55,164,2,medium,low,353.0,0.9074550128534704
55,162,2,medium,low,351.0,0.9023136246786633
55,180,2,medium,low,357.0,0.9177377892030848
55,132,2,medium,low,399.0,0.9755501222493888
57,13,2,medium,low,236.0,0.9254901960784314
57,27,2,medium,low,78.0,0.9069767441860465
57,21,2,medium,low,298.0,0.9400630914826499
55,200,2,medium,low,358.0,0.9203084832904884
57,29,2,medium,low,167.0,0.912568306010929
55,179,2,medium,low,382.0,0.9820051413881749
57,34,2,medium,low,190.0,0.9313725490196079
57,31,2,medium,low,254.0,0.910394265232975
57,35,2,medium,low,159.0,0.9298245614035088
55,186,2,medium,low,329.0,0.8457583547557841
57,37,2,medium,low,195.0,0.8944954128440367
55,183,2,medium,low,349.0,0.897172236503856
57,56,2,medium,low,135.0,0.9246575342465754
57,43,2,medium,low,269.0,0.9275862068965517
57,41,2,medium,low,300.0,0.9433962264150944
57,44,2,medium,low,279.0,0.9522184300341296
57,65,2,medium,low,78.0,0.9069767441860465
57,63,2,medium,low,237.0,0.9115384615384615
55,176,2,medium,low,458.0,0.9087301587301587
57,60,2,medium,low,293.0,0.9575163398692811
57,71,2,medium,low,83.0,0.9325842696629213
57,74,2,medium,low,95.0,0.95
57,67,2,medium,low,151.0,0.9617834394904459
57,78,2,medium,low,87.0,0.925531914893617
57,94,2,medium,low,117.0,0.9
55,182,2,medium,low,389.0,0.9725
57,99,2,medium,low,161.0,0.930635838150289
57,101,2,medium,low,138.0,0.8734177215189873
57,64,2,medium,low,565.0,0.9543918918918919
57,79,2,medium,low,287.0,0.9258064516129032
57,77,2,medium,low,365.0,0.9383033419023136
57,104,2,medium,low,263.0,0.926056338028169
57,107,2,medium,low,185.0,0.8894230769230769
57,138,2,medium,low,145.0,0.9006211180124224
57,124,2,medium,low,267.0,0.9368421052631579
57,140,2,medium,low,203.0,0.9144144144144144
57,128,2,medium,low,221.0,0.9094650205761317
57,126,2,medium,low,299.0,0.9373040752351097
57,164,2,medium,low,212.0,0.902127659574468
57,172,2,medium,low,157.0,0.9022988505747126
57,162,2,medium,low,239.0,0.9053030303030303
57,132,2,medium,low,374.0,0.9144254278728606
57,180,2,medium,low,151.0,0.9556962025316456
57,200,2,medium,low,164.0,0.9265536723163842
57,179,2,medium,low,355.0,0.9268929503916449
57,186,2,medium,low,210.0,0.9170305676855895
57,183,2,medium,low,256.0,0.9142857142857143
58,27,2,medium,low,128.0,0.8258064516129032
57,176,2,medium,low,474.0,0.9404761904761905
57,182,2,medium,low,376.0,0.94
58,13,2,medium,low,234.0,0.9176470588235294
58,29,2,medium,low,168.0,0.9180327868852459
58,34,2,medium,low,185.0,0.9068627450980392
58,35,2,medium,low,161.0,0.9415204678362573
58,21,2,medium,low,296.0,0.9337539432176656
58,31,2,medium,low,255.0,0.9139784946236559
58,37,2,medium,low,197.0,0.9036697247706422
58,65,2,medium,low,148.0,0.9548387096774194
58,56,2,medium,low,145.0,0.9354838709677419
58,41,2,medium,low,283.0,0.889937106918239
58,43,2,medium,low,251.0,0.8655172413793103
58,44,2,medium,low,234.0,0.7986348122866894
58,71,2,medium,low,146.0,0.9419354838709677
58,74,2,medium,low,146.0,0.9419354838709677
58,63,2,medium,low,220.0,0.8461538461538461
58,67,2,medium,low,153.0,0.9745222929936306
58,60,2,medium,low,252.0,0.8235294117647058
58,78,2,medium,low,131.0,0.8451612903225807
58,94,2,medium,low,150.0,0.967741935483871
58,101,2,medium,low,156.0,0.9873417721518988
58,99,2,medium,low,158.0,0.9132947976878613
58,107,2,medium,low,194.0,0.9326923076923077
58,77,2,medium,low,320.0,0.8226221079691517
58,64,2,medium,low,525.0,0.8868243243243243
58,79,2,medium,low,254.0,0.8193548387096774
58,104,2,medium,low,252.0,0.8873239436619719
58,124,2,medium,low,259.0,0.9087719298245615
58,128,2,medium,low,222.0,0.9135802469135802
58,138,2,medium,low,156.0,0.968944099378882
58,126,2,medium,low,285.0,0.8934169278996865
58,140,2,medium,low,189.0,0.8513513513513513
58,164,2,medium,low,205.0,0.8723404255319149
58,162,2,medium,low,243.0,0.9204545454545454
58,172,2,medium,low,157.0,0.9022988505747126
58,180,2,medium,low,142.0,0.8987341772151899
58,132,2,medium,low,378.0,0.9242053789731052
58,200,2,medium,low,158.0,0.8926553672316384
58,179,2,medium,low,336.0,0.8772845953002611
58,186,2,medium,low,207.0,0.9039301310043668
58,183,2,medium,low,247.0,0.8821428571428571
61,27,2,medium,low,185.0,0.8851674641148325
58,176,2,medium,low,463.0,0.9186507936507936
58,182,2,medium,low,362.0,0.905
61,13,2,medium,low,245.0,0.9607843137254902
61,29,2,medium,low,183.0,0.8755980861244019
61,34,2,medium,low,189.0,0.9043062200956937
61,21,2,medium,low,305.0,0.9621451104100947
61,35,2,medium,low,194.0,0.9282296650717703
61,31,2,medium,low,255.0,0.9139784946236559
61,37,2,medium,low,200.0,0.9174311926605505
61,65,2,medium,low,198.0,0.9473684210526315
61,56,2,medium,low,180.0,0.861244019138756
61,41,2,medium,low,300.0,0.9433962264150944
61,43,2,medium,low,238.0,0.8206896551724138
61,44,2,medium,low,257.0,0.8771331058020477
61,71,2,medium,low,196.0,0.937799043062201
61,63,2,medium,low,211.0,0.8115384615384615
61,74,2,medium,low,195.0,0.9330143540669856
61,67,2,medium,low,198.0,0.9473684210526315
61,60,2,medium,low,257.0,0.8398692810457516
61,78,2,medium,low,180.0,0.861244019138756
61,94,2,medium,low,199.0,0.9521531100478469
61,101,2,medium,low,194.0,0.9282296650717703
61,99,2,medium,low,192.0,0.9186602870813397
61,79,2,medium,low,239.0,0.7709677419354839
61,107,2,medium,low,196.0,0.937799043062201
61,104,2,medium,low,257.0,0.9049295774647887
61,77,2,medium,low,324.0,0.8329048843187661
61,64,2,medium,low,514.0,0.8682432432432432
61,128,2,medium,low,232.0,0.9547325102880658
61,138,2,medium,low,194.0,0.9282296650717703
61,124,2,medium,low,230.0,0.8070175438596491
61,126,2,medium,low,273.0,0.8557993730407524
61,140,2,medium,low,186.0,0.8378378378378378
61,172,2,medium,low,178.0,0.8516746411483254
61,164,2,medium,low,212.0,0.902127659574468
61,162,2,medium,low,247.0,0.9356060606060606
61,132,2,medium,low,382.0,0.9339853300733496
61,180,2,medium,low,175.0,0.8373205741626795
61,179,2,medium,low,314.0,0.8198433420365535
61,200,2,medium,low,188.0,0.8995215311004785
62,13,2,medium,low,228.0,0.8941176470588236
61,186,2,medium,low,214.0,0.9344978165938864
62,27,2,medium,low,122.0,0.8905109489051095
62,21,2,medium,low,284.0,0.8958990536277602
61,183,2,medium,low,240.0,0.8571428571428571
61,182,2,medium,low,346.0,0.865
61,176,2,medium,low,473.0,0.9384920634920635
62,29,2,medium,low,178.0,0.9726775956284153
62,34,2,medium,low,197.0,0.9656862745098039
62,35,2,medium,low,153.0,0.8947368421052632
62,31,2,medium,low,236.0,0.8458781362007168
62,37,2,medium,low,192.0,0.8807339449541285
62,56,2,medium,low,142.0,0.9726027397260274
62,65,2,medium,low,129.0,0.9416058394160584
62,41,2,medium,low,283.0,0.889937106918239
62,44,2,medium,low,274.0,0.9351535836177475
62,43,2,medium,low,269.0,0.9275862068965517
62,71,2,medium,low,126.0,0.9197080291970803
62,74,2,medium,low,122.0,0.8905109489051095
62,67,2,medium,low,144.0,0.9171974522292994
62,60,2,medium,low,286.0,0.934640522875817
62,63,2,medium,low,237.0,0.9115384615384615
62,78,2,medium,low,123.0,0.8978102189781022
62,94,2,medium,low,134.0,0.9781021897810219
62,99,2,medium,low,161.0,0.930635838150289
62,101,2,medium,low,149.0,0.9430379746835443
62,79,2,medium,low,290.0,0.9354838709677419
62,107,2,medium,low,187.0,0.8990384615384616
62,64,2,medium,low,566.0,0.956081081081081
62,77,2,medium,low,361.0,0.9280205655526992
62,104,2,medium,low,251.0,0.8838028169014085
62,138,2,medium,low,144.0,0.8944099378881988
62,124,2,medium,low,262.0,0.9192982456140351
62,128,2,medium,low,218.0,0.897119341563786
62,126,2,medium,low,305.0,0.9561128526645768
62,140,2,medium,low,205.0,0.9234234234234234
62,162,2,medium,low,232.0,0.8787878787878788
62,164,2,medium,low,219.0,0.9319148936170213
62,172,2,medium,low,171.0,0.9827586206896551
62,132,2,medium,low,365.0,0.8924205378973105
62,180,2,medium,low,155.0,0.9810126582278481
66,13,2,medium,low,248.0,0.9725490196078431
62,200,2,medium,low,162.0,0.9152542372881356
62,186,2,medium,low,201.0,0.8777292576419214
66,27,2,medium,low,66.0,0.9295774647887324
66,21,2,medium,low,303.0,0.9558359621451105
62,179,2,medium,low,362.0,0.9451697127937336
62,183,2,medium,low,257.0,0.9178571428571428
66,29,2,medium,low,170.0,0.9289617486338798
66,34,2,medium,low,192.0,0.9411764705882353
66,31,2,medium,low,271.0,0.9713261648745519
62,176,2,medium,low,461.0,0.9146825396825397
66,35,2,medium,low,161.0,0.9415204678362573
66,37,2,medium,low,205.0,0.9403669724770642
62,182,2,medium,low,375.0,0.9375
66,41,2,medium,low,310.0,0.9748427672955975
66,56,2,medium,low,130.0,0.8904109589041096
66,65,2,medium,low,55.0,0.9482758620689655
66,43,2,medium,low,269.0,0.9275862068965517
66,44,2,medium,low,278.0,0.9488054607508533
66,67,2,medium,low,153.0,0.9745222929936306
66,71,2,medium,low,87.0,0.9775280898876404
66,74,2,medium,low,96.0,0.96
66,63,2,medium,low,235.0,0.9038461538461539
66,60,2,medium,low,283.0,0.9248366013071896
66,78,2,medium,low,86.0,0.9148936170212766
66,94,2,medium,low,120.0,0.9230769230769231
66,101,2,medium,low,153.0,0.9683544303797469
66,99,2,medium,low,165.0,0.953757225433526
66,107,2,medium,low,197.0,0.9471153846153846
66,79,2,medium,low,291.0,0.9387096774193548
66,77,2,medium,low,357.0,0.9177377892030848
66,64,2,medium,low,568.0,0.9594594594594594
66,104,2,medium,low,275.0,0.9683098591549296
66,124,2,medium,low,272.0,0.9543859649122807
66,138,2,medium,low,153.0,0.9503105590062112
66,128,2,medium,low,228.0,0.9382716049382716
66,164,2,medium,low,211.0,0.8978723404255319
66,126,2,medium,low,298.0,0.9341692789968652
66,140,2,medium,low,203.0,0.9144144144144144
66,162,2,medium,low,255.0,0.9659090909090909
66,132,2,medium,low,396.0,0.9682151589242054
66,172,2,medium,low,159.0,0.9137931034482759
66,180,2,medium,low,147.0,0.930379746835443
66,186,2,medium,low,223.0,0.9737991266375546
66,200,2,medium,low,153.0,0.864406779661017
66,179,2,medium,low,353.0,0.9216710182767625
66,183,2,medium,low,258.0,0.9214285714285714
66,182,2,medium,low,376.0,0.94
66,176,2,medium,low,490.0,0.9722222222222222
72,27,2,medium,low,300.0,0.9174311926605505
72,29,2,medium,low,280.0,0.8562691131498471
72,35,2,medium,low,304.0,0.9296636085626911
72,34,2,medium,low,278.0,0.8501529051987767
72,37,2,medium,low,295.0,0.9021406727828746
72,13,2,medium,low,311.0,0.9510703363914373
72,31,2,medium,low,303.0,0.926605504587156
72,21,2,medium,low,312.0,0.9541284403669725
72,65,2,medium,low,314.0,0.9602446483180428
72,56,2,medium,low,289.0,0.8837920489296636
72,41,2,medium,low,321.0,0.981651376146789
72,71,2,medium,low,309.0,0.944954128440367
72,43,2,medium,low,286.0,0.8746177370030581
72,44,2,medium,low,292.0,0.8929663608562691
72,67,2,medium,low,314.0,0.9602446483180428
72,74,2,medium,low,306.0,0.9357798165137615
72,63,2,medium,low,277.0,0.8470948012232415
72,60,2,medium,low,295.0,0.9021406727828746
72,78,2,medium,low,297.0,0.908256880733945
72,94,2,medium,low,303.0,0.926605504587156
72,101,2,medium,low,303.0,0.926605504587156
72,99,2,medium,low,308.0,0.9418960244648318
72,79,2,medium,low,286.0,0.8746177370030581
72,107,2,medium,low,294.0,0.8990825688073395
72,104,2,medium,low,307.0,0.9388379204892966
72,77,2,medium,low,339.0,0.87146529562982
72,64,2,medium,low,522.0,0.8817567567567568
72,138,2,medium,low,303.0,0.926605504587156
72,128,2,medium,low,305.0,0.9327217125382263
72,124,2,medium,low,292.0,0.8929663608562691
72,126,2,medium,low,302.0,0.9235474006116208
72,140,2,medium,low,273.0,0.8348623853211009
72,164,2,medium,low,298.0,0.9113149847094801
72,172,2,medium,low,288.0,0.8807339449541285
72,162,2,medium,low,312.0,0.9541284403669725
72,180,2,medium,low,283.0,0.8654434250764526
72,132,2,medium,low,379.0,0.9266503667481663
72,200,2,medium,low,296.0,0.9051987767584098
72,186,2,medium,low,308.0,0.9418960244648318
72,179,2,medium,low,338.0,0.8825065274151436
72,183,2,medium,low,309.0,0.944954128440367
73,27,2,medium,low,304.0,0.9020771513353115
72,176,2,medium,low,476.0,0.9444444444444444
73,13,2,medium,low,321.0,0.9525222551928784
72,182,2,medium,low,370.0,0.925
73,21,2,medium,low,323.0,0.9584569732937686
73,29,2,medium,low,303.0,0.8991097922848664
73,35,2,medium,low,311.0,0.9228486646884273
73,34,2,medium,low,295.0,0.8753709198813057
73,31,2,medium,low,310.0,0.9198813056379822
73,37,2,medium,low,309.0,0.9169139465875371
73,56,2,medium,low,304.0,0.9020771513353115
73,65,2,medium,low,321.0,0.9525222551928784
73,41,2,medium,low,323.0,0.9584569732937686
73,43,2,medium,low,281.0,0.8338278931750742
73,44,2,medium,low,294.0,0.8724035608308606
73,63,2,medium,low,285.0,0.8456973293768546
73,71,2,medium,low,321.0,0.9525222551928784
73,60,2,medium,low,300.0,0.8902077151335311
73,74,2,medium,low,320.0,0.9495548961424333
73,67,2,medium,low,319.0,0.9465875370919882
73,78,2,medium,low,301.0,0.8931750741839762
73,94,2,medium,low,317.0,0.9406528189910979
73,101,2,medium,low,305.0,0.9050445103857567
73,99,2,medium,low,305.0,0.9050445103857567
73,107,2,medium,low,310.0,0.9198813056379822
73,79,2,medium,low,291.0,0.8635014836795252
73,77,2,medium,low,344.0,0.884318766066838
73,104,2,medium,low,315.0,0.9347181008902077
73,64,2,medium,low,511.0,0.8631756756756757
73,124,2,medium,low,300.0,0.8902077151335311
73,128,2,medium,low,318.0,0.9436201780415431
73,138,2,medium,low,299.0,0.887240356083086
73,126,2,medium,low,308.0,0.913946587537092
73,140,2,medium,low,286.0,0.8486646884272997
73,162,2,medium,low,321.0,0.9525222551928784
73,172,2,medium,low,301.0,0.8931750741839762
73,164,2,medium,low,310.0,0.9198813056379822
73,180,2,medium,low,293.0,0.8694362017804155
73,132,2,medium,low,377.0,0.921760391198044
73,200,2,medium,low,311.0,0.9228486646884273
73,179,2,medium,low,343.0,0.8955613577023499
73,183,2,medium,low,317.0,0.9406528189910979
73,186,2,medium,low,308.0,0.913946587537092
75,27,2,medium,low,257.0,0.9178571428571428
75,13,2,medium,low,272.0,0.9714285714285714
75,21,2,medium,low,301.0,0.9495268138801262
73,176,2,medium,low,470.0,0.9325396825396826
73,182,2,medium,low,379.0,0.9475
75,35,2,medium,low,268.0,0.9571428571428572
75,29,2,medium,low,252.0,0.9
75,34,2,medium,low,232.0,0.8285714285714286
75,37,2,medium,low,260.0,0.9285714285714286
75,31,2,medium,low,270.0,0.9642857142857143
75,56,2,medium,low,245.0,0.875
75,65,2,medium,low,266.0,0.95
75,43,2,medium,low,269.0,0.9275862068965517
75,41,2,medium,low,304.0,0.9559748427672956
75,71,2,medium,low,266.0,0.95
75,44,2,medium,low,249.0,0.8498293515358362
75,67,2,medium,low,262.0,0.9357142857142857
75,60,2,medium,low,266.0,0.869281045751634
75,63,2,medium,low,251.0,0.8964285714285715
75,74,2,medium,low,268.0,0.9571428571428572
75,78,2,medium,low,256.0,0.9142857142857143
75,94,2,medium,low,263.0,0.9392857142857143
75,99,2,medium,low,261.0,0.9321428571428572
75,101,2,medium,low,262.0,0.9357142857142857
75,107,2,medium,low,261.0,0.9321428571428572
75,79,2,medium,low,273.0,0.8806451612903226
75,104,2,medium,low,280.0,0.9859154929577465
75,64,2,medium,low,510.0,0.8614864864864865
75,77,2,medium,low,333.0,0.8560411311053985
75,128,2,medium,low,266.0,0.95
75,124,2,medium,low,269.0,0.9438596491228071
75,138,2,medium,low,262.0,0.9357142857142857
75,126,2,medium,low,294.0,0.9216300940438872
75,140,2,medium,low,253.0,0.9035714285714286
75,164,2,medium,low,265.0,0.9464285714285714
75,162,2,medium,low,271.0,0.9678571428571429
75,172,2,medium,low,238.0,0.85
75,180,2,medium,low,240.0,0.8571428571428571
75,132,2,medium,low,380.0,0.9290953545232273
75,200,2,medium,low,252.0,0.9
75,186,2,medium,low,264.0,0.9428571428571428
75,179,2,medium,low,339.0,0.8851174934725848
75,183,2,medium,low,271.0,0.9678571428571429
81,27,2,medium,low,269.0,0.8705501618122977
75,182,2,medium,low,361.0,0.9025
81,13,2,medium,low,290.0,0.9385113268608414
75,176,2,medium,low,471.0,0.9345238095238095
81,21,2,medium,low,315.0,0.9936908517350158
81,29,2,medium,low,266.0,0.86084142394822
81,35,2,medium,low,281.0,0.9093851132686084
81,34,2,medium,low,276.0,0.8932038834951457
81,31,2,medium,low,289.0,0.9352750809061489
81,37,2,medium,low,276.0,0.8932038834951457
81,56,2,medium,low,261.0,0.8446601941747572
81,65,2,medium,low,288.0,0.9320388349514563
81,43,2,medium,low,279.0,0.9029126213592233
81,41,2,medium,low,304.0,0.9559748427672956
81,71,2,medium,low,295.0,0.9546925566343042
81,44,2,medium,low,291.0,0.941747572815534
81,63,2,medium,low,257.0,0.8317152103559871
81,67,2,medium,low,287.0,0.9288025889967637
81,60,2,medium,low,291.0,0.941747572815534
81,74,2,medium,low,281.0,0.9093851132686084
81,78,2,medium,low,262.0,0.8478964401294499
81,94,2,medium,low,277.0,0.8964401294498382
81,99,2,medium,low,285.0,0.9223300970873787
81,101,2,medium,low,282.0,0.912621359223301
81,79,2,medium,low,286.0,0.9225806451612903
81,107,2,medium,low,283.0,0.9158576051779935
81,104,2,medium,low,293.0,0.948220064724919
81,77,2,medium,low,325.0,0.8354755784061697
81,64,2,medium,low,504.0,0.8513513513513513
81,128,2,medium,low,288.0,0.9320388349514563
81,124,2,medium,low,278.0,0.8996763754045307
81,138,2,medium,low,278.0,0.8996763754045307
81,126,2,medium,low,310.0,0.9717868338557993
81,140,2,medium,low,246.0,0.7961165048543689
81,172,2,medium,low,268.0,0.8673139158576052
81,162,2,medium,low,293.0,0.948220064724919
81,164,2,medium,low,255.0,0.8252427184466019
81,180,2,medium,low,264.0,0.8543689320388349
81,132,2,medium,low,391.0,0.9559902200488998
81,200,2,medium,low,260.0,0.8414239482200647
81,186,2,medium,low,283.0,0.9158576051779935
81,179,2,medium,low,339.0,0.8851174934725848
81,183,2,medium,low,280.0,0.9061488673139159
83,27,2,medium,low,282.0,0.9009584664536742
81,176,2,medium,low,476.0,0.9444444444444444
81,182,2,medium,low,340.0,0.85
83,13,2,medium,low,303.0,0.9680511182108626
83,21,2,medium,low,308.0,0.9716088328075709
83,29,2,medium,low,277.0,0.8849840255591054
83,35,2,medium,low,289.0,0.9233226837060703
83,34,2,medium,low,278.0,0.8881789137380192
83,31,2,medium,low,291.0,0.9297124600638977
83,37,2,medium,low,289.0,0.9233226837060703
83,56,2,medium,low,265.0,0.8466453674121406
83,65,2,medium,low,297.0,0.9488817891373802
83,43,2,medium,low,272.0,0.8690095846645367
83,41,2,medium,low,303.0,0.9528301886792453
83,44,2,medium,low,290.0,0.9265175718849841
83,71,2,medium,low,297.0,0.9488817891373802
83,63,2,medium,low,278.0,0.8881789137380192
83,67,2,medium,low,293.0,0.9361022364217252
83,74,2,medium,low,289.0,0.9233226837060703
83,60,2,medium,low,281.0,0.8977635782747604
83,78,2,medium,low,277.0,0.8849840255591054
83,94,2,medium,low,287.0,0.9169329073482428
83,101,2,medium,low,294.0,0.939297124600639
83,99,2,medium,low,284.0,0.9073482428115016
83,107,2,medium,low,283.0,0.9041533546325878
83,79,2,medium,low,290.0,0.9265175718849841
83,77,2,medium,low,329.0,0.8457583547557841
83,104,2,medium,low,285.0,0.9105431309904153
83,64,2,medium,low,512.0,0.8648648648648649
83,124,2,medium,low,295.0,0.9424920127795527
83,128,2,medium,low,279.0,0.8913738019169329
83,138,2,medium,low,291.0,0.9297124600638977
83,126,2,medium,low,293.0,0.9184952978056427
83,140,2,medium,low,275.0,0.8785942492012779
83,172,2,medium,low,267.0,0.853035143769968
83,162,2,medium,low,296.0,0.9456869009584664
83,164,2,medium,low,281.0,0.8977635782747604
83,132,2,medium,low,392.0,0.9584352078239609
83,180,2,medium,low,270.0,0.8626198083067093
83,200,2,medium,low,275.0,0.8785942492012779
83,183,2,medium,low,295.0,0.9424920127795527
83,186,2,medium,low,294.0,0.939297124600639
84,27,2,medium,low,228.0,0.9083665338645418
83,179,2,medium,low,327.0,0.8537859007832899
84,13,2,medium,low,249.0,0.9764705882352941
84,21,2,medium,low,305.0,0.9621451104100947
83,182,2,medium,low,365.0,0.9125
83,176,2,medium,low,474.0,0.9404761904761905
84,29,2,medium,low,227.0,0.9043824701195219
84,35,2,medium,low,225.0,0.896414342629482
84,34,2,medium,low,220.0,0.8764940239043825
84,37,2,medium,low,230.0,0.9163346613545816
84,31,2,medium,low,264.0,0.946236559139785
84,56,2,medium,low,206.0,0.8207171314741036
84,65,2,medium,low,237.0,0.9442231075697212
84,43,2,medium,low,267.0,0.9206896551724137
84,44,2,medium,low,266.0,0.9078498293515358
84,41,2,medium,low,295.0,0.9276729559748428
84,71,2,medium,low,240.0,0.9561752988047809
84,67,2,medium,low,231.0,0.9203187250996016
84,63,2,medium,low,226.0,0.8692307692307693
84,60,2,medium,low,278.0,0.9084967320261438
84,74,2,medium,low,234.0,0.9322709163346613
84,78,2,medium,low,209.0,0.8326693227091634
84,94,2,medium,low,230.0,0.9163346613545816
84,99,2,medium,low,229.0,0.9123505976095617
84,101,2,medium,low,233.0,0.9282868525896414
84,107,2,medium,low,236.0,0.9402390438247012
84,79,2,medium,low,273.0,0.8806451612903226
84,104,2,medium,low,263.0,0.926056338028169
84,77,2,medium,low,325.0,0.8354755784061697
84,124,2,medium,low,267.0,0.9368421052631579
84,64,2,medium,low,517.0,0.8733108108108109
84,128,2,medium,low,236.0,0.9402390438247012
84,138,2,medium,low,232.0,0.9243027888446215
84,126,2,medium,low,290.0,0.9090909090909091
84,140,2,medium,low,200.0,0.796812749003984
84,162,2,medium,low,255.0,0.9659090909090909
84,172,2,medium,low,217.0,0.8645418326693227
84,164,2,medium,low,233.0,0.9282868525896414
84,180,2,medium,low,210.0,0.8366533864541833
84,132,2,medium,low,387.0,0.9462102689486552
88,13,2,medium,low,235.0,0.9215686274509803
88,27,2,medium,low,75.0,0.9615384615384616
88,21,2,medium,low,296.0,0.9337539432176656
84,200,2,medium,low,211.0,0.8406374501992032
84,186,2,medium,low,241.0,0.9601593625498008
84,179,2,medium,low,335.0,0.8746736292428199
88,29,2,medium,low,177.0,0.9672131147540983
84,183,2,medium,low,255.0,0.9107142857142857
88,31,2,medium,low,250.0,0.8960573476702509
88,34,2,medium,low,197.0,0.9656862745098039
88,35,2,medium,low,145.0,0.847953216374269
88,37,2,medium,low,207.0,0.9495412844036697
88,56,2,medium,low,141.0,0.9657534246575342
84,182,2,medium,low,352.0,0.88
84,176,2,medium,low,471.0,0.9345238095238095
88,41,2,medium,low,295.0,0.9276729559748428
88,65,2,medium,low,76.0,0.9743589743589743
88,43,2,medium,low,281.0,0.9689655172413794
88,60,2,medium,low,298.0,0.9738562091503268
88,44,2,medium,low,284.0,0.9692832764505119
88,71,2,medium,low,82.0,0.9213483146067416
88,74,2,medium,low,93.0,0.93
88,63,2,medium,low,253.0,0.9730769230769231
88,67,2,medium,low,146.0,0.9299363057324841
88,78,2,medium,low,91.0,0.9680851063829787
88,94,2,medium,low,123.0,0.9461538461538461
88,99,2,medium,low,158.0,0.9132947976878613
88,101,2,medium,low,145.0,0.9177215189873418
88,79,2,medium,low,303.0,0.9774193548387097
88,107,2,medium,low,194.0,0.9326923076923077
88,77,2,medium,low,380.0,0.9768637532133676
88,104,2,medium,low,264.0,0.9295774647887324
88,64,2,medium,low,583.0,0.9847972972972973
88,124,2,medium,low,274.0,0.9614035087719298
88,138,2,medium,low,143.0,0.8881987577639752
88,128,2,medium,low,222.0,0.9135802469135802
88,126,2,medium,low,312.0,0.9780564263322884
88,140,2,medium,low,213.0,0.9594594594594594
88,164,2,medium,low,227.0,0.9659574468085106
88,162,2,medium,low,246.0,0.9318181818181818
88,132,2,medium,low,390.0,0.9535452322738386
88,172,2,medium,low,169.0,0.9712643678160919
88,180,2,medium,low,152.0,0.9620253164556962
88,200,2,medium,low,172.0,0.9717514124293786
88,186,2,medium,low,210.0,0.9170305676855895
88,179,2,medium,low,375.0,0.97911227154047
88,183,2,medium,low,270.0,0.9642857142857143
88,182,2,medium,low,387.0,0.9675
88,176,2,medium,low,473.0,0.9384920634920635
89,27,2,medium,low,384.0,0.9186602870813397
89,29,2,medium,low,367.0,0.8779904306220095
89,35,2,medium,low,394.0,0.9425837320574163
89,13,2,medium,low,398.0,0.9521531100478469
89,34,2,medium,low,340.0,0.8133971291866029
89,37,2,medium,low,378.0,0.9043062200956937
89,21,2,medium,low,391.0,0.9354066985645934
89,31,2,medium,low,392.0,0.937799043062201
89,65,2,medium,low,403.0,0.9641148325358851
89,56,2,medium,low,368.0,0.8803827751196173
89,41,2,medium,low,397.0,0.9497607655502392
89,71,2,medium,low,405.0,0.9688995215311005
89,43,2,medium,low,357.0,0.854066985645933
89,63,2,medium,low,371.0,0.8875598086124402
89,74,2,medium,low,397.0,0.9497607655502392
89,67,2,medium,low,394.0,0.9425837320574163
89,44,2,medium,low,365.0,0.8732057416267942
89,60,2,medium,low,361.0,0.8636363636363636
89,78,2,medium,low,368.0,0.8803827751196173
89,94,2,medium,low,390.0,0.9330143540669856
89,99,2,medium,low,394.0,0.9425837320574163
89,101,2,medium,low,394.0,0.9425837320574163
89,79,2,medium,low,363.0,0.868421052631579
89,107,2,medium,low,386.0,0.9234449760765551
89,104,2,medium,low,389.0,0.930622009569378
89,77,2,medium,low,369.0,0.8827751196172249
89,64,2,medium,low,506.0,0.8547297297297297
89,128,2,medium,low,389.0,0.930622009569378
89,124,2,medium,low,383.0,0.916267942583732
89,138,2,medium,low,392.0,0.937799043062201
89,126,2,medium,low,355.0,0.8492822966507177
89,140,2,medium,low,362.0,0.8660287081339713
89,172,2,medium,low,348.0,0.8325358851674641
89,164,2,medium,low,390.0,0.9330143540669856
89,162,2,medium,low,392.0,0.937799043062201
89,180,2,medium,low,352.0,0.8421052631578947
89,132,2,medium,low,401.0,0.9593301435406698
89,200,2,medium,low,370.0,0.8851674641148325
91,13,2,medium,low,241.0,0.9450980392156862
89,179,2,medium,low,391.0,0.9354066985645934
91,27,2,medium,low,197.0,0.8794642857142857
89,183,2,medium,low,382.0,0.9138755980861244
89,186,2,medium,low,399.0,0.9545454545454546
91,21,2,medium,low,311.0,0.9810725552050473
91,29,2,medium,low,198.0,0.8839285714285714
89,182,2,medium,low,397.0,0.9497607655502392
89,176,2,medium,low,456.0,0.9047619047619048
91,35,2,medium,low,203.0,0.90625
91,34,2,medium,low,208.0,0.9285714285714286
91,37,2,medium,low,214.0,0.9553571428571429
91,31,2,medium,low,258.0,0.9247311827956989
91,56,2,medium,low,181.0,0.8080357142857143
91,65,2,medium,low,213.0,0.9508928571428571
91,41,2,medium,low,301.0,0.9465408805031447
91,43,2,medium,low,255.0,0.8793103448275862
91,44,2,medium,low,256.0,0.8737201365187713
91,71,2,medium,low,214.0,0.9553571428571429
91,67,2,medium,low,209.0,0.9330357142857143
91,63,2,medium,low,221.0,0.85
91,74,2,medium,low,209.0,0.9330357142857143
91,60,2,medium,low,239.0,0.7810457516339869
91,78,2,medium,low,187.0,0.8348214285714286
91,94,2,medium,low,214.0,0.9553571428571429
91,101,2,medium,low,213.0,0.9508928571428571
91,99,2,medium,low,206.0,0.9196428571428571
91,104,2,medium,low,266.0,0.9366197183098591
91,79,2,medium,low,255.0,0.8225806451612904
91,107,2,medium,low,215.0,0.9598214285714286
91,64,2,medium,low,506.0,0.8547297297297297
91,77,2,medium,low,312.0,0.8020565552699229
91,124,2,medium,low,253.0,0.887719298245614
91,128,2,medium,low,230.0,0.9465020576131687
91,138,2,medium,low,209.0,0.9330357142857143
91,126,2,medium,low,294.0,0.9216300940438872
91,140,2,medium,low,184.0,0.8214285714285714
91,172,2,medium,low,193.0,0.8616071428571429
91,162,2,medium,low,251.0,0.9507575757575758
91,164,2,medium,low,212.0,0.902127659574468
91,180,2,medium,low,181.0,0.8080357142857143
91,132,2,medium,low,390.0,0.9535452322738386
91,200,2,medium,low,177.0,0.7901785714285714
91,186,2,medium,low,215.0,0.9388646288209607
91,183,2,medium,low,252.0,0.9
91,179,2,medium,low,310.0,0.8093994778067886
97,27,2,medium,low,242.0,0.8642857142857143
91,182,2,medium,low,336.0,0.84
91,176,2,medium,low,475.0,0.9424603174603174
97,13,2,medium,low,266.0,0.95
97,21,2,medium,low,299.0,0.943217665615142
97,29,2,medium,low,242.0,0.8642857142857143
97,35,2,medium,low,260.0,0.9285714285714286
97,34,2,medium,low,233.0,0.8321428571428572
97,37,2,medium,low,253.0,0.9035714285714286
97,31,2,medium,low,271.0,0.9678571428571429
97,65,2,medium,low,267.0,0.9535714285714286
97,56,2,medium,low,243.0,0.8678571428571429
97,41,2,medium,low,303.0,0.9528301886792453
97,43,2,medium,low,258.0,0.8896551724137931
97,71,2,medium,low,268.0,0.9571428571428572
97,44,2,medium,low,247.0,0.8430034129692833
97,74,2,medium,low,266.0,0.95
97,67,2,medium,low,257.0,0.9178571428571428
97,63,2,medium,low,250.0,0.8928571428571429
97,78,2,medium,low,229.0,0.8178571428571428
97,60,2,medium,low,248.0,0.8104575163398693
97,94,2,medium,low,264.0,0.9428571428571428
97,99,2,medium,low,256.0,0.9142857142857143
97,101,2,medium,low,261.0,0.9321428571428572
97,107,2,medium,low,260.0,0.9285714285714286
97,79,2,medium,low,258.0,0.832258064516129
97,77,2,medium,low,338.0,0.8688946015424165
97,104,2,medium,low,276.0,0.971830985915493
97,64,2,medium,low,510.0,0.8614864864864865
97,124,2,medium,low,254.0,0.8912280701754386
97,138,2,medium,low,263.0,0.9392857142857143
97,128,2,medium,low,263.0,0.9392857142857143
97,126,2,medium,low,298.0,0.9341692789968652
97,140,2,medium,low,238.0,0.85
97,164,2,medium,low,256.0,0.9142857142857143
97,172,2,medium,low,223.0,0.7964285714285714
97,162,2,medium,low,270.0,0.9642857142857143
97,180,2,medium,low,219.0,0.7821428571428571
97,132,2,medium,low,372.0,0.9095354523227384
97,200,2,medium,low,243.0,0.8678571428571429
97,186,2,medium,low,257.0,0.9178571428571428
105,13,2,medium,low,223.0,0.8745098039215686
105,27,2,medium,low,124.0,0.9117647058823529
97,179,2,medium,low,317.0,0.8276762402088773
105,21,2,medium,low,287.0,0.9053627760252366
97,183,2,medium,low,265.0,0.9464285714285714
105,29,2,medium,low,174.0,0.9508196721311475
105,34,2,medium,low,196.0,0.9607843137254902
105,35,2,medium,low,161.0,0.9415204678362573
97,176,2,medium,low,453.0,0.8988095238095238
97,182,2,medium,low,361.0,0.9025
105,31,2,medium,low,244.0,0.8745519713261649
105,37,2,medium,low,204.0,0.9357798165137615
105,65,2,medium,low,130.0,0.9558823529411765
105,56,2,medium,low,143.0,0.9794520547945206
105,41,2,medium,low,285.0,0.8962264150943396
105,43,2,medium,low,277.0,0.9551724137931035
105,63,2,medium,low,244.0,0.9384615384615385
105,71,2,medium,low,126.0,0.9264705882352942
105,74,2,medium,low,130.0,0.9558823529411765
105,44,2,medium,low,277.0,0.9453924914675768
105,67,2,medium,low,144.0,0.9171974522292994
105,60,2,medium,low,289.0,0.9444444444444444
105,78,2,medium,low,126.0,0.9264705882352942
105,94,2,medium,low,132.0,0.9705882352941176
105,101,2,medium,low,142.0,0.8987341772151899
105,99,2,medium,low,151.0,0.8728323699421965
105,79,2,medium,low,297.0,0.9580645161290322
105,104,2,medium,low,256.0,0.9014084507042254
105,107,2,medium,low,190.0,0.9134615384615384
105,77,2,medium,low,362.0,0.9305912596401028
105,64,2,medium,low,564.0,0.9527027027027027
105,124,2,medium,low,274.0,0.9614035087719298
105,128,2,medium,low,209.0,0.8600823045267489
105,138,2,medium,low,148.0,0.9192546583850931
105,126,2,medium,low,305.0,0.9561128526645768
105,140,2,medium,low,210.0,0.9459459459459459
105,164,2,medium,low,217.0,0.9234042553191489
105,172,2,medium,low,166.0,0.9540229885057471
105,162,2,medium,low,235.0,0.8901515151515151
105,180,2,medium,low,151.0,0.9556962025316456
105,132,2,medium,low,377.0,0.921760391198044
105,200,2,medium,low,168.0,0.9491525423728814
105,186,2,medium,low,199.0,0.868995633187773
108,27,2,medium,low,74.0,0.8705882352941177
108,13,2,medium,low,242.0,0.9490196078431372
105,179,2,medium,low,366.0,0.9556135770234987
105,183,2,medium,low,264.0,0.9428571428571428
105,176,2,medium,low,451.0,0.8948412698412699
108,21,2,medium,low,295.0,0.9305993690851735
105,182,2,medium,low,382.0,0.955
108,29,2,medium,low,159.0,0.8688524590163934
108,35,2,medium,low,161.0,0.9415204678362573
108,34,2,medium,low,179.0,0.8774509803921569
108,37,2,medium,low,203.0,0.9311926605504587
108,31,2,medium,low,260.0,0.931899641577061
108,56,2,medium,low,127.0,0.8698630136986302
108,65,2,medium,low,78.0,0.9176470588235294
108,44,2,medium,low,262.0,0.89419795221843
108,41,2,medium,low,305.0,0.9591194968553459
108,43,2,medium,low,264.0,0.9103448275862069
108,60,2,medium,low,273.0,0.8921568627450981
108,63,2,medium,low,232.0,0.8923076923076924
108,71,2,medium,low,84.0,0.9438202247191011
108,74,2,medium,low,95.0,0.95
108,67,2,medium,low,150.0,0.9554140127388535
108,78,2,medium,low,83.0,0.8829787234042553
108,94,2,medium,low,119.0,0.9153846153846154
108,99,2,medium,low,157.0,0.9075144508670521
108,101,2,medium,low,144.0,0.9113924050632911
108,107,2,medium,low,191.0,0.9182692307692307
108,79,2,medium,low,282.0,0.9096774193548387
108,104,2,medium,low,266.0,0.9366197183098591
108,77,2,medium,low,354.0,0.910025706940874
108,64,2,medium,low,542.0,0.9155405405405406
108,124,2,medium,low,254.0,0.8912280701754386
108,138,2,medium,low,149.0,0.9254658385093167
108,126,2,medium,low,289.0,0.9059561128526645
108,128,2,medium,low,228.0,0.9382716049382716
108,140,2,medium,low,202.0,0.9099099099099099
108,164,2,medium,low,203.0,0.8638297872340426
108,162,2,medium,low,250.0,0.946969696969697
108,180,2,medium,low,131.0,0.8291139240506329
108,172,2,medium,low,153.0,0.8793103448275862
108,132,2,medium,low,391.0,0.9559902200488998
108,179,2,medium,low,356.0,0.9295039164490861
108,200,2,medium,low,157.0,0.8870056497175142
108,182,2,medium,low,364.0,0.91
108,186,2,medium,low,216.0,0.9432314410480349
108,183,2,medium,low,246.0,0.8785714285714286
108,176,2,medium,low,485.0,0.9623015873015873
112,27,2,medium,low,214.0,0.963963963963964
112,13,2,medium,low,238.0,0.9333333333333333
112,29,2,medium,low,212.0,0.954954954954955
112,35,2,medium,low,209.0,0.9414414414414415
112,34,2,medium,low,213.0,0.9594594594594594
112,21,2,medium,low,284.0,0.8958990536277602
112,37,2,medium,low,214.0,0.963963963963964
112,31,2,medium,low,250.0,0.8960573476702509
112,56,2,medium,low,208.0,0.9369369369369369
112,65,2,medium,low,210.0,0.9459459459459459
112,41,2,medium,low,294.0,0.9245283018867925
112,71,2,medium,low,209.0,0.9414414414414415
112,67,2,medium,low,198.0,0.8918918918918919
112,43,2,medium,low,277.0,0.9551724137931035
112,44,2,medium,low,269.0,0.9180887372013652
112,74,2,medium,low,209.0,0.9414414414414415
112,60,2,medium,low,283.0,0.9248366013071896
112,63,2,medium,low,249.0,0.9576923076923077
112,78,2,medium,low,210.0,0.9459459459459459
112,94,2,medium,low,205.0,0.9234234234234234
112,101,2,medium,low,202.0,0.9099099099099099
112,99,2,medium,low,195.0,0.8783783783783784
112,107,2,medium,low,215.0,0.9684684684684685
112,79,2,medium,low,290.0,0.9354838709677419
112,77,2,medium,low,365.0,0.9383033419023136
112,104,2,medium,low,267.0,0.9401408450704225
112,64,2,medium,low,551.0,0.9307432432432432
112,124,2,medium,low,272.0,0.9543859649122807
112,138,2,medium,low,211.0,0.9504504504504504
112,128,2,medium,low,232.0,0.9547325102880658
112,126,2,medium,low,296.0,0.9278996865203761
112,140,2,medium,low,220.0,0.990990990990991
112,164,2,medium,low,226.0,0.9617021276595744
112,162,2,medium,low,250.0,0.946969696969697
112,172,2,medium,low,210.0,0.9459459459459459
112,132,2,medium,low,362.0,0.8850855745721271
112,180,2,medium,low,208.0,0.9369369369369369
112,200,2,medium,low,209.0,0.9414414414414415
115,13,2,medium,low,214.0,0.8392156862745098
112,186,2,medium,low,210.0,0.9170305676855895
115,27,2,medium,low,125.0,0.8680555555555556
112,179,2,medium,low,349.0,0.9112271540469974
112,183,2,medium,low,262.0,0.9357142857142857
115,21,2,medium,low,292.0,0.9211356466876972
112,176,2,medium,low,459.0,0.9107142857142857
115,29,2,medium,low,175.0,0.9562841530054644
115,35,2,medium,low,153.0,0.8947368421052632
115,34,2,medium,low,196.0,0.9607843137254902
112,182,2,medium,low,377.0,0.9425
115,37,2,medium,low,197.0,0.9036697247706422
115,31,2,medium,low,242.0,0.8673835125448028
115,65,2,medium,low,135.0,0.9375
115,56,2,medium,low,144.0,0.9863013698630136
115,41,2,medium,low,280.0,0.8805031446540881
115,43,2,medium,low,275.0,0.9482758620689655
115,44,2,medium,low,273.0,0.931740614334471
115,71,2,medium,low,135.0,0.9375
115,67,2,medium,low,144.0,0.9171974522292994
115,74,2,medium,low,133.0,0.9236111111111112
115,63,2,medium,low,239.0,0.9192307692307692
115,78,2,medium,low,133.0,0.9236111111111112
115,60,2,medium,low,287.0,0.9379084967320261
115,94,2,medium,low,138.0,0.9583333333333334
115,101,2,medium,low,143.0,0.9050632911392406
115,99,2,medium,low,155.0,0.8959537572254336
115,107,2,medium,low,180.0,0.8653846153846154
115,79,2,medium,low,293.0,0.9451612903225807
115,77,2,medium,low,359.0,0.922879177377892
115,64,2,medium,low,561.0,0.9476351351351351
115,104,2,medium,low,249.0,0.8767605633802817
115,124,2,medium,low,265.0,0.9298245614035088
115,138,2,medium,low,146.0,0.906832298136646
115,128,2,medium,low,218.0,0.897119341563786
115,140,2,medium,low,204.0,0.918918918918919
115,126,2,medium,low,307.0,0.9623824451410659
115,172,2,medium,low,165.0,0.9482758620689655
115,164,2,medium,low,212.0,0.902127659574468
115,162,2,medium,low,236.0,0.8939393939393939
115,132,2,medium,low,377.0,0.921760391198044
115,180,2,medium,low,153.0,0.9683544303797469
115,200,2,medium,low,167.0,0.943502824858757
115,186,2,medium,low,199.0,0.868995633187773
115,179,2,medium,low,359.0,0.9373368146214099
115,183,2,medium,low,261.0,0.9321428571428572
117,27,2,medium,low,206.0,0.8477366255144033
115,176,2,medium,low,458.0,0.9087301587301587
115,182,2,medium,low,377.0,0.9425
117,13,2,medium,low,246.0,0.9647058823529412
117,29,2,medium,low,216.0,0.8888888888888888
117,34,2,medium,low,223.0,0.9176954732510288
117,35,2,medium,low,215.0,0.8847736625514403
117,21,2,medium,low,306.0,0.9652996845425867
117,37,2,medium,low,219.0,0.9012345679012346
117,31,2,medium,low,264.0,0.946236559139785
117,65,2,medium,low,227.0,0.934156378600823
117,56,2,medium,low,207.0,0.8518518518518519
117,41,2,medium,low,299.0,0.940251572327044
117,43,2,medium,low,261.0,0.9
117,71,2,medium,low,232.0,0.9547325102880658
117,44,2,medium,low,264.0,0.9010238907849829
117,74,2,medium,low,220.0,0.9053497942386831
117,63,2,medium,low,232.0,0.8923076923076924
117,60,2,medium,low,271.0,0.8856209150326797
117,67,2,medium,low,221.0,0.9094650205761317
117,78,2,medium,low,202.0,0.831275720164609
117,94,2,medium,low,221.0,0.9094650205761317
117,101,2,medium,low,227.0,0.934156378600823
117,99,2,medium,low,226.0,0.9300411522633745
117,107,2,medium,low,233.0,0.9588477366255144
117,79,2,medium,low,274.0,0.8838709677419355
117,104,2,medium,low,268.0,0.9436619718309859
117,77,2,medium,low,329.0,0.8457583547557841
117,64,2,medium,low,506.0,0.8547297297297297
117,124,2,medium,low,256.0,0.8982456140350877
117,128,2,medium,low,236.0,0.9711934156378601
117,138,2,medium,low,216.0,0.8888888888888888
117,126,2,medium,low,298.0,0.9341692789968652
117,140,2,medium,low,214.0,0.8806584362139918
117,164,2,medium,low,212.0,0.8724279835390947
117,172,2,medium,low,216.0,0.8888888888888888
117,162,2,medium,low,254.0,0.9621212121212122
117,180,2,medium,low,199.0,0.8189300411522634
117,132,2,medium,low,389.0,0.9511002444987775
117,200,2,medium,low,196.0,0.8065843621399177
117,186,2,medium,low,229.0,0.9423868312757202
117,179,2,medium,low,318.0,0.8302872062663186
120,27,2,medium,low,199.0,0.868995633187773
117,183,2,medium,low,244.0,0.8714285714285714
120,13,2,medium,low,238.0,0.9333333333333333
117,182,2,medium,low,336.0,0.84
117,176,2,medium,low,469.0,0.9305555555555556
120,29,2,medium,low,219.0,0.9563318777292577
120,21,2,medium,low,298.0,0.9400630914826499
120,35,2,medium,low,197.0,0.8602620087336245
120,34,2,medium,low,222.0,0.9694323144104804
120,31,2,medium,low,238.0,0.8530465949820788
120,37,2,medium,low,210.0,0.9170305676855895
120,56,2,medium,low,218.0,0.9519650655021834
120,65,2,medium,low,212.0,0.925764192139738
120,43,2,medium,low,279.0,0.9620689655172414
120,41,2,medium,low,275.0,0.8647798742138365
120,71,2,medium,low,208.0,0.9082969432314411
120,67,2,medium,low,210.0,0.9170305676855895
120,44,2,medium,low,271.0,0.9249146757679181
120,74,2,medium,low,204.0,0.8908296943231441
120,63,2,medium,low,241.0,0.926923076923077
120,60,2,medium,low,286.0,0.934640522875817
120,78,2,medium,low,210.0,0.9170305676855895
120,94,2,medium,low,207.0,0.9039301310043668
120,101,2,medium,low,201.0,0.8777292576419214
120,99,2,medium,low,202.0,0.8820960698689956
120,107,2,medium,low,215.0,0.9388646288209607
120,79,2,medium,low,295.0,0.9516129032258065
120,77,2,medium,low,353.0,0.9074550128534704
120,104,2,medium,low,267.0,0.9401408450704225
120,64,2,medium,low,556.0,0.9391891891891891
120,124,2,medium,low,266.0,0.9333333333333333
120,138,2,medium,low,201.0,0.8777292576419214
120,128,2,medium,low,224.0,0.9218106995884774
120,126,2,medium,low,310.0,0.9717868338557993
120,140,2,medium,low,221.0,0.9650655021834061
120,172,2,medium,low,217.0,0.9475982532751092
120,162,2,medium,low,240.0,0.9090909090909091
120,164,2,medium,low,218.0,0.9276595744680851
120,132,2,medium,low,371.0,0.9070904645476773
120,180,2,medium,low,210.0,0.9170305676855895
120,200,2,medium,low,208.0,0.9082969432314411
120,186,2,medium,low,210.0,0.9170305676855895
120,179,2,medium,low,356.0,0.9295039164490861
125,27,2,medium,low,99.0,0.9
120,183,2,medium,low,253.0,0.9035714285714286
125,29,2,medium,low,174.0,0.9508196721311475
125,13,2,medium,low,230.0,0.9019607843137255
125,35,2,medium,low,152.0,0.8888888888888888
120,182,2,medium,low,371.0,0.9275
125,34,2,medium,low,193.0,0.946078431372549
120,176,2,medium,low,444.0,0.8809523809523809
125,21,2,medium,low,296.0,0.9337539432176656
125,31,2,medium,low,250.0,0.8960573476702509
125,37,2,medium,low,196.0,0.8990825688073395
125,56,2,medium,low,133.0,0.910958904109589
125,65,2,medium,low,101.0,0.9181818181818182
125,71,2,medium,low,101.0,0.9181818181818182
125,63,2,medium,low,243.0,0.9346153846153846
125,41,2,medium,low,294.0,0.9245283018867925
125,44,2,medium,low,273.0,0.931740614334471
125,43,2,medium,low,270.0,0.9310344827586207
125,60,2,medium,low,288.0,0.9411764705882353
125,67,2,medium,low,143.0,0.910828025477707
125,74,2,medium,low,103.0,0.9363636363636364
125,78,2,medium,low,104.0,0.9454545454545454
125,94,2,medium,low,124.0,0.9538461538461539
125,99,2,medium,low,157.0,0.9075144508670521
125,101,2,medium,low,144.0,0.9113924050632911
125,77,2,medium,low,363.0,0.9331619537275064
125,107,2,medium,low,185.0,0.8894230769230769
125,79,2,medium,low,291.0,0.9387096774193548
125,104,2,medium,low,252.0,0.8873239436619719
125,64,2,medium,low,565.0,0.9543918918918919
125,124,2,medium,low,271.0,0.9508771929824561
125,128,2,medium,low,212.0,0.8724279835390947
125,126,2,medium,low,304.0,0.9529780564263323
125,138,2,medium,low,142.0,0.8819875776397516
125,140,2,medium,low,204.0,0.918918918918919
125,164,2,medium,low,219.0,0.9319148936170213
125,162,2,medium,low,237.0,0.8977272727272727
125,172,2,medium,low,164.0,0.9425287356321839
125,132,2,medium,low,375.0,0.9168704156479217
125,180,2,medium,low,149.0,0.9430379746835443
125,200,2,medium,low,164.0,0.9265536723163842
125,186,2,medium,low,207.0,0.9039301310043668
125,179,2,medium,low,364.0,0.9503916449086162
125,183,2,medium,low,259.0,0.925
125,182,2,medium,low,379.0,0.9475
125,176,2,medium,low,473.0,0.9384920634920635
135,27,2,medium,low,361.0,0.9304123711340206
135,29,2,medium,low,369.0,0.9510309278350515
135,34,2,medium,low,356.0,0.9175257731958762
135,35,2,medium,low,352.0,0.9072164948453608
135,13,2,medium,low,345.0,0.8891752577319587
135,31,2,medium,low,356.0,0.9175257731958762
135,37,2,medium,low,350.0,0.9020618556701031
135,21,2,medium,low,346.0,0.8917525773195877
135,56,2,medium,low,366.0,0.9432989690721649
135,65,2,medium,low,369.0,0.9510309278350515
135,41,2,medium,low,364.0,0.9381443298969072
135,71,2,medium,low,370.0,0.9536082474226805
135,43,2,medium,low,368.0,0.9484536082474226
135,44,2,medium,low,357.0,0.9201030927835051
135,74,2,medium,low,363.0,0.9355670103092784
135,67,2,medium,low,345.0,0.8891752577319587
135,63,2,medium,low,375.0,0.9664948453608248
135,60,2,medium,low,358.0,0.9226804123711341
135,78,2,medium,low,355.0,0.9149484536082474
135,94,2,medium,low,345.0,0.8891752577319587
135,101,2,medium,low,337.0,0.8685567010309279
135,99,2,medium,low,336.0,0.865979381443299
135,107,2,medium,low,334.0,0.8608247422680413
135,79,2,medium,low,371.0,0.9561855670103093
135,104,2,medium,low,364.0,0.9381443298969072
135,64,2,medium,low,548.0,0.9256756756756757
135,77,2,medium,low,382.0,0.9820051413881749
135,124,2,medium,low,375.0,0.9664948453608248
135,128,2,medium,low,359.0,0.9252577319587629
135,138,2,medium,low,347.0,0.8943298969072165
135,126,2,medium,low,366.0,0.9432989690721649
135,140,2,medium,low,363.0,0.9355670103092784
135,164,2,medium,low,369.0,0.9510309278350515
135,172,2,medium,low,352.0,0.9072164948453608
135,162,2,medium,low,358.0,0.9226804123711341
135,180,2,medium,low,354.0,0.9123711340206185
135,132,2,medium,low,372.0,0.9095354523227384
142,13,2,medium,low,245.0,0.9607843137254902
135,200,2,medium,low,357.0,0.9201030927835051
135,179,2,medium,low,384.0,0.9896907216494846
142,27,2,medium,low,192.0,0.8609865470852018
135,186,2,medium,low,345.0,0.8891752577319587
135,183,2,medium,low,368.0,0.9484536082474226
142,21,2,medium,low,304.0,0.9589905362776026
142,29,2,medium,low,192.0,0.8609865470852018
135,176,2,medium,low,439.0,0.871031746031746
142,35,2,medium,low,209.0,0.9372197309417041
135,182,2,medium,low,394.0,0.985
142,34,2,medium,low,201.0,0.9013452914798207
142,31,2,medium,low,261.0,0.9354838709677419
142,37,2,medium,low,216.0,0.968609865470852
142,65,2,medium,low,214.0,0.9596412556053812
142,56,2,medium,low,196.0,0.8789237668161435
142,41,2,medium,low,299.0,0.940251572327044
142,71,2,medium,low,214.0,0.9596412556053812
142,43,2,medium,low,248.0,0.8551724137931035
142,44,2,medium,low,249.0,0.8498293515358362
142,67,2,medium,low,209.0,0.9372197309417041
142,63,2,medium,low,223.0,0.8576923076923076
142,78,2,medium,low,191.0,0.8565022421524664
142,60,2,medium,low,241.0,0.7875816993464052
142,74,2,medium,low,210.0,0.9417040358744395
142,94,2,medium,low,215.0,0.9641255605381166
142,101,2,medium,low,213.0,0.9551569506726457
142,99,2,medium,low,207.0,0.9282511210762332
142,107,2,medium,low,209.0,0.9372197309417041
142,79,2,medium,low,253.0,0.8161290322580645
142,77,2,medium,low,317.0,0.8149100257069408
142,104,2,medium,low,265.0,0.9330985915492958
142,64,2,medium,low,508.0,0.8581081081081081
142,124,2,medium,low,241.0,0.8456140350877193
142,138,2,medium,low,214.0,0.9596412556053812
142,128,2,medium,low,227.0,0.934156378600823
142,140,2,medium,low,195.0,0.874439461883408
142,126,2,medium,low,291.0,0.9122257053291536
142,162,2,medium,low,252.0,0.9545454545454546
142,164,2,medium,low,221.0,0.9404255319148936
142,172,2,medium,low,196.0,0.8789237668161435
142,132,2,medium,low,386.0,0.9437652811735942
142,180,2,medium,low,181.0,0.8116591928251121
142,200,2,medium,low,195.0,0.874439461883408
142,186,2,medium,low,215.0,0.9388646288209607
143,27,2,medium,low,115.0,0.8712121212121212
143,13,2,medium,low,245.0,0.9607843137254902
142,183,2,medium,low,256.0,0.9142857142857143
143,21,2,medium,low,301.0,0.9495268138801262
142,179,2,medium,low,319.0,0.8328981723237598
143,29,2,medium,low,163.0,0.8907103825136612
142,182,2,medium,low,346.0,0.865
142,176,2,medium,low,478.0,0.9484126984126984
143,35,2,medium,low,159.0,0.9298245614035088
143,34,2,medium,low,180.0,0.8823529411764706
143,31,2,medium,low,263.0,0.942652329749104
143,37,2,medium,low,199.0,0.9128440366972477
143,65,2,medium,low,121.0,0.9166666666666666
143,56,2,medium,low,122.0,0.8356164383561644
143,41,2,medium,low,297.0,0.9339622641509434
143,43,2,medium,low,250.0,0.8620689655172413
143,71,2,medium,low,125.0,0.946969696969697
143,44,2,medium,low,260.0,0.8873720136518771
143,63,2,medium,low,215.0,0.8269230769230769
143,67,2,medium,low,153.0,0.9745222929936306
143,74,2,medium,low,124.0,0.9393939393939394
143,60,2,medium,low,250.0,0.8169934640522876
143,78,2,medium,low,110.0,0.8333333333333334
143,94,2,medium,low,130.0,0.9848484848484849
143,99,2,medium,low,165.0,0.953757225433526
143,101,2,medium,low,150.0,0.9493670886075949
143,107,2,medium,low,194.0,0.9326923076923077
143,79,2,medium,low,251.0,0.8096774193548387
143,77,2,medium,low,326.0,0.8380462724935732
143,104,2,medium,low,267.0,0.9401408450704225
143,64,2,medium,low,527.0,0.8902027027027027
143,138,2,medium,low,147.0,0.9130434782608695
143,128,2,medium,low,222.0,0.9135802469135802
143,124,2,medium,low,250.0,0.8771929824561403
143,126,2,medium,low,285.0,0.8934169278996865
143,140,2,medium,low,178.0,0.8018018018018018
143,162,2,medium,low,246.0,0.9318181818181818
143,164,2,medium,low,197.0,0.8382978723404255
143,132,2,medium,low,386.0,0.9437652811735942
143,180,2,medium,low,143.0,0.9050632911392406
143,172,2,medium,low,160.0,0.9195402298850575
143,200,2,medium,low,141.0,0.7966101694915254
143,179,2,medium,low,327.0,0.8537859007832899
143,186,2,medium,low,217.0,0.9475982532751092
143,183,2,medium,low,244.0,0.8714285714285714
145,27,2,medium,low,168.0,0.9230769230769231
143,182,2,medium,low,350.0,0.875
143,176,2,medium,low,479.0,0.9503968253968254
145,13,2,medium,low,236.0,0.9254901960784314
145,29,2,medium,low,180.0,0.9836065573770492
145,21,2,medium,low,301.0,0.9495268138801262
145,34,2,medium,low,199.0,0.9754901960784313
145,35,2,medium,low,174.0,0.9560439560439561
145,31,2,medium,low,258.0,0.9247311827956989
145,37,2,medium,low,203.0,0.9311926605504587
145,65,2,medium,low,167.0,0.9175824175824175
145,56,2,medium,low,174.0,0.9560439560439561
145,41,2,medium,low,295.0,0.9276729559748428
145,43,2,medium,low,277.0,0.9551724137931035
145,63,2,medium,low,251.0,0.9653846153846154
145,71,2,medium,low,170.0,0.9340659340659341
145,44,2,medium,low,282.0,0.962457337883959
145,67,2,medium,low,179.0,0.9835164835164835
145,60,2,medium,low,300.0,0.9803921568627451
145,74,2,medium,low,156.0,0.8571428571428571
145,78,2,medium,low,161.0,0.8846153846153846
145,94,2,medium,low,157.0,0.8626373626373627
145,99,2,medium,low,178.0,0.978021978021978
145,101,2,medium,low,163.0,0.8956043956043956
145,107,2,medium,low,195.0,0.9375
145,79,2,medium,low,300.0,0.967741935483871
145,104,2,medium,low,264.0,0.9295774647887324
145,77,2,medium,low,371.0,0.9537275064267352
145,64,2,medium,low,571.0,0.964527027027027
145,124,2,medium,low,264.0,0.9263157894736842
145,128,2,medium,low,226.0,0.9300411522633745
145,138,2,medium,low,161.0,0.8846153846153846
145,126,2,medium,low,303.0,0.9498432601880877
145,140,2,medium,low,214.0,0.963963963963964
145,164,2,medium,low,219.0,0.9319148936170213
145,162,2,medium,low,242.0,0.9166666666666666
145,172,2,medium,low,178.0,0.978021978021978
145,180,2,medium,low,179.0,0.9835164835164835
145,132,2,medium,low,380.0,0.9290953545232273
145,200,2,medium,low,179.0,0.9835164835164835
145,179,2,medium,low,367.0,0.95822454308094
145,186,2,medium,low,219.0,0.9563318777292577
145,183,2,medium,low,252.0,0.9
147,27,2,medium,low,254.0,0.910394265232975
145,182,2,medium,low,374.0,0.935
145,176,2,medium,low,457.0,0.9067460317460317
147,13,2,medium,low,259.0,0.9283154121863799
147,29,2,medium,low,267.0,0.956989247311828
147,21,2,medium,low,306.0,0.9652996845425867
147,35,2,medium,low,239.0,0.8566308243727598
147,34,2,medium,low,259.0,0.9283154121863799
147,31,2,medium,low,262.0,0.9390681003584229
147,37,2,medium,low,241.0,0.8637992831541219
147,65,2,medium,low,265.0,0.9498207885304659
147,56,2,medium,low,267.0,0.956989247311828
147,41,2,medium,low,285.0,0.8962264150943396
147,43,2,medium,low,281.0,0.9689655172413794
147,71,2,medium,low,259.0,0.9283154121863799
147,63,2,medium,low,269.0,0.96415770609319
147,44,2,medium,low,285.0,0.9726962457337884
147,67,2,medium,low,233.0,0.8351254480286738
147,60,2,medium,low,296.0,0.9673202614379085
147,74,2,medium,low,253.0,0.9068100358422939
147,78,2,medium,low,258.0,0.9247311827956989
147,94,2,medium,low,258.0,0.9247311827956989
147,101,2,medium,low,257.0,0.921146953405018
147,99,2,medium,low,230.0,0.8243727598566308
147,107,2,medium,low,247.0,0.8853046594982079
147,79,2,medium,low,297.0,0.9580645161290322
147,104,2,medium,low,254.0,0.8943661971830986
147,77,2,medium,low,362.0,0.9305912596401028
147,64,2,medium,low,558.0,0.9425675675675675
147,124,2,medium,low,279.0,0.9789473684210527
147,128,2,medium,low,255.0,0.9139784946236559
147,138,2,medium,low,242.0,0.8673835125448028
147,126,2,medium,low,312.0,0.9780564263322884
147,140,2,medium,low,262.0,0.9390681003584229
147,164,2,medium,low,262.0,0.9390681003584229
147,162,2,medium,low,263.0,0.942652329749104
147,172,2,medium,low,266.0,0.953405017921147
147,180,2,medium,low,260.0,0.931899641577061
147,132,2,medium,low,380.0,0.9290953545232273
147,200,2,medium,low,261.0,0.9354838709677419
147,186,2,medium,low,240.0,0.8602150537634409
147,179,2,medium,low,369.0,0.9634464751958225
147,183,2,medium,low,272.0,0.9714285714285714
151,27,2,medium,low,476.0,0.937007874015748
147,182,2,medium,low,375.0,0.9375
147,176,2,medium,low,452.0,0.8968253968253969
151,13,2,medium,low,448.0,0.8818897637795275
151,29,2,medium,low,488.0,0.9606299212598425
151,35,2,medium,low,453.0,0.8917322834645669
151,21,2,medium,low,432.0,0.8503937007874016
151,34,2,medium,low,478.0,0.9409448818897638
151,37,2,medium,low,453.0,0.8917322834645669
151,31,2,medium,low,432.0,0.8503937007874016
151,65,2,medium,low,494.0,0.9724409448818898
151,56,2,medium,low,484.0,0.952755905511811
151,41,2,medium,low,442.0,0.8700787401574803
151,43,2,medium,low,474.0,0.9330708661417323
151,71,2,medium,low,483.0,0.9507874015748031
151,63,2,medium,low,474.0,0.9330708661417323
151,44,2,medium,low,454.0,0.8937007874015748
151,74,2,medium,low,472.0,0.9291338582677166
151,67,2,medium,low,453.0,0.8917322834645669
151,60,2,medium,low,463.0,0.9114173228346457
151,78,2,medium,low,481.0,0.9468503937007874
151,94,2,medium,low,473.0,0.9311023622047244
151,99,2,medium,low,432.0,0.8503937007874016
151,101,2,medium,low,444.0,0.8740157480314961
151,107,2,medium,low,453.0,0.8917322834645669
151,79,2,medium,low,466.0,0.9173228346456693
151,104,2,medium,low,462.0,0.9094488188976378
151,77,2,medium,low,469.0,0.9232283464566929
151,64,2,medium,low,557.0,0.9408783783783784
151,124,2,medium,low,479.0,0.9429133858267716
151,128,2,medium,low,452.0,0.889763779527559
151,138,2,medium,low,444.0,0.8740157480314961
151,126,2,medium,low,477.0,0.9389763779527559
151,140,2,medium,low,471.0,0.9271653543307087
151,172,2,medium,low,477.0,0.9389763779527559
151,162,2,medium,low,458.0,0.9015748031496063
151,180,2,medium,low,479.0,0.9429133858267716
151,164,2,medium,low,476.0,0.937007874015748
151,132,2,medium,low,452.0,0.889763779527559
155,13,2,medium,low,245.0,0.9607843137254902
155,27,2,medium,low,175.0,0.8663366336633663
155,21,2,medium,low,302.0,0.9526813880126183
151,179,2,medium,low,473.0,0.9311023622047244
151,200,2,medium,low,482.0,0.9488188976377953
151,186,2,medium,low,429.0,0.844488188976378
155,29,2,medium,low,185.0,0.9158415841584159
151,183,2,medium,low,488.0,0.9606299212598425
155,35,2,medium,low,183.0,0.905940594059406
155,34,2,medium,low,200.0,0.9803921568627451
155,31,2,medium,low,261.0,0.9354838709677419
151,182,2,medium,low,484.0,0.952755905511811
151,176,2,medium,low,489.0,0.9625984251968503
155,37,2,medium,low,206.0,0.944954128440367
155,65,2,medium,low,194.0,0.9603960396039604
155,56,2,medium,low,172.0,0.8514851485148515
155,41,2,medium,low,297.0,0.9339622641509434
155,43,2,medium,low,246.0,0.8482758620689655
155,44,2,medium,low,252.0,0.8600682593856656
155,71,2,medium,low,190.0,0.9405940594059405
155,74,2,medium,low,180.0,0.8910891089108911
155,63,2,medium,low,211.0,0.8115384615384615
155,67,2,medium,low,187.0,0.9257425742574258
155,60,2,medium,low,249.0,0.8137254901960784
155,78,2,medium,low,164.0,0.8118811881188119
155,94,2,medium,low,194.0,0.9603960396039604
155,99,2,medium,low,188.0,0.9306930693069307
155,101,2,medium,low,187.0,0.9257425742574258
155,107,2,medium,low,195.0,0.9375
155,79,2,medium,low,252.0,0.8129032258064516
155,77,2,medium,low,326.0,0.8380462724935732
155,64,2,medium,low,520.0,0.8783783783783784
155,104,2,medium,low,262.0,0.9225352112676056
155,128,2,medium,low,226.0,0.9300411522633745
155,138,2,medium,low,187.0,0.9257425742574258
155,124,2,medium,low,244.0,0.856140350877193
155,126,2,medium,low,277.0,0.8683385579937304
155,140,2,medium,low,184.0,0.8288288288288288
155,164,2,medium,low,211.0,0.8978723404255319
155,162,2,medium,low,244.0,0.9242424242424242
155,172,2,medium,low,178.0,0.8811881188118812
155,180,2,medium,low,165.0,0.8168316831683168
155,132,2,medium,low,380.0,0.9290953545232273
155,200,2,medium,low,172.0,0.8514851485148515
155,186,2,medium,low,215.0,0.9388646288209607
155,179,2,medium,low,322.0,0.8407310704960835
155,183,2,medium,low,241.0,0.8607142857142858
158,27,2,medium,low,181.0,0.8916256157635468
155,182,2,medium,low,352.0,0.88
158,13,2,medium,low,238.0,0.9333333333333333
155,176,2,medium,low,473.0,0.9384920634920635
158,21,2,medium,low,290.0,0.9148264984227129
158,29,2,medium,low,191.0,0.9408866995073891
158,34,2,medium,low,199.0,0.9754901960784313
158,35,2,medium,low,172.0,0.8472906403940886
158,37,2,medium,low,196.0,0.8990825688073395
158,56,2,medium,low,186.0,0.916256157635468
158,31,2,medium,low,237.0,0.8494623655913979
158,65,2,medium,low,189.0,0.9310344827586207
158,43,2,medium,low,261.0,0.9
158,44,2,medium,low,273.0,0.931740614334471
158,41,2,medium,low,278.0,0.8742138364779874
158,71,2,medium,low,182.0,0.896551724137931
158,67,2,medium,low,184.0,0.9064039408866995
158,74,2,medium,low,182.0,0.896551724137931
158,78,2,medium,low,182.0,0.896551724137931
158,63,2,medium,low,233.0,0.8961538461538462
158,60,2,medium,low,283.0,0.9248366013071896
158,94,2,medium,low,191.0,0.9408866995073891
158,99,2,medium,low,185.0,0.9113300492610837
158,101,2,medium,low,179.0,0.8817733990147784
158,107,2,medium,low,194.0,0.9326923076923077
158,79,2,medium,low,282.0,0.9096774193548387
158,77,2,medium,low,361.0,0.9280205655526992
158,104,2,medium,low,255.0,0.897887323943662
158,64,2,medium,low,553.0,0.9341216216216216
158,138,2,medium,low,181.0,0.8916256157635468
158,124,2,medium,low,268.0,0.9403508771929825
158,128,2,medium,low,200.0,0.823045267489712
158,126,2,medium,low,303.0,0.9498432601880877
158,140,2,medium,low,207.0,0.9324324324324325
158,162,2,medium,low,234.0,0.8863636363636364
158,172,2,medium,low,187.0,0.9211822660098522
158,164,2,medium,low,214.0,0.9106382978723404
158,180,2,medium,low,185.0,0.9113300492610837
158,132,2,medium,low,365.0,0.8924205378973105
158,179,2,medium,low,350.0,0.9138381201044387
158,200,2,medium,low,187.0,0.9211822660098522
158,186,2,medium,low,204.0,0.8908296943231441
158,183,2,medium,low,247.0,0.8821428571428571
158,182,2,medium,low,370.0,0.925
158,176,2,medium,low,446.0,0.8849206349206349
168,27,2,medium,low,464.0,0.9354838709677419
168,29,2,medium,low,466.0,0.9395161290322581
168,34,2,medium,low,471.0,0.9495967741935484
168,35,2,medium,low,456.0,0.9193548387096774
168,37,2,medium,low,461.0,0.9294354838709677
168,13,2,medium,low,436.0,0.8790322580645161
168,31,2,medium,low,456.0,0.9193548387096774
168,21,2,medium,low,446.0,0.8991935483870968
168,56,2,medium,low,475.0,0.9576612903225806
168,65,2,medium,low,475.0,0.9576612903225806
168,41,2,medium,low,453.0,0.9133064516129032
168,43,2,medium,low,466.0,0.9395161290322581
168,71,2,medium,low,464.0,0.9354838709677419
168,74,2,medium,low,459.0,0.9254032258064516
168,44,2,medium,low,462.0,0.9314516129032258
168,63,2,medium,low,472.0,0.9516129032258065
168,67,2,medium,low,458.0,0.9233870967741935
168,78,2,medium,low,472.0,0.9516129032258065
168,60,2,medium,low,469.0,0.9455645161290323
168,94,2,medium,low,460.0,0.9274193548387096
168,99,2,medium,low,441.0,0.8891129032258065
168,101,2,medium,low,449.0,0.905241935483871
168,107,2,medium,low,449.0,0.905241935483871
168,79,2,medium,low,467.0,0.9415322580645161
168,104,2,medium,low,459.0,0.9254032258064516
168,64,2,medium,low,563.0,0.9510135135135135
168,77,2,medium,low,469.0,0.9455645161290323
168,124,2,medium,low,475.0,0.9576612903225806
168,128,2,medium,low,463.0,0.9334677419354839
168,126,2,medium,low,465.0,0.9375
168,138,2,medium,low,455.0,0.9173387096774194
168,140,2,medium,low,470.0,0.9475806451612904
168,172,2,medium,low,459.0,0.9254032258064516
168,164,2,medium,low,464.0,0.9354838709677419
168,180,2,medium,low,470.0,0.9475806451612904
168,162,2,medium,low,449.0,0.905241935483871
168,132,2,medium,low,444.0,0.8951612903225806
169,13,2,medium,low,236.0,0.9254901960784314
169,27,2,medium,low,133.0,0.83125
169,21,2,medium,low,289.0,0.9116719242902208
169,29,2,medium,low,164.0,0.8961748633879781
168,200,2,medium,low,473.0,0.9536290322580645
168,179,2,medium,low,470.0,0.9475806451612904
168,186,2,medium,low,432.0,0.8709677419354839
169,35,2,medium,low,153.0,0.8947368421052632
168,183,2,medium,low,467.0,0.9415322580645161
169,34,2,medium,low,181.0,0.8872549019607843
169,31,2,medium,low,252.0,0.9032258064516129
168,176,2,medium,low,481.0,0.9543650793650794
169,37,2,medium,low,191.0,0.8761467889908257
169,56,2,medium,low,141.0,0.88125
169,65,2,medium,low,145.0,0.90625
169,41,2,medium,low,286.0,0.89937106918239
169,43,2,medium,low,240.0,0.8275862068965517
168,182,2,medium,low,478.0,0.9637096774193549
169,44,2,medium,low,239.0,0.8156996587030717
169,63,2,medium,low,213.0,0.8192307692307692
169,71,2,medium,low,147.0,0.91875
169,60,2,medium,low,244.0,0.7973856209150327
169,67,2,medium,low,153.0,0.95625
169,74,2,medium,low,147.0,0.91875
169,78,2,medium,low,133.0,0.83125
169,94,2,medium,low,155.0,0.96875
169,101,2,medium,low,154.0,0.9625
169,99,2,medium,low,163.0,0.9421965317919075
169,107,2,medium,low,185.0,0.8894230769230769
169,104,2,medium,low,259.0,0.9119718309859155
169,77,2,medium,low,320.0,0.8226221079691517
169,64,2,medium,low,508.0,0.8581081081081081
169,79,2,medium,low,250.0,0.8064516129032258
169,124,2,medium,low,248.0,0.8701754385964913
169,128,2,medium,low,222.0,0.9135802469135802
169,138,2,medium,low,151.0,0.937888198757764
169,126,2,medium,low,272.0,0.8526645768025078
169,162,2,medium,low,237.0,0.8977272727272727
169,140,2,medium,low,183.0,0.8243243243243243
169,172,2,medium,low,150.0,0.8620689655172413
169,164,2,medium,low,205.0,0.8723404255319149
169,180,2,medium,low,142.0,0.8875
169,132,2,medium,low,377.0,0.921760391198044
169,200,2,medium,low,157.0,0.8870056497175142
169,179,2,medium,low,324.0,0.8459530026109661
169,186,2,medium,low,204.0,0.8908296943231441
169,183,2,medium,low,242.0,0.8642857142857143
169,176,2,medium,low,465.0,0.9226190476190477
171,27,2,medium,low,262.0,0.9290780141843972
169,182,2,medium,low,346.0,0.865
171,13,2,medium,low,274.0,0.9716312056737588
171,29,2,medium,low,252.0,0.8936170212765957
171,34,2,medium,low,242.0,0.8581560283687943
171,35,2,medium,low,262.0,0.9290780141843972
171,21,2,medium,low,297.0,0.9369085173501577
171,37,2,medium,low,263.0,0.9326241134751773
171,31,2,medium,low,278.0,0.9858156028368794
171,65,2,medium,low,273.0,0.9680851063829787
171,56,2,medium,low,249.0,0.8829787234042553
171,41,2,medium,low,305.0,0.9591194968553459
171,71,2,medium,low,273.0,0.9680851063829787
171,44,2,medium,low,254.0,0.8668941979522184
171,43,2,medium,low,257.0,0.8862068965517241
171,74,2,medium,low,269.0,0.9539007092198581
171,63,2,medium,low,258.0,0.9148936170212766
171,67,2,medium,low,262.0,0.9290780141843972
171,60,2,medium,low,235.0,0.7679738562091504
171,78,2,medium,low,247.0,0.875886524822695
171,94,2,medium,low,269.0,0.9539007092198581
171,101,2,medium,low,260.0,0.9219858156028369
171,99,2,medium,low,262.0,0.9290780141843972
171,79,2,medium,low,279.0,0.9
171,107,2,medium,low,265.0,0.9397163120567376
171,77,2,medium,low,323.0,0.8303341902313625
171,104,2,medium,low,275.0,0.9683098591549296
171,64,2,medium,low,508.0,0.8581081081081081
171,138,2,medium,low,265.0,0.9397163120567376
171,128,2,medium,low,273.0,0.9680851063829787
171,124,2,medium,low,266.0,0.9333333333333333
171,126,2,medium,low,294.0,0.9216300940438872
171,140,2,medium,low,257.0,0.9113475177304965
171,164,2,medium,low,265.0,0.9397163120567376
171,162,2,medium,low,276.0,0.9787234042553191
171,172,2,medium,low,237.0,0.8404255319148937
171,180,2,medium,low,238.0,0.8439716312056738
171,132,2,medium,low,377.0,0.921760391198044
171,200,2,medium,low,258.0,0.9148936170212766
185,13,2,medium,low,221.0,0.8666666666666667
185,27,2,medium,low,111.0,0.9024390243902439
185,21,2,medium,low,281.0,0.886435331230284
171,186,2,medium,low,266.0,0.9432624113475178
171,179,2,medium,low,334.0,0.8720626631853786
171,183,2,medium,low,270.0,0.9574468085106383
185,29,2,medium,low,174.0,0.9508196721311475
185,35,2,medium,low,143.0,0.8362573099415205
185,34,2,medium,low,197.0,0.9656862745098039
185,31,2,medium,low,234.0,0.8387096774193549
171,176,2,medium,low,470.0,0.9325396825396826
185,37,2,medium,low,192.0,0.8807339449541285
171,182,2,medium,low,363.0,0.9075
185,56,2,medium,low,139.0,0.952054794520548
185,65,2,medium,low,116.0,0.943089430894309
185,44,2,medium,low,270.0,0.9215017064846417
185,41,2,medium,low,268.0,0.8427672955974843
185,43,2,medium,low,274.0,0.9448275862068966
185,71,2,medium,low,112.0,0.9105691056910569
185,60,2,medium,low,281.0,0.9183006535947712
185,67,2,medium,low,141.0,0.8980891719745223
185,74,2,medium,low,118.0,0.959349593495935
185,63,2,medium,low,241.0,0.926923076923077
185,78,2,medium,low,113.0,0.9186991869918699
185,94,2,medium,low,126.0,0.9692307692307692
185,99,2,medium,low,135.0,0.7803468208092486
185,101,2,medium,low,146.0,0.9240506329113924
185,79,2,medium,low,290.0,0.9354838709677419
185,64,2,medium,low,560.0,0.9459459459459459
185,107,2,medium,low,187.0,0.8990384615384616
185,77,2,medium,low,357.0,0.9177377892030848
185,104,2,medium,low,247.0,0.8697183098591549
185,124,2,medium,low,272.0,0.9543859649122807
185,128,2,medium,low,195.0,0.8024691358024691
185,138,2,medium,low,139.0,0.8633540372670807
185,126,2,medium,low,303.0,0.9498432601880877
185,140,2,medium,low,204.0,0.918918918918919
185,172,2,medium,low,163.0,0.9367816091954023
185,162,2,medium,low,235.0,0.8901515151515151
185,164,2,medium,low,221.0,0.9404255319148936
185,132,2,medium,low,371.0,0.9070904645476773
185,180,2,medium,low,149.0,0.9430379746835443
185,200,2,medium,low,166.0,0.9378531073446328
185,179,2,medium,low,361.0,0.9425587467362925
190,27,2,medium,low,81.0,0.84375
190,13,2,medium,low,241.0,0.9450980392156862
185,186,2,medium,low,185.0,0.8078602620087336
185,183,2,medium,low,260.0,0.9285714285714286
185,176,2,medium,low,437.0,0.8670634920634921
190,21,2,medium,low,295.0,0.9305993690851735
185,182,2,medium,low,384.0,0.96
190,29,2,medium,low,162.0,0.8852459016393442
190,35,2,medium,low,156.0,0.9122807017543859
190,34,2,medium,low,172.0,0.8431372549019608
190,31,2,medium,low,251.0,0.899641577060932
190,37,2,medium,low,193.0,0.8853211009174312
190,56,2,medium,low,111.0,0.7602739726027398
190,65,2,medium,low,87.0,0.90625
190,43,2,medium,low,250.0,0.8620689655172413
190,44,2,medium,low,256.0,0.8737201365187713
190,41,2,medium,low,296.0,0.9308176100628931
190,71,2,medium,low,95.0,0.9895833333333334
190,74,2,medium,low,93.0,0.93
190,63,2,medium,low,209.0,0.8038461538461539
190,60,2,medium,low,263.0,0.8594771241830066
190,78,2,medium,low,82.0,0.8541666666666666
190,67,2,medium,low,152.0,0.9681528662420382
190,94,2,medium,low,117.0,0.9
190,101,2,medium,low,143.0,0.9050632911392406
190,99,2,medium,low,164.0,0.9479768786127167
190,104,2,medium,low,265.0,0.9330985915492958
190,107,2,medium,low,183.0,0.8798076923076923
190,79,2,medium,low,252.0,0.8129032258064516
190,64,2,medium,low,541.0,0.9138513513513513
190,77,2,medium,low,331.0,0.8508997429305912
190,124,2,medium,low,233.0,0.8175438596491228
190,138,2,medium,low,140.0,0.8695652173913043
190,128,2,medium,low,225.0,0.9259259259259259
190,140,2,medium,low,177.0,0.7972972972972973
190,164,2,medium,low,194.0,0.825531914893617
190,162,2,medium,low,243.0,0.9204545454545454
190,172,2,medium,low,158.0,0.9080459770114943
190,126,2,medium,low,278.0,0.8714733542319749
190,180,2,medium,low,139.0,0.879746835443038
190,132,2,medium,low,385.0,0.941320293398533
190,186,2,medium,low,199.0,0.868995633187773
190,200,2,medium,low,145.0,0.8192090395480226
190,179,2,medium,low,325.0,0.8485639686684073
190,183,2,medium,low,237.0,0.8464285714285714
190,176,2,medium,low,478.0,0.9484126984126984
190,182,2,medium,low,351.0,0.8775
191,27,2,medium,low,217.0,0.8785425101214575
191,29,2,medium,low,220.0,0.8906882591093117
191,13,2,medium,low,245.0,0.9607843137254902
191,35,2,medium,low,217.0,0.8785425101214575
191,34,2,medium,low,210.0,0.8502024291497976
191,37,2,medium,low,223.0,0.902834008097166
191,31,2,medium,low,262.0,0.9390681003584229
191,21,2,medium,low,311.0,0.9810725552050473
191,56,2,medium,low,205.0,0.8299595141700404
191,65,2,medium,low,237.0,0.9595141700404858
191,41,2,medium,low,294.0,0.9245283018867925
191,71,2,medium,low,234.0,0.9473684210526315
191,44,2,medium,low,260.0,0.8873720136518771
191,67,2,medium,low,227.0,0.9190283400809717
191,43,2,medium,low,258.0,0.8896551724137931
191,74,2,medium,low,227.0,0.9190283400809717
191,63,2,medium,low,223.0,0.8576923076923076
191,60,2,medium,low,256.0,0.8366013071895425
191,78,2,medium,low,208.0,0.8421052631578947
191,94,2,medium,low,228.0,0.9230769230769231
191,101,2,medium,low,222.0,0.8987854251012146
191,99,2,medium,low,224.0,0.9068825910931174
191,79,2,medium,low,262.0,0.8451612903225807
191,107,2,medium,low,226.0,0.9149797570850202
191,104,2,medium,low,264.0,0.9295774647887324
191,77,2,medium,low,316.0,0.8123393316195373
191,124,2,medium,low,258.0,0.9052631578947369
191,64,2,medium,low,512.0,0.8648648648648649
191,128,2,medium,low,237.0,0.9595141700404858
191,138,2,medium,low,225.0,0.9109311740890689
191,126,2,medium,low,293.0,0.9184952978056427
191,172,2,medium,low,213.0,0.8623481781376519
191,140,2,medium,low,197.0,0.7975708502024291
191,164,2,medium,low,230.0,0.9311740890688259
191,162,2,medium,low,248.0,0.9393939393939394
191,180,2,medium,low,211.0,0.854251012145749
191,132,2,medium,low,392.0,0.9584352078239609
191,200,2,medium,low,219.0,0.8866396761133604
191,186,2,medium,low,235.0,0.951417004048583
191,179,2,medium,low,333.0,0.8694516971279374
191,183,2,medium,low,256.0,0.9142857142857143
192,27,2,medium,low,291.0,0.9448051948051948
191,176,2,medium,low,475.0,0.9424603174603174
191,182,2,medium,low,353.0,0.8825
192,13,2,medium,low,276.0,0.8961038961038961
192,21,2,medium,low,302.0,0.9526813880126183
192,29,2,medium,low,291.0,0.9448051948051948
192,35,2,medium,low,280.0,0.9090909090909091
192,34,2,medium,low,296.0,0.961038961038961
192,37,2,medium,low,285.0,0.9253246753246753
192,31,2,medium,low,277.0,0.8993506493506493
192,56,2,medium,low,296.0,0.961038961038961
192,65,2,medium,low,293.0,0.9512987012987013
192,41,2,medium,low,292.0,0.9182389937106918
192,43,2,medium,low,296.0,0.961038961038961
192,71,2,medium,low,285.0,0.9253246753246753
192,44,2,medium,low,295.0,0.9577922077922078
192,63,2,medium,low,295.0,0.9577922077922078
192,74,2,medium,low,287.0,0.9318181818181818
192,67,2,medium,low,281.0,0.9123376623376623
192,60,2,medium,low,301.0,0.9772727272727273
192,78,2,medium,low,284.0,0.922077922077922
192,94,2,medium,low,286.0,0.9285714285714286
192,99,2,medium,low,268.0,0.8701298701298701
192,101,2,medium,low,279.0,0.9058441558441559
192,79,2,medium,low,299.0,0.964516129032258
192,107,2,medium,low,279.0,0.9058441558441559
192,77,2,medium,low,367.0,0.9434447300771208
192,104,2,medium,low,280.0,0.9090909090909091
192,64,2,medium,low,560.0,0.9459459459459459
192,138,2,medium,low,285.0,0.9253246753246753
192,124,2,medium,low,299.0,0.9707792207792207
192,128,2,medium,low,284.0,0.922077922077922
192,140,2,medium,low,294.0,0.9545454545454546
192,126,2,medium,low,311.0,0.9749216300940439
192,162,2,medium,low,289.0,0.9383116883116883
192,172,2,medium,low,293.0,0.9512987012987013
192,164,2,medium,low,288.0,0.935064935064935
192,132,2,medium,low,381.0,0.9315403422982885
192,180,2,medium,low,286.0,0.9285714285714286
192,200,2,medium,low,289.0,0.9383116883116883
192,179,2,medium,low,360.0,0.9399477806788512
192,186,2,medium,low,274.0,0.8896103896103896
192,183,2,medium,low,296.0,0.961038961038961
192,182,2,medium,low,384.0,0.96
194,27,2,medium,low,466.0,0.9155206286836935
192,176,2,medium,low,453.0,0.8988095238095238
194,13,2,medium,low,445.0,0.8742632612966601
194,29,2,medium,low,476.0,0.9351669941060904
194,35,2,medium,low,447.0,0.8781925343811395
194,34,2,medium,low,476.0,0.9351669941060904
194,21,2,medium,low,447.0,0.8781925343811395
194,37,2,medium,low,464.0,0.9115913555992141
194,31,2,medium,low,435.0,0.8546168958742633
194,65,2,medium,low,485.0,0.9528487229862476
194,56,2,medium,low,486.0,0.9548133595284872
194,41,2,medium,low,458.0,0.899803536345776
194,43,2,medium,low,472.0,0.9273084479371316
194,71,2,medium,low,482.0,0.9469548133595285
194,44,2,medium,low,461.0,0.9056974459724951
194,63,2,medium,low,463.0,0.9096267190569745
194,74,2,medium,low,462.0,0.9076620825147348
194,67,2,medium,low,460.0,0.9037328094302554
194,60,2,medium,low,468.0,0.9194499017681729
194,78,2,medium,low,478.0,0.9390962671905697
194,94,2,medium,low,474.0,0.931237721021611
194,101,2,medium,low,463.0,0.9096267190569745
194,99,2,medium,low,457.0,0.8978388998035364
194,107,2,medium,low,444.0,0.8722986247544204
194,104,2,medium,low,460.0,0.9037328094302554
194,79,2,medium,low,481.0,0.9449901768172888
194,77,2,medium,low,474.0,0.931237721021611
194,64,2,medium,low,557.0,0.9408783783783784
194,124,2,medium,low,481.0,0.9449901768172888
194,128,2,medium,low,444.0,0.8722986247544204
194,138,2,medium,low,456.0,0.8958742632612967
194,126,2,medium,low,477.0,0.93713163064833
194,140,2,medium,low,480.0,0.9430255402750491
194,162,2,medium,low,442.0,0.8683693516699411
194,164,2,medium,low,474.0,0.931237721021611
194,172,2,medium,low,475.0,0.9332023575638507
194,180,2,medium,low,478.0,0.9390962671905697
194,132,2,medium,low,472.0,0.9273084479371316
194,200,2,medium,low,478.0,0.9390962671905697
197,13,2,medium,low,238.0,0.9333333333333333
197,27,2,medium,low,215.0,0.849802371541502
194,186,2,medium,low,457.0,0.8978388998035364
194,179,2,medium,low,481.0,0.9449901768172888
197,21,2,medium,low,301.0,0.9495268138801262
194,183,2,medium,low,486.0,0.9548133595284872
197,29,2,medium,low,226.0,0.8932806324110671
197,35,2,medium,low,233.0,0.9209486166007905
194,176,2,medium,low,492.0,0.9666011787819253
197,34,2,medium,low,221.0,0.8735177865612648
194,182,2,medium,low,487.0,0.9567779960707269
197,37,2,medium,low,242.0,0.9565217391304348
197,31,2,medium,low,260.0,0.931899641577061
197,65,2,medium,low,245.0,0.9683794466403162
197,41,2,medium,low,286.0,0.89937106918239
197,56,2,medium,low,221.0,0.8735177865612648
197,43,2,medium,low,253.0,0.8724137931034482
197,71,2,medium,low,243.0,0.9604743083003953
197,44,2,medium,low,238.0,0.8122866894197952
197,74,2,medium,low,234.0,0.924901185770751
197,67,2,medium,low,227.0,0.8972332015810277
197,63,2,medium,low,229.0,0.8807692307692307
197,60,2,medium,low,251.0,0.8202614379084967
197,78,2,medium,low,218.0,0.8616600790513834
197,94,2,medium,low,240.0,0.9486166007905138
197,99,2,medium,low,223.0,0.8814229249011858
197,101,2,medium,low,232.0,0.9169960474308301
197,107,2,medium,low,232.0,0.9169960474308301
197,77,2,medium,low,312.0,0.8020565552699229
197,79,2,medium,low,252.0,0.8129032258064516
197,104,2,medium,low,263.0,0.926056338028169
197,64,2,medium,low,510.0,0.8614864864864865
197,124,2,medium,low,261.0,0.9157894736842105
197,138,2,medium,low,234.0,0.924901185770751
197,128,2,medium,low,241.0,0.9525691699604744
197,126,2,medium,low,273.0,0.8557993730407524
197,140,2,medium,low,224.0,0.8853754940711462
197,164,2,medium,low,239.0,0.9446640316205533
197,172,2,medium,low,219.0,0.8656126482213439
197,162,2,medium,low,255.0,0.9659090909090909
197,180,2,medium,low,211.0,0.83399209486166
197,132,2,medium,low,383.0,0.9364303178484108
197,200,2,medium,low,222.0,0.8774703557312253
197,179,2,medium,low,333.0,0.8694516971279374
197,183,2,medium,low,262.0,0.9357142857142857
197,182,2,medium,low,360.0,0.9
197,186,2,medium,low,236.0,0.932806324110672
202,27,2,medium,low,548.0,0.9415807560137457
197,176,2,medium,low,475.0,0.9424603174603174
202,29,2,medium,low,530.0,0.9106529209621993
202,13,2,medium,low,551.0,0.9467353951890034
202,35,2,medium,low,550.0,0.9450171821305842
202,34,2,medium,low,502.0,0.8625429553264605
202,21,2,medium,low,545.0,0.936426116838488
202,37,2,medium,low,544.0,0.9347079037800687
202,31,2,medium,low,552.0,0.9484536082474226
202,65,2,medium,low,569.0,0.9776632302405498
202,56,2,medium,low,534.0,0.9175257731958762
202,41,2,medium,low,544.0,0.9347079037800687
202,71,2,medium,low,564.0,0.9690721649484536
202,43,2,medium,low,493.0,0.8470790378006873
202,44,2,medium,low,484.0,0.8316151202749141
202,74,2,medium,low,563.0,0.9673539518900344
202,67,2,medium,low,550.0,0.9450171821305842
202,63,2,medium,low,518.0,0.8900343642611683
202,60,2,medium,low,502.0,0.8625429553264605
202,78,2,medium,low,540.0,0.9278350515463918
202,94,2,medium,low,553.0,0.9501718213058419
202,99,2,medium,low,538.0,0.9243986254295533
202,101,2,medium,low,546.0,0.9381443298969072
202,79,2,medium,low,493.0,0.8470790378006873
202,107,2,medium,low,549.0,0.9432989690721649
202,104,2,medium,low,540.0,0.9278350515463918
202,77,2,medium,low,494.0,0.8487972508591065
202,64,2,medium,low,542.0,0.9155405405405406
202,124,2,medium,low,536.0,0.9209621993127147
202,138,2,medium,low,555.0,0.9536082474226805
202,128,2,medium,low,555.0,0.9536082474226805
202,126,2,medium,low,525.0,0.9020618556701031
202,140,2,medium,low,519.0,0.8917525773195877
202,164,2,medium,low,543.0,0.9329896907216495
202,172,2,medium,low,520.0,0.8934707903780069
202,162,2,medium,low,546.0,0.9381443298969072
202,180,2,medium,low,529.0,0.9089347079037801
202,132,2,medium,low,541.0,0.929553264604811
203,13,2,medium,low,238.0,0.9333333333333333
203,27,2,medium,low,96.0,0.9795918367346939
203,21,2,medium,low,296.0,0.9337539432176656
203,29,2,medium,low,160.0,0.8743169398907104
202,200,2,medium,low,543.0,0.9329896907216495
203,34,2,medium,low,195.0,0.9558823529411765
202,186,2,medium,low,549.0,0.9432989690721649
203,31,2,medium,low,255.0,0.9139784946236559
203,35,2,medium,low,156.0,0.9122807017543859
202,179,2,medium,low,531.0,0.9123711340206185
203,37,2,medium,low,196.0,0.8990825688073395
203,56,2,medium,low,135.0,0.9246575342465754
202,183,2,medium,low,544.0,0.9347079037800687
203,41,2,medium,low,303.0,0.9528301886792453
203,43,2,medium,low,273.0,0.9413793103448276
203,44,2,medium,low,276.0,0.9419795221843004
203,65,2,medium,low,91.0,0.9285714285714286
203,67,2,medium,low,143.0,0.910828025477707
203,71,2,medium,low,95.0,0.9693877551020408
203,60,2,medium,low,283.0,0.9248366013071896
203,74,2,medium,low,97.0,0.97
203,78,2,medium,low,96.0,0.9795918367346939
203,63,2,medium,low,238.0,0.9153846153846154
203,94,2,medium,low,125.0,0.9615384615384616
202,176,2,medium,low,548.0,0.9415807560137457
203,99,2,medium,low,154.0,0.8901734104046243
203,101,2,medium,low,145.0,0.9177215189873418
203,79,2,medium,low,283.0,0.9129032258064517
203,77,2,medium,low,369.0,0.9485861182519281
202,182,2,medium,low,535.0,0.9192439862542955
203,104,2,medium,low,258.0,0.9084507042253521
203,107,2,medium,low,189.0,0.9086538461538461
203,64,2,medium,low,562.0,0.9493243243243243
203,138,2,medium,low,150.0,0.9316770186335404
203,128,2,medium,low,221.0,0.9094650205761317
203,124,2,medium,low,261.0,0.9157894736842105
203,140,2,medium,low,208.0,0.9369369369369369
203,126,2,medium,low,304.0,0.9529780564263323
203,164,2,medium,low,223.0,0.948936170212766
203,162,2,medium,low,243.0,0.9204545454545454
203,132,2,medium,low,370.0,0.9046454767726161
203,180,2,medium,low,148.0,0.9367088607594937
203,172,2,medium,low,156.0,0.896551724137931
203,200,2,medium,low,160.0,0.903954802259887
203,186,2,medium,low,211.0,0.9213973799126638
203,183,2,medium,low,259.0,0.925
203,179,2,medium,low,363.0,0.9477806788511749
203,182,2,medium,low,383.0,0.9575
203,176,2,medium,low,478.0,0.9484126984126984
206,27,2,medium,low,231.0,0.8651685393258427
206,13,2,medium,low,252.0,0.9438202247191011
206,29,2,medium,low,236.0,0.8838951310861424
206,34,2,medium,low,228.0,0.8539325842696629
206,35,2,medium,low,248.0,0.9288389513108615
206,37,2,medium,low,246.0,0.9213483146067416
206,21,2,medium,low,307.0,0.9684542586750788
206,31,2,medium,low,261.0,0.9354838709677419
206,56,2,medium,low,236.0,0.8838951310861424
206,65,2,medium,low,257.0,0.9625468164794008
206,41,2,medium,low,290.0,0.9119496855345912
206,71,2,medium,low,251.0,0.9400749063670412
206,74,2,medium,low,251.0,0.9400749063670412
206,43,2,medium,low,254.0,0.8758620689655172
206,44,2,medium,low,253.0,0.863481228668942
206,67,2,medium,low,249.0,0.9325842696629213
206,63,2,medium,low,229.0,0.8576779026217228
206,60,2,medium,low,276.0,0.9019607843137255
206,78,2,medium,low,237.0,0.8876404494382022
206,94,2,medium,low,247.0,0.9250936329588015
206,101,2,medium,low,237.0,0.8876404494382022
206,99,2,medium,low,236.0,0.8838951310861424
206,107,2,medium,low,247.0,0.9250936329588015
206,79,2,medium,low,266.0,0.8580645161290322
206,104,2,medium,low,264.0,0.9295774647887324
206,77,2,medium,low,317.0,0.8149100257069408
206,64,2,medium,low,512.0,0.8648648648648649
206,124,2,medium,low,262.0,0.9192982456140351
206,128,2,medium,low,258.0,0.9662921348314607
206,138,2,medium,low,244.0,0.9138576779026217
206,126,2,medium,low,280.0,0.877742946708464
206,140,2,medium,low,236.0,0.8838951310861424
206,164,2,medium,low,246.0,0.9213483146067416
206,162,2,medium,low,262.0,0.9812734082397003
206,180,2,medium,low,239.0,0.8951310861423221
206,172,2,medium,low,246.0,0.9213483146067416
206,132,2,medium,low,373.0,0.9119804400977995
206,200,2,medium,low,243.0,0.9101123595505618
206,179,2,medium,low,339.0,0.8851174934725848
206,186,2,medium,low,245.0,0.9176029962546817
207,27,2,medium,low,294.0,0.8936170212765957
206,183,2,medium,low,267.0,0.9535714285714286
206,176,2,medium,low,465.0,0.9226190476190477
207,13,2,medium,low,315.0,0.9574468085106383
206,182,2,medium,low,363.0,0.9075
207,29,2,medium,low,289.0,0.878419452887538
207,35,2,medium,low,305.0,0.9270516717325228
207,21,2,medium,low,311.0,0.9452887537993921
207,34,2,medium,low,291.0,0.8844984802431611
207,31,2,medium,low,316.0,0.9604863221884499
207,37,2,medium,low,305.0,0.9270516717325228
207,56,2,medium,low,272.0,0.8267477203647416
207,65,2,medium,low,316.0,0.9604863221884499
207,43,2,medium,low,277.0,0.8419452887537994
207,41,2,medium,low,307.0,0.9331306990881459
207,71,2,medium,low,313.0,0.9513677811550152
207,44,2,medium,low,295.0,0.8966565349544073
207,74,2,medium,low,310.0,0.9422492401215805
207,60,2,medium,low,282.0,0.8571428571428571
207,63,2,medium,low,285.0,0.8662613981762918
207,67,2,medium,low,306.0,0.9300911854103343
207,78,2,medium,low,286.0,0.8693009118541033
207,94,2,medium,low,304.0,0.9240121580547113
207,101,2,medium,low,303.0,0.9209726443768997
207,99,2,medium,low,300.0,0.9118541033434651
207,107,2,medium,low,303.0,0.9209726443768997
207,79,2,medium,low,290.0,0.8814589665653495
207,77,2,medium,low,308.0,0.7917737789203085
207,104,2,medium,low,305.0,0.9270516717325228
207,64,2,medium,low,499.0,0.8429054054054054
207,124,2,medium,low,300.0,0.9118541033434651
207,128,2,medium,low,297.0,0.9027355623100304
207,138,2,medium,low,303.0,0.9209726443768997
207,126,2,medium,low,310.0,0.9422492401215805
207,140,2,medium,low,271.0,0.8237082066869301
207,172,2,medium,low,279.0,0.8480243161094225
207,162,2,medium,low,310.0,0.9422492401215805
207,164,2,medium,low,295.0,0.8966565349544073
207,180,2,medium,low,274.0,0.8328267477203647
207,132,2,medium,low,389.0,0.9511002444987775
210,13,2,medium,low,238.0,0.9333333333333333
210,21,2,medium,low,296.0,0.9337539432176656
207,186,2,medium,low,308.0,0.9361702127659575
210,27,2,medium,low,112.0,0.8115942028985508
207,200,2,medium,low,268.0,0.8145896656534954
207,179,2,medium,low,323.0,0.8433420365535248
207,183,2,medium,low,303.0,0.9209726443768997
210,29,2,medium,low,162.0,0.8852459016393442
210,34,2,medium,low,185.0,0.9068627450980392
210,35,2,medium,low,155.0,0.9064327485380117
210,31,2,medium,low,252.0,0.9032258064516129
207,182,2,medium,low,364.0,0.91
210,37,2,medium,low,197.0,0.9036697247706422
207,176,2,medium,low,469.0,0.9305555555555556
210,56,2,medium,low,135.0,0.9246575342465754
210,65,2,medium,low,128.0,0.927536231884058
210,43,2,medium,low,252.0,0.8689655172413793
210,41,2,medium,low,294.0,0.9245283018867925
210,71,2,medium,low,132.0,0.9565217391304348
210,63,2,medium,low,214.0,0.823076923076923
210,44,2,medium,low,256.0,0.8737201365187713
210,74,2,medium,low,132.0,0.9565217391304348
210,67,2,medium,low,152.0,0.9681528662420382
210,60,2,medium,low,253.0,0.826797385620915
210,78,2,medium,low,106.0,0.7681159420289855
210,94,2,medium,low,134.0,0.9710144927536232
210,101,2,medium,low,151.0,0.9556962025316456
210,99,2,medium,low,160.0,0.9248554913294798
210,79,2,medium,low,264.0,0.8516129032258064
210,107,2,medium,low,193.0,0.9278846153846154
210,77,2,medium,low,318.0,0.8174807197943444
210,64,2,medium,low,531.0,0.8969594594594594
210,104,2,medium,low,264.0,0.9295774647887324
210,128,2,medium,low,222.0,0.9135802469135802
210,124,2,medium,low,247.0,0.8666666666666667
210,138,2,medium,low,148.0,0.9192546583850931
210,126,2,medium,low,276.0,0.8652037617554859
210,140,2,medium,low,180.0,0.8108108108108109
210,164,2,medium,low,188.0,0.8
210,162,2,medium,low,244.0,0.9242424242424242
210,172,2,medium,low,161.0,0.9252873563218391
210,132,2,medium,low,390.0,0.9535452322738386
210,180,2,medium,low,142.0,0.8987341772151899
210,200,2,medium,low,152.0,0.8587570621468926
210,186,2,medium,low,207.0,0.9039301310043668
210,176,2,medium,low,476.0,0.9444444444444444
210,183,2,medium,low,241.0,0.8607142857142858
210,179,2,medium,low,324.0,0.8459530026109661
212,27,2,medium,low,146.0,0.9012345679012346
212,13,2,medium,low,224.0,0.8784313725490196
210,182,2,medium,low,341.0,0.8525
212,21,2,medium,low,286.0,0.9022082018927445
212,29,2,medium,low,175.0,0.9562841530054644
212,35,2,medium,low,155.0,0.9064327485380117
212,34,2,medium,low,192.0,0.9411764705882353
212,31,2,medium,low,241.0,0.8637992831541219
212,37,2,medium,low,201.0,0.9220183486238532
212,56,2,medium,low,158.0,0.9753086419753086
212,65,2,medium,low,155.0,0.9567901234567902
212,43,2,medium,low,271.0,0.9344827586206896
212,41,2,medium,low,284.0,0.8930817610062893
212,44,2,medium,low,272.0,0.9283276450511946
212,71,2,medium,low,157.0,0.9691358024691358
212,67,2,medium,low,153.0,0.9444444444444444
212,63,2,medium,low,243.0,0.9346153846153846
212,74,2,medium,low,149.0,0.9197530864197531
212,60,2,medium,low,283.0,0.9248366013071896
212,78,2,medium,low,150.0,0.9259259259259259
212,94,2,medium,low,159.0,0.9814814814814815
212,101,2,medium,low,157.0,0.9691358024691358
212,99,2,medium,low,159.0,0.9190751445086706
212,107,2,medium,low,186.0,0.8942307692307693
212,79,2,medium,low,288.0,0.9290322580645162
212,104,2,medium,low,259.0,0.9119718309859155
212,77,2,medium,low,361.0,0.9280205655526992
212,64,2,medium,low,559.0,0.9442567567567568
212,124,2,medium,low,268.0,0.9403508771929825
212,128,2,medium,low,220.0,0.9053497942386831
212,138,2,medium,low,155.0,0.9567901234567902
212,126,2,medium,low,301.0,0.9435736677115988
212,140,2,medium,low,205.0,0.9234234234234234
212,164,2,medium,low,218.0,0.9276595744680851
212,162,2,medium,low,237.0,0.8977272727272727
212,172,2,medium,low,163.0,0.9367816091954023
212,180,2,medium,low,158.0,0.9753086419753086
212,132,2,medium,low,376.0,0.9193154034229829
212,200,2,medium,low,170.0,0.96045197740113
212,186,2,medium,low,204.0,0.8908296943231441
212,183,2,medium,low,261.0,0.9321428571428572
212,179,2,medium,low,360.0,0.9399477806788512
212,182,2,medium,low,376.0,0.94
214,27,2,medium,low,266.0,0.9333333333333333
212,176,2,medium,low,458.0,0.9087301587301587
214,13,2,medium,low,253.0,0.887719298245614
214,29,2,medium,low,275.0,0.9649122807017544
214,21,2,medium,low,284.0,0.8958990536277602
214,35,2,medium,low,260.0,0.9122807017543859
214,34,2,medium,low,273.0,0.9578947368421052
214,31,2,medium,low,272.0,0.9543859649122807
214,37,2,medium,low,274.0,0.9614035087719298
214,65,2,medium,low,275.0,0.9649122807017544
214,56,2,medium,low,275.0,0.9649122807017544
214,43,2,medium,low,283.0,0.9758620689655172
214,41,2,medium,low,291.0,0.9150943396226415
214,71,2,medium,low,271.0,0.9508771929824561
214,44,2,medium,low,279.0,0.9522184300341296
214,63,2,medium,low,275.0,0.9649122807017544
214,67,2,medium,low,250.0,0.8771929824561403
214,60,2,medium,low,293.0,0.9575163398692811
214,74,2,medium,low,269.0,0.9438596491228071
214,78,2,medium,low,271.0,0.9508771929824561
214,94,2,medium,low,267.0,0.9368421052631579
214,101,2,medium,low,254.0,0.8912280701754386
214,99,2,medium,low,236.0,0.8280701754385965
214,107,2,medium,low,261.0,0.9157894736842105
214,104,2,medium,low,281.0,0.9859649122807017
214,79,2,medium,low,301.0,0.9709677419354839
214,77,2,medium,low,359.0,0.922879177377892
214,64,2,medium,low,555.0,0.9375
214,124,2,medium,low,283.0,0.9929824561403509
214,128,2,medium,low,264.0,0.9263157894736842
214,138,2,medium,low,260.0,0.9122807017543859
214,126,2,medium,low,307.0,0.9623824451410659
214,140,2,medium,low,276.0,0.968421052631579
214,162,2,medium,low,269.0,0.9438596491228071
214,172,2,medium,low,270.0,0.9473684210526315
214,164,2,medium,low,269.0,0.9438596491228071
214,180,2,medium,low,267.0,0.9368421052631579
214,132,2,medium,low,364.0,0.8899755501222494
214,186,2,medium,low,258.0,0.9052631578947369
214,200,2,medium,low,274.0,0.9614035087719298
214,179,2,medium,low,365.0,0.9530026109660574
214,183,2,medium,low,280.0,0.9824561403508771
215,27,2,medium,low,235.0,0.9108527131782945
215,13,2,medium,low,254.0,0.9844961240310077
214,176,2,medium,low,449.0,0.8908730158730159
214,182,2,medium,low,385.0,0.9625
215,21,2,medium,low,304.0,0.9589905362776026
215,29,2,medium,low,226.0,0.875968992248062
215,34,2,medium,low,234.0,0.9069767441860465
215,35,2,medium,low,238.0,0.9224806201550387
215,31,2,medium,low,270.0,0.967741935483871
215,37,2,medium,low,239.0,0.9263565891472868
215,56,2,medium,low,216.0,0.8372093023255814
215,65,2,medium,low,242.0,0.937984496124031
215,41,2,medium,low,308.0,0.9685534591194969
215,43,2,medium,low,256.0,0.8827586206896552
215,44,2,medium,low,278.0,0.9488054607508533
215,71,2,medium,low,245.0,0.9496124031007752
215,67,2,medium,low,246.0,0.9534883720930233
215,60,2,medium,low,280.0,0.9150326797385621
215,63,2,medium,low,243.0,0.9346153846153846
215,74,2,medium,low,241.0,0.9341085271317829
215,78,2,medium,low,227.0,0.8798449612403101
215,94,2,medium,low,234.0,0.9069767441860465
215,101,2,medium,low,239.0,0.9263565891472868
215,99,2,medium,low,242.0,0.937984496124031
215,107,2,medium,low,248.0,0.9612403100775194
215,79,2,medium,low,291.0,0.9387096774193548
215,77,2,medium,low,362.0,0.9305912596401028
215,104,2,medium,low,274.0,0.9647887323943662
215,64,2,medium,low,523.0,0.8834459459459459
215,128,2,medium,low,252.0,0.9767441860465116
215,124,2,medium,low,263.0,0.9228070175438596
215,138,2,medium,low,230.0,0.8914728682170543
215,126,2,medium,low,294.0,0.9216300940438872
215,140,2,medium,low,226.0,0.875968992248062
215,172,2,medium,low,231.0,0.8953488372093024
215,162,2,medium,low,256.0,0.9696969696969697
215,164,2,medium,low,233.0,0.9031007751937985
215,180,2,medium,low,226.0,0.875968992248062
215,132,2,medium,low,389.0,0.9511002444987775
215,200,2,medium,low,229.0,0.8875968992248062
215,186,2,medium,low,249.0,0.9651162790697675
215,179,2,medium,low,337.0,0.8798955613577023
215,183,2,medium,low,239.0,0.8535714285714285
215,176,2,medium,low,478.0,0.9484126984126984
215,182,2,medium,low,344.0,0.86
