exp_a,exp_b,trial_id,expertise_a,expertise_b,score,source_file
48,118,5,high,high,24.03660685127692,Java_high_results.csv
48,87,5,high,high,41.20668011700656,Java_high_results.csv
48,86,5,high,high,45.57684933034924,Java_high_results.csv
48,82,5,high,high,30.947872029945824,Java_high_results.csv
68,87,5,high,high,42.2325946647331,Java_high_results.csv
48,69,5,high,high,46.040974083180174,Java_high_results.csv
48,80,5,high,high,16.362863490235732,Java_high_results.csv
68,86,5,high,high,46.18259150065306,Java_high_results.csv
68,82,5,high,high,36.893902905003614,Java_high_results.csv
68,80,5,high,high,21.50112705800184,Java_high_results.csv
68,69,5,high,high,46.9114147031898,Java_high_results.csv
48,178,5,high,high,19.207421705789155,Java_high_results.csv
48,68,5,high,high,23.239916745779112,Java_high_results.csv
68,118,5,high,high,27.50786960369189,Java_high_results.csv
68,178,5,high,high,21.084434622343696,Java_high_results.csv
69,80,5,high,high,45.77961353257214,Java_high_results.csv
69,118,5,high,high,48.502159666822486,Java_high_results.csv
69,82,5,high,high,56.56653202752943,Java_high_results.csv
69,178,5,high,high,46.18801767789383,Java_high_results.csv
80,82,5,high,high,29.736180826102892,Java_high_results.csv
80,86,5,high,high,43.93659664387325,Java_high_results.csv
80,118,5,high,high,21.588378273288992,Java_high_results.csv
69,87,5,high,high,62.23095389486784,Java_high_results.csv
80,87,5,high,high,41.49380313616816,Java_high_results.csv
69,86,5,high,high,59.61676441624873,Java_high_results.csv
80,178,5,high,high,17.958919454453675,Java_high_results.csv
82,86,5,high,high,55.02203415362241,Java_high_results.csv
82,118,5,high,high,36.35065858340347,Java_high_results.csv
82,178,5,high,high,34.667928621397444,Java_high_results.csv
86,118,5,high,high,47.22286104628231,Java_high_results.csv
82,87,5,high,high,53.42454647064593,Java_high_results.csv
87,118,5,high,high,46.08037478795215,Java_high_results.csv
86,178,5,high,high,44.57141416822971,Java_high_results.csv
86,87,5,high,high,59.62420088093985,Java_high_results.csv
118,178,5,high,high,24.690920797675208,Java_high_results.csv
87,178,5,high,high,41.20487529512357,Java_high_results.csv
10,41,5,low,low,43.09641822413776,Java_low_results.csv
10,29,5,low,low,31.62511700389097,Java_low_results.csv
10,74,5,low,low,22.488165100346297,Java_low_results.csv
10,99,5,low,low,37.74968832655664,Java_low_results.csv
10,37,5,low,low,41.76400663543986,Java_low_results.csv
10,35,5,low,low,55.462961108744274,Java_low_results.csv
10,94,5,low,low,27.34984970930931,Java_low_results.csv
10,31,5,low,low,36.62370461185653,Java_low_results.csv
10,63,5,low,low,44.1943960150906,Java_low_results.csv
10,132,5,low,low,35.49216940872247,Java_low_results.csv
10,128,5,low,low,66.00330474361675,Java_low_results.csv
10,114,5,low,low,20.980855715976027,Java_low_results.csv
10,44,5,low,low,28.572944975127783,Java_low_results.csv
10,65,5,low,low,19.460905993518477,Java_low_results.csv
10,79,5,low,low,38.47838989098594,Java_low_results.csv
10,126,5,low,low,42.14462413774751,Java_low_results.csv
10,21,5,low,low,44.83077547876268,Java_low_results.csv
10,27,5,low,low,23.906090965249195,Java_low_results.csv
10,78,5,low,low,35.927420111070944,Java_low_results.csv
10,13,5,low,low,81.42826604073637,Java_low_results.csv
10,34,5,low,low,41.92926118613455,Java_low_results.csv
10,64,5,low,low,50.98872074650068,Java_low_results.csv
10,124,5,low,low,30.037107381397018,Java_low_results.csv
10,60,5,low,low,40.26348437803703,Java_low_results.csv
10,104,5,low,low,28.429292358706878,Java_low_results.csv
10,56,5,low,low,33.80563121997709,Java_low_results.csv
10,101,5,low,low,95.05527421681242,Java_low_results.csv
10,77,5,low,low,51.13716244011516,Java_low_results.csv
10,43,5,low,low,30.383985946911004,Java_low_results.csv
10,140,5,low,low,24.20229314057193,Java_low_results.csv
10,139,5,low,low,24.67072928474984,Java_low_results.csv
10,180,5,low,low,28.264554191652028,Java_low_results.csv
10,164,5,low,low,30.130180177442146,Java_low_results.csv
10,182,5,low,low,39.07165428575396,Java_low_results.csv
10,170,5,low,low,49.642355703577856,Java_low_results.csv
10,176,5,low,low,54.87953663230502,Java_low_results.csv
10,179,5,low,low,72.07453322961997,Java_low_results.csv
10,200,5,low,low,34.70061451430673,Java_low_results.csv
10,208,5,low,low,36.0521563667789,Java_low_results.csv
13,27,5,low,low,81.13014077664168,Java_low_results.csv
13,29,5,low,low,84.94340245985462,Java_low_results.csv
13,34,5,low,low,91.73895144815104,Java_low_results.csv
13,31,5,low,low,82.43207376120564,Java_low_results.csv
13,43,5,low,low,84.60803662986163,Java_low_results.csv
13,35,5,low,low,95.78091743791222,Java_low_results.csv
13,37,5,low,low,89.38056243638368,Java_low_results.csv
13,21,5,low,low,90.3872299870964,Java_low_results.csv
13,44,5,low,low,83.19213568122827,Java_low_results.csv
13,41,5,low,low,88.55571582865328,Java_low_results.csv
13,56,5,low,low,84.87358082390976,Java_low_results.csv
13,74,5,low,low,76.34878054376503,Java_low_results.csv
13,65,5,low,low,78.46969414461057,Java_low_results.csv
13,60,5,low,low,90.02080483861077,Java_low_results.csv
13,63,5,low,low,94.7091050349112,Java_low_results.csv
13,94,5,low,low,80.24636726030718,Java_low_results.csv
13,78,5,low,low,86.00271025471397,Java_low_results.csv
13,64,5,low,low,100.69755613027915,Java_low_results.csv
13,79,5,low,low,88.63974005721558,Java_low_results.csv
13,77,5,low,low,98.20210789561332,Java_low_results.csv
13,99,5,low,low,85.84301420270336,Java_low_results.csv
13,114,5,low,low,75.85872643960134,Java_low_results.csv
13,104,5,low,low,84.23710435673622,Java_low_results.csv
13,124,5,low,low,83.69322744559307,Java_low_results.csv
13,140,5,low,low,79.64578483832206,Java_low_results.csv
13,139,5,low,low,77.84560241284652,Java_low_results.csv
13,126,5,low,low,92.67489900939655,Java_low_results.csv
13,132,5,low,low,87.34379463559122,Java_low_results.csv
13,164,5,low,low,83.51724555279615,Java_low_results.csv
13,128,5,low,low,105.26829370560102,Java_low_results.csv
13,180,5,low,low,82.46684707015521,Java_low_results.csv
13,170,5,low,low,93.09112827379218,Java_low_results.csv
13,176,5,low,low,96.13417872439386,Java_low_results.csv
13,101,5,low,low,129.4392219934686,Java_low_results.csv
13,200,5,low,low,90.28209520887484,Java_low_results.csv
21,27,5,low,low,42.29151908261181,Java_low_results.csv
13,182,5,low,low,90.51415190034932,Java_low_results.csv
21,29,5,low,low,49.36984291230291,Java_low_results.csv
13,179,5,low,low,117.12183757035696,Java_low_results.csv
13,208,5,low,low,88.11618933933237,Java_low_results.csv
21,31,5,low,low,50.37912547883486,Java_low_results.csv
21,34,5,low,low,56.1395459505944,Java_low_results.csv
21,43,5,low,low,47.86930827621109,Java_low_results.csv
21,37,5,low,low,56.29692598524208,Java_low_results.csv
21,35,5,low,low,66.94463430098511,Java_low_results.csv
21,56,5,low,low,49.91133543526068,Java_low_results.csv
21,41,5,low,low,57.46348625153127,Java_low_results.csv
21,44,5,low,low,46.05488318585437,Java_low_results.csv
21,65,5,low,low,39.36043244348592,Java_low_results.csv
21,74,5,low,low,40.101533953481926,Java_low_results.csv
21,60,5,low,low,54.76549185888053,Java_low_results.csv
21,63,5,low,low,59.22447045343502,Java_low_results.csv
21,78,5,low,low,52.55128359779928,Java_low_results.csv
21,94,5,low,low,40.38260679201005,Java_low_results.csv
21,79,5,low,low,51.35727862358541,Java_low_results.csv
21,64,5,low,low,64.90717178945363,Java_low_results.csv
21,77,5,low,low,65.19293990921719,Java_low_results.csv
21,99,5,low,low,49.25507215405555,Java_low_results.csv
21,114,5,low,low,39.14026216498198,Java_low_results.csv
21,104,5,low,low,46.678506792997474,Java_low_results.csv
21,124,5,low,low,46.30371597500058,Java_low_results.csv
21,139,5,low,low,41.954680818711005,Java_low_results.csv
21,140,5,low,low,42.3708701080635,Java_low_results.csv
21,126,5,low,low,54.92981377247063,Java_low_results.csv
21,132,5,low,low,49.36855678048848,Java_low_results.csv
21,164,5,low,low,46.24314891881093,Java_low_results.csv
21,128,5,low,low,78.76218804495012,Java_low_results.csv
21,180,5,low,low,45.74322412635663,Java_low_results.csv
21,170,5,low,low,62.07283846584221,Java_low_results.csv
27,29,5,low,low,24.99626256730664,Java_low_results.csv
21,182,5,low,low,53.92547816846634,Java_low_results.csv
21,101,5,low,low,102.0336150669778,Java_low_results.csv
21,176,5,low,low,63.5364992885512,Java_low_results.csv
21,200,5,low,low,54.04897095663165,Java_low_results.csv
27,31,5,low,low,35.0557805861448,Java_low_results.csv
21,208,5,low,low,50.80380311213761,Java_low_results.csv
27,34,5,low,low,37.81181792531292,Java_low_results.csv
27,35,5,low,low,55.37247719234572,Java_low_results.csv
21,179,5,low,low,83.18080047359501,Java_low_results.csv
27,37,5,low,low,41.6916595540892,Java_low_results.csv
27,43,5,low,low,24.6440916817346,Java_low_results.csv
27,41,5,low,low,41.758073008366935,Java_low_results.csv
27,44,5,low,low,21.910529103340654,Java_low_results.csv
27,56,5,low,low,28.26466474708332,Java_low_results.csv
27,60,5,low,low,32.65144685414351,Java_low_results.csv
27,65,5,low,low,16.39691409435283,Java_low_results.csv
27,63,5,low,low,38.01204872396799,Java_low_results.csv
27,74,5,low,low,19.18936160541257,Java_low_results.csv
27,64,5,low,low,45.098210239800586,Java_low_results.csv
27,78,5,low,low,31.045339504887306,Java_low_results.csv
27,79,5,low,low,33.036148369124504,Java_low_results.csv
27,77,5,low,low,45.1530566697827,Java_low_results.csv
27,94,5,low,low,23.072469860462057,Java_low_results.csv
27,99,5,low,low,33.166089985596784,Java_low_results.csv
27,104,5,low,low,25.14238859032746,Java_low_results.csv
27,114,5,low,low,17.34902332326331,Java_low_results.csv
27,124,5,low,low,23.12205195919445,Java_low_results.csv
27,126,5,low,low,35.55372332709382,Java_low_results.csv
27,132,5,low,low,31.120928835376628,Java_low_results.csv
27,139,5,low,low,22.317176768552194,Java_low_results.csv
27,140,5,low,low,18.284842769582887,Java_low_results.csv
27,128,5,low,low,66.46878357782019,Java_low_results.csv
27,101,5,low,low,94.0242762044054,Java_low_results.csv
27,164,5,low,low,25.106640879504862,Java_low_results.csv
27,170,5,low,low,46.55460339686984,Java_low_results.csv
27,180,5,low,low,22.58762382426295,Java_low_results.csv
27,176,5,low,low,53.15389048171423,Java_low_results.csv
27,182,5,low,low,32.721109066599006,Java_low_results.csv
27,200,5,low,low,27.730991003023107,Java_low_results.csv
27,179,5,low,low,67.75089770442298,Java_low_results.csv
27,208,5,low,low,30.537236190519547,Java_low_results.csv
29,31,5,low,low,41.826176211503714,Java_low_results.csv
29,34,5,low,low,42.04641741705688,Java_low_results.csv
29,35,5,low,low,61.20155543703429,Java_low_results.csv
29,43,5,low,low,28.997105178679966,Java_low_results.csv
29,56,5,low,low,31.999244042909705,Java_low_results.csv
29,44,5,low,low,27.60058277035525,Java_low_results.csv
29,37,5,low,low,48.21552065311191,Java_low_results.csv
29,41,5,low,low,48.51355626270925,Java_low_results.csv
29,60,5,low,low,36.944386069611134,Java_low_results.csv
29,74,5,low,low,26.9035967358304,Java_low_results.csv
29,63,5,low,low,43.66803118053324,Java_low_results.csv
29,65,5,low,low,24.933194450274456,Java_low_results.csv
29,78,5,low,low,35.289904195138405,Java_low_results.csv
29,64,5,low,low,51.68855891306429,Java_low_results.csv
29,94,5,low,low,30.929502031885853,Java_low_results.csv
29,77,5,low,low,48.97963832189893,Java_low_results.csv
29,79,5,low,low,37.1574141167928,Java_low_results.csv
29,104,5,low,low,33.149648794880456,Java_low_results.csv
29,99,5,low,low,40.00873849640427,Java_low_results.csv
29,114,5,low,low,23.89972078327078,Java_low_results.csv
29,124,5,low,low,28.65233151940601,Java_low_results.csv
29,126,5,low,low,40.70854125117931,Java_low_results.csv
29,132,5,low,low,38.92132769463205,Java_low_results.csv
29,139,5,low,low,29.20295658283885,Java_low_results.csv
29,140,5,low,low,23.74327192735588,Java_low_results.csv
29,164,5,low,low,30.65407117025503,Java_low_results.csv
29,128,5,low,low,72.20732324392303,Java_low_results.csv
29,101,5,low,low,98.49157499656604,Java_low_results.csv
29,170,5,low,low,50.79694121446871,Java_low_results.csv
29,180,5,low,low,27.710693741259103,Java_low_results.csv
29,182,5,low,low,35.945788243387604,Java_low_results.csv
29,176,5,low,low,58.589270216379965,Java_low_results.csv
29,200,5,low,low,33.77483979035208,Java_low_results.csv
29,208,5,low,low,36.14187376445713,Java_low_results.csv
29,179,5,low,low,70.89786331723813,Java_low_results.csv
31,34,5,low,low,50.65587674108325,Java_low_results.csv
31,35,5,low,low,58.84726416062939,Java_low_results.csv
31,37,5,low,low,48.69128351583844,Java_low_results.csv
31,43,5,low,low,39.40543935178465,Java_low_results.csv
31,44,5,low,low,38.49322623921509,Java_low_results.csv
31,56,5,low,low,43.21080346689146,Java_low_results.csv
31,41,5,low,low,45.94648214262456,Java_low_results.csv
31,65,5,low,low,31.733257267393828,Java_low_results.csv
31,60,5,low,low,48.514388221733626,Java_low_results.csv
31,74,5,low,low,30.993712477967808,Java_low_results.csv
31,63,5,low,low,53.87171883003606,Java_low_results.csv
31,64,5,low,low,57.71615713736047,Java_low_results.csv
31,78,5,low,low,43.78296897955188,Java_low_results.csv
31,94,5,low,low,36.26524389139335,Java_low_results.csv
31,79,5,low,low,46.4462379149113,Java_low_results.csv
31,77,5,low,low,58.115576150014206,Java_low_results.csv
31,114,5,low,low,29.927588100269165,Java_low_results.csv
31,99,5,low,low,43.82668421609944,Java_low_results.csv
31,104,5,low,low,40.05232095873724,Java_low_results.csv
31,124,5,low,low,39.41706018456486,Java_low_results.csv
31,126,5,low,low,51.17607328023517,Java_low_results.csv
31,139,5,low,low,33.67984058256568,Java_low_results.csv
31,140,5,low,low,34.44510628711696,Java_low_results.csv
31,132,5,low,low,43.70996058304618,Java_low_results.csv
31,164,5,low,low,39.10925714524896,Java_low_results.csv
31,128,5,low,low,70.65253249558617,Java_low_results.csv
31,180,5,low,low,38.37348505310179,Java_low_results.csv
31,101,5,low,low,97.55957636241097,Java_low_results.csv
31,170,5,low,low,53.61527731527465,Java_low_results.csv
31,182,5,low,low,47.009984824240334,Java_low_results.csv
31,200,5,low,low,44.85151576796462,Java_low_results.csv
31,208,5,low,low,45.23608048352705,Java_low_results.csv
31,176,5,low,low,58.28878622139143,Java_low_results.csv
31,179,5,low,low,78.82034719618576,Java_low_results.csv
34,35,5,low,low,67.82416438745507,Java_low_results.csv
34,43,5,low,low,40.77634861332314,Java_low_results.csv
34,37,5,low,low,58.74393916690213,Java_low_results.csv
34,56,5,low,low,41.18529961626342,Java_low_results.csv
34,44,5,low,low,39.17953836953566,Java_low_results.csv
34,41,5,low,low,56.79069394833947,Java_low_results.csv
34,60,5,low,low,45.42770631479771,Java_low_results.csv
34,65,5,low,low,37.62117088460954,Java_low_results.csv
34,74,5,low,low,38.21316794450605,Java_low_results.csv
34,63,5,low,low,53.360631294437184,Java_low_results.csv
34,64,5,low,low,60.39875428310315,Java_low_results.csv
34,78,5,low,low,44.54914884859789,Java_low_results.csv
34,94,5,low,low,43.094345219707286,Java_low_results.csv
34,79,5,low,low,47.81487265532981,Java_low_results.csv
34,77,5,low,low,59.48184907395504,Java_low_results.csv
34,104,5,low,low,45.38299312016072,Java_low_results.csv
34,99,5,low,low,47.82163510024348,Java_low_results.csv
34,114,5,low,low,36.56754154830328,Java_low_results.csv
34,124,5,low,low,40.99734470885485,Java_low_results.csv
34,139,5,low,low,38.83940299629052,Java_low_results.csv
34,126,5,low,low,51.07541453986025,Java_low_results.csv
34,132,5,low,low,47.97730982102901,Java_low_results.csv
34,140,5,low,low,35.45257196365587,Java_low_results.csv
34,164,5,low,low,41.63989859395979,Java_low_results.csv
34,128,5,low,low,79.12991636456287,Java_low_results.csv
34,170,5,low,low,59.80769995270134,Java_low_results.csv
34,180,5,low,low,39.311825852471785,Java_low_results.csv
34,101,5,low,low,100.9672374550708,Java_low_results.csv
34,182,5,low,low,48.93459836771165,Java_low_results.csv
34,176,5,low,low,65.70452897538586,Java_low_results.csv
34,200,5,low,low,46.04113127579021,Java_low_results.csv
34,208,5,low,low,44.94403581462465,Java_low_results.csv
34,179,5,low,low,78.76486704565889,Java_low_results.csv
35,43,5,low,low,59.61888991472215,Java_low_results.csv
35,37,5,low,low,67.19690735401697,Java_low_results.csv
35,44,5,low,low,58.349345357238015,Java_low_results.csv
35,56,5,low,low,60.74445998076841,Java_low_results.csv
35,41,5,low,low,66.380415350777,Java_low_results.csv
35,74,5,low,low,51.21493084320434,Java_low_results.csv
35,65,5,low,low,52.61185422662593,Java_low_results.csv
35,60,5,low,low,66.73380673533201,Java_low_results.csv
35,63,5,low,low,71.31207782674021,Java_low_results.csv
35,64,5,low,low,78.20512690859837,Java_low_results.csv
35,94,5,low,low,55.30529736190519,Java_low_results.csv
35,78,5,low,low,61.996509468236525,Java_low_results.csv
35,79,5,low,low,64.65937786996996,Java_low_results.csv
35,77,5,low,low,76.09151094265371,Java_low_results.csv
35,99,5,low,low,63.51439347999767,Java_low_results.csv
35,114,5,low,low,50.46959179891532,Java_low_results.csv
35,104,5,low,low,59.9782216076426,Java_low_results.csv
35,124,5,low,low,59.5615971582761,Java_low_results.csv
35,139,5,low,low,50.503065668868246,Java_low_results.csv
35,140,5,low,low,54.93017797352997,Java_low_results.csv
35,126,5,low,low,68.71192782660088,Java_low_results.csv
35,132,5,low,low,62.54266714468717,Java_low_results.csv
35,164,5,low,low,59.88979903420415,Java_low_results.csv
35,128,5,low,low,83.77436069105252,Java_low_results.csv
35,101,5,low,low,113.93889757450266,Java_low_results.csv
35,180,5,low,low,57.73975592777829,Java_low_results.csv
35,170,5,low,low,69.38387620149908,Java_low_results.csv
35,200,5,low,low,65.01541580337101,Java_low_results.csv
35,182,5,low,low,66.78624715053151,Java_low_results.csv
35,176,5,low,low,73.01706614216332,Java_low_results.csv
35,208,5,low,low,64.47229790558058,Java_low_results.csv
37,43,5,low,low,45.43758254344892,Java_low_results.csv
37,44,5,low,low,46.33181313522253,Java_low_results.csv
35,179,5,low,low,94.83600271596006,Java_low_results.csv
37,41,5,low,low,54.64427942675725,Java_low_results.csv
37,56,5,low,low,51.48937687021646,Java_low_results.csv
37,65,5,low,low,38.21632636435682,Java_low_results.csv
37,60,5,low,low,56.76573471857397,Java_low_results.csv
37,74,5,low,low,37.06846927715647,Java_low_results.csv
37,63,5,low,low,58.8696281117461,Java_low_results.csv
37,64,5,low,low,65.06377224050355,Java_low_results.csv
37,78,5,low,low,51.44449051035995,Java_low_results.csv
37,94,5,low,low,40.63092240808631,Java_low_results.csv
37,79,5,low,low,53.16538032562974,Java_low_results.csv
37,77,5,low,low,65.93254302577866,Java_low_results.csv
37,114,5,low,low,37.01124906835407,Java_low_results.csv
37,99,5,low,low,53.0733194551113,Java_low_results.csv
37,104,5,low,low,45.04054676740331,Java_low_results.csv
37,124,5,low,low,44.73509236796376,Java_low_results.csv
37,140,5,low,low,41.049129049985005,Java_low_results.csv
37,139,5,low,low,39.60078873973695,Java_low_results.csv
37,132,5,low,low,50.4591444996295,Java_low_results.csv
37,126,5,low,low,57.41626604698038,Java_low_results.csv
37,164,5,low,low,44.97166413226847,Java_low_results.csv
37,128,5,low,low,79.60334692800754,Java_low_results.csv
37,180,5,low,low,44.8240716844002,Java_low_results.csv
37,101,5,low,low,108.06968778080628,Java_low_results.csv
37,170,5,low,low,60.9194796284644,Java_low_results.csv
37,182,5,low,low,54.07925835811803,Java_low_results.csv
37,200,5,low,low,52.044151743280274,Java_low_results.csv
37,176,5,low,low,66.63499891432818,Java_low_results.csv
37,179,5,low,low,83.11830623170827,Java_low_results.csv
37,208,5,low,low,50.13630859869427,Java_low_results.csv
41,43,5,low,low,46.4688084977294,Java_low_results.csv
41,44,5,low,low,44.91232143298768,Java_low_results.csv
41,56,5,low,low,49.97076464176945,Java_low_results.csv
41,65,5,low,low,39.32331291837464,Java_low_results.csv
41,60,5,low,low,55.50331786259567,Java_low_results.csv
41,74,5,low,low,37.93845908533443,Java_low_results.csv
41,63,5,low,low,58.62828866587687,Java_low_results.csv
41,64,5,low,low,64.24287109604113,Java_low_results.csv
41,78,5,low,low,49.50117197004568,Java_low_results.csv
41,79,5,low,low,51.92726271224239,Java_low_results.csv
41,94,5,low,low,43.39998924976335,Java_low_results.csv
41,77,5,low,low,64.87175780214214,Java_low_results.csv
41,114,5,low,low,37.37125042246806,Java_low_results.csv
41,104,5,low,low,46.27668514759149,Java_low_results.csv
41,99,5,low,low,49.66979892745277,Java_low_results.csv
41,124,5,low,low,45.45136852226686,Java_low_results.csv
41,139,5,low,low,38.44099638220113,Java_low_results.csv
41,126,5,low,low,56.79458849588874,Java_low_results.csv
41,140,5,low,low,41.20358466088963,Java_low_results.csv
41,132,5,low,low,50.28057360078737,Java_low_results.csv
41,164,5,low,low,45.33546349243369,Java_low_results.csv
41,128,5,low,low,74.63589168241661,Java_low_results.csv
41,170,5,low,low,58.92889629078983,Java_low_results.csv
41,180,5,low,low,44.07150512055189,Java_low_results.csv
41,101,5,low,low,101.96083846386152,Java_low_results.csv
41,182,5,low,low,54.726146681961886,Java_low_results.csv
41,176,5,low,low,63.68796775135357,Java_low_results.csv
43,44,5,low,low,27.262708925275508,Java_low_results.csv
41,200,5,low,low,51.14121149825333,Java_low_results.csv
43,56,5,low,low,32.294128995903,Java_low_results.csv
41,179,5,low,low,85.13918946014485,Java_low_results.csv
43,60,5,low,low,37.33583672241903,Java_low_results.csv
41,208,5,low,low,50.64569138038425,Java_low_results.csv
43,65,5,low,low,23.47453925248008,Java_low_results.csv
43,74,5,low,low,25.530111696408483,Java_low_results.csv
43,63,5,low,low,41.63863840029956,Java_low_results.csv
43,64,5,low,low,49.36989940782455,Java_low_results.csv
43,94,5,low,low,30.26692718451197,Java_low_results.csv
43,77,5,low,low,48.77913030135669,Java_low_results.csv
43,78,5,low,low,34.29238965417575,Java_low_results.csv
43,79,5,low,low,35.81350244700867,Java_low_results.csv
43,104,5,low,low,32.26632968613331,Java_low_results.csv
43,99,5,low,low,39.93737245086744,Java_low_results.csv
43,114,5,low,low,22.69349581671953,Java_low_results.csv
43,124,5,low,low,28.301195599795744,Java_low_results.csv
43,139,5,low,low,27.268699679811267,Java_low_results.csv
43,126,5,low,low,39.889831672705306,Java_low_results.csv
43,132,5,low,low,36.25781532691064,Java_low_results.csv
43,140,5,low,low,23.3461879459114,Java_low_results.csv
43,164,5,low,low,27.44430444703633,Java_low_results.csv
43,128,5,low,low,69.42653258963097,Java_low_results.csv
43,101,5,low,low,95.63597441509545,Java_low_results.csv
43,180,5,low,low,26.849702338095916,Java_low_results.csv
43,170,5,low,low,50.788600490070976,Java_low_results.csv
43,176,5,low,low,56.36029878619688,Java_low_results.csv
43,182,5,low,low,36.79212882548003,Java_low_results.csv
44,56,5,low,low,30.564745772919142,Java_low_results.csv
43,208,5,low,low,33.55509167439642,Java_low_results.csv
43,200,5,low,low,34.03815248718651,Java_low_results.csv
43,179,5,low,low,67.75732955223046,Java_low_results.csv
44,60,5,low,low,33.722085757747884,Java_low_results.csv
44,63,5,low,low,41.19633264323698,Java_low_results.csv
44,65,5,low,low,22.30512559678665,Java_low_results.csv
44,74,5,low,low,23.02891987216529,Java_low_results.csv
44,78,5,low,low,31.456166496398705,Java_low_results.csv
44,64,5,low,low,48.15935516619552,Java_low_results.csv
44,79,5,low,low,34.51811845842248,Java_low_results.csv
44,94,5,low,low,29.156145024139622,Java_low_results.csv
44,77,5,low,low,47.137237687025184,Java_low_results.csv
44,104,5,low,low,30.970075223412632,Java_low_results.csv
44,114,5,low,low,21.67928611821895,Java_low_results.csv
44,99,5,low,low,37.315575028826025,Java_low_results.csv
44,124,5,low,low,26.62973165021747,Java_low_results.csv
44,126,5,low,low,37.898372220164994,Java_low_results.csv
44,139,5,low,low,26.130197503007512,Java_low_results.csv
44,132,5,low,low,36.16470744783369,Java_low_results.csv
44,140,5,low,low,21.43234512680517,Java_low_results.csv
44,128,5,low,low,69.85697003040998,Java_low_results.csv
44,164,5,low,low,28.39576617931473,Java_low_results.csv
44,101,5,low,low,95.390840501528,Java_low_results.csv
44,180,5,low,low,26.305081429504888,Java_low_results.csv
44,170,5,low,low,48.38335619290149,Java_low_results.csv
44,182,5,low,low,34.91330988910168,Java_low_results.csv
44,176,5,low,low,56.67872026909973,Java_low_results.csv
44,200,5,low,low,31.804949362808365,Java_low_results.csv
44,208,5,low,low,32.98750782245058,Java_low_results.csv
56,60,5,low,low,38.96359783503766,Java_low_results.csv
44,179,5,low,low,69.8742805860779,Java_low_results.csv
56,63,5,low,low,45.672760817436725,Java_low_results.csv
56,74,5,low,low,28.32970071581175,Java_low_results.csv
56,65,5,low,low,28.04470694745934,Java_low_results.csv
56,64,5,low,low,51.78763662214229,Java_low_results.csv
56,78,5,low,low,36.79949424216452,Java_low_results.csv
56,94,5,low,low,33.44496428819362,Java_low_results.csv
56,79,5,low,low,39.17858558860424,Java_low_results.csv
56,77,5,low,low,52.11207646609721,Java_low_results.csv
56,99,5,low,low,41.0058770709846,Java_low_results.csv
56,114,5,low,low,26.502790772270234,Java_low_results.csv
56,104,5,low,low,36.38363538539521,Java_low_results.csv
56,124,5,low,low,32.76462179044184,Java_low_results.csv
56,126,5,low,low,42.52385114804518,Java_low_results.csv
56,139,5,low,low,30.62377872043781,Java_low_results.csv
56,140,5,low,low,25.9405925289094,Java_low_results.csv
56,132,5,low,low,40.7568430012637,Java_low_results.csv
56,128,5,low,low,72.30546155459785,Java_low_results.csv
56,164,5,low,low,34.124271811294605,Java_low_results.csv
56,101,5,low,low,97.50937216980164,Java_low_results.csv
56,180,5,low,low,29.69739889723229,Java_low_results.csv
56,170,5,low,low,51.49006927125711,Java_low_results.csv
56,200,5,low,low,37.132011948164575,Java_low_results.csv
56,208,5,low,low,38.695870427232094,Java_low_results.csv
56,182,5,low,low,40.35338792876046,Java_low_results.csv
56,176,5,low,low,59.3402867736712,Java_low_results.csv
56,179,5,low,low,71.55040298165159,Java_low_results.csv
60,65,5,low,low,33.94804331563735,Java_low_results.csv
60,63,5,low,low,50.46104746729496,Java_low_results.csv
60,74,5,low,low,34.87409917854562,Java_low_results.csv
60,78,5,low,low,40.67729217877098,Java_low_results.csv
60,94,5,low,low,39.29308388379464,Java_low_results.csv
60,79,5,low,low,42.08862006770271,Java_low_results.csv
60,64,5,low,low,56.54547462659265,Java_low_results.csv
60,77,5,low,low,55.637893061151246,Java_low_results.csv
60,99,5,low,low,46.21824291263333,Java_low_results.csv
60,114,5,low,low,33.23991898507898,Java_low_results.csv
60,104,5,low,low,41.5042745544844,Java_low_results.csv
60,124,5,low,low,36.20692648515917,Java_low_results.csv
60,126,5,low,low,45.348494293019954,Java_low_results.csv
60,140,5,low,low,31.96714898013208,Java_low_results.csv
60,139,5,low,low,36.67578320413603,Java_low_results.csv
60,132,5,low,low,46.36981911803645,Java_low_results.csv
60,128,5,low,low,78.22297293157418,Java_low_results.csv
60,164,5,low,low,38.84911029981898,Java_low_results.csv
60,170,5,low,low,57.8192131089416,Java_low_results.csv
60,180,5,low,low,35.49389196063419,Java_low_results.csv
60,101,5,low,low,102.83673745625472,Java_low_results.csv
60,182,5,low,low,44.83181938654384,Java_low_results.csv
60,176,5,low,low,63.57094849564351,Java_low_results.csv
63,65,5,low,low,38.48295771825333,Java_low_results.csv
60,208,5,low,low,43.61696393197116,Java_low_results.csv
60,200,5,low,low,41.75219655475832,Java_low_results.csv
60,179,5,low,low,73.85205171830643,Java_low_results.csv
63,74,5,low,low,39.664618169332165,Java_low_results.csv
63,64,5,low,low,61.41301782363139,Java_low_results.csv
63,94,5,low,low,43.783416339319736,Java_low_results.csv
63,78,5,low,low,48.62726700720192,Java_low_results.csv
63,79,5,low,low,50.5741995817183,Java_low_results.csv
63,77,5,low,low,61.35098610194895,Java_low_results.csv
63,99,5,low,low,50.86396436782408,Java_low_results.csv
63,104,5,low,low,44.91188747261813,Java_low_results.csv
63,114,5,low,low,37.79154632889458,Java_low_results.csv
63,124,5,low,low,42.06276513366006,Java_low_results.csv
63,139,5,low,low,41.90772340574662,Java_low_results.csv
63,140,5,low,low,37.91472866523221,Java_low_results.csv
63,126,5,low,low,51.71845062487938,Java_low_results.csv
63,132,5,low,low,49.23831616464807,Java_low_results.csv
63,164,5,low,low,43.17355013890907,Java_low_results.csv
63,128,5,low,low,82.17692273212886,Java_low_results.csv
63,170,5,low,low,63.37611151896885,Java_low_results.csv
63,101,5,low,low,105.64630673302318,Java_low_results.csv
63,180,5,low,low,41.244069108707805,Java_low_results.csv
63,176,5,low,low,68.82858843489859,Java_low_results.csv
63,200,5,low,low,47.02372968229591,Java_low_results.csv
63,182,5,low,low,50.89692944906818,Java_low_results.csv
64,65,5,low,low,45.53685758278167,Java_low_results.csv
64,74,5,low,low,45.97003418184246,Java_low_results.csv
63,179,5,low,low,79.349878389377,Java_low_results.csv
63,208,5,low,low,45.8112417951853,Java_low_results.csv
64,94,5,low,low,49.30124803821143,Java_low_results.csv
64,78,5,low,low,54.65272482478397,Java_low_results.csv
64,114,5,low,low,43.94737835457386,Java_low_results.csv
64,77,5,low,low,68.5899949621745,Java_low_results.csv
64,79,5,low,low,54.59698902621154,Java_low_results.csv
64,104,5,low,low,53.75359390699721,Java_low_results.csv
64,99,5,low,low,55.48733679447016,Java_low_results.csv
64,124,5,low,low,48.18831570494206,Java_low_results.csv
64,139,5,low,low,47.0544228578184,Java_low_results.csv
64,140,5,low,low,43.78548634924178,Java_low_results.csv
64,126,5,low,low,56.294999379454005,Java_low_results.csv
64,132,5,low,low,54.79139628717295,Java_low_results.csv
64,164,5,low,low,49.83671414898621,Java_low_results.csv
64,128,5,low,low,85.05038837534133,Java_low_results.csv
64,180,5,low,low,47.62580970499994,Java_low_results.csv
64,170,5,low,low,68.97791518550996,Java_low_results.csv
64,101,5,low,low,109.88094195498051,Java_low_results.csv
64,182,5,low,low,56.62176047830904,Java_low_results.csv
64,200,5,low,low,55.96299386541376,Java_low_results.csv
65,74,5,low,low,16.568684040354764,Java_low_results.csv
64,176,5,low,low,72.89846193073667,Java_low_results.csv
65,77,5,low,low,45.49494094119479,Java_low_results.csv
65,78,5,low,low,31.20287276222888,Java_low_results.csv
65,94,5,low,low,20.829268080915607,Java_low_results.csv
65,79,5,low,low,32.20612347587689,Java_low_results.csv
64,208,5,low,low,55.05315670046962,Java_low_results.csv
64,179,5,low,low,82.3488594798239,Java_low_results.csv
65,99,5,low,low,32.731696474509675,Java_low_results.csv
65,104,5,low,low,21.428915699420237,Java_low_results.csv
65,114,5,low,low,14.286766418560326,Java_low_results.csv
65,124,5,low,low,22.138434812807155,Java_low_results.csv
65,139,5,low,low,19.807463342446347,Java_low_results.csv
65,126,5,low,low,36.03234060413696,Java_low_results.csv
65,132,5,low,low,28.60940055297376,Java_low_results.csv
65,140,5,low,low,17.3109915819104,Java_low_results.csv
65,128,5,low,low,63.67662792016226,Java_low_results.csv
65,101,5,low,low,92.01499974413387,Java_low_results.csv
65,164,5,low,low,23.43190430198653,Java_low_results.csv
65,170,5,low,low,45.495470050110654,Java_low_results.csv
65,180,5,low,low,21.872070507344244,Java_low_results.csv
65,176,5,low,low,51.58075133550353,Java_low_results.csv
65,182,5,low,low,32.18836263740321,Java_low_results.csv
65,208,5,low,low,29.53777443462337,Java_low_results.csv
65,200,5,low,low,28.683753370202467,Java_low_results.csv
65,179,5,low,low,66.84117560301695,Java_low_results.csv
74,94,5,low,low,21.980383764825344,Java_low_results.csv
74,114,5,low,low,16.324096536040905,Java_low_results.csv
74,78,5,low,low,31.18412198238384,Java_low_results.csv
74,79,5,low,low,33.38782615539784,Java_low_results.csv
74,104,5,low,low,25.9614429615901,Java_low_results.csv
74,77,5,low,low,46.674827230334266,Java_low_results.csv
74,99,5,low,low,33.16477841750011,Java_low_results.csv
74,124,5,low,low,24.786609903705035,Java_low_results.csv
74,140,5,low,low,18.624059991323467,Java_low_results.csv
74,101,5,low,low,91.63286763960537,Java_low_results.csv
74,132,5,low,low,31.491049809691265,Java_low_results.csv
74,139,5,low,low,20.63078835776578,Java_low_results.csv
74,126,5,low,low,37.03316263869286,Java_low_results.csv
74,164,5,low,low,25.575518026481237,Java_low_results.csv
74,128,5,low,low,62.70237127266188,Java_low_results.csv
74,180,5,low,low,23.642759172936486,Java_low_results.csv
74,170,5,low,low,44.10689505764866,Java_low_results.csv
74,200,5,low,low,30.778829795233268,Java_low_results.csv
74,208,5,low,low,31.38461533944527,Java_low_results.csv
74,182,5,low,low,33.060656703933354,Java_low_results.csv
74,176,5,low,low,50.38703827299528,Java_low_results.csv
74,179,5,low,low,67.40769962482344,Java_low_results.csv
77,78,5,low,low,52.477504385765855,Java_low_results.csv
77,94,5,low,low,50.6743702532298,Java_low_results.csv
77,114,5,low,low,44.19403983706456,Java_low_results.csv
77,79,5,low,low,55.42887975298843,Java_low_results.csv
77,104,5,low,low,52.99176749483804,Java_low_results.csv
77,124,5,low,low,49.27719435075644,Java_low_results.csv
77,99,5,low,low,58.02713352563335,Java_low_results.csv
77,139,5,low,low,48.055653535665165,Java_low_results.csv
77,140,5,low,low,45.29972814210236,Java_low_results.csv
77,132,5,low,low,55.55149667428245,Java_low_results.csv
77,126,5,low,low,59.33429518667616,Java_low_results.csv
77,164,5,low,low,49.80124837943124,Java_low_results.csv
77,128,5,low,low,86.11546621156602,Java_low_results.csv
77,170,5,low,low,67.1868484156713,Java_low_results.csv
77,180,5,low,low,47.03568641652426,Java_low_results.csv
77,101,5,low,low,111.0545245677488,Java_low_results.csv
77,182,5,low,low,55.96660085770517,Java_low_results.csv
77,176,5,low,low,74.1094332443255,Java_low_results.csv
78,94,5,low,low,36.46921601433241,Java_low_results.csv
77,200,5,low,low,53.76761701165612,Java_low_results.csv
78,79,5,low,low,38.042263712392064,Java_low_results.csv
77,179,5,low,low,87.0248009588066,Java_low_results.csv
77,208,5,low,low,53.42043103321036,Java_low_results.csv
78,114,5,low,low,29.631260519373583,Java_low_results.csv
78,99,5,low,low,43.89451098006082,Java_low_results.csv
78,104,5,low,low,38.46582290140842,Java_low_results.csv
78,124,5,low,low,33.850193607507066,Java_low_results.csv
78,126,5,low,low,43.94221887330845,Java_low_results.csv
78,139,5,low,low,31.708399321631564,Java_low_results.csv
78,140,5,low,low,28.523945336898453,Java_low_results.csv
78,132,5,low,low,42.087722040441705,Java_low_results.csv
78,164,5,low,low,35.067000286586094,Java_low_results.csv
78,128,5,low,low,73.19541874967896,Java_low_results.csv
78,170,5,low,low,53.96628708833492,Java_low_results.csv
78,180,5,low,low,32.1511950466253,Java_low_results.csv
78,101,5,low,low,97.85692732004784,Java_low_results.csv
78,176,5,low,low,59.87387516554637,Java_low_results.csv
78,182,5,low,low,41.508233893529535,Java_low_results.csv
79,94,5,low,low,36.4858469332394,Java_low_results.csv
78,200,5,low,low,39.896994543028015,Java_low_results.csv
78,208,5,low,low,39.56924240859576,Java_low_results.csv
78,179,5,low,low,71.22246818732431,Java_low_results.csv
79,99,5,low,low,44.13416320117263,Java_low_results.csv
79,114,5,low,low,31.701905267488947,Java_low_results.csv
79,104,5,low,low,39.65857164834693,Java_low_results.csv
79,124,5,low,low,36.473635439886365,Java_low_results.csv
79,139,5,low,low,34.21569714399942,Java_low_results.csv
79,140,5,low,low,31.27521292543967,Java_low_results.csv
79,126,5,low,low,42.733959224707,Java_low_results.csv
79,132,5,low,low,44.146017566168894,Java_low_results.csv
79,164,5,low,low,36.41553966077324,Java_low_results.csv
79,128,5,low,low,73.72332510600758,Java_low_results.csv
79,180,5,low,low,32.940968466759365,Java_low_results.csv
79,101,5,low,low,100.6113049515867,Java_low_results.csv
79,170,5,low,low,54.68805429447412,Java_low_results.csv
79,182,5,low,low,42.98152817838207,Java_low_results.csv
79,176,5,low,low,60.16112830466959,Java_low_results.csv
79,200,5,low,low,41.9507764471076,Java_low_results.csv
94,99,5,low,low,35.73561771202025,Java_low_results.csv
79,179,5,low,low,68.66292171489498,Java_low_results.csv
79,208,5,low,low,41.84467903611606,Java_low_results.csv
94,104,5,low,low,28.767397310842345,Java_low_results.csv
94,114,5,low,low,20.539567975201336,Java_low_results.csv
94,124,5,low,low,28.87109928069968,Java_low_results.csv
94,139,5,low,low,24.565802072324843,Java_low_results.csv
94,126,5,low,low,39.583492569486495,Java_low_results.csv
94,140,5,low,low,24.05379597093456,Java_low_results.csv
94,132,5,low,low,34.979358783463375,Java_low_results.csv
94,164,5,low,low,29.950193437026925,Java_low_results.csv
94,101,5,low,low,95.63885678131986,Java_low_results.csv
94,128,5,low,low,66.83415116695602,Java_low_results.csv
94,170,5,low,low,48.185564427655216,Java_low_results.csv
94,180,5,low,low,28.05618543326348,Java_low_results.csv
94,182,5,low,low,37.65252703065033,Java_low_results.csv
94,176,5,low,low,52.611651575704464,Java_low_results.csv
94,200,5,low,low,35.510809479604525,Java_low_results.csv
94,208,5,low,low,34.92388941762444,Java_low_results.csv
94,179,5,low,low,69.41797956257132,Java_low_results.csv
99,114,5,low,low,30.867647652640883,Java_low_results.csv
99,104,5,low,low,40.19330652875439,Java_low_results.csv
99,139,5,low,low,34.083045593993475,Java_low_results.csv
99,124,5,low,low,37.87820746087035,Java_low_results.csv
99,140,5,low,low,33.45367960544736,Java_low_results.csv
99,126,5,low,low,48.10847006828382,Java_low_results.csv
99,132,5,low,low,42.9194084426692,Java_low_results.csv
99,164,5,low,low,40.00786249861149,Java_low_results.csv
99,128,5,low,low,72.81153149765154,Java_low_results.csv
99,180,5,low,low,36.97737402622006,Java_low_results.csv
99,170,5,low,low,54.61846862408463,Java_low_results.csv
99,182,5,low,low,45.95587030115859,Java_low_results.csv
99,101,5,low,low,97.523825998161,Java_low_results.csv
99,176,5,low,low,56.336280814772415,Java_low_results.csv
99,200,5,low,low,43.422507437232944,Java_low_results.csv
99,208,5,low,low,43.94080493078025,Java_low_results.csv
99,179,5,low,low,76.07763575978683,Java_low_results.csv
101,114,5,low,low,89.77849963716426,Java_low_results.csv
101,139,5,low,low,89.8919359354618,Java_low_results.csv
101,104,5,low,low,97.47588669880976,Java_low_results.csv
101,140,5,low,low,91.63346096186172,Java_low_results.csv
101,124,5,low,low,95.27014246914024,Java_low_results.csv
101,126,5,low,low,103.63003845352496,Java_low_results.csv
101,132,5,low,low,95.19055595612464,Java_low_results.csv
101,164,5,low,low,94.0074846704263,Java_low_results.csv
101,180,5,low,low,94.34841121684808,Java_low_results.csv
104,114,5,low,low,23.9617912339132,Java_low_results.csv
101,128,5,low,low,116.67598026412573,Java_low_results.csv
101,170,5,low,low,105.3063366581354,Java_low_results.csv
101,200,5,low,low,102.07780970971749,Java_low_results.csv
104,124,5,low,low,31.29009898300593,Java_low_results.csv
101,176,5,low,low,105.24941121551838,Java_low_results.csv
104,126,5,low,low,42.79993983184512,Java_low_results.csv
101,182,5,low,low,103.17918174985088,Java_low_results.csv
101,208,5,low,low,98.52473604419144,Java_low_results.csv
104,139,5,low,low,28.695184977930992,Java_low_results.csv
104,128,5,low,low,69.29652843862038,Java_low_results.csv
104,140,5,low,low,26.38922048892821,Java_low_results.csv
104,132,5,low,low,37.09834739903022,Java_low_results.csv
104,164,5,low,low,31.18309812405893,Java_low_results.csv
101,179,5,low,low,127.12698857992912,Java_low_results.csv
104,170,5,low,low,52.020450136234665,Java_low_results.csv
104,180,5,low,low,29.9917799084644,Java_low_results.csv
104,176,5,low,low,56.50141527795797,Java_low_results.csv
104,200,5,low,low,37.76799960853505,Java_low_results.csv
104,208,5,low,low,35.853856671133265,Java_low_results.csv
114,124,5,low,low,22.221286245638137,Java_low_results.csv
104,182,5,low,low,39.765396563539696,Java_low_results.csv
104,179,5,low,low,72.3188252623334,Java_low_results.csv
114,126,5,low,low,35.91520538177269,Java_low_results.csv
114,128,5,low,low,61.84996881855895,Java_low_results.csv
114,139,5,low,low,18.647265623040383,Java_low_results.csv
114,140,5,low,low,16.91514337951639,Java_low_results.csv
114,132,5,low,low,29.54950113144582,Java_low_results.csv
114,164,5,low,low,22.54310769318073,Java_low_results.csv
114,170,5,low,low,42.58268616318564,Java_low_results.csv
114,176,5,low,low,48.08412459073445,Java_low_results.csv
114,180,5,low,low,21.495869546904107,Java_low_results.csv
114,179,5,low,low,66.03370646414788,Java_low_results.csv
114,182,5,low,low,31.10583374012701,Java_low_results.csv
114,200,5,low,low,28.21970080763836,Java_low_results.csv
114,208,5,low,low,29.091858011242067,Java_low_results.csv
124,140,5,low,low,21.98532942237863,Java_low_results.csv
124,139,5,low,low,27.131432976335628,Java_low_results.csv
124,126,5,low,low,39.42209266180127,Java_low_results.csv
124,164,5,low,low,26.895847867380304,Java_low_results.csv
124,132,5,low,low,35.33813932712175,Java_low_results.csv
124,170,5,low,low,49.39672348222291,Java_low_results.csv
124,128,5,low,low,70.01602559246227,Java_low_results.csv
124,180,5,low,low,27.491654895396756,Java_low_results.csv
124,176,5,low,low,57.28828378915603,Java_low_results.csv
124,182,5,low,low,34.98163383398089,Java_low_results.csv
124,200,5,low,low,33.54379931316674,Java_low_results.csv
124,208,5,low,low,31.737633653697745,Java_low_results.csv
126,139,5,low,low,38.98840505567712,Java_low_results.csv
124,179,5,low,low,68.19950769731,Java_low_results.csv
126,140,5,low,low,34.151769254958204,Java_low_results.csv
126,132,5,low,low,47.32922363335106,Java_low_results.csv
126,164,5,low,low,40.862110062782094,Java_low_results.csv
126,128,5,low,low,79.29165136540124,Java_low_results.csv
126,180,5,low,low,38.19700199590172,Java_low_results.csv
126,170,5,low,low,59.66675952220082,Java_low_results.csv
126,176,5,low,low,64.28493556128475,Java_low_results.csv
126,182,5,low,low,45.70114369797097,Java_low_results.csv
126,200,5,low,low,44.72854858728904,Java_low_results.csv
126,208,5,low,low,44.0362600092357,Java_low_results.csv
126,179,5,low,low,73.13659738139279,Java_low_results.csv
128,139,5,low,low,64.19088935773314,Java_low_results.csv
128,140,5,low,low,66.0511326563093,Java_low_results.csv
128,132,5,low,low,70.05574252309718,Java_low_results.csv
128,164,5,low,low,69.23178865090665,Java_low_results.csv
128,180,5,low,low,67.65559490321753,Java_low_results.csv
128,170,5,low,low,80.28385496814903,Java_low_results.csv
132,139,5,low,low,32.0726754821017,Java_low_results.csv
128,200,5,low,low,75.94982284614873,Java_low_results.csv
132,140,5,low,low,31.09541417826297,Java_low_results.csv
128,182,5,low,low,77.62153786407022,Java_low_results.csv
128,176,5,low,low,81.15433454976052,Java_low_results.csv
132,164,5,low,low,35.63046518903035,Java_low_results.csv
128,208,5,low,low,72.95656812057383,Java_low_results.csv
128,179,5,low,low,102.2588237312692,Java_low_results.csv
132,180,5,low,low,35.40653067622225,Java_low_results.csv
132,170,5,low,low,54.24850879198953,Java_low_results.csv
132,176,5,low,low,59.840229863638456,Java_low_results.csv
139,140,5,low,low,21.430351326128605,Java_low_results.csv
132,182,5,low,low,45.58602399507047,Java_low_results.csv
139,164,5,low,low,27.20696226380012,Java_low_results.csv
132,200,5,low,low,42.70606230772964,Java_low_results.csv
132,179,5,low,low,75.69901929513584,Java_low_results.csv
139,170,5,low,low,45.79510045763674,Java_low_results.csv
132,208,5,low,low,40.97079616396595,Java_low_results.csv
139,180,5,low,low,25.90780833197017,Java_low_results.csv
139,176,5,low,low,49.75569245085824,Java_low_results.csv
139,182,5,low,low,36.11277452207029,Java_low_results.csv
139,200,5,low,low,32.73710175238994,Java_low_results.csv
139,179,5,low,low,68.10317027732475,Java_low_results.csv
139,208,5,low,low,32.910266497347656,Java_low_results.csv
140,164,5,low,low,23.900085375226784,Java_low_results.csv
140,170,5,low,low,44.89216210051931,Java_low_results.csv
140,180,5,low,low,20.87694455657426,Java_low_results.csv
140,176,5,low,low,52.437206602510926,Java_low_results.csv
140,200,5,low,low,27.960949850878013,Java_low_results.csv
140,182,5,low,low,30.21056534368971,Java_low_results.csv
140,208,5,low,low,29.496360696748603,Java_low_results.csv
140,179,5,low,low,65.26934762669248,Java_low_results.csv
164,170,5,low,low,49.38039445990773,Java_low_results.csv
164,180,5,low,low,27.251906374909364,Java_low_results.csv
164,200,5,low,low,35.159442801642726,Java_low_results.csv
164,182,5,low,low,38.19228566155682,Java_low_results.csv
164,176,5,low,low,56.40715928816555,Java_low_results.csv
164,208,5,low,low,33.87585699816424,Java_low_results.csv
164,179,5,low,low,67.39412479559451,Java_low_results.csv
170,180,5,low,low,48.17977648486854,Java_low_results.csv
170,176,5,low,low,67.44810743438468,Java_low_results.csv
170,200,5,low,low,55.33061521818826,Java_low_results.csv
170,182,5,low,low,56.9494864336295,Java_low_results.csv
170,208,5,low,low,55.30507626755308,Java_low_results.csv
176,180,5,low,low,53.70922875259678,Java_low_results.csv
170,179,5,low,low,85.45205158086216,Java_low_results.csv
176,182,5,low,low,63.55079334931184,Java_low_results.csv
179,180,5,low,low,66.32106254484837,Java_low_results.csv
176,200,5,low,low,63.01627739859446,Java_low_results.csv
176,208,5,low,low,61.35660230103909,Java_low_results.csv
176,179,5,low,low,88.76611910638545,Java_low_results.csv
179,182,5,low,low,73.51328357376592,Java_low_results.csv
179,200,5,low,low,76.09719891314633,Java_low_results.csv
180,182,5,low,low,34.2393813740429,Java_low_results.csv
180,200,5,low,low,31.70705410213809,Java_low_results.csv
180,208,5,low,low,33.27651365830483,Java_low_results.csv
179,208,5,low,low,71.43178291895197,Java_low_results.csv
182,200,5,low,low,40.58739438016633,Java_low_results.csv
182,208,5,low,low,43.13170481006642,Java_low_results.csv
200,208,5,low,low,40.75535976167776,Java_low_results.csv
4,61,5,medium,medium,50.47136434309785,Java_medium_results.csv
4,42,5,medium,medium,27.864824762034424,Java_medium_results.csv
4,54,5,medium,medium,70.81363825941078,Java_medium_results.csv
4,75,5,medium,medium,46.650296369056726,Java_medium_results.csv
4,40,5,medium,medium,40.20729981680214,Java_medium_results.csv
4,66,5,medium,medium,31.275904532029053,Java_medium_results.csv
4,20,5,medium,medium,46.67128593904622,Java_medium_results.csv
4,17,5,medium,medium,47.5851063743016,Java_medium_results.csv
4,19,5,medium,medium,35.766248301506124,Java_medium_results.csv
4,83,5,medium,medium,50.62569387999435,Java_medium_results.csv
4,53,5,medium,medium,34.56476988462222,Java_medium_results.csv
4,81,5,medium,medium,34.09076144777154,Java_medium_results.csv
4,25,5,medium,medium,45.35806906907858,Java_medium_results.csv
4,16,5,medium,medium,55.59965045954861,Java_medium_results.csv
4,91,5,medium,medium,43.8086075322189,Java_medium_results.csv
4,33,5,medium,medium,37.90903465340524,Java_medium_results.csv
4,73,5,medium,medium,46.278101119956006,Java_medium_results.csv
4,6,5,medium,medium,35.55463488853029,Java_medium_results.csv
4,88,5,medium,medium,30.03884376664416,Java_medium_results.csv
4,62,5,medium,medium,32.77955781408438,Java_medium_results.csv
4,57,5,medium,medium,35.205688135185255,Java_medium_results.csv
4,84,5,medium,medium,42.89657750283276,Java_medium_results.csv
4,89,5,medium,medium,48.75729083816683,Java_medium_results.csv
4,70,5,medium,medium,31.50516209290612,Java_medium_results.csv
4,24,5,medium,medium,44.64674870020718,Java_medium_results.csv
4,32,5,medium,medium,39.80096470561005,Java_medium_results.csv
4,51,5,medium,medium,33.68581482803868,Java_medium_results.csv
4,55,5,medium,medium,70.97612879301661,Java_medium_results.csv
4,97,5,medium,medium,38.62623308310046,Java_medium_results.csv
4,108,5,medium,medium,35.02961204259595,Java_medium_results.csv
4,105,5,medium,medium,35.71594534302616,Java_medium_results.csv
4,121,5,medium,medium,38.3462492310817,Java_medium_results.csv
4,115,5,medium,medium,48.83113215797556,Java_medium_results.csv
4,133,5,medium,medium,38.24199116022421,Java_medium_results.csv
4,117,5,medium,medium,52.191120888637066,Java_medium_results.csv
4,135,5,medium,medium,40.09394437340489,Java_medium_results.csv
4,142,5,medium,medium,57.0033406671532,Java_medium_results.csv
4,143,5,medium,medium,36.223548593420425,Java_medium_results.csv
4,147,5,medium,medium,32.565705863085164,Java_medium_results.csv
4,145,5,medium,medium,37.63016264230764,Java_medium_results.csv
4,155,5,medium,medium,34.549228627777545,Java_medium_results.csv
4,158,5,medium,medium,50.75394761139547,Java_medium_results.csv
4,166,5,medium,medium,48.885857237327336,Java_medium_results.csv
4,168,5,medium,medium,41.21744152782769,Java_medium_results.csv
4,171,5,medium,medium,43.493343231965646,Java_medium_results.csv
4,169,5,medium,medium,56.52301081046839,Java_medium_results.csv
4,203,5,medium,medium,28.44242044614983,Java_medium_results.csv
4,192,5,medium,medium,39.7161166308374,Java_medium_results.csv
4,202,5,medium,medium,42.46024315445592,Java_medium_results.csv
4,151,5,medium,medium,82.56270808683452,Java_medium_results.csv
4,210,5,medium,medium,31.29935721623848,Java_medium_results.csv
4,207,5,medium,medium,55.92179678968035,Java_medium_results.csv
4,215,5,medium,medium,39.60137277925117,Java_medium_results.csv
6,19,5,medium,medium,26.9527413161344,Java_medium_results.csv
4,206,5,medium,medium,53.106203964975606,Java_medium_results.csv
6,17,5,medium,medium,42.79867554318424,Java_medium_results.csv
6,16,5,medium,medium,54.07557539047316,Java_medium_results.csv
6,20,5,medium,medium,41.56600012951571,Java_medium_results.csv
6,24,5,medium,medium,39.38684403219811,Java_medium_results.csv
4,214,5,medium,medium,62.82162742417509,Java_medium_results.csv
6,40,5,medium,medium,31.68583087644989,Java_medium_results.csv
6,42,5,medium,medium,19.50038129159876,Java_medium_results.csv
6,33,5,medium,medium,31.82946464712457,Java_medium_results.csv
6,32,5,medium,medium,36.51515117870058,Java_medium_results.csv
6,25,5,medium,medium,37.73674654518328,Java_medium_results.csv
6,51,5,medium,medium,26.631719039527717,Java_medium_results.csv
6,53,5,medium,medium,25.42580893600192,Java_medium_results.csv
6,62,5,medium,medium,24.316402619300483,Java_medium_results.csv
6,66,5,medium,medium,23.752240283682987,Java_medium_results.csv
6,57,5,medium,medium,28.91751513989865,Java_medium_results.csv
6,54,5,medium,medium,65.47255518385035,Java_medium_results.csv
6,70,5,medium,medium,24.462567419779248,Java_medium_results.csv
6,55,5,medium,medium,74.29799540758127,Java_medium_results.csv
6,61,5,medium,medium,45.59559393518038,Java_medium_results.csv
6,73,5,medium,medium,41.38391094065052,Java_medium_results.csv
6,81,5,medium,medium,26.28595399386741,Java_medium_results.csv
6,75,5,medium,medium,40.22194359849996,Java_medium_results.csv
6,88,5,medium,medium,22.566548149149945,Java_medium_results.csv
6,84,5,medium,medium,38.34313665193396,Java_medium_results.csv
6,91,5,medium,medium,39.92278344912899,Java_medium_results.csv
6,89,5,medium,medium,42.96078280791939,Java_medium_results.csv
6,83,5,medium,medium,46.18778512706845,Java_medium_results.csv
6,108,5,medium,medium,27.4244163759183,Java_medium_results.csv
6,105,5,medium,medium,29.84892394900215,Java_medium_results.csv
6,97,5,medium,medium,33.055008084100486,Java_medium_results.csv
6,115,5,medium,medium,44.35770749690119,Java_medium_results.csv
6,121,5,medium,medium,33.235802526488165,Java_medium_results.csv
6,117,5,medium,medium,47.90305738610765,Java_medium_results.csv
6,143,5,medium,medium,29.3613317390781,Java_medium_results.csv
6,133,5,medium,medium,30.66202455684169,Java_medium_results.csv
6,135,5,medium,medium,34.07183079029136,Java_medium_results.csv
6,142,5,medium,medium,52.19994518408461,Java_medium_results.csv
6,145,5,medium,medium,31.09560446533651,Java_medium_results.csv
6,147,5,medium,medium,24.65651592023684,Java_medium_results.csv
6,155,5,medium,medium,28.977182924846296,Java_medium_results.csv
6,166,5,medium,medium,38.70539196105187,Java_medium_results.csv
6,158,5,medium,medium,49.26346075601023,Java_medium_results.csv
6,168,5,medium,medium,35.111118267097424,Java_medium_results.csv
6,171,5,medium,medium,37.79256761899849,Java_medium_results.csv
6,192,5,medium,medium,32.46215171123131,Java_medium_results.csv
6,151,5,medium,medium,78.90611993928614,Java_medium_results.csv
6,202,5,medium,medium,36.08592884007687,Java_medium_results.csv
6,169,5,medium,medium,51.896973389491954,Java_medium_results.csv
6,203,5,medium,medium,19.764828526438915,Java_medium_results.csv
6,210,5,medium,medium,24.439090356739552,Java_medium_results.csv
6,207,5,medium,medium,49.6531597712039,Java_medium_results.csv
6,206,5,medium,medium,49.73869945642223,Java_medium_results.csv
6,215,5,medium,medium,32.556180175356864,Java_medium_results.csv
6,214,5,medium,medium,60.03442046265048,Java_medium_results.csv
16,19,5,medium,medium,53.232544475781175,Java_medium_results.csv
16,24,5,medium,medium,61.6134867699028,Java_medium_results.csv
16,33,5,medium,medium,58.01301235145249,Java_medium_results.csv
16,20,5,medium,medium,59.09963352420924,Java_medium_results.csv
16,32,5,medium,medium,53.85361999594873,Java_medium_results.csv
16,42,5,medium,medium,47.45607338082812,Java_medium_results.csv
16,17,5,medium,medium,58.39730511393962,Java_medium_results.csv
16,25,5,medium,medium,57.808339046573934,Java_medium_results.csv
16,40,5,medium,medium,55.492925087016005,Java_medium_results.csv
16,51,5,medium,medium,52.95948259082548,Java_medium_results.csv
16,53,5,medium,medium,52.1222786299976,Java_medium_results.csv
16,62,5,medium,medium,50.74224042912562,Java_medium_results.csv
16,57,5,medium,medium,51.48101418983444,Java_medium_results.csv
16,66,5,medium,medium,51.03056671226068,Java_medium_results.csv
16,70,5,medium,medium,48.67174134414402,Java_medium_results.csv
16,54,5,medium,medium,89.43283766945456,Java_medium_results.csv
16,61,5,medium,medium,68.73028354212929,Java_medium_results.csv
16,55,5,medium,medium,87.53509897833494,Java_medium_results.csv
16,81,5,medium,medium,52.41897372635066,Java_medium_results.csv
16,75,5,medium,medium,65.0652534244107,Java_medium_results.csv
16,73,5,medium,medium,63.53692031663605,Java_medium_results.csv
16,88,5,medium,medium,48.43817636983121,Java_medium_results.csv
16,91,5,medium,medium,61.930444649860206,Java_medium_results.csv
16,89,5,medium,medium,66.15813095595145,Java_medium_results.csv
16,84,5,medium,medium,63.39247968405471,Java_medium_results.csv
16,83,5,medium,medium,69.594816728762,Java_medium_results.csv
16,105,5,medium,medium,52.09887671140442,Java_medium_results.csv
16,108,5,medium,medium,52.8222223378457,Java_medium_results.csv
16,97,5,medium,medium,57.56064138482799,Java_medium_results.csv
16,115,5,medium,medium,63.634379683425536,Java_medium_results.csv
16,143,5,medium,medium,55.353826700195896,Java_medium_results.csv
16,121,5,medium,medium,57.28792529432479,Java_medium_results.csv
16,117,5,medium,medium,70.59290743804893,Java_medium_results.csv
16,133,5,medium,medium,52.06119834584257,Java_medium_results.csv
16,135,5,medium,medium,57.41245791899875,Java_medium_results.csv
16,145,5,medium,medium,52.85725082193331,Java_medium_results.csv
16,147,5,medium,medium,48.140343057512645,Java_medium_results.csv
16,142,5,medium,medium,73.01282488236392,Java_medium_results.csv
16,155,5,medium,medium,54.36805483875444,Java_medium_results.csv
16,158,5,medium,medium,66.35791860649587,Java_medium_results.csv
16,168,5,medium,medium,58.21837990785162,Java_medium_results.csv
16,171,5,medium,medium,60.90272313515194,Java_medium_results.csv
16,166,5,medium,medium,63.85102435390509,Java_medium_results.csv
16,192,5,medium,medium,57.94689368160221,Java_medium_results.csv
16,203,5,medium,medium,48.071828365960805,Java_medium_results.csv
16,202,5,medium,medium,59.51368826803005,Java_medium_results.csv
16,169,5,medium,medium,75.0329740401507,Java_medium_results.csv
16,210,5,medium,medium,50.45507539632234,Java_medium_results.csv
16,151,5,medium,medium,94.14278643215108,Java_medium_results.csv
17,19,5,medium,medium,41.13837440497439,Java_medium_results.csv
16,207,5,medium,medium,71.45738679058937,Java_medium_results.csv
16,215,5,medium,medium,59.91006036298339,Java_medium_results.csv
17,20,5,medium,medium,50.225579326589326,Java_medium_results.csv
16,206,5,medium,medium,71.8245335967026,Java_medium_results.csv
17,24,5,medium,medium,50.7240415138368,Java_medium_results.csv
17,42,5,medium,medium,34.63701565132782,Java_medium_results.csv
17,33,5,medium,medium,45.794762177816565,Java_medium_results.csv
17,32,5,medium,medium,46.09480063581865,Java_medium_results.csv
17,25,5,medium,medium,47.95553020684884,Java_medium_results.csv
17,40,5,medium,medium,42.662123786404486,Java_medium_results.csv
17,51,5,medium,medium,40.84589958451315,Java_medium_results.csv
17,53,5,medium,medium,39.94625937876855,Java_medium_results.csv
16,214,5,medium,medium,79.5268816092941,Java_medium_results.csv
17,62,5,medium,medium,38.44058689708043,Java_medium_results.csv
17,57,5,medium,medium,38.67439022694702,Java_medium_results.csv
17,66,5,medium,medium,38.640406250069,Java_medium_results.csv
17,54,5,medium,medium,78.08613433707319,Java_medium_results.csv
17,70,5,medium,medium,36.52338790143133,Java_medium_results.csv
17,61,5,medium,medium,57.11294492706585,Java_medium_results.csv
17,55,5,medium,medium,80.92262776086972,Java_medium_results.csv
17,73,5,medium,medium,53.11208924978564,Java_medium_results.csv
17,81,5,medium,medium,40.89838895271261,Java_medium_results.csv
17,75,5,medium,medium,53.48161311756701,Java_medium_results.csv
17,88,5,medium,medium,35.18315325138818,Java_medium_results.csv
17,91,5,medium,medium,52.25799791346456,Java_medium_results.csv
17,84,5,medium,medium,51.98525176566356,Java_medium_results.csv
17,89,5,medium,medium,54.998589532176375,Java_medium_results.csv
17,83,5,medium,medium,57.682164828877234,Java_medium_results.csv
17,108,5,medium,medium,40.06242465672548,Java_medium_results.csv
17,105,5,medium,medium,39.72743421446312,Java_medium_results.csv
17,97,5,medium,medium,46.29089336157652,Java_medium_results.csv
17,115,5,medium,medium,54.647952650369845,Java_medium_results.csv
17,121,5,medium,medium,45.675015070933526,Java_medium_results.csv
17,143,5,medium,medium,44.14939091752479,Java_medium_results.csv
17,117,5,medium,medium,60.22016826091532,Java_medium_results.csv
17,133,5,medium,medium,40.943187852446414,Java_medium_results.csv
17,135,5,medium,medium,46.20634138076949,Java_medium_results.csv
17,145,5,medium,medium,42.60589380155886,Java_medium_results.csv
17,147,5,medium,medium,37.060689838909845,Java_medium_results.csv
17,142,5,medium,medium,63.58084860962487,Java_medium_results.csv
17,155,5,medium,medium,42.84229866732944,Java_medium_results.csv
17,158,5,medium,medium,55.8975179491522,Java_medium_results.csv
17,168,5,medium,medium,46.565901933365495,Java_medium_results.csv
17,171,5,medium,medium,49.80601905551673,Java_medium_results.csv
17,166,5,medium,medium,51.91981495707307,Java_medium_results.csv
17,192,5,medium,medium,48.60924447131384,Java_medium_results.csv
17,203,5,medium,medium,34.480584375187405,Java_medium_results.csv
17,202,5,medium,medium,48.08102146320895,Java_medium_results.csv
17,169,5,medium,medium,64.08939441144874,Java_medium_results.csv
17,151,5,medium,medium,84.97611978443348,Java_medium_results.csv
17,210,5,medium,medium,38.34021325289557,Java_medium_results.csv
17,215,5,medium,medium,46.37519831216885,Java_medium_results.csv
17,207,5,medium,medium,60.79252664025715,Java_medium_results.csv
17,206,5,medium,medium,62.73087352989713,Java_medium_results.csv
19,24,5,medium,medium,37.02093929587972,Java_medium_results.csv
19,32,5,medium,medium,36.873285878867335,Java_medium_results.csv
19,20,5,medium,medium,40.28586388862587,Java_medium_results.csv
19,25,5,medium,medium,36.759622817058,Java_medium_results.csv
19,33,5,medium,medium,29.92561127976437,Java_medium_results.csv
19,40,5,medium,medium,28.70812467347165,Java_medium_results.csv
19,42,5,medium,medium,17.073057160959955,Java_medium_results.csv
19,51,5,medium,medium,25.094844606927115,Java_medium_results.csv
19,53,5,medium,medium,23.150877332253817,Java_medium_results.csv
17,214,5,medium,medium,71.78257399472704,Java_medium_results.csv
19,62,5,medium,medium,21.61803294733028,Java_medium_results.csv
19,57,5,medium,medium,26.886539845429176,Java_medium_results.csv
19,55,5,medium,medium,74.27085340103827,Java_medium_results.csv
19,54,5,medium,medium,62.889044591437056,Java_medium_results.csv
19,61,5,medium,medium,44.06963314305529,Java_medium_results.csv
19,66,5,medium,medium,21.87279170041352,Java_medium_results.csv
19,70,5,medium,medium,21.933252465435523,Java_medium_results.csv
19,81,5,medium,medium,22.748324057652063,Java_medium_results.csv
19,73,5,medium,medium,38.05247332357106,Java_medium_results.csv
19,75,5,medium,medium,37.08479461429543,Java_medium_results.csv
19,88,5,medium,medium,20.23586183499561,Java_medium_results.csv
19,83,5,medium,medium,43.61606865112245,Java_medium_results.csv
19,84,5,medium,medium,35.41332768737796,Java_medium_results.csv
19,91,5,medium,medium,36.694799545724514,Java_medium_results.csv
19,89,5,medium,medium,40.19955108912398,Java_medium_results.csv
19,105,5,medium,medium,25.98140554552894,Java_medium_results.csv
19,97,5,medium,medium,29.840388255604548,Java_medium_results.csv
19,108,5,medium,medium,23.624350856075942,Java_medium_results.csv
19,121,5,medium,medium,30.81806755421423,Java_medium_results.csv
19,115,5,medium,medium,43.014084974131165,Java_medium_results.csv
19,133,5,medium,medium,29.194148978196232,Java_medium_results.csv
19,117,5,medium,medium,45.2753257369427,Java_medium_results.csv
19,143,5,medium,medium,25.673089363488646,Java_medium_results.csv
19,135,5,medium,medium,33.36575101951575,Java_medium_results.csv
19,142,5,medium,medium,49.0319596439604,Java_medium_results.csv
19,145,5,medium,medium,30.213209434300044,Java_medium_results.csv
19,147,5,medium,medium,24.02221245068291,Java_medium_results.csv
19,155,5,medium,medium,25.765003338112397,Java_medium_results.csv
19,158,5,medium,medium,47.81088668020733,Java_medium_results.csv
19,168,5,medium,medium,32.707495987765945,Java_medium_results.csv
19,166,5,medium,medium,36.60566467168605,Java_medium_results.csv
19,171,5,medium,medium,34.887220306541835,Java_medium_results.csv
19,151,5,medium,medium,77.38989582439049,Java_medium_results.csv
19,169,5,medium,medium,47.61337386700302,Java_medium_results.csv
19,192,5,medium,medium,32.37318380094129,Java_medium_results.csv
19,203,5,medium,medium,16.471682656357554,Java_medium_results.csv
19,202,5,medium,medium,32.50069653190845,Java_medium_results.csv
19,210,5,medium,medium,22.09151134295452,Java_medium_results.csv
19,207,5,medium,medium,46.54427981711995,Java_medium_results.csv
19,215,5,medium,medium,28.59766382677938,Java_medium_results.csv
19,206,5,medium,medium,46.17441893499071,Java_medium_results.csv
20,24,5,medium,medium,48.93077553211428,Java_medium_results.csv
19,214,5,medium,medium,61.17576127147728,Java_medium_results.csv
20,32,5,medium,medium,45.2454728861923,Java_medium_results.csv
20,33,5,medium,medium,43.96693755903643,Java_medium_results.csv
20,42,5,medium,medium,32.156309702721586,Java_medium_results.csv
20,25,5,medium,medium,44.65559024770835,Java_medium_results.csv
20,51,5,medium,medium,38.667597884971634,Java_medium_results.csv
20,40,5,medium,medium,43.26628076327115,Java_medium_results.csv
20,53,5,medium,medium,38.97945331870599,Java_medium_results.csv
20,62,5,medium,medium,35.69995450746913,Java_medium_results.csv
20,57,5,medium,medium,40.97859575473844,Java_medium_results.csv
20,54,5,medium,medium,74.28662152906055,Java_medium_results.csv
20,66,5,medium,medium,37.56032367355504,Java_medium_results.csv
20,70,5,medium,medium,35.14136911218535,Java_medium_results.csv
20,61,5,medium,medium,56.58549384880872,Java_medium_results.csv
20,55,5,medium,medium,82.33328086709662,Java_medium_results.csv
20,81,5,medium,medium,37.88583071225258,Java_medium_results.csv
20,73,5,medium,medium,50.675494189874975,Java_medium_results.csv
20,75,5,medium,medium,51.465981439594266,Java_medium_results.csv
20,88,5,medium,medium,34.30831615859054,Java_medium_results.csv
20,84,5,medium,medium,51.49603064437486,Java_medium_results.csv
20,91,5,medium,medium,48.46534245455529,Java_medium_results.csv
20,83,5,medium,medium,58.305427331345896,Java_medium_results.csv
20,89,5,medium,medium,52.59171265634375,Java_medium_results.csv
20,105,5,medium,medium,38.25046614632612,Java_medium_results.csv
20,108,5,medium,medium,37.99591025215655,Java_medium_results.csv
20,97,5,medium,medium,44.20485261698181,Java_medium_results.csv
20,115,5,medium,medium,52.8819075909928,Java_medium_results.csv
20,121,5,medium,medium,46.220430887951245,Java_medium_results.csv
20,143,5,medium,medium,41.18498633928974,Java_medium_results.csv
20,133,5,medium,medium,41.3492628852063,Java_medium_results.csv
20,117,5,medium,medium,58.60303990601039,Java_medium_results.csv
20,135,5,medium,medium,45.17787932992138,Java_medium_results.csv
20,145,5,medium,medium,40.7586340948104,Java_medium_results.csv
20,147,5,medium,medium,36.04622724317793,Java_medium_results.csv
20,142,5,medium,medium,59.63294622925913,Java_medium_results.csv
20,155,5,medium,medium,40.49146895460378,Java_medium_results.csv
20,158,5,medium,medium,56.73283013374586,Java_medium_results.csv
20,168,5,medium,medium,45.77174240332696,Java_medium_results.csv
20,192,5,medium,medium,45.322908778064985,Java_medium_results.csv
20,171,5,medium,medium,48.3971661230542,Java_medium_results.csv
20,166,5,medium,medium,48.76266143600877,Java_medium_results.csv
20,202,5,medium,medium,45.45326623479567,Java_medium_results.csv
20,169,5,medium,medium,62.28178417680975,Java_medium_results.csv
20,203,5,medium,medium,32.687921806125885,Java_medium_results.csv
20,151,5,medium,medium,85.38593155223913,Java_medium_results.csv
20,210,5,medium,medium,37.01590007359884,Java_medium_results.csv
20,207,5,medium,medium,58.73373923827352,Java_medium_results.csv
20,215,5,medium,medium,44.73225589682679,Java_medium_results.csv
20,206,5,medium,medium,60.425117961263474,Java_medium_results.csv
24,32,5,medium,medium,44.34607045568066,Java_medium_results.csv
24,25,5,medium,medium,47.177296783707526,Java_medium_results.csv
24,33,5,medium,medium,37.842645930388535,Java_medium_results.csv
24,42,5,medium,medium,28.53431522645352,Java_medium_results.csv
24,40,5,medium,medium,42.42424984353768,Java_medium_results.csv
24,51,5,medium,medium,31.57345316705193,Java_medium_results.csv
20,214,5,medium,medium,70.03715810026858,Java_medium_results.csv
24,53,5,medium,medium,37.35931079666396,Java_medium_results.csv
24,62,5,medium,medium,33.421744992322765,Java_medium_results.csv
24,57,5,medium,medium,39.81428511865811,Java_medium_results.csv
24,54,5,medium,medium,66.99529453419133,Java_medium_results.csv
24,66,5,medium,medium,32.59521780669257,Java_medium_results.csv
24,55,5,medium,medium,79.4839012504554,Java_medium_results.csv
24,70,5,medium,medium,33.01389264216844,Java_medium_results.csv
24,61,5,medium,medium,50.29314336761104,Java_medium_results.csv
24,73,5,medium,medium,42.8899327815924,Java_medium_results.csv
24,81,5,medium,medium,32.96284688125799,Java_medium_results.csv
24,75,5,medium,medium,44.63479297605805,Java_medium_results.csv
24,88,5,medium,medium,32.47154383229571,Java_medium_results.csv
24,91,5,medium,medium,39.61919882016732,Java_medium_results.csv
24,84,5,medium,medium,44.59844406287524,Java_medium_results.csv
24,83,5,medium,medium,50.24593102697458,Java_medium_results.csv
24,89,5,medium,medium,43.06723836309947,Java_medium_results.csv
24,97,5,medium,medium,36.85056327413063,Java_medium_results.csv
24,105,5,medium,medium,36.50809696040605,Java_medium_results.csv
24,108,5,medium,medium,33.09930098191916,Java_medium_results.csv
24,121,5,medium,medium,40.52355149382385,Java_medium_results.csv
24,115,5,medium,medium,50.813953838693365,Java_medium_results.csv
24,143,5,medium,medium,34.18137319856341,Java_medium_results.csv
24,117,5,medium,medium,52.26552267963057,Java_medium_results.csv
24,135,5,medium,medium,44.04399332103866,Java_medium_results.csv
24,133,5,medium,medium,39.013683691773934,Java_medium_results.csv
24,145,5,medium,medium,40.36721469692758,Java_medium_results.csv
24,142,5,medium,medium,52.88394003064735,Java_medium_results.csv
24,147,5,medium,medium,34.5383504878985,Java_medium_results.csv
24,155,5,medium,medium,34.29104057225475,Java_medium_results.csv
24,168,5,medium,medium,43.76805618190127,Java_medium_results.csv
24,171,5,medium,medium,39.10639743899261,Java_medium_results.csv
24,158,5,medium,medium,55.32510887765686,Java_medium_results.csv
24,166,5,medium,medium,50.12530341499841,Java_medium_results.csv
24,192,5,medium,medium,43.448170950117046,Java_medium_results.csv
24,169,5,medium,medium,56.43920841543837,Java_medium_results.csv
24,202,5,medium,medium,39.28596546801633,Java_medium_results.csv
24,203,5,medium,medium,30.16859783003812,Java_medium_results.csv
24,151,5,medium,medium,86.42176977114418,Java_medium_results.csv
24,210,5,medium,medium,31.385511712580563,Java_medium_results.csv
24,207,5,medium,medium,46.81683291916717,Java_medium_results.csv
24,215,5,medium,medium,35.985684007970654,Java_medium_results.csv
25,42,5,medium,medium,29.06876759965786,Java_medium_results.csv
24,206,5,medium,medium,51.81152627465028,Java_medium_results.csv
25,33,5,medium,medium,40.4032008524508,Java_medium_results.csv
25,40,5,medium,medium,40.185923797690464,Java_medium_results.csv
25,32,5,medium,medium,41.63933498717948,Java_medium_results.csv
24,214,5,medium,medium,69.41653241307101,Java_medium_results.csv
25,53,5,medium,medium,36.5195312970033,Java_medium_results.csv
25,51,5,medium,medium,36.86302035247368,Java_medium_results.csv
25,62,5,medium,medium,33.00539889041306,Java_medium_results.csv
25,57,5,medium,medium,37.54253996302795,Java_medium_results.csv
25,66,5,medium,medium,33.73956435860007,Java_medium_results.csv
25,54,5,medium,medium,72.64410370447732,Java_medium_results.csv
25,70,5,medium,medium,31.376552924865734,Java_medium_results.csv
25,55,5,medium,medium,80.89675304268283,Java_medium_results.csv
25,61,5,medium,medium,53.80744369129131,Java_medium_results.csv
25,81,5,medium,medium,35.48594895748559,Java_medium_results.csv
25,73,5,medium,medium,48.87366200998287,Java_medium_results.csv
25,75,5,medium,medium,49.34355112529904,Java_medium_results.csv
25,88,5,medium,medium,30.319687722814848,Java_medium_results.csv
25,84,5,medium,medium,47.2465178859448,Java_medium_results.csv
25,91,5,medium,medium,46.75950790587633,Java_medium_results.csv
25,89,5,medium,medium,50.48153663523239,Java_medium_results.csv
25,83,5,medium,medium,54.53572661373062,Java_medium_results.csv
25,105,5,medium,medium,35.40530725574364,Java_medium_results.csv
25,108,5,medium,medium,35.75378645932556,Java_medium_results.csv
25,97,5,medium,medium,41.27814092554247,Java_medium_results.csv
25,115,5,medium,medium,50.08911658433916,Java_medium_results.csv
25,121,5,medium,medium,41.43241035756246,Java_medium_results.csv
25,143,5,medium,medium,38.78877860112556,Java_medium_results.csv
25,117,5,medium,medium,55.69531249490531,Java_medium_results.csv
25,133,5,medium,medium,35.28790932338097,Java_medium_results.csv
25,135,5,medium,medium,40.17239442281863,Java_medium_results.csv
25,142,5,medium,medium,58.84240026800703,Java_medium_results.csv
25,145,5,medium,medium,36.34999347276696,Java_medium_results.csv
25,147,5,medium,medium,32.098173243322506,Java_medium_results.csv
25,155,5,medium,medium,38.452185166779934,Java_medium_results.csv
25,158,5,medium,medium,53.69760224033444,Java_medium_results.csv
25,171,5,medium,medium,44.78905503883177,Java_medium_results.csv
25,168,5,medium,medium,42.41884588416964,Java_medium_results.csv
25,166,5,medium,medium,47.134689482267895,Java_medium_results.csv
25,192,5,medium,medium,42.84933999523055,Java_medium_results.csv
25,203,5,medium,medium,29.90855915383409,Java_medium_results.csv
25,202,5,medium,medium,44.07811266687494,Java_medium_results.csv
25,169,5,medium,medium,60.50681143006182,Java_medium_results.csv
25,151,5,medium,medium,82.75120475808914,Java_medium_results.csv
25,210,5,medium,medium,33.14926469117455,Java_medium_results.csv
32,33,5,medium,medium,40.53060399407217,Java_medium_results.csv
32,42,5,medium,medium,29.102608995190156,Java_medium_results.csv
32,40,5,medium,medium,39.43904212760321,Java_medium_results.csv
25,207,5,medium,medium,57.51649714497808,Java_medium_results.csv
25,215,5,medium,medium,41.98354716756163,Java_medium_results.csv
25,206,5,medium,medium,57.99052738724888,Java_medium_results.csv
32,51,5,medium,medium,35.10768640318969,Java_medium_results.csv
32,53,5,medium,medium,34.54628791695616,Java_medium_results.csv
32,57,5,medium,medium,36.50654744684859,Java_medium_results.csv
25,214,5,medium,medium,66.42548986576415,Java_medium_results.csv
32,62,5,medium,medium,32.52615307631966,Java_medium_results.csv
32,66,5,medium,medium,33.22829862590909,Java_medium_results.csv
32,54,5,medium,medium,71.93893270900713,Java_medium_results.csv
32,55,5,medium,medium,73.13750159959064,Java_medium_results.csv
32,61,5,medium,medium,51.534867664922096,Java_medium_results.csv
32,70,5,medium,medium,31.44712968174781,Java_medium_results.csv
32,81,5,medium,medium,35.41627686691782,Java_medium_results.csv
32,75,5,medium,medium,48.00489811051767,Java_medium_results.csv
32,88,5,medium,medium,30.17384086751781,Java_medium_results.csv
32,73,5,medium,medium,46.94257715652207,Java_medium_results.csv
32,91,5,medium,medium,44.3497793427765,Java_medium_results.csv
32,84,5,medium,medium,45.62930097484639,Java_medium_results.csv
32,89,5,medium,medium,49.65223185225749,Java_medium_results.csv
32,83,5,medium,medium,53.21546123035621,Java_medium_results.csv
32,97,5,medium,medium,40.54934674584506,Java_medium_results.csv
32,105,5,medium,medium,35.90512125254314,Java_medium_results.csv
32,108,5,medium,medium,35.906762435110764,Java_medium_results.csv
32,115,5,medium,medium,49.0793575769457,Java_medium_results.csv
32,121,5,medium,medium,41.00300815625718,Java_medium_results.csv
32,143,5,medium,medium,38.08374375818191,Java_medium_results.csv
32,133,5,medium,medium,36.39483023024325,Java_medium_results.csv
32,117,5,medium,medium,55.43612218380381,Java_medium_results.csv
32,135,5,medium,medium,40.81658218474532,Java_medium_results.csv
32,145,5,medium,medium,36.61116173635259,Java_medium_results.csv
32,142,5,medium,medium,58.02327454879327,Java_medium_results.csv
32,147,5,medium,medium,31.916804037478567,Java_medium_results.csv
32,155,5,medium,medium,37.05310197108526,Java_medium_results.csv
32,158,5,medium,medium,51.3961538734435,Java_medium_results.csv
32,168,5,medium,medium,42.50152827797236,Java_medium_results.csv
32,166,5,medium,medium,48.173763541241264,Java_medium_results.csv
32,171,5,medium,medium,44.22859477905264,Java_medium_results.csv
32,192,5,medium,medium,41.5059965979235,Java_medium_results.csv
32,169,5,medium,medium,58.62490602169962,Java_medium_results.csv
32,203,5,medium,medium,29.95946100436881,Java_medium_results.csv
32,202,5,medium,medium,43.32466733535746,Java_medium_results.csv
32,151,5,medium,medium,82.1906580279143,Java_medium_results.csv
32,210,5,medium,medium,31.8920143108947,Java_medium_results.csv
33,42,5,medium,medium,19.05584009520789,Java_medium_results.csv
32,207,5,medium,medium,56.57233610772586,Java_medium_results.csv
33,40,5,medium,medium,35.49352001897196,Java_medium_results.csv
33,51,5,medium,medium,28.224605333689134,Java_medium_results.csv
32,215,5,medium,medium,41.789916513750434,Java_medium_results.csv
32,206,5,medium,medium,56.42788746257063,Java_medium_results.csv
33,53,5,medium,medium,30.30786615214503,Java_medium_results.csv
33,62,5,medium,medium,25.946960463504087,Java_medium_results.csv
33,54,5,medium,medium,59.88334257612669,Java_medium_results.csv
33,66,5,medium,medium,24.708027071831623,Java_medium_results.csv
33,70,5,medium,medium,26.103372492914463,Java_medium_results.csv
33,57,5,medium,medium,31.493372454543174,Java_medium_results.csv
32,214,5,medium,medium,64.18424669116828,Java_medium_results.csv
33,55,5,medium,medium,77.165730243354,Java_medium_results.csv
33,61,5,medium,medium,43.935583625891695,Java_medium_results.csv
33,81,5,medium,medium,27.112454262228383,Java_medium_results.csv
33,75,5,medium,medium,37.90069821728895,Java_medium_results.csv
33,88,5,medium,medium,23.847761765801827,Java_medium_results.csv
33,73,5,medium,medium,39.57251920956922,Java_medium_results.csv
33,91,5,medium,medium,37.04660730728841,Java_medium_results.csv
33,84,5,medium,medium,39.38022321146581,Java_medium_results.csv
33,89,5,medium,medium,41.48037961671733,Java_medium_results.csv
33,83,5,medium,medium,43.54877577900231,Java_medium_results.csv
33,105,5,medium,medium,30.99846395652993,Java_medium_results.csv
33,97,5,medium,medium,33.12842266433718,Java_medium_results.csv
33,108,5,medium,medium,25.857383024436217,Java_medium_results.csv
33,115,5,medium,medium,45.87830203015132,Java_medium_results.csv
33,121,5,medium,medium,32.57493503735472,Java_medium_results.csv
33,117,5,medium,medium,46.633194909670806,Java_medium_results.csv
33,133,5,medium,medium,34.26464452232356,Java_medium_results.csv
33,135,5,medium,medium,36.543215013464525,Java_medium_results.csv
33,143,5,medium,medium,28.772128106808218,Java_medium_results.csv
33,145,5,medium,medium,35.00065236772493,Java_medium_results.csv
33,142,5,medium,medium,49.202721837142256,Java_medium_results.csv
33,147,5,medium,medium,27.83887019017305,Java_medium_results.csv
33,155,5,medium,medium,28.202339582358675,Java_medium_results.csv
33,158,5,medium,medium,51.04640114044378,Java_medium_results.csv
33,166,5,medium,medium,42.37099687742787,Java_medium_results.csv
33,168,5,medium,medium,37.269118519242255,Java_medium_results.csv
33,171,5,medium,medium,36.47664836230072,Java_medium_results.csv
33,192,5,medium,medium,35.96662047476345,Java_medium_results.csv
33,151,5,medium,medium,80.3442483818849,Java_medium_results.csv
33,203,5,medium,medium,21.552935676532893,Java_medium_results.csv
33,169,5,medium,medium,50.33687277864932,Java_medium_results.csv
33,202,5,medium,medium,35.24999275029962,Java_medium_results.csv
33,210,5,medium,medium,25.43551358817589,Java_medium_results.csv
40,42,5,medium,medium,23.16494481789807,Java_medium_results.csv
33,207,5,medium,medium,47.77135428073213,Java_medium_results.csv
40,53,5,medium,medium,29.29054021066216,Java_medium_results.csv
33,215,5,medium,medium,30.05166086505541,Java_medium_results.csv
33,206,5,medium,medium,49.72095759793776,Java_medium_results.csv
40,51,5,medium,medium,31.19258461244952,Java_medium_results.csv
33,214,5,medium,medium,63.16774363472661,Java_medium_results.csv
40,62,5,medium,medium,27.65775449842068,Java_medium_results.csv
40,66,5,medium,medium,27.71533236140732,Java_medium_results.csv
40,54,5,medium,medium,67.87880844699653,Java_medium_results.csv
40,57,5,medium,medium,30.278109807644142,Java_medium_results.csv
40,70,5,medium,medium,27.316250150621567,Java_medium_results.csv
40,55,5,medium,medium,77.40919804605998,Java_medium_results.csv
40,61,5,medium,medium,48.89908618737288,Java_medium_results.csv
40,81,5,medium,medium,29.48127717764345,Java_medium_results.csv
40,88,5,medium,medium,25.862800911856635,Java_medium_results.csv
40,75,5,medium,medium,43.53900130938873,Java_medium_results.csv
40,73,5,medium,medium,44.18643121969351,Java_medium_results.csv
40,84,5,medium,medium,41.523351287666,Java_medium_results.csv
40,91,5,medium,medium,41.87122716582584,Java_medium_results.csv
40,83,5,medium,medium,49.57269037374052,Java_medium_results.csv
40,89,5,medium,medium,45.64262473955439,Java_medium_results.csv
40,108,5,medium,medium,29.827947036604947,Java_medium_results.csv
40,105,5,medium,medium,31.491143922231664,Java_medium_results.csv
40,97,5,medium,medium,36.85224731061686,Java_medium_results.csv
40,121,5,medium,medium,36.3646771686694,Java_medium_results.csv
40,115,5,medium,medium,47.35672139380184,Java_medium_results.csv
40,117,5,medium,medium,50.60490935727552,Java_medium_results.csv
40,143,5,medium,medium,32.87151805141825,Java_medium_results.csv
40,135,5,medium,medium,37.12964327854829,Java_medium_results.csv
40,133,5,medium,medium,33.4712805436383,Java_medium_results.csv
40,145,5,medium,medium,34.12141435115735,Java_medium_results.csv
40,142,5,medium,medium,54.82479737022326,Java_medium_results.csv
40,147,5,medium,medium,28.786152883777014,Java_medium_results.csv
40,155,5,medium,medium,32.377919620064844,Java_medium_results.csv
40,158,5,medium,medium,51.77338156997214,Java_medium_results.csv
40,168,5,medium,medium,37.59859606152117,Java_medium_results.csv
40,166,5,medium,medium,41.06513906601848,Java_medium_results.csv
40,171,5,medium,medium,40.5408891026623,Java_medium_results.csv
40,192,5,medium,medium,36.82932537952605,Java_medium_results.csv
40,169,5,medium,medium,54.596928031447234,Java_medium_results.csv
40,151,5,medium,medium,80.77529915632032,Java_medium_results.csv
40,203,5,medium,medium,22.053470225007207,Java_medium_results.csv
40,202,5,medium,medium,38.571322142174616,Java_medium_results.csv
40,210,5,medium,medium,27.624719753308305,Java_medium_results.csv
42,51,5,medium,medium,15.374545196222735,Java_medium_results.csv
42,53,5,medium,medium,16.785633512057263,Java_medium_results.csv
40,207,5,medium,medium,52.93953726725744,Java_medium_results.csv
40,206,5,medium,medium,53.71401971124909,Java_medium_results.csv
42,54,5,medium,medium,53.32439427766389,Java_medium_results.csv
40,215,5,medium,medium,36.15530003733152,Java_medium_results.csv
42,55,5,medium,medium,68.3239048528614,Java_medium_results.csv
42,57,5,medium,medium,18.96922348061108,Java_medium_results.csv
42,62,5,medium,medium,12.288577611807993,Java_medium_results.csv
42,61,5,medium,medium,35.13145284188686,Java_medium_results.csv
42,70,5,medium,medium,12.143968727042068,Java_medium_results.csv
42,66,5,medium,medium,11.336053407823188,Java_medium_results.csv
42,73,5,medium,medium,29.48021192275702,Java_medium_results.csv
40,214,5,medium,medium,63.74453503322928,Java_medium_results.csv
42,75,5,medium,medium,28.5640523157114,Java_medium_results.csv
42,81,5,medium,medium,14.090586383288189,Java_medium_results.csv
42,88,5,medium,medium,10.57265413620549,Java_medium_results.csv
42,84,5,medium,medium,27.99031008237739,Java_medium_results.csv
42,83,5,medium,medium,35.357933110777296,Java_medium_results.csv
42,89,5,medium,medium,31.252747970728883,Java_medium_results.csv
42,91,5,medium,medium,27.007496534964183,Java_medium_results.csv
42,97,5,medium,medium,21.63642667699365,Java_medium_results.csv
42,108,5,medium,medium,14.007089225782734,Java_medium_results.csv
42,105,5,medium,medium,17.818016923261737,Java_medium_results.csv
42,121,5,medium,medium,23.0197356383148,Java_medium_results.csv
42,115,5,medium,medium,35.65355361624554,Java_medium_results.csv
42,117,5,medium,medium,37.48959119043433,Java_medium_results.csv
42,133,5,medium,medium,21.24068435990704,Java_medium_results.csv
42,143,5,medium,medium,16.55425215278627,Java_medium_results.csv
42,135,5,medium,medium,24.732012387363262,Java_medium_results.csv
42,142,5,medium,medium,40.99250276602046,Java_medium_results.csv
42,145,5,medium,medium,22.025654490377537,Java_medium_results.csv
42,147,5,medium,medium,14.457912479213332,Java_medium_results.csv
42,155,5,medium,medium,16.730098986263773,Java_medium_results.csv
42,158,5,medium,medium,41.95643888665469,Java_medium_results.csv
42,151,5,medium,medium,72.06055003109084,Java_medium_results.csv
42,168,5,medium,medium,25.05520551224081,Java_medium_results.csv
42,166,5,medium,medium,29.515428636128163,Java_medium_results.csv
42,169,5,medium,medium,40.91337621248,Java_medium_results.csv
42,171,5,medium,medium,25.523998025973206,Java_medium_results.csv
42,192,5,medium,medium,25.23740471023092,Java_medium_results.csv
42,202,5,medium,medium,23.003488316951994,Java_medium_results.csv
42,203,5,medium,medium,7.260452596908316,Java_medium_results.csv
42,210,5,medium,medium,12.124157038971084,Java_medium_results.csv
42,207,5,medium,medium,37.76988870683567,Java_medium_results.csv
42,206,5,medium,medium,39.33804612085302,Java_medium_results.csv
42,215,5,medium,medium,19.21422244376176,Java_medium_results.csv
42,214,5,medium,medium,53.1622102319028,Java_medium_results.csv
51,62,5,medium,medium,21.684576918623325,Java_medium_results.csv
51,66,5,medium,medium,19.817857684912862,Java_medium_results.csv
51,53,5,medium,medium,25.74713017801866,Java_medium_results.csv
51,57,5,medium,medium,27.74047131273052,Java_medium_results.csv
51,70,5,medium,medium,21.89550669828998,Java_medium_results.csv
51,54,5,medium,medium,59.599285639976415,Java_medium_results.csv
51,55,5,medium,medium,71.64585375781776,Java_medium_results.csv
51,61,5,medium,medium,40.21358271812823,Java_medium_results.csv
51,81,5,medium,medium,21.92139136210217,Java_medium_results.csv
51,75,5,medium,medium,34.59586990502306,Java_medium_results.csv
51,73,5,medium,medium,34.7463726343447,Java_medium_results.csv
51,88,5,medium,medium,20.56983183943145,Java_medium_results.csv
51,91,5,medium,medium,33.86633953700227,Java_medium_results.csv
51,84,5,medium,medium,33.346404060181804,Java_medium_results.csv
51,83,5,medium,medium,41.08845533746536,Java_medium_results.csv
51,89,5,medium,medium,36.27537339054168,Java_medium_results.csv
51,97,5,medium,medium,26.52600988340321,Java_medium_results.csv
51,105,5,medium,medium,25.98720444898096,Java_medium_results.csv
51,108,5,medium,medium,21.48356361523284,Java_medium_results.csv
51,121,5,medium,medium,30.154413246446342,Java_medium_results.csv
51,115,5,medium,medium,40.608776439128505,Java_medium_results.csv
51,117,5,medium,medium,43.19436608814218,Java_medium_results.csv
51,143,5,medium,medium,24.080564237708984,Java_medium_results.csv
51,133,5,medium,medium,27.96188257484515,Java_medium_results.csv
51,135,5,medium,medium,32.15334592717197,Java_medium_results.csv
51,145,5,medium,medium,29.693577865300256,Java_medium_results.csv
51,142,5,medium,medium,45.04258112157665,Java_medium_results.csv
51,147,5,medium,medium,22.972976839848837,Java_medium_results.csv
51,155,5,medium,medium,23.37627422633684,Java_medium_results.csv
51,158,5,medium,medium,47.11387715577854,Java_medium_results.csv
51,168,5,medium,medium,32.634337724240055,Java_medium_results.csv
51,166,5,medium,medium,38.39471077158796,Java_medium_results.csv
51,171,5,medium,medium,31.386496080619445,Java_medium_results.csv
51,169,5,medium,medium,46.75649026941966,Java_medium_results.csv
51,151,5,medium,medium,76.93646568549325,Java_medium_results.csv
51,192,5,medium,medium,33.24277169412968,Java_medium_results.csv
51,202,5,medium,medium,30.06125809955938,Java_medium_results.csv
51,203,5,medium,medium,16.872246154626065,Java_medium_results.csv
51,210,5,medium,medium,19.349444345451595,Java_medium_results.csv
51,207,5,medium,medium,41.91747568162706,Java_medium_results.csv
51,215,5,medium,medium,25.93812443695989,Java_medium_results.csv
51,206,5,medium,medium,42.47843641387004,Java_medium_results.csv
53,54,5,medium,medium,63.480316011247005,Java_medium_results.csv
53,57,5,medium,medium,25.31996869086468,Java_medium_results.csv
53,55,5,medium,medium,72.21791481186803,Java_medium_results.csv
53,62,5,medium,medium,20.320558119416045,Java_medium_results.csv
51,214,5,medium,medium,59.38857125692429,Java_medium_results.csv
53,66,5,medium,medium,21.992156925746603,Java_medium_results.csv
53,70,5,medium,medium,20.44964642264968,Java_medium_results.csv
53,61,5,medium,medium,43.89870606213862,Java_medium_results.csv
53,75,5,medium,medium,37.93188400362979,Java_medium_results.csv
53,81,5,medium,medium,24.347884200138942,Java_medium_results.csv
53,73,5,medium,medium,38.8444225429726,Java_medium_results.csv
53,88,5,medium,medium,18.52921399650289,Java_medium_results.csv
53,83,5,medium,medium,45.09277299852556,Java_medium_results.csv
53,89,5,medium,medium,40.91179028143955,Java_medium_results.csv
53,84,5,medium,medium,37.308678212409234,Java_medium_results.csv
53,91,5,medium,medium,36.73647034857223,Java_medium_results.csv
53,105,5,medium,medium,25.39975808062777,Java_medium_results.csv
53,108,5,medium,medium,24.14044925073017,Java_medium_results.csv
53,97,5,medium,medium,30.961963620111327,Java_medium_results.csv
53,121,5,medium,medium,32.239386360136635,Java_medium_results.csv
53,115,5,medium,medium,42.48348389915467,Java_medium_results.csv
53,117,5,medium,medium,46.35297006579456,Java_medium_results.csv
53,133,5,medium,medium,29.081536918982767,Java_medium_results.csv
53,143,5,medium,medium,28.234333423073306,Java_medium_results.csv
53,135,5,medium,medium,32.71846841559432,Java_medium_results.csv
53,142,5,medium,medium,50.3323728513551,Java_medium_results.csv
53,145,5,medium,medium,28.380980879401868,Java_medium_results.csv
53,147,5,medium,medium,22.97573961128443,Java_medium_results.csv
53,155,5,medium,medium,26.830062274603726,Java_medium_results.csv
53,158,5,medium,medium,46.32693532118756,Java_medium_results.csv
53,171,5,medium,medium,35.40183718483106,Java_medium_results.csv
53,168,5,medium,medium,32.413435147218,Java_medium_results.csv
53,166,5,medium,medium,35.83267812270511,Java_medium_results.csv
53,169,5,medium,medium,49.81920610954217,Java_medium_results.csv
53,151,5,medium,medium,77.16776181599431,Java_medium_results.csv
53,192,5,medium,medium,31.85894953071088,Java_medium_results.csv
53,203,5,medium,medium,16.16801197641137,Java_medium_results.csv
53,202,5,medium,medium,31.874599773678646,Java_medium_results.csv
53,210,5,medium,medium,22.186356772116696,Java_medium_results.csv
53,207,5,medium,medium,48.04003623925478,Java_medium_results.csv
53,215,5,medium,medium,30.16713667840012,Java_medium_results.csv
53,206,5,medium,medium,49.34779737178931,Java_medium_results.csv
53,214,5,medium,medium,60.69658834532172,Java_medium_results.csv
54,57,5,medium,medium,65.47436193709714,Java_medium_results.csv
54,62,5,medium,medium,58.962191546370526,Java_medium_results.csv
54,66,5,medium,medium,57.06555018064671,Java_medium_results.csv
54,70,5,medium,medium,59.76097562939911,Java_medium_results.csv
54,55,5,medium,medium,106.76314611885982,Java_medium_results.csv
54,61,5,medium,medium,73.98126343985018,Java_medium_results.csv
54,73,5,medium,medium,69.85458296277464,Java_medium_results.csv
54,81,5,medium,medium,58.07921685903432,Java_medium_results.csv
54,75,5,medium,medium,67.60192347318251,Java_medium_results.csv
54,88,5,medium,medium,57.96942209510504,Java_medium_results.csv
54,91,5,medium,medium,68.21736170467385,Java_medium_results.csv
54,84,5,medium,medium,71.47162775272368,Java_medium_results.csv
54,89,5,medium,medium,69.31625353191086,Java_medium_results.csv
54,83,5,medium,medium,73.52890062241094,Java_medium_results.csv
54,97,5,medium,medium,64.55628179118683,Java_medium_results.csv
54,105,5,medium,medium,62.79906904322112,Java_medium_results.csv
54,108,5,medium,medium,57.37298916169089,Java_medium_results.csv
54,115,5,medium,medium,77.11766992961326,Java_medium_results.csv
54,121,5,medium,medium,64.32711102159996,Java_medium_results.csv
54,143,5,medium,medium,60.61974283037488,Java_medium_results.csv
54,117,5,medium,medium,76.67261903064983,Java_medium_results.csv
54,133,5,medium,medium,66.74251020295199,Java_medium_results.csv
54,135,5,medium,medium,68.9782722775065,Java_medium_results.csv
54,145,5,medium,medium,67.33156626572925,Java_medium_results.csv
54,142,5,medium,medium,79.61777218235892,Java_medium_results.csv
54,147,5,medium,medium,60.721577513022645,Java_medium_results.csv
54,155,5,medium,medium,60.3830404984156,Java_medium_results.csv
54,158,5,medium,medium,81.147218864843,Java_medium_results.csv
54,171,5,medium,medium,66.93560914235508,Java_medium_results.csv
54,168,5,medium,medium,68.93221369288798,Java_medium_results.csv
54,166,5,medium,medium,73.51695220057645,Java_medium_results.csv
54,192,5,medium,medium,67.49483109398606,Java_medium_results.csv
54,169,5,medium,medium,79.57834492360165,Java_medium_results.csv
54,203,5,medium,medium,54.78668997720767,Java_medium_results.csv
54,202,5,medium,medium,64.42449712538797,Java_medium_results.csv
54,151,5,medium,medium,112.5174888375594,Java_medium_results.csv
54,210,5,medium,medium,58.45969634264184,Java_medium_results.csv
54,207,5,medium,medium,74.7887680356471,Java_medium_results.csv
54,215,5,medium,medium,61.27238520007155,Java_medium_results.csv
54,206,5,medium,medium,80.02338665357902,Java_medium_results.csv
55,57,5,medium,medium,73.81911993204832,Java_medium_results.csv
55,62,5,medium,medium,71.22879246338844,Java_medium_results.csv
55,66,5,medium,medium,71.26026890016887,Java_medium_results.csv
55,61,5,medium,medium,87.06142629885984,Java_medium_results.csv
55,70,5,medium,medium,69.54574214596563,Java_medium_results.csv
54,214,5,medium,medium,93.69983449037971,Java_medium_results.csv
55,81,5,medium,medium,73.48687438158834,Java_medium_results.csv
55,75,5,medium,medium,84.79705338856174,Java_medium_results.csv
55,73,5,medium,medium,83.9938190575272,Java_medium_results.csv
55,88,5,medium,medium,69.31808401111448,Java_medium_results.csv
55,91,5,medium,medium,78.71419083759227,Java_medium_results.csv
55,84,5,medium,medium,81.21100592061627,Java_medium_results.csv
55,83,5,medium,medium,88.81102625699836,Java_medium_results.csv
55,89,5,medium,medium,84.4759808228177,Java_medium_results.csv
55,105,5,medium,medium,74.45994677267636,Java_medium_results.csv
55,97,5,medium,medium,77.03564114848473,Java_medium_results.csv
55,108,5,medium,medium,74.37016286757574,Java_medium_results.csv
55,121,5,medium,medium,77.00377352527344,Java_medium_results.csv
55,143,5,medium,medium,73.4425331021773,Java_medium_results.csv
55,115,5,medium,medium,82.52822243633968,Java_medium_results.csv
55,133,5,medium,medium,75.10629002868262,Java_medium_results.csv
55,117,5,medium,medium,88.49404661432196,Java_medium_results.csv
55,135,5,medium,medium,77.01546891845798,Java_medium_results.csv
55,145,5,medium,medium,75.3994796394738,Java_medium_results.csv
55,147,5,medium,medium,69.82002584223453,Java_medium_results.csv
55,142,5,medium,medium,93.6521912408486,Java_medium_results.csv
55,155,5,medium,medium,74.34084134364794,Java_medium_results.csv
55,168,5,medium,medium,78.4855154657531,Java_medium_results.csv
55,171,5,medium,medium,80.77271974837184,Java_medium_results.csv
55,158,5,medium,medium,82.39767730485104,Java_medium_results.csv
55,166,5,medium,medium,87.26555358303929,Java_medium_results.csv
55,192,5,medium,medium,76.22506870930033,Java_medium_results.csv
55,202,5,medium,medium,80.18801984705034,Java_medium_results.csv
55,169,5,medium,medium,93.61378948323691,Java_medium_results.csv
55,203,5,medium,medium,68.67505642622939,Java_medium_results.csv
55,210,5,medium,medium,71.02528896407645,Java_medium_results.csv
55,151,5,medium,medium,117.0904399631724,Java_medium_results.csv
57,62,5,medium,medium,24.52153511468895,Java_medium_results.csv
57,61,5,medium,medium,44.110347410008906,Java_medium_results.csv
55,215,5,medium,medium,79.71970547824613,Java_medium_results.csv
55,207,5,medium,medium,91.64123327062242,Java_medium_results.csv
57,66,5,medium,medium,23.87225592633085,Java_medium_results.csv
57,70,5,medium,medium,21.72867975938431,Java_medium_results.csv
55,206,5,medium,medium,90.39765012202156,Java_medium_results.csv
57,73,5,medium,medium,39.59998548649832,Java_medium_results.csv
57,81,5,medium,medium,26.334593229955768,Java_medium_results.csv
57,75,5,medium,medium,40.42448714127512,Java_medium_results.csv
57,88,5,medium,medium,19.715556607186,Java_medium_results.csv
57,84,5,medium,medium,38.39106448698888,Java_medium_results.csv
57,89,5,medium,medium,43.286244161308026,Java_medium_results.csv
57,83,5,medium,medium,44.55835112289984,Java_medium_results.csv
55,214,5,medium,medium,96.63432359701198,Java_medium_results.csv
57,91,5,medium,medium,39.68417129274839,Java_medium_results.csv
57,105,5,medium,medium,27.88128790314102,Java_medium_results.csv
57,97,5,medium,medium,33.2021093533387,Java_medium_results.csv
57,108,5,medium,medium,25.35634826392085,Java_medium_results.csv
57,121,5,medium,medium,33.45452933654267,Java_medium_results.csv
57,117,5,medium,medium,47.116443621189255,Java_medium_results.csv
57,115,5,medium,medium,43.381044945811645,Java_medium_results.csv
57,143,5,medium,medium,30.15156369147332,Java_medium_results.csv
57,133,5,medium,medium,29.078219897072188,Java_medium_results.csv
57,135,5,medium,medium,33.817628554617926,Java_medium_results.csv
57,145,5,medium,medium,31.1175912797949,Java_medium_results.csv
57,142,5,medium,medium,51.22550973489696,Java_medium_results.csv
57,147,5,medium,medium,24.35246411714167,Java_medium_results.csv
57,155,5,medium,medium,28.644019439028277,Java_medium_results.csv
57,158,5,medium,medium,47.70162548109645,Java_medium_results.csv
57,171,5,medium,medium,37.38879537400523,Java_medium_results.csv
57,166,5,medium,medium,37.91494821660794,Java_medium_results.csv
57,168,5,medium,medium,32.011538191866954,Java_medium_results.csv
57,192,5,medium,medium,36.35067434908291,Java_medium_results.csv
57,169,5,medium,medium,51.135719491898726,Java_medium_results.csv
57,203,5,medium,medium,19.17304372102102,Java_medium_results.csv
57,202,5,medium,medium,34.46229653917261,Java_medium_results.csv
57,151,5,medium,medium,75.4119962492048,Java_medium_results.csv
57,210,5,medium,medium,24.36943095467953,Java_medium_results.csv
57,207,5,medium,medium,49.26234081352403,Java_medium_results.csv
57,215,5,medium,medium,32.573418344574826,Java_medium_results.csv
57,206,5,medium,medium,48.99563906160937,Java_medium_results.csv
61,66,5,medium,medium,39.0422908725748,Java_medium_results.csv
57,214,5,medium,medium,58.55709829042698,Java_medium_results.csv
61,62,5,medium,medium,40.662257761876695,Java_medium_results.csv
61,70,5,medium,medium,39.59270332813962,Java_medium_results.csv
61,81,5,medium,medium,41.636245207324485,Java_medium_results.csv
61,75,5,medium,medium,52.45705843030787,Java_medium_results.csv
61,73,5,medium,medium,51.64064087974389,Java_medium_results.csv
61,88,5,medium,medium,38.34726301459048,Java_medium_results.csv
61,91,5,medium,medium,50.73953233807496,Java_medium_results.csv
61,89,5,medium,medium,53.14770977906753,Java_medium_results.csv
61,84,5,medium,medium,51.48848276601997,Java_medium_results.csv
61,83,5,medium,medium,55.31254925795515,Java_medium_results.csv
61,97,5,medium,medium,45.06258529405286,Java_medium_results.csv
61,105,5,medium,medium,43.87784048635803,Java_medium_results.csv
61,108,5,medium,medium,39.80527971773876,Java_medium_results.csv
61,143,5,medium,medium,42.80764756843793,Java_medium_results.csv
61,115,5,medium,medium,57.8355440016293,Java_medium_results.csv
61,121,5,medium,medium,46.71450790159136,Java_medium_results.csv
61,117,5,medium,medium,59.026875061250834,Java_medium_results.csv
61,135,5,medium,medium,49.65369736911816,Java_medium_results.csv
61,133,5,medium,medium,46.13719381204913,Java_medium_results.csv
61,145,5,medium,medium,47.92046082395528,Java_medium_results.csv
61,147,5,medium,medium,40.79777490489021,Java_medium_results.csv
61,142,5,medium,medium,60.85194127921523,Java_medium_results.csv
61,155,5,medium,medium,41.20594946450794,Java_medium_results.csv
61,158,5,medium,medium,61.44373868161187,Java_medium_results.csv
61,168,5,medium,medium,50.48669351368559,Java_medium_results.csv
61,171,5,medium,medium,48.60792775890638,Java_medium_results.csv
61,192,5,medium,medium,50.783127788172365,Java_medium_results.csv
61,166,5,medium,medium,56.08438437041328,Java_medium_results.csv
61,169,5,medium,medium,63.21994546412122,Java_medium_results.csv
61,202,5,medium,medium,48.52851209780708,Java_medium_results.csv
61,203,5,medium,medium,36.9238117623797,Java_medium_results.csv
61,151,5,medium,medium,91.50051733401187,Java_medium_results.csv
62,66,5,medium,medium,18.205754417594203,Java_medium_results.csv
62,70,5,medium,medium,18.131057524846668,Java_medium_results.csv
61,210,5,medium,medium,38.72074817626605,Java_medium_results.csv
61,207,5,medium,medium,58.3373757217655,Java_medium_results.csv
62,73,5,medium,medium,34.58479637447009,Java_medium_results.csv
61,215,5,medium,medium,44.17157538926983,Java_medium_results.csv
62,75,5,medium,medium,34.14259438130751,Java_medium_results.csv
62,81,5,medium,medium,20.12905786455405,Java_medium_results.csv
61,206,5,medium,medium,61.36430712202867,Java_medium_results.csv
62,83,5,medium,medium,41.33464126025461,Java_medium_results.csv
62,84,5,medium,medium,34.28428856792203,Java_medium_results.csv
62,88,5,medium,medium,15.99600223417925,Java_medium_results.csv
62,91,5,medium,medium,32.93130970076316,Java_medium_results.csv
62,97,5,medium,medium,27.297849438252623,Java_medium_results.csv
62,89,5,medium,medium,36.613504840667,Java_medium_results.csv
62,108,5,medium,medium,20.04420307726992,Java_medium_results.csv
62,105,5,medium,medium,22.08220958851091,Java_medium_results.csv
61,214,5,medium,medium,72.10451381054305,Java_medium_results.csv
62,121,5,medium,medium,29.115763614924983,Java_medium_results.csv
62,117,5,medium,medium,42.64272860506164,Java_medium_results.csv
62,115,5,medium,medium,39.91232947712757,Java_medium_results.csv
62,133,5,medium,medium,25.92828299212689,Java_medium_results.csv
62,143,5,medium,medium,23.46992295206955,Java_medium_results.csv
62,135,5,medium,medium,29.864971738998776,Java_medium_results.csv
62,147,5,medium,medium,19.75356061416172,Java_medium_results.csv
62,142,5,medium,medium,46.36151021034946,Java_medium_results.csv
62,145,5,medium,medium,26.26572975041313,Java_medium_results.csv
62,155,5,medium,medium,21.66622054505571,Java_medium_results.csv
62,168,5,medium,medium,29.58291604965596,Java_medium_results.csv
62,158,5,medium,medium,44.25937703651029,Java_medium_results.csv
62,166,5,medium,medium,32.864048745819574,Java_medium_results.csv
62,151,5,medium,medium,75.26474537679287,Java_medium_results.csv
62,171,5,medium,medium,30.77051198947368,Java_medium_results.csv
62,192,5,medium,medium,28.58844775508652,Java_medium_results.csv
62,169,5,medium,medium,46.03023755231506,Java_medium_results.csv
62,202,5,medium,medium,27.99657880272332,Java_medium_results.csv
62,203,5,medium,medium,12.790876648294564,Java_medium_results.csv
62,207,5,medium,medium,43.4958261593691,Java_medium_results.csv
62,210,5,medium,medium,18.829114526908125,Java_medium_results.csv
62,206,5,medium,medium,44.917811236937325,Java_medium_results.csv
62,215,5,medium,medium,25.777347531858265,Java_medium_results.csv
66,70,5,medium,medium,18.2411314306289,Java_medium_results.csv
66,75,5,medium,medium,32.51662653248141,Java_medium_results.csv
66,73,5,medium,medium,33.64427920873656,Java_medium_results.csv
62,214,5,medium,medium,56.77008310250122,Java_medium_results.csv
66,81,5,medium,medium,19.160646809603893,Java_medium_results.csv
66,88,5,medium,medium,16.6500574562761,Java_medium_results.csv
66,89,5,medium,medium,35.23881529685591,Java_medium_results.csv
66,84,5,medium,medium,31.751206293370164,Java_medium_results.csv
66,83,5,medium,medium,38.424648699926905,Java_medium_results.csv
66,91,5,medium,medium,32.43844092830309,Java_medium_results.csv
66,97,5,medium,medium,25.315440429124557,Java_medium_results.csv
66,105,5,medium,medium,22.112157838870804,Java_medium_results.csv
66,108,5,medium,medium,19.635712885100347,Java_medium_results.csv
66,115,5,medium,medium,38.4877283605944,Java_medium_results.csv
66,121,5,medium,medium,26.36066404891247,Java_medium_results.csv
66,117,5,medium,medium,40.547740912909454,Java_medium_results.csv
66,133,5,medium,medium,26.275530604403603,Java_medium_results.csv
66,135,5,medium,medium,28.64953346938737,Java_medium_results.csv
66,143,5,medium,medium,21.67137891152137,Java_medium_results.csv
66,145,5,medium,medium,26.338451255986435,Java_medium_results.csv
66,142,5,medium,medium,45.11643406185462,Java_medium_results.csv
66,147,5,medium,medium,19.708302477466827,Java_medium_results.csv
66,155,5,medium,medium,20.695131645316515,Java_medium_results.csv
66,158,5,medium,medium,45.90691945828431,Java_medium_results.csv
66,166,5,medium,medium,35.13313457748531,Java_medium_results.csv
66,168,5,medium,medium,29.84114428513874,Java_medium_results.csv
66,169,5,medium,medium,44.11529770698327,Java_medium_results.csv
66,171,5,medium,medium,29.796800559690546,Java_medium_results.csv
66,151,5,medium,medium,74.59766555802412,Java_medium_results.csv
66,192,5,medium,medium,30.394356923823917,Java_medium_results.csv
66,202,5,medium,medium,27.80165144541441,Java_medium_results.csv
66,203,5,medium,medium,12.70750231132937,Java_medium_results.csv
66,210,5,medium,medium,17.001987624408436,Java_medium_results.csv
66,207,5,medium,medium,41.7208098272116,Java_medium_results.csv
66,215,5,medium,medium,24.18450277499513,Java_medium_results.csv
66,206,5,medium,medium,42.179987761929056,Java_medium_results.csv
70,75,5,medium,medium,33.89263453597659,Java_medium_results.csv
70,81,5,medium,medium,20.38102752864887,Java_medium_results.csv
66,214,5,medium,medium,57.85200189657005,Java_medium_results.csv
70,73,5,medium,medium,34.39759470373282,Java_medium_results.csv
70,88,5,medium,medium,13.402031962940333,Java_medium_results.csv
70,84,5,medium,medium,33.85002361279263,Java_medium_results.csv
70,83,5,medium,medium,39.836001143500106,Java_medium_results.csv
70,89,5,medium,medium,36.43576326242407,Java_medium_results.csv
70,91,5,medium,medium,32.90013138817728,Java_medium_results.csv
70,105,5,medium,medium,20.90827175772794,Java_medium_results.csv
70,97,5,medium,medium,26.8529670547554,Java_medium_results.csv
70,108,5,medium,medium,19.590704192480494,Java_medium_results.csv
70,115,5,medium,medium,38.29630148613769,Java_medium_results.csv
70,121,5,medium,medium,27.933995312529763,Java_medium_results.csv
70,117,5,medium,medium,43.390775806867325,Java_medium_results.csv
70,133,5,medium,medium,22.51361777156688,Java_medium_results.csv
70,135,5,medium,medium,28.44682567290042,Java_medium_results.csv
70,143,5,medium,medium,24.05512269013075,Java_medium_results.csv
70,145,5,medium,medium,23.83400801693671,Java_medium_results.csv
70,142,5,medium,medium,46.41828439161275,Java_medium_results.csv
70,147,5,medium,medium,17.792922305869517,Java_medium_results.csv
70,155,5,medium,medium,23.532612594168206,Java_medium_results.csv
70,168,5,medium,medium,28.63886057571547,Java_medium_results.csv
70,158,5,medium,medium,44.00852927662496,Java_medium_results.csv
70,166,5,medium,medium,33.37735909879368,Java_medium_results.csv
70,171,5,medium,medium,31.09352156520763,Java_medium_results.csv
70,169,5,medium,medium,46.01443419886719,Java_medium_results.csv
70,151,5,medium,medium,71.74631712403529,Java_medium_results.csv
70,192,5,medium,medium,30.31482261766758,Java_medium_results.csv
70,202,5,medium,medium,27.81733577068029,Java_medium_results.csv
70,203,5,medium,medium,13.370277800016384,Java_medium_results.csv
70,210,5,medium,medium,17.80275157060909,Java_medium_results.csv
70,207,5,medium,medium,44.0287506344176,Java_medium_results.csv
70,215,5,medium,medium,25.79248911108167,Java_medium_results.csv
70,206,5,medium,medium,43.34190022646256,Java_medium_results.csv
70,214,5,medium,medium,56.39800799138664,Java_medium_results.csv
73,81,5,medium,medium,34.8077805239069,Java_medium_results.csv
73,88,5,medium,medium,33.335589576770204,Java_medium_results.csv
73,75,5,medium,medium,46.6088530199687,Java_medium_results.csv
73,91,5,medium,medium,42.77813654243381,Java_medium_results.csv
73,84,5,medium,medium,46.77484753538432,Java_medium_results.csv
73,83,5,medium,medium,51.349703925261366,Java_medium_results.csv
73,89,5,medium,medium,48.58284970831495,Java_medium_results.csv
73,105,5,medium,medium,37.67652290635173,Java_medium_results.csv
73,108,5,medium,medium,33.352334329869585,Java_medium_results.csv
73,97,5,medium,medium,37.88617402096519,Java_medium_results.csv
73,121,5,medium,medium,42.8174619187577,Java_medium_results.csv
73,117,5,medium,medium,53.78104924572907,Java_medium_results.csv
73,143,5,medium,medium,37.25367130624871,Java_medium_results.csv
73,115,5,medium,medium,53.07504755922904,Java_medium_results.csv
73,133,5,medium,medium,41.36271944573452,Java_medium_results.csv
73,135,5,medium,medium,45.30041440730236,Java_medium_results.csv
73,145,5,medium,medium,42.44207570392029,Java_medium_results.csv
73,147,5,medium,medium,36.85338547370813,Java_medium_results.csv
73,142,5,medium,medium,56.79783414530102,Java_medium_results.csv
73,155,5,medium,medium,36.42612962460881,Java_medium_results.csv
73,158,5,medium,medium,57.86583710272593,Java_medium_results.csv
73,166,5,medium,medium,50.48652254470446,Java_medium_results.csv
73,168,5,medium,medium,46.18496894374868,Java_medium_results.csv
73,171,5,medium,medium,42.499967908813794,Java_medium_results.csv
73,192,5,medium,medium,46.19399716980024,Java_medium_results.csv
73,169,5,medium,medium,55.61894227097493,Java_medium_results.csv
73,203,5,medium,medium,31.747079971211743,Java_medium_results.csv
73,202,5,medium,medium,39.54741161826402,Java_medium_results.csv
73,210,5,medium,medium,33.41070999763421,Java_medium_results.csv
73,151,5,medium,medium,87.39737282726468,Java_medium_results.csv
75,81,5,medium,medium,33.441814860382365,Java_medium_results.csv
73,215,5,medium,medium,38.61862862241034,Java_medium_results.csv
73,207,5,medium,medium,51.26730503593031,Java_medium_results.csv
75,88,5,medium,medium,32.532876463972904,Java_medium_results.csv
73,206,5,medium,medium,55.47049256136415,Java_medium_results.csv
75,83,5,medium,medium,52.0334999850456,Java_medium_results.csv
75,84,5,medium,medium,45.48554804324701,Java_medium_results.csv
75,91,5,medium,medium,45.03754689696804,Java_medium_results.csv
75,89,5,medium,medium,47.500547143697965,Java_medium_results.csv
73,214,5,medium,medium,71.47213108073794,Java_medium_results.csv
75,108,5,medium,medium,34.51261909832665,Java_medium_results.csv
75,97,5,medium,medium,39.31009115060655,Java_medium_results.csv
75,105,5,medium,medium,36.85825662272673,Java_medium_results.csv
75,115,5,medium,medium,53.81182345707669,Java_medium_results.csv
75,121,5,medium,medium,42.28793114301877,Java_medium_results.csv
75,143,5,medium,medium,36.21557882779347,Java_medium_results.csv
75,117,5,medium,medium,53.74826145158048,Java_medium_results.csv
75,133,5,medium,medium,42.04253698032469,Java_medium_results.csv
75,135,5,medium,medium,44.98805774220892,Java_medium_results.csv
75,145,5,medium,medium,41.88512348529822,Java_medium_results.csv
75,147,5,medium,medium,36.30983789367951,Java_medium_results.csv
75,142,5,medium,medium,55.55087401158954,Java_medium_results.csv
75,155,5,medium,medium,35.775392544860736,Java_medium_results.csv
75,158,5,medium,medium,58.689376645199125,Java_medium_results.csv
75,166,5,medium,medium,50.29918961968091,Java_medium_results.csv
75,168,5,medium,medium,45.41529809378002,Java_medium_results.csv
75,171,5,medium,medium,43.14090252507368,Java_medium_results.csv
75,192,5,medium,medium,43.95062080311002,Java_medium_results.csv
75,169,5,medium,medium,55.60254025803457,Java_medium_results.csv
75,151,5,medium,medium,86.16498395990273,Java_medium_results.csv
75,203,5,medium,medium,29.78059675410774,Java_medium_results.csv
75,202,5,medium,medium,42.00451948366913,Java_medium_results.csv
75,210,5,medium,medium,33.025372312180764,Java_medium_results.csv
81,88,5,medium,medium,18.419640779607956,Java_medium_results.csv
75,207,5,medium,medium,52.998719931053984,Java_medium_results.csv
75,215,5,medium,medium,38.135974390589496,Java_medium_results.csv
81,83,5,medium,medium,41.694488414500086,Java_medium_results.csv
81,84,5,medium,medium,33.55108860552514,Java_medium_results.csv
75,206,5,medium,medium,55.23491478357786,Java_medium_results.csv
81,89,5,medium,medium,35.526056130127856,Java_medium_results.csv
81,91,5,medium,medium,32.78052086351268,Java_medium_results.csv
75,214,5,medium,medium,71.39994498700952,Java_medium_results.csv
81,105,5,medium,medium,24.74773330811013,Java_medium_results.csv
81,97,5,medium,medium,27.09101743908621,Java_medium_results.csv
81,108,5,medium,medium,20.53292059698377,Java_medium_results.csv
81,115,5,medium,medium,41.23189378749081,Java_medium_results.csv
81,121,5,medium,medium,29.707541074243107,Java_medium_results.csv
81,117,5,medium,medium,40.978610358231,Java_medium_results.csv
81,143,5,medium,medium,23.16220342465134,Java_medium_results.csv
81,133,5,medium,medium,28.191357132382038,Java_medium_results.csv
81,135,5,medium,medium,31.62546374081865,Java_medium_results.csv
81,145,5,medium,medium,28.91299508855416,Java_medium_results.csv
81,142,5,medium,medium,44.81587313441198,Java_medium_results.csv
81,147,5,medium,medium,21.784633255585423,Java_medium_results.csv
81,155,5,medium,medium,23.095437364406926,Java_medium_results.csv
81,158,5,medium,medium,48.29036773990626,Java_medium_results.csv
81,171,5,medium,medium,31.59281501303587,Java_medium_results.csv
81,166,5,medium,medium,35.710278538558306,Java_medium_results.csv
81,168,5,medium,medium,31.233722913583712,Java_medium_results.csv
81,151,5,medium,medium,76.77193111128497,Java_medium_results.csv
81,169,5,medium,medium,46.41786550193853,Java_medium_results.csv
81,192,5,medium,medium,31.5149776356278,Java_medium_results.csv
81,203,5,medium,medium,15.73784176893387,Java_medium_results.csv
81,202,5,medium,medium,28.52087291427621,Java_medium_results.csv
81,210,5,medium,medium,19.338203038010843,Java_medium_results.csv
81,207,5,medium,medium,42.13219654081737,Java_medium_results.csv
81,215,5,medium,medium,25.41457787459104,Java_medium_results.csv
81,206,5,medium,medium,43.82020012625064,Java_medium_results.csv
81,214,5,medium,medium,59.19891875687609,Java_medium_results.csv
83,88,5,medium,medium,38.64585058084297,Java_medium_results.csv
83,84,5,medium,medium,51.39365823596658,Java_medium_results.csv
83,91,5,medium,medium,52.49629581621797,Java_medium_results.csv
83,89,5,medium,medium,53.52588444008239,Java_medium_results.csv
83,105,5,medium,medium,43.465635884241614,Java_medium_results.csv
83,108,5,medium,medium,39.89131868122082,Java_medium_results.csv
83,97,5,medium,medium,44.69594839897698,Java_medium_results.csv
83,115,5,medium,medium,58.212967774672826,Java_medium_results.csv
83,121,5,medium,medium,45.376334183067605,Java_medium_results.csv
83,117,5,medium,medium,58.697574175019,Java_medium_results.csv
83,143,5,medium,medium,44.108589783915896,Java_medium_results.csv
83,133,5,medium,medium,46.60006354971488,Java_medium_results.csv
83,135,5,medium,medium,49.80234451551885,Java_medium_results.csv
83,145,5,medium,medium,48.28538539260148,Java_medium_results.csv
83,147,5,medium,medium,41.594605720229055,Java_medium_results.csv
83,142,5,medium,medium,60.205418471488144,Java_medium_results.csv
83,155,5,medium,medium,41.69796280594869,Java_medium_results.csv
83,158,5,medium,medium,62.78459930073502,Java_medium_results.csv
83,168,5,medium,medium,50.59985705079831,Java_medium_results.csv
83,171,5,medium,medium,48.91871921345832,Java_medium_results.csv
83,166,5,medium,medium,55.92972608081411,Java_medium_results.csv
83,192,5,medium,medium,51.61639709359456,Java_medium_results.csv
83,203,5,medium,medium,37.16991864264675,Java_medium_results.csv
83,169,5,medium,medium,63.682933129366354,Java_medium_results.csv
83,202,5,medium,medium,49.05107579138564,Java_medium_results.csv
83,151,5,medium,medium,88.6898818091859,Java_medium_results.csv
83,210,5,medium,medium,38.48287575356236,Java_medium_results.csv
84,88,5,medium,medium,32.02804374013606,Java_medium_results.csv
83,207,5,medium,medium,58.12798129393092,Java_medium_results.csv
84,89,5,medium,medium,46.97736190397893,Java_medium_results.csv
83,215,5,medium,medium,43.28476918510604,Java_medium_results.csv
84,91,5,medium,medium,45.1258013916793,Java_medium_results.csv
83,206,5,medium,medium,61.88024647676347,Java_medium_results.csv
84,105,5,medium,medium,37.75197363144575,Java_medium_results.csv
84,97,5,medium,medium,37.66552140014752,Java_medium_results.csv
84,108,5,medium,medium,34.781098111935364,Java_medium_results.csv
84,121,5,medium,medium,39.64747481587722,Java_medium_results.csv
84,117,5,medium,medium,53.230075724401686,Java_medium_results.csv
83,214,5,medium,medium,75.35155683427153,Java_medium_results.csv
84,115,5,medium,medium,52.07688744080111,Java_medium_results.csv
84,143,5,medium,medium,35.28155505259843,Java_medium_results.csv
84,133,5,medium,medium,40.01983044352198,Java_medium_results.csv
84,135,5,medium,medium,42.43570422687225,Java_medium_results.csv
84,142,5,medium,medium,56.664757025634685,Java_medium_results.csv
84,147,5,medium,medium,34.62366273590099,Java_medium_results.csv
84,155,5,medium,medium,35.06356368473722,Java_medium_results.csv
84,145,5,medium,medium,40.931935773607655,Java_medium_results.csv
84,158,5,medium,medium,57.67634061726407,Java_medium_results.csv
84,166,5,medium,medium,48.69928355892211,Java_medium_results.csv
84,168,5,medium,medium,44.48975004129463,Java_medium_results.csv
84,192,5,medium,medium,43.61738509789121,Java_medium_results.csv
84,171,5,medium,medium,43.32613978474583,Java_medium_results.csv
84,203,5,medium,medium,29.13119524046422,Java_medium_results.csv
84,169,5,medium,medium,56.1829480039129,Java_medium_results.csv
84,202,5,medium,medium,41.75848061163915,Java_medium_results.csv
84,151,5,medium,medium,83.641123047376,Java_medium_results.csv
88,89,5,medium,medium,36.34096229416873,Java_medium_results.csv
84,210,5,medium,medium,31.94640247827325,Java_medium_results.csv
88,91,5,medium,medium,31.907366069804112,Java_medium_results.csv
84,207,5,medium,medium,54.42666099334944,Java_medium_results.csv
88,97,5,medium,medium,26.107856351232616,Java_medium_results.csv
84,215,5,medium,medium,37.411017976256176,Java_medium_results.csv
84,206,5,medium,medium,53.12742921790474,Java_medium_results.csv
88,108,5,medium,medium,17.726982047578442,Java_medium_results.csv
88,105,5,medium,medium,20.058774422347675,Java_medium_results.csv
88,115,5,medium,medium,37.498122664811525,Java_medium_results.csv
88,117,5,medium,medium,41.51035724081431,Java_medium_results.csv
88,121,5,medium,medium,27.27465421509564,Java_medium_results.csv
88,133,5,medium,medium,22.61921508395881,Java_medium_results.csv
88,143,5,medium,medium,21.93894237688216,Java_medium_results.csv
88,135,5,medium,medium,27.675278389710964,Java_medium_results.csv
84,214,5,medium,medium,67.85782978033853,Java_medium_results.csv
88,142,5,medium,medium,45.21167010708516,Java_medium_results.csv
88,147,5,medium,medium,16.518601461626936,Java_medium_results.csv
88,145,5,medium,medium,23.47698008689883,Java_medium_results.csv
88,155,5,medium,medium,21.727113300316145,Java_medium_results.csv
88,158,5,medium,medium,42.7233100686057,Java_medium_results.csv
88,168,5,medium,medium,26.797220334613076,Java_medium_results.csv
88,166,5,medium,medium,31.536010330039872,Java_medium_results.csv
88,151,5,medium,medium,71.72111674972551,Java_medium_results.csv
88,171,5,medium,medium,30.540202797803104,Java_medium_results.csv
88,192,5,medium,medium,28.56879612728187,Java_medium_results.csv
88,169,5,medium,medium,44.74104112811615,Java_medium_results.csv
88,203,5,medium,medium,11.025795420946537,Java_medium_results.csv
88,202,5,medium,medium,26.13958628667179,Java_medium_results.csv
88,210,5,medium,medium,16.537042188244136,Java_medium_results.csv
88,206,5,medium,medium,42.62625685241642,Java_medium_results.csv
88,207,5,medium,medium,42.58758508646064,Java_medium_results.csv
88,215,5,medium,medium,24.40044329964048,Java_medium_results.csv
89,91,5,medium,medium,44.17792516918124,Java_medium_results.csv
89,105,5,medium,medium,40.23923061463228,Java_medium_results.csv
88,214,5,medium,medium,54.84547746159536,Java_medium_results.csv
89,97,5,medium,medium,40.25854922413097,Java_medium_results.csv
89,108,5,medium,medium,36.94242688617346,Java_medium_results.csv
89,121,5,medium,medium,43.253895826571686,Java_medium_results.csv
89,115,5,medium,medium,54.31591720749968,Java_medium_results.csv
89,143,5,medium,medium,35.862026999192686,Java_medium_results.csv
89,117,5,medium,medium,54.340300733539856,Java_medium_results.csv
89,133,5,medium,medium,42.85469644970146,Java_medium_results.csv
89,135,5,medium,medium,46.5471508323473,Java_medium_results.csv
89,142,5,medium,medium,55.67429828862196,Java_medium_results.csv
89,145,5,medium,medium,44.47171124895885,Java_medium_results.csv
89,147,5,medium,medium,38.036292577407885,Java_medium_results.csv
89,155,5,medium,medium,37.89044041035837,Java_medium_results.csv
89,158,5,medium,medium,60.03925218237045,Java_medium_results.csv
89,171,5,medium,medium,42.8076013726215,Java_medium_results.csv
89,168,5,medium,medium,47.129579567893686,Java_medium_results.csv
89,166,5,medium,medium,53.15097137994109,Java_medium_results.csv
89,192,5,medium,medium,46.91787791183423,Java_medium_results.csv
89,169,5,medium,medium,58.92543388951568,Java_medium_results.csv
89,203,5,medium,medium,33.13900947785516,Java_medium_results.csv
89,202,5,medium,medium,43.383505179848015,Java_medium_results.csv
89,151,5,medium,medium,91.03831292216977,Java_medium_results.csv
89,210,5,medium,medium,35.35735274201805,Java_medium_results.csv
89,207,5,medium,medium,52.39022297575725,Java_medium_results.csv
91,105,5,medium,medium,36.52585552937655,Java_medium_results.csv
91,97,5,medium,medium,37.616463933599576,Java_medium_results.csv
89,215,5,medium,medium,38.99498205331894,Java_medium_results.csv
91,108,5,medium,medium,32.63152063523291,Java_medium_results.csv
89,206,5,medium,medium,57.2459492609891,Java_medium_results.csv
91,115,5,medium,medium,51.76742010577521,Java_medium_results.csv
89,214,5,medium,medium,72.71447827467289,Java_medium_results.csv
91,143,5,medium,medium,32.75068962407492,Java_medium_results.csv
91,121,5,medium,medium,40.00386926271981,Java_medium_results.csv
91,117,5,medium,medium,52.329523256533385,Java_medium_results.csv
91,133,5,medium,medium,40.495901691397854,Java_medium_results.csv
91,135,5,medium,medium,44.05416945057551,Java_medium_results.csv
91,142,5,medium,medium,52.58307712804893,Java_medium_results.csv
91,145,5,medium,medium,40.85223190085223,Java_medium_results.csv
91,155,5,medium,medium,35.45421068163455,Java_medium_results.csv
91,147,5,medium,medium,34.71028356982572,Java_medium_results.csv
91,166,5,medium,medium,50.09499812778322,Java_medium_results.csv
91,158,5,medium,medium,56.64461654072744,Java_medium_results.csv
91,168,5,medium,medium,44.60582972369845,Java_medium_results.csv
91,169,5,medium,medium,54.868442905281725,Java_medium_results.csv
91,171,5,medium,medium,38.87683378348594,Java_medium_results.csv
91,192,5,medium,medium,41.66816771324997,Java_medium_results.csv
91,151,5,medium,medium,87.51123486339884,Java_medium_results.csv
91,202,5,medium,medium,38.5713189232246,Java_medium_results.csv
91,203,5,medium,medium,29.5579314188152,Java_medium_results.csv
91,210,5,medium,medium,30.81066963114883,Java_medium_results.csv
91,207,5,medium,medium,50.009973862287445,Java_medium_results.csv
91,215,5,medium,medium,36.98498157574077,Java_medium_results.csv
91,206,5,medium,medium,53.293190604202174,Java_medium_results.csv
97,105,5,medium,medium,29.80750627653523,Java_medium_results.csv
97,108,5,medium,medium,27.61771314840658,Java_medium_results.csv
91,214,5,medium,medium,68.50050824217632,Java_medium_results.csv
97,115,5,medium,medium,46.23120384562412,Java_medium_results.csv
97,121,5,medium,medium,34.76270468401393,Java_medium_results.csv
97,143,5,medium,medium,30.39254347062778,Java_medium_results.csv
97,117,5,medium,medium,47.70960198125936,Java_medium_results.csv
97,133,5,medium,medium,33.6535701306595,Java_medium_results.csv
97,135,5,medium,medium,36.94601216785473,Java_medium_results.csv
97,142,5,medium,medium,48.65319786859254,Java_medium_results.csv
97,145,5,medium,medium,34.902221450194766,Java_medium_results.csv
97,147,5,medium,medium,28.09846450854298,Java_medium_results.csv
97,155,5,medium,medium,29.116443177732517,Java_medium_results.csv
97,158,5,medium,medium,50.96500219361469,Java_medium_results.csv
97,168,5,medium,medium,38.29666934702616,Java_medium_results.csv
97,166,5,medium,medium,42.86279749771166,Java_medium_results.csv
97,171,5,medium,medium,37.188322827087866,Java_medium_results.csv
97,192,5,medium,medium,38.39601799835102,Java_medium_results.csv
97,203,5,medium,medium,23.51567659023785,Java_medium_results.csv
97,202,5,medium,medium,35.513230287627515,Java_medium_results.csv
97,169,5,medium,medium,51.620257777940814,Java_medium_results.csv
97,151,5,medium,medium,81.04872118510067,Java_medium_results.csv
97,210,5,medium,medium,25.907783784460207,Java_medium_results.csv
97,207,5,medium,medium,45.61412474834113,Java_medium_results.csv
105,108,5,medium,medium,23.99951273629512,Java_medium_results.csv
97,215,5,medium,medium,30.436272698703497,Java_medium_results.csv
97,206,5,medium,medium,49.04925963216675,Java_medium_results.csv
105,115,5,medium,medium,41.35161097675978,Java_medium_results.csv
105,117,5,medium,medium,46.38685642930911,Java_medium_results.csv
105,121,5,medium,medium,31.77495226666748,Java_medium_results.csv
97,214,5,medium,medium,64.1797119052005,Java_medium_results.csv
105,143,5,medium,medium,28.548289369118976,Java_medium_results.csv
105,135,5,medium,medium,32.50061977274967,Java_medium_results.csv
105,133,5,medium,medium,27.40769977381116,Java_medium_results.csv
105,142,5,medium,medium,49.43431530095616,Java_medium_results.csv
105,147,5,medium,medium,23.795722812607536,Java_medium_results.csv
105,145,5,medium,medium,28.35402108743021,Java_medium_results.csv
105,155,5,medium,medium,26.51650535353536,Java_medium_results.csv
105,168,5,medium,medium,33.67822057568448,Java_medium_results.csv
105,158,5,medium,medium,47.52083876219608,Java_medium_results.csv
105,171,5,medium,medium,35.3070403623195,Java_medium_results.csv
105,166,5,medium,medium,37.491354494576,Java_medium_results.csv
105,192,5,medium,medium,34.67205597173706,Java_medium_results.csv
105,151,5,medium,medium,75.21772522519299,Java_medium_results.csv
105,169,5,medium,medium,49.121596887690266,Java_medium_results.csv
105,202,5,medium,medium,31.24664796562097,Java_medium_results.csv
105,203,5,medium,medium,18.212153884314347,Java_medium_results.csv
105,210,5,medium,medium,21.86328227370356,Java_medium_results.csv
105,207,5,medium,medium,46.36026852181801,Java_medium_results.csv
105,206,5,medium,medium,46.5217830237143,Java_medium_results.csv
105,215,5,medium,medium,30.43289487320034,Java_medium_results.csv
108,115,5,medium,medium,41.58644463515427,Java_medium_results.csv
108,121,5,medium,medium,29.33356947751952,Java_medium_results.csv
108,117,5,medium,medium,41.72497546001184,Java_medium_results.csv
108,133,5,medium,medium,27.226858822455025,Java_medium_results.csv
108,143,5,medium,medium,24.49406273445523,Java_medium_results.csv
105,214,5,medium,medium,60.671660418454834,Java_medium_results.csv
108,147,5,medium,medium,22.310507718582773,Java_medium_results.csv
108,135,5,medium,medium,31.96240505093486,Java_medium_results.csv
108,145,5,medium,medium,29.05552497011141,Java_medium_results.csv
108,142,5,medium,medium,44.84930411915528,Java_medium_results.csv
108,155,5,medium,medium,23.032453382350493,Java_medium_results.csv
108,158,5,medium,medium,47.495541005123975,Java_medium_results.csv
108,166,5,medium,medium,35.34976908319295,Java_medium_results.csv
108,171,5,medium,medium,32.0312612326636,Java_medium_results.csv
108,168,5,medium,medium,31.64675553446031,Java_medium_results.csv
108,151,5,medium,medium,76.77181300663035,Java_medium_results.csv
108,169,5,medium,medium,45.79587181333018,Java_medium_results.csv
108,192,5,medium,medium,33.482836814263806,Java_medium_results.csv
108,202,5,medium,medium,28.078524185186065,Java_medium_results.csv
108,203,5,medium,medium,15.47949809327947,Java_medium_results.csv
108,210,5,medium,medium,20.102432419362163,Java_medium_results.csv
108,215,5,medium,medium,24.90646042040186,Java_medium_results.csv
108,207,5,medium,medium,41.322353133208736,Java_medium_results.csv
108,206,5,medium,medium,43.21697908352576,Java_medium_results.csv
108,214,5,medium,medium,59.66301892882092,Java_medium_results.csv
115,121,5,medium,medium,46.34639830462293,Java_medium_results.csv
115,143,5,medium,medium,43.394733330955326,Java_medium_results.csv
115,133,5,medium,medium,44.27914194291807,Java_medium_results.csv
115,117,5,medium,medium,58.47243927724078,Java_medium_results.csv
115,135,5,medium,medium,47.36067276275922,Java_medium_results.csv
115,145,5,medium,medium,44.47483901454903,Java_medium_results.csv
115,142,5,medium,medium,62.75623485995153,Java_medium_results.csv
115,155,5,medium,medium,43.57384410380613,Java_medium_results.csv
115,147,5,medium,medium,38.944902003704925,Java_medium_results.csv
115,158,5,medium,medium,59.08241727937221,Java_medium_results.csv
115,168,5,medium,medium,47.57118240557893,Java_medium_results.csv
115,166,5,medium,medium,54.11327755555709,Java_medium_results.csv
115,171,5,medium,medium,49.21371381745313,Java_medium_results.csv
115,192,5,medium,medium,48.5526994025975,Java_medium_results.csv
115,169,5,medium,medium,63.25766935933779,Java_medium_results.csv
115,202,5,medium,medium,48.87136515960812,Java_medium_results.csv
115,203,5,medium,medium,36.22227941054916,Java_medium_results.csv
115,151,5,medium,medium,88.44124796105926,Java_medium_results.csv
115,210,5,medium,medium,38.29373049505044,Java_medium_results.csv
115,215,5,medium,medium,46.68301734712045,Java_medium_results.csv
117,121,5,medium,medium,48.55505142905061,Java_medium_results.csv
115,207,5,medium,medium,60.15474695015674,Java_medium_results.csv
115,206,5,medium,medium,61.284737401836885,Java_medium_results.csv
117,133,5,medium,medium,48.92985235267457,Java_medium_results.csv
117,143,5,medium,medium,43.9730683132077,Java_medium_results.csv
117,135,5,medium,medium,51.572211415298085,Java_medium_results.csv
115,214,5,medium,medium,71.40283973035201,Java_medium_results.csv
117,147,5,medium,medium,43.46093559702264,Java_medium_results.csv
117,145,5,medium,medium,50.50032956179431,Java_medium_results.csv
117,142,5,medium,medium,62.82428678971619,Java_medium_results.csv
117,155,5,medium,medium,43.04577700366217,Java_medium_results.csv
117,158,5,medium,medium,64.66489019882196,Java_medium_results.csv
117,166,5,medium,medium,57.30653009085938,Java_medium_results.csv
117,192,5,medium,medium,53.126574580488565,Java_medium_results.csv
117,171,5,medium,medium,49.8339744804063,Java_medium_results.csv
117,168,5,medium,medium,52.95561744331638,Java_medium_results.csv
117,169,5,medium,medium,63.20533503534052,Java_medium_results.csv
117,202,5,medium,medium,49.56816482004157,Java_medium_results.csv
117,203,5,medium,medium,39.02540252379593,Java_medium_results.csv
117,151,5,medium,medium,92.86925907149194,Java_medium_results.csv
117,210,5,medium,medium,42.08182015698053,Java_medium_results.csv
117,207,5,medium,medium,60.28324370986608,Java_medium_results.csv
117,215,5,medium,medium,46.13653457959177,Java_medium_results.csv
121,143,5,medium,medium,30.91307291070388,Java_medium_results.csv
121,133,5,medium,medium,35.80233180611766,Java_medium_results.csv
121,135,5,medium,medium,38.27094312938112,Java_medium_results.csv
117,206,5,medium,medium,60.91649471749519,Java_medium_results.csv
121,142,5,medium,medium,51.676654771067625,Java_medium_results.csv
121,147,5,medium,medium,29.14635751166346,Java_medium_results.csv
121,145,5,medium,medium,35.82468580437096,Java_medium_results.csv
121,155,5,medium,medium,30.522682157646496,Java_medium_results.csv
117,214,5,medium,medium,76.38188620768078,Java_medium_results.csv
121,158,5,medium,medium,51.36356070850819,Java_medium_results.csv
121,168,5,medium,medium,38.6121944992463,Java_medium_results.csv
121,166,5,medium,medium,45.20529322530974,Java_medium_results.csv
121,171,5,medium,medium,38.54399533007724,Java_medium_results.csv
121,192,5,medium,medium,38.31929049774683,Java_medium_results.csv
121,151,5,medium,medium,81.19530771531942,Java_medium_results.csv
121,169,5,medium,medium,52.7688220700834,Java_medium_results.csv
121,203,5,medium,medium,24.3149610273416,Java_medium_results.csv
121,202,5,medium,medium,38.06963834342725,Java_medium_results.csv
121,210,5,medium,medium,26.235851844613634,Java_medium_results.csv
121,207,5,medium,medium,49.54003111043374,Java_medium_results.csv
121,206,5,medium,medium,50.56345120173706,Java_medium_results.csv
121,215,5,medium,medium,33.68329458082631,Java_medium_results.csv
133,143,5,medium,medium,31.837670691744098,Java_medium_results.csv
121,214,5,medium,medium,64.69087393451922,Java_medium_results.csv
133,147,5,medium,medium,23.65210129868234,Java_medium_results.csv
133,135,5,medium,medium,34.53504179909939,Java_medium_results.csv
133,145,5,medium,medium,30.404451738393544,Java_medium_results.csv
133,142,5,medium,medium,52.38297702345076,Java_medium_results.csv
133,155,5,medium,medium,30.317915078043672,Java_medium_results.csv
133,158,5,medium,medium,48.77217994989024,Java_medium_results.csv
133,171,5,medium,medium,37.70956943313082,Java_medium_results.csv
133,192,5,medium,medium,37.18413193455662,Java_medium_results.csv
133,169,5,medium,medium,53.54651110828369,Java_medium_results.csv
133,168,5,medium,medium,36.46941015747404,Java_medium_results.csv
133,202,5,medium,medium,35.998717605847794,Java_medium_results.csv
133,151,5,medium,medium,77.1273767332537,Java_medium_results.csv
133,203,5,medium,medium,22.17236018636202,Java_medium_results.csv
133,166,5,medium,medium,40.87281115054749,Java_medium_results.csv
135,143,5,medium,medium,34.601208450593084,Java_medium_results.csv
133,210,5,medium,medium,25.54960956327217,Java_medium_results.csv
133,207,5,medium,medium,50.73968109783887,Java_medium_results.csv
133,215,5,medium,medium,33.02875670146874,Java_medium_results.csv
133,206,5,medium,medium,49.81488872242901,Java_medium_results.csv
135,145,5,medium,medium,34.28596604143728,Java_medium_results.csv
135,142,5,medium,medium,55.42590947367305,Java_medium_results.csv
135,147,5,medium,medium,28.687824326056187,Java_medium_results.csv
133,214,5,medium,medium,60.67640526727969,Java_medium_results.csv
135,155,5,medium,medium,34.145032189073824,Java_medium_results.csv
135,158,5,medium,medium,51.943632386654286,Java_medium_results.csv
135,168,5,medium,medium,38.13776013155516,Java_medium_results.csv
135,166,5,medium,medium,44.30204894056549,Java_medium_results.csv
135,171,5,medium,medium,42.30883822989319,Java_medium_results.csv
135,203,5,medium,medium,25.05607555146233,Java_medium_results.csv
135,169,5,medium,medium,56.42368459052519,Java_medium_results.csv
135,192,5,medium,medium,39.92160054355135,Java_medium_results.csv
135,202,5,medium,medium,41.02775892639765,Java_medium_results.csv
135,151,5,medium,medium,78.81509836685606,Java_medium_results.csv
135,210,5,medium,medium,28.992483790818,Java_medium_results.csv
142,143,5,medium,medium,48.20486075378638,Java_medium_results.csv
135,207,5,medium,medium,54.00358811063594,Java_medium_results.csv
135,215,5,medium,medium,36.72271984560869,Java_medium_results.csv
135,206,5,medium,medium,53.8594222827753,Java_medium_results.csv
142,145,5,medium,medium,53.57216908155923,Java_medium_results.csv
142,147,5,medium,medium,47.35886181296704,Java_medium_results.csv
142,155,5,medium,medium,46.72174409736504,Java_medium_results.csv
135,214,5,medium,medium,61.65309203202777,Java_medium_results.csv
142,158,5,medium,medium,67.56624337622054,Java_medium_results.csv
142,168,5,medium,medium,55.9562127830858,Java_medium_results.csv
142,171,5,medium,medium,54.32370169623803,Java_medium_results.csv
142,166,5,medium,medium,61.022891439056274,Java_medium_results.csv
142,203,5,medium,medium,43.186058599462605,Java_medium_results.csv
142,202,5,medium,medium,52.86593144155427,Java_medium_results.csv
142,151,5,medium,medium,94.63912914563268,Java_medium_results.csv
142,192,5,medium,medium,56.38079379556726,Java_medium_results.csv
142,210,5,medium,medium,43.81563520182684,Java_medium_results.csv
142,169,5,medium,medium,68.39170685815691,Java_medium_results.csv
143,147,5,medium,medium,25.2088381573907,Java_medium_results.csv
143,145,5,medium,medium,32.02135207407594,Java_medium_results.csv
142,207,5,medium,medium,60.929924655903925,Java_medium_results.csv
143,155,5,medium,medium,26.306080260427585,Java_medium_results.csv
142,215,5,medium,medium,48.12939462470119,Java_medium_results.csv
142,206,5,medium,medium,65.1747239431604,Java_medium_results.csv
143,158,5,medium,medium,49.93574072947944,Java_medium_results.csv
143,166,5,medium,medium,39.97009059630303,Java_medium_results.csv
143,168,5,medium,medium,34.56028574636129,Java_medium_results.csv
143,151,5,medium,medium,79.55133095783391,Java_medium_results.csv
143,169,5,medium,medium,47.8918320633676,Java_medium_results.csv
143,171,5,medium,medium,31.5337676920308,Java_medium_results.csv
143,192,5,medium,medium,33.548374870833605,Java_medium_results.csv
143,203,5,medium,medium,18.781814532974263,Java_medium_results.csv
143,202,5,medium,medium,32.49780204581413,Java_medium_results.csv
143,207,5,medium,medium,42.71529808169081,Java_medium_results.csv
143,210,5,medium,medium,21.778632602400705,Java_medium_results.csv
143,206,5,medium,medium,45.0995075148318,Java_medium_results.csv
142,214,5,medium,medium,80.88093526277386,Java_medium_results.csv
143,215,5,medium,medium,28.23962394449388,Java_medium_results.csv
143,214,5,medium,medium,60.94808911695765,Java_medium_results.csv
145,147,5,medium,medium,24.72458382136849,Java_medium_results.csv
145,155,5,medium,medium,31.03495565249557,Java_medium_results.csv
145,158,5,medium,medium,48.26312548766232,Java_medium_results.csv
145,168,5,medium,medium,36.61878160619653,Java_medium_results.csv
145,171,5,medium,medium,39.27581780294863,Java_medium_results.csv
145,166,5,medium,medium,40.91036127463503,Java_medium_results.csv
145,192,5,medium,medium,36.487662469819305,Java_medium_results.csv
145,169,5,medium,medium,53.92125116558416,Java_medium_results.csv
145,203,5,medium,medium,22.462147918113253,Java_medium_results.csv
145,202,5,medium,medium,36.813712082533016,Java_medium_results.csv
145,151,5,medium,medium,77.58693960684114,Java_medium_results.csv
145,210,5,medium,medium,26.29533442133509,Java_medium_results.csv
145,207,5,medium,medium,51.58825849383412,Java_medium_results.csv
145,215,5,medium,medium,34.813427062086724,Java_medium_results.csv
147,155,5,medium,medium,24.73446953032968,Java_medium_results.csv
145,206,5,medium,medium,50.662505423151046,Java_medium_results.csv
147,158,5,medium,medium,43.45029277192542,Java_medium_results.csv
147,166,5,medium,medium,36.07234237214065,Java_medium_results.csv
147,171,5,medium,medium,33.02365552959145,Java_medium_results.csv
147,168,5,medium,medium,30.44020735856626,Java_medium_results.csv
147,151,5,medium,medium,73.50662184849867,Java_medium_results.csv
147,169,5,medium,medium,47.91782358577076,Java_medium_results.csv
145,214,5,medium,medium,59.584589099043065,Java_medium_results.csv
147,192,5,medium,medium,30.551892723516417,Java_medium_results.csv
147,203,5,medium,medium,15.842308100753998,Java_medium_results.csv
147,202,5,medium,medium,31.10272546698047,Java_medium_results.csv
147,210,5,medium,medium,19.717128036781983,Java_medium_results.csv
147,215,5,medium,medium,27.890156331628457,Java_medium_results.csv
147,207,5,medium,medium,45.21815971533969,Java_medium_results.csv
147,206,5,medium,medium,45.439436192077096,Java_medium_results.csv
147,214,5,medium,medium,55.53091513627249,Java_medium_results.csv
151,155,5,medium,medium,78.26582827916808,Java_medium_results.csv
151,171,5,medium,medium,86.0035976359584,Java_medium_results.csv
151,203,5,medium,medium,71.76838891290514,Java_medium_results.csv
151,192,5,medium,medium,84.18594643887327,Java_medium_results.csv
151,158,5,medium,medium,91.44766149769757,Java_medium_results.csv
151,168,5,medium,medium,80.48817456067127,Java_medium_results.csv
151,166,5,medium,medium,86.81146199510752,Java_medium_results.csv
151,202,5,medium,medium,82.39727502733494,Java_medium_results.csv
151,169,5,medium,medium,96.6721654316542,Java_medium_results.csv
151,210,5,medium,medium,74.35362493938752,Java_medium_results.csv
155,158,5,medium,medium,49.09032235593661,Java_medium_results.csv
155,168,5,medium,medium,33.84346938968967,Java_medium_results.csv
155,166,5,medium,medium,38.44596385885157,Java_medium_results.csv
155,171,5,medium,medium,33.10294650531286,Java_medium_results.csv
151,215,5,medium,medium,81.59231798408682,Java_medium_results.csv
155,169,5,medium,medium,47.192526684279166,Java_medium_results.csv
151,207,5,medium,medium,93.89222924502528,Java_medium_results.csv
155,192,5,medium,medium,34.29630582104209,Java_medium_results.csv
155,203,5,medium,medium,18.17911230599074,Java_medium_results.csv
155,202,5,medium,medium,30.77395576238794,Java_medium_results.csv
155,210,5,medium,medium,22.077531573776035,Java_medium_results.csv
155,207,5,medium,medium,43.63972154881591,Java_medium_results.csv
151,206,5,medium,medium,93.7520662303891,Java_medium_results.csv
155,206,5,medium,medium,45.11202489245259,Java_medium_results.csv
155,215,5,medium,medium,27.203527086573292,Java_medium_results.csv
155,214,5,medium,medium,59.84641341238235,Java_medium_results.csv
158,166,5,medium,medium,60.07646332260194,Java_medium_results.csv
158,171,5,medium,medium,56.40682687856681,Java_medium_results.csv
158,168,5,medium,medium,52.13231177000566,Java_medium_results.csv
158,192,5,medium,medium,52.05287072546289,Java_medium_results.csv
158,202,5,medium,medium,54.97615556206404,Java_medium_results.csv
158,203,5,medium,medium,41.94015187268564,Java_medium_results.csv
158,169,5,medium,medium,69.67676470154423,Java_medium_results.csv
151,214,5,medium,medium,101.4515674982312,Java_medium_results.csv
158,210,5,medium,medium,44.994576436163946,Java_medium_results.csv
158,207,5,medium,medium,66.27533030915252,Java_medium_results.csv
158,215,5,medium,medium,52.26619247719893,Java_medium_results.csv
166,171,5,medium,medium,47.80588127150384,Java_medium_results.csv
158,206,5,medium,medium,67.90189314122964,Java_medium_results.csv
166,168,5,medium,medium,43.67905633839883,Java_medium_results.csv
166,169,5,medium,medium,60.14872391315266,Java_medium_results.csv
166,192,5,medium,medium,45.6031675602073,Java_medium_results.csv
166,203,5,medium,medium,29.17242675247322,Java_medium_results.csv
166,202,5,medium,medium,42.90177411663604,Java_medium_results.csv
158,214,5,medium,medium,75.96812648341655,Java_medium_results.csv
166,210,5,medium,medium,35.68710280834964,Java_medium_results.csv
166,207,5,medium,medium,58.87019728909888,Java_medium_results.csv
166,215,5,medium,medium,41.1324728995727,Java_medium_results.csv
166,206,5,medium,medium,59.90861702529223,Java_medium_results.csv
168,169,5,medium,medium,57.60122110083727,Java_medium_results.csv
168,171,5,medium,medium,42.57797538687224,Java_medium_results.csv
168,192,5,medium,medium,40.50636027475041,Java_medium_results.csv
168,203,5,medium,medium,25.29123210350137,Java_medium_results.csv
168,202,5,medium,medium,40.370209472043776,Java_medium_results.csv
168,210,5,medium,medium,30.408713437855216,Java_medium_results.csv
166,214,5,medium,medium,70.64441319615511,Java_medium_results.csv
168,215,5,medium,medium,37.32242254935132,Java_medium_results.csv
168,207,5,medium,medium,54.25259823892369,Java_medium_results.csv
169,171,5,medium,medium,54.652558659770925,Java_medium_results.csv
168,206,5,medium,medium,54.41823654882302,Java_medium_results.csv
169,192,5,medium,medium,56.59339296595949,Java_medium_results.csv
169,203,5,medium,medium,41.874680616492434,Java_medium_results.csv
169,202,5,medium,medium,50.418295437510224,Java_medium_results.csv
169,210,5,medium,medium,45.914062719373,Java_medium_results.csv
168,214,5,medium,medium,63.882422192814296,Java_medium_results.csv
171,192,5,medium,medium,41.130779970933496,Java_medium_results.csv
169,215,5,medium,medium,50.99459783243333,Java_medium_results.csv
169,207,5,medium,medium,63.56801931453881,Java_medium_results.csv
171,203,5,medium,medium,27.715531319633516,Java_medium_results.csv
171,202,5,medium,medium,38.09398090374589,Java_medium_results.csv
169,206,5,medium,medium,65.51135106968978,Java_medium_results.csv
171,210,5,medium,medium,28.38405952756476,Java_medium_results.csv
171,206,5,medium,medium,52.16102256896895,Java_medium_results.csv
171,207,5,medium,medium,48.34326232755743,Java_medium_results.csv
171,215,5,medium,medium,35.60868307418293,Java_medium_results.csv
192,203,5,medium,medium,25.51010821904552,Java_medium_results.csv
169,214,5,medium,medium,80.91829716683023,Java_medium_results.csv
192,202,5,medium,medium,40.739191615427615,Java_medium_results.csv
192,210,5,medium,medium,30.284952958166613,Java_medium_results.csv
171,214,5,medium,medium,68.07253917773919,Java_medium_results.csv
192,207,5,medium,medium,54.46092943414902,Java_medium_results.csv
192,206,5,medium,medium,54.5679925588542,Java_medium_results.csv
192,215,5,medium,medium,37.42685742182118,Java_medium_results.csv
202,203,5,medium,medium,24.87778040013058,Java_medium_results.csv
202,210,5,medium,medium,28.34961969012702,Java_medium_results.csv
192,214,5,medium,medium,63.86909551093303,Java_medium_results.csv
202,207,5,medium,medium,48.64909378535838,Java_medium_results.csv
203,207,5,medium,medium,40.18580345430599,Java_medium_results.csv
203,206,5,medium,medium,41.23506934843603,Java_medium_results.csv
202,215,5,medium,medium,33.54272665143003,Java_medium_results.csv
203,210,5,medium,medium,14.32728306791116,Java_medium_results.csv
202,206,5,medium,medium,49.62875598128981,Java_medium_results.csv
203,215,5,medium,medium,21.45913725111341,Java_medium_results.csv
203,214,5,medium,medium,54.29841838180998,Java_medium_results.csv
202,214,5,medium,medium,65.33519839890431,Java_medium_results.csv
207,210,5,medium,medium,41.5924546103204,Java_medium_results.csv
206,210,5,medium,medium,42.593230668595,Java_medium_results.csv
206,215,5,medium,medium,48.64609159927197,Java_medium_results.csv
207,215,5,medium,medium,44.56991060982561,Java_medium_results.csv
206,207,5,medium,medium,61.10378077886598,Java_medium_results.csv
210,215,5,medium,medium,25.59374696052209,Java_medium_results.csv
210,214,5,medium,medium,57.4829439940281,Java_medium_results.csv
207,214,5,medium,medium,79.84358260543651,Java_medium_results.csv
214,215,5,medium,medium,64.59489205767781,Java_medium_results.csv
206,214,5,medium,medium,77.18453116380277,Java_medium_results.csv
3,12,5,none,none,21.902054916048225,Java_none_results.csv
3,110,5,none,none,21.163140414960782,Java_none_results.csv
3,5,5,none,none,23.20919690287267,Java_none_results.csv
5,154,5,none,none,43.35134042261411,Java_none_results.csv
5,96,5,none,none,46.174783603537165,Java_none_results.csv
5,93,5,none,none,21.233359121752503,Java_none_results.csv
3,36,5,none,none,18.898912166940256,Java_none_results.csv
3,30,5,none,none,21.244686763424696,Java_none_results.csv
3,93,5,none,none,17.67039340427761,Java_none_results.csv
5,110,5,none,none,19.72408024263935,Java_none_results.csv
5,12,5,none,none,28.04606149698272,Java_none_results.csv
3,181,5,none,none,23.92167237635661,Java_none_results.csv
5,36,5,none,none,20.919516009283004,Java_none_results.csv
3,28,5,none,none,24.958375214418435,Java_none_results.csv
3,204,5,none,none,13.738173315326224,Java_none_results.csv
5,30,5,none,none,26.30172193782139,Java_none_results.csv
5,28,5,none,none,23.58099485013698,Java_none_results.csv
3,189,5,none,none,25.664771983464288,Java_none_results.csv
3,201,5,none,none,18.81234704656588,Java_none_results.csv
3,96,5,none,none,39.9457877634016,Java_none_results.csv
3,163,5,none,none,23.271967886890923,Java_none_results.csv
3,154,5,none,none,37.24189319362459,Java_none_results.csv
3,211,5,none,none,32.09503540928985,Java_none_results.csv
3,196,5,none,none,63.735408030999736,Java_none_results.csv
5,204,5,none,none,17.770545085850493,Java_none_results.csv
5,201,5,none,none,22.032623649672203,Java_none_results.csv
12,28,5,none,none,29.39830361639852,Java_none_results.csv
5,181,5,none,none,23.920302458101546,Java_none_results.csv
5,163,5,none,none,27.444618310999925,Java_none_results.csv
5,189,5,none,none,32.58242695040152,Java_none_results.csv
5,211,5,none,none,30.65006617194008,Java_none_results.csv
12,30,5,none,none,25.617484769023243,Java_none_results.csv
12,36,5,none,none,23.09903931991871,Java_none_results.csv
12,93,5,none,none,21.957393317553883,Java_none_results.csv
12,110,5,none,none,25.70036476698648,Java_none_results.csv
12,96,5,none,none,42.534363394203126,Java_none_results.csv
12,163,5,none,none,27.325788573014176,Java_none_results.csv
5,196,5,none,none,69.48303058957886,Java_none_results.csv
12,181,5,none,none,28.26141454874452,Java_none_results.csv
12,154,5,none,none,41.57315036187528,Java_none_results.csv
12,189,5,none,none,27.84533473283157,Java_none_results.csv
12,201,5,none,none,22.60736457588243,Java_none_results.csv
12,204,5,none,none,18.13216572497996,Java_none_results.csv
28,30,5,none,none,28.2322184239522,Java_none_results.csv
12,211,5,none,none,37.32173403669153,Java_none_results.csv
28,36,5,none,none,22.444394778073207,Java_none_results.csv
28,93,5,none,none,22.45538846433007,Java_none_results.csv
28,110,5,none,none,21.351532522858225,Java_none_results.csv
28,96,5,none,none,46.47449150220688,Java_none_results.csv
12,196,5,none,none,65.97594293854948,Java_none_results.csv
28,163,5,none,none,28.462581634875747,Java_none_results.csv
28,181,5,none,none,23.9305533391842,Java_none_results.csv
28,154,5,none,none,45.78563198877436,Java_none_results.csv
28,189,5,none,none,33.97269516419398,Java_none_results.csv
28,204,5,none,none,19.54856397162014,Java_none_results.csv
28,201,5,none,none,21.854227881932317,Java_none_results.csv
28,211,5,none,none,30.01428120527833,Java_none_results.csv
30,93,5,none,none,20.91999983051868,Java_none_results.csv
30,36,5,none,none,22.673972769939848,Java_none_results.csv
30,110,5,none,none,24.65448759103202,Java_none_results.csv
28,196,5,none,none,71.03089485632299,Java_none_results.csv
30,96,5,none,none,44.00076803379598,Java_none_results.csv
30,163,5,none,none,26.789209646248004,Java_none_results.csv
30,181,5,none,none,26.961021976099754,Java_none_results.csv
30,204,5,none,none,17.0908517930313,Java_none_results.csv
30,154,5,none,none,40.63675823119065,Java_none_results.csv
30,189,5,none,none,29.872265702275296,Java_none_results.csv
30,201,5,none,none,21.99600681373805,Java_none_results.csv
36,93,5,none,none,16.75736827087065,Java_none_results.csv
30,211,5,none,none,35.9317614508131,Java_none_results.csv
36,96,5,none,none,42.89897762121709,Java_none_results.csv
36,110,5,none,none,19.36925825642049,Java_none_results.csv
36,181,5,none,none,21.81353237557464,Java_none_results.csv
36,163,5,none,none,22.98456321089166,Java_none_results.csv
30,196,5,none,none,67.34926019901427,Java_none_results.csv
36,189,5,none,none,27.90931243694912,Java_none_results.csv
36,154,5,none,none,40.92789193457177,Java_none_results.csv
36,204,5,none,none,13.17261940084975,Java_none_results.csv
36,201,5,none,none,18.809924458983712,Java_none_results.csv
36,211,5,none,none,29.62685668361882,Java_none_results.csv
93,110,5,none,none,19.87044645407109,Java_none_results.csv
93,181,5,none,none,22.165698239831176,Java_none_results.csv
93,163,5,none,none,20.976177749421957,Java_none_results.csv
93,96,5,none,none,41.358530732571545,Java_none_results.csv
36,196,5,none,none,65.44294537551127,Java_none_results.csv
93,189,5,none,none,27.393520724404333,Java_none_results.csv
93,154,5,none,none,38.69188754115506,Java_none_results.csv
93,201,5,none,none,17.648483665310714,Java_none_results.csv
93,204,5,none,none,11.29531664198506,Java_none_results.csv
93,211,5,none,none,30.82137936828225,Java_none_results.csv
96,110,5,none,none,43.982432510719086,Java_none_results.csv
93,196,5,none,none,64.41565240954745,Java_none_results.csv
96,181,5,none,none,46.36195156762161,Java_none_results.csv
96,163,5,none,none,45.25290794963333,Java_none_results.csv
96,204,5,none,none,37.64741433198768,Java_none_results.csv
96,189,5,none,none,45.37782816777687,Java_none_results.csv
96,201,5,none,none,40.578017194847135,Java_none_results.csv
96,154,5,none,none,57.38830829721891,Java_none_results.csv
110,163,5,none,none,25.517553404734315,Java_none_results.csv
96,211,5,none,none,53.40650531900538,Java_none_results.csv
110,181,5,none,none,21.268452568352664,Java_none_results.csv
110,201,5,none,none,17.410308338483105,Java_none_results.csv
110,189,5,none,none,30.211685689366192,Java_none_results.csv
110,154,5,none,none,42.07803940562549,Java_none_results.csv
110,204,5,none,none,16.04640533703122,Java_none_results.csv
110,211,5,none,none,27.798214852894603,Java_none_results.csv
96,196,5,none,none,80.90456221807634,Java_none_results.csv
110,196,5,none,none,67.98903839698559,Java_none_results.csv
154,201,5,none,none,40.47194417807509,Java_none_results.csv
154,204,5,none,none,36.16079484519068,Java_none_results.csv
154,181,5,none,none,44.6413692201816,Java_none_results.csv
154,163,5,none,none,42.109502867585846,Java_none_results.csv
154,189,5,none,none,44.39057777105817,Java_none_results.csv
163,181,5,none,none,28.19033146059654,Java_none_results.csv
163,204,5,none,none,17.678240649624712,Java_none_results.csv
163,201,5,none,none,23.655758885206623,Java_none_results.csv
154,211,5,none,none,51.69596297332138,Java_none_results.csv
163,189,5,none,none,31.31138196015411,Java_none_results.csv
181,189,5,none,none,32.86217328623284,Java_none_results.csv
163,211,5,none,none,36.08570503468508,Java_none_results.csv
181,201,5,none,none,20.92467414731756,Java_none_results.csv
181,204,5,none,none,18.54111056438541,Java_none_results.csv
181,211,5,none,none,30.431617916124427,Java_none_results.csv
163,196,5,none,none,68.83225842334949,Java_none_results.csv
189,201,5,none,none,27.565141717088952,Java_none_results.csv
189,204,5,none,none,22.751820880497025,Java_none_results.csv
181,196,5,none,none,70.82317980443257,Java_none_results.csv
154,196,5,none,none,80.70395200297419,Java_none_results.csv
189,211,5,none,none,40.94459548952553,Java_none_results.csv
201,204,5,none,none,13.678354098700716,Java_none_results.csv
196,204,5,none,none,60.87544685162285,Java_none_results.csv
204,211,5,none,none,28.15200383827133,Java_none_results.csv
196,201,5,none,none,64.45146452437395,Java_none_results.csv
201,211,5,none,none,28.297337823272574,Java_none_results.csv
189,196,5,none,none,70.01868636986873,Java_none_results.csv
196,211,5,none,none,75.74499611651798,Java_none_results.csv
