exp_a,exp_b,stimulus,expertise_a,expertise_b,score,source_file
26,74,vehicle,high,low,0.7797799927656193,Java_high_Java_low_results.csv
26,43,vehicle,high,low,0.8100387350152317,Java_high_Java_low_results.csv
26,41,vehicle,high,low,0.7671187774091881,Java_high_Java_low_results.csv
48,44,vehicle,high,low,0.7682504687570699,Java_high_Java_low_results.csv
48,94,vehicle,high,low,0.7920229961075795,Java_high_Java_low_results.csv
26,44,vehicle,high,low,0.7998022503058553,Java_high_Java_low_results.csv
1,114,vehicle,high,low,0.8337176661699959,Java_high_Java_low_results.csv
1,139,vehicle,high,low,0.7825166603317891,Java_high_Java_low_results.csv
1,79,vehicle,high,low,0.8208726292310363,Java_high_Java_low_results.csv
26,56,vehicle,high,low,0.7965483397565943,Java_high_Java_low_results.csv
1,170,vehicle,high,low,0.8541409969344724,Java_high_Java_low_results.csv
1,78,vehicle,high,low,0.7999641489051954,Java_high_Java_low_results.csv
1,21,vehicle,high,low,0.8453560221863643,Java_high_Java_low_results.csv
1,31,vehicle,high,low,0.8300756679065222,Java_high_Java_low_results.csv
26,60,vehicle,high,low,0.7630612587460297,Java_high_Java_low_results.csv
26,200,vehicle,high,low,0.8062067583486351,Java_high_Java_low_results.csv
48,176,vehicle,high,low,0.7748680432093138,Java_high_Java_low_results.csv
26,63,vehicle,high,low,0.8140587983205438,Java_high_Java_low_results.csv
1,176,vehicle,high,low,0.8331065471944369,Java_high_Java_low_results.csv
48,101,vehicle,high,low,0.8654496841406962,Java_high_Java_low_results.csv
48,37,vehicle,high,low,0.7612602188613034,Java_high_Java_low_results.csv
26,64,vehicle,high,low,0.8313253731056558,Java_high_Java_low_results.csv
1,179,vehicle,high,low,0.8462594933921723,Java_high_Java_low_results.csv
48,10,vehicle,high,low,0.8100101529419872,Java_high_Java_low_results.csv
68,41,vehicle,high,low,0.7582102465101745,Java_high_Java_low_results.csv
26,65,vehicle,high,low,0.8717090627848184,Java_high_Java_low_results.csv
1,180,vehicle,high,low,0.8117019145752629,Java_high_Java_low_results.csv
48,99,vehicle,high,low,0.792872884753663,Java_high_Java_low_results.csv
68,43,vehicle,high,low,0.7887320062831299,Java_high_Java_low_results.csv
48,13,vehicle,high,low,0.8407001733771167,Java_high_Java_low_results.csv
26,182,vehicle,high,low,0.8223529344408939,Java_high_Java_low_results.csv
1,182,vehicle,high,low,0.8849589052010294,Java_high_Java_low_results.csv
48,21,vehicle,high,low,0.798983096850221,Java_high_Java_low_results.csv
26,35,vehicle,high,low,0.7913701373201731,Java_high_Java_low_results.csv
1,77,vehicle,high,low,0.8630144667427823,Java_high_Java_low_results.csv
48,27,vehicle,high,low,0.8692478406334299,Java_high_Java_low_results.csv
1,74,vehicle,high,low,0.8343744948846923,Java_high_Java_low_results.csv
48,29,vehicle,high,low,0.8187889080853068,Java_high_Java_low_results.csv
48,41,vehicle,high,low,0.7222708113260132,Java_high_Java_low_results.csv
1,183,vehicle,high,low,0.8303369918783212,Java_high_Java_low_results.csv
26,31,vehicle,high,low,0.7624755957613784,Java_high_Java_low_results.csv
1,41,vehicle,high,low,0.8301675048006828,Java_high_Java_low_results.csv
48,31,vehicle,high,low,0.7234860365618043,Java_high_Java_low_results.csv
1,64,vehicle,high,low,0.8686458447055612,Java_high_Java_low_results.csv
26,179,vehicle,high,low,0.798386774623452,Java_high_Java_low_results.csv
26,29,vehicle,high,low,0.8062227514249377,Java_high_Java_low_results.csv
1,60,vehicle,high,low,0.8225934712713244,Java_high_Java_low_results.csv
1,37,vehicle,high,low,0.8623019186731178,Java_high_Java_low_results.csv
48,34,vehicle,high,low,0.8072566417141543,Java_high_Java_low_results.csv
26,176,vehicle,high,low,0.7845535617653676,Java_high_Java_low_results.csv
26,27,vehicle,high,low,0.8685676652147725,Java_high_Java_low_results.csv
1,56,vehicle,high,low,0.8343796222093504,Java_high_Java_low_results.csv
48,35,vehicle,high,low,0.785262035742036,Java_high_Java_low_results.csv
68,35,vehicle,high,low,0.8050599258315871,Java_high_Java_low_results.csv
26,172,vehicle,high,low,0.7574016346073982,Java_high_Java_low_results.csv
48,172,vehicle,high,low,0.7788648900611473,Java_high_Java_low_results.csv
26,21,vehicle,high,low,0.8112202402702487,Java_high_Java_low_results.csv
1,43,vehicle,high,low,0.8015221070135974,Java_high_Java_low_results.csv
68,34,vehicle,high,low,0.8202156086168136,Java_high_Java_low_results.csv
26,170,vehicle,high,low,0.7864764573793225,Java_high_Java_low_results.csv
1,29,vehicle,high,low,0.8546395778156586,Java_high_Java_low_results.csv
26,13,vehicle,high,low,0.8216061800855659,Java_high_Java_low_results.csv
1,10,vehicle,high,low,0.7963679437903848,Java_high_Java_low_results.csv
1,200,vehicle,high,low,0.8593361215422541,Java_high_Java_low_results.csv
26,164,vehicle,high,low,0.7955625479591731,Java_high_Java_low_results.csv
1,13,vehicle,high,low,0.8805601489663519,Java_high_Java_low_results.csv
68,31,vehicle,high,low,0.7506357302568607,Java_high_Java_low_results.csv
26,10,vehicle,high,low,0.836708205523119,Java_high_Java_low_results.csv
1,172,vehicle,high,low,0.8220756466039659,Java_high_Java_low_results.csv
68,29,vehicle,high,low,0.8035697251514754,Java_high_Java_low_results.csv
68,37,vehicle,high,low,0.763238516189943,Java_high_Java_low_results.csv
26,140,vehicle,high,low,0.7744810282119309,Java_high_Java_low_results.csv
26,37,vehicle,high,low,0.80128255170712,Java_high_Java_low_results.csv
68,27,vehicle,high,low,0.8299529596891503,Java_high_Java_low_results.csv
48,43,vehicle,high,low,0.7983737843539273,Java_high_Java_low_results.csv
26,126,vehicle,high,low,0.7930130847133533,Java_high_Java_low_results.csv
26,139,vehicle,high,low,0.7926597497019335,Java_high_Java_low_results.csv
68,21,vehicle,high,low,0.8118591425668142,Java_high_Java_low_results.csv
1,65,vehicle,high,low,0.844027162619701,Java_high_Java_low_results.csv
26,124,vehicle,high,low,0.7943803953548054,Java_high_Java_low_results.csv
48,170,vehicle,high,low,0.8001539312437695,Java_high_Java_low_results.csv
68,13,vehicle,high,low,0.8374264816510274,Java_high_Java_low_results.csv
68,44,vehicle,high,low,0.7770852248067672,Java_high_Java_low_results.csv
1,94,vehicle,high,low,0.8374095324637344,Java_high_Java_low_results.csv
48,164,vehicle,high,low,0.7497021848480224,Java_high_Java_low_results.csv
68,10,vehicle,high,low,0.7761707373975775,Java_high_Java_low_results.csv
1,44,vehicle,high,low,0.8184419222198216,Java_high_Java_low_results.csv
68,56,vehicle,high,low,0.7883738090553243,Java_high_Java_low_results.csv
48,79,vehicle,high,low,0.7136742744225734,Java_high_Java_low_results.csv
1,99,vehicle,high,low,0.8143215505999911,Java_high_Java_low_results.csv
68,60,vehicle,high,low,0.7809138219075142,Java_high_Java_low_results.csv
1,34,vehicle,high,low,0.8445332797765168,Java_high_Java_low_results.csv
48,200,vehicle,high,low,0.8028859060696781,Java_high_Java_low_results.csv
48,140,vehicle,high,low,0.7488420376090723,Java_high_Java_low_results.csv
1,101,vehicle,high,low,0.8957390174497205,Java_high_Java_low_results.csv
48,78,vehicle,high,low,0.7647805865211181,Java_high_Java_low_results.csv
68,63,vehicle,high,low,0.7943263641089156,Java_high_Java_low_results.csv
1,140,vehicle,high,low,0.8213377127595126,Java_high_Java_low_results.csv
1,124,vehicle,high,low,0.8292227651043873,Java_high_Java_low_results.csv
48,139,vehicle,high,low,0.7419849571206991,Java_high_Java_low_results.csv
1,104,vehicle,high,low,0.8298857112975921,Java_high_Java_low_results.csv
48,77,vehicle,high,low,0.7949884394210929,Java_high_Java_low_results.csv
26,77,vehicle,high,low,0.7970121789631217,Java_high_Java_low_results.csv
68,64,vehicle,high,low,0.8454802347254702,Java_high_Java_low_results.csv
1,27,vehicle,high,low,0.8551718010801878,Java_high_Java_low_results.csv
26,132,vehicle,high,low,0.8497700189876378,Java_high_Java_low_results.csv
48,183,vehicle,high,low,0.7501720423904304,Java_high_Java_low_results.csv
26,180,vehicle,high,low,0.7518508432132947,Java_high_Java_low_results.csv
48,74,vehicle,high,low,0.7819898349763454,Java_high_Java_low_results.csv
26,78,vehicle,high,low,0.7731247782525877,Java_high_Java_low_results.csv
68,65,vehicle,high,low,0.8392421626717049,Java_high_Java_low_results.csv
26,34,vehicle,high,low,0.7951413035876704,Java_high_Java_low_results.csv
48,182,vehicle,high,low,0.8091050163506096,Java_high_Java_low_results.csv
48,132,vehicle,high,low,0.813205827754161,Java_high_Java_low_results.csv
26,79,vehicle,high,low,0.7599929360678322,Java_high_Java_low_results.csv
26,183,vehicle,high,low,0.7722313655704023,Java_high_Java_low_results.csv
48,180,vehicle,high,low,0.7709356107468623,Java_high_Java_low_results.csv
48,128,vehicle,high,low,0.8203927458188891,Java_high_Java_low_results.csv
26,94,vehicle,high,low,0.7922956184606239,Java_high_Java_low_results.csv
48,126,vehicle,high,low,0.7813276195592985,Java_high_Java_low_results.csv
48,65,vehicle,high,low,0.8461319837038631,Java_high_Java_low_results.csv
26,128,vehicle,high,low,0.8347649735533502,Java_high_Java_low_results.csv
26,99,vehicle,high,low,0.7888766873847112,Java_high_Java_low_results.csv
68,74,vehicle,high,low,0.7533725473843653,Java_high_Java_low_results.csv
68,101,vehicle,high,low,0.8799401957449374,Java_high_Java_low_results.csv
48,124,vehicle,high,low,0.7654484186136025,Java_high_Java_low_results.csv
48,64,vehicle,high,low,0.8379907473633201,Java_high_Java_low_results.csv
26,101,vehicle,high,low,0.8855323802362491,Java_high_Java_low_results.csv
68,77,vehicle,high,low,0.8035611939230896,Java_high_Java_low_results.csv
1,126,vehicle,high,low,0.8493703993732235,Java_high_Java_low_results.csv
48,114,vehicle,high,low,0.7654723841460427,Java_high_Java_low_results.csv
1,35,vehicle,high,low,0.8619677201369578,Java_high_Java_low_results.csv
68,99,vehicle,high,low,0.7845826684658709,Java_high_Java_low_results.csv
48,179,vehicle,high,low,0.7487432514256787,Java_high_Java_low_results.csv
48,63,vehicle,high,low,0.8034535999651383,Java_high_Java_low_results.csv
26,104,vehicle,high,low,0.8607046837743523,Java_high_Java_low_results.csv
68,78,vehicle,high,low,0.7159160638775519,Java_high_Java_low_results.csv
1,63,vehicle,high,low,0.7869187127973436,Java_high_Java_low_results.csv
1,128,vehicle,high,low,0.8675372001792021,Java_high_Java_low_results.csv
48,60,vehicle,high,low,0.7661016789592865,Java_high_Java_low_results.csv
1,164,vehicle,high,low,0.8615565732867673,Java_high_Java_low_results.csv
68,94,vehicle,high,low,0.7842995635376705,Java_high_Java_low_results.csv
68,79,vehicle,high,low,0.7662611088060415,Java_high_Java_low_results.csv
1,132,vehicle,high,low,0.8407568836615104,Java_high_Java_low_results.csv
26,114,vehicle,high,low,0.7798314670856082,Java_high_Java_low_results.csv
48,56,vehicle,high,low,0.7659115495937374,Java_high_Java_low_results.csv
48,104,vehicle,high,low,0.8370699949268947,Java_high_Java_low_results.csv
68,114,vehicle,high,low,0.7389293729381672,Java_high_Java_low_results.csv
68,139,vehicle,high,low,0.7250550433104928,Java_high_Java_low_results.csv
68,104,vehicle,high,low,0.8391632128702797,Java_high_Java_low_results.csv
68,140,vehicle,high,low,0.7342807560934372,Java_high_Java_low_results.csv
69,27,vehicle,high,low,0.908986338960155,Java_high_Java_low_results.csv
68,200,vehicle,high,low,0.7905542319050959,Java_high_Java_low_results.csv
68,176,vehicle,high,low,0.8057655147187158,Java_high_Java_low_results.csv
68,180,vehicle,high,low,0.7741550276381814,Java_high_Java_low_results.csv
68,182,vehicle,high,low,0.8138491067412418,Java_high_Java_low_results.csv
69,29,vehicle,high,low,0.8261246580051257,Java_high_Java_low_results.csv
69,34,vehicle,high,low,0.7708859914344804,Java_high_Java_low_results.csv
68,164,vehicle,high,low,0.7576732477523701,Java_high_Java_low_results.csv
69,31,vehicle,high,low,0.766087046844386,Java_high_Java_low_results.csv
69,35,vehicle,high,low,0.7370246626015502,Java_high_Java_low_results.csv
69,37,vehicle,high,low,0.7916239813750526,Java_high_Java_low_results.csv
69,41,vehicle,high,low,0.7502906503646732,Java_high_Java_low_results.csv
68,172,vehicle,high,low,0.7972682522007094,Java_high_Java_low_results.csv
69,43,vehicle,high,low,0.7796775410982724,Java_high_Java_low_results.csv
69,44,vehicle,high,low,0.7728541519519525,Java_high_Java_low_results.csv
69,65,vehicle,high,low,0.898015870735768,Java_high_Java_low_results.csv
69,60,vehicle,high,low,0.7632617354429131,Java_high_Java_low_results.csv
69,74,vehicle,high,low,0.8192277161258864,Java_high_Java_low_results.csv
69,10,vehicle,high,low,0.8393399626572595,Java_high_Java_low_results.csv
69,63,vehicle,high,low,0.797485249435254,Java_high_Java_low_results.csv
69,78,vehicle,high,low,0.8203165046775863,Java_high_Java_low_results.csv
68,124,vehicle,high,low,0.7836356248284814,Java_high_Java_low_results.csv
69,56,vehicle,high,low,0.773512603250264,Java_high_Java_low_results.csv
68,179,vehicle,high,low,0.8059442551776655,Java_high_Java_low_results.csv
68,183,vehicle,high,low,0.7606580865745216,Java_high_Java_low_results.csv
68,132,vehicle,high,low,0.8065107107276657,Java_high_Java_low_results.csv
68,126,vehicle,high,low,0.7990978442816516,Java_high_Java_low_results.csv
69,94,vehicle,high,low,0.7969712973209485,Java_high_Java_low_results.csv
69,114,vehicle,high,low,0.8343465009892794,Java_high_Java_low_results.csv
68,128,vehicle,high,low,0.8226282214148308,Java_high_Java_low_results.csv
68,170,vehicle,high,low,0.7596849812017803,Java_high_Java_low_results.csv
69,21,vehicle,high,low,0.7470380629825715,Java_high_Java_low_results.csv
69,139,vehicle,high,low,0.7664733855445384,Java_high_Java_low_results.csv
69,164,vehicle,high,low,0.8374797814141879,Java_high_Java_low_results.csv
69,64,vehicle,high,low,0.8022900904668712,Java_high_Java_low_results.csv
69,180,vehicle,high,low,0.7733161236015175,Java_high_Java_low_results.csv
69,79,vehicle,high,low,0.7301045810222265,Java_high_Java_low_results.csv
80,10,vehicle,high,low,0.8558572246543599,Java_high_Java_low_results.csv
69,170,vehicle,high,low,0.735151025052049,Java_high_Java_low_results.csv
69,179,vehicle,high,low,0.769014054661584,Java_high_Java_low_results.csv
69,200,vehicle,high,low,0.8390096491000637,Java_high_Java_low_results.csv
80,27,vehicle,high,low,0.8704194470072852,Java_high_Java_low_results.csv
69,104,vehicle,high,low,0.8386975918088415,Java_high_Java_low_results.csv
69,183,vehicle,high,low,0.7626821886664147,Java_high_Java_low_results.csv
80,29,vehicle,high,low,0.8385989993339588,Java_high_Java_low_results.csv
80,13,vehicle,high,low,0.9308879140208168,Java_high_Java_low_results.csv
80,31,vehicle,high,low,0.8885401224608437,Java_high_Java_low_results.csv
69,99,vehicle,high,low,0.7646687594142307,Java_high_Java_low_results.csv
69,128,vehicle,high,low,0.7438079547877641,Java_high_Java_low_results.csv
80,35,vehicle,high,low,0.9125181544922994,Java_high_Java_low_results.csv
80,37,vehicle,high,low,0.8857262591844162,Java_high_Java_low_results.csv
80,56,vehicle,high,low,0.8792333727688826,Java_high_Java_low_results.csv
80,41,vehicle,high,low,0.8979686341279859,Java_high_Java_low_results.csv
80,21,vehicle,high,low,0.8701149355696376,Java_high_Java_low_results.csv
69,182,vehicle,high,low,0.7981136663831414,Java_high_Java_low_results.csv
80,43,vehicle,high,low,0.8909555803418113,Java_high_Java_low_results.csv
80,65,vehicle,high,low,0.8124602714578805,Java_high_Java_low_results.csv
80,74,vehicle,high,low,0.8574920540594467,Java_high_Java_low_results.csv
80,63,vehicle,high,low,0.8846725971215392,Java_high_Java_low_results.csv
80,60,vehicle,high,low,0.891641612132939,Java_high_Java_low_results.csv
80,78,vehicle,high,low,0.819087755059417,Java_high_Java_low_results.csv
80,79,vehicle,high,low,0.8661715549959978,Java_high_Java_low_results.csv
80,94,vehicle,high,low,0.7897915570694429,Java_high_Java_low_results.csv
80,104,vehicle,high,low,0.8415638286258434,Java_high_Java_low_results.csv
80,114,vehicle,high,low,0.8312095773348229,Java_high_Java_low_results.csv
80,99,vehicle,high,low,0.87962784771014,Java_high_Java_low_results.csv
80,64,vehicle,high,low,0.9129104002628464,Java_high_Java_low_results.csv
80,34,vehicle,high,low,0.875440486018523,Java_high_Java_low_results.csv
80,124,vehicle,high,low,0.8548811035052905,Java_high_Java_low_results.csv
80,139,vehicle,high,low,0.8607420096642644,Java_high_Java_low_results.csv
69,172,vehicle,high,low,0.7432072246004434,Java_high_Java_low_results.csv
80,132,vehicle,high,low,0.8808210743221955,Java_high_Java_low_results.csv
80,126,vehicle,high,low,0.8582458121226598,Java_high_Java_low_results.csv
80,128,vehicle,high,low,0.9265353460855,Java_high_Java_low_results.csv
80,44,vehicle,high,low,0.8684082855336085,Java_high_Java_low_results.csv
80,164,vehicle,high,low,0.8647644837807227,Java_high_Java_low_results.csv
80,170,vehicle,high,low,0.912382336534292,Java_high_Java_low_results.csv
80,180,vehicle,high,low,0.8311571513246322,Java_high_Java_low_results.csv
80,77,vehicle,high,low,0.9262052825191652,Java_high_Java_low_results.csv
80,101,vehicle,high,low,0.9495621878249596,Java_high_Java_low_results.csv
80,183,vehicle,high,low,0.8599513175813126,Java_high_Java_low_results.csv
69,140,vehicle,high,low,0.8048720559108968,Java_high_Java_low_results.csv
80,200,vehicle,high,low,0.8607796769192284,Java_high_Java_low_results.csv
80,179,vehicle,high,low,0.907142967600415,Java_high_Java_low_results.csv
80,182,vehicle,high,low,0.9014922968192672,Java_high_Java_low_results.csv
82,27,vehicle,high,low,0.8851954398808897,Java_high_Java_low_results.csv
69,126,vehicle,high,low,0.7790989156920697,Java_high_Java_low_results.csv
82,10,vehicle,high,low,0.8173044268221055,Java_high_Java_low_results.csv
80,172,vehicle,high,low,0.8363650715307049,Java_high_Java_low_results.csv
80,140,vehicle,high,low,0.8859113619865792,Java_high_Java_low_results.csv
69,13,vehicle,high,low,0.7725082785031835,Java_high_Java_low_results.csv
82,34,vehicle,high,low,0.7909368900387163,Java_high_Java_low_results.csv
80,176,vehicle,high,low,0.8952647367599709,Java_high_Java_low_results.csv
82,31,vehicle,high,low,0.7544395846825928,Java_high_Java_low_results.csv
82,21,vehicle,high,low,0.8023769483337181,Java_high_Java_low_results.csv
82,37,vehicle,high,low,0.7748586567475881,Java_high_Java_low_results.csv
82,35,vehicle,high,low,0.7375617365668447,Java_high_Java_low_results.csv
69,124,vehicle,high,low,0.829908012902829,Java_high_Java_low_results.csv
82,65,vehicle,high,low,0.8795962295285414,Java_high_Java_low_results.csv
82,43,vehicle,high,low,0.7874259327712337,Java_high_Java_low_results.csv
82,29,vehicle,high,low,0.7984512929522647,Java_high_Java_low_results.csv
69,132,vehicle,high,low,0.8093474832519439,Java_high_Java_low_results.csv
82,56,vehicle,high,low,0.7559033259044956,Java_high_Java_low_results.csv
82,63,vehicle,high,low,0.792612787232851,Java_high_Java_low_results.csv
82,78,vehicle,high,low,0.7982899912813013,Java_high_Java_low_results.csv
69,176,vehicle,high,low,0.7013912880338365,Java_high_Java_low_results.csv
82,94,vehicle,high,low,0.8035962529147471,Java_high_Java_low_results.csv
82,114,vehicle,high,low,0.8050732009005018,Java_high_Java_low_results.csv
82,74,vehicle,high,low,0.7932052225400106,Java_high_Java_low_results.csv
82,99,vehicle,high,low,0.7886615422292391,Java_high_Java_low_results.csv
69,77,vehicle,high,low,0.7653160401543271,Java_high_Java_low_results.csv
82,124,vehicle,high,low,0.8049713835180988,Java_high_Java_low_results.csv
82,140,vehicle,high,low,0.786705379819367,Java_high_Java_low_results.csv
82,126,vehicle,high,low,0.7951391343257447,Java_high_Java_low_results.csv
82,132,vehicle,high,low,0.8144947273790034,Java_high_Java_low_results.csv
82,139,vehicle,high,low,0.7639300383628566,Java_high_Java_low_results.csv
82,164,vehicle,high,low,0.7924536461818361,Java_high_Java_low_results.csv
82,180,vehicle,high,low,0.7877708951402888,Java_high_Java_low_results.csv
82,172,vehicle,high,low,0.7585483008840932,Java_high_Java_low_results.csv
86,10,vehicle,high,low,0.8112467496086182,Java_high_Java_low_results.csv
82,179,vehicle,high,low,0.7496575511391738,Java_high_Java_low_results.csv
82,200,vehicle,high,low,0.8283544235949968,Java_high_Java_low_results.csv
82,77,vehicle,high,low,0.7534552888861643,Java_high_Java_low_results.csv
82,176,vehicle,high,low,0.7623251492800155,Java_high_Java_low_results.csv
82,183,vehicle,high,low,0.7881411829892138,Java_high_Java_low_results.csv
82,101,vehicle,high,low,0.8250233913154913,Java_high_Java_low_results.csv
86,27,vehicle,high,low,0.9089737188792686,Java_high_Java_low_results.csv
86,34,vehicle,high,low,0.7684180041890202,Java_high_Java_low_results.csv
86,31,vehicle,high,low,0.7543697963352335,Java_high_Java_low_results.csv
86,37,vehicle,high,low,0.8022991654232386,Java_high_Java_low_results.csv
82,44,vehicle,high,low,0.774650973819411,Java_high_Java_low_results.csv
86,35,vehicle,high,low,0.758496278181677,Java_high_Java_low_results.csv
86,21,vehicle,high,low,0.794358307356166,Java_high_Java_low_results.csv
82,104,vehicle,high,low,0.8501815152944583,Java_high_Java_low_results.csv
82,41,vehicle,high,low,0.7553637281421217,Java_high_Java_low_results.csv
82,60,vehicle,high,low,0.7237184635640348,Java_high_Java_low_results.csv
82,64,vehicle,high,low,0.81729142957513,Java_high_Java_low_results.csv
86,13,vehicle,high,low,0.7827457893251281,Java_high_Java_low_results.csv
86,29,vehicle,high,low,0.8640992665367275,Java_high_Java_low_results.csv
86,78,vehicle,high,low,0.8069587021899006,Java_high_Java_low_results.csv
86,41,vehicle,high,low,0.7184708212864691,Java_high_Java_low_results.csv
82,79,vehicle,high,low,0.7429881186182802,Java_high_Java_low_results.csv
82,182,vehicle,high,low,0.7873633238107444,Java_high_Java_low_results.csv
86,43,vehicle,high,low,0.7812329711045576,Java_high_Java_low_results.csv
86,63,vehicle,high,low,0.7987358284367303,Java_high_Java_low_results.csv
86,44,vehicle,high,low,0.7754121663545305,Java_high_Java_low_results.csv
86,60,vehicle,high,low,0.7483748045895741,Java_high_Java_low_results.csv
86,94,vehicle,high,low,0.8432480268916434,Java_high_Java_low_results.csv
86,114,vehicle,high,low,0.8380011754311026,Java_high_Java_low_results.csv
86,139,vehicle,high,low,0.7624783689469212,Java_high_Java_low_results.csv
86,74,vehicle,high,low,0.8139475316322475,Java_high_Java_low_results.csv
86,124,vehicle,high,low,0.8430269110974814,Java_high_Java_low_results.csv
86,99,vehicle,high,low,0.7427460537851766,Java_high_Java_low_results.csv
86,65,vehicle,high,low,0.9105570899397136,Java_high_Java_low_results.csv
82,170,vehicle,high,low,0.7700377142066542,Java_high_Java_low_results.csv
86,126,vehicle,high,low,0.8196301042758173,Java_high_Java_low_results.csv
82,13,vehicle,high,low,0.7817693268518171,Java_high_Java_low_results.csv
86,140,vehicle,high,low,0.8160962143330528,Java_high_Java_low_results.csv
86,172,vehicle,high,low,0.8012589421216004,Java_high_Java_low_results.csv
86,56,vehicle,high,low,0.7651175851351157,Java_high_Java_low_results.csv
86,170,vehicle,high,low,0.7495804501159976,Java_high_Java_low_results.csv
86,180,vehicle,high,low,0.7920357500858761,Java_high_Java_low_results.csv
86,128,vehicle,high,low,0.7488655986291829,Java_high_Java_low_results.csv
82,128,vehicle,high,low,0.7808912924891843,Java_high_Java_low_results.csv
87,27,vehicle,high,low,0.9002874454564036,Java_high_Java_low_results.csv
86,200,vehicle,high,low,0.8618533742237552,Java_high_Java_low_results.csv
86,179,vehicle,high,low,0.7648388548782451,Java_high_Java_low_results.csv
86,79,vehicle,high,low,0.7440124217227316,Java_high_Java_low_results.csv
86,132,vehicle,high,low,0.8178466067839887,Java_high_Java_low_results.csv
86,183,vehicle,high,low,0.795876247227982,Java_high_Java_low_results.csv
87,10,vehicle,high,low,0.8302367450264831,Java_high_Java_low_results.csv
87,21,vehicle,high,low,0.8052910685156975,Java_high_Java_low_results.csv
86,164,vehicle,high,low,0.8383142584394783,Java_high_Java_low_results.csv
87,34,vehicle,high,low,0.8061941502811589,Java_high_Java_low_results.csv
87,31,vehicle,high,low,0.7421896313002769,Java_high_Java_low_results.csv
87,35,vehicle,high,low,0.7787666331661629,Java_high_Java_low_results.csv
87,56,vehicle,high,low,0.7495096381618164,Java_high_Java_low_results.csv
87,43,vehicle,high,low,0.805793277291109,Java_high_Java_low_results.csv
87,13,vehicle,high,low,0.7971624203382233,Java_high_Java_low_results.csv
87,65,vehicle,high,low,0.9018737530526784,Java_high_Java_low_results.csv
86,104,vehicle,high,low,0.8684251899522625,Java_high_Java_low_results.csv
87,74,vehicle,high,low,0.8057629949168884,Java_high_Java_low_results.csv
87,63,vehicle,high,low,0.7890540230916131,Java_high_Java_low_results.csv
87,78,vehicle,high,low,0.8047202278849063,Java_high_Java_low_results.csv
87,29,vehicle,high,low,0.8073160878388734,Java_high_Java_low_results.csv
87,104,vehicle,high,low,0.8688761146216403,Java_high_Java_low_results.csv
87,79,vehicle,high,low,0.7787064928309501,Java_high_Java_low_results.csv
87,99,vehicle,high,low,0.8066664220975817,Java_high_Java_low_results.csv
87,77,vehicle,high,low,0.7438387062390671,Java_high_Java_low_results.csv
87,64,vehicle,high,low,0.8280078983929401,Java_high_Java_low_results.csv
69,101,vehicle,high,low,0.7991042933270756,Java_high_Java_low_results.csv
87,44,vehicle,high,low,0.7881022449019602,Java_high_Java_low_results.csv
86,77,vehicle,high,low,0.745472934539657,Java_high_Java_low_results.csv
87,139,vehicle,high,low,0.7846151567016739,Java_high_Java_low_results.csv
87,124,vehicle,high,low,0.840293392253194,Java_high_Java_low_results.csv
87,114,vehicle,high,low,0.8145483512143727,Java_high_Java_low_results.csv
87,126,vehicle,high,low,0.8144111844830979,Java_high_Java_low_results.csv
87,94,vehicle,high,low,0.8320759588289534,Java_high_Java_low_results.csv
87,41,vehicle,high,low,0.7258122494259818,Java_high_Java_low_results.csv
86,101,vehicle,high,low,0.7957767643942854,Java_high_Java_low_results.csv
87,132,vehicle,high,low,0.8255710436999103,Java_high_Java_low_results.csv
86,182,vehicle,high,low,0.8109382930973704,Java_high_Java_low_results.csv
118,10,vehicle,high,low,0.7457170377971561,Java_high_Java_low_results.csv
87,172,vehicle,high,low,0.79907102213419,Java_high_Java_low_results.csv
118,27,vehicle,high,low,0.8576352601429973,Java_high_Java_low_results.csv
87,180,vehicle,high,low,0.8179126336585276,Java_high_Java_low_results.csv
87,200,vehicle,high,low,0.8189111911749329,Java_high_Java_low_results.csv
87,37,vehicle,high,low,0.761337704959725,Java_high_Java_low_results.csv
118,29,vehicle,high,low,0.8536387298826985,Java_high_Java_low_results.csv
87,128,vehicle,high,low,0.8158969481444067,Java_high_Java_low_results.csv
86,176,vehicle,high,low,0.727603017435203,Java_high_Java_low_results.csv
118,21,vehicle,high,low,0.8456560206868848,Java_high_Java_low_results.csv
118,34,vehicle,high,low,0.8155757460272138,Java_high_Java_low_results.csv
118,31,vehicle,high,low,0.8262135106141661,Java_high_Java_low_results.csv
87,176,vehicle,high,low,0.7872534313792824,Java_high_Java_low_results.csv
118,37,vehicle,high,low,0.8343166215472829,Java_high_Java_low_results.csv
118,56,vehicle,high,low,0.7991543180405353,Java_high_Java_low_results.csv
118,43,vehicle,high,low,0.8496389040886454,Java_high_Java_low_results.csv
118,44,vehicle,high,low,0.8289787218439495,Java_high_Java_low_results.csv
118,65,vehicle,high,low,0.8178191973188026,Java_high_Java_low_results.csv
118,60,vehicle,high,low,0.8267406378403951,Java_high_Java_low_results.csv
118,74,vehicle,high,low,0.7810353197896434,Java_high_Java_low_results.csv
118,63,vehicle,high,low,0.7875968451733829,Java_high_Java_low_results.csv
118,78,vehicle,high,low,0.7777278967240862,Java_high_Java_low_results.csv
118,94,vehicle,high,low,0.8230345057228067,Java_high_Java_low_results.csv
87,60,vehicle,high,low,0.7738277571021903,Java_high_Java_low_results.csv
118,79,vehicle,high,low,0.8220711919892253,Java_high_Java_low_results.csv
118,77,vehicle,high,low,0.8573991679389703,Java_high_Java_low_results.csv
118,99,vehicle,high,low,0.8557981196848439,Java_high_Java_low_results.csv
118,64,vehicle,high,low,0.8813107798966883,Java_high_Java_low_results.csv
118,104,vehicle,high,low,0.8199737031618496,Java_high_Java_low_results.csv
87,170,vehicle,high,low,0.7377005868067757,Java_high_Java_low_results.csv
118,139,vehicle,high,low,0.7886507157399579,Java_high_Java_low_results.csv
118,124,vehicle,high,low,0.8560291146277752,Java_high_Java_low_results.csv
118,126,vehicle,high,low,0.85968128564962,Java_high_Java_low_results.csv
118,13,vehicle,high,low,0.861373283152577,Java_high_Java_low_results.csv
118,35,vehicle,high,low,0.8147103541994237,Java_high_Java_low_results.csv
118,132,vehicle,high,low,0.8627734826371827,Java_high_Java_low_results.csv
118,114,vehicle,high,low,0.7884147728239849,Java_high_Java_low_results.csv
87,183,vehicle,high,low,0.7688948123518103,Java_high_Java_low_results.csv
118,164,vehicle,high,low,0.8464778183555294,Java_high_Java_low_results.csv
118,172,vehicle,high,low,0.8193095820704601,Java_high_Java_low_results.csv
118,128,vehicle,high,low,0.8495905721196368,Java_high_Java_low_results.csv
118,180,vehicle,high,low,0.7607870054202169,Java_high_Java_low_results.csv
118,101,vehicle,high,low,0.9001854206140248,Java_high_Java_low_results.csv
118,170,vehicle,high,low,0.8205249538301188,Java_high_Java_low_results.csv
118,41,vehicle,high,low,0.8305725610679651,Java_high_Java_low_results.csv
118,200,vehicle,high,low,0.8021476692079512,Java_high_Java_low_results.csv
87,140,vehicle,high,low,0.7907006199585954,Java_high_Java_low_results.csv
178,27,vehicle,high,low,0.8227578082987508,Java_high_Java_low_results.csv
118,140,vehicle,high,low,0.8264143925837261,Java_high_Java_low_results.csv
178,10,vehicle,high,low,0.7936583134018925,Java_high_Java_low_results.csv
178,29,vehicle,high,low,0.790105142050487,Java_high_Java_low_results.csv
178,34,vehicle,high,low,0.8353175396877551,Java_high_Java_low_results.csv
178,31,vehicle,high,low,0.7642652981234673,Java_high_Java_low_results.csv
87,164,vehicle,high,low,0.8110817681255034,Java_high_Java_low_results.csv
86,64,vehicle,high,low,0.790531755583769,Java_high_Java_low_results.csv
178,37,vehicle,high,low,0.7947067598627128,Java_high_Java_low_results.csv
178,56,vehicle,high,low,0.8035054499130427,Java_high_Java_low_results.csv
118,183,vehicle,high,low,0.8007171057165545,Java_high_Java_low_results.csv
178,44,vehicle,high,low,0.8119183457681924,Java_high_Java_low_results.csv
178,43,vehicle,high,low,0.7991684967837259,Java_high_Java_low_results.csv
118,179,vehicle,high,low,0.8639459319393169,Java_high_Java_low_results.csv
178,65,vehicle,high,low,0.8335238560436434,Java_high_Java_low_results.csv
178,13,vehicle,high,low,0.8609502301242802,Java_high_Java_low_results.csv
178,78,vehicle,high,low,0.7472052720961166,Java_high_Java_low_results.csv
178,60,vehicle,high,low,0.8148007755007048,Java_high_Java_low_results.csv
87,179,vehicle,high,low,0.7650788438918682,Java_high_Java_low_results.csv
178,114,vehicle,high,low,0.781312432329895,Java_high_Java_low_results.csv
118,182,vehicle,high,low,0.8520871455644267,Java_high_Java_low_results.csv
178,79,vehicle,high,low,0.7922955370943572,Java_high_Java_low_results.csv
178,99,vehicle,high,low,0.7945117655794762,Java_high_Java_low_results.csv
178,104,vehicle,high,low,0.8339159576162867,Java_high_Java_low_results.csv
178,94,vehicle,high,low,0.7814677208291424,Java_high_Java_low_results.csv
178,124,vehicle,high,low,0.7538169151138602,Java_high_Java_low_results.csv
178,74,vehicle,high,low,0.7783279638182311,Java_high_Java_low_results.csv
178,139,vehicle,high,low,0.7637665763143353,Java_high_Java_low_results.csv
178,132,vehicle,high,low,0.8174003819179664,Java_high_Java_low_results.csv
178,140,vehicle,high,low,0.71988240297642,Java_high_Java_low_results.csv
178,126,vehicle,high,low,0.798517552628496,Java_high_Java_low_results.csv
118,176,vehicle,high,low,0.8370932498448211,Java_high_Java_low_results.csv
178,180,vehicle,high,low,0.7897615426180262,Java_high_Java_low_results.csv
178,170,vehicle,high,low,0.820161810040483,Java_high_Java_low_results.csv
178,35,vehicle,high,low,0.8310721759378494,Java_high_Java_low_results.csv
178,63,vehicle,high,low,0.7945794856395981,Java_high_Java_low_results.csv
178,176,vehicle,high,low,0.8363479162324842,Java_high_Java_low_results.csv
87,182,vehicle,high,low,0.8021444896747169,Java_high_Java_low_results.csv
178,77,vehicle,high,low,0.8307207373194804,Java_high_Java_low_results.csv
178,200,vehicle,high,low,0.810662806338466,Java_high_Java_low_results.csv
178,179,vehicle,high,low,0.8235766023108555,Java_high_Java_low_results.csv
178,101,vehicle,high,low,0.893256784396005,Java_high_Java_low_results.csv
178,21,vehicle,high,low,0.8163810155061033,Java_high_Java_low_results.csv
178,41,vehicle,high,low,0.7775136292495914,Java_high_Java_low_results.csv
178,172,vehicle,high,low,0.8261766113447145,Java_high_Java_low_results.csv
178,182,vehicle,high,low,0.8168601311677627,Java_high_Java_low_results.csv
178,164,vehicle,high,low,0.745276178846439,Java_high_Java_low_results.csv
178,183,vehicle,high,low,0.791113977636294,Java_high_Java_low_results.csv
87,101,vehicle,high,low,0.8342648565418656,Java_high_Java_low_results.csv
178,128,vehicle,high,low,0.8695026284090873,Java_high_Java_low_results.csv
178,64,vehicle,high,low,0.8568871135609417,Java_high_Java_low_results.csv
1,214,vehicle,high,medium,0.856674398322635,Java_high_Java_medium_results.csv
1,215,vehicle,high,medium,0.8468491664086847,Java_high_Java_medium_results.csv
48,32,vehicle,high,medium,0.7104370203302381,Java_high_Java_medium_results.csv
26,97,vehicle,high,medium,0.757556748709936,Java_high_Java_medium_results.csv
1,57,vehicle,high,medium,0.8184074200221728,Java_high_Java_medium_results.csv
26,4,vehicle,high,medium,0.8300428064318859,Java_high_Java_medium_results.csv
1,135,vehicle,high,medium,0.8206070854048033,Java_high_Java_medium_results.csv
26,6,vehicle,high,medium,0.8658586962499059,Java_high_Java_medium_results.csv
1,83,vehicle,high,medium,0.8377848973436738,Java_high_Java_medium_results.csv
26,16,vehicle,high,medium,0.774256335607678,Java_high_Java_medium_results.csv
26,24,vehicle,high,medium,0.8018549631280113,Java_high_Java_medium_results.csv
1,81,vehicle,high,medium,0.8247719306117707,Java_high_Java_medium_results.csv
1,18,vehicle,high,medium,0.8193821184342618,Java_high_Java_medium_results.csv
26,58,vehicle,high,medium,0.7762578821590423,Java_high_Java_medium_results.csv
26,17,vehicle,high,medium,0.7643636418380104,Java_high_Java_medium_results.csv
1,105,vehicle,high,medium,0.8605749601663721,Java_high_Java_medium_results.csv
1,50,vehicle,high,medium,0.8809981109648336,Java_high_Java_medium_results.csv
26,108,vehicle,high,medium,0.8481343897732306,Java_high_Java_medium_results.csv
48,73,vehicle,high,medium,0.8360180783468483,Java_high_Java_medium_results.csv
1,62,vehicle,high,medium,0.8363639320148366,Java_high_Java_medium_results.csv
26,62,vehicle,high,medium,0.8335018988434137,Java_high_Java_medium_results.csv
1,145,vehicle,high,medium,0.8389599555624538,Java_high_Java_medium_results.csv
48,33,vehicle,high,medium,0.7728804430491434,Java_high_Java_medium_results.csv
1,53,vehicle,high,medium,0.8201701340584958,Java_high_Java_medium_results.csv
1,66,vehicle,high,medium,0.8774827808630457,Java_high_Java_medium_results.csv
26,66,vehicle,high,medium,0.8721070223277325,Java_high_Java_medium_results.csv
1,84,vehicle,high,medium,0.807368458354804,Java_high_Java_medium_results.csv
48,72,vehicle,high,medium,0.7875161827442216,Java_high_Java_medium_results.csv
1,147,vehicle,high,medium,0.796389029928932,Java_high_Java_medium_results.csv
1,6,vehicle,high,medium,0.7871866564185337,Java_high_Java_medium_results.csv
26,115,vehicle,high,medium,0.8076993972530251,Java_high_Java_medium_results.csv
1,54,vehicle,high,medium,0.7980155625507633,Java_high_Java_medium_results.csv
1,70,vehicle,high,medium,0.8703999319777587,Java_high_Java_medium_results.csv
26,70,vehicle,high,medium,0.831100381760592,Java_high_Java_medium_results.csv
1,88,vehicle,high,medium,0.8513272179512082,Java_high_Java_medium_results.csv
1,151,vehicle,high,medium,0.8847966547541657,Java_high_Java_medium_results.csv
48,70,vehicle,high,medium,0.7448417980590916,Java_high_Java_medium_results.csv
1,133,vehicle,high,medium,0.8296344709424429,Java_high_Java_medium_results.csv
26,151,vehicle,high,medium,0.8437000825105823,Java_high_Java_medium_results.csv
26,25,vehicle,high,medium,0.7748518110110556,Java_high_Java_medium_results.csv
26,117,vehicle,high,medium,0.780551508932509,Java_high_Java_medium_results.csv
1,55,vehicle,high,medium,0.8791616862279388,Java_high_Java_medium_results.csv
1,72,vehicle,high,medium,0.8280427203735691,Java_high_Java_medium_results.csv
26,72,vehicle,high,medium,0.8222775861948369,Java_high_Java_medium_results.csv
1,89,vehicle,high,medium,0.8764961184232772,Java_high_Java_medium_results.csv
1,115,vehicle,high,medium,0.8370139296985109,Java_high_Java_medium_results.csv
1,155,vehicle,high,medium,0.8070423194553313,Java_high_Java_medium_results.csv
26,32,vehicle,high,medium,0.7682339345655563,Java_high_Java_medium_results.csv
1,58,vehicle,high,medium,0.8355653793031831,Java_high_Java_medium_results.csv
48,66,vehicle,high,medium,0.816378034127749,Java_high_Java_medium_results.csv
26,73,vehicle,high,medium,0.8250738175458905,Java_high_Java_medium_results.csv
1,91,vehicle,high,medium,0.8583590903131972,Java_high_Java_medium_results.csv
1,117,vehicle,high,medium,0.8327721878038036,Java_high_Java_medium_results.csv
1,158,vehicle,high,medium,0.8364252435865498,Java_high_Java_medium_results.csv
26,33,vehicle,high,medium,0.7765616873089825,Java_high_Java_medium_results.csv
48,62,vehicle,high,medium,0.8212875762724808,Java_high_Java_medium_results.csv
26,20,vehicle,high,medium,0.7469793746268876,Java_high_Java_medium_results.csv
26,75,vehicle,high,medium,0.8411838325534462,Java_high_Java_medium_results.csv
1,166,vehicle,high,medium,0.845964621009688,Java_high_Java_medium_results.csv
26,40,vehicle,high,medium,0.7801583360298301,Java_high_Java_medium_results.csv
48,61,vehicle,high,medium,0.7369496578809263,Java_high_Java_medium_results.csv
1,51,vehicle,high,medium,0.8150868179869953,Java_high_Java_medium_results.csv
26,81,vehicle,high,medium,0.808361596896193,Java_high_Java_medium_results.csv
1,169,vehicle,high,medium,0.7551927020005563,Java_high_Java_medium_results.csv
1,32,vehicle,high,medium,0.8090104042447349,Java_high_Java_medium_results.csv
26,42,vehicle,high,medium,0.8375739229472196,Java_high_Java_medium_results.csv
1,16,vehicle,high,medium,0.8318158163849951,Java_high_Java_medium_results.csv
48,58,vehicle,high,medium,0.773176607994822,Java_high_Java_medium_results.csv
1,171,vehicle,high,medium,0.8420942842572627,Java_high_Java_medium_results.csv
26,133,vehicle,high,medium,0.7675424311279184,Java_high_Java_medium_results.csv
1,168,vehicle,high,medium,0.8385862748931951,Java_high_Java_medium_results.csv
1,33,vehicle,high,medium,0.8206241007064189,Java_high_Java_medium_results.csv
26,83,vehicle,high,medium,0.8181776394304732,Java_high_Java_medium_results.csv
26,207,vehicle,high,medium,0.7917076642702018,Java_high_Java_medium_results.csv
26,145,vehicle,high,medium,0.8015284189138134,Java_high_Java_medium_results.csv
26,50,vehicle,high,medium,0.8380320563739017,Java_high_Java_medium_results.csv
48,57,vehicle,high,medium,0.7597585088468704,Java_high_Java_medium_results.csv
1,4,vehicle,high,medium,0.8224231975914881,Java_high_Java_medium_results.csv
26,135,vehicle,high,medium,0.8291184833575149,Java_high_Java_medium_results.csv
26,84,vehicle,high,medium,0.8138875750014664,Java_high_Java_medium_results.csv
1,40,vehicle,high,medium,0.795784685670631,Java_high_Java_medium_results.csv
26,51,vehicle,high,medium,0.8003511020981738,Java_high_Java_medium_results.csv
48,55,vehicle,high,medium,0.8447883242585202,Java_high_Java_medium_results.csv
48,24,vehicle,high,medium,0.7898562988623906,Java_high_Java_medium_results.csv
26,142,vehicle,high,medium,0.7517916413456497,Java_high_Java_medium_results.csv
26,88,vehicle,high,medium,0.8403324931339463,Java_high_Java_medium_results.csv
26,53,vehicle,high,medium,0.8497401030884068,Java_high_Java_medium_results.csv
48,54,vehicle,high,medium,0.7998130833717274,Java_high_Java_medium_results.csv
48,20,vehicle,high,medium,0.7576674696532937,Java_high_Java_medium_results.csv
26,143,vehicle,high,medium,0.7571363841444951,Java_high_Java_medium_results.csv
26,89,vehicle,high,medium,0.7884242936107023,Java_high_Java_medium_results.csv
26,54,vehicle,high,medium,0.7963417176621355,Java_high_Java_medium_results.csv
48,53,vehicle,high,medium,0.7827833766232559,Java_high_Java_medium_results.csv
1,73,vehicle,high,medium,0.8119354273412849,Java_high_Java_medium_results.csv
1,108,vehicle,high,medium,0.8263170435994306,Java_high_Java_medium_results.csv
48,19,vehicle,high,medium,0.8317285752780529,Java_high_Java_medium_results.csv
26,55,vehicle,high,medium,0.8557854458545656,Java_high_Java_medium_results.csv
26,206,vehicle,high,medium,0.8356904042782168,Java_high_Java_medium_results.csv
48,51,vehicle,high,medium,0.7503420375649982,Java_high_Java_medium_results.csv
1,24,vehicle,high,medium,0.8863779228627711,Java_high_Java_medium_results.csv
48,18,vehicle,high,medium,0.8118046355077383,Java_high_Java_medium_results.csv
26,202,vehicle,high,medium,0.8761387395125632,Java_high_Java_medium_results.csv
26,105,vehicle,high,medium,0.8090453257251927,Java_high_Java_medium_results.csv
48,50,vehicle,high,medium,0.7971134681445824,Java_high_Java_medium_results.csv
1,61,vehicle,high,medium,0.8082851589881046,Java_high_Java_medium_results.csv
48,17,vehicle,high,medium,0.755599932520425,Java_high_Java_medium_results.csv
26,197,vehicle,high,medium,0.8426858425692907,Java_high_Java_medium_results.csv
1,20,vehicle,high,medium,0.8474421480641487,Java_high_Java_medium_results.csv
48,42,vehicle,high,medium,0.835946401145595,Java_high_Java_medium_results.csv
1,190,vehicle,high,medium,0.8022572056763921,Java_high_Java_medium_results.csv
48,16,vehicle,high,medium,0.7685884536885471,Java_high_Java_medium_results.csv
1,143,vehicle,high,medium,0.8174627562624074,Java_high_Java_medium_results.csv
48,40,vehicle,high,medium,0.772151277050445,Java_high_Java_medium_results.csv
1,191,vehicle,high,medium,0.7949165610083956,Java_high_Java_medium_results.csv
26,192,vehicle,high,medium,0.8218934592304651,Java_high_Java_medium_results.csv
26,18,vehicle,high,medium,0.8403152704644393,Java_high_Java_medium_results.csv
26,91,vehicle,high,medium,0.7393509049915642,Java_high_Java_medium_results.csv
1,192,vehicle,high,medium,0.7682126824028126,Java_high_Java_medium_results.csv
26,191,vehicle,high,medium,0.7866830655825554,Java_high_Java_medium_results.csv
26,203,vehicle,high,medium,0.9042977864526256,Java_high_Java_medium_results.csv
26,57,vehicle,high,medium,0.7966857607193448,Java_high_Java_medium_results.csv
1,19,vehicle,high,medium,0.7825787224690708,Java_high_Java_medium_results.csv
48,6,vehicle,high,medium,0.8108645524587391,Java_high_Java_medium_results.csv
26,190,vehicle,high,medium,0.7720081958255272,Java_high_Java_medium_results.csv
1,197,vehicle,high,medium,0.8240709275200785,Java_high_Java_medium_results.csv
1,17,vehicle,high,medium,0.8297991979179443,Java_high_Java_medium_results.csv
48,4,vehicle,high,medium,0.7974572661807243,Java_high_Java_medium_results.csv
1,202,vehicle,high,medium,0.8606625379767006,Java_high_Java_medium_results.csv
26,215,vehicle,high,medium,0.8212349864159462,Java_high_Java_medium_results.csv
26,171,vehicle,high,medium,0.7883550533657414,Java_high_Java_medium_results.csv
1,203,vehicle,high,medium,0.8706995758165296,Java_high_Java_medium_results.csv
26,61,vehicle,high,medium,0.7860284978516172,Java_high_Java_medium_results.csv
1,42,vehicle,high,medium,0.8169901631699995,Java_high_Java_medium_results.csv
26,214,vehicle,high,medium,0.8307433430104935,Java_high_Java_medium_results.csv
26,169,vehicle,high,medium,0.8105828555468517,Java_high_Java_medium_results.csv
26,19,vehicle,high,medium,0.8507043490909358,Java_high_Java_medium_results.csv
1,207,vehicle,high,medium,0.8174190379389288,Java_high_Java_medium_results.csv
1,97,vehicle,high,medium,0.8196101359979914,Java_high_Java_medium_results.csv
1,210,vehicle,high,medium,0.818403389500819,Java_high_Java_medium_results.csv
26,168,vehicle,high,medium,0.82022151224935,Java_high_Java_medium_results.csv
1,75,vehicle,high,medium,0.8172641726700616,Java_high_Java_medium_results.csv
26,210,vehicle,high,medium,0.7580631808104901,Java_high_Java_medium_results.csv
26,155,vehicle,high,medium,0.7889137271361523,Java_high_Java_medium_results.csv
26,166,vehicle,high,medium,0.8434170464972295,Java_high_Java_medium_results.csv
26,147,vehicle,high,medium,0.7941139778285156,Java_high_Java_medium_results.csv
1,206,vehicle,high,medium,0.808342338736175,Java_high_Java_medium_results.csv
1,142,vehicle,high,medium,0.8214027618798343,Java_high_Java_medium_results.csv
48,25,vehicle,high,medium,0.7333408350089026,Java_high_Java_medium_results.csv
26,158,vehicle,high,medium,0.7789467369972449,Java_high_Java_medium_results.csv
1,25,vehicle,high,medium,0.8346678183153488,Java_high_Java_medium_results.csv
48,108,vehicle,high,medium,0.8433952044877319,Java_high_Java_medium_results.csv
48,88,vehicle,high,medium,0.7657010545134023,Java_high_Java_medium_results.csv
48,143,vehicle,high,medium,0.7169827303671896,Java_high_Java_medium_results.csv
48,75,vehicle,high,medium,0.8518223662649684,Java_high_Java_medium_results.csv
48,84,vehicle,high,medium,0.7419187514451779,Java_high_Java_medium_results.csv
48,133,vehicle,high,medium,0.7208375059280306,Java_high_Java_medium_results.csv
48,81,vehicle,high,medium,0.8108823777019255,Java_high_Java_medium_results.csv
48,91,vehicle,high,medium,0.7227548659659611,Java_high_Java_medium_results.csv
48,135,vehicle,high,medium,0.8183088404617817,Java_high_Java_medium_results.csv
48,155,vehicle,high,medium,0.7442079485854087,Java_high_Java_medium_results.csv
48,190,vehicle,high,medium,0.7200554629939045,Java_high_Java_medium_results.csv
48,166,vehicle,high,medium,0.8465153955660049,Java_high_Java_medium_results.csv
48,169,vehicle,high,medium,0.7772400522564519,Java_high_Java_medium_results.csv
48,158,vehicle,high,medium,0.7812395376239059,Java_high_Java_medium_results.csv
48,105,vehicle,high,medium,0.7588332749416219,Java_high_Java_medium_results.csv
48,203,vehicle,high,medium,0.8776204199980263,Java_high_Java_medium_results.csv
48,168,vehicle,high,medium,0.8088297752136332,Java_high_Java_medium_results.csv
48,192,vehicle,high,medium,0.8236269602229275,Java_high_Java_medium_results.csv
48,191,vehicle,high,medium,0.7534679486084508,Java_high_Java_medium_results.csv
48,147,vehicle,high,medium,0.7441565823346826,Java_high_Java_medium_results.csv
48,83,vehicle,high,medium,0.7863056835788663,Java_high_Java_medium_results.csv
48,171,vehicle,high,medium,0.8271849600684226,Java_high_Java_medium_results.csv
48,197,vehicle,high,medium,0.8383790136905097,Java_high_Java_medium_results.csv
68,4,vehicle,high,medium,0.8003372890750926,Java_high_Java_medium_results.csv
48,206,vehicle,high,medium,0.7961059944153794,Java_high_Java_medium_results.csv
48,210,vehicle,high,medium,0.7274027232985738,Java_high_Java_medium_results.csv
48,142,vehicle,high,medium,0.749929758595665,Java_high_Java_medium_results.csv
68,17,vehicle,high,medium,0.7800543989540687,Java_high_Java_medium_results.csv
48,117,vehicle,high,medium,0.7277355384486961,Java_high_Java_medium_results.csv
68,19,vehicle,high,medium,0.8287916192359179,Java_high_Java_medium_results.csv
48,89,vehicle,high,medium,0.8123434168424236,Java_high_Java_medium_results.csv
48,215,vehicle,high,medium,0.7863855737939461,Java_high_Java_medium_results.csv
48,145,vehicle,high,medium,0.7334685943218346,Java_high_Java_medium_results.csv
48,97,vehicle,high,medium,0.7716155567209363,Java_high_Java_medium_results.csv
68,18,vehicle,high,medium,0.8248328667435452,Java_high_Java_medium_results.csv
68,16,vehicle,high,medium,0.7857504114574237,Java_high_Java_medium_results.csv
68,24,vehicle,high,medium,0.7732048896164053,Java_high_Java_medium_results.csv
48,115,vehicle,high,medium,0.7922170292710357,Java_high_Java_medium_results.csv
48,202,vehicle,high,medium,0.8728102879874081,Java_high_Java_medium_results.csv
68,32,vehicle,high,medium,0.7344510913614001,Java_high_Java_medium_results.csv
68,40,vehicle,high,medium,0.8151502713931513,Java_high_Java_medium_results.csv
48,214,vehicle,high,medium,0.8348811592689792,Java_high_Java_medium_results.csv
68,42,vehicle,high,medium,0.7857383400548115,Java_high_Java_medium_results.csv
68,54,vehicle,high,medium,0.7852485346729479,Java_high_Java_medium_results.csv
68,51,vehicle,high,medium,0.7364804890984592,Java_high_Java_medium_results.csv
68,66,vehicle,high,medium,0.8432456282257803,Java_high_Java_medium_results.csv
68,57,vehicle,high,medium,0.7878431543589983,Java_high_Java_medium_results.csv
68,62,vehicle,high,medium,0.7936454242545781,Java_high_Java_medium_results.csv
48,151,vehicle,high,medium,0.8578811423751507,Java_high_Java_medium_results.csv
68,6,vehicle,high,medium,0.8005155586322924,Java_high_Java_medium_results.csv
68,20,vehicle,high,medium,0.7397688355467446,Java_high_Java_medium_results.csv
68,70,vehicle,high,medium,0.772792900070153,Java_high_Java_medium_results.csv
68,61,vehicle,high,medium,0.7351513951096763,Java_high_Java_medium_results.csv
68,53,vehicle,high,medium,0.7691862355560669,Java_high_Java_medium_results.csv
68,88,vehicle,high,medium,0.8158091414672305,Java_high_Java_medium_results.csv
68,55,vehicle,high,medium,0.8493953617998534,Java_high_Java_medium_results.csv
68,84,vehicle,high,medium,0.7519209343861164,Java_high_Java_medium_results.csv
68,50,vehicle,high,medium,0.8443686706934233,Java_high_Java_medium_results.csv
68,73,vehicle,high,medium,0.7936253806927567,Java_high_Java_medium_results.csv
68,105,vehicle,high,medium,0.7768281370528362,Java_high_Java_medium_results.csv
68,58,vehicle,high,medium,0.7982882410390121,Java_high_Java_medium_results.csv
68,81,vehicle,high,medium,0.8070553952284503,Java_high_Java_medium_results.csv
68,83,vehicle,high,medium,0.8124323334937126,Java_high_Java_medium_results.csv
68,33,vehicle,high,medium,0.8091917557775334,Java_high_Java_medium_results.csv
68,97,vehicle,high,medium,0.770057263520749,Java_high_Java_medium_results.csv
68,108,vehicle,high,medium,0.8286699123269126,Java_high_Java_medium_results.csv
68,25,vehicle,high,medium,0.7790158957173842,Java_high_Java_medium_results.csv
68,115,vehicle,high,medium,0.7960008462097983,Java_high_Java_medium_results.csv
68,143,vehicle,high,medium,0.7541400654970325,Java_high_Java_medium_results.csv
68,117,vehicle,high,medium,0.7615508370383199,Java_high_Java_medium_results.csv
68,147,vehicle,high,medium,0.7364896586336709,Java_high_Java_medium_results.csv
68,91,vehicle,high,medium,0.7749577491488392,Java_high_Java_medium_results.csv
68,142,vehicle,high,medium,0.7622185804227305,Java_high_Java_medium_results.csv
48,207,vehicle,high,medium,0.7865598009551896,Java_high_Java_medium_results.csv
68,133,vehicle,high,medium,0.765949680468686,Java_high_Java_medium_results.csv
68,72,vehicle,high,medium,0.7844919607205568,Java_high_Java_medium_results.csv
68,203,vehicle,high,medium,0.858910154095093,Java_high_Java_medium_results.csv
68,169,vehicle,high,medium,0.7688670053720135,Java_high_Java_medium_results.csv
68,190,vehicle,high,medium,0.7099555682777308,Java_high_Java_medium_results.csv
68,171,vehicle,high,medium,0.8325631095648331,Java_high_Java_medium_results.csv
68,158,vehicle,high,medium,0.7734647075114537,Java_high_Java_medium_results.csv
68,210,vehicle,high,medium,0.731220238822295,Java_high_Java_medium_results.csv
68,197,vehicle,high,medium,0.8011319510715103,Java_high_Java_medium_results.csv
68,75,vehicle,high,medium,0.853744667131549,Java_high_Java_medium_results.csv
68,192,vehicle,high,medium,0.788066980555989,Java_high_Java_medium_results.csv
68,191,vehicle,high,medium,0.7505541353410855,Java_high_Java_medium_results.csv
68,135,vehicle,high,medium,0.7879550616719729,Java_high_Java_medium_results.csv
68,207,vehicle,high,medium,0.8035357998723325,Java_high_Java_medium_results.csv
68,155,vehicle,high,medium,0.745907855654371,Java_high_Java_medium_results.csv
68,145,vehicle,high,medium,0.7344737085163966,Java_high_Java_medium_results.csv
68,151,vehicle,high,medium,0.8536224741249331,Java_high_Java_medium_results.csv
68,215,vehicle,high,medium,0.7937192655081922,Java_high_Java_medium_results.csv
69,19,vehicle,high,medium,0.8651954973381674,Java_high_Java_medium_results.csv
68,206,vehicle,high,medium,0.7662425173835447,Java_high_Java_medium_results.csv
69,6,vehicle,high,medium,0.8382607192785332,Java_high_Java_medium_results.csv
68,214,vehicle,high,medium,0.8225909855961245,Java_high_Java_medium_results.csv
69,4,vehicle,high,medium,0.7587088377953675,Java_high_Java_medium_results.csv
68,168,vehicle,high,medium,0.7955251317572692,Java_high_Java_medium_results.csv
68,89,vehicle,high,medium,0.8343880644371493,Java_high_Java_medium_results.csv
68,166,vehicle,high,medium,0.8290111675378736,Java_high_Java_medium_results.csv
69,24,vehicle,high,medium,0.7787826264103145,Java_high_Java_medium_results.csv
69,42,vehicle,high,medium,0.8462526971171241,Java_high_Java_medium_results.csv
69,51,vehicle,high,medium,0.8082998104511189,Java_high_Java_medium_results.csv
69,40,vehicle,high,medium,0.8204697687648932,Java_high_Java_medium_results.csv
69,53,vehicle,high,medium,0.835119584686968,Java_high_Java_medium_results.csv
69,54,vehicle,high,medium,0.8432963279246806,Java_high_Java_medium_results.csv
69,20,vehicle,high,medium,0.7952693809344737,Java_high_Java_medium_results.csv
69,33,vehicle,high,medium,0.7967370425267853,Java_high_Java_medium_results.csv
69,62,vehicle,high,medium,0.8725143149140039,Java_high_Java_medium_results.csv
69,16,vehicle,high,medium,0.7578509537788998,Java_high_Java_medium_results.csv
69,66,vehicle,high,medium,0.9091338325478896,Java_high_Java_medium_results.csv
69,70,vehicle,high,medium,0.8498266608213532,Java_high_Java_medium_results.csv
69,88,vehicle,high,medium,0.8563502955066578,Java_high_Java_medium_results.csv
69,18,vehicle,high,medium,0.7999470251803229,Java_high_Java_medium_results.csv
69,61,vehicle,high,medium,0.7538339090010978,Java_high_Java_medium_results.csv
69,75,vehicle,high,medium,0.7830802365928208,Java_high_Java_medium_results.csv
69,84,vehicle,high,medium,0.7728735155732206,Java_high_Java_medium_results.csv
68,202,vehicle,high,medium,0.8701209710426776,Java_high_Java_medium_results.csv
69,81,vehicle,high,medium,0.8148828583173124,Java_high_Java_medium_results.csv
69,83,vehicle,high,medium,0.7806310212456694,Java_high_Java_medium_results.csv
69,73,vehicle,high,medium,0.780828447884265,Java_high_Java_medium_results.csv
69,58,vehicle,high,medium,0.7850248342263693,Java_high_Java_medium_results.csv
69,72,vehicle,high,medium,0.7705010249437529,Java_high_Java_medium_results.csv
69,108,vehicle,high,medium,0.866044903835928,Java_high_Java_medium_results.csv
69,50,vehicle,high,medium,0.8222829374615487,Java_high_Java_medium_results.csv
69,57,vehicle,high,medium,0.7891692508345118,Java_high_Java_medium_results.csv
69,32,vehicle,high,medium,0.7401268558881917,Java_high_Java_medium_results.csv
69,91,vehicle,high,medium,0.7706820456034074,Java_high_Java_medium_results.csv
69,17,vehicle,high,medium,0.7539098693118318,Java_high_Java_medium_results.csv
69,147,vehicle,high,medium,0.8222931460137463,Java_high_Java_medium_results.csv
69,105,vehicle,high,medium,0.8495631767920651,Java_high_Java_medium_results.csv
69,25,vehicle,high,medium,0.7777820822265705,Java_high_Java_medium_results.csv
69,89,vehicle,high,medium,0.7209432675883615,Java_high_Java_medium_results.csv
69,142,vehicle,high,medium,0.816077280601866,Java_high_Java_medium_results.csv
69,145,vehicle,high,medium,0.8133163584980088,Java_high_Java_medium_results.csv
69,115,vehicle,high,medium,0.760312742061568,Java_high_Java_medium_results.csv
69,135,vehicle,high,medium,0.8051438055404443,Java_high_Java_medium_results.csv
69,133,vehicle,high,medium,0.8081247587759166,Java_high_Java_medium_results.csv
69,203,vehicle,high,medium,0.925211090765116,Java_high_Java_medium_results.csv
69,166,vehicle,high,medium,0.8663839119168574,Java_high_Java_medium_results.csv
69,169,vehicle,high,medium,0.8006684031234779,Java_high_Java_medium_results.csv
69,143,vehicle,high,medium,0.7728015148059487,Java_high_Java_medium_results.csv
69,192,vehicle,high,medium,0.8004953152333035,Java_high_Java_medium_results.csv
69,97,vehicle,high,medium,0.7547276600980332,Java_high_Java_medium_results.csv
80,4,vehicle,high,medium,0.8937719225753461,Java_high_Java_medium_results.csv
69,191,vehicle,high,medium,0.7452249704528154,Java_high_Java_medium_results.csv
69,197,vehicle,high,medium,0.7873674352398998,Java_high_Java_medium_results.csv
69,210,vehicle,high,medium,0.8216728112476722,Java_high_Java_medium_results.csv
80,6,vehicle,high,medium,0.8570856939267185,Java_high_Java_medium_results.csv
69,190,vehicle,high,medium,0.7837459169811937,Java_high_Java_medium_results.csv
69,206,vehicle,high,medium,0.7816623466640088,Java_high_Java_medium_results.csv
80,19,vehicle,high,medium,0.8426870163210015,Java_high_Java_medium_results.csv
80,17,vehicle,high,medium,0.8977928600266806,Java_high_Java_medium_results.csv
80,18,vehicle,high,medium,0.8878333317254832,Java_high_Java_medium_results.csv
69,55,vehicle,high,medium,0.7661975330892971,Java_high_Java_medium_results.csv
80,16,vehicle,high,medium,0.9180287410551068,Java_high_Java_medium_results.csv
80,32,vehicle,high,medium,0.89480756835844,Java_high_Java_medium_results.csv
80,40,vehicle,high,medium,0.8261881123850907,Java_high_Java_medium_results.csv
69,215,vehicle,high,medium,0.8122506398564677,Java_high_Java_medium_results.csv
80,25,vehicle,high,medium,0.8733545312317812,Java_high_Java_medium_results.csv
69,207,vehicle,high,medium,0.7740357436469418,Java_high_Java_medium_results.csv
80,20,vehicle,high,medium,0.9033153032347728,Java_high_Java_medium_results.csv
80,53,vehicle,high,medium,0.8386893617874283,Java_high_Java_medium_results.csv
80,51,vehicle,high,medium,0.8440676623336028,Java_high_Java_medium_results.csv
80,54,vehicle,high,medium,0.871639959978658,Java_high_Java_medium_results.csv
80,33,vehicle,high,medium,0.8793020246968744,Java_high_Java_medium_results.csv
69,155,vehicle,high,medium,0.8224215505362413,Java_high_Java_medium_results.csv
80,62,vehicle,high,medium,0.8730748967470158,Java_high_Java_medium_results.csv
80,66,vehicle,high,medium,0.8567930735032072,Java_high_Java_medium_results.csv
80,50,vehicle,high,medium,0.8643717620432494,Java_high_Java_medium_results.csv
80,57,vehicle,high,medium,0.8451573508613922,Java_high_Java_medium_results.csv
80,42,vehicle,high,medium,0.7952210333103379,Java_high_Java_medium_results.csv
69,117,vehicle,high,medium,0.769183464591535,Java_high_Java_medium_results.csv
80,70,vehicle,high,medium,0.8328380847167042,Java_high_Java_medium_results.csv
80,61,vehicle,high,medium,0.8577196030796497,Java_high_Java_medium_results.csv
80,55,vehicle,high,medium,0.940742556881176,Java_high_Java_medium_results.csv
80,24,vehicle,high,medium,0.9134928946110554,Java_high_Java_medium_results.csv
80,58,vehicle,high,medium,0.8885055987710897,Java_high_Java_medium_results.csv
69,171,vehicle,high,medium,0.7626386301052213,Java_high_Java_medium_results.csv
80,75,vehicle,high,medium,0.8896426453826415,Java_high_Java_medium_results.csv
80,83,vehicle,high,medium,0.8932774784316208,Java_high_Java_medium_results.csv
80,108,vehicle,high,medium,0.8298481688128809,Java_high_Java_medium_results.csv
80,73,vehicle,high,medium,0.899060108444068,Java_high_Java_medium_results.csv
80,91,vehicle,high,medium,0.9150350276132702,Java_high_Java_medium_results.csv
80,81,vehicle,high,medium,0.8823553912456782,Java_high_Java_medium_results.csv
80,88,vehicle,high,medium,0.8278334550394326,Java_high_Java_medium_results.csv
80,97,vehicle,high,medium,0.8835678692828398,Java_high_Java_medium_results.csv
69,202,vehicle,high,medium,0.797868437518295,Java_high_Java_medium_results.csv
80,117,vehicle,high,medium,0.8807174889990969,Java_high_Java_medium_results.csv
69,168,vehicle,high,medium,0.8031342917424601,Java_high_Java_medium_results.csv
80,89,vehicle,high,medium,0.9063891716129936,Java_high_Java_medium_results.csv
80,105,vehicle,high,medium,0.8798903482200529,Java_high_Java_medium_results.csv
80,155,vehicle,high,medium,0.8464911569541471,Java_high_Java_medium_results.csv
80,142,vehicle,high,medium,0.8818056327169312,Java_high_Java_medium_results.csv
80,145,vehicle,high,medium,0.8633502917233906,Java_high_Java_medium_results.csv
80,135,vehicle,high,medium,0.861582732387662,Java_high_Java_medium_results.csv
80,133,vehicle,high,medium,0.859770283329992,Java_high_Java_medium_results.csv
69,158,vehicle,high,medium,0.7270792942058972,Java_high_Java_medium_results.csv
80,143,vehicle,high,medium,0.8857978216468654,Java_high_Java_medium_results.csv
80,190,vehicle,high,medium,0.8285315062594508,Java_high_Java_medium_results.csv
80,72,vehicle,high,medium,0.8616300953358293,Java_high_Java_medium_results.csv
80,84,vehicle,high,medium,0.8903274450515183,Java_high_Java_medium_results.csv
80,115,vehicle,high,medium,0.885029726478657,Java_high_Java_medium_results.csv
80,203,vehicle,high,medium,0.8515731902831876,Java_high_Java_medium_results.csv
80,158,vehicle,high,medium,0.914871920132805,Java_high_Java_medium_results.csv
80,192,vehicle,high,medium,0.8947862967463408,Java_high_Java_medium_results.csv
80,191,vehicle,high,medium,0.884026820352495,Java_high_Java_medium_results.csv
80,171,vehicle,high,medium,0.9077720181186204,Java_high_Java_medium_results.csv
80,206,vehicle,high,medium,0.8912340750924858,Java_high_Java_medium_results.csv
80,147,vehicle,high,medium,0.8622728276722865,Java_high_Java_medium_results.csv
80,151,vehicle,high,medium,0.9286119371827916,Java_high_Java_medium_results.csv
80,168,vehicle,high,medium,0.8834848092447442,Java_high_Java_medium_results.csv
80,215,vehicle,high,medium,0.861055900897333,Java_high_Java_medium_results.csv
80,169,vehicle,high,medium,0.8247649916085339,Java_high_Java_medium_results.csv
80,210,vehicle,high,medium,0.8447418662037908,Java_high_Java_medium_results.csv
69,151,vehicle,high,medium,0.7916702363881951,Java_high_Java_medium_results.csv
80,166,vehicle,high,medium,0.8783638616799481,Java_high_Java_medium_results.csv
82,19,vehicle,high,medium,0.8384300541502294,Java_high_Java_medium_results.csv
80,197,vehicle,high,medium,0.9039322508016802,Java_high_Java_medium_results.csv
82,6,vehicle,high,medium,0.8280554466069153,Java_high_Java_medium_results.csv
80,202,vehicle,high,medium,0.9265991486008542,Java_high_Java_medium_results.csv
82,4,vehicle,high,medium,0.7804849316177517,Java_high_Java_medium_results.csv
80,207,vehicle,high,medium,0.91478180109361,Java_high_Java_medium_results.csv
82,53,vehicle,high,medium,0.8291204131628908,Java_high_Java_medium_results.csv
82,20,vehicle,high,medium,0.7746612677088637,Java_high_Java_medium_results.csv
80,214,vehicle,high,medium,0.9013483425432848,Java_high_Java_medium_results.csv
82,17,vehicle,high,medium,0.7526038100773719,Java_high_Java_medium_results.csv
82,25,vehicle,high,medium,0.7663904530361854,Java_high_Java_medium_results.csv
82,54,vehicle,high,medium,0.8017740906517856,Java_high_Java_medium_results.csv
82,16,vehicle,high,medium,0.7496517385249897,Java_high_Java_medium_results.csv
82,62,vehicle,high,medium,0.8495065042719913,Java_high_Java_medium_results.csv
82,66,vehicle,high,medium,0.8924695318808417,Java_high_Java_medium_results.csv
82,58,vehicle,high,medium,0.7672961572424443,Java_high_Java_medium_results.csv
82,24,vehicle,high,medium,0.7977762582261128,Java_high_Java_medium_results.csv
82,40,vehicle,high,medium,0.8123218516076524,Java_high_Java_medium_results.csv
82,50,vehicle,high,medium,0.846682590763711,Java_high_Java_medium_results.csv
82,51,vehicle,high,medium,0.8008329468526807,Java_high_Java_medium_results.csv
82,70,vehicle,high,medium,0.8436090687712517,Java_high_Java_medium_results.csv
82,61,vehicle,high,medium,0.7578153127352663,Java_high_Java_medium_results.csv
82,42,vehicle,high,medium,0.860109215050857,Java_high_Java_medium_results.csv
82,55,vehicle,high,medium,0.7927284870959612,Java_high_Java_medium_results.csv
82,88,vehicle,high,medium,0.8624675836339306,Java_high_Java_medium_results.csv
82,105,vehicle,high,medium,0.8111211373795719,Java_high_Java_medium_results.csv
82,72,vehicle,high,medium,0.7920566930357834,Java_high_Java_medium_results.csv
82,73,vehicle,high,medium,0.8236672568233125,Java_high_Java_medium_results.csv
82,75,vehicle,high,medium,0.8067209884891561,Java_high_Java_medium_results.csv
82,83,vehicle,high,medium,0.7939338301716568,Java_high_Java_medium_results.csv
82,32,vehicle,high,medium,0.7171503855023832,Java_high_Java_medium_results.csv
82,97,vehicle,high,medium,0.7410835168480229,Java_high_Java_medium_results.csv
82,84,vehicle,high,medium,0.767354401359687,Java_high_Java_medium_results.csv
82,108,vehicle,high,medium,0.8568862212593561,Java_high_Java_medium_results.csv
82,143,vehicle,high,medium,0.7249796388459452,Java_high_Java_medium_results.csv
82,115,vehicle,high,medium,0.7972448349046988,Java_high_Java_medium_results.csv
82,33,vehicle,high,medium,0.7817219751399772,Java_high_Java_medium_results.csv
82,57,vehicle,high,medium,0.8002630052980797,Java_high_Java_medium_results.csv
82,89,vehicle,high,medium,0.791191076812736,Java_high_Java_medium_results.csv
82,142,vehicle,high,medium,0.7828207104746063,Java_high_Java_medium_results.csv
82,133,vehicle,high,medium,0.7883252058173271,Java_high_Java_medium_results.csv
82,18,vehicle,high,medium,0.8107216180905018,Java_high_Java_medium_results.csv
82,135,vehicle,high,medium,0.8241635559700842,Java_high_Java_medium_results.csv
82,190,vehicle,high,medium,0.7486930413745135,Java_high_Java_medium_results.csv
82,145,vehicle,high,medium,0.7974175327812195,Java_high_Java_medium_results.csv
82,155,vehicle,high,medium,0.7947706008253858,Java_high_Java_medium_results.csv
82,203,vehicle,high,medium,0.9130197062533976,Java_high_Java_medium_results.csv
82,81,vehicle,high,medium,0.8019465439667491,Java_high_Java_medium_results.csv
82,192,vehicle,high,medium,0.7963277894569994,Java_high_Java_medium_results.csv
82,168,vehicle,high,medium,0.8246667853786047,Java_high_Java_medium_results.csv
82,166,vehicle,high,medium,0.844916495026387,Java_high_Java_medium_results.csv
82,117,vehicle,high,medium,0.758140971328475,Java_high_Java_medium_results.csv
82,210,vehicle,high,medium,0.7848543503656129,Java_high_Java_medium_results.csv
82,191,vehicle,high,medium,0.7231209275439131,Java_high_Java_medium_results.csv
82,197,vehicle,high,medium,0.809913934579012,Java_high_Java_medium_results.csv
82,91,vehicle,high,medium,0.7293504874982272,Java_high_Java_medium_results.csv
69,214,vehicle,high,medium,0.7815924834772299,Java_high_Java_medium_results.csv
82,206,vehicle,high,medium,0.7695126498600219,Java_high_Java_medium_results.csv
82,207,vehicle,high,medium,0.753782895355572,Java_high_Java_medium_results.csv
82,147,vehicle,high,medium,0.795105078697637,Java_high_Java_medium_results.csv
82,215,vehicle,high,medium,0.8003743085533367,Java_high_Java_medium_results.csv
86,19,vehicle,high,medium,0.8639302245174829,Java_high_Java_medium_results.csv
86,4,vehicle,high,medium,0.7193105092591616,Java_high_Java_medium_results.csv
82,169,vehicle,high,medium,0.7775532991849184,Java_high_Java_medium_results.csv
86,6,vehicle,high,medium,0.8163199886910392,Java_high_Java_medium_results.csv
86,42,vehicle,high,medium,0.8711584808675676,Java_high_Java_medium_results.csv
86,18,vehicle,high,medium,0.8044050562844425,Java_high_Java_medium_results.csv
86,40,vehicle,high,medium,0.8163419508101706,Java_high_Java_medium_results.csv
86,53,vehicle,high,medium,0.8432344924204793,Java_high_Java_medium_results.csv
86,25,vehicle,high,medium,0.7847450391888882,Java_high_Java_medium_results.csv
86,16,vehicle,high,medium,0.7237634531586774,Java_high_Java_medium_results.csv
86,54,vehicle,high,medium,0.8158565064222663,Java_high_Java_medium_results.csv
86,50,vehicle,high,medium,0.8461214692450852,Java_high_Java_medium_results.csv
86,66,vehicle,high,medium,0.913526075914906,Java_high_Java_medium_results.csv
86,51,vehicle,high,medium,0.8149909139826965,Java_high_Java_medium_results.csv
82,158,vehicle,high,medium,0.7569219657467303,Java_high_Java_medium_results.csv
86,57,vehicle,high,medium,0.7986587216131895,Java_high_Java_medium_results.csv
86,62,vehicle,high,medium,0.8927285784074532,Java_high_Java_medium_results.csv
82,171,vehicle,high,medium,0.7403701319899503,Java_high_Java_medium_results.csv
86,58,vehicle,high,medium,0.7661956686260432,Java_high_Java_medium_results.csv
86,17,vehicle,high,medium,0.7369072968208172,Java_high_Java_medium_results.csv
86,61,vehicle,high,medium,0.7616795775448805,Java_high_Java_medium_results.csv
86,70,vehicle,high,medium,0.8420472587833339,Java_high_Java_medium_results.csv
86,55,vehicle,high,medium,0.739656340953471,Java_high_Java_medium_results.csv
86,88,vehicle,high,medium,0.880912017478229,Java_high_Java_medium_results.csv
86,32,vehicle,high,medium,0.7255079438117433,Java_high_Java_medium_results.csv
86,24,vehicle,high,medium,0.8048764878993214,Java_high_Java_medium_results.csv
86,108,vehicle,high,medium,0.8766547973865843,Java_high_Java_medium_results.csv
86,72,vehicle,high,medium,0.7948914593123221,Java_high_Java_medium_results.csv
86,105,vehicle,high,medium,0.8593967562224952,Java_high_Java_medium_results.csv
86,91,vehicle,high,medium,0.7339247883021143,Java_high_Java_medium_results.csv
86,81,vehicle,high,medium,0.8389773918261353,Java_high_Java_medium_results.csv
82,151,vehicle,high,medium,0.8191271811354739,Java_high_Java_medium_results.csv
86,83,vehicle,high,medium,0.776761173140185,Java_high_Java_medium_results.csv
86,20,vehicle,high,medium,0.7781942156361493,Java_high_Java_medium_results.csv
86,97,vehicle,high,medium,0.7478453661706596,Java_high_Java_medium_results.csv
82,214,vehicle,high,medium,0.8111005710540649,Java_high_Java_medium_results.csv
86,143,vehicle,high,medium,0.7556468054605271,Java_high_Java_medium_results.csv
86,89,vehicle,high,medium,0.7578693672509546,Java_high_Java_medium_results.csv
86,33,vehicle,high,medium,0.7931196729053072,Java_high_Java_medium_results.csv
86,133,vehicle,high,medium,0.8065354091127693,Java_high_Java_medium_results.csv
86,115,vehicle,high,medium,0.7916949238303631,Java_high_Java_medium_results.csv
86,135,vehicle,high,medium,0.8115007355774665,Java_high_Java_medium_results.csv
86,169,vehicle,high,medium,0.8145744021702642,Java_high_Java_medium_results.csv
86,190,vehicle,high,medium,0.7846456695595394,Java_high_Java_medium_results.csv
86,158,vehicle,high,medium,0.7354686280519415,Java_high_Java_medium_results.csv
86,168,vehicle,high,medium,0.8259801716101886,Java_high_Java_medium_results.csv
86,203,vehicle,high,medium,0.9252764654058352,Java_high_Java_medium_results.csv
86,192,vehicle,high,medium,0.7954633622219742,Java_high_Java_medium_results.csv
86,147,vehicle,high,medium,0.8218126182496904,Java_high_Java_medium_results.csv
86,191,vehicle,high,medium,0.7391310310259668,Java_high_Java_medium_results.csv
86,145,vehicle,high,medium,0.8107432149487436,Java_high_Java_medium_results.csv
86,210,vehicle,high,medium,0.794825837678875,Java_high_Java_medium_results.csv
86,197,vehicle,high,medium,0.7871265794037102,Java_high_Java_medium_results.csv
86,166,vehicle,high,medium,0.8850911494026782,Java_high_Java_medium_results.csv
86,84,vehicle,high,medium,0.7582731697221865,Java_high_Java_medium_results.csv
86,142,vehicle,high,medium,0.7915277060914709,Java_high_Java_medium_results.csv
86,151,vehicle,high,medium,0.8153386379563726,Java_high_Java_medium_results.csv
86,75,vehicle,high,medium,0.8035893027173371,Java_high_Java_medium_results.csv
82,202,vehicle,high,medium,0.8379002761615386,Java_high_Java_medium_results.csv
86,207,vehicle,high,medium,0.7360536328195018,Java_high_Java_medium_results.csv
87,6,vehicle,high,medium,0.843421495092405,Java_high_Java_medium_results.csv
86,155,vehicle,high,medium,0.8198531460230692,Java_high_Java_medium_results.csv
86,206,vehicle,high,medium,0.7518968931760344,Java_high_Java_medium_results.csv
87,20,vehicle,high,medium,0.7548207203114775,Java_high_Java_medium_results.csv
87,17,vehicle,high,medium,0.770890051960662,Java_high_Java_medium_results.csv
87,32,vehicle,high,medium,0.7126445004710898,Java_high_Java_medium_results.csv
86,202,vehicle,high,medium,0.79300846365177,Java_high_Java_medium_results.csv
86,73,vehicle,high,medium,0.7983230552617535,Java_high_Java_medium_results.csv
87,16,vehicle,high,medium,0.7248838982450361,Java_high_Java_medium_results.csv
86,117,vehicle,high,medium,0.7784517515956333,Java_high_Java_medium_results.csv
87,51,vehicle,high,medium,0.8105164527709127,Java_high_Java_medium_results.csv
87,33,vehicle,high,medium,0.818484192079611,Java_high_Java_medium_results.csv
86,214,vehicle,high,medium,0.7774888123827671,Java_high_Java_medium_results.csv
86,215,vehicle,high,medium,0.8387923069435261,Java_high_Java_medium_results.csv
87,4,vehicle,high,medium,0.7730823599996018,Java_high_Java_medium_results.csv
87,54,vehicle,high,medium,0.798201000111299,Java_high_Java_medium_results.csv
87,53,vehicle,high,medium,0.8247197621896788,Java_high_Java_medium_results.csv
87,66,vehicle,high,medium,0.8879529981392692,Java_high_Java_medium_results.csv
87,57,vehicle,high,medium,0.8346332418494725,Java_high_Java_medium_results.csv
87,42,vehicle,high,medium,0.8736046542933501,Java_high_Java_medium_results.csv
87,62,vehicle,high,medium,0.8509216706961225,Java_high_Java_medium_results.csv
87,19,vehicle,high,medium,0.8511517026800579,Java_high_Java_medium_results.csv
87,61,vehicle,high,medium,0.7841733989093075,Java_high_Java_medium_results.csv
87,50,vehicle,high,medium,0.807633560167112,Java_high_Java_medium_results.csv
87,70,vehicle,high,medium,0.811643263329179,Java_high_Java_medium_results.csv
87,88,vehicle,high,medium,0.8422929327152854,Java_high_Java_medium_results.csv
86,171,vehicle,high,medium,0.7421869002983204,Java_high_Java_medium_results.csv
87,75,vehicle,high,medium,0.8374407021852605,Java_high_Java_medium_results.csv
87,73,vehicle,high,medium,0.8145256968526691,Java_high_Java_medium_results.csv
87,81,vehicle,high,medium,0.8164349417457937,Java_high_Java_medium_results.csv
87,108,vehicle,high,medium,0.8910126871745796,Java_high_Java_medium_results.csv
87,83,vehicle,high,medium,0.8072359876750944,Java_high_Java_medium_results.csv
87,24,vehicle,high,medium,0.7338447822653024,Java_high_Java_medium_results.csv
87,91,vehicle,high,medium,0.7388320862412028,Java_high_Java_medium_results.csv
87,40,vehicle,high,medium,0.8260827526546,Java_high_Java_medium_results.csv
87,97,vehicle,high,medium,0.7877696116956927,Java_high_Java_medium_results.csv
87,58,vehicle,high,medium,0.7702718057905024,Java_high_Java_medium_results.csv
87,117,vehicle,high,medium,0.7620411729533966,Java_high_Java_medium_results.csv
87,143,vehicle,high,medium,0.750935367505927,Java_high_Java_medium_results.csv
87,147,vehicle,high,medium,0.8049426776765376,Java_high_Java_medium_results.csv
87,142,vehicle,high,medium,0.7913654108119189,Java_high_Java_medium_results.csv
87,84,vehicle,high,medium,0.7497850067041427,Java_high_Java_medium_results.csv
87,133,vehicle,high,medium,0.777169881843583,Java_high_Java_medium_results.csv
87,135,vehicle,high,medium,0.8253374894773282,Java_high_Java_medium_results.csv
87,155,vehicle,high,medium,0.8069737305102046,Java_high_Java_medium_results.csv
87,105,vehicle,high,medium,0.793285640226758,Java_high_Java_medium_results.csv
87,72,vehicle,high,medium,0.801166537382096,Java_high_Java_medium_results.csv
87,18,vehicle,high,medium,0.8185222811485313,Java_high_Java_medium_results.csv
87,169,vehicle,high,medium,0.8283947248868492,Java_high_Java_medium_results.csv
87,190,vehicle,high,medium,0.7541398014559643,Java_high_Java_medium_results.csv
87,25,vehicle,high,medium,0.7835721082567847,Java_high_Java_medium_results.csv
87,166,vehicle,high,medium,0.8568190585425156,Java_high_Java_medium_results.csv
87,192,vehicle,high,medium,0.8009876702603755,Java_high_Java_medium_results.csv
87,168,vehicle,high,medium,0.8367035669562822,Java_high_Java_medium_results.csv
87,203,vehicle,high,medium,0.9270423250639594,Java_high_Java_medium_results.csv
87,210,vehicle,high,medium,0.7807171410472717,Java_high_Java_medium_results.csv
118,6,vehicle,high,medium,0.7655884258480788,Java_high_Java_medium_results.csv
87,171,vehicle,high,medium,0.8046265747206021,Java_high_Java_medium_results.csv
118,4,vehicle,high,medium,0.8124319942084994,Java_high_Java_medium_results.csv
118,17,vehicle,high,medium,0.8379485953373813,Java_high_Java_medium_results.csv
118,18,vehicle,high,medium,0.7895534871782817,Java_high_Java_medium_results.csv
87,215,vehicle,high,medium,0.8135280470694447,Java_high_Java_medium_results.csv
118,20,vehicle,high,medium,0.8112513492991423,Java_high_Java_medium_results.csv
118,16,vehicle,high,medium,0.8372683421085501,Java_high_Java_medium_results.csv
118,19,vehicle,high,medium,0.7882766444584972,Java_high_Java_medium_results.csv
87,207,vehicle,high,medium,0.7665383869314013,Java_high_Java_medium_results.csv
118,42,vehicle,high,medium,0.8483414378100322,Java_high_Java_medium_results.csv
118,40,vehicle,high,medium,0.7753669999215138,Java_high_Java_medium_results.csv
118,24,vehicle,high,medium,0.8468756030875841,Java_high_Java_medium_results.csv
118,51,vehicle,high,medium,0.7923684833812934,Java_high_Java_medium_results.csv
118,32,vehicle,high,medium,0.7933652075830232,Java_high_Java_medium_results.csv
118,25,vehicle,high,medium,0.8464474900836889,Java_high_Java_medium_results.csv
118,54,vehicle,high,medium,0.7539753819378537,Java_high_Java_medium_results.csv
118,53,vehicle,high,medium,0.7587534701635741,Java_high_Java_medium_results.csv
87,202,vehicle,high,medium,0.8403341885990734,Java_high_Java_medium_results.csv
118,50,vehicle,high,medium,0.8747720514395938,Java_high_Java_medium_results.csv
87,191,vehicle,high,medium,0.7521623808663166,Java_high_Java_medium_results.csv
118,66,vehicle,high,medium,0.8831025291983441,Java_high_Java_medium_results.csv
118,57,vehicle,high,medium,0.8331109425026411,Java_high_Java_medium_results.csv
118,58,vehicle,high,medium,0.7882620373866143,Java_high_Java_medium_results.csv
87,197,vehicle,high,medium,0.813487196340074,Java_high_Java_medium_results.csv
118,70,vehicle,high,medium,0.8535346053343577,Java_high_Java_medium_results.csv
118,62,vehicle,high,medium,0.7886394461392977,Java_high_Java_medium_results.csv
118,61,vehicle,high,medium,0.798249983909232,Java_high_Java_medium_results.csv
118,55,vehicle,high,medium,0.859481956666128,Java_high_Java_medium_results.csv
118,33,vehicle,high,medium,0.8489165888107649,Java_high_Java_medium_results.csv
118,88,vehicle,high,medium,0.8631129296815585,Java_high_Java_medium_results.csv
118,84,vehicle,high,medium,0.7946072666017823,Java_high_Java_medium_results.csv
118,75,vehicle,high,medium,0.7988562439661991,Java_high_Java_medium_results.csv
87,55,vehicle,high,medium,0.7771221341458403,Java_high_Java_medium_results.csv
118,73,vehicle,high,medium,0.8546667156790325,Java_high_Java_medium_results.csv
118,81,vehicle,high,medium,0.7909103458544322,Java_high_Java_medium_results.csv
118,108,vehicle,high,medium,0.847662451454768,Java_high_Java_medium_results.csv
118,105,vehicle,high,medium,0.8550841350870882,Java_high_Java_medium_results.csv
87,145,vehicle,high,medium,0.7654519764336851,Java_high_Java_medium_results.csv
118,91,vehicle,high,medium,0.8177293756012215,Java_high_Java_medium_results.csv
118,89,vehicle,high,medium,0.841432957280031,Java_high_Java_medium_results.csv
87,115,vehicle,high,medium,0.7870927923688636,Java_high_Java_medium_results.csv
118,117,vehicle,high,medium,0.8034977463513722,Java_high_Java_medium_results.csv
118,143,vehicle,high,medium,0.8060663074692883,Java_high_Java_medium_results.csv
118,133,vehicle,high,medium,0.8331084428478619,Java_high_Java_medium_results.csv
118,142,vehicle,high,medium,0.8211489553291758,Java_high_Java_medium_results.csv
118,135,vehicle,high,medium,0.8318039082419305,Java_high_Java_medium_results.csv
118,147,vehicle,high,medium,0.8194481188564879,Java_high_Java_medium_results.csv
118,72,vehicle,high,medium,0.8446675749730537,Java_high_Java_medium_results.csv
118,97,vehicle,high,medium,0.8240559441278897,Java_high_Java_medium_results.csv
118,190,vehicle,high,medium,0.7507189620408655,Java_high_Java_medium_results.csv
118,168,vehicle,high,medium,0.8390043346218863,Java_high_Java_medium_results.csv
118,169,vehicle,high,medium,0.7601868451290706,Java_high_Java_medium_results.csv
118,83,vehicle,high,medium,0.8574844415281908,Java_high_Java_medium_results.csv
118,203,vehicle,high,medium,0.8649452800157577,Java_high_Java_medium_results.csv
118,192,vehicle,high,medium,0.7631746633942766,Java_high_Java_medium_results.csv
118,171,vehicle,high,medium,0.8384203484498712,Java_high_Java_medium_results.csv
87,158,vehicle,high,medium,0.767922680379108,Java_high_Java_medium_results.csv
118,158,vehicle,high,medium,0.821122010421617,Java_high_Java_medium_results.csv
118,191,vehicle,high,medium,0.7992472530506689,Java_high_Java_medium_results.csv
118,166,vehicle,high,medium,0.8551698469264196,Java_high_Java_medium_results.csv
118,210,vehicle,high,medium,0.8019358036143457,Java_high_Java_medium_results.csv
118,197,vehicle,high,medium,0.7925826400527475,Java_high_Java_medium_results.csv
118,151,vehicle,high,medium,0.8986293583271017,Java_high_Java_medium_results.csv
87,89,vehicle,high,medium,0.7910843690920938,Java_high_Java_medium_results.csv
118,207,vehicle,high,medium,0.8342091390632427,Java_high_Java_medium_results.csv
87,206,vehicle,high,medium,0.7981625180146605,Java_high_Java_medium_results.csv
118,155,vehicle,high,medium,0.8172643438964033,Java_high_Java_medium_results.csv
118,202,vehicle,high,medium,0.8704104516251108,Java_high_Java_medium_results.csv
118,115,vehicle,high,medium,0.8507860297369227,Java_high_Java_medium_results.csv
178,19,vehicle,high,medium,0.8351246215402067,Java_high_Java_medium_results.csv
178,6,vehicle,high,medium,0.7902421261797743,Java_high_Java_medium_results.csv
118,145,vehicle,high,medium,0.8213117337811892,Java_high_Java_medium_results.csv
118,214,vehicle,high,medium,0.872461637577167,Java_high_Java_medium_results.csv
118,206,vehicle,high,medium,0.820987766302177,Java_high_Java_medium_results.csv
178,42,vehicle,high,medium,0.7736660776330089,Java_high_Java_medium_results.csv
178,17,vehicle,high,medium,0.7950312172069235,Java_high_Java_medium_results.csv
178,24,vehicle,high,medium,0.8117483170134201,Java_high_Java_medium_results.csv
178,53,vehicle,high,medium,0.7934886173190284,Java_high_Java_medium_results.csv
178,33,vehicle,high,medium,0.8255395715222078,Java_high_Java_medium_results.csv
178,16,vehicle,high,medium,0.7971943392731834,Java_high_Java_medium_results.csv
178,66,vehicle,high,medium,0.8295378902137642,Java_high_Java_medium_results.csv
178,58,vehicle,high,medium,0.7981656962300542,Java_high_Java_medium_results.csv
178,62,vehicle,high,medium,0.7882541052582778,Java_high_Java_medium_results.csv
178,57,vehicle,high,medium,0.8056673230991094,Java_high_Java_medium_results.csv
178,50,vehicle,high,medium,0.8198446426680367,Java_high_Java_medium_results.csv
178,70,vehicle,high,medium,0.7636514461491158,Java_high_Java_medium_results.csv
118,215,vehicle,high,medium,0.8454473632557354,Java_high_Java_medium_results.csv
178,54,vehicle,high,medium,0.7958328124933616,Java_high_Java_medium_results.csv
178,4,vehicle,high,medium,0.8279589225911173,Java_high_Java_medium_results.csv
178,61,vehicle,high,medium,0.7657706779966574,Java_high_Java_medium_results.csv
178,20,vehicle,high,medium,0.7731612462279407,Java_high_Java_medium_results.csv
178,51,vehicle,high,medium,0.7607230235618492,Java_high_Java_medium_results.csv
178,55,vehicle,high,medium,0.8746995851551335,Java_high_Java_medium_results.csv
178,72,vehicle,high,medium,0.7832873075209051,Java_high_Java_medium_results.csv
178,73,vehicle,high,medium,0.8404995543526578,Java_high_Java_medium_results.csv
178,108,vehicle,high,medium,0.8071959538645382,Java_high_Java_medium_results.csv
178,75,vehicle,high,medium,0.8728195536963506,Java_high_Java_medium_results.csv
178,91,vehicle,high,medium,0.8130191140382508,Java_high_Java_medium_results.csv
178,81,vehicle,high,medium,0.8215525068195045,Java_high_Java_medium_results.csv
178,88,vehicle,high,medium,0.7659714448814987,Java_high_Java_medium_results.csv
178,83,vehicle,high,medium,0.8438814367783207,Java_high_Java_medium_results.csv
178,117,vehicle,high,medium,0.791521904253607,Java_high_Java_medium_results.csv
178,143,vehicle,high,medium,0.7737145842189146,Java_high_Java_medium_results.csv
178,40,vehicle,high,medium,0.8307694360556649,Java_high_Java_medium_results.csv
178,142,vehicle,high,medium,0.7963805048215473,Java_high_Java_medium_results.csv
178,147,vehicle,high,medium,0.7545231462912586,Java_high_Java_medium_results.csv
178,133,vehicle,high,medium,0.7492417059143703,Java_high_Java_medium_results.csv
178,115,vehicle,high,medium,0.8298452495379212,Java_high_Java_medium_results.csv
178,135,vehicle,high,medium,0.7898272569065081,Java_high_Java_medium_results.csv
178,32,vehicle,high,medium,0.7523094403741581,Java_high_Java_medium_results.csv
178,155,vehicle,high,medium,0.7451542230064139,Java_high_Java_medium_results.csv
178,169,vehicle,high,medium,0.7880612853191804,Java_high_Java_medium_results.csv
178,168,vehicle,high,medium,0.8271529417924874,Java_high_Java_medium_results.csv
178,25,vehicle,high,medium,0.7733163859241199,Java_high_Java_medium_results.csv
178,97,vehicle,high,medium,0.8170751801098655,Java_high_Java_medium_results.csv
178,166,vehicle,high,medium,0.8307145300494226,Java_high_Java_medium_results.csv
178,191,vehicle,high,medium,0.7699374731162505,Java_high_Java_medium_results.csv
178,171,vehicle,high,medium,0.8570568403040533,Java_high_Java_medium_results.csv
178,192,vehicle,high,medium,0.8279068062605999,Java_high_Java_medium_results.csv
178,18,vehicle,high,medium,0.8135140119646227,Java_high_Java_medium_results.csv
178,145,vehicle,high,medium,0.7477713590271826,Java_high_Java_medium_results.csv
178,210,vehicle,high,medium,0.746058219546163,Java_high_Java_medium_results.csv
178,105,vehicle,high,medium,0.7774823671710435,Java_high_Java_medium_results.csv
178,197,vehicle,high,medium,0.854352092970002,Java_high_Java_medium_results.csv
178,89,vehicle,high,medium,0.8543189688705101,Java_high_Java_medium_results.csv
178,151,vehicle,high,medium,0.870468580443843,Java_high_Java_medium_results.csv
87,214,vehicle,high,medium,0.8167994342028827,Java_high_Java_medium_results.csv
178,190,vehicle,high,medium,0.7219606529441506,Java_high_Java_medium_results.csv
178,203,vehicle,high,medium,0.8710902758991217,Java_high_Java_medium_results.csv
178,215,vehicle,high,medium,0.7792776981625973,Java_high_Java_medium_results.csv
178,84,vehicle,high,medium,0.7567697913471064,Java_high_Java_medium_results.csv
87,151,vehicle,high,medium,0.8223415546484868,Java_high_Java_medium_results.csv
178,207,vehicle,high,medium,0.8324725724906294,Java_high_Java_medium_results.csv
178,206,vehicle,high,medium,0.7861418761278229,Java_high_Java_medium_results.csv
178,158,vehicle,high,medium,0.8072957346618352,Java_high_Java_medium_results.csv
178,202,vehicle,high,medium,0.9101966056008964,Java_high_Java_medium_results.csv
178,214,vehicle,high,medium,0.8634254477613202,Java_high_Java_medium_results.csv
1,12,vehicle,high,none,0.8535808304166075,Java_high_Java_none_results.csv
69,28,vehicle,high,none,0.7602705106579581,Java_high_Java_none_results.csv
1,3,vehicle,high,none,0.8313556821269099,Java_high_Java_none_results.csv
69,196,vehicle,high,none,0.7987766545709533,Java_high_Java_none_results.csv
48,154,vehicle,high,none,0.8168434339962352,Java_high_Java_none_results.csv
69,12,vehicle,high,none,0.7416745602409772,Java_high_Java_none_results.csv
1,106,vehicle,high,none,0.8040355855250657,Java_high_Java_none_results.csv
26,116,vehicle,high,none,0.7615139372740577,Java_high_Java_none_results.csv
69,189,vehicle,high,none,0.7841864238871072,Java_high_Java_none_results.csv
48,141,vehicle,high,none,0.772343433582743,Java_high_Java_none_results.csv
82,154,vehicle,high,none,0.8141784672469278,Java_high_Java_none_results.csv
26,211,vehicle,high,none,0.7467168255108768,Java_high_Java_none_results.csv
69,181,vehicle,high,none,0.8296436334148972,Java_high_Java_none_results.csv
48,116,vehicle,high,none,0.7564718571047542,Java_high_Java_none_results.csv
80,204,vehicle,high,none,0.9107449652088012,Java_high_Java_none_results.csv
68,211,vehicle,high,none,0.7563409662563604,Java_high_Java_none_results.csv
86,93,vehicle,high,none,0.9090241818501116,Java_high_Java_none_results.csv
69,116,vehicle,high,none,0.7655889297352476,Java_high_Java_none_results.csv
48,110,vehicle,high,none,0.7030119869642675,Java_high_Java_none_results.csv
69,163,vehicle,high,none,0.8121923524482025,Java_high_Java_none_results.csv
86,59,vehicle,high,none,0.8113876719979347,Java_high_Java_none_results.csv
48,106,vehicle,high,none,0.7837591355190007,Java_high_Java_none_results.csv
80,211,vehicle,high,none,0.8675181629529474,Java_high_Java_none_results.csv
1,93,vehicle,high,none,0.8724868564496631,Java_high_Java_none_results.csv
1,36,vehicle,high,none,0.8492607824370318,Java_high_Java_none_results.csv
48,211,vehicle,high,none,0.7281861376540437,Java_high_Java_none_results.csv
26,141,vehicle,high,none,0.777862094734509,Java_high_Java_none_results.csv
1,5,vehicle,high,none,0.820006774849523,Java_high_Java_none_results.csv
86,36,vehicle,high,none,0.8704249572078592,Java_high_Java_none_results.csv
48,93,vehicle,high,none,0.8665599532822426,Java_high_Java_none_results.csv
86,30,vehicle,high,none,0.8131704884910609,Java_high_Java_none_results.csv
48,59,vehicle,high,none,0.8113058328125703,Java_high_Java_none_results.csv
86,28,vehicle,high,none,0.784386686106231,Java_high_Java_none_results.csv
86,12,vehicle,high,none,0.7575403400597055,Java_high_Java_none_results.csv
48,36,vehicle,high,none,0.7902325978329912,Java_high_Java_none_results.csv
68,59,vehicle,high,none,0.8316794923584955,Java_high_Java_none_results.csv
1,59,vehicle,high,none,0.823211585684714,Java_high_Java_none_results.csv
86,5,vehicle,high,none,0.805911402199322,Java_high_Java_none_results.csv
48,30,vehicle,high,none,0.753102559872672,Java_high_Java_none_results.csv
86,3,vehicle,high,none,0.8342399153264958,Java_high_Java_none_results.csv
1,204,vehicle,high,none,0.9248263200153434,Java_high_Java_none_results.csv
69,141,vehicle,high,none,0.7450191653911639,Java_high_Java_none_results.csv
48,28,vehicle,high,none,0.7129481504365716,Java_high_Java_none_results.csv
68,36,vehicle,high,none,0.8087011758625197,Java_high_Java_none_results.csv
82,216,vehicle,high,none,0.870805582147564,Java_high_Java_none_results.csv
68,96,vehicle,high,none,0.723819704786772,Java_high_Java_none_results.csv
48,12,vehicle,high,none,0.806109917947417,Java_high_Java_none_results.csv
82,141,vehicle,high,none,0.7552642058096791,Java_high_Java_none_results.csv
68,30,vehicle,high,none,0.6818965728252788,Java_high_Java_none_results.csv
1,163,vehicle,high,none,0.8065417826628571,Java_high_Java_none_results.csv
82,211,vehicle,high,none,0.7375415503773933,Java_high_Java_none_results.csv
48,5,vehicle,high,none,0.7183799325282739,Java_high_Java_none_results.csv
48,204,vehicle,high,none,0.9441463683533338,Java_high_Java_none_results.csv
68,28,vehicle,high,none,0.7189852923024297,Java_high_Java_none_results.csv
82,116,vehicle,high,none,0.7084919809172319,Java_high_Java_none_results.csv
82,204,vehicle,high,none,0.953834500353088,Java_high_Java_none_results.csv
69,5,vehicle,high,none,0.7922904927985019,Java_high_Java_none_results.csv
68,12,vehicle,high,none,0.7810127787752296,Java_high_Java_none_results.csv
82,201,vehicle,high,none,0.8070466084405357,Java_high_Java_none_results.csv
82,110,vehicle,high,none,0.7395761180093865,Java_high_Java_none_results.csv
69,3,vehicle,high,none,0.8182829911743791,Java_high_Java_none_results.csv
68,5,vehicle,high,none,0.7007798163199752,Java_high_Java_none_results.csv
1,141,vehicle,high,none,0.8168726742386387,Java_high_Java_none_results.csv
80,216,vehicle,high,none,0.8477714878763902,Java_high_Java_none_results.csv
26,30,vehicle,high,none,0.7818190724907578,Java_high_Java_none_results.csv
82,196,vehicle,high,none,0.8125460752081423,Java_high_Java_none_results.csv
82,106,vehicle,high,none,0.8379486059546788,Java_high_Java_none_results.csv
68,3,vehicle,high,none,0.7234403538088123,Java_high_Java_none_results.csv
80,59,vehicle,high,none,0.9000399409227124,Java_high_Java_none_results.csv
1,96,vehicle,high,none,0.8563320005165567,Java_high_Java_none_results.csv
82,189,vehicle,high,none,0.758230922143645,Java_high_Java_none_results.csv
82,181,vehicle,high,none,0.7841040365806123,Java_high_Java_none_results.csv
82,96,vehicle,high,none,0.7278391325282969,Java_high_Java_none_results.csv
69,154,vehicle,high,none,0.7831909470738843,Java_high_Java_none_results.csv
26,216,vehicle,high,none,0.8615868993674123,Java_high_Java_none_results.csv
80,36,vehicle,high,none,0.8401627845641261,Java_high_Java_none_results.csv
48,216,vehicle,high,none,0.7947265038234427,Java_high_Java_none_results.csv
82,93,vehicle,high,none,0.9114653234831436,Java_high_Java_none_results.csv
48,3,vehicle,high,none,0.7484784487071942,Java_high_Java_none_results.csv
1,110,vehicle,high,none,0.8102470127819023,Java_high_Java_none_results.csv
80,201,vehicle,high,none,0.8720412584976761,Java_high_Java_none_results.csv
26,204,vehicle,high,none,0.9494129469658822,Java_high_Java_none_results.csv
82,59,vehicle,high,none,0.7982762333768634,Java_high_Java_none_results.csv
26,201,vehicle,high,none,0.8247938244422406,Java_high_Java_none_results.csv
80,196,vehicle,high,none,0.873969547013373,Java_high_Java_none_results.csv
26,196,vehicle,high,none,0.8182975356571929,Java_high_Java_none_results.csv
1,211,vehicle,high,none,0.8162386656430015,Java_high_Java_none_results.csv
1,116,vehicle,high,none,0.8206900678166352,Java_high_Java_none_results.csv
82,36,vehicle,high,none,0.8289529191206211,Java_high_Java_none_results.csv
80,189,vehicle,high,none,0.8461243855023628,Java_high_Java_none_results.csv
68,204,vehicle,high,none,0.9187864757855349,Java_high_Java_none_results.csv
1,154,vehicle,high,none,0.8401737904954653,Java_high_Java_none_results.csv
26,189,vehicle,high,none,0.7934557913455725,Java_high_Java_none_results.csv
1,201,vehicle,high,none,0.819558542255581,Java_high_Java_none_results.csv
82,30,vehicle,high,none,0.78087633278895,Java_high_Java_none_results.csv
80,181,vehicle,high,none,0.8745734852760751,Java_high_Java_none_results.csv
68,201,vehicle,high,none,0.7685197718855312,Java_high_Java_none_results.csv
1,30,vehicle,high,none,0.7944544603853987,Java_high_Java_none_results.csv
26,181,vehicle,high,none,0.7596526246091684,Java_high_Java_none_results.csv
1,196,vehicle,high,none,0.8326858433602214,Java_high_Java_none_results.csv
68,196,vehicle,high,none,0.8221093275445994,Java_high_Java_none_results.csv
80,163,vehicle,high,none,0.8764218513248557,Java_high_Java_none_results.csv
80,28,vehicle,high,none,0.8510695097354871,Java_high_Java_none_results.csv
82,28,vehicle,high,none,0.7476040926724455,Java_high_Java_none_results.csv
69,110,vehicle,high,none,0.8016380308489597,Java_high_Java_none_results.csv
1,28,vehicle,high,none,0.7962570327862686,Java_high_Java_none_results.csv
26,163,vehicle,high,none,0.8297442861449202,Java_high_Java_none_results.csv
26,110,vehicle,high,none,0.7584945647459997,Java_high_Java_none_results.csv
1,189,vehicle,high,none,0.8146055611198575,Java_high_Java_none_results.csv
26,28,vehicle,high,none,0.7732177330007957,Java_high_Java_none_results.csv
82,12,vehicle,high,none,0.767455319946397,Java_high_Java_none_results.csv
80,154,vehicle,high,none,0.8774105865825714,Java_high_Java_none_results.csv
69,106,vehicle,high,none,0.8435467601676758,Java_high_Java_none_results.csv
68,189,vehicle,high,none,0.7260810506390946,Java_high_Java_none_results.csv
26,154,vehicle,high,none,0.8217513415875716,Java_high_Java_none_results.csv
80,12,vehicle,high,none,0.9003368846193587,Java_high_Java_none_results.csv
1,216,vehicle,high,none,0.8339661562037188,Java_high_Java_none_results.csv
26,106,vehicle,high,none,0.829943896336352,Java_high_Java_none_results.csv
26,12,vehicle,high,none,0.8316664635192196,Java_high_Java_none_results.csv
82,5,vehicle,high,none,0.765715071359341,Java_high_Java_none_results.csv
80,141,vehicle,high,none,0.8638075578377125,Java_high_Java_none_results.csv
69,96,vehicle,high,none,0.7477777021094643,Java_high_Java_none_results.csv
68,181,vehicle,high,none,0.7526353991587622,Java_high_Java_none_results.csv
48,96,vehicle,high,none,0.7194860704042981,Java_high_Java_none_results.csv
80,5,vehicle,high,none,0.8419273209491762,Java_high_Java_none_results.csv
80,30,vehicle,high,none,0.8464917468661364,Java_high_Java_none_results.csv
26,96,vehicle,high,none,0.7500690091685452,Java_high_Java_none_results.csv
1,181,vehicle,high,none,0.8176197941597785,Java_high_Java_none_results.csv
26,5,vehicle,high,none,0.7422767913501548,Java_high_Java_none_results.csv
82,3,vehicle,high,none,0.7867823436415261,Java_high_Java_none_results.csv
80,116,vehicle,high,none,0.9079153820800818,Java_high_Java_none_results.csv
69,93,vehicle,high,none,0.907943230258892,Java_high_Java_none_results.csv
68,163,vehicle,high,none,0.7777747698382687,Java_high_Java_none_results.csv
80,3,vehicle,high,none,0.8290269535386767,Java_high_Java_none_results.csv
68,93,vehicle,high,none,0.8827864098010716,Java_high_Java_none_results.csv
68,216,vehicle,high,none,0.8176597026776282,Java_high_Java_none_results.csv
48,201,vehicle,high,none,0.7769233950453694,Java_high_Java_none_results.csv
26,93,vehicle,high,none,0.8821476798078295,Java_high_Java_none_results.csv
26,3,vehicle,high,none,0.8188882938964837,Java_high_Java_none_results.csv
68,154,vehicle,high,none,0.8067110474338175,Java_high_Java_none_results.csv
80,110,vehicle,high,none,0.8524490412112572,Java_high_Java_none_results.csv
69,216,vehicle,high,none,0.8791439492814964,Java_high_Java_none_results.csv
48,196,vehicle,high,none,0.8143725671267811,Java_high_Java_none_results.csv
82,163,vehicle,high,none,0.8085273269878828,Java_high_Java_none_results.csv
26,59,vehicle,high,none,0.8522100631743788,Java_high_Java_none_results.csv
80,106,vehicle,high,none,0.8450820652227126,Java_high_Java_none_results.csv
68,141,vehicle,high,none,0.7652352897302938,Java_high_Java_none_results.csv
68,106,vehicle,high,none,0.8034042451273027,Java_high_Java_none_results.csv
69,211,vehicle,high,none,0.7099190279557727,Java_high_Java_none_results.csv
69,59,vehicle,high,none,0.8074599611755087,Java_high_Java_none_results.csv
48,189,vehicle,high,none,0.738052911764147,Java_high_Java_none_results.csv
69,36,vehicle,high,none,0.8568081208693192,Java_high_Java_none_results.csv
26,36,vehicle,high,none,0.8124439505105786,Java_high_Java_none_results.csv
80,96,vehicle,high,none,0.8973246517196141,Java_high_Java_none_results.csv
68,116,vehicle,high,none,0.7310473878335334,Java_high_Java_none_results.csv
69,204,vehicle,high,none,0.9710075673116644,Java_high_Java_none_results.csv
48,181,vehicle,high,none,0.7538018908173326,Java_high_Java_none_results.csv
69,30,vehicle,high,none,0.8235588891505348,Java_high_Java_none_results.csv
80,93,vehicle,high,none,0.8029573274330869,Java_high_Java_none_results.csv
68,110,vehicle,high,none,0.7004166984869674,Java_high_Java_none_results.csv
69,201,vehicle,high,none,0.8325787301886993,Java_high_Java_none_results.csv
48,163,vehicle,high,none,0.8038429939955328,Java_high_Java_none_results.csv
86,204,vehicle,high,none,0.970513580283466,Java_high_Java_none_results.csv
86,181,vehicle,high,none,0.806325276350078,Java_high_Java_none_results.csv
87,5,vehicle,high,none,0.7742532310540804,Java_high_Java_none_results.csv
86,163,vehicle,high,none,0.7995384058932388,Java_high_Java_none_results.csv
86,216,vehicle,high,none,0.8724639142792007,Java_high_Java_none_results.csv
87,30,vehicle,high,none,0.7861530791004734,Java_high_Java_none_results.csv
86,201,vehicle,high,none,0.8011650709482472,Java_high_Java_none_results.csv
87,93,vehicle,high,none,0.9116274824642554,Java_high_Java_none_results.csv
86,110,vehicle,high,none,0.7755010258189378,Java_high_Java_none_results.csv
86,189,vehicle,high,none,0.782717761862433,Java_high_Java_none_results.csv
86,211,vehicle,high,none,0.7493624307276812,Java_high_Java_none_results.csv
86,141,vehicle,high,none,0.7799920686792315,Java_high_Java_none_results.csv
86,116,vehicle,high,none,0.7188070221391796,Java_high_Java_none_results.csv
87,36,vehicle,high,none,0.8174563521987234,Java_high_Java_none_results.csv
87,28,vehicle,high,none,0.740139379394824,Java_high_Java_none_results.csv
87,3,vehicle,high,none,0.804376715281578,Java_high_Java_none_results.csv
87,189,vehicle,high,none,0.761599650374337,Java_high_Java_none_results.csv
86,196,vehicle,high,none,0.8009839680533599,Java_high_Java_none_results.csv
87,181,vehicle,high,none,0.7703901409492118,Java_high_Java_none_results.csv
87,106,vehicle,high,none,0.8459761699389159,Java_high_Java_none_results.csv
86,106,vehicle,high,none,0.8494574562469618,Java_high_Java_none_results.csv
87,59,vehicle,high,none,0.824348262228984,Java_high_Java_none_results.csv
86,154,vehicle,high,none,0.8133492195148526,Java_high_Java_none_results.csv
87,116,vehicle,high,none,0.7127350680357795,Java_high_Java_none_results.csv
87,204,vehicle,high,none,0.9667853113896872,Java_high_Java_none_results.csv
118,5,vehicle,high,none,0.7922916504698061,Java_high_Java_none_results.csv
87,201,vehicle,high,none,0.7936532760779876,Java_high_Java_none_results.csv
118,28,vehicle,high,none,0.7684468681852905,Java_high_Java_none_results.csv
87,110,vehicle,high,none,0.7372031440683301,Java_high_Java_none_results.csv
118,93,vehicle,high,none,0.853985874306696,Java_high_Java_none_results.csv
86,96,vehicle,high,none,0.7685352017476329,Java_high_Java_none_results.csv
118,36,vehicle,high,none,0.8421780838363978,Java_high_Java_none_results.csv
118,3,vehicle,high,none,0.8495790192232208,Java_high_Java_none_results.csv
87,141,vehicle,high,none,0.772477198914744,Java_high_Java_none_results.csv
87,216,vehicle,high,none,0.8689657741378162,Java_high_Java_none_results.csv
118,30,vehicle,high,none,0.7973430157479585,Java_high_Java_none_results.csv
87,163,vehicle,high,none,0.802376448817478,Java_high_Java_none_results.csv
118,106,vehicle,high,none,0.8568490500495631,Java_high_Java_none_results.csv
87,96,vehicle,high,none,0.7497753426368041,Java_high_Java_none_results.csv
118,189,vehicle,high,none,0.781403419486728,Java_high_Java_none_results.csv
118,181,vehicle,high,none,0.8130899010295419,Java_high_Java_none_results.csv
87,211,vehicle,high,none,0.7486496948961331,Java_high_Java_none_results.csv
118,116,vehicle,high,none,0.8054701253679549,Java_high_Java_none_results.csv
118,204,vehicle,high,none,0.9247988000395349,Java_high_Java_none_results.csv
118,201,vehicle,high,none,0.7959307205766786,Java_high_Java_none_results.csv
118,163,vehicle,high,none,0.7809760974385846,Java_high_Java_none_results.csv
87,196,vehicle,high,none,0.8311648745911011,Java_high_Java_none_results.csv
118,110,vehicle,high,none,0.7764744692085531,Java_high_Java_none_results.csv
118,216,vehicle,high,none,0.8749063603074617,Java_high_Java_none_results.csv
118,154,vehicle,high,none,0.8603329807228066,Java_high_Java_none_results.csv
178,93,vehicle,high,none,0.852786242002892,Java_high_Java_none_results.csv
118,196,vehicle,high,none,0.8656412459834558,Java_high_Java_none_results.csv
178,30,vehicle,high,none,0.7223986459963606,Java_high_Java_none_results.csv
118,59,vehicle,high,none,0.8028283551152172,Java_high_Java_none_results.csv
118,141,vehicle,high,none,0.8153743128758693,Java_high_Java_none_results.csv
178,3,vehicle,high,none,0.6779976072195758,Java_high_Java_none_results.csv
118,96,vehicle,high,none,0.8189440203424632,Java_high_Java_none_results.csv
178,110,vehicle,high,none,0.7065771070536363,Java_high_Java_none_results.csv
118,12,vehicle,high,none,0.862123814522015,Java_high_Java_none_results.csv
87,12,vehicle,high,none,0.7484328064752644,Java_high_Java_none_results.csv
178,106,vehicle,high,none,0.7709240674618277,Java_high_Java_none_results.csv
178,96,vehicle,high,none,0.7876866871146329,Java_high_Java_none_results.csv
178,181,vehicle,high,none,0.7433190644592794,Java_high_Java_none_results.csv
178,116,vehicle,high,none,0.752623788603242,Java_high_Java_none_results.csv
178,204,vehicle,high,none,0.9107617468668576,Java_high_Java_none_results.csv
178,12,vehicle,high,none,0.7953986939092,Java_high_Java_none_results.csv
178,141,vehicle,high,none,0.8000265493523039,Java_high_Java_none_results.csv
178,28,vehicle,high,none,0.7404159921034391,Java_high_Java_none_results.csv
178,216,vehicle,high,none,0.7771499621004645,Java_high_Java_none_results.csv
178,5,vehicle,high,none,0.7295496957830582,Java_high_Java_none_results.csv
118,211,vehicle,high,none,0.7755506049721425,Java_high_Java_none_results.csv
178,36,vehicle,high,none,0.7656689379706643,Java_high_Java_none_results.csv
178,189,vehicle,high,none,0.7362649958151166,Java_high_Java_none_results.csv
178,201,vehicle,high,none,0.7839884340924074,Java_high_Java_none_results.csv
178,163,vehicle,high,none,0.8005879567185097,Java_high_Java_none_results.csv
178,211,vehicle,high,none,0.7573534177962353,Java_high_Java_none_results.csv
178,59,vehicle,high,none,0.847249384751124,Java_high_Java_none_results.csv
87,154,vehicle,high,none,0.8406568471001491,Java_high_Java_none_results.csv
178,196,vehicle,high,none,0.8148890743610439,Java_high_Java_none_results.csv
178,154,vehicle,high,none,0.8207692327369226,Java_high_Java_none_results.csv
13,91,vehicle,low,medium,0.7811956412078629,Java_low_Java_medium_results.csv
13,155,vehicle,low,medium,0.8415616492291569,Java_low_Java_medium_results.csv
13,51,vehicle,low,medium,0.872112737586763,Java_low_Java_medium_results.csv
10,203,vehicle,low,medium,0.837291935039938,Java_low_Java_medium_results.csv
13,89,vehicle,low,medium,0.7817135704755205,Java_low_Java_medium_results.csv
10,171,vehicle,low,medium,0.8531042193550349,Java_low_Java_medium_results.csv
13,151,vehicle,low,medium,0.8006264586143859,Java_low_Java_medium_results.csv
10,169,vehicle,low,medium,0.7766425514007318,Java_low_Java_medium_results.csv
13,19,vehicle,low,medium,0.8896881395365549,Java_low_Java_medium_results.csv
13,50,vehicle,low,medium,0.8611935199163123,Java_low_Java_medium_results.csv
10,17,vehicle,low,medium,0.8190068345540928,Java_low_Java_medium_results.csv
13,147,vehicle,low,medium,0.8662824447164016,Java_low_Java_medium_results.csv
13,133,vehicle,low,medium,0.8283708110774712,Java_low_Java_medium_results.csv
13,42,vehicle,low,medium,0.8977075195245704,Java_low_Java_medium_results.csv
13,24,vehicle,low,medium,0.8075052125820341,Java_low_Java_medium_results.csv
13,215,vehicle,low,medium,0.8430823619405402,Java_low_Java_medium_results.csv
13,145,vehicle,low,medium,0.8287814288391141,Java_low_Java_medium_results.csv
10,16,vehicle,low,medium,0.8128996214069318,Java_low_Java_medium_results.csv
13,40,vehicle,low,medium,0.8621932759407597,Java_low_Java_medium_results.csv
13,18,vehicle,low,medium,0.8253753282233924,Java_low_Java_medium_results.csv
10,115,vehicle,low,medium,0.8439256968216345,Java_low_Java_medium_results.csv
13,214,vehicle,low,medium,0.8146146599197422,Java_low_Java_medium_results.csv
13,143,vehicle,low,medium,0.8172122104511302,Java_low_Java_medium_results.csv
13,33,vehicle,low,medium,0.8435445937149604,Java_low_Java_medium_results.csv
13,142,vehicle,low,medium,0.827802505831016,Java_low_Java_medium_results.csv
13,32,vehicle,low,medium,0.7968249601477199,Java_low_Java_medium_results.csv
10,73,vehicle,low,medium,0.8333325103340373,Java_low_Java_medium_results.csv
13,210,vehicle,low,medium,0.8590599285189641,Java_low_Java_medium_results.csv
13,25,vehicle,low,medium,0.8185879780046957,Java_low_Java_medium_results.csv
10,197,vehicle,low,medium,0.775002187585973,Java_low_Java_medium_results.csv
10,72,vehicle,low,medium,0.8403735542630953,Java_low_Java_medium_results.csv
13,207,vehicle,low,medium,0.7962782307408938,Java_low_Java_medium_results.csv
10,191,vehicle,low,medium,0.8009247193052469,Java_low_Java_medium_results.csv
10,70,vehicle,low,medium,0.8456391245515876,Java_low_Java_medium_results.csv
10,145,vehicle,low,medium,0.8083699148191968,Java_low_Java_medium_results.csv
13,20,vehicle,low,medium,0.8090229915167063,Java_low_Java_medium_results.csv
13,206,vehicle,low,medium,0.8144965242973446,Java_low_Java_medium_results.csv
10,66,vehicle,low,medium,0.8906679376146137,Java_low_Java_medium_results.csv
13,17,vehicle,low,medium,0.7859678202768037,Java_low_Java_medium_results.csv
10,210,vehicle,low,medium,0.8117057522321506,Java_low_Java_medium_results.csv
13,55,vehicle,low,medium,0.7576493282744914,Java_low_Java_medium_results.csv
13,203,vehicle,low,medium,0.9503135833535404,Java_low_Java_medium_results.csv
10,40,vehicle,low,medium,0.7696110703530763,Java_low_Java_medium_results.csv
10,50,vehicle,low,medium,0.8720090978658962,Java_low_Java_medium_results.csv
13,16,vehicle,low,medium,0.7558168160044313,Java_low_Java_medium_results.csv
10,33,vehicle,low,medium,0.842480287526316,Java_low_Java_medium_results.csv
10,4,vehicle,low,medium,0.8020668146064956,Java_low_Java_medium_results.csv
13,202,vehicle,low,medium,0.8050970283533189,Java_low_Java_medium_results.csv
10,105,vehicle,low,medium,0.825646029000458,Java_low_Java_medium_results.csv
10,142,vehicle,low,medium,0.8115906523760809,Java_low_Java_medium_results.csv
13,135,vehicle,low,medium,0.8353570751530851,Java_low_Java_medium_results.csv
13,81,vehicle,low,medium,0.8404010808571484,Java_low_Java_medium_results.csv
13,197,vehicle,low,medium,0.8133795024142049,Java_low_Java_medium_results.csv
13,84,vehicle,low,medium,0.8091058695706721,Java_low_Java_medium_results.csv
10,89,vehicle,low,medium,0.8605225414032669,Java_low_Java_medium_results.csv
10,24,vehicle,low,medium,0.85474108705357,Java_low_Java_medium_results.csv
21,40,vehicle,low,medium,0.8242837934287953,Java_low_Java_medium_results.csv
13,75,vehicle,low,medium,0.8264699469759392,Java_low_Java_medium_results.csv
10,88,vehicle,low,medium,0.8432175275732795,Java_low_Java_medium_results.csv
13,6,vehicle,low,medium,0.872728096717534,Java_low_Java_medium_results.csv
10,75,vehicle,low,medium,0.8310590494137456,Java_low_Java_medium_results.csv
10,202,vehicle,low,medium,0.8661952509689584,Java_low_Java_medium_results.csv
21,33,vehicle,low,medium,0.801878639780425,Java_low_Java_medium_results.csv
13,73,vehicle,low,medium,0.8202999801633157,Java_low_Java_medium_results.csv
13,88,vehicle,low,medium,0.9037949603709036,Java_low_Java_medium_results.csv
13,192,vehicle,low,medium,0.849206049235631,Java_low_Java_medium_results.csv
10,84,vehicle,low,medium,0.7961269615864299,Java_low_Java_medium_results.csv
10,83,vehicle,low,medium,0.8401247552680007,Java_low_Java_medium_results.csv
13,4,vehicle,low,medium,0.7961939094781002,Java_low_Java_medium_results.csv
10,25,vehicle,low,medium,0.8379250116792041,Java_low_Java_medium_results.csv
21,32,vehicle,low,medium,0.7955386054750424,Java_low_Java_medium_results.csv
13,72,vehicle,low,medium,0.8178184432103831,Java_low_Java_medium_results.csv
10,81,vehicle,low,medium,0.7892296301137132,Java_low_Java_medium_results.csv
10,42,vehicle,low,medium,0.8345434656083591,Java_low_Java_medium_results.csv
13,191,vehicle,low,medium,0.7763301587510183,Java_low_Java_medium_results.csv
10,215,vehicle,low,medium,0.8252258620496042,Java_low_Java_medium_results.csv
21,25,vehicle,low,medium,0.7900247054001637,Java_low_Java_medium_results.csv
13,70,vehicle,low,medium,0.8960203366771149,Java_low_Java_medium_results.csv
10,20,vehicle,low,medium,0.8236890710808366,Java_low_Java_medium_results.csv
10,32,vehicle,low,medium,0.7949619505498918,Java_low_Java_medium_results.csv
10,206,vehicle,low,medium,0.8053212440342367,Java_low_Java_medium_results.csv
10,190,vehicle,low,medium,0.7622362287488009,Java_low_Java_medium_results.csv
10,214,vehicle,low,medium,0.8727863002596337,Java_low_Java_medium_results.csv
21,24,vehicle,low,medium,0.8081165449333394,Java_low_Java_medium_results.csv
13,66,vehicle,low,medium,0.937288741127972,Java_low_Java_medium_results.csv
13,190,vehicle,low,medium,0.8497689817570511,Java_low_Java_medium_results.csv
21,6,vehicle,low,medium,0.8349181143143152,Java_low_Java_medium_results.csv
21,20,vehicle,low,medium,0.8206938431327766,Java_low_Java_medium_results.csv
10,168,vehicle,low,medium,0.809163805326691,Java_low_Java_medium_results.csv
13,62,vehicle,low,medium,0.9002608536595907,Java_low_Java_medium_results.csv
10,97,vehicle,low,medium,0.7949438426070466,Java_low_Java_medium_results.csv
10,143,vehicle,low,medium,0.7597009168242993,Java_low_Java_medium_results.csv
10,61,vehicle,low,medium,0.8052614733566716,Java_low_Java_medium_results.csv
21,19,vehicle,low,medium,0.8631319434731924,Java_low_Java_medium_results.csv
13,61,vehicle,low,medium,0.8282494916500173,Java_low_Java_medium_results.csv
10,166,vehicle,low,medium,0.8473559527273544,Java_low_Java_medium_results.csv
21,18,vehicle,low,medium,0.8267387838522701,Java_low_Java_medium_results.csv
10,51,vehicle,low,medium,0.7851217740868801,Java_low_Java_medium_results.csv
10,6,vehicle,low,medium,0.7442607139944227,Java_low_Java_medium_results.csv
10,53,vehicle,low,medium,0.7390418674557161,Java_low_Java_medium_results.csv
10,19,vehicle,low,medium,0.7658505757416854,Java_low_Java_medium_results.csv
10,117,vehicle,low,medium,0.8186601848001259,Java_low_Java_medium_results.csv
21,17,vehicle,low,medium,0.8124146733010993,Java_low_Java_medium_results.csv
10,192,vehicle,low,medium,0.7558604003779055,Java_low_Java_medium_results.csv
10,147,vehicle,low,medium,0.8127974800257207,Java_low_Java_medium_results.csv
21,16,vehicle,low,medium,0.7922448458671636,Java_low_Java_medium_results.csv
10,91,vehicle,low,medium,0.8194154851364199,Java_low_Java_medium_results.csv
10,54,vehicle,low,medium,0.7326269256566156,Java_low_Java_medium_results.csv
10,57,vehicle,low,medium,0.8231655093839958,Java_low_Java_medium_results.csv
10,151,vehicle,low,medium,0.8876154181970407,Java_low_Java_medium_results.csv
10,133,vehicle,low,medium,0.8200636889880312,Java_low_Java_medium_results.csv
10,207,vehicle,low,medium,0.8295025147269757,Java_low_Java_medium_results.csv
10,135,vehicle,low,medium,0.8336802912975405,Java_low_Java_medium_results.csv
10,108,vehicle,low,medium,0.8214075892386393,Java_low_Java_medium_results.csv
13,83,vehicle,low,medium,0.8296938089728483,Java_low_Java_medium_results.csv
10,62,vehicle,low,medium,0.8160338643268444,Java_low_Java_medium_results.csv
13,117,vehicle,low,medium,0.7936991226033132,Java_low_Java_medium_results.csv
10,155,vehicle,low,medium,0.7928206570450149,Java_low_Java_medium_results.csv
13,54,vehicle,low,medium,0.8394626669538205,Java_low_Java_medium_results.csv
10,18,vehicle,low,medium,0.7487974353029854,Java_low_Java_medium_results.csv
13,58,vehicle,low,medium,0.8258964729034018,Java_low_Java_medium_results.csv
13,115,vehicle,low,medium,0.8157250391673083,Java_low_Java_medium_results.csv
13,171,vehicle,low,medium,0.7906709552110954,Java_low_Java_medium_results.csv
10,158,vehicle,low,medium,0.8209258931347251,Java_low_Java_medium_results.csv
13,169,vehicle,low,medium,0.8554985416581228,Java_low_Java_medium_results.csv
13,108,vehicle,low,medium,0.9125943154168622,Java_low_Java_medium_results.csv
13,168,vehicle,low,medium,0.8470302269138255,Java_low_Java_medium_results.csv
13,105,vehicle,low,medium,0.8527459319543749,Java_low_Java_medium_results.csv
13,166,vehicle,low,medium,0.8828173896499544,Java_low_Java_medium_results.csv
13,57,vehicle,low,medium,0.8623355669382797,Java_low_Java_medium_results.csv
10,55,vehicle,low,medium,0.8742897438738555,Java_low_Java_medium_results.csv
13,97,vehicle,low,medium,0.7883295378288019,Java_low_Java_medium_results.csv
21,4,vehicle,low,medium,0.7757608413283973,Java_low_Java_medium_results.csv
13,53,vehicle,low,medium,0.8798603737230497,Java_low_Java_medium_results.csv
13,158,vehicle,low,medium,0.7582980508924309,Java_low_Java_medium_results.csv
10,58,vehicle,low,medium,0.8187141085855704,Java_low_Java_medium_results.csv
21,66,vehicle,low,medium,0.89318934442008,Java_low_Java_medium_results.csv
21,42,vehicle,low,medium,0.8341675266873149,Java_low_Java_medium_results.csv
21,53,vehicle,low,medium,0.8548565835598467,Java_low_Java_medium_results.csv
21,70,vehicle,low,medium,0.8379699114422027,Java_low_Java_medium_results.csv
21,54,vehicle,low,medium,0.8203172406027445,Java_low_Java_medium_results.csv
21,88,vehicle,low,medium,0.8547722325021855,Java_low_Java_medium_results.csv
21,57,vehicle,low,medium,0.8481911526533106,Java_low_Java_medium_results.csv
21,51,vehicle,low,medium,0.8415387766582757,Java_low_Java_medium_results.csv
21,62,vehicle,low,medium,0.8700648293577901,Java_low_Java_medium_results.csv
21,84,vehicle,low,medium,0.7891708250904117,Java_low_Java_medium_results.csv
21,108,vehicle,low,medium,0.8654848312063339,Java_low_Java_medium_results.csv
21,58,vehicle,low,medium,0.8087792405592761,Java_low_Java_medium_results.csv
21,105,vehicle,low,medium,0.8351216852037971,Java_low_Java_medium_results.csv
21,81,vehicle,low,medium,0.8256817079884354,Java_low_Java_medium_results.csv
21,73,vehicle,low,medium,0.8097132413738886,Java_low_Java_medium_results.csv
21,91,vehicle,low,medium,0.8177183963597148,Java_low_Java_medium_results.csv
21,97,vehicle,low,medium,0.7721342003383932,Java_low_Java_medium_results.csv
21,115,vehicle,low,medium,0.7845403663416776,Java_low_Java_medium_results.csv
21,147,vehicle,low,medium,0.8039882680939598,Java_low_Java_medium_results.csv
21,142,vehicle,low,medium,0.8126706590537983,Java_low_Java_medium_results.csv
21,61,vehicle,low,medium,0.7792550027636873,Java_low_Java_medium_results.csv
21,75,vehicle,low,medium,0.8082078371354487,Java_low_Java_medium_results.csv
21,89,vehicle,low,medium,0.7566242549905132,Java_low_Java_medium_results.csv
21,155,vehicle,low,medium,0.8160464685487406,Java_low_Java_medium_results.csv
21,143,vehicle,low,medium,0.8105459228825943,Java_low_Java_medium_results.csv
21,135,vehicle,low,medium,0.7630776891225708,Java_low_Java_medium_results.csv
21,145,vehicle,low,medium,0.7508084943277534,Java_low_Java_medium_results.csv
21,203,vehicle,low,medium,0.9174249156070048,Java_low_Java_medium_results.csv
21,117,vehicle,low,medium,0.7925668280783935,Java_low_Java_medium_results.csv
21,169,vehicle,low,medium,0.7955959364866592,Java_low_Java_medium_results.csv
21,158,vehicle,low,medium,0.7825394581513853,Java_low_Java_medium_results.csv
21,192,vehicle,low,medium,0.8190200627167474,Java_low_Java_medium_results.csv
21,72,vehicle,low,medium,0.7650527490155188,Java_low_Java_medium_results.csv
21,168,vehicle,low,medium,0.8338235376383164,Java_low_Java_medium_results.csv
27,6,vehicle,low,medium,0.8617783134055494,Java_low_Java_medium_results.csv
21,210,vehicle,low,medium,0.8334546236573221,Java_low_Java_medium_results.csv
21,171,vehicle,low,medium,0.7921926271830196,Java_low_Java_medium_results.csv
21,83,vehicle,low,medium,0.8170091038852423,Java_low_Java_medium_results.csv
21,206,vehicle,low,medium,0.7729920351762436,Java_low_Java_medium_results.csv
21,190,vehicle,low,medium,0.8099013352721349,Java_low_Java_medium_results.csv
21,50,vehicle,low,medium,0.8153506823952402,Java_low_Java_medium_results.csv
27,4,vehicle,low,medium,0.887001595447513,Java_low_Java_medium_results.csv
27,18,vehicle,low,medium,0.8908578014077033,Java_low_Java_medium_results.csv
27,16,vehicle,low,medium,0.889712421459107,Java_low_Java_medium_results.csv
27,17,vehicle,low,medium,0.8944502156067107,Java_low_Java_medium_results.csv
27,19,vehicle,low,medium,0.8269305534030886,Java_low_Java_medium_results.csv
27,42,vehicle,low,medium,0.8313830367901792,Java_low_Java_medium_results.csv
27,20,vehicle,low,medium,0.886182233964816,Java_low_Java_medium_results.csv
27,40,vehicle,low,medium,0.8913331763547009,Java_low_Java_medium_results.csv
27,33,vehicle,low,medium,0.8844356817720191,Java_low_Java_medium_results.csv
27,51,vehicle,low,medium,0.8300062607536799,Java_low_Java_medium_results.csv
27,53,vehicle,low,medium,0.8408475998374807,Java_low_Java_medium_results.csv
21,207,vehicle,low,medium,0.8112441495860604,Java_low_Java_medium_results.csv
27,54,vehicle,low,medium,0.8562461154469417,Java_low_Java_medium_results.csv
21,215,vehicle,low,medium,0.7947952816373132,Java_low_Java_medium_results.csv
21,55,vehicle,low,medium,0.8174422847339072,Java_low_Java_medium_results.csv
27,58,vehicle,low,medium,0.8628347617968641,Java_low_Java_medium_results.csv
27,57,vehicle,low,medium,0.8899907090533571,Java_low_Java_medium_results.csv
21,133,vehicle,low,medium,0.8045631163871235,Java_low_Java_medium_results.csv
27,66,vehicle,low,medium,0.8861999307132791,Java_low_Java_medium_results.csv
27,62,vehicle,low,medium,0.7318917262381305,Java_low_Java_medium_results.csv
27,24,vehicle,low,medium,0.9012983792388388,Java_low_Java_medium_results.csv
27,55,vehicle,low,medium,0.937089580016244,Java_low_Java_medium_results.csv
27,61,vehicle,low,medium,0.859973764416894,Java_low_Java_medium_results.csv
27,32,vehicle,low,medium,0.8670396221074287,Java_low_Java_medium_results.csv
21,191,vehicle,low,medium,0.7899761964063172,Java_low_Java_medium_results.csv
21,197,vehicle,low,medium,0.8258555992334446,Java_low_Java_medium_results.csv
27,25,vehicle,low,medium,0.8869963865357172,Java_low_Java_medium_results.csv
27,88,vehicle,low,medium,0.8400502717966549,Java_low_Java_medium_results.csv
27,81,vehicle,low,medium,0.8757624705234379,Java_low_Java_medium_results.csv
27,73,vehicle,low,medium,0.8866808970546194,Java_low_Java_medium_results.csv
27,83,vehicle,low,medium,0.9089784543537532,Java_low_Java_medium_results.csv
27,72,vehicle,low,medium,0.8897671973104406,Java_low_Java_medium_results.csv
27,70,vehicle,low,medium,0.8705431112359306,Java_low_Java_medium_results.csv
27,105,vehicle,low,medium,0.8247095698264536,Java_low_Java_medium_results.csv
27,50,vehicle,low,medium,0.9307663985184286,Java_low_Java_medium_results.csv
27,143,vehicle,low,medium,0.8829378384224735,Java_low_Java_medium_results.csv
27,108,vehicle,low,medium,0.8067500002297854,Java_low_Java_medium_results.csv
27,115,vehicle,low,medium,0.9005641452890568,Java_low_Java_medium_results.csv
27,117,vehicle,low,medium,0.8807090730737756,Java_low_Java_medium_results.csv
21,202,vehicle,low,medium,0.8155591997259031,Java_low_Java_medium_results.csv
27,133,vehicle,low,medium,0.8458519318976871,Java_low_Java_medium_results.csv
27,135,vehicle,low,medium,0.8773283958566649,Java_low_Java_medium_results.csv
27,145,vehicle,low,medium,0.8648331145299035,Java_low_Java_medium_results.csv
27,91,vehicle,low,medium,0.900804368598574,Java_low_Java_medium_results.csv
27,84,vehicle,low,medium,0.8779843895478437,Java_low_Java_medium_results.csv
27,97,vehicle,low,medium,0.8827520217938544,Java_low_Java_medium_results.csv
27,75,vehicle,low,medium,0.9021205913431348,Java_low_Java_medium_results.csv
27,169,vehicle,low,medium,0.8239744078198025,Java_low_Java_medium_results.csv
27,190,vehicle,low,medium,0.8263196140565756,Java_low_Java_medium_results.csv
27,158,vehicle,low,medium,0.882414889863166,Java_low_Java_medium_results.csv
27,168,vehicle,low,medium,0.8727879524461851,Java_low_Java_medium_results.csv
27,89,vehicle,low,medium,0.9200161660116576,Java_low_Java_medium_results.csv
27,203,vehicle,low,medium,0.8526676737401827,Java_low_Java_medium_results.csv
27,166,vehicle,low,medium,0.8832996150352833,Java_low_Java_medium_results.csv
21,214,vehicle,low,medium,0.7662791558407571,Java_low_Java_medium_results.csv
27,171,vehicle,low,medium,0.911165468599212,Java_low_Java_medium_results.csv
21,166,vehicle,low,medium,0.8670204825942062,Java_low_Java_medium_results.csv
27,142,vehicle,low,medium,0.8558194154423945,Java_low_Java_medium_results.csv
27,147,vehicle,low,medium,0.8360520014365503,Java_low_Java_medium_results.csv
27,210,vehicle,low,medium,0.8186478447699366,Java_low_Java_medium_results.csv
27,206,vehicle,low,medium,0.8484246703743294,Java_low_Java_medium_results.csv
27,151,vehicle,low,medium,0.9343697951492728,Java_low_Java_medium_results.csv
27,155,vehicle,low,medium,0.8154202134588103,Java_low_Java_medium_results.csv
27,207,vehicle,low,medium,0.9058028988341528,Java_low_Java_medium_results.csv
27,197,vehicle,low,medium,0.8734158906733221,Java_low_Java_medium_results.csv
27,192,vehicle,low,medium,0.8571984902135571,Java_low_Java_medium_results.csv
27,214,vehicle,low,medium,0.9100646740655916,Java_low_Java_medium_results.csv
29,6,vehicle,low,medium,0.8783010837355052,Java_low_Java_medium_results.csv
27,215,vehicle,low,medium,0.8686068477504149,Java_low_Java_medium_results.csv
27,191,vehicle,low,medium,0.8728477082317606,Java_low_Java_medium_results.csv
29,4,vehicle,low,medium,0.839068857978972,Java_low_Java_medium_results.csv
29,51,vehicle,low,medium,0.8280344982677312,Java_low_Java_medium_results.csv
29,24,vehicle,low,medium,0.7796798322694308,Java_low_Java_medium_results.csv
29,20,vehicle,low,medium,0.8175966058798471,Java_low_Java_medium_results.csv
29,33,vehicle,low,medium,0.8315155046456678,Java_low_Java_medium_results.csv
21,151,vehicle,low,medium,0.81248560479168,Java_low_Java_medium_results.csv
29,25,vehicle,low,medium,0.8415393145813511,Java_low_Java_medium_results.csv
29,16,vehicle,low,medium,0.829285857137002,Java_low_Java_medium_results.csv
29,66,vehicle,low,medium,0.8849688461471429,Java_low_Java_medium_results.csv
29,62,vehicle,low,medium,0.863068787773895,Java_low_Java_medium_results.csv
29,58,vehicle,low,medium,0.8463299123228036,Java_low_Java_medium_results.csv
29,19,vehicle,low,medium,0.8295437560534464,Java_low_Java_medium_results.csv
29,40,vehicle,low,medium,0.837008392890878,Java_low_Java_medium_results.csv
29,70,vehicle,low,medium,0.8080707309539277,Java_low_Java_medium_results.csv
29,57,vehicle,low,medium,0.7885281939478397,Java_low_Java_medium_results.csv
29,42,vehicle,low,medium,0.8149550240247934,Java_low_Java_medium_results.csv
29,50,vehicle,low,medium,0.7939682090486299,Java_low_Java_medium_results.csv
27,202,vehicle,low,medium,0.934522798549222,Java_low_Java_medium_results.csv
29,55,vehicle,low,medium,0.8897374083151501,Java_low_Java_medium_results.csv
29,88,vehicle,low,medium,0.8305675456058677,Java_low_Java_medium_results.csv
29,17,vehicle,low,medium,0.8127629873551875,Java_low_Java_medium_results.csv
29,53,vehicle,low,medium,0.8147888286083803,Java_low_Java_medium_results.csv
29,108,vehicle,low,medium,0.8254503586733886,Java_low_Java_medium_results.csv
29,72,vehicle,low,medium,0.8046618647856422,Java_low_Java_medium_results.csv
29,75,vehicle,low,medium,0.8239294446485353,Java_low_Java_medium_results.csv
29,54,vehicle,low,medium,0.8420309833923943,Java_low_Java_medium_results.csv
29,73,vehicle,low,medium,0.8350074693267939,Java_low_Java_medium_results.csv
29,81,vehicle,low,medium,0.8434307730179647,Java_low_Java_medium_results.csv
29,32,vehicle,low,medium,0.8301136718983975,Java_low_Java_medium_results.csv
29,97,vehicle,low,medium,0.8121152148728856,Java_low_Java_medium_results.csv
29,143,vehicle,low,medium,0.8164720932993688,Java_low_Java_medium_results.csv
29,115,vehicle,low,medium,0.8212608287375308,Java_low_Java_medium_results.csv
29,89,vehicle,low,medium,0.8355087573381361,Java_low_Java_medium_results.csv
29,147,vehicle,low,medium,0.8409720477158115,Java_low_Java_medium_results.csv
29,18,vehicle,low,medium,0.8423016866521613,Java_low_Java_medium_results.csv
29,105,vehicle,low,medium,0.8157899573946664,Java_low_Java_medium_results.csv
29,135,vehicle,low,medium,0.8376599862250272,Java_low_Java_medium_results.csv
29,133,vehicle,low,medium,0.8103840407603017,Java_low_Java_medium_results.csv
29,61,vehicle,low,medium,0.8121613301776935,Java_low_Java_medium_results.csv
29,84,vehicle,low,medium,0.8331675494131181,Java_low_Java_medium_results.csv
29,169,vehicle,low,medium,0.7999131767052958,Java_low_Java_medium_results.csv
29,158,vehicle,low,medium,0.8374759302799606,Java_low_Java_medium_results.csv
29,166,vehicle,low,medium,0.8126454728067114,Java_low_Java_medium_results.csv
29,168,vehicle,low,medium,0.8208061955911298,Java_low_Java_medium_results.csv
29,192,vehicle,low,medium,0.8709412988387578,Java_low_Java_medium_results.csv
29,203,vehicle,low,medium,0.8917505962427492,Java_low_Java_medium_results.csv
29,171,vehicle,low,medium,0.8465309952419238,Java_low_Java_medium_results.csv
29,91,vehicle,low,medium,0.8378494857561997,Java_low_Java_medium_results.csv
29,190,vehicle,low,medium,0.7988200570423934,Java_low_Java_medium_results.csv
29,117,vehicle,low,medium,0.8203027841069808,Java_low_Java_medium_results.csv
29,210,vehicle,low,medium,0.8300455201657857,Java_low_Java_medium_results.csv
29,155,vehicle,low,medium,0.8156767802493734,Java_low_Java_medium_results.csv
29,206,vehicle,low,medium,0.8462424924031546,Java_low_Java_medium_results.csv
29,151,vehicle,low,medium,0.8561360698574151,Java_low_Java_medium_results.csv
29,142,vehicle,low,medium,0.7949496482041236,Java_low_Java_medium_results.csv
29,215,vehicle,low,medium,0.8131675345143797,Java_low_Java_medium_results.csv
29,207,vehicle,low,medium,0.8605693265566136,Java_low_Java_medium_results.csv
29,83,vehicle,low,medium,0.8057071012575859,Java_low_Java_medium_results.csv
31,19,vehicle,low,medium,0.8363568341230546,Java_low_Java_medium_results.csv
29,145,vehicle,low,medium,0.8042057500753663,Java_low_Java_medium_results.csv
31,6,vehicle,low,medium,0.825727225541726,Java_low_Java_medium_results.csv
29,202,vehicle,low,medium,0.8855853751285503,Java_low_Java_medium_results.csv
29,214,vehicle,low,medium,0.8639486082160825,Java_low_Java_medium_results.csv
31,24,vehicle,low,medium,0.7785396925720202,Java_low_Java_medium_results.csv
29,191,vehicle,low,medium,0.8196516501694762,Java_low_Java_medium_results.csv
31,40,vehicle,low,medium,0.8069775258646962,Java_low_Java_medium_results.csv
29,197,vehicle,low,medium,0.8813019238371327,Java_low_Java_medium_results.csv
31,53,vehicle,low,medium,0.8157191689395675,Java_low_Java_medium_results.csv
31,54,vehicle,low,medium,0.7834931571802689,Java_low_Java_medium_results.csv
31,33,vehicle,low,medium,0.8102887201792315,Java_low_Java_medium_results.csv
31,25,vehicle,low,medium,0.7355144938355951,Java_low_Java_medium_results.csv
31,66,vehicle,low,medium,0.8604102624117366,Java_low_Java_medium_results.csv
31,42,vehicle,low,medium,0.852437151319452,Java_low_Java_medium_results.csv
31,50,vehicle,low,medium,0.7996501982534311,Java_low_Java_medium_results.csv
31,51,vehicle,low,medium,0.8011184923545779,Java_low_Java_medium_results.csv
31,57,vehicle,low,medium,0.8041554222936809,Java_low_Java_medium_results.csv
31,4,vehicle,low,medium,0.774309817589114,Java_low_Java_medium_results.csv
31,70,vehicle,low,medium,0.7722026832113043,Java_low_Java_medium_results.csv
31,61,vehicle,low,medium,0.7598364504172983,Java_low_Java_medium_results.csv
31,88,vehicle,low,medium,0.8096716092761125,Java_low_Java_medium_results.csv
31,55,vehicle,low,medium,0.7895443644580857,Java_low_Java_medium_results.csv
31,62,vehicle,low,medium,0.8487618390602444,Java_low_Java_medium_results.csv
31,18,vehicle,low,medium,0.7943979364259632,Java_low_Java_medium_results.csv
31,75,vehicle,low,medium,0.8334600443919172,Java_low_Java_medium_results.csv
31,72,vehicle,low,medium,0.7756526243858419,Java_low_Java_medium_results.csv
31,73,vehicle,low,medium,0.8217168950240991,Java_low_Java_medium_results.csv
31,108,vehicle,low,medium,0.8465253032347464,Java_low_Java_medium_results.csv
31,91,vehicle,low,medium,0.7333018082602721,Java_low_Java_medium_results.csv
31,105,vehicle,low,medium,0.7865041322717385,Java_low_Java_medium_results.csv
31,20,vehicle,low,medium,0.7546887876541586,Java_low_Java_medium_results.csv
31,58,vehicle,low,medium,0.7476875532403802,Java_low_Java_medium_results.csv
31,97,vehicle,low,medium,0.7352577129291203,Java_low_Java_medium_results.csv
31,32,vehicle,low,medium,0.7248186636091979,Java_low_Java_medium_results.csv
31,143,vehicle,low,medium,0.7275396678665285,Java_low_Java_medium_results.csv
31,17,vehicle,low,medium,0.7623258731951501,Java_low_Java_medium_results.csv
31,147,vehicle,low,medium,0.7724635474781401,Java_low_Java_medium_results.csv
31,117,vehicle,low,medium,0.7316688923161104,Java_low_Java_medium_results.csv
31,142,vehicle,low,medium,0.7470675874863784,Java_low_Java_medium_results.csv
31,83,vehicle,low,medium,0.7809528122338757,Java_low_Java_medium_results.csv
31,135,vehicle,low,medium,0.7868848148258384,Java_low_Java_medium_results.csv
31,155,vehicle,low,medium,0.7630997839459472,Java_low_Java_medium_results.csv
31,89,vehicle,low,medium,0.7902243044771322,Java_low_Java_medium_results.csv
31,190,vehicle,low,medium,0.7401520053654383,Java_low_Java_medium_results.csv
31,158,vehicle,low,medium,0.7699573957823668,Java_low_Java_medium_results.csv
31,168,vehicle,low,medium,0.8026542012036229,Java_low_Java_medium_results.csv
31,203,vehicle,low,medium,0.9155131549750558,Java_low_Java_medium_results.csv
31,133,vehicle,low,medium,0.7404162093789307,Java_low_Java_medium_results.csv
31,115,vehicle,low,medium,0.7831778833162545,Java_low_Java_medium_results.csv
31,16,vehicle,low,medium,0.739574907489033,Java_low_Java_medium_results.csv
31,191,vehicle,low,medium,0.746063694412242,Java_low_Java_medium_results.csv
31,81,vehicle,low,medium,0.8137675978696818,Java_low_Java_medium_results.csv
31,171,vehicle,low,medium,0.7765020502120195,Java_low_Java_medium_results.csv
31,145,vehicle,low,medium,0.7204791956039813,Java_low_Java_medium_results.csv
31,197,vehicle,low,medium,0.7989665763645862,Java_low_Java_medium_results.csv
31,210,vehicle,low,medium,0.739476069099247,Java_low_Java_medium_results.csv
31,84,vehicle,low,medium,0.7147535889025158,Java_low_Java_medium_results.csv
34,4,vehicle,low,medium,0.7405284477248917,Java_low_Java_medium_results.csv
31,192,vehicle,low,medium,0.7991758376371616,Java_low_Java_medium_results.csv
31,169,vehicle,low,medium,0.7929975267456686,Java_low_Java_medium_results.csv
31,215,vehicle,low,medium,0.7948600115714334,Java_low_Java_medium_results.csv
34,24,vehicle,low,medium,0.7972801382270148,Java_low_Java_medium_results.csv
34,20,vehicle,low,medium,0.8120282945682582,Java_low_Java_medium_results.csv
34,19,vehicle,low,medium,0.8665707497601328,Java_low_Java_medium_results.csv
34,18,vehicle,low,medium,0.8248958376120272,Java_low_Java_medium_results.csv
34,16,vehicle,low,medium,0.7958226946274707,Java_low_Java_medium_results.csv
34,51,vehicle,low,medium,0.7989156384351396,Java_low_Java_medium_results.csv
34,32,vehicle,low,medium,0.7705083627898665,Java_low_Java_medium_results.csv
34,42,vehicle,low,medium,0.8358670957086692,Java_low_Java_medium_results.csv
31,202,vehicle,low,medium,0.8381214516634878,Java_low_Java_medium_results.csv
34,54,vehicle,low,medium,0.8392375979119964,Java_low_Java_medium_results.csv
34,62,vehicle,low,medium,0.8709442685028091,Java_low_Java_medium_results.csv
34,58,vehicle,low,medium,0.748398272355687,Java_low_Java_medium_results.csv
31,214,vehicle,low,medium,0.7919303476155501,Java_low_Java_medium_results.csv
34,66,vehicle,low,medium,0.9002504244638296,Java_low_Java_medium_results.csv
34,50,vehicle,low,medium,0.8251811098208424,Java_low_Java_medium_results.csv
34,61,vehicle,low,medium,0.7699328745991848,Java_low_Java_medium_results.csv
34,57,vehicle,low,medium,0.8254944101291364,Java_low_Java_medium_results.csv
34,53,vehicle,low,medium,0.8460432197927178,Java_low_Java_medium_results.csv
31,166,vehicle,low,medium,0.8606918785100913,Java_low_Java_medium_results.csv
34,6,vehicle,low,medium,0.8382387692645032,Java_low_Java_medium_results.csv
34,70,vehicle,low,medium,0.8532118612061602,Java_low_Java_medium_results.csv
31,207,vehicle,low,medium,0.7600364665246849,Java_low_Java_medium_results.csv
34,55,vehicle,low,medium,0.817232956320583,Java_low_Java_medium_results.csv
34,84,vehicle,low,medium,0.7788382668159264,Java_low_Java_medium_results.csv
34,75,vehicle,low,medium,0.784195820893694,Java_low_Java_medium_results.csv
34,108,vehicle,low,medium,0.8415463141069254,Java_low_Java_medium_results.csv
34,40,vehicle,low,medium,0.8417757538998807,Java_low_Java_medium_results.csv
34,33,vehicle,low,medium,0.8286668402070773,Java_low_Java_medium_results.csv
34,72,vehicle,low,medium,0.79233468951269,Java_low_Java_medium_results.csv
34,83,vehicle,low,medium,0.8105192234042663,Java_low_Java_medium_results.csv
34,81,vehicle,low,medium,0.8423736887441889,Java_low_Java_medium_results.csv
34,88,vehicle,low,medium,0.841050370845368,Java_low_Java_medium_results.csv
31,206,vehicle,low,medium,0.7696205119275138,Java_low_Java_medium_results.csv
34,73,vehicle,low,medium,0.8172965964443404,Java_low_Java_medium_results.csv
34,97,vehicle,low,medium,0.7725499519797958,Java_low_Java_medium_results.csv
34,17,vehicle,low,medium,0.7952037099576006,Java_low_Java_medium_results.csv
34,143,vehicle,low,medium,0.7933721045800718,Java_low_Java_medium_results.csv
34,105,vehicle,low,medium,0.8569676881001501,Java_low_Java_medium_results.csv
34,25,vehicle,low,medium,0.8175095900455712,Java_low_Java_medium_results.csv
34,147,vehicle,low,medium,0.831904001934798,Java_low_Java_medium_results.csv
34,142,vehicle,low,medium,0.8083202460504438,Java_low_Java_medium_results.csv
34,117,vehicle,low,medium,0.8059349870830909,Java_low_Java_medium_results.csv
34,115,vehicle,low,medium,0.7810051351315056,Java_low_Java_medium_results.csv
34,133,vehicle,low,medium,0.8202715838093457,Java_low_Java_medium_results.csv
34,145,vehicle,low,medium,0.8111187178859957,Java_low_Java_medium_results.csv
34,192,vehicle,low,medium,0.8360024613007024,Java_low_Java_medium_results.csv
34,190,vehicle,low,medium,0.8027651266172918,Java_low_Java_medium_results.csv
34,166,vehicle,low,medium,0.8712744020919052,Java_low_Java_medium_results.csv
34,158,vehicle,low,medium,0.7704698721934257,Java_low_Java_medium_results.csv
34,197,vehicle,low,medium,0.814369406788155,Java_low_Java_medium_results.csv
34,203,vehicle,low,medium,0.9033378622744224,Java_low_Java_medium_results.csv
34,169,vehicle,low,medium,0.830646697696188,Java_low_Java_medium_results.csv
34,206,vehicle,low,medium,0.7818947497491543,Java_low_Java_medium_results.csv
34,91,vehicle,low,medium,0.807073437208892,Java_low_Java_medium_results.csv
34,155,vehicle,low,medium,0.8215253797780246,Java_low_Java_medium_results.csv
34,207,vehicle,low,medium,0.7928255580476075,Java_low_Java_medium_results.csv
34,215,vehicle,low,medium,0.8499461015434863,Java_low_Java_medium_results.csv
35,4,vehicle,low,medium,0.7657754982550334,Java_low_Java_medium_results.csv
34,202,vehicle,low,medium,0.8377183081201581,Java_low_Java_medium_results.csv
34,89,vehicle,low,medium,0.7791218308073463,Java_low_Java_medium_results.csv
34,171,vehicle,low,medium,0.7948349124583147,Java_low_Java_medium_results.csv
34,214,vehicle,low,medium,0.8143553281750322,Java_low_Java_medium_results.csv
35,24,vehicle,low,medium,0.776124527228516,Java_low_Java_medium_results.csv
34,210,vehicle,low,medium,0.8067429092930383,Java_low_Java_medium_results.csv
35,16,vehicle,low,medium,0.7668847357439689,Java_low_Java_medium_results.csv
35,20,vehicle,low,medium,0.7842357846622231,Java_low_Java_medium_results.csv
35,32,vehicle,low,medium,0.7570162076269868,Java_low_Java_medium_results.csv
35,19,vehicle,low,medium,0.8776677443105936,Java_low_Java_medium_results.csv
35,42,vehicle,low,medium,0.8743754216408,Java_low_Java_medium_results.csv
35,25,vehicle,low,medium,0.791835566244732,Java_low_Java_medium_results.csv
34,135,vehicle,low,medium,0.7669144701044937,Java_low_Java_medium_results.csv
34,168,vehicle,low,medium,0.8039264659217286,Java_low_Java_medium_results.csv
35,53,vehicle,low,medium,0.8523873524587122,Java_low_Java_medium_results.csv
35,54,vehicle,low,medium,0.8081127157258624,Java_low_Java_medium_results.csv
34,191,vehicle,low,medium,0.7784653813142773,Java_low_Java_medium_results.csv
35,58,vehicle,low,medium,0.7842752823889153,Java_low_Java_medium_results.csv
35,70,vehicle,low,medium,0.8702532436203434,Java_low_Java_medium_results.csv
35,50,vehicle,low,medium,0.8643130127705219,Java_low_Java_medium_results.csv
35,40,vehicle,low,medium,0.8275222229212496,Java_low_Java_medium_results.csv
31,151,vehicle,low,medium,0.8296679174051155,Java_low_Java_medium_results.csv
35,61,vehicle,low,medium,0.7928628352876282,Java_low_Java_medium_results.csv
35,55,vehicle,low,medium,0.7606537129401377,Java_low_Java_medium_results.csv
35,51,vehicle,low,medium,0.8280764593857546,Java_low_Java_medium_results.csv
35,66,vehicle,low,medium,0.9119066830591492,Java_low_Java_medium_results.csv
35,62,vehicle,low,medium,0.870778250527037,Java_low_Java_medium_results.csv
35,72,vehicle,low,medium,0.8071229873021627,Java_low_Java_medium_results.csv
35,75,vehicle,low,medium,0.7969182314563746,Java_low_Java_medium_results.csv
35,57,vehicle,low,medium,0.8457101320469269,Java_low_Java_medium_results.csv
35,108,vehicle,low,medium,0.9025950684610344,Java_low_Java_medium_results.csv
35,6,vehicle,low,medium,0.8662825786249031,Java_low_Java_medium_results.csv
35,83,vehicle,low,medium,0.8317577393083815,Java_low_Java_medium_results.csv
35,91,vehicle,low,medium,0.7452027139459959,Java_low_Java_medium_results.csv
34,151,vehicle,low,medium,0.8486353925143465,Java_low_Java_medium_results.csv
35,89,vehicle,low,medium,0.7337712428275077,Java_low_Java_medium_results.csv
35,143,vehicle,low,medium,0.7684425856706595,Java_low_Java_medium_results.csv
35,117,vehicle,low,medium,0.7545504662607285,Java_low_Java_medium_results.csv
35,115,vehicle,low,medium,0.7906591987862062,Java_low_Java_medium_results.csv
35,81,vehicle,low,medium,0.8238989515580373,Java_low_Java_medium_results.csv
35,88,vehicle,low,medium,0.8834174106473937,Java_low_Java_medium_results.csv
35,135,vehicle,low,medium,0.8202925035591154,Java_low_Java_medium_results.csv
35,145,vehicle,low,medium,0.8104799019932095,Java_low_Java_medium_results.csv
35,17,vehicle,low,medium,0.7696921253500423,Java_low_Java_medium_results.csv
35,155,vehicle,low,medium,0.8289127446923249,Java_low_Java_medium_results.csv
35,84,vehicle,low,medium,0.7745082176446578,Java_low_Java_medium_results.csv
35,158,vehicle,low,medium,0.7241836780853446,Java_low_Java_medium_results.csv
35,18,vehicle,low,medium,0.8065574670732544,Java_low_Java_medium_results.csv
35,33,vehicle,low,medium,0.8161372280447637,Java_low_Java_medium_results.csv
35,166,vehicle,low,medium,0.8724286074014299,Java_low_Java_medium_results.csv
35,169,vehicle,low,medium,0.8311744576921103,Java_low_Java_medium_results.csv
35,191,vehicle,low,medium,0.7610113195076276,Java_low_Java_medium_results.csv
35,192,vehicle,low,medium,0.8076919277251373,Java_low_Java_medium_results.csv
35,147,vehicle,low,medium,0.8547592319251212,Java_low_Java_medium_results.csv
35,105,vehicle,low,medium,0.8396871152297438,Java_low_Java_medium_results.csv
35,210,vehicle,low,medium,0.8286255514864733,Java_low_Java_medium_results.csv
35,133,vehicle,low,medium,0.8301369511222163,Java_low_Java_medium_results.csv
35,151,vehicle,low,medium,0.8250448631319208,Java_low_Java_medium_results.csv
35,203,vehicle,low,medium,0.9366049108952156,Java_low_Java_medium_results.csv
35,171,vehicle,low,medium,0.7660342541426706,Java_low_Java_medium_results.csv
35,207,vehicle,low,medium,0.7795487758488235,Java_low_Java_medium_results.csv
35,190,vehicle,low,medium,0.7915383288598208,Java_low_Java_medium_results.csv
35,215,vehicle,low,medium,0.834272613514789,Java_low_Java_medium_results.csv
35,202,vehicle,low,medium,0.8195312905250205,Java_low_Java_medium_results.csv
37,24,vehicle,low,medium,0.7655840094236781,Java_low_Java_medium_results.csv
37,16,vehicle,low,medium,0.7652753414426291,Java_low_Java_medium_results.csv
37,18,vehicle,low,medium,0.8024516106026651,Java_low_Java_medium_results.csv
35,142,vehicle,low,medium,0.8137022623642584,Java_low_Java_medium_results.csv
37,32,vehicle,low,medium,0.7880065162836126,Java_low_Java_medium_results.csv
35,214,vehicle,low,medium,0.8172693814918017,Java_low_Java_medium_results.csv
35,97,vehicle,low,medium,0.7479959852384059,Java_low_Java_medium_results.csv
37,42,vehicle,low,medium,0.8759507368754815,Java_low_Java_medium_results.csv
37,40,vehicle,low,medium,0.8173683304052118,Java_low_Java_medium_results.csv
37,33,vehicle,low,medium,0.8305288446778796,Java_low_Java_medium_results.csv
37,4,vehicle,low,medium,0.836031318820069,Java_low_Java_medium_results.csv
35,73,vehicle,low,medium,0.8312513525037853,Java_low_Java_medium_results.csv
37,53,vehicle,low,medium,0.8113275883404877,Java_low_Java_medium_results.csv
37,54,vehicle,low,medium,0.8071605690696105,Java_low_Java_medium_results.csv
37,58,vehicle,low,medium,0.8226549493235006,Java_low_Java_medium_results.csv
37,57,vehicle,low,medium,0.8274688409406825,Java_low_Java_medium_results.csv
37,70,vehicle,low,medium,0.8116513064794766,Java_low_Java_medium_results.csv
37,50,vehicle,low,medium,0.8092336282576944,Java_low_Java_medium_results.csv
37,19,vehicle,low,medium,0.8422252126249123,Java_low_Java_medium_results.csv
37,61,vehicle,low,medium,0.7964093294445269,Java_low_Java_medium_results.csv
37,17,vehicle,low,medium,0.7832825453103658,Java_low_Java_medium_results.csv
37,20,vehicle,low,medium,0.7856240066626481,Java_low_Java_medium_results.csv
35,168,vehicle,low,medium,0.8273861098543817,Java_low_Java_medium_results.csv
37,62,vehicle,low,medium,0.8577781760292065,Java_low_Java_medium_results.csv
37,51,vehicle,low,medium,0.814695207984929,Java_low_Java_medium_results.csv
37,88,vehicle,low,medium,0.8454320419415177,Java_low_Java_medium_results.csv
37,66,vehicle,low,medium,0.8881004887453193,Java_low_Java_medium_results.csv
35,197,vehicle,low,medium,0.8021232457563192,Java_low_Java_medium_results.csv
37,6,vehicle,low,medium,0.8498073654350199,Java_low_Java_medium_results.csv
37,72,vehicle,low,medium,0.822382514306549,Java_low_Java_medium_results.csv
37,75,vehicle,low,medium,0.8206242467397984,Java_low_Java_medium_results.csv
35,206,vehicle,low,medium,0.7869595153396037,Java_low_Java_medium_results.csv
37,81,vehicle,low,medium,0.8014889191833213,Java_low_Java_medium_results.csv
37,73,vehicle,low,medium,0.8361718886321723,Java_low_Java_medium_results.csv
37,83,vehicle,low,medium,0.8198150137700576,Java_low_Java_medium_results.csv
37,143,vehicle,low,medium,0.7706302812879597,Java_low_Java_medium_results.csv
37,117,vehicle,low,medium,0.7594768880781543,Java_low_Java_medium_results.csv
37,133,vehicle,low,medium,0.7629700886084937,Java_low_Java_medium_results.csv
37,147,vehicle,low,medium,0.8212892924197192,Java_low_Java_medium_results.csv
37,105,vehicle,low,medium,0.7769965347998382,Java_low_Java_medium_results.csv
37,108,vehicle,low,medium,0.8457946885870938,Java_low_Java_medium_results.csv
37,155,vehicle,low,medium,0.804935252700331,Java_low_Java_medium_results.csv
37,91,vehicle,low,medium,0.765341485771899,Java_low_Java_medium_results.csv
37,169,vehicle,low,medium,0.8115735231255216,Java_low_Java_medium_results.csv
37,158,vehicle,low,medium,0.779619376340263,Java_low_Java_medium_results.csv
37,166,vehicle,low,medium,0.8298495774011834,Java_low_Java_medium_results.csv
37,168,vehicle,low,medium,0.8246259464785608,Java_low_Java_medium_results.csv
37,25,vehicle,low,medium,0.7871612404211686,Java_low_Java_medium_results.csv
37,203,vehicle,low,medium,0.9030440941340244,Java_low_Java_medium_results.csv
37,191,vehicle,low,medium,0.7949261913999494,Java_low_Java_medium_results.csv
37,197,vehicle,low,medium,0.8398235722350664,Java_low_Java_medium_results.csv
37,151,vehicle,low,medium,0.8257596753516674,Java_low_Java_medium_results.csv
37,210,vehicle,low,medium,0.8024382578959887,Java_low_Java_medium_results.csv
37,206,vehicle,low,medium,0.8268047142375422,Java_low_Java_medium_results.csv
37,190,vehicle,low,medium,0.7851710146917309,Java_low_Java_medium_results.csv
37,192,vehicle,low,medium,0.8485125182811429,Java_low_Java_medium_results.csv
37,115,vehicle,low,medium,0.7996396783079229,Java_low_Java_medium_results.csv
37,89,vehicle,low,medium,0.8208753491302481,Java_low_Java_medium_results.csv
37,84,vehicle,low,medium,0.7981495672653182,Java_low_Java_medium_results.csv
37,215,vehicle,low,medium,0.7904673418946287,Java_low_Java_medium_results.csv
37,142,vehicle,low,medium,0.7955833916899261,Java_low_Java_medium_results.csv
41,19,vehicle,low,medium,0.848178103015057,Java_low_Java_medium_results.csv
37,202,vehicle,low,medium,0.8660283428867599,Java_low_Java_medium_results.csv
41,6,vehicle,low,medium,0.8181617054983689,Java_low_Java_medium_results.csv
41,4,vehicle,low,medium,0.7517853275759439,Java_low_Java_medium_results.csv
37,97,vehicle,low,medium,0.7848640162912058,Java_low_Java_medium_results.csv
37,145,vehicle,low,medium,0.78328099488154,Java_low_Java_medium_results.csv
37,55,vehicle,low,medium,0.8429397986431736,Java_low_Java_medium_results.csv
41,42,vehicle,low,medium,0.8669553001613418,Java_low_Java_medium_results.csv
41,16,vehicle,low,medium,0.7139630908402385,Java_low_Java_medium_results.csv
37,171,vehicle,low,medium,0.8412335834436654,Java_low_Java_medium_results.csv
41,40,vehicle,low,medium,0.8067105112066839,Java_low_Java_medium_results.csv
37,135,vehicle,low,medium,0.8316505343478253,Java_low_Java_medium_results.csv
41,25,vehicle,low,medium,0.7405681133948151,Java_low_Java_medium_results.csv
41,33,vehicle,low,medium,0.7931597142119808,Java_low_Java_medium_results.csv
41,50,vehicle,low,medium,0.8016504681177945,Java_low_Java_medium_results.csv
41,66,vehicle,low,medium,0.8804920880651439,Java_low_Java_medium_results.csv
41,57,vehicle,low,medium,0.7882628290426501,Java_low_Java_medium_results.csv
41,61,vehicle,low,medium,0.7469509161423409,Java_low_Java_medium_results.csv
41,70,vehicle,low,medium,0.7932867089382437,Java_low_Java_medium_results.csv
41,20,vehicle,low,medium,0.7281044114164917,Java_low_Java_medium_results.csv
41,51,vehicle,low,medium,0.7927268138631903,Java_low_Java_medium_results.csv
41,55,vehicle,low,medium,0.7930436986000959,Java_low_Java_medium_results.csv
41,17,vehicle,low,medium,0.7261948864156252,Java_low_Java_medium_results.csv
37,214,vehicle,low,medium,0.8367664064116539,Java_low_Java_medium_results.csv
41,75,vehicle,low,medium,0.8365259578163977,Java_low_Java_medium_results.csv
41,72,vehicle,low,medium,0.7860333707320023,Java_low_Java_medium_results.csv
41,53,vehicle,low,medium,0.8266074409829901,Java_low_Java_medium_results.csv
41,62,vehicle,low,medium,0.848694184611226,Java_low_Java_medium_results.csv
41,81,vehicle,low,medium,0.8104937910753828,Java_low_Java_medium_results.csv
41,73,vehicle,low,medium,0.7922022515852394,Java_low_Java_medium_results.csv
41,108,vehicle,low,medium,0.8810543781993901,Java_low_Java_medium_results.csv
41,83,vehicle,low,medium,0.7793471068810286,Java_low_Java_medium_results.csv
41,54,vehicle,low,medium,0.7920512885381992,Java_low_Java_medium_results.csv
37,207,vehicle,low,medium,0.8086441893949682,Java_low_Java_medium_results.csv
41,105,vehicle,low,medium,0.7994173746507246,Java_low_Java_medium_results.csv
41,58,vehicle,low,medium,0.7843543802716456,Java_low_Java_medium_results.csv
41,24,vehicle,low,medium,0.7576742673693103,Java_low_Java_medium_results.csv
41,89,vehicle,low,medium,0.7846441532827615,Java_low_Java_medium_results.csv
41,143,vehicle,low,medium,0.7344951247648458,Java_low_Java_medium_results.csv
41,142,vehicle,low,medium,0.7468568184205794,Java_low_Java_medium_results.csv
41,133,vehicle,low,medium,0.7529848407064812,Java_low_Java_medium_results.csv
41,32,vehicle,low,medium,0.7097952561844223,Java_low_Java_medium_results.csv
41,88,vehicle,low,medium,0.8283628269488633,Java_low_Java_medium_results.csv
41,135,vehicle,low,medium,0.8019492537986758,Java_low_Java_medium_results.csv
41,169,vehicle,low,medium,0.8006971867496485,Java_low_Java_medium_results.csv
41,84,vehicle,low,medium,0.6974541816106118,Java_low_Java_medium_results.csv
41,168,vehicle,low,medium,0.8194789560244217,Java_low_Java_medium_results.csv
41,166,vehicle,low,medium,0.8439859867547863,Java_low_Java_medium_results.csv
41,18,vehicle,low,medium,0.7922199759463318,Java_low_Java_medium_results.csv
41,203,vehicle,low,medium,0.9134014413722455,Java_low_Java_medium_results.csv
41,171,vehicle,low,medium,0.7991460883601345,Java_low_Java_medium_results.csv
41,191,vehicle,low,medium,0.7225378490363289,Java_low_Java_medium_results.csv
41,97,vehicle,low,medium,0.7457020593410508,Java_low_Java_medium_results.csv
41,197,vehicle,low,medium,0.7949667093775127,Java_low_Java_medium_results.csv
41,210,vehicle,low,medium,0.7623776516228792,Java_low_Java_medium_results.csv
41,151,vehicle,low,medium,0.8157166264396646,Java_low_Java_medium_results.csv
41,206,vehicle,low,medium,0.7845498288417061,Java_low_Java_medium_results.csv
41,215,vehicle,low,medium,0.8090135304991117,Java_low_Java_medium_results.csv
41,91,vehicle,low,medium,0.7193240598181948,Java_low_Java_medium_results.csv
43,6,vehicle,low,medium,0.8376423906288537,Java_low_Java_medium_results.csv
41,190,vehicle,low,medium,0.745375624608053,Java_low_Java_medium_results.csv
41,115,vehicle,low,medium,0.782653043323571,Java_low_Java_medium_results.csv
43,19,vehicle,low,medium,0.8470577177248243,Java_low_Java_medium_results.csv
43,17,vehicle,low,medium,0.7793691294420977,Java_low_Java_medium_results.csv
41,155,vehicle,low,medium,0.769582513114458,Java_low_Java_medium_results.csv
41,117,vehicle,low,medium,0.7419451255345938,Java_low_Java_medium_results.csv
41,147,vehicle,low,medium,0.773154933519602,Java_low_Java_medium_results.csv
43,16,vehicle,low,medium,0.7732673518423293,Java_low_Java_medium_results.csv
43,24,vehicle,low,medium,0.8262963823658067,Java_low_Java_medium_results.csv
41,192,vehicle,low,medium,0.8096058074242737,Java_low_Java_medium_results.csv
41,214,vehicle,low,medium,0.7879232941354366,Java_low_Java_medium_results.csv
43,18,vehicle,low,medium,0.8292404678649477,Java_low_Java_medium_results.csv
43,51,vehicle,low,medium,0.8451072072010232,Java_low_Java_medium_results.csv
43,40,vehicle,low,medium,0.813391045239173,Java_low_Java_medium_results.csv
43,4,vehicle,low,medium,0.7879642139797656,Java_low_Java_medium_results.csv
43,53,vehicle,low,medium,0.8490696774608284,Java_low_Java_medium_results.csv
43,32,vehicle,low,medium,0.7693656195841195,Java_low_Java_medium_results.csv
43,54,vehicle,low,medium,0.8073276290536324,Java_low_Java_medium_results.csv
43,33,vehicle,low,medium,0.766544852069651,Java_low_Java_medium_results.csv
43,62,vehicle,low,medium,0.8564053886269175,Java_low_Java_medium_results.csv
43,66,vehicle,low,medium,0.8953441028541133,Java_low_Java_medium_results.csv
43,57,vehicle,low,medium,0.8038085239840652,Java_low_Java_medium_results.csv
43,50,vehicle,low,medium,0.8274886038488622,Java_low_Java_medium_results.csv
43,70,vehicle,low,medium,0.8422773604019306,Java_low_Java_medium_results.csv
41,145,vehicle,low,medium,0.7261660075572149,Java_low_Java_medium_results.csv
43,61,vehicle,low,medium,0.7595570383306814,Java_low_Java_medium_results.csv
43,42,vehicle,low,medium,0.8494865610748037,Java_low_Java_medium_results.csv
43,88,vehicle,low,medium,0.8593402786474064,Java_low_Java_medium_results.csv
41,158,vehicle,low,medium,0.7423127554360971,Java_low_Java_medium_results.csv
43,75,vehicle,low,medium,0.8013943661369975,Java_low_Java_medium_results.csv
43,72,vehicle,low,medium,0.7930927754525637,Java_low_Java_medium_results.csv
43,25,vehicle,low,medium,0.7876620255096044,Java_low_Java_medium_results.csv
43,108,vehicle,low,medium,0.8652424964234706,Java_low_Java_medium_results.csv
43,73,vehicle,low,medium,0.7617158512026001,Java_low_Java_medium_results.csv
43,84,vehicle,low,medium,0.7893076873509918,Java_low_Java_medium_results.csv
43,81,vehicle,low,medium,0.8347801886149577,Java_low_Java_medium_results.csv
43,97,vehicle,low,medium,0.7826852559221836,Java_low_Java_medium_results.csv
43,58,vehicle,low,medium,0.8031990233747568,Java_low_Java_medium_results.csv
43,20,vehicle,low,medium,0.8000998832485798,Java_low_Java_medium_results.csv
43,143,vehicle,low,medium,0.7923882530051487,Java_low_Java_medium_results.csv
43,117,vehicle,low,medium,0.7938780259957551,Java_low_Java_medium_results.csv
43,89,vehicle,low,medium,0.8138193078911157,Java_low_Java_medium_results.csv
43,142,vehicle,low,medium,0.7782840177678274,Java_low_Java_medium_results.csv
43,133,vehicle,low,medium,0.7936490235553264,Java_low_Java_medium_results.csv
43,147,vehicle,low,medium,0.7893240787814061,Java_low_Java_medium_results.csv
43,145,vehicle,low,medium,0.7685925459408607,Java_low_Java_medium_results.csv
41,202,vehicle,low,medium,0.828965911235893,Java_low_Java_medium_results.csv
43,190,vehicle,low,medium,0.7954741933372346,Java_low_Java_medium_results.csv
41,207,vehicle,low,medium,0.7405281883378673,Java_low_Java_medium_results.csv
43,169,vehicle,low,medium,0.8114292930986695,Java_low_Java_medium_results.csv
43,83,vehicle,low,medium,0.7762889230231462,Java_low_Java_medium_results.csv
43,105,vehicle,low,medium,0.8354868450215396,Java_low_Java_medium_results.csv
43,192,vehicle,low,medium,0.8214607655777861,Java_low_Java_medium_results.csv
43,168,vehicle,low,medium,0.8174930816924887,Java_low_Java_medium_results.csv
43,166,vehicle,low,medium,0.8309328533534486,Java_low_Java_medium_results.csv
43,171,vehicle,low,medium,0.8116276454868092,Java_low_Java_medium_results.csv
43,191,vehicle,low,medium,0.7664091881866455,Java_low_Java_medium_results.csv
43,91,vehicle,low,medium,0.8070043749014867,Java_low_Java_medium_results.csv
43,203,vehicle,low,medium,0.9023304281827256,Java_low_Java_medium_results.csv
43,135,vehicle,low,medium,0.7959266261231677,Java_low_Java_medium_results.csv
43,206,vehicle,low,medium,0.7669450908305584,Java_low_Java_medium_results.csv
44,4,vehicle,low,medium,0.7650056838947067,Java_low_Java_medium_results.csv
43,215,vehicle,low,medium,0.797930377497575,Java_low_Java_medium_results.csv
44,6,vehicle,low,medium,0.8159722587176832,Java_low_Java_medium_results.csv
43,151,vehicle,low,medium,0.8146994704764805,Java_low_Java_medium_results.csv
43,55,vehicle,low,medium,0.8370273284635755,Java_low_Java_medium_results.csv
43,155,vehicle,low,medium,0.7803147425479756,Java_low_Java_medium_results.csv
43,197,vehicle,low,medium,0.8323389972856283,Java_low_Java_medium_results.csv
43,115,vehicle,low,medium,0.7934141108003998,Java_low_Java_medium_results.csv
43,210,vehicle,low,medium,0.8031055752183341,Java_low_Java_medium_results.csv
44,20,vehicle,low,medium,0.7830608129288052,Java_low_Java_medium_results.csv
44,19,vehicle,low,medium,0.8374906559834823,Java_low_Java_medium_results.csv
44,16,vehicle,low,medium,0.7645691189937559,Java_low_Java_medium_results.csv
44,24,vehicle,low,medium,0.8253415815234387,Java_low_Java_medium_results.csv
44,32,vehicle,low,medium,0.7422634547171095,Java_low_Java_medium_results.csv
43,202,vehicle,low,medium,0.8349705345781571,Java_low_Java_medium_results.csv
43,214,vehicle,low,medium,0.7917154494362633,Java_low_Java_medium_results.csv
44,25,vehicle,low,medium,0.7605713276097587,Java_low_Java_medium_results.csv
44,33,vehicle,low,medium,0.7830475795053153,Java_low_Java_medium_results.csv
44,54,vehicle,low,medium,0.8178260500164449,Java_low_Java_medium_results.csv
43,158,vehicle,low,medium,0.7861474900401428,Java_low_Java_medium_results.csv
43,207,vehicle,low,medium,0.7583584611315242,Java_low_Java_medium_results.csv
44,66,vehicle,low,medium,0.8926376168182729,Java_low_Java_medium_results.csv
44,62,vehicle,low,medium,0.8451816907558724,Java_low_Java_medium_results.csv
44,58,vehicle,low,medium,0.7719039422861079,Java_low_Java_medium_results.csv
44,57,vehicle,low,medium,0.8177171662574566,Java_low_Java_medium_results.csv
44,42,vehicle,low,medium,0.816499884007789,Java_low_Java_medium_results.csv
44,70,vehicle,low,medium,0.83819123685858,Java_low_Java_medium_results.csv
44,51,vehicle,low,medium,0.8096173285389296,Java_low_Java_medium_results.csv
44,61,vehicle,low,medium,0.7639631197592642,Java_low_Java_medium_results.csv
44,88,vehicle,low,medium,0.8556955585380404,Java_low_Java_medium_results.csv
44,17,vehicle,low,medium,0.779055257620853,Java_low_Java_medium_results.csv
44,108,vehicle,low,medium,0.8509353003671324,Java_low_Java_medium_results.csv
44,40,vehicle,low,medium,0.8148383521199549,Java_low_Java_medium_results.csv
44,53,vehicle,low,medium,0.8597819682497234,Java_low_Java_medium_results.csv
44,72,vehicle,low,medium,0.7744224413214564,Java_low_Java_medium_results.csv
44,75,vehicle,low,medium,0.8051585846164548,Java_low_Java_medium_results.csv
44,83,vehicle,low,medium,0.7997960068145911,Java_low_Java_medium_results.csv
44,97,vehicle,low,medium,0.7717421801376712,Java_low_Java_medium_results.csv
44,143,vehicle,low,medium,0.7906031128142766,Java_low_Java_medium_results.csv
44,117,vehicle,low,medium,0.7855560109668621,Java_low_Java_medium_results.csv
44,115,vehicle,low,medium,0.7944440822516485,Java_low_Java_medium_results.csv
44,50,vehicle,low,medium,0.857766195933434,Java_low_Java_medium_results.csv
44,18,vehicle,low,medium,0.823689900095346,Java_low_Java_medium_results.csv
44,133,vehicle,low,medium,0.777600825526416,Java_low_Java_medium_results.csv
44,89,vehicle,low,medium,0.7945509222377924,Java_low_Java_medium_results.csv
44,147,vehicle,low,medium,0.7635041485857039,Java_low_Java_medium_results.csv
44,84,vehicle,low,medium,0.7580344331792269,Java_low_Java_medium_results.csv
44,145,vehicle,low,medium,0.7753745743156105,Java_low_Java_medium_results.csv
44,190,vehicle,low,medium,0.7850000547152807,Java_low_Java_medium_results.csv
44,155,vehicle,low,medium,0.759456589275885,Java_low_Java_medium_results.csv
44,105,vehicle,low,medium,0.8251764954981198,Java_low_Java_medium_results.csv
44,73,vehicle,low,medium,0.7947202654314325,Java_low_Java_medium_results.csv
44,203,vehicle,low,medium,0.908670480404046,Java_low_Java_medium_results.csv
44,158,vehicle,low,medium,0.7809342477602461,Java_low_Java_medium_results.csv
44,191,vehicle,low,medium,0.7455871456791882,Java_low_Java_medium_results.csv
44,166,vehicle,low,medium,0.8563314654678279,Java_low_Java_medium_results.csv
44,171,vehicle,low,medium,0.7631921478655874,Java_low_Java_medium_results.csv
44,197,vehicle,low,medium,0.8047905630200641,Java_low_Java_medium_results.csv
44,210,vehicle,low,medium,0.7773886368830687,Java_low_Java_medium_results.csv
44,91,vehicle,low,medium,0.7662589917020544,Java_low_Java_medium_results.csv
56,6,vehicle,low,medium,0.8161056571643799,Java_low_Java_medium_results.csv
56,4,vehicle,low,medium,0.7666619784925135,Java_low_Java_medium_results.csv
44,192,vehicle,low,medium,0.8101500309316892,Java_low_Java_medium_results.csv
44,55,vehicle,low,medium,0.8197088757275137,Java_low_Java_medium_results.csv
44,81,vehicle,low,medium,0.8358246415881647,Java_low_Java_medium_results.csv
56,19,vehicle,low,medium,0.8415879011647955,Java_low_Java_medium_results.csv
56,17,vehicle,low,medium,0.7531873382886738,Java_low_Java_medium_results.csv
44,169,vehicle,low,medium,0.7883608086000984,Java_low_Java_medium_results.csv
44,142,vehicle,low,medium,0.7829115943409722,Java_low_Java_medium_results.csv
56,16,vehicle,low,medium,0.7699654952911267,Java_low_Java_medium_results.csv
44,215,vehicle,low,medium,0.7945215108611771,Java_low_Java_medium_results.csv
44,151,vehicle,low,medium,0.8182200268235813,Java_low_Java_medium_results.csv
56,20,vehicle,low,medium,0.7809613623678269,Java_low_Java_medium_results.csv
56,51,vehicle,low,medium,0.7261553428845616,Java_low_Java_medium_results.csv
56,40,vehicle,low,medium,0.8048710399824254,Java_low_Java_medium_results.csv
56,33,vehicle,low,medium,0.8222453071718463,Java_low_Java_medium_results.csv
56,53,vehicle,low,medium,0.802090238800794,Java_low_Java_medium_results.csv
56,54,vehicle,low,medium,0.8031230158636263,Java_low_Java_medium_results.csv
56,24,vehicle,low,medium,0.7809837545805333,Java_low_Java_medium_results.csv
56,66,vehicle,low,medium,0.8573850642292733,Java_low_Java_medium_results.csv
56,62,vehicle,low,medium,0.8578399443704496,Java_low_Java_medium_results.csv
56,57,vehicle,low,medium,0.8134892529819456,Java_low_Java_medium_results.csv
44,168,vehicle,low,medium,0.8221632543314754,Java_low_Java_medium_results.csv
44,202,vehicle,low,medium,0.8260609535211184,Java_low_Java_medium_results.csv
44,135,vehicle,low,medium,0.745710560617487,Java_low_Java_medium_results.csv
56,58,vehicle,low,medium,0.7419125934970423,Java_low_Java_medium_results.csv
56,42,vehicle,low,medium,0.8547948011088435,Java_low_Java_medium_results.csv
56,61,vehicle,low,medium,0.7672808293683597,Java_low_Java_medium_results.csv
56,25,vehicle,low,medium,0.8027069870056205,Java_low_Java_medium_results.csv
56,55,vehicle,low,medium,0.8004719654407139,Java_low_Java_medium_results.csv
56,88,vehicle,low,medium,0.837941871016103,Java_low_Java_medium_results.csv
44,214,vehicle,low,medium,0.7821330734656672,Java_low_Java_medium_results.csv
56,32,vehicle,low,medium,0.7363260502752726,Java_low_Java_medium_results.csv
56,108,vehicle,low,medium,0.8375442277352998,Java_low_Java_medium_results.csv
56,70,vehicle,low,medium,0.7858029761445614,Java_low_Java_medium_results.csv
56,75,vehicle,low,medium,0.8116808380912223,Java_low_Java_medium_results.csv
56,72,vehicle,low,medium,0.8161157100465058,Java_low_Java_medium_results.csv
56,105,vehicle,low,medium,0.8142825145351408,Java_low_Java_medium_results.csv
56,18,vehicle,low,medium,0.8118617958378403,Java_low_Java_medium_results.csv
56,91,vehicle,low,medium,0.7487800462950175,Java_low_Java_medium_results.csv
56,73,vehicle,low,medium,0.833500957542612,Java_low_Java_medium_results.csv
56,83,vehicle,low,medium,0.7733302320208462,Java_low_Java_medium_results.csv
44,207,vehicle,low,medium,0.7718518814351937,Java_low_Java_medium_results.csv
56,142,vehicle,low,medium,0.7815471250894068,Java_low_Java_medium_results.csv
56,155,vehicle,low,medium,0.7893796115833404,Java_low_Java_medium_results.csv
56,133,vehicle,low,medium,0.784606255397562,Java_low_Java_medium_results.csv
56,145,vehicle,low,medium,0.7990029530328094,Java_low_Java_medium_results.csv
56,143,vehicle,low,medium,0.7072013956183136,Java_low_Java_medium_results.csv
56,158,vehicle,low,medium,0.7768800758711703,Java_low_Java_medium_results.csv
56,190,vehicle,low,medium,0.7091575884385809,Java_low_Java_medium_results.csv
56,97,vehicle,low,medium,0.7778115245426378,Java_low_Java_medium_results.csv
56,169,vehicle,low,medium,0.7907037871360431,Java_low_Java_medium_results.csv
44,206,vehicle,low,medium,0.7254957193559236,Java_low_Java_medium_results.csv
56,117,vehicle,low,medium,0.7699504008353254,Java_low_Java_medium_results.csv
56,168,vehicle,low,medium,0.826276832047516,Java_low_Java_medium_results.csv
56,192,vehicle,low,medium,0.8211115931050278,Java_low_Java_medium_results.csv
56,203,vehicle,low,medium,0.8773215200725011,Java_low_Java_medium_results.csv
56,171,vehicle,low,medium,0.7894080113522938,Java_low_Java_medium_results.csv
56,50,vehicle,low,medium,0.792716086456807,Java_low_Java_medium_results.csv
56,151,vehicle,low,medium,0.8378147888565934,Java_low_Java_medium_results.csv
56,197,vehicle,low,medium,0.8165266311620588,Java_low_Java_medium_results.csv
56,210,vehicle,low,medium,0.7859645870731456,Java_low_Java_medium_results.csv
56,115,vehicle,low,medium,0.7801482906331073,Java_low_Java_medium_results.csv
56,84,vehicle,low,medium,0.7662006957820693,Java_low_Java_medium_results.csv
56,147,vehicle,low,medium,0.7902470647208204,Java_low_Java_medium_results.csv
56,191,vehicle,low,medium,0.7483525701160886,Java_low_Java_medium_results.csv
56,215,vehicle,low,medium,0.7760035023960701,Java_low_Java_medium_results.csv
56,81,vehicle,low,medium,0.8385733637236983,Java_low_Java_medium_results.csv
56,214,vehicle,low,medium,0.850676430410473,Java_low_Java_medium_results.csv
60,4,vehicle,low,medium,0.7805663076873264,Java_low_Java_medium_results.csv
56,135,vehicle,low,medium,0.8206377102169314,Java_low_Java_medium_results.csv
60,32,vehicle,low,medium,0.7448939384395284,Java_low_Java_medium_results.csv
60,17,vehicle,low,medium,0.7640345806487074,Java_low_Java_medium_results.csv
56,207,vehicle,low,medium,0.7621287657720213,Java_low_Java_medium_results.csv
60,40,vehicle,low,medium,0.8037864745256313,Java_low_Java_medium_results.csv
60,42,vehicle,low,medium,0.8460927084876683,Java_low_Java_medium_results.csv
56,89,vehicle,low,medium,0.8101610683552727,Java_low_Java_medium_results.csv
60,25,vehicle,low,medium,0.7592035234628417,Java_low_Java_medium_results.csv
56,166,vehicle,low,medium,0.8694312493262433,Java_low_Java_medium_results.csv
60,16,vehicle,low,medium,0.7592032697873932,Java_low_Java_medium_results.csv
60,51,vehicle,low,medium,0.8166634202825129,Java_low_Java_medium_results.csv
60,66,vehicle,low,medium,0.8915726817837838,Java_low_Java_medium_results.csv
60,53,vehicle,low,medium,0.8589353979008877,Java_low_Java_medium_results.csv
56,206,vehicle,low,medium,0.804674894618319,Java_low_Java_medium_results.csv
60,58,vehicle,low,medium,0.7753133817811856,Java_low_Java_medium_results.csv
60,57,vehicle,low,medium,0.8423409437127679,Java_low_Java_medium_results.csv
60,70,vehicle,low,medium,0.833522616977957,Java_low_Java_medium_results.csv
56,202,vehicle,low,medium,0.8588509789395565,Java_low_Java_medium_results.csv
60,19,vehicle,low,medium,0.8312172716923591,Java_low_Java_medium_results.csv
60,18,vehicle,low,medium,0.8123090332367615,Java_low_Java_medium_results.csv
60,55,vehicle,low,medium,0.799848223729068,Java_low_Java_medium_results.csv
60,54,vehicle,low,medium,0.7944170221486669,Java_low_Java_medium_results.csv
60,84,vehicle,low,medium,0.7572172937938197,Java_low_Java_medium_results.csv
60,73,vehicle,low,medium,0.8074550559524123,Java_low_Java_medium_results.csv
60,72,vehicle,low,medium,0.8020836279628545,Java_low_Java_medium_results.csv
60,83,vehicle,low,medium,0.7954555781225224,Java_low_Java_medium_results.csv
60,108,vehicle,low,medium,0.8673601231149969,Java_low_Java_medium_results.csv
60,81,vehicle,low,medium,0.8075315503549064,Java_low_Java_medium_results.csv
60,6,vehicle,low,medium,0.8337631733974159,Java_low_Java_medium_results.csv
60,62,vehicle,low,medium,0.845925983818092,Java_low_Java_medium_results.csv
60,97,vehicle,low,medium,0.7177441653199541,Java_low_Java_medium_results.csv
60,117,vehicle,low,medium,0.7743235255145553,Java_low_Java_medium_results.csv
60,24,vehicle,low,medium,0.7673224992015703,Java_low_Java_medium_results.csv
60,61,vehicle,low,medium,0.7727179186274531,Java_low_Java_medium_results.csv
60,115,vehicle,low,medium,0.7930197123640906,Java_low_Java_medium_results.csv
60,133,vehicle,low,medium,0.7628071520474216,Java_low_Java_medium_results.csv
60,142,vehicle,low,medium,0.7462249680347909,Java_low_Java_medium_results.csv
60,88,vehicle,low,medium,0.8727283967534168,Java_low_Java_medium_results.csv
60,135,vehicle,low,medium,0.7823520158761373,Java_low_Java_medium_results.csv
60,20,vehicle,low,medium,0.7595963538141618,Java_low_Java_medium_results.csv
60,147,vehicle,low,medium,0.7766873148000415,Java_low_Java_medium_results.csv
60,75,vehicle,low,medium,0.7967214147683306,Java_low_Java_medium_results.csv
60,91,vehicle,low,medium,0.7137463556525006,Java_low_Java_medium_results.csv
60,169,vehicle,low,medium,0.7945312635473556,Java_low_Java_medium_results.csv
60,105,vehicle,low,medium,0.8075917158828023,Java_low_Java_medium_results.csv
60,33,vehicle,low,medium,0.7845628342520174,Java_low_Java_medium_results.csv
60,203,vehicle,low,medium,0.9087606534839692,Java_low_Java_medium_results.csv
60,190,vehicle,low,medium,0.7737112659277094,Java_low_Java_medium_results.csv
60,192,vehicle,low,medium,0.764098995294409,Java_low_Java_medium_results.csv
60,89,vehicle,low,medium,0.7504829480270614,Java_low_Java_medium_results.csv
60,191,vehicle,low,medium,0.7288015852496044,Java_low_Java_medium_results.csv
60,168,vehicle,low,medium,0.8301473641521049,Java_low_Java_medium_results.csv
60,143,vehicle,low,medium,0.7602639253526621,Java_low_Java_medium_results.csv
60,158,vehicle,low,medium,0.7517366826473391,Java_low_Java_medium_results.csv
60,166,vehicle,low,medium,0.8621554747712966,Java_low_Java_medium_results.csv
60,210,vehicle,low,medium,0.784745288733942,Java_low_Java_medium_results.csv
63,19,vehicle,low,medium,0.8250138685599735,Java_low_Java_medium_results.csv
63,6,vehicle,low,medium,0.7874757484297115,Java_low_Java_medium_results.csv
63,4,vehicle,low,medium,0.801440075611935,Java_low_Java_medium_results.csv
60,50,vehicle,low,medium,0.8493044621366835,Java_low_Java_medium_results.csv
60,215,vehicle,low,medium,0.7959441704918183,Java_low_Java_medium_results.csv
60,155,vehicle,low,medium,0.7785274575510128,Java_low_Java_medium_results.csv
60,151,vehicle,low,medium,0.823475705698782,Java_low_Java_medium_results.csv
63,18,vehicle,low,medium,0.7836775086350379,Java_low_Java_medium_results.csv
63,16,vehicle,low,medium,0.7841510066588704,Java_low_Java_medium_results.csv
63,20,vehicle,low,medium,0.8029549769424981,Java_low_Java_medium_results.csv
63,24,vehicle,low,medium,0.8336382027156007,Java_low_Java_medium_results.csv
63,51,vehicle,low,medium,0.8194119775327494,Java_low_Java_medium_results.csv
63,40,vehicle,low,medium,0.7982491681295774,Java_low_Java_medium_results.csv
63,32,vehicle,low,medium,0.7896562476026513,Java_low_Java_medium_results.csv
60,145,vehicle,low,medium,0.7747554775567627,Java_low_Java_medium_results.csv
63,25,vehicle,low,medium,0.8178817469608127,Java_low_Java_medium_results.csv
63,53,vehicle,low,medium,0.7659159969878886,Java_low_Java_medium_results.csv
63,42,vehicle,low,medium,0.8665049688197957,Java_low_Java_medium_results.csv
63,66,vehicle,low,medium,0.9004650152045574,Java_low_Java_medium_results.csv
63,58,vehicle,low,medium,0.8039122705266942,Java_low_Java_medium_results.csv
63,54,vehicle,low,medium,0.7422715621656293,Java_low_Java_medium_results.csv
63,57,vehicle,low,medium,0.8271010464676091,Java_low_Java_medium_results.csv
63,50,vehicle,low,medium,0.8531821140432209,Java_low_Java_medium_results.csv
63,70,vehicle,low,medium,0.8379195926912909,Java_low_Java_medium_results.csv
63,61,vehicle,low,medium,0.7963284647539155,Java_low_Java_medium_results.csv
60,171,vehicle,low,medium,0.7263973712129482,Java_low_Java_medium_results.csv
63,55,vehicle,low,medium,0.8380037145695662,Java_low_Java_medium_results.csv
60,197,vehicle,low,medium,0.7850944048532003,Java_low_Java_medium_results.csv
60,206,vehicle,low,medium,0.7398556607132858,Java_low_Java_medium_results.csv
63,33,vehicle,low,medium,0.8058135697726779,Java_low_Java_medium_results.csv
63,88,vehicle,low,medium,0.8669017286737138,Java_low_Java_medium_results.csv
63,62,vehicle,low,medium,0.8241675007824205,Java_low_Java_medium_results.csv
63,17,vehicle,low,medium,0.8119640940356065,Java_low_Java_medium_results.csv
63,84,vehicle,low,medium,0.7855449755701918,Java_low_Java_medium_results.csv
63,75,vehicle,low,medium,0.8113961375768468,Java_low_Java_medium_results.csv
63,73,vehicle,low,medium,0.8186639973971968,Java_low_Java_medium_results.csv
63,83,vehicle,low,medium,0.8327245149408222,Java_low_Java_medium_results.csv
60,202,vehicle,low,medium,0.8325681105126723,Java_low_Java_medium_results.csv
63,108,vehicle,low,medium,0.8680576438810265,Java_low_Java_medium_results.csv
63,143,vehicle,low,medium,0.7880756299965961,Java_low_Java_medium_results.csv
63,117,vehicle,low,medium,0.8043416714697857,Java_low_Java_medium_results.csv
63,97,vehicle,low,medium,0.8207808744110905,Java_low_Java_medium_results.csv
60,207,vehicle,low,medium,0.7415961157004011,Java_low_Java_medium_results.csv
63,142,vehicle,low,medium,0.7941309595223327,Java_low_Java_medium_results.csv
63,147,vehicle,low,medium,0.8349644592273449,Java_low_Java_medium_results.csv
63,145,vehicle,low,medium,0.7959230371234559,Java_low_Java_medium_results.csv
63,135,vehicle,low,medium,0.8291886956902361,Java_low_Java_medium_results.csv
63,190,vehicle,low,medium,0.7805796443978215,Java_low_Java_medium_results.csv
63,168,vehicle,low,medium,0.8358737127158749,Java_low_Java_medium_results.csv
63,158,vehicle,low,medium,0.7985365324369895,Java_low_Java_medium_results.csv
63,105,vehicle,low,medium,0.8252711190660657,Java_low_Java_medium_results.csv
63,192,vehicle,low,medium,0.7394830249230654,Java_low_Java_medium_results.csv
63,166,vehicle,low,medium,0.8288142037943557,Java_low_Java_medium_results.csv
63,203,vehicle,low,medium,0.8955039196317678,Java_low_Java_medium_results.csv
63,89,vehicle,low,medium,0.8134939064182426,Java_low_Java_medium_results.csv
63,115,vehicle,low,medium,0.8300056448870383,Java_low_Java_medium_results.csv
63,155,vehicle,low,medium,0.8037927083161646,Java_low_Java_medium_results.csv
63,191,vehicle,low,medium,0.7739353386046796,Java_low_Java_medium_results.csv
63,171,vehicle,low,medium,0.8080008989064734,Java_low_Java_medium_results.csv
63,91,vehicle,low,medium,0.8007300131063204,Java_low_Java_medium_results.csv
63,81,vehicle,low,medium,0.762386045506209,Java_low_Java_medium_results.csv
63,210,vehicle,low,medium,0.8148813775823088,Java_low_Java_medium_results.csv
63,169,vehicle,low,medium,0.7976493127422556,Java_low_Java_medium_results.csv
63,197,vehicle,low,medium,0.7940081703083431,Java_low_Java_medium_results.csv
63,72,vehicle,low,medium,0.8118456707919941,Java_low_Java_medium_results.csv
63,207,vehicle,low,medium,0.8081425157803763,Java_low_Java_medium_results.csv
63,151,vehicle,low,medium,0.8537833470294686,Java_low_Java_medium_results.csv
63,133,vehicle,low,medium,0.827498955823058,Java_low_Java_medium_results.csv
60,214,vehicle,low,medium,0.7971122053138899,Java_low_Java_medium_results.csv
63,214,vehicle,low,medium,0.8386597774159601,Java_low_Java_medium_results.csv
64,24,vehicle,low,medium,0.8338621949845597,Java_low_Java_medium_results.csv
63,215,vehicle,low,medium,0.8237331667347332,Java_low_Java_medium_results.csv
64,20,vehicle,low,medium,0.805515203643174,Java_low_Java_medium_results.csv
64,17,vehicle,low,medium,0.8191829296072485,Java_low_Java_medium_results.csv
64,51,vehicle,low,medium,0.8750470151191104,Java_low_Java_medium_results.csv
64,33,vehicle,low,medium,0.831235353326843,Java_low_Java_medium_results.csv
63,202,vehicle,low,medium,0.8454811887211272,Java_low_Java_medium_results.csv
64,16,vehicle,low,medium,0.7961239195235782,Java_low_Java_medium_results.csv
64,53,vehicle,low,medium,0.8923228079257858,Java_low_Java_medium_results.csv
64,66,vehicle,low,medium,0.9342873491314206,Java_low_Java_medium_results.csv
64,58,vehicle,low,medium,0.8488758011174031,Java_low_Java_medium_results.csv
64,57,vehicle,low,medium,0.8541048855486156,Java_low_Java_medium_results.csv
63,206,vehicle,low,medium,0.802707252021443,Java_low_Java_medium_results.csv
64,61,vehicle,low,medium,0.8287451009797604,Java_low_Java_medium_results.csv
64,32,vehicle,low,medium,0.8365846046299236,Java_low_Java_medium_results.csv
64,40,vehicle,low,medium,0.8428806658493642,Java_low_Java_medium_results.csv
64,4,vehicle,low,medium,0.8195576895485533,Java_low_Java_medium_results.csv
64,54,vehicle,low,medium,0.8519570533061961,Java_low_Java_medium_results.csv
64,19,vehicle,low,medium,0.8736233317463715,Java_low_Java_medium_results.csv
64,55,vehicle,low,medium,0.8324819571444154,Java_low_Java_medium_results.csv
64,75,vehicle,low,medium,0.8267773066226,Java_low_Java_medium_results.csv
64,42,vehicle,low,medium,0.8805725683458004,Java_low_Java_medium_results.csv
64,73,vehicle,low,medium,0.8199312669275497,Java_low_Java_medium_results.csv
64,84,vehicle,low,medium,0.8176379042115315,Java_low_Java_medium_results.csv
64,70,vehicle,low,medium,0.8802174896303758,Java_low_Java_medium_results.csv
64,105,vehicle,low,medium,0.8633698563348918,Java_low_Java_medium_results.csv
64,62,vehicle,low,medium,0.8987775361998919,Java_low_Java_medium_results.csv
64,88,vehicle,low,medium,0.9047325274561824,Java_low_Java_medium_results.csv
64,83,vehicle,low,medium,0.80368129036116,Java_low_Java_medium_results.csv
64,108,vehicle,low,medium,0.894182129109713,Java_low_Java_medium_results.csv
64,6,vehicle,low,medium,0.8777668489079007,Java_low_Java_medium_results.csv
64,81,vehicle,low,medium,0.835835706093555,Java_low_Java_medium_results.csv
64,89,vehicle,low,medium,0.7926033891352929,Java_low_Java_medium_results.csv
64,117,vehicle,low,medium,0.8135979712039777,Java_low_Java_medium_results.csv
64,133,vehicle,low,medium,0.8351804543870271,Java_low_Java_medium_results.csv
64,147,vehicle,low,medium,0.8539537489713628,Java_low_Java_medium_results.csv
64,142,vehicle,low,medium,0.8072203434413896,Java_low_Java_medium_results.csv
64,169,vehicle,low,medium,0.8454694492471206,Java_low_Java_medium_results.csv
64,190,vehicle,low,medium,0.8576907751178199,Java_low_Java_medium_results.csv
64,91,vehicle,low,medium,0.8213835523857866,Java_low_Java_medium_results.csv
64,168,vehicle,low,medium,0.8263140027570989,Java_low_Java_medium_results.csv
64,158,vehicle,low,medium,0.8095517235617136,Java_low_Java_medium_results.csv
64,171,vehicle,low,medium,0.8151175568639208,Java_low_Java_medium_results.csv
64,166,vehicle,low,medium,0.8626313800595126,Java_low_Java_medium_results.csv
64,203,vehicle,low,medium,0.9367981011324624,Java_low_Java_medium_results.csv
64,72,vehicle,low,medium,0.8288704974664654,Java_low_Java_medium_results.csv
64,192,vehicle,low,medium,0.8491574139275455,Java_low_Java_medium_results.csv
64,18,vehicle,low,medium,0.8342422137735651,Java_low_Java_medium_results.csv
64,97,vehicle,low,medium,0.7972579745277437,Java_low_Java_medium_results.csv
64,25,vehicle,low,medium,0.8430435644719178,Java_low_Java_medium_results.csv
64,210,vehicle,low,medium,0.858140949981154,Java_low_Java_medium_results.csv
64,143,vehicle,low,medium,0.8412070143188214,Java_low_Java_medium_results.csv
65,17,vehicle,low,medium,0.8895096970426057,Java_low_Java_medium_results.csv
65,19,vehicle,low,medium,0.8149500618155001,Java_low_Java_medium_results.csv
64,155,vehicle,low,medium,0.8464280180686656,Java_low_Java_medium_results.csv
64,206,vehicle,low,medium,0.8142199098869516,Java_low_Java_medium_results.csv
64,191,vehicle,low,medium,0.8106407693147264,Java_low_Java_medium_results.csv
65,6,vehicle,low,medium,0.8274838948659107,Java_low_Java_medium_results.csv
65,24,vehicle,low,medium,0.8880975494616623,Java_low_Java_medium_results.csv
65,20,vehicle,low,medium,0.8899935483840807,Java_low_Java_medium_results.csv
65,25,vehicle,low,medium,0.8787983321632583,Java_low_Java_medium_results.csv
64,215,vehicle,low,medium,0.826279802551013,Java_low_Java_medium_results.csv
65,4,vehicle,low,medium,0.9001747649663162,Java_low_Java_medium_results.csv
64,207,vehicle,low,medium,0.7921566658481024,Java_low_Java_medium_results.csv
65,51,vehicle,low,medium,0.8312975895972139,Java_low_Java_medium_results.csv
65,42,vehicle,low,medium,0.8270604757669547,Java_low_Java_medium_results.csv
65,40,vehicle,low,medium,0.8319810894048553,Java_low_Java_medium_results.csv
65,54,vehicle,low,medium,0.8524220625608455,Java_low_Java_medium_results.csv
65,50,vehicle,low,medium,0.8810473338981094,Java_low_Java_medium_results.csv
65,57,vehicle,low,medium,0.8415437197028012,Java_low_Java_medium_results.csv
65,61,vehicle,low,medium,0.8361431251904267,Java_low_Java_medium_results.csv
65,58,vehicle,low,medium,0.8919334109609909,Java_low_Java_medium_results.csv
65,62,vehicle,low,medium,0.8157044804399443,Java_low_Java_medium_results.csv
65,32,vehicle,low,medium,0.8746148017662904,Java_low_Java_medium_results.csv
65,66,vehicle,low,medium,0.8341861157303785,Java_low_Java_medium_results.csv
65,70,vehicle,low,medium,0.8084290748639141,Java_low_Java_medium_results.csv
65,55,vehicle,low,medium,0.9341714030182896,Java_low_Java_medium_results.csv
65,18,vehicle,low,medium,0.8478835209866811,Java_low_Java_medium_results.csv
65,72,vehicle,low,medium,0.8720975870826552,Java_low_Java_medium_results.csv
64,50,vehicle,low,medium,0.8466746583717157,Java_low_Java_medium_results.csv
65,53,vehicle,low,medium,0.7768598552498219,Java_low_Java_medium_results.csv
65,81,vehicle,low,medium,0.846977211581411,Java_low_Java_medium_results.csv
65,73,vehicle,low,medium,0.8992742985111046,Java_low_Java_medium_results.csv
65,84,vehicle,low,medium,0.8722672054868958,Java_low_Java_medium_results.csv
65,83,vehicle,low,medium,0.8823483393872389,Java_low_Java_medium_results.csv
65,108,vehicle,low,medium,0.8248892002306047,Java_low_Java_medium_results.csv
64,115,vehicle,low,medium,0.8187415231340158,Java_low_Java_medium_results.csv
65,16,vehicle,low,medium,0.8991707219980299,Java_low_Java_medium_results.csv
65,105,vehicle,low,medium,0.8442290856131688,Java_low_Java_medium_results.csv
65,117,vehicle,low,medium,0.872980462380434,Java_low_Java_medium_results.csv
65,115,vehicle,low,medium,0.8999698353091767,Java_low_Java_medium_results.csv
65,33,vehicle,low,medium,0.8804070394341376,Java_low_Java_medium_results.csv
65,89,vehicle,low,medium,0.9094188313171956,Java_low_Java_medium_results.csv
65,75,vehicle,low,medium,0.890265485461167,Java_low_Java_medium_results.csv
65,143,vehicle,low,medium,0.8657678361886086,Java_low_Java_medium_results.csv
65,133,vehicle,low,medium,0.8367559732026439,Java_low_Java_medium_results.csv
65,147,vehicle,low,medium,0.8240908592998728,Java_low_Java_medium_results.csv
65,155,vehicle,low,medium,0.8163569640495175,Java_low_Java_medium_results.csv
65,145,vehicle,low,medium,0.8421887440720777,Java_low_Java_medium_results.csv
65,88,vehicle,low,medium,0.800487228694252,Java_low_Java_medium_results.csv
65,190,vehicle,low,medium,0.8412166201466413,Java_low_Java_medium_results.csv
65,169,vehicle,low,medium,0.8203991357918435,Java_low_Java_medium_results.csv
65,166,vehicle,low,medium,0.862351660870793,Java_low_Java_medium_results.csv
65,168,vehicle,low,medium,0.8653425081988245,Java_low_Java_medium_results.csv
64,202,vehicle,low,medium,0.8176999327609826,Java_low_Java_medium_results.csv
65,142,vehicle,low,medium,0.8654732481638534,Java_low_Java_medium_results.csv
65,171,vehicle,low,medium,0.9124886331312516,Java_low_Java_medium_results.csv
65,203,vehicle,low,medium,0.8233623223217629,Java_low_Java_medium_results.csv
65,192,vehicle,low,medium,0.8625120171369123,Java_low_Java_medium_results.csv
65,197,vehicle,low,medium,0.8927519201195914,Java_low_Java_medium_results.csv
65,210,vehicle,low,medium,0.8204567594016839,Java_low_Java_medium_results.csv
65,91,vehicle,low,medium,0.8934422246885022,Java_low_Java_medium_results.csv
64,145,vehicle,low,medium,0.8353566961474932,Java_low_Java_medium_results.csv
65,158,vehicle,low,medium,0.8875558754127728,Java_low_Java_medium_results.csv
65,206,vehicle,low,medium,0.8909993278838846,Java_low_Java_medium_results.csv
65,215,vehicle,low,medium,0.8628309435315815,Java_low_Java_medium_results.csv
64,135,vehicle,low,medium,0.8276394067509695,Java_low_Java_medium_results.csv
65,97,vehicle,low,medium,0.8809582780780615,Java_low_Java_medium_results.csv
65,202,vehicle,low,medium,0.9281133825839224,Java_low_Java_medium_results.csv
65,214,vehicle,low,medium,0.9223231123670336,Java_low_Java_medium_results.csv
74,19,vehicle,low,medium,0.8205537173437819,Java_low_Java_medium_results.csv
65,207,vehicle,low,medium,0.9018910665739386,Java_low_Java_medium_results.csv
65,135,vehicle,low,medium,0.8626116467525731,Java_low_Java_medium_results.csv
74,24,vehicle,low,medium,0.7983778963430811,Java_low_Java_medium_results.csv
74,18,vehicle,low,medium,0.8431214288438853,Java_low_Java_medium_results.csv
74,4,vehicle,low,medium,0.7992590774578948,Java_low_Java_medium_results.csv
74,20,vehicle,low,medium,0.7957796225742815,Java_low_Java_medium_results.csv
74,40,vehicle,low,medium,0.8063719142225282,Java_low_Java_medium_results.csv
74,16,vehicle,low,medium,0.8167117536574561,Java_low_Java_medium_results.csv
74,51,vehicle,low,medium,0.7554797703790083,Java_low_Java_medium_results.csv
74,54,vehicle,low,medium,0.7606188539051179,Java_low_Java_medium_results.csv
74,53,vehicle,low,medium,0.8174356837534825,Java_low_Java_medium_results.csv
65,191,vehicle,low,medium,0.859840647111898,Java_low_Java_medium_results.csv
74,57,vehicle,low,medium,0.8092945747238312,Java_low_Java_medium_results.csv
74,42,vehicle,low,medium,0.7852127315103964,Java_low_Java_medium_results.csv
74,62,vehicle,low,medium,0.7619470628080292,Java_low_Java_medium_results.csv
74,66,vehicle,low,medium,0.835400905002368,Java_low_Java_medium_results.csv
74,58,vehicle,low,medium,0.7696706671053535,Java_low_Java_medium_results.csv
74,55,vehicle,low,medium,0.855941679545659,Java_low_Java_medium_results.csv
74,61,vehicle,low,medium,0.7758598998683178,Java_low_Java_medium_results.csv
74,6,vehicle,low,medium,0.8171212109615741,Java_low_Java_medium_results.csv
74,72,vehicle,low,medium,0.8127541107337268,Java_low_Java_medium_results.csv
74,88,vehicle,low,medium,0.8047392787986558,Java_low_Java_medium_results.csv
74,81,vehicle,low,medium,0.8477429913781069,Java_low_Java_medium_results.csv
74,84,vehicle,low,medium,0.7964534715607458,Java_low_Java_medium_results.csv
74,83,vehicle,low,medium,0.8321295997077373,Java_low_Java_medium_results.csv
74,108,vehicle,low,medium,0.776148394882916,Java_low_Java_medium_results.csv
74,75,vehicle,low,medium,0.8476980945854475,Java_low_Java_medium_results.csv
74,105,vehicle,low,medium,0.7937399298709018,Java_low_Java_medium_results.csv
74,91,vehicle,low,medium,0.8000958972995031,Java_low_Java_medium_results.csv
74,97,vehicle,low,medium,0.7898877288075403,Java_low_Java_medium_results.csv
74,70,vehicle,low,medium,0.7670704357975526,Java_low_Java_medium_results.csv
74,32,vehicle,low,medium,0.7736265437208271,Java_low_Java_medium_results.csv
74,117,vehicle,low,medium,0.8024894488723945,Java_low_Java_medium_results.csv
74,33,vehicle,low,medium,0.8291547390227415,Java_low_Java_medium_results.csv
74,115,vehicle,low,medium,0.8172253232732446,Java_low_Java_medium_results.csv
74,142,vehicle,low,medium,0.8007167031175549,Java_low_Java_medium_results.csv
74,133,vehicle,low,medium,0.7923047235590991,Java_low_Java_medium_results.csv
74,145,vehicle,low,medium,0.7953320431372454,Java_low_Java_medium_results.csv
74,135,vehicle,low,medium,0.814852555716326,Java_low_Java_medium_results.csv
74,25,vehicle,low,medium,0.7961920213776462,Java_low_Java_medium_results.csv
74,143,vehicle,low,medium,0.7554809300261347,Java_low_Java_medium_results.csv
74,17,vehicle,low,medium,0.8038273178777926,Java_low_Java_medium_results.csv
74,166,vehicle,low,medium,0.8710329090743636,Java_low_Java_medium_results.csv
74,168,vehicle,low,medium,0.8199782579830587,Java_low_Java_medium_results.csv
74,169,vehicle,low,medium,0.7644982722244247,Java_low_Java_medium_results.csv
74,158,vehicle,low,medium,0.8070168114092499,Java_low_Java_medium_results.csv
74,171,vehicle,low,medium,0.8429848377772063,Java_low_Java_medium_results.csv
74,89,vehicle,low,medium,0.8405572683986021,Java_low_Java_medium_results.csv
74,203,vehicle,low,medium,0.8448056996622882,Java_low_Java_medium_results.csv
74,190,vehicle,low,medium,0.6952501232352913,Java_low_Java_medium_results.csv
74,50,vehicle,low,medium,0.8558084020051518,Java_low_Java_medium_results.csv
74,151,vehicle,low,medium,0.885390915459395,Java_low_Java_medium_results.csv
65,151,vehicle,low,medium,0.927791050950028,Java_low_Java_medium_results.csv
74,197,vehicle,low,medium,0.8233158471271392,Java_low_Java_medium_results.csv
74,206,vehicle,low,medium,0.8069898818370773,Java_low_Java_medium_results.csv
74,73,vehicle,low,medium,0.8459766953983969,Java_low_Java_medium_results.csv
64,197,vehicle,low,medium,0.8465301910298115,Java_low_Java_medium_results.csv
74,147,vehicle,low,medium,0.7688373325147139,Java_low_Java_medium_results.csv
74,207,vehicle,low,medium,0.8357447705314963,Java_low_Java_medium_results.csv
74,210,vehicle,low,medium,0.7453298367175666,Java_low_Java_medium_results.csv
74,192,vehicle,low,medium,0.8159186769422385,Java_low_Java_medium_results.csv
74,155,vehicle,low,medium,0.7686068216523446,Java_low_Java_medium_results.csv
74,202,vehicle,low,medium,0.8959955658353727,Java_low_Java_medium_results.csv
77,6,vehicle,low,medium,0.8532829895211371,Java_low_Java_medium_results.csv
74,191,vehicle,low,medium,0.7828468660548163,Java_low_Java_medium_results.csv
77,42,vehicle,low,medium,0.8884665132340187,Java_low_Java_medium_results.csv
77,4,vehicle,low,medium,0.7885998967730742,Java_low_Java_medium_results.csv
74,215,vehicle,low,medium,0.8077386908256617,Java_low_Java_medium_results.csv
74,214,vehicle,low,medium,0.8685718738607304,Java_low_Java_medium_results.csv
77,18,vehicle,low,medium,0.8299323173087199,Java_low_Java_medium_results.csv
77,53,vehicle,low,medium,0.8690041338734401,Java_low_Java_medium_results.csv
77,25,vehicle,low,medium,0.7760881747543867,Java_low_Java_medium_results.csv
77,54,vehicle,low,medium,0.8068744664294772,Java_low_Java_medium_results.csv
77,16,vehicle,low,medium,0.7392311924394012,Java_low_Java_medium_results.csv
77,66,vehicle,low,medium,0.907032908777653,Java_low_Java_medium_results.csv
77,62,vehicle,low,medium,0.881702911904169,Java_low_Java_medium_results.csv
77,58,vehicle,low,medium,0.7713365263181633,Java_low_Java_medium_results.csv
64,214,vehicle,low,medium,0.8049632786463418,Java_low_Java_medium_results.csv
77,61,vehicle,low,medium,0.80099834648405,Java_low_Java_medium_results.csv
77,70,vehicle,low,medium,0.840779619026982,Java_low_Java_medium_results.csv
77,50,vehicle,low,medium,0.8456013243098911,Java_low_Java_medium_results.csv
77,57,vehicle,low,medium,0.861775128653767,Java_low_Java_medium_results.csv
77,32,vehicle,low,medium,0.7590751211512781,Java_low_Java_medium_results.csv
77,19,vehicle,low,medium,0.8813617998756272,Java_low_Java_medium_results.csv
77,51,vehicle,low,medium,0.840318299185879,Java_low_Java_medium_results.csv
77,88,vehicle,low,medium,0.8888669286771024,Java_low_Java_medium_results.csv
77,73,vehicle,low,medium,0.8250606099891232,Java_low_Java_medium_results.csv
77,84,vehicle,low,medium,0.7752764360136872,Java_low_Java_medium_results.csv
77,75,vehicle,low,medium,0.8175747465833875,Java_low_Java_medium_results.csv
77,108,vehicle,low,medium,0.8980954554626909,Java_low_Java_medium_results.csv
77,83,vehicle,low,medium,0.7989449916401142,Java_low_Java_medium_results.csv
77,40,vehicle,low,medium,0.8438022442710273,Java_low_Java_medium_results.csv
77,24,vehicle,low,medium,0.7867077129631521,Java_low_Java_medium_results.csv
77,89,vehicle,low,medium,0.7443157394259837,Java_low_Java_medium_results.csv
77,133,vehicle,low,medium,0.796427157918734,Java_low_Java_medium_results.csv
77,117,vehicle,low,medium,0.7790919259358047,Java_low_Java_medium_results.csv
77,115,vehicle,low,medium,0.7985538252760822,Java_low_Java_medium_results.csv
77,142,vehicle,low,medium,0.7697542390860406,Java_low_Java_medium_results.csv
77,135,vehicle,low,medium,0.8011105388775016,Java_low_Java_medium_results.csv
77,20,vehicle,low,medium,0.7675225483858674,Java_low_Java_medium_results.csv
77,147,vehicle,low,medium,0.8176007122794725,Java_low_Java_medium_results.csv
77,91,vehicle,low,medium,0.730838157397929,Java_low_Java_medium_results.csv
77,72,vehicle,low,medium,0.8019142190019952,Java_low_Java_medium_results.csv
77,155,vehicle,low,medium,0.8126908490160976,Java_low_Java_medium_results.csv
77,17,vehicle,low,medium,0.7738657151039283,Java_low_Java_medium_results.csv
77,33,vehicle,low,medium,0.8122539110435282,Java_low_Java_medium_results.csv
77,158,vehicle,low,medium,0.7487611356008385,Java_low_Java_medium_results.csv
77,203,vehicle,low,medium,0.9358842295834308,Java_low_Java_medium_results.csv
77,166,vehicle,low,medium,0.8637415763998075,Java_low_Java_medium_results.csv
77,168,vehicle,low,medium,0.83526373043963,Java_low_Java_medium_results.csv
77,192,vehicle,low,medium,0.7985014957772177,Java_low_Java_medium_results.csv
77,105,vehicle,low,medium,0.8132331628160789,Java_low_Java_medium_results.csv
77,81,vehicle,low,medium,0.8208470174251621,Java_low_Java_medium_results.csv
77,190,vehicle,low,medium,0.8061551856590815,Java_low_Java_medium_results.csv
77,171,vehicle,low,medium,0.7798438733739774,Java_low_Java_medium_results.csv
77,210,vehicle,low,medium,0.8133111958185704,Java_low_Java_medium_results.csv
77,143,vehicle,low,medium,0.7696835324629939,Java_low_Java_medium_results.csv
64,151,vehicle,low,medium,0.8100619622626782,Java_low_Java_medium_results.csv
78,16,vehicle,low,medium,0.8140223263893246,Java_low_Java_medium_results.csv
77,206,vehicle,low,medium,0.7563429463772173,Java_low_Java_medium_results.csv
77,55,vehicle,low,medium,0.7781114891575096,Java_low_Java_medium_results.csv
78,17,vehicle,low,medium,0.7952397552366963,Java_low_Java_medium_results.csv
78,6,vehicle,low,medium,0.7854568089309212,Java_low_Java_medium_results.csv
77,151,vehicle,low,medium,0.8098214728321637,Java_low_Java_medium_results.csv
78,32,vehicle,low,medium,0.7757960226951357,Java_low_Java_medium_results.csv
78,24,vehicle,low,medium,0.8228303565045788,Java_low_Java_medium_results.csv
78,20,vehicle,low,medium,0.7969624525620893,Java_low_Java_medium_results.csv
78,40,vehicle,low,medium,0.7528156430111348,Java_low_Java_medium_results.csv
78,42,vehicle,low,medium,0.7921507780294944,Java_low_Java_medium_results.csv
78,51,vehicle,low,medium,0.7211544917164556,Java_low_Java_medium_results.csv
77,207,vehicle,low,medium,0.7295799274798631,Java_low_Java_medium_results.csv
78,53,vehicle,low,medium,0.7539860837122299,Java_low_Java_medium_results.csv
78,4,vehicle,low,medium,0.7976661609051856,Java_low_Java_medium_results.csv
78,54,vehicle,low,medium,0.797548662545868,Java_low_Java_medium_results.csv
78,50,vehicle,low,medium,0.842820109272442,Java_low_Java_medium_results.csv
78,57,vehicle,low,medium,0.7978271093514306,Java_low_Java_medium_results.csv
78,58,vehicle,low,medium,0.779943396378531,Java_low_Java_medium_results.csv
78,19,vehicle,low,medium,0.7980025179340515,Java_low_Java_medium_results.csv
78,62,vehicle,low,medium,0.7874447226103308,Java_low_Java_medium_results.csv
78,66,vehicle,low,medium,0.7983311999171835,Java_low_Java_medium_results.csv
78,55,vehicle,low,medium,0.876610936410324,Java_low_Java_medium_results.csv
78,33,vehicle,low,medium,0.8325876388506123,Java_low_Java_medium_results.csv
78,25,vehicle,low,medium,0.8059839147381213,Java_low_Java_medium_results.csv
78,70,vehicle,low,medium,0.7756682388773967,Java_low_Java_medium_results.csv
78,75,vehicle,low,medium,0.8502511204369896,Java_low_Java_medium_results.csv
77,191,vehicle,low,medium,0.7657192191043726,Java_low_Java_medium_results.csv
78,83,vehicle,low,medium,0.804178382323629,Java_low_Java_medium_results.csv
78,81,vehicle,low,medium,0.8248824503302326,Java_low_Java_medium_results.csv
78,72,vehicle,low,medium,0.8191830748709477,Java_low_Java_medium_results.csv
78,88,vehicle,low,medium,0.7831232285550991,Java_low_Java_medium_results.csv
78,108,vehicle,low,medium,0.7848560295083482,Java_low_Java_medium_results.csv
77,97,vehicle,low,medium,0.7606970910111571,Java_low_Java_medium_results.csv
78,18,vehicle,low,medium,0.8240626509479787,Java_low_Java_medium_results.csv
78,105,vehicle,low,medium,0.7859109792496922,Java_low_Java_medium_results.csv
78,91,vehicle,low,medium,0.8098529785503881,Java_low_Java_medium_results.csv
77,169,vehicle,low,medium,0.8482264669106487,Java_low_Java_medium_results.csv
78,89,vehicle,low,medium,0.839861933393929,Java_low_Java_medium_results.csv
77,214,vehicle,low,medium,0.7905091059369511,Java_low_Java_medium_results.csv
78,133,vehicle,low,medium,0.7698321923372533,Java_low_Java_medium_results.csv
78,117,vehicle,low,medium,0.7939958071222429,Java_low_Java_medium_results.csv
78,84,vehicle,low,medium,0.7787721317508373,Java_low_Java_medium_results.csv
78,143,vehicle,low,medium,0.7519279672343515,Java_low_Java_medium_results.csv
78,145,vehicle,low,medium,0.7846168882975266,Java_low_Java_medium_results.csv
78,61,vehicle,low,medium,0.7711671268634736,Java_low_Java_medium_results.csv
78,155,vehicle,low,medium,0.7778406013451434,Java_low_Java_medium_results.csv
78,158,vehicle,low,medium,0.8136863680496328,Java_low_Java_medium_results.csv
78,169,vehicle,low,medium,0.7750259435352898,Java_low_Java_medium_results.csv
78,97,vehicle,low,medium,0.7841386114348665,Java_low_Java_medium_results.csv
78,190,vehicle,low,medium,0.7004474684754773,Java_low_Java_medium_results.csv
78,171,vehicle,low,medium,0.8465745234867693,Java_low_Java_medium_results.csv
78,166,vehicle,low,medium,0.8629594626860722,Java_low_Java_medium_results.csv
78,115,vehicle,low,medium,0.8475382296194828,Java_low_Java_medium_results.csv
78,203,vehicle,low,medium,0.8322452885187215,Java_low_Java_medium_results.csv
78,191,vehicle,low,medium,0.7766972664707869,Java_low_Java_medium_results.csv
78,197,vehicle,low,medium,0.8281002921225156,Java_low_Java_medium_results.csv
78,206,vehicle,low,medium,0.8155790163585087,Java_low_Java_medium_results.csv
78,168,vehicle,low,medium,0.8101579769371655,Java_low_Java_medium_results.csv
78,151,vehicle,low,medium,0.8876729984739642,Java_low_Java_medium_results.csv
77,145,vehicle,low,medium,0.783506695617808,Java_low_Java_medium_results.csv
78,147,vehicle,low,medium,0.7335147875696814,Java_low_Java_medium_results.csv
78,207,vehicle,low,medium,0.8072971650989086,Java_low_Java_medium_results.csv
78,210,vehicle,low,medium,0.7213501117952273,Java_low_Java_medium_results.csv
78,215,vehicle,low,medium,0.8236739818844364,Java_low_Java_medium_results.csv
78,73,vehicle,low,medium,0.83960957124908,Java_low_Java_medium_results.csv
78,142,vehicle,low,medium,0.781647277943938,Java_low_Java_medium_results.csv
78,202,vehicle,low,medium,0.8945218840394114,Java_low_Java_medium_results.csv
78,135,vehicle,low,medium,0.8221202892403866,Java_low_Java_medium_results.csv
78,192,vehicle,low,medium,0.8038918967939156,Java_low_Java_medium_results.csv
78,214,vehicle,low,medium,0.8661374821745941,Java_low_Java_medium_results.csv
79,6,vehicle,low,medium,0.8295240243932983,Java_low_Java_medium_results.csv
79,51,vehicle,low,medium,0.8075030895865037,Java_low_Java_medium_results.csv
79,4,vehicle,low,medium,0.7593105366212296,Java_low_Java_medium_results.csv
79,40,vehicle,low,medium,0.7829475508995899,Java_low_Java_medium_results.csv
79,20,vehicle,low,medium,0.7507556347085793,Java_low_Java_medium_results.csv
79,53,vehicle,low,medium,0.8198367344951385,Java_low_Java_medium_results.csv
79,25,vehicle,low,medium,0.7491357231374696,Java_low_Java_medium_results.csv
77,197,vehicle,low,medium,0.7955094829995485,Java_low_Java_medium_results.csv
79,42,vehicle,low,medium,0.8374880262752245,Java_low_Java_medium_results.csv
79,57,vehicle,low,medium,0.7735044295885348,Java_low_Java_medium_results.csv
79,54,vehicle,low,medium,0.8088418761534389,Java_low_Java_medium_results.csv
79,58,vehicle,low,medium,0.7800914017572914,Java_low_Java_medium_results.csv
79,62,vehicle,low,medium,0.8639951457862269,Java_low_Java_medium_results.csv
79,61,vehicle,low,medium,0.7406267705858788,Java_low_Java_medium_results.csv
79,24,vehicle,low,medium,0.7966975071483562,Java_low_Java_medium_results.csv
77,215,vehicle,low,medium,0.8327183516840215,Java_low_Java_medium_results.csv
79,32,vehicle,low,medium,0.7300942123602148,Java_low_Java_medium_results.csv
79,19,vehicle,low,medium,0.8342028064379706,Java_low_Java_medium_results.csv
79,55,vehicle,low,medium,0.7939524839698242,Java_low_Java_medium_results.csv
79,66,vehicle,low,medium,0.8920845046679892,Java_low_Java_medium_results.csv
79,75,vehicle,low,medium,0.7976306341850671,Java_low_Java_medium_results.csv
79,81,vehicle,low,medium,0.8167879267644588,Java_low_Java_medium_results.csv
79,70,vehicle,low,medium,0.8150576596693286,Java_low_Java_medium_results.csv
79,108,vehicle,low,medium,0.8356411110332302,Java_low_Java_medium_results.csv
79,73,vehicle,low,medium,0.7864935628249026,Java_low_Java_medium_results.csv
79,72,vehicle,low,medium,0.7741823847312816,Java_low_Java_medium_results.csv
79,83,vehicle,low,medium,0.7741582741765054,Java_low_Java_medium_results.csv
79,97,vehicle,low,medium,0.7193324995833069,Java_low_Java_medium_results.csv
79,143,vehicle,low,medium,0.751665621083985,Java_low_Java_medium_results.csv
79,115,vehicle,low,medium,0.7968801028970335,Java_low_Java_medium_results.csv
79,142,vehicle,low,medium,0.7422805510808858,Java_low_Java_medium_results.csv
79,133,vehicle,low,medium,0.781208202513883,Java_low_Java_medium_results.csv
79,84,vehicle,low,medium,0.7508399006388599,Java_low_Java_medium_results.csv
79,88,vehicle,low,medium,0.8389859660659307,Java_low_Java_medium_results.csv
79,135,vehicle,low,medium,0.7765442258441935,Java_low_Java_medium_results.csv
79,155,vehicle,low,medium,0.7787391903921357,Java_low_Java_medium_results.csv
79,147,vehicle,low,medium,0.7822286706769622,Java_low_Java_medium_results.csv
79,145,vehicle,low,medium,0.7844910633138661,Java_low_Java_medium_results.csv
79,105,vehicle,low,medium,0.8093318656180575,Java_low_Java_medium_results.csv
79,33,vehicle,low,medium,0.7546542611071729,Java_low_Java_medium_results.csv
79,190,vehicle,low,medium,0.7606758151569775,Java_low_Java_medium_results.csv
79,117,vehicle,low,medium,0.7557245949801783,Java_low_Java_medium_results.csv
79,17,vehicle,low,medium,0.7568540595629525,Java_low_Java_medium_results.csv
79,158,vehicle,low,medium,0.766331505809992,Java_low_Java_medium_results.csv
79,166,vehicle,low,medium,0.8512816751475152,Java_low_Java_medium_results.csv
79,18,vehicle,low,medium,0.7876296395806921,Java_low_Java_medium_results.csv
79,203,vehicle,low,medium,0.9217835046129216,Java_low_Java_medium_results.csv
79,171,vehicle,low,medium,0.7867946708553822,Java_low_Java_medium_results.csv
79,191,vehicle,low,medium,0.7371063535828958,Java_low_Java_medium_results.csv
79,210,vehicle,low,medium,0.7837429782587374,Java_low_Java_medium_results.csv
79,50,vehicle,low,medium,0.8300153405359937,Java_low_Java_medium_results.csv
94,6,vehicle,low,medium,0.8486399819858134,Java_low_Java_medium_results.csv
79,16,vehicle,low,medium,0.7384654148458925,Java_low_Java_medium_results.csv
94,4,vehicle,low,medium,0.8267304515505681,Java_low_Java_medium_results.csv
79,192,vehicle,low,medium,0.8133186377231721,Java_low_Java_medium_results.csv
79,151,vehicle,low,medium,0.7983509610716338,Java_low_Java_medium_results.csv
79,206,vehicle,low,medium,0.784933635004178,Java_low_Java_medium_results.csv
79,207,vehicle,low,medium,0.7625496284276843,Java_low_Java_medium_results.csv
79,91,vehicle,low,medium,0.7489110660301491,Java_low_Java_medium_results.csv
79,169,vehicle,low,medium,0.7789675156921412,Java_low_Java_medium_results.csv
94,25,vehicle,low,medium,0.8218807040902997,Java_low_Java_medium_results.csv
94,20,vehicle,low,medium,0.8142930204121983,Java_low_Java_medium_results.csv
94,51,vehicle,low,medium,0.8247919781512998,Java_low_Java_medium_results.csv
77,202,vehicle,low,medium,0.8209122166766719,Java_low_Java_medium_results.csv
94,18,vehicle,low,medium,0.843793478901551,Java_low_Java_medium_results.csv
94,33,vehicle,low,medium,0.8154459770415863,Java_low_Java_medium_results.csv
94,53,vehicle,low,medium,0.8064279406680552,Java_low_Java_medium_results.csv
94,50,vehicle,low,medium,0.8301343662315713,Java_low_Java_medium_results.csv
94,19,vehicle,low,medium,0.8236131786775668,Java_low_Java_medium_results.csv
94,32,vehicle,low,medium,0.8258144003790217,Java_low_Java_medium_results.csv
94,54,vehicle,low,medium,0.7993467757793848,Java_low_Java_medium_results.csv
94,57,vehicle,low,medium,0.8285651755228461,Java_low_Java_medium_results.csv
79,202,vehicle,low,medium,0.8171574017529087,Java_low_Java_medium_results.csv
94,16,vehicle,low,medium,0.8477054198634487,Java_low_Java_medium_results.csv
94,58,vehicle,low,medium,0.8186277791973787,Java_low_Java_medium_results.csv
94,62,vehicle,low,medium,0.8416676464549531,Java_low_Java_medium_results.csv
94,66,vehicle,low,medium,0.8811213132992315,Java_low_Java_medium_results.csv
94,61,vehicle,low,medium,0.783697501779034,Java_low_Java_medium_results.csv
94,42,vehicle,low,medium,0.7872731790928009,Java_low_Java_medium_results.csv
94,70,vehicle,low,medium,0.8177649517896322,Java_low_Java_medium_results.csv
79,89,vehicle,low,medium,0.7666299625641111,Java_low_Java_medium_results.csv
79,168,vehicle,low,medium,0.8108086469019596,Java_low_Java_medium_results.csv
94,83,vehicle,low,medium,0.832930562289791,Java_low_Java_medium_results.csv
94,88,vehicle,low,medium,0.8352496111675511,Java_low_Java_medium_results.csv
94,81,vehicle,low,medium,0.8111488165934949,Java_low_Java_medium_results.csv
94,24,vehicle,low,medium,0.8278592254779706,Java_low_Java_medium_results.csv
94,40,vehicle,low,medium,0.7984778438973823,Java_low_Java_medium_results.csv
94,73,vehicle,low,medium,0.8167247872926754,Java_low_Java_medium_results.csv
94,91,vehicle,low,medium,0.8369224296018829,Java_low_Java_medium_results.csv
94,108,vehicle,low,medium,0.7936999947143741,Java_low_Java_medium_results.csv
94,105,vehicle,low,medium,0.8227276448380944,Java_low_Java_medium_results.csv
94,147,vehicle,low,medium,0.8199541878492483,Java_low_Java_medium_results.csv
94,135,vehicle,low,medium,0.7997969663498253,Java_low_Java_medium_results.csv
94,17,vehicle,low,medium,0.8271406248837744,Java_low_Java_medium_results.csv
79,215,vehicle,low,medium,0.7863447760188614,Java_low_Java_medium_results.csv
94,142,vehicle,low,medium,0.7918679080080211,Java_low_Java_medium_results.csv
94,133,vehicle,low,medium,0.8288009782081397,Java_low_Java_medium_results.csv
94,115,vehicle,low,medium,0.8269258954291575,Java_low_Java_medium_results.csv
94,145,vehicle,low,medium,0.7694126362115247,Java_low_Java_medium_results.csv
94,55,vehicle,low,medium,0.8851256686307641,Java_low_Java_medium_results.csv
94,84,vehicle,low,medium,0.8309208391336654,Java_low_Java_medium_results.csv
94,155,vehicle,low,medium,0.7932564025990738,Java_low_Java_medium_results.csv
94,190,vehicle,low,medium,0.7671959227531856,Java_low_Java_medium_results.csv
94,72,vehicle,low,medium,0.7925664712436148,Java_low_Java_medium_results.csv
94,169,vehicle,low,medium,0.7556018086051226,Java_low_Java_medium_results.csv
94,171,vehicle,low,medium,0.8161619180443321,Java_low_Java_medium_results.csv
94,168,vehicle,low,medium,0.8260127992905246,Java_low_Java_medium_results.csv
94,203,vehicle,low,medium,0.8634801519813372,Java_low_Java_medium_results.csv
94,143,vehicle,low,medium,0.8076237951513429,Java_low_Java_medium_results.csv
94,206,vehicle,low,medium,0.8133696704395912,Java_low_Java_medium_results.csv
94,210,vehicle,low,medium,0.7934257304424103,Java_low_Java_medium_results.csv
94,207,vehicle,low,medium,0.8481643341984867,Java_low_Java_medium_results.csv
94,197,vehicle,low,medium,0.8475918622357704,Java_low_Java_medium_results.csv
79,197,vehicle,low,medium,0.8090815334095978,Java_low_Java_medium_results.csv
94,192,vehicle,low,medium,0.8444705643707724,Java_low_Java_medium_results.csv
94,151,vehicle,low,medium,0.8544293905125199,Java_low_Java_medium_results.csv
94,75,vehicle,low,medium,0.8185233198665698,Java_low_Java_medium_results.csv
94,191,vehicle,low,medium,0.8102514237304719,Java_low_Java_medium_results.csv
94,117,vehicle,low,medium,0.8108107494571103,Java_low_Java_medium_results.csv
94,202,vehicle,low,medium,0.8708876853046139,Java_low_Java_medium_results.csv
94,97,vehicle,low,medium,0.7832165677110783,Java_low_Java_medium_results.csv
99,6,vehicle,low,medium,0.82491196952418,Java_low_Java_medium_results.csv
99,4,vehicle,low,medium,0.7614604705721737,Java_low_Java_medium_results.csv
99,17,vehicle,low,medium,0.7684711716720383,Java_low_Java_medium_results.csv
99,20,vehicle,low,medium,0.7782461171651706,Java_low_Java_medium_results.csv
99,42,vehicle,low,medium,0.8383536100656725,Java_low_Java_medium_results.csv
94,158,vehicle,low,medium,0.8355687227114795,Java_low_Java_medium_results.csv
94,215,vehicle,low,medium,0.7966836743462754,Java_low_Java_medium_results.csv
99,19,vehicle,low,medium,0.8513371033566185,Java_low_Java_medium_results.csv
99,33,vehicle,low,medium,0.7665538573768608,Java_low_Java_medium_results.csv
99,16,vehicle,low,medium,0.767743839014892,Java_low_Java_medium_results.csv
94,89,vehicle,low,medium,0.8215391309558084,Java_low_Java_medium_results.csv
99,51,vehicle,low,medium,0.8370741607444541,Java_low_Java_medium_results.csv
94,166,vehicle,low,medium,0.8624250248892181,Java_low_Java_medium_results.csv
99,53,vehicle,low,medium,0.8740612812735428,Java_low_Java_medium_results.csv
99,54,vehicle,low,medium,0.8114256869929974,Java_low_Java_medium_results.csv
99,62,vehicle,low,medium,0.8481053769301058,Java_low_Java_medium_results.csv
99,70,vehicle,low,medium,0.8387059008440959,Java_low_Java_medium_results.csv
99,50,vehicle,low,medium,0.8346659196724522,Java_low_Java_medium_results.csv
99,25,vehicle,low,medium,0.7680053445470192,Java_low_Java_medium_results.csv
99,66,vehicle,low,medium,0.8847726371858488,Java_low_Java_medium_results.csv
99,88,vehicle,low,medium,0.8541674192903478,Java_low_Java_medium_results.csv
94,214,vehicle,low,medium,0.8266314209592925,Java_low_Java_medium_results.csv
99,83,vehicle,low,medium,0.7785968564198056,Java_low_Java_medium_results.csv
99,73,vehicle,low,medium,0.7632500726947843,Java_low_Java_medium_results.csv
99,61,vehicle,low,medium,0.7608817784723899,Java_low_Java_medium_results.csv
99,84,vehicle,low,medium,0.7680343915089576,Java_low_Java_medium_results.csv
99,81,vehicle,low,medium,0.8402637123208776,Java_low_Java_medium_results.csv
99,75,vehicle,low,medium,0.8120175859269321,Java_low_Java_medium_results.csv
99,57,vehicle,low,medium,0.8073153501289354,Java_low_Java_medium_results.csv
99,108,vehicle,low,medium,0.8661144291865539,Java_low_Java_medium_results.csv
99,58,vehicle,low,medium,0.7648737844569099,Java_low_Java_medium_results.csv
99,105,vehicle,low,medium,0.8279573251445801,Java_low_Java_medium_results.csv
99,40,vehicle,low,medium,0.8269801032673635,Java_low_Java_medium_results.csv
99,24,vehicle,low,medium,0.818586779390912,Java_low_Java_medium_results.csv
99,143,vehicle,low,medium,0.7973081046049812,Java_low_Java_medium_results.csv
99,133,vehicle,low,medium,0.7705892934026234,Java_low_Java_medium_results.csv
99,117,vehicle,low,medium,0.8041587052319844,Java_low_Java_medium_results.csv
99,91,vehicle,low,medium,0.7809696481616017,Java_low_Java_medium_results.csv
99,135,vehicle,low,medium,0.7530756120053248,Java_low_Java_medium_results.csv
99,18,vehicle,low,medium,0.8298255843482146,Java_low_Java_medium_results.csv
99,147,vehicle,low,medium,0.7767328800882889,Java_low_Java_medium_results.csv
99,32,vehicle,low,medium,0.7443703165202382,Java_low_Java_medium_results.csv
99,169,vehicle,low,medium,0.7994195938938423,Java_low_Java_medium_results.csv
99,190,vehicle,low,medium,0.8016500416683322,Java_low_Java_medium_results.csv
99,168,vehicle,low,medium,0.8200658024621151,Java_low_Java_medium_results.csv
99,171,vehicle,low,medium,0.7662098612098758,Java_low_Java_medium_results.csv
99,89,vehicle,low,medium,0.7863472218282436,Java_low_Java_medium_results.csv
99,191,vehicle,low,medium,0.7776468768049859,Java_low_Java_medium_results.csv
99,203,vehicle,low,medium,0.903037523714586,Java_low_Java_medium_results.csv
99,97,vehicle,low,medium,0.7580084196600125,Java_low_Java_medium_results.csv
79,214,vehicle,low,medium,0.7995378842353907,Java_low_Java_medium_results.csv
99,197,vehicle,low,medium,0.8194332450057227,Java_low_Java_medium_results.csv
99,210,vehicle,low,medium,0.7655918670185607,Java_low_Java_medium_results.csv
99,115,vehicle,low,medium,0.7903956464712963,Java_low_Java_medium_results.csv
99,206,vehicle,low,medium,0.7286730376218944,Java_low_Java_medium_results.csv
99,145,vehicle,low,medium,0.786394849235696,Java_low_Java_medium_results.csv
99,207,vehicle,low,medium,0.7474624911558746,Java_low_Java_medium_results.csv
99,166,vehicle,low,medium,0.8623944376529559,Java_low_Java_medium_results.csv
99,142,vehicle,low,medium,0.7916124251810257,Java_low_Java_medium_results.csv
99,192,vehicle,low,medium,0.807605856605112,Java_low_Java_medium_results.csv
99,72,vehicle,low,medium,0.7701661721726014,Java_low_Java_medium_results.csv
99,214,vehicle,low,medium,0.7845284549807574,Java_low_Java_medium_results.csv
101,6,vehicle,low,medium,0.884351503452244,Java_low_Java_medium_results.csv
99,155,vehicle,low,medium,0.7746874609856308,Java_low_Java_medium_results.csv
99,215,vehicle,low,medium,0.8218049612657171,Java_low_Java_medium_results.csv
101,19,vehicle,low,medium,0.9162927350662762,Java_low_Java_medium_results.csv
99,55,vehicle,low,medium,0.8278805842769407,Java_low_Java_medium_results.csv
101,42,vehicle,low,medium,0.9122779043986168,Java_low_Java_medium_results.csv
101,51,vehicle,low,medium,0.8971662425190947,Java_low_Java_medium_results.csv
101,17,vehicle,low,medium,0.8370727067519529,Java_low_Java_medium_results.csv
99,158,vehicle,low,medium,0.7962164265081277,Java_low_Java_medium_results.csv
101,53,vehicle,low,medium,0.9216926764970624,Java_low_Java_medium_results.csv
101,40,vehicle,low,medium,0.9020711683069864,Java_low_Java_medium_results.csv
99,202,vehicle,low,medium,0.8280374076208908,Java_low_Java_medium_results.csv
101,16,vehicle,low,medium,0.8033248542068612,Java_low_Java_medium_results.csv
101,62,vehicle,low,medium,0.9300814518202072,Java_low_Java_medium_results.csv
101,66,vehicle,low,medium,0.9395641103383224,Java_low_Java_medium_results.csv
101,20,vehicle,low,medium,0.8591582352340784,Java_low_Java_medium_results.csv
101,58,vehicle,low,medium,0.8399639283477214,Java_low_Java_medium_results.csv
101,57,vehicle,low,medium,0.8883376745010438,Java_low_Java_medium_results.csv
101,24,vehicle,low,medium,0.8603795118058419,Java_low_Java_medium_results.csv
101,55,vehicle,low,medium,0.783030340965201,Java_low_Java_medium_results.csv
101,4,vehicle,low,medium,0.7973970142058165,Java_low_Java_medium_results.csv
101,75,vehicle,low,medium,0.8316367514490212,Java_low_Java_medium_results.csv
101,88,vehicle,low,medium,0.9262168651041588,Java_low_Java_medium_results.csv
101,84,vehicle,low,medium,0.8139675904175758,Java_low_Java_medium_results.csv
101,73,vehicle,low,medium,0.8299299671414406,Java_low_Java_medium_results.csv
101,83,vehicle,low,medium,0.8408876366302822,Java_low_Java_medium_results.csv
101,72,vehicle,low,medium,0.8215291620053706,Java_low_Java_medium_results.csv
101,105,vehicle,low,medium,0.8873903157244204,Java_low_Java_medium_results.csv
99,151,vehicle,low,medium,0.8301799420668604,Java_low_Java_medium_results.csv
101,108,vehicle,low,medium,0.9313334129967488,Java_low_Java_medium_results.csv
101,54,vehicle,low,medium,0.8897624728351774,Java_low_Java_medium_results.csv
101,91,vehicle,low,medium,0.8250417780905331,Java_low_Java_medium_results.csv
101,115,vehicle,low,medium,0.8115239654623941,Java_low_Java_medium_results.csv
101,97,vehicle,low,medium,0.8330416627372261,Java_low_Java_medium_results.csv
101,70,vehicle,low,medium,0.9075299190081848,Java_low_Java_medium_results.csv
101,117,vehicle,low,medium,0.8514143119985206,Java_low_Java_medium_results.csv
101,133,vehicle,low,medium,0.8563778102250866,Java_low_Java_medium_results.csv
101,147,vehicle,low,medium,0.8725052062191762,Java_low_Java_medium_results.csv
101,135,vehicle,low,medium,0.8397530087892203,Java_low_Java_medium_results.csv
101,61,vehicle,low,medium,0.8399135476837215,Java_low_Java_medium_results.csv
101,81,vehicle,low,medium,0.8894725759171278,Java_low_Java_medium_results.csv
101,155,vehicle,low,medium,0.8825394614957969,Java_low_Java_medium_results.csv
101,143,vehicle,low,medium,0.8623125260777934,Java_low_Java_medium_results.csv
101,32,vehicle,low,medium,0.8164861848712881,Java_low_Java_medium_results.csv
101,169,vehicle,low,medium,0.8843257371406922,Java_low_Java_medium_results.csv
101,192,vehicle,low,medium,0.8613705809321417,Java_low_Java_medium_results.csv
101,168,vehicle,low,medium,0.8653068758110983,Java_low_Java_medium_results.csv
101,33,vehicle,low,medium,0.8540203538497485,Java_low_Java_medium_results.csv
101,203,vehicle,low,medium,0.9592512327183976,Java_low_Java_medium_results.csv
101,171,vehicle,low,medium,0.8153883892979963,Java_low_Java_medium_results.csv
101,18,vehicle,low,medium,0.8622222743448952,Java_low_Java_medium_results.csv
101,191,vehicle,low,medium,0.8123615612312693,Java_low_Java_medium_results.csv
101,25,vehicle,low,medium,0.8423393223546967,Java_low_Java_medium_results.csv
104,6,vehicle,low,medium,0.8201743418037396,Java_low_Java_medium_results.csv
101,151,vehicle,low,medium,0.8185286065331057,Java_low_Java_medium_results.csv
101,89,vehicle,low,medium,0.8048233746351369,Java_low_Java_medium_results.csv
104,17,vehicle,low,medium,0.8423524120959158,Java_low_Java_medium_results.csv
101,206,vehicle,low,medium,0.8030334099352217,Java_low_Java_medium_results.csv
101,190,vehicle,low,medium,0.8926017093922919,Java_low_Java_medium_results.csv
104,19,vehicle,low,medium,0.776712420207784,Java_low_Java_medium_results.csv
104,18,vehicle,low,medium,0.8041909971749572,Java_low_Java_medium_results.csv
104,24,vehicle,low,medium,0.8575486295720046,Java_low_Java_medium_results.csv
104,20,vehicle,low,medium,0.8597558840868011,Java_low_Java_medium_results.csv
104,33,vehicle,low,medium,0.8662569778594905,Java_low_Java_medium_results.csv
101,215,vehicle,low,medium,0.8710278484917217,Java_low_Java_medium_results.csv
104,32,vehicle,low,medium,0.8542048910018806,Java_low_Java_medium_results.csv
104,40,vehicle,low,medium,0.81555886855552,Java_low_Java_medium_results.csv
101,50,vehicle,low,medium,0.8588631464069127,Java_low_Java_medium_results.csv
104,51,vehicle,low,medium,0.8567299251653228,Java_low_Java_medium_results.csv
104,4,vehicle,low,medium,0.8444814986336044,Java_low_Java_medium_results.csv
104,42,vehicle,low,medium,0.8379573039365839,Java_low_Java_medium_results.csv
104,53,vehicle,low,medium,0.8108984808530529,Java_low_Java_medium_results.csv
104,54,vehicle,low,medium,0.8443164314796252,Java_low_Java_medium_results.csv
104,57,vehicle,low,medium,0.8326002454897937,Java_low_Java_medium_results.csv
104,50,vehicle,low,medium,0.8449927899137211,Java_low_Java_medium_results.csv
104,66,vehicle,low,medium,0.8957580740538996,Java_low_Java_medium_results.csv
104,62,vehicle,low,medium,0.8704736098572071,Java_low_Java_medium_results.csv
104,70,vehicle,low,medium,0.8379254134410881,Java_low_Java_medium_results.csv
104,61,vehicle,low,medium,0.8173847723573232,Java_low_Java_medium_results.csv
104,16,vehicle,low,medium,0.8500816839141215,Java_low_Java_medium_results.csv
104,75,vehicle,low,medium,0.8454426283578733,Java_low_Java_medium_results.csv
101,142,vehicle,low,medium,0.8566072543556084,Java_low_Java_medium_results.csv
104,73,vehicle,low,medium,0.8559975270189946,Java_low_Java_medium_results.csv
104,58,vehicle,low,medium,0.8770500647168699,Java_low_Java_medium_results.csv
104,81,vehicle,low,medium,0.8341103671936342,Java_low_Java_medium_results.csv
104,88,vehicle,low,medium,0.8270056683348648,Java_low_Java_medium_results.csv
104,83,vehicle,low,medium,0.8559276540647694,Java_low_Java_medium_results.csv
101,197,vehicle,low,medium,0.8445710542772753,Java_low_Java_medium_results.csv
104,108,vehicle,low,medium,0.8354033856774588,Java_low_Java_medium_results.csv
104,91,vehicle,low,medium,0.8897112205145292,Java_low_Java_medium_results.csv
101,207,vehicle,low,medium,0.7924175381160141,Java_low_Java_medium_results.csv
101,166,vehicle,low,medium,0.915776749253466,Java_low_Java_medium_results.csv
104,105,vehicle,low,medium,0.8266257184517966,Java_low_Java_medium_results.csv
104,72,vehicle,low,medium,0.8208372092253976,Java_low_Java_medium_results.csv
101,214,vehicle,low,medium,0.7853767072043725,Java_low_Java_medium_results.csv
104,117,vehicle,low,medium,0.8400369467893375,Java_low_Java_medium_results.csv
104,25,vehicle,low,medium,0.8592688664412504,Java_low_Java_medium_results.csv
104,133,vehicle,low,medium,0.8335470093889003,Java_low_Java_medium_results.csv
104,135,vehicle,low,medium,0.8453949460748679,Java_low_Java_medium_results.csv
104,142,vehicle,low,medium,0.8420035097543499,Java_low_Java_medium_results.csv
104,155,vehicle,low,medium,0.8328958815575269,Java_low_Java_medium_results.csv
104,145,vehicle,low,medium,0.8411026247357413,Java_low_Java_medium_results.csv
104,169,vehicle,low,medium,0.8026103695920357,Java_low_Java_medium_results.csv
101,210,vehicle,low,medium,0.8831817497926563,Java_low_Java_medium_results.csv
104,168,vehicle,low,medium,0.8186731775742261,Java_low_Java_medium_results.csv
104,97,vehicle,low,medium,0.8312933806024919,Java_low_Java_medium_results.csv
104,171,vehicle,low,medium,0.876290646971087,Java_low_Java_medium_results.csv
104,190,vehicle,low,medium,0.8428286813526749,Java_low_Java_medium_results.csv
104,147,vehicle,low,medium,0.8388206019816026,Java_low_Java_medium_results.csv
104,166,vehicle,low,medium,0.8406598902315718,Java_low_Java_medium_results.csv
104,203,vehicle,low,medium,0.8756383156729604,Java_low_Java_medium_results.csv
104,191,vehicle,low,medium,0.8302477202145019,Java_low_Java_medium_results.csv
104,197,vehicle,low,medium,0.8492427436109676,Java_low_Java_medium_results.csv
104,151,vehicle,low,medium,0.8828288659499799,Java_low_Java_medium_results.csv
104,210,vehicle,low,medium,0.84161957152174,Java_low_Java_medium_results.csv
104,89,vehicle,low,medium,0.8544835453707205,Java_low_Java_medium_results.csv
104,143,vehicle,low,medium,0.8739088876751462,Java_low_Java_medium_results.csv
101,145,vehicle,low,medium,0.8589099408673835,Java_low_Java_medium_results.csv
104,206,vehicle,low,medium,0.842592913942268,Java_low_Java_medium_results.csv
104,215,vehicle,low,medium,0.8498481250129216,Java_low_Java_medium_results.csv
114,16,vehicle,low,medium,0.8244529728162855,Java_low_Java_medium_results.csv
114,4,vehicle,low,medium,0.8079883079293377,Java_low_Java_medium_results.csv
101,158,vehicle,low,medium,0.8082270016199739,Java_low_Java_medium_results.csv
104,55,vehicle,low,medium,0.9020334292027868,Java_low_Java_medium_results.csv
114,24,vehicle,low,medium,0.8332311959344868,Java_low_Java_medium_results.csv
104,84,vehicle,low,medium,0.832487365016741,Java_low_Java_medium_results.csv
114,20,vehicle,low,medium,0.7995822532680364,Java_low_Java_medium_results.csv
114,19,vehicle,low,medium,0.8284684606574224,Java_low_Java_medium_results.csv
114,42,vehicle,low,medium,0.8019982354783796,Java_low_Java_medium_results.csv
114,25,vehicle,low,medium,0.8129149266735116,Java_low_Java_medium_results.csv
114,32,vehicle,low,medium,0.7742323051717511,Java_low_Java_medium_results.csv
114,51,vehicle,low,medium,0.7679177526084334,Java_low_Java_medium_results.csv
104,214,vehicle,low,medium,0.8811484124148878,Java_low_Java_medium_results.csv
114,54,vehicle,low,medium,0.7888525728886664,Java_low_Java_medium_results.csv
114,33,vehicle,low,medium,0.8266714925868774,Java_low_Java_medium_results.csv
114,57,vehicle,low,medium,0.7961184512768852,Java_low_Java_medium_results.csv
114,58,vehicle,low,medium,0.7708697067250451,Java_low_Java_medium_results.csv
114,62,vehicle,low,medium,0.7577467379852695,Java_low_Java_medium_results.csv
114,55,vehicle,low,medium,0.8848525436453819,Java_low_Java_medium_results.csv
114,66,vehicle,low,medium,0.7913277851330426,Java_low_Java_medium_results.csv
114,53,vehicle,low,medium,0.795014349525604,Java_low_Java_medium_results.csv
104,192,vehicle,low,medium,0.8490902072873926,Java_low_Java_medium_results.csv
114,17,vehicle,low,medium,0.8093194760906579,Java_low_Java_medium_results.csv
114,70,vehicle,low,medium,0.7467044536733063,Java_low_Java_medium_results.csv
114,6,vehicle,low,medium,0.8279596092986306,Java_low_Java_medium_results.csv
114,75,vehicle,low,medium,0.8703794945868689,Java_low_Java_medium_results.csv
114,73,vehicle,low,medium,0.8354890309711888,Java_low_Java_medium_results.csv
114,88,vehicle,low,medium,0.7840515258544982,Java_low_Java_medium_results.csv
114,72,vehicle,low,medium,0.8318141051672137,Java_low_Java_medium_results.csv
104,115,vehicle,low,medium,0.856124358313262,Java_low_Java_medium_results.csv
114,89,vehicle,low,medium,0.8530964398481076,Java_low_Java_medium_results.csv
114,105,vehicle,low,medium,0.759183430092279,Java_low_Java_medium_results.csv
114,40,vehicle,low,medium,0.8045788534223544,Java_low_Java_medium_results.csv
114,108,vehicle,low,medium,0.8084172847030996,Java_low_Java_medium_results.csv
114,81,vehicle,low,medium,0.827969692611341,Java_low_Java_medium_results.csv
104,207,vehicle,low,medium,0.8630841045922162,Java_low_Java_medium_results.csv
114,97,vehicle,low,medium,0.8008167881952846,Java_low_Java_medium_results.csv
114,18,vehicle,low,medium,0.8309505519988573,Java_low_Java_medium_results.csv
114,133,vehicle,low,medium,0.7684682154257285,Java_low_Java_medium_results.csv
114,143,vehicle,low,medium,0.7635922685736544,Java_low_Java_medium_results.csv
114,145,vehicle,low,medium,0.7732283223121454,Java_low_Java_medium_results.csv
114,115,vehicle,low,medium,0.8397759875295187,Java_low_Java_medium_results.csv
114,135,vehicle,low,medium,0.8312495684483293,Java_low_Java_medium_results.csv
114,61,vehicle,low,medium,0.8032036706348195,Java_low_Java_medium_results.csv
114,83,vehicle,low,medium,0.8289515437222521,Java_low_Java_medium_results.csv
114,169,vehicle,low,medium,0.7928709277678009,Java_low_Java_medium_results.csv
114,158,vehicle,low,medium,0.8124164115568231,Java_low_Java_medium_results.csv
114,171,vehicle,low,medium,0.8494696441393003,Java_low_Java_medium_results.csv
104,158,vehicle,low,medium,0.8436646581369603,Java_low_Java_medium_results.csv
114,147,vehicle,low,medium,0.733876060735473,Java_low_Java_medium_results.csv
114,50,vehicle,low,medium,0.8520222459107617,Java_low_Java_medium_results.csv
114,166,vehicle,low,medium,0.8683905996110244,Java_low_Java_medium_results.csv
114,168,vehicle,low,medium,0.8176704075936281,Java_low_Java_medium_results.csv
114,151,vehicle,low,medium,0.892124536210355,Java_low_Java_medium_results.csv
114,210,vehicle,low,medium,0.6961869981600213,Java_low_Java_medium_results.csv
114,192,vehicle,low,medium,0.7990451438351479,Java_low_Java_medium_results.csv
114,117,vehicle,low,medium,0.8012230152094301,Java_low_Java_medium_results.csv
114,91,vehicle,low,medium,0.8064481104377896,Java_low_Java_medium_results.csv
114,84,vehicle,low,medium,0.7820081903897262,Java_low_Java_medium_results.csv
114,197,vehicle,low,medium,0.8510569066986916,Java_low_Java_medium_results.csv
114,190,vehicle,low,medium,0.7072950954809629,Java_low_Java_medium_results.csv
114,215,vehicle,low,medium,0.8125466636689297,Java_low_Java_medium_results.csv
114,203,vehicle,low,medium,0.8256101180227031,Java_low_Java_medium_results.csv
114,142,vehicle,low,medium,0.7782367794282288,Java_low_Java_medium_results.csv
114,155,vehicle,low,medium,0.7614148745098488,Java_low_Java_medium_results.csv
114,214,vehicle,low,medium,0.8676628985824624,Java_low_Java_medium_results.csv
124,6,vehicle,low,medium,0.8289427888417666,Java_low_Java_medium_results.csv
114,202,vehicle,low,medium,0.8960516228493621,Java_low_Java_medium_results.csv
114,206,vehicle,low,medium,0.8142999472902381,Java_low_Java_medium_results.csv
124,19,vehicle,low,medium,0.8345528480932851,Java_low_Java_medium_results.csv
124,4,vehicle,low,medium,0.8664186172234613,Java_low_Java_medium_results.csv
114,191,vehicle,low,medium,0.8017755971874211,Java_low_Java_medium_results.csv
104,202,vehicle,low,medium,0.8762298607180246,Java_low_Java_medium_results.csv
124,24,vehicle,low,medium,0.8226824970505661,Java_low_Java_medium_results.csv
124,42,vehicle,low,medium,0.826813881091157,Java_low_Java_medium_results.csv
124,53,vehicle,low,medium,0.8252804981893508,Java_low_Java_medium_results.csv
124,54,vehicle,low,medium,0.8098193690528652,Java_low_Java_medium_results.csv
124,40,vehicle,low,medium,0.7912540297338665,Java_low_Java_medium_results.csv
124,62,vehicle,low,medium,0.8514217278511514,Java_low_Java_medium_results.csv
124,58,vehicle,low,medium,0.8466987314144213,Java_low_Java_medium_results.csv
124,66,vehicle,low,medium,0.8778347660932849,Java_low_Java_medium_results.csv
114,207,vehicle,low,medium,0.8176157544852669,Java_low_Java_medium_results.csv
124,50,vehicle,low,medium,0.8396481986831174,Java_low_Java_medium_results.csv
124,61,vehicle,low,medium,0.7692826905559547,Java_low_Java_medium_results.csv
124,70,vehicle,low,medium,0.8362838717905492,Java_low_Java_medium_results.csv
124,51,vehicle,low,medium,0.8080405103781354,Java_low_Java_medium_results.csv
124,88,vehicle,low,medium,0.8225873294821671,Java_low_Java_medium_results.csv
124,75,vehicle,low,medium,0.8531486357090281,Java_low_Java_medium_results.csv
124,73,vehicle,low,medium,0.833369535795931,Java_low_Java_medium_results.csv
124,57,vehicle,low,medium,0.7988973248975075,Java_low_Java_medium_results.csv
124,17,vehicle,low,medium,0.7952110590453004,Java_low_Java_medium_results.csv
124,84,vehicle,low,medium,0.7944169347549894,Java_low_Java_medium_results.csv
124,72,vehicle,low,medium,0.7994287759713966,Java_low_Java_medium_results.csv
124,83,vehicle,low,medium,0.8277182924959959,Java_low_Java_medium_results.csv
124,91,vehicle,low,medium,0.8178906596348471,Java_low_Java_medium_results.csv
124,25,vehicle,low,medium,0.7724349569644117,Java_low_Java_medium_results.csv
124,105,vehicle,low,medium,0.8054292875493838,Java_low_Java_medium_results.csv
124,97,vehicle,low,medium,0.7947308198928833,Java_low_Java_medium_results.csv
124,108,vehicle,low,medium,0.8455997148985931,Java_low_Java_medium_results.csv
124,117,vehicle,low,medium,0.8071541143540834,Java_low_Java_medium_results.csv
124,142,vehicle,low,medium,0.7853176759598142,Java_low_Java_medium_results.csv
124,145,vehicle,low,medium,0.7631313358812737,Java_low_Java_medium_results.csv
124,133,vehicle,low,medium,0.7708247224375022,Java_low_Java_medium_results.csv
124,135,vehicle,low,medium,0.80286075957381,Java_low_Java_medium_results.csv
124,147,vehicle,low,medium,0.8059768484686386,Java_low_Java_medium_results.csv
124,155,vehicle,low,medium,0.7444111420827101,Java_low_Java_medium_results.csv
124,32,vehicle,low,medium,0.7997303819137748,Java_low_Java_medium_results.csv
124,20,vehicle,low,medium,0.7814231570889142,Java_low_Java_medium_results.csv
124,143,vehicle,low,medium,0.8112128299855564,Java_low_Java_medium_results.csv
124,169,vehicle,low,medium,0.7977596897787403,Java_low_Java_medium_results.csv
124,158,vehicle,low,medium,0.8218205471175565,Java_low_Java_medium_results.csv
124,190,vehicle,low,medium,0.7583505292537157,Java_low_Java_medium_results.csv
124,168,vehicle,low,medium,0.8256123713093885,Java_low_Java_medium_results.csv
124,33,vehicle,low,medium,0.8070387149707485,Java_low_Java_medium_results.csv
124,203,vehicle,low,medium,0.8963009624215261,Java_low_Java_medium_results.csv
124,166,vehicle,low,medium,0.7816437296609929,Java_low_Java_medium_results.csv
124,18,vehicle,low,medium,0.8256906937844234,Java_low_Java_medium_results.csv
124,171,vehicle,low,medium,0.8517100371581965,Java_low_Java_medium_results.csv
124,206,vehicle,low,medium,0.826902869163932,Java_low_Java_medium_results.csv
124,115,vehicle,low,medium,0.8472192569188021,Java_low_Java_medium_results.csv
126,6,vehicle,low,medium,0.8461947768043718,Java_low_Java_medium_results.csv
124,215,vehicle,low,medium,0.7766156563570777,Java_low_Java_medium_results.csv
124,207,vehicle,low,medium,0.7991998512134594,Java_low_Java_medium_results.csv
124,202,vehicle,low,medium,0.8692869120599634,Java_low_Java_medium_results.csv
124,16,vehicle,low,medium,0.7941993060761164,Java_low_Java_medium_results.csv
124,81,vehicle,low,medium,0.8169562348799484,Java_low_Java_medium_results.csv
126,16,vehicle,low,medium,0.7801356987852708,Java_low_Java_medium_results.csv
126,19,vehicle,low,medium,0.8529775557139163,Java_low_Java_medium_results.csv
124,214,vehicle,low,medium,0.8141119110096702,Java_low_Java_medium_results.csv
124,210,vehicle,low,medium,0.7939393717815952,Java_low_Java_medium_results.csv
126,24,vehicle,low,medium,0.8068003258549407,Java_low_Java_medium_results.csv
124,192,vehicle,low,medium,0.8469420070028236,Java_low_Java_medium_results.csv
124,197,vehicle,low,medium,0.8586844925388958,Java_low_Java_medium_results.csv
126,20,vehicle,low,medium,0.7911552184956879,Java_low_Java_medium_results.csv
124,55,vehicle,low,medium,0.883756913124638,Java_low_Java_medium_results.csv
126,42,vehicle,low,medium,0.8379157620331112,Java_low_Java_medium_results.csv
124,191,vehicle,low,medium,0.811107992822464,Java_low_Java_medium_results.csv
126,18,vehicle,low,medium,0.837975098930573,Java_low_Java_medium_results.csv
126,40,vehicle,low,medium,0.8181402341355473,Java_low_Java_medium_results.csv
126,57,vehicle,low,medium,0.8312686469830655,Java_low_Java_medium_results.csv
126,51,vehicle,low,medium,0.8323053045128448,Java_low_Java_medium_results.csv
126,62,vehicle,low,medium,0.863894189708681,Java_low_Java_medium_results.csv
126,58,vehicle,low,medium,0.833285215664406,Java_low_Java_medium_results.csv
126,66,vehicle,low,medium,0.897287097051485,Java_low_Java_medium_results.csv
126,70,vehicle,low,medium,0.8225798456241006,Java_low_Java_medium_results.csv
126,61,vehicle,low,medium,0.778628445362089,Java_low_Java_medium_results.csv
126,53,vehicle,low,medium,0.8642927080795308,Java_low_Java_medium_results.csv
126,73,vehicle,low,medium,0.8161463923722801,Java_low_Java_medium_results.csv
126,72,vehicle,low,medium,0.8055646019235562,Java_low_Java_medium_results.csv
126,81,vehicle,low,medium,0.838829000858258,Java_low_Java_medium_results.csv
124,89,vehicle,low,medium,0.835625787948001,Java_low_Java_medium_results.csv
126,83,vehicle,low,medium,0.808195982195636,Java_low_Java_medium_results.csv
126,75,vehicle,low,medium,0.8381893496063757,Java_low_Java_medium_results.csv
126,33,vehicle,low,medium,0.7893428293610278,Java_low_Java_medium_results.csv
126,84,vehicle,low,medium,0.7945063739351943,Java_low_Java_medium_results.csv
126,54,vehicle,low,medium,0.8303462765293782,Java_low_Java_medium_results.csv
126,108,vehicle,low,medium,0.8742657663137631,Java_low_Java_medium_results.csv
126,4,vehicle,low,medium,0.8250281376922872,Java_low_Java_medium_results.csv
126,88,vehicle,low,medium,0.8457814382882679,Java_low_Java_medium_results.csv
126,97,vehicle,low,medium,0.7831494013721702,Java_low_Java_medium_results.csv
126,17,vehicle,low,medium,0.7967072678861097,Java_low_Java_medium_results.csv
126,91,vehicle,low,medium,0.7830017781981701,Java_low_Java_medium_results.csv
126,142,vehicle,low,medium,0.7831099090706878,Java_low_Java_medium_results.csv
126,115,vehicle,low,medium,0.8176216342191218,Java_low_Java_medium_results.csv
126,89,vehicle,low,medium,0.8086212026460547,Java_low_Java_medium_results.csv
126,135,vehicle,low,medium,0.7884704837384189,Java_low_Java_medium_results.csv
126,32,vehicle,low,medium,0.7770889103867754,Java_low_Java_medium_results.csv
126,145,vehicle,low,medium,0.7891574889374503,Java_low_Java_medium_results.csv
126,155,vehicle,low,medium,0.7773766912931382,Java_low_Java_medium_results.csv
126,117,vehicle,low,medium,0.7845688055049882,Java_low_Java_medium_results.csv
126,190,vehicle,low,medium,0.8058814729129652,Java_low_Java_medium_results.csv
126,169,vehicle,low,medium,0.8109200676007824,Java_low_Java_medium_results.csv
126,25,vehicle,low,medium,0.784911399789878,Java_low_Java_medium_results.csv
126,166,vehicle,low,medium,0.8306649423932894,Java_low_Java_medium_results.csv
126,191,vehicle,low,medium,0.8011667457386936,Java_low_Java_medium_results.csv
126,168,vehicle,low,medium,0.8189678270327885,Java_low_Java_medium_results.csv
126,147,vehicle,low,medium,0.8278046499777557,Java_low_Java_medium_results.csv
126,192,vehicle,low,medium,0.8591284310762662,Java_low_Java_medium_results.csv
126,203,vehicle,low,medium,0.9052211475848396,Java_low_Java_medium_results.csv
126,171,vehicle,low,medium,0.8147908120094127,Java_low_Java_medium_results.csv
126,55,vehicle,low,medium,0.8595318944114109,Java_low_Java_medium_results.csv
126,210,vehicle,low,medium,0.8046419479759693,Java_low_Java_medium_results.csv
126,206,vehicle,low,medium,0.8108291879601653,Java_low_Java_medium_results.csv
126,143,vehicle,low,medium,0.807868441851842,Java_low_Java_medium_results.csv
126,105,vehicle,low,medium,0.8269005853320499,Java_low_Java_medium_results.csv
126,207,vehicle,low,medium,0.8059929111782328,Java_low_Java_medium_results.csv
128,6,vehicle,low,medium,0.8532427364581626,Java_low_Java_medium_results.csv
124,151,vehicle,low,medium,0.8404630712162366,Java_low_Java_medium_results.csv
126,158,vehicle,low,medium,0.7962528424039689,Java_low_Java_medium_results.csv
126,50,vehicle,low,medium,0.8165953541044607,Java_low_Java_medium_results.csv
128,4,vehicle,low,medium,0.7562346356279972,Java_low_Java_medium_results.csv
128,42,vehicle,low,medium,0.8826021681224733,Java_low_Java_medium_results.csv
126,214,vehicle,low,medium,0.8149614548920923,Java_low_Java_medium_results.csv
128,17,vehicle,low,medium,0.760660422731872,Java_low_Java_medium_results.csv
126,197,vehicle,low,medium,0.8532993108560343,Java_low_Java_medium_results.csv
128,24,vehicle,low,medium,0.8161465992104866,Java_low_Java_medium_results.csv
128,51,vehicle,low,medium,0.8330194069802416,Java_low_Java_medium_results.csv
126,133,vehicle,low,medium,0.8048544312156833,Java_low_Java_medium_results.csv
101,202,vehicle,low,medium,0.7779011697838287,Java_low_Java_medium_results.csv
128,16,vehicle,low,medium,0.7513456060752495,Java_low_Java_medium_results.csv
128,53,vehicle,low,medium,0.876696631539067,Java_low_Java_medium_results.csv
128,57,vehicle,low,medium,0.8274223632069678,Java_low_Java_medium_results.csv
128,66,vehicle,low,medium,0.9290437382917835,Java_low_Java_medium_results.csv
126,202,vehicle,low,medium,0.8533500014784708,Java_low_Java_medium_results.csv
128,62,vehicle,low,medium,0.9106506516205538,Java_low_Java_medium_results.csv
128,25,vehicle,low,medium,0.8246493920836385,Java_low_Java_medium_results.csv
128,61,vehicle,low,medium,0.7982409647683562,Java_low_Java_medium_results.csv
128,70,vehicle,low,medium,0.8723172123072583,Java_low_Java_medium_results.csv
128,55,vehicle,low,medium,0.7599802368630268,Java_low_Java_medium_results.csv
128,88,vehicle,low,medium,0.8861601645859253,Java_low_Java_medium_results.csv
128,19,vehicle,low,medium,0.8788149881546793,Java_low_Java_medium_results.csv
126,215,vehicle,low,medium,0.7930448739563847,Java_low_Java_medium_results.csv
128,33,vehicle,low,medium,0.8328622317673212,Java_low_Java_medium_results.csv
128,72,vehicle,low,medium,0.8065875888694238,Java_low_Java_medium_results.csv
128,73,vehicle,low,medium,0.8163421952429214,Java_low_Java_medium_results.csv
128,83,vehicle,low,medium,0.8030800565395949,Java_low_Java_medium_results.csv
128,75,vehicle,low,medium,0.7972663619992871,Java_low_Java_medium_results.csv
128,84,vehicle,low,medium,0.7835073918678892,Java_low_Java_medium_results.csv
128,108,vehicle,low,medium,0.9003346684140104,Java_low_Java_medium_results.csv
126,151,vehicle,low,medium,0.8093587372859129,Java_low_Java_medium_results.csv
128,18,vehicle,low,medium,0.7939770751310977,Java_low_Java_medium_results.csv
128,54,vehicle,low,medium,0.8380695095921813,Java_low_Java_medium_results.csv
128,40,vehicle,low,medium,0.810626825018318,Java_low_Java_medium_results.csv
128,135,vehicle,low,medium,0.825808906436062,Java_low_Java_medium_results.csv
128,133,vehicle,low,medium,0.8303976613252331,Java_low_Java_medium_results.csv
128,58,vehicle,low,medium,0.8307029382640746,Java_low_Java_medium_results.csv
128,142,vehicle,low,medium,0.8073421458903562,Java_low_Java_medium_results.csv
128,89,vehicle,low,medium,0.7667373435749208,Java_low_Java_medium_results.csv
128,20,vehicle,low,medium,0.8095701242611724,Java_low_Java_medium_results.csv
128,115,vehicle,low,medium,0.8043176290008445,Java_low_Java_medium_results.csv
128,155,vehicle,low,medium,0.8484731567688063,Java_low_Java_medium_results.csv
128,32,vehicle,low,medium,0.7875273900719331,Java_low_Java_medium_results.csv
128,145,vehicle,low,medium,0.8403759868314921,Java_low_Java_medium_results.csv
128,190,vehicle,low,medium,0.8270888662972674,Java_low_Java_medium_results.csv
128,169,vehicle,low,medium,0.8472066384238166,Java_low_Java_medium_results.csv
128,168,vehicle,low,medium,0.8117240230946602,Java_low_Java_medium_results.csv
128,105,vehicle,low,medium,0.8595394803034216,Java_low_Java_medium_results.csv
128,143,vehicle,low,medium,0.8161093644767587,Java_low_Java_medium_results.csv
128,203,vehicle,low,medium,0.934700279271002,Java_low_Java_medium_results.csv
128,191,vehicle,low,medium,0.7686948423219134,Java_low_Java_medium_results.csv
128,158,vehicle,low,medium,0.7581473196211758,Java_low_Java_medium_results.csv
128,197,vehicle,low,medium,0.8188355766538781,Java_low_Java_medium_results.csv
128,117,vehicle,low,medium,0.7944474022475598,Java_low_Java_medium_results.csv
128,91,vehicle,low,medium,0.7831975355475377,Java_low_Java_medium_results.csv
128,206,vehicle,low,medium,0.8003545211442098,Java_low_Java_medium_results.csv
132,4,vehicle,low,medium,0.773184444539534,Java_low_Java_medium_results.csv
132,6,vehicle,low,medium,0.8335648026587428,Java_low_Java_medium_results.csv
128,81,vehicle,low,medium,0.8553398647043033,Java_low_Java_medium_results.csv
132,19,vehicle,low,medium,0.8613979721851784,Java_low_Java_medium_results.csv
128,215,vehicle,low,medium,0.8312788387923042,Java_low_Java_medium_results.csv
132,20,vehicle,low,medium,0.8337466584314246,Java_low_Java_medium_results.csv
128,50,vehicle,low,medium,0.8381451327939266,Java_low_Java_medium_results.csv
128,210,vehicle,low,medium,0.852810633637053,Java_low_Java_medium_results.csv
132,18,vehicle,low,medium,0.8285247553610668,Java_low_Java_medium_results.csv
132,42,vehicle,low,medium,0.829159991799425,Java_low_Java_medium_results.csv
132,51,vehicle,low,medium,0.8229515969424959,Java_low_Java_medium_results.csv
132,32,vehicle,low,medium,0.8155581617424965,Java_low_Java_medium_results.csv
132,33,vehicle,low,medium,0.8233697243325434,Java_low_Java_medium_results.csv
132,53,vehicle,low,medium,0.835120410021727,Java_low_Java_medium_results.csv
128,166,vehicle,low,medium,0.873757889032401,Java_low_Java_medium_results.csv
128,147,vehicle,low,medium,0.8461272032117436,Java_low_Java_medium_results.csv
132,54,vehicle,low,medium,0.8435143509162589,Java_low_Java_medium_results.csv
128,202,vehicle,low,medium,0.7791924551841928,Java_low_Java_medium_results.csv
132,66,vehicle,low,medium,0.8848647307982059,Java_low_Java_medium_results.csv
132,62,vehicle,low,medium,0.8619078352343396,Java_low_Java_medium_results.csv
132,50,vehicle,low,medium,0.8175752077166032,Java_low_Java_medium_results.csv
132,57,vehicle,low,medium,0.8222792557470439,Java_low_Java_medium_results.csv
132,58,vehicle,low,medium,0.830728269217416,Java_low_Java_medium_results.csv
132,24,vehicle,low,medium,0.7913705263619821,Java_low_Java_medium_results.csv
128,192,vehicle,low,medium,0.8393649495747444,Java_low_Java_medium_results.csv
132,70,vehicle,low,medium,0.8288593301202006,Java_low_Java_medium_results.csv
132,17,vehicle,low,medium,0.8194119739360254,Java_low_Java_medium_results.csv
132,25,vehicle,low,medium,0.8273179012086691,Java_low_Java_medium_results.csv
132,55,vehicle,low,medium,0.8515473149170528,Java_low_Java_medium_results.csv
132,72,vehicle,low,medium,0.7894036751237978,Java_low_Java_medium_results.csv
132,88,vehicle,low,medium,0.8471565982763575,Java_low_Java_medium_results.csv
128,97,vehicle,low,medium,0.7576270272981429,Java_low_Java_medium_results.csv
132,81,vehicle,low,medium,0.8478786220629806,Java_low_Java_medium_results.csv
132,75,vehicle,low,medium,0.8170285904087181,Java_low_Java_medium_results.csv
132,73,vehicle,low,medium,0.8216668961277226,Java_low_Java_medium_results.csv
132,108,vehicle,low,medium,0.8398083999960265,Java_low_Java_medium_results.csv
132,105,vehicle,low,medium,0.8168760069240684,Java_low_Java_medium_results.csv
132,40,vehicle,low,medium,0.8568017764298298,Java_low_Java_medium_results.csv
132,117,vehicle,low,medium,0.8256166745817496,Java_low_Java_medium_results.csv
132,97,vehicle,low,medium,0.80567631608215,Java_low_Java_medium_results.csv
132,143,vehicle,low,medium,0.8319042944947282,Java_low_Java_medium_results.csv
132,142,vehicle,low,medium,0.826895554820785,Java_low_Java_medium_results.csv
132,133,vehicle,low,medium,0.8057246066903938,Java_low_Java_medium_results.csv
132,135,vehicle,low,medium,0.799299563116876,Java_low_Java_medium_results.csv
132,147,vehicle,low,medium,0.7910020266291115,Java_low_Java_medium_results.csv
132,155,vehicle,low,medium,0.8222056274426209,Java_low_Java_medium_results.csv
132,91,vehicle,low,medium,0.8432418803667322,Java_low_Java_medium_results.csv
132,158,vehicle,low,medium,0.8024293450778653,Java_low_Java_medium_results.csv
132,169,vehicle,low,medium,0.8329954821140014,Java_low_Java_medium_results.csv
132,168,vehicle,low,medium,0.7959976474163656,Java_low_Java_medium_results.csv
132,166,vehicle,low,medium,0.8498494787381755,Java_low_Java_medium_results.csv
128,171,vehicle,low,medium,0.7900860742506302,Java_low_Java_medium_results.csv
132,83,vehicle,low,medium,0.7911196006920239,Java_low_Java_medium_results.csv
132,16,vehicle,low,medium,0.8190768312112592,Java_low_Java_medium_results.csv
132,61,vehicle,low,medium,0.7928042181167752,Java_low_Java_medium_results.csv
132,192,vehicle,low,medium,0.827228834982774,Java_low_Java_medium_results.csv
132,171,vehicle,low,medium,0.8327129690556461,Java_low_Java_medium_results.csv
132,190,vehicle,low,medium,0.8199406449621434,Java_low_Java_medium_results.csv
132,151,vehicle,low,medium,0.8514732498276136,Java_low_Java_medium_results.csv
132,191,vehicle,low,medium,0.7938887232609741,Java_low_Java_medium_results.csv
132,197,vehicle,low,medium,0.8460133288265695,Java_low_Java_medium_results.csv
132,89,vehicle,low,medium,0.7976392539933765,Java_low_Java_medium_results.csv
132,215,vehicle,low,medium,0.8160884899025639,Java_low_Java_medium_results.csv
132,203,vehicle,low,medium,0.8947133308710989,Java_low_Java_medium_results.csv
139,4,vehicle,low,medium,0.7657918608202634,Java_low_Java_medium_results.csv
139,6,vehicle,low,medium,0.7850122740053945,Java_low_Java_medium_results.csv
139,19,vehicle,low,medium,0.8385824317097805,Java_low_Java_medium_results.csv
132,84,vehicle,low,medium,0.7912005577944525,Java_low_Java_medium_results.csv
139,24,vehicle,low,medium,0.7748786657350533,Java_low_Java_medium_results.csv
139,16,vehicle,low,medium,0.7903908924697243,Java_low_Java_medium_results.csv
139,32,vehicle,low,medium,0.7286365400636995,Java_low_Java_medium_results.csv
139,40,vehicle,low,medium,0.8209898094646151,Java_low_Java_medium_results.csv
139,42,vehicle,low,medium,0.8090839197397405,Java_low_Java_medium_results.csv
139,25,vehicle,low,medium,0.7890896420177821,Java_low_Java_medium_results.csv
139,51,vehicle,low,medium,0.7261272692821812,Java_low_Java_medium_results.csv
132,202,vehicle,low,medium,0.8381605141400664,Java_low_Java_medium_results.csv
139,53,vehicle,low,medium,0.8006302103050482,Java_low_Java_medium_results.csv
139,54,vehicle,low,medium,0.7540036543257628,Java_low_Java_medium_results.csv
139,50,vehicle,low,medium,0.8281245827596463,Java_low_Java_medium_results.csv
139,55,vehicle,low,medium,0.8287865921764831,Java_low_Java_medium_results.csv
139,57,vehicle,low,medium,0.8259224796480785,Java_low_Java_medium_results.csv
139,17,vehicle,low,medium,0.7940674440204993,Java_low_Java_medium_results.csv
139,58,vehicle,low,medium,0.7623337202670466,Java_low_Java_medium_results.csv
132,214,vehicle,low,medium,0.8312625057615971,Java_low_Java_medium_results.csv
139,61,vehicle,low,medium,0.7251640246291634,Java_low_Java_medium_results.csv
139,18,vehicle,low,medium,0.829005018028095,Java_low_Java_medium_results.csv
139,66,vehicle,low,medium,0.8197879373304157,Java_low_Java_medium_results.csv
139,70,vehicle,low,medium,0.7672642751801607,Java_low_Java_medium_results.csv
139,62,vehicle,low,medium,0.828344232658932,Java_low_Java_medium_results.csv
128,214,vehicle,low,medium,0.8189019910791078,Java_low_Java_medium_results.csv
139,88,vehicle,low,medium,0.8200659502693527,Java_low_Java_medium_results.csv
139,75,vehicle,low,medium,0.8066854986954954,Java_low_Java_medium_results.csv
132,210,vehicle,low,medium,0.8157886014421266,Java_low_Java_medium_results.csv
132,145,vehicle,low,medium,0.7923045193936521,Java_low_Java_medium_results.csv
128,207,vehicle,low,medium,0.771700952992433,Java_low_Java_medium_results.csv
132,115,vehicle,low,medium,0.8128572727700218,Java_low_Java_medium_results.csv
139,73,vehicle,low,medium,0.8072535763853536,Java_low_Java_medium_results.csv
139,81,vehicle,low,medium,0.8276768951358411,Java_low_Java_medium_results.csv
139,105,vehicle,low,medium,0.7895322768250075,Java_low_Java_medium_results.csv
139,89,vehicle,low,medium,0.82241279437702,Java_low_Java_medium_results.csv
139,84,vehicle,low,medium,0.7452224318775992,Java_low_Java_medium_results.csv
139,20,vehicle,low,medium,0.7841623051864387,Java_low_Java_medium_results.csv
139,97,vehicle,low,medium,0.7847298883297629,Java_low_Java_medium_results.csv
139,33,vehicle,low,medium,0.8041827898843534,Java_low_Java_medium_results.csv
139,142,vehicle,low,medium,0.775002122074784,Java_low_Java_medium_results.csv
139,145,vehicle,low,medium,0.7855964114342673,Java_low_Java_medium_results.csv
139,133,vehicle,low,medium,0.7649761460907316,Java_low_Java_medium_results.csv
139,155,vehicle,low,medium,0.8009559841817651,Java_low_Java_medium_results.csv
139,135,vehicle,low,medium,0.8025589614079011,Java_low_Java_medium_results.csv
139,72,vehicle,low,medium,0.7893840799275595,Java_low_Java_medium_results.csv
139,108,vehicle,low,medium,0.8143013176721765,Java_low_Java_medium_results.csv
132,207,vehicle,low,medium,0.8126008171644794,Java_low_Java_medium_results.csv
139,83,vehicle,low,medium,0.7933666958211536,Java_low_Java_medium_results.csv
139,190,vehicle,low,medium,0.7090645623843816,Java_low_Java_medium_results.csv
139,169,vehicle,low,medium,0.7808971760034388,Java_low_Java_medium_results.csv
139,147,vehicle,low,medium,0.7321340150728278,Java_low_Java_medium_results.csv
139,171,vehicle,low,medium,0.8238275400175329,Java_low_Java_medium_results.csv
139,168,vehicle,low,medium,0.7817617188905361,Java_low_Java_medium_results.csv
139,203,vehicle,low,medium,0.8681131204372957,Java_low_Java_medium_results.csv
139,166,vehicle,low,medium,0.8814544112960198,Java_low_Java_medium_results.csv
139,143,vehicle,low,medium,0.7143433546021154,Java_low_Java_medium_results.csv
139,210,vehicle,low,medium,0.7262406568444592,Java_low_Java_medium_results.csv
139,91,vehicle,low,medium,0.7335202096589614,Java_low_Java_medium_results.csv
139,206,vehicle,low,medium,0.7776949226539135,Java_low_Java_medium_results.csv
132,206,vehicle,low,medium,0.7608592938711278,Java_low_Java_medium_results.csv
139,215,vehicle,low,medium,0.8264237100058067,Java_low_Java_medium_results.csv
139,191,vehicle,low,medium,0.724212024795457,Java_low_Java_medium_results.csv
139,197,vehicle,low,medium,0.7939733142511112,Java_low_Java_medium_results.csv
139,202,vehicle,low,medium,0.855958964877298,Java_low_Java_medium_results.csv
139,117,vehicle,low,medium,0.7527648767979996,Java_low_Java_medium_results.csv
139,192,vehicle,low,medium,0.7689945534489676,Java_low_Java_medium_results.csv
140,4,vehicle,low,medium,0.7903167482799588,Java_low_Java_medium_results.csv
139,214,vehicle,low,medium,0.8373562524411721,Java_low_Java_medium_results.csv
140,17,vehicle,low,medium,0.7520983732138393,Java_low_Java_medium_results.csv
139,115,vehicle,low,medium,0.7958769502566849,Java_low_Java_medium_results.csv
140,42,vehicle,low,medium,0.8051009440980195,Java_low_Java_medium_results.csv
139,207,vehicle,low,medium,0.7827297855416984,Java_low_Java_medium_results.csv
140,20,vehicle,low,medium,0.7601992081841742,Java_low_Java_medium_results.csv
140,51,vehicle,low,medium,0.7610552236658595,Java_low_Java_medium_results.csv
140,32,vehicle,low,medium,0.7739477360911728,Java_low_Java_medium_results.csv
140,16,vehicle,low,medium,0.7649471662338909,Java_low_Java_medium_results.csv
140,54,vehicle,low,medium,0.788106457735188,Java_low_Java_medium_results.csv
139,158,vehicle,low,medium,0.7675822946802512,Java_low_Java_medium_results.csv
140,62,vehicle,low,medium,0.8217526060152481,Java_low_Java_medium_results.csv
140,57,vehicle,low,medium,0.8054901195257542,Java_low_Java_medium_results.csv
140,58,vehicle,low,medium,0.7802166952715903,Java_low_Java_medium_results.csv
140,50,vehicle,low,medium,0.8183627174521153,Java_low_Java_medium_results.csv
140,66,vehicle,low,medium,0.856259889769324,Java_low_Java_medium_results.csv
140,61,vehicle,low,medium,0.7650874583028021,Java_low_Java_medium_results.csv
140,24,vehicle,low,medium,0.8109106090491173,Java_low_Java_medium_results.csv
140,19,vehicle,low,medium,0.8413218653787663,Java_low_Java_medium_results.csv
140,72,vehicle,low,medium,0.7990286923201333,Java_low_Java_medium_results.csv
140,81,vehicle,low,medium,0.8063972174557524,Java_low_Java_medium_results.csv
140,75,vehicle,low,medium,0.838540231173792,Java_low_Java_medium_results.csv
140,73,vehicle,low,medium,0.8195485667262746,Java_low_Java_medium_results.csv
140,25,vehicle,low,medium,0.7722191150174209,Java_low_Java_medium_results.csv
140,83,vehicle,low,medium,0.8166707097190327,Java_low_Java_medium_results.csv
140,84,vehicle,low,medium,0.7428074398308955,Java_low_Java_medium_results.csv
140,108,vehicle,low,medium,0.8465713753109984,Java_low_Java_medium_results.csv
140,88,vehicle,low,medium,0.8179220511903843,Java_low_Java_medium_results.csv
140,53,vehicle,low,medium,0.8297541418912635,Java_low_Java_medium_results.csv
140,105,vehicle,low,medium,0.768577479308156,Java_low_Java_medium_results.csv
140,91,vehicle,low,medium,0.7692862048069241,Java_low_Java_medium_results.csv
140,6,vehicle,low,medium,0.8175110479756087,Java_low_Java_medium_results.csv
140,40,vehicle,low,medium,0.7875169815469063,Java_low_Java_medium_results.csv
140,117,vehicle,low,medium,0.7902228460673175,Java_low_Java_medium_results.csv
140,97,vehicle,low,medium,0.7627914037296725,Java_low_Java_medium_results.csv
140,70,vehicle,low,medium,0.8001486380214353,Java_low_Java_medium_results.csv
140,133,vehicle,low,medium,0.7523338064001178,Java_low_Java_medium_results.csv
128,151,vehicle,low,medium,0.7926189452777823,Java_low_Java_medium_results.csv
140,147,vehicle,low,medium,0.7480669147205024,Java_low_Java_medium_results.csv
140,55,vehicle,low,medium,0.8498452454443651,Java_low_Java_medium_results.csv
140,135,vehicle,low,medium,0.7827831633113664,Java_low_Java_medium_results.csv
139,151,vehicle,low,medium,0.8734760418721712,Java_low_Java_medium_results.csv
140,145,vehicle,low,medium,0.7450029752925852,Java_low_Java_medium_results.csv
140,190,vehicle,low,medium,0.7306370610640437,Java_low_Java_medium_results.csv
140,203,vehicle,low,medium,0.8610513231079894,Java_low_Java_medium_results.csv
140,169,vehicle,low,medium,0.8079258945892895,Java_low_Java_medium_results.csv
140,158,vehicle,low,medium,0.8007949643500013,Java_low_Java_medium_results.csv
140,166,vehicle,low,medium,0.8190082574570431,Java_low_Java_medium_results.csv
140,192,vehicle,low,medium,0.8055683179577947,Java_low_Java_medium_results.csv
140,33,vehicle,low,medium,0.8159983076481774,Java_low_Java_medium_results.csv
140,115,vehicle,low,medium,0.7981260380257817,Java_low_Java_medium_results.csv
140,210,vehicle,low,medium,0.7610400205733039,Java_low_Java_medium_results.csv
140,18,vehicle,low,medium,0.7864162695483364,Java_low_Java_medium_results.csv
140,206,vehicle,low,medium,0.7772322935967552,Java_low_Java_medium_results.csv
140,207,vehicle,low,medium,0.7743506470265605,Java_low_Java_medium_results.csv
140,215,vehicle,low,medium,0.7847806109605392,Java_low_Java_medium_results.csv
140,142,vehicle,low,medium,0.7382287949598973,Java_low_Java_medium_results.csv
140,143,vehicle,low,medium,0.7648075970916398,Java_low_Java_medium_results.csv
140,191,vehicle,low,medium,0.7367477319725354,Java_low_Java_medium_results.csv
140,202,vehicle,low,medium,0.8608026267045966,Java_low_Java_medium_results.csv
140,168,vehicle,low,medium,0.7892028913652944,Java_low_Java_medium_results.csv
164,19,vehicle,low,medium,0.8517388199933575,Java_low_Java_medium_results.csv
164,6,vehicle,low,medium,0.8556136876062219,Java_low_Java_medium_results.csv
164,24,vehicle,low,medium,0.7946912015242172,Java_low_Java_medium_results.csv
140,214,vehicle,low,medium,0.845322061247315,Java_low_Java_medium_results.csv
164,42,vehicle,low,medium,0.8416577987057061,Java_low_Java_medium_results.csv
164,51,vehicle,low,medium,0.8111796175156929,Java_low_Java_medium_results.csv
164,40,vehicle,low,medium,0.8178090536500072,Java_low_Java_medium_results.csv
164,53,vehicle,low,medium,0.8075603500853448,Java_low_Java_medium_results.csv
164,33,vehicle,low,medium,0.8053059791913392,Java_low_Java_medium_results.csv
164,54,vehicle,low,medium,0.8310269388646039,Java_low_Java_medium_results.csv
164,50,vehicle,low,medium,0.815453986240186,Java_low_Java_medium_results.csv
140,155,vehicle,low,medium,0.7481114064258946,Java_low_Java_medium_results.csv
164,66,vehicle,low,medium,0.8378340389711242,Java_low_Java_medium_results.csv
164,62,vehicle,low,medium,0.8235376731583636,Java_low_Java_medium_results.csv
164,20,vehicle,low,medium,0.7842907718767189,Java_low_Java_medium_results.csv
164,32,vehicle,low,medium,0.7944766672660748,Java_low_Java_medium_results.csv
164,58,vehicle,low,medium,0.8242210135352249,Java_low_Java_medium_results.csv
164,61,vehicle,low,medium,0.7903795557567608,Java_low_Java_medium_results.csv
164,55,vehicle,low,medium,0.8836126767021135,Java_low_Java_medium_results.csv
164,75,vehicle,low,medium,0.8675192131997156,Java_low_Java_medium_results.csv
164,88,vehicle,low,medium,0.7971696935649669,Java_low_Java_medium_results.csv
164,16,vehicle,low,medium,0.7917911051981759,Java_low_Java_medium_results.csv
164,72,vehicle,low,medium,0.8198584298267421,Java_low_Java_medium_results.csv
164,73,vehicle,low,medium,0.8280876002601255,Java_low_Java_medium_results.csv
140,197,vehicle,low,medium,0.8183910475745944,Java_low_Java_medium_results.csv
164,84,vehicle,low,medium,0.7852542233515236,Java_low_Java_medium_results.csv
164,83,vehicle,low,medium,0.8111315700669554,Java_low_Java_medium_results.csv
140,171,vehicle,low,medium,0.8174011839586581,Java_low_Java_medium_results.csv
164,108,vehicle,low,medium,0.8388564302793501,Java_low_Java_medium_results.csv
164,105,vehicle,low,medium,0.768091508281353,Java_low_Java_medium_results.csv
164,91,vehicle,low,medium,0.8056563120459639,Java_low_Java_medium_results.csv
164,117,vehicle,low,medium,0.7907740219420418,Java_low_Java_medium_results.csv
164,89,vehicle,low,medium,0.8403298191185242,Java_low_Java_medium_results.csv
140,89,vehicle,low,medium,0.8222858382621944,Java_low_Java_medium_results.csv
164,143,vehicle,low,medium,0.7845007319820431,Java_low_Java_medium_results.csv
164,70,vehicle,low,medium,0.8025528494415156,Java_low_Java_medium_results.csv
164,115,vehicle,low,medium,0.8247537428005444,Java_low_Java_medium_results.csv
164,4,vehicle,low,medium,0.8386003808840538,Java_low_Java_medium_results.csv
164,81,vehicle,low,medium,0.8086082756443108,Java_low_Java_medium_results.csv
164,135,vehicle,low,medium,0.8293594899263521,Java_low_Java_medium_results.csv
164,145,vehicle,low,medium,0.7764132136749805,Java_low_Java_medium_results.csv
164,57,vehicle,low,medium,0.7810829468345344,Java_low_Java_medium_results.csv
164,147,vehicle,low,medium,0.7884146293834065,Java_low_Java_medium_results.csv
164,190,vehicle,low,medium,0.7822815700342063,Java_low_Java_medium_results.csv
164,158,vehicle,low,medium,0.8026299174671184,Java_low_Java_medium_results.csv
164,97,vehicle,low,medium,0.8076168046773029,Java_low_Java_medium_results.csv
164,203,vehicle,low,medium,0.8964557656798733,Java_low_Java_medium_results.csv
164,168,vehicle,low,medium,0.8286977219906432,Java_low_Java_medium_results.csv
164,25,vehicle,low,medium,0.7931121444203159,Java_low_Java_medium_results.csv
164,17,vehicle,low,medium,0.7868568699371875,Java_low_Java_medium_results.csv
164,142,vehicle,low,medium,0.7792725942409859,Java_low_Java_medium_results.csv
164,18,vehicle,low,medium,0.8281337710399995,Java_low_Java_medium_results.csv
164,197,vehicle,low,medium,0.8492906279768971,Java_low_Java_medium_results.csv
164,210,vehicle,low,medium,0.7511484880508146,Java_low_Java_medium_results.csv
164,155,vehicle,low,medium,0.7653508276820689,Java_low_Java_medium_results.csv
164,192,vehicle,low,medium,0.8652466201533371,Java_low_Java_medium_results.csv
164,207,vehicle,low,medium,0.8281183704778914,Java_low_Java_medium_results.csv
164,151,vehicle,low,medium,0.8555415849457781,Java_low_Java_medium_results.csv
164,171,vehicle,low,medium,0.8593751065610722,Java_low_Java_medium_results.csv
170,4,vehicle,low,medium,0.7479891575299616,Java_low_Java_medium_results.csv
164,169,vehicle,low,medium,0.8150406579165065,Java_low_Java_medium_results.csv
164,202,vehicle,low,medium,0.8956963803704464,Java_low_Java_medium_results.csv
164,191,vehicle,low,medium,0.804311468494225,Java_low_Java_medium_results.csv
170,17,vehicle,low,medium,0.763394202843885,Java_low_Java_medium_results.csv
164,214,vehicle,low,medium,0.8538739932457791,Java_low_Java_medium_results.csv
170,18,vehicle,low,medium,0.7915003885573075,Java_low_Java_medium_results.csv
164,133,vehicle,low,medium,0.7541091637316352,Java_low_Java_medium_results.csv
170,19,vehicle,low,medium,0.8573260083899833,Java_low_Java_medium_results.csv
170,24,vehicle,low,medium,0.7488673450918307,Java_low_Java_medium_results.csv
170,16,vehicle,low,medium,0.7364134659098589,Java_low_Java_medium_results.csv
170,20,vehicle,low,medium,0.7419559892822548,Java_low_Java_medium_results.csv
140,151,vehicle,low,medium,0.8487717789795548,Java_low_Java_medium_results.csv
170,32,vehicle,low,medium,0.7544708113376315,Java_low_Java_medium_results.csv
170,51,vehicle,low,medium,0.8256302873846556,Java_low_Java_medium_results.csv
170,40,vehicle,low,medium,0.823757054522921,Java_low_Java_medium_results.csv
170,53,vehicle,low,medium,0.834683695998073,Java_low_Java_medium_results.csv
170,66,vehicle,low,medium,0.8933530367165208,Java_low_Java_medium_results.csv
164,166,vehicle,low,medium,0.812116118874445,Java_low_Java_medium_results.csv
170,58,vehicle,low,medium,0.775240214656931,Java_low_Java_medium_results.csv
164,206,vehicle,low,medium,0.8088479274331435,Java_low_Java_medium_results.csv
170,70,vehicle,low,medium,0.840543309719488,Java_low_Java_medium_results.csv
164,215,vehicle,low,medium,0.7900652368334999,Java_low_Java_medium_results.csv
170,61,vehicle,low,medium,0.775090606791226,Java_low_Java_medium_results.csv
170,50,vehicle,low,medium,0.8265477758316743,Java_low_Java_medium_results.csv
170,25,vehicle,low,medium,0.7841721046248765,Java_low_Java_medium_results.csv
170,6,vehicle,low,medium,0.8399287710712,Java_low_Java_medium_results.csv
170,42,vehicle,low,medium,0.8591468560173846,Java_low_Java_medium_results.csv
170,62,vehicle,low,medium,0.8312851394666508,Java_low_Java_medium_results.csv
170,55,vehicle,low,medium,0.7839518009863717,Java_low_Java_medium_results.csv
170,88,vehicle,low,medium,0.8846510428292954,Java_low_Java_medium_results.csv
170,33,vehicle,low,medium,0.8180522506825645,Java_low_Java_medium_results.csv
170,75,vehicle,low,medium,0.8032516155582368,Java_low_Java_medium_results.csv
170,72,vehicle,low,medium,0.7962723179123957,Java_low_Java_medium_results.csv
170,73,vehicle,low,medium,0.8119591509633391,Java_low_Java_medium_results.csv
170,91,vehicle,low,medium,0.7559518460915976,Java_low_Java_medium_results.csv
170,83,vehicle,low,medium,0.7997185584622661,Java_low_Java_medium_results.csv
170,54,vehicle,low,medium,0.8183551658237478,Java_low_Java_medium_results.csv
170,143,vehicle,low,medium,0.775987557097065,Java_low_Java_medium_results.csv
170,84,vehicle,low,medium,0.7635786950621846,Java_low_Java_medium_results.csv
170,97,vehicle,low,medium,0.7317685856805215,Java_low_Java_medium_results.csv
170,108,vehicle,low,medium,0.872630454493528,Java_low_Java_medium_results.csv
170,57,vehicle,low,medium,0.8510940489518083,Java_low_Java_medium_results.csv
170,147,vehicle,low,medium,0.7962157517953641,Java_low_Java_medium_results.csv
170,105,vehicle,low,medium,0.8081150156825483,Java_low_Java_medium_results.csv
170,115,vehicle,low,medium,0.7642246421396749,Java_low_Java_medium_results.csv
170,133,vehicle,low,medium,0.778739657054339,Java_low_Java_medium_results.csv
170,155,vehicle,low,medium,0.805889981985479,Java_low_Java_medium_results.csv
170,145,vehicle,low,medium,0.7436993162788101,Java_low_Java_medium_results.csv
170,169,vehicle,low,medium,0.81554342648032,Java_low_Java_medium_results.csv
170,203,vehicle,low,medium,0.9209969526378214,Java_low_Java_medium_results.csv
170,192,vehicle,low,medium,0.8110440232767266,Java_low_Java_medium_results.csv
170,168,vehicle,low,medium,0.821590837709392,Java_low_Java_medium_results.csv
170,142,vehicle,low,medium,0.7674689668776683,Java_low_Java_medium_results.csv
170,166,vehicle,low,medium,0.8707623368043689,Java_low_Java_medium_results.csv
170,210,vehicle,low,medium,0.7911181709626762,Java_low_Java_medium_results.csv
170,190,vehicle,low,medium,0.788671083284478,Java_low_Java_medium_results.csv
170,206,vehicle,low,medium,0.7489954883805485,Java_low_Java_medium_results.csv
172,6,vehicle,low,medium,0.8588740089662517,Java_low_Java_medium_results.csv
172,19,vehicle,low,medium,0.7954571165545739,Java_low_Java_medium_results.csv
170,207,vehicle,low,medium,0.7665920331526527,Java_low_Java_medium_results.csv
170,215,vehicle,low,medium,0.815547641590281,Java_low_Java_medium_results.csv
170,151,vehicle,low,medium,0.8213019303924947,Java_low_Java_medium_results.csv
170,117,vehicle,low,medium,0.7612734795915053,Java_low_Java_medium_results.csv
170,81,vehicle,low,medium,0.8103023641676315,Java_low_Java_medium_results.csv
170,135,vehicle,low,medium,0.797489602670096,Java_low_Java_medium_results.csv
172,16,vehicle,low,medium,0.8065206505876504,Java_low_Java_medium_results.csv
172,18,vehicle,low,medium,0.825056297531339,Java_low_Java_medium_results.csv
170,197,vehicle,low,medium,0.7910372893522901,Java_low_Java_medium_results.csv
172,4,vehicle,low,medium,0.8140657671791718,Java_low_Java_medium_results.csv
172,51,vehicle,low,medium,0.8013707702707769,Java_low_Java_medium_results.csv
172,24,vehicle,low,medium,0.7961785091110325,Java_low_Java_medium_results.csv
170,202,vehicle,low,medium,0.8197208375118371,Java_low_Java_medium_results.csv
172,20,vehicle,low,medium,0.7894576458460757,Java_low_Java_medium_results.csv
170,171,vehicle,low,medium,0.766023157468923,Java_low_Java_medium_results.csv
172,32,vehicle,low,medium,0.802647658988196,Java_low_Java_medium_results.csv
172,40,vehicle,low,medium,0.7810091955139802,Java_low_Java_medium_results.csv
172,25,vehicle,low,medium,0.7885036827899956,Java_low_Java_medium_results.csv
172,66,vehicle,low,medium,0.8642851530179028,Java_low_Java_medium_results.csv
172,57,vehicle,low,medium,0.8115438657190869,Java_low_Java_medium_results.csv
170,214,vehicle,low,medium,0.8048030770700701,Java_low_Java_medium_results.csv
172,53,vehicle,low,medium,0.8122977647620813,Java_low_Java_medium_results.csv
172,70,vehicle,low,medium,0.8196689467168,Java_low_Java_medium_results.csv
172,58,vehicle,low,medium,0.7924758139267885,Java_low_Java_medium_results.csv
172,42,vehicle,low,medium,0.8263838255934705,Java_low_Java_medium_results.csv
172,62,vehicle,low,medium,0.8376102242826744,Java_low_Java_medium_results.csv
172,61,vehicle,low,medium,0.7973782978758052,Java_low_Java_medium_results.csv
172,55,vehicle,low,medium,0.8549769640735733,Java_low_Java_medium_results.csv
170,158,vehicle,low,medium,0.701265268602975,Java_low_Java_medium_results.csv
172,50,vehicle,low,medium,0.7779767502652007,Java_low_Java_medium_results.csv
172,88,vehicle,low,medium,0.8454942948442892,Java_low_Java_medium_results.csv
170,191,vehicle,low,medium,0.7519510055729526,Java_low_Java_medium_results.csv
172,54,vehicle,low,medium,0.82837541845688,Java_low_Java_medium_results.csv
172,72,vehicle,low,medium,0.8027466230395922,Java_low_Java_medium_results.csv
172,75,vehicle,low,medium,0.8045960146263835,Java_low_Java_medium_results.csv
172,84,vehicle,low,medium,0.7978762817079856,Java_low_Java_medium_results.csv
172,17,vehicle,low,medium,0.7804337143242457,Java_low_Java_medium_results.csv
172,33,vehicle,low,medium,0.7965412593823418,Java_low_Java_medium_results.csv
172,81,vehicle,low,medium,0.8292452269539159,Java_low_Java_medium_results.csv
172,105,vehicle,low,medium,0.818305068537963,Java_low_Java_medium_results.csv
170,89,vehicle,low,medium,0.754163974985912,Java_low_Java_medium_results.csv
172,117,vehicle,low,medium,0.7815273351544334,Java_low_Java_medium_results.csv
172,143,vehicle,low,medium,0.7677109726012893,Java_low_Java_medium_results.csv
172,115,vehicle,low,medium,0.8033955072432587,Java_low_Java_medium_results.csv
172,108,vehicle,low,medium,0.847743642500223,Java_low_Java_medium_results.csv
172,155,vehicle,low,medium,0.7925858847554446,Java_low_Java_medium_results.csv
172,91,vehicle,low,medium,0.7976381255193504,Java_low_Java_medium_results.csv
172,135,vehicle,low,medium,0.7983730722715171,Java_low_Java_medium_results.csv
172,145,vehicle,low,medium,0.7921428644748751,Java_low_Java_medium_results.csv
172,97,vehicle,low,medium,0.7475710817626768,Java_low_Java_medium_results.csv
172,169,vehicle,low,medium,0.7607142536706443,Java_low_Java_medium_results.csv
172,73,vehicle,low,medium,0.8026265301219271,Java_low_Java_medium_results.csv
172,158,vehicle,low,medium,0.8017764753622498,Java_low_Java_medium_results.csv
172,83,vehicle,low,medium,0.7910798893933223,Java_low_Java_medium_results.csv
172,168,vehicle,low,medium,0.8033667241585993,Java_low_Java_medium_results.csv
172,203,vehicle,low,medium,0.887098643988055,Java_low_Java_medium_results.csv
172,210,vehicle,low,medium,0.8026041747807495,Java_low_Java_medium_results.csv
172,171,vehicle,low,medium,0.7916869938082893,Java_low_Java_medium_results.csv
172,191,vehicle,low,medium,0.7967132198125464,Java_low_Java_medium_results.csv
172,197,vehicle,low,medium,0.8262419266235097,Java_low_Java_medium_results.csv
172,206,vehicle,low,medium,0.819090726358011,Java_low_Java_medium_results.csv
172,192,vehicle,low,medium,0.84440085216484,Java_low_Java_medium_results.csv
172,190,vehicle,low,medium,0.7724414845864732,Java_low_Java_medium_results.csv
172,147,vehicle,low,medium,0.7953799837871076,Java_low_Java_medium_results.csv
172,215,vehicle,low,medium,0.7939252558868307,Java_low_Java_medium_results.csv
172,151,vehicle,low,medium,0.8250592626419893,Java_low_Java_medium_results.csv
172,142,vehicle,low,medium,0.7974615700190562,Java_low_Java_medium_results.csv
172,207,vehicle,low,medium,0.7893800611417692,Java_low_Java_medium_results.csv
172,133,vehicle,low,medium,0.7878308316628579,Java_low_Java_medium_results.csv
172,202,vehicle,low,medium,0.8524961518826681,Java_low_Java_medium_results.csv
176,19,vehicle,low,medium,0.8567737787990701,Java_low_Java_medium_results.csv
176,6,vehicle,low,medium,0.8378013438712001,Java_low_Java_medium_results.csv
176,42,vehicle,low,medium,0.8573667989400882,Java_low_Java_medium_results.csv
176,51,vehicle,low,medium,0.8197194891985518,Java_low_Java_medium_results.csv
172,166,vehicle,low,medium,0.8683414565367067,Java_low_Java_medium_results.csv
176,17,vehicle,low,medium,0.7592225946276224,Java_low_Java_medium_results.csv
176,32,vehicle,low,medium,0.7454657271543083,Java_low_Java_medium_results.csv
172,89,vehicle,low,medium,0.7961946142925235,Java_low_Java_medium_results.csv
176,53,vehicle,low,medium,0.8660962559245582,Java_low_Java_medium_results.csv
176,18,vehicle,low,medium,0.8118586219577828,Java_low_Java_medium_results.csv
176,33,vehicle,low,medium,0.8050700391053723,Java_low_Java_medium_results.csv
176,54,vehicle,low,medium,0.8338108583035951,Java_low_Java_medium_results.csv
176,62,vehicle,low,medium,0.8731624609543017,Java_low_Java_medium_results.csv
176,57,vehicle,low,medium,0.8296550532225276,Java_low_Java_medium_results.csv
176,70,vehicle,low,medium,0.8527452558870025,Java_low_Java_medium_results.csv
172,214,vehicle,low,medium,0.8397165520887792,Java_low_Java_medium_results.csv
176,61,vehicle,low,medium,0.7830145995894092,Java_low_Java_medium_results.csv
176,4,vehicle,low,medium,0.7414959174138398,Java_low_Java_medium_results.csv
176,66,vehicle,low,medium,0.9032080023199744,Java_low_Java_medium_results.csv
176,20,vehicle,low,medium,0.7919670350322058,Java_low_Java_medium_results.csv
176,55,vehicle,low,medium,0.7645292212488625,Java_low_Java_medium_results.csv
176,16,vehicle,low,medium,0.7538385492556648,Java_low_Java_medium_results.csv
176,73,vehicle,low,medium,0.8016658126809773,Java_low_Java_medium_results.csv
176,108,vehicle,low,medium,0.8725290746172536,Java_low_Java_medium_results.csv
176,81,vehicle,low,medium,0.8345739338190824,Java_low_Java_medium_results.csv
176,84,vehicle,low,medium,0.7586426125742474,Java_low_Java_medium_results.csv
176,88,vehicle,low,medium,0.879906698642718,Java_low_Java_medium_results.csv
176,40,vehicle,low,medium,0.8271385581638693,Java_low_Java_medium_results.csv
176,83,vehicle,low,medium,0.7749042562084194,Java_low_Java_medium_results.csv
176,72,vehicle,low,medium,0.7909600442855427,Java_low_Java_medium_results.csv
176,24,vehicle,low,medium,0.7808521352843686,Java_low_Java_medium_results.csv
176,117,vehicle,low,medium,0.7564956741359697,Java_low_Java_medium_results.csv
176,115,vehicle,low,medium,0.7729449810423406,Java_low_Java_medium_results.csv
176,58,vehicle,low,medium,0.7783737305269569,Java_low_Java_medium_results.csv
176,147,vehicle,low,medium,0.808186186868899,Java_low_Java_medium_results.csv
176,105,vehicle,low,medium,0.8176824051803679,Java_low_Java_medium_results.csv
176,135,vehicle,low,medium,0.7728120769710126,Java_low_Java_medium_results.csv
176,97,vehicle,low,medium,0.6988859816795974,Java_low_Java_medium_results.csv
176,143,vehicle,low,medium,0.7797830748966597,Java_low_Java_medium_results.csv
176,169,vehicle,low,medium,0.810022258663564,Java_low_Java_medium_results.csv
176,190,vehicle,low,medium,0.8163624014080313,Java_low_Java_medium_results.csv
176,158,vehicle,low,medium,0.7216850132575494,Java_low_Java_medium_results.csv
176,133,vehicle,low,medium,0.7787210743838363,Java_low_Java_medium_results.csv
176,203,vehicle,low,medium,0.9287850899937226,Java_low_Java_medium_results.csv
176,168,vehicle,low,medium,0.7853633454260778,Java_low_Java_medium_results.csv
176,166,vehicle,low,medium,0.8833148247395838,Java_low_Java_medium_results.csv
176,25,vehicle,low,medium,0.7804667527927581,Java_low_Java_medium_results.csv
176,191,vehicle,low,medium,0.7560975461071763,Java_low_Java_medium_results.csv
176,210,vehicle,low,medium,0.8132765958395106,Java_low_Java_medium_results.csv
176,197,vehicle,low,medium,0.7946352682698476,Java_low_Java_medium_results.csv
176,91,vehicle,low,medium,0.7408729914149684,Java_low_Java_medium_results.csv
176,192,vehicle,low,medium,0.7827735099487623,Java_low_Java_medium_results.csv
176,75,vehicle,low,medium,0.7840227666355793,Java_low_Java_medium_results.csv
176,142,vehicle,low,medium,0.7946034567105333,Java_low_Java_medium_results.csv
176,50,vehicle,low,medium,0.8250328027267001,Java_low_Java_medium_results.csv
176,207,vehicle,low,medium,0.7358763069946707,Java_low_Java_medium_results.csv
179,4,vehicle,low,medium,0.8205918595396204,Java_low_Java_medium_results.csv
179,6,vehicle,low,medium,0.8646427102748612,Java_low_Java_medium_results.csv
179,17,vehicle,low,medium,0.7526072425170631,Java_low_Java_medium_results.csv
179,18,vehicle,low,medium,0.8272137779109007,Java_low_Java_medium_results.csv
176,202,vehicle,low,medium,0.7690172146209999,Java_low_Java_medium_results.csv
176,155,vehicle,low,medium,0.812013772774944,Java_low_Java_medium_results.csv
176,214,vehicle,low,medium,0.754797469320095,Java_low_Java_medium_results.csv
179,32,vehicle,low,medium,0.7488064057994652,Java_low_Java_medium_results.csv
176,171,vehicle,low,medium,0.7718400935757364,Java_low_Java_medium_results.csv
179,33,vehicle,low,medium,0.8096245694854617,Java_low_Java_medium_results.csv
179,25,vehicle,low,medium,0.7719427347746389,Java_low_Java_medium_results.csv
179,40,vehicle,low,medium,0.8109317609587829,Java_low_Java_medium_results.csv
176,206,vehicle,low,medium,0.7649787800652557,Java_low_Java_medium_results.csv
176,145,vehicle,low,medium,0.7881080272753599,Java_low_Java_medium_results.csv
176,89,vehicle,low,medium,0.7117845615419665,Java_low_Java_medium_results.csv
179,20,vehicle,low,medium,0.7701773110560751,Java_low_Java_medium_results.csv
179,53,vehicle,low,medium,0.8607193903487108,Java_low_Java_medium_results.csv
179,42,vehicle,low,medium,0.8901686544157018,Java_low_Java_medium_results.csv
179,54,vehicle,low,medium,0.832813835431695,Java_low_Java_medium_results.csv
179,19,vehicle,low,medium,0.8439233731842787,Java_low_Java_medium_results.csv
179,58,vehicle,low,medium,0.8258748939540363,Java_low_Java_medium_results.csv
176,151,vehicle,low,medium,0.7840055231364575,Java_low_Java_medium_results.csv
179,66,vehicle,low,medium,0.8979940529640343,Java_low_Java_medium_results.csv
179,50,vehicle,low,medium,0.8112434027933053,Java_low_Java_medium_results.csv
179,51,vehicle,low,medium,0.8356486326757926,Java_low_Java_medium_results.csv
179,61,vehicle,low,medium,0.7928963448633025,Java_low_Java_medium_results.csv
179,72,vehicle,low,medium,0.8109000490999048,Java_low_Java_medium_results.csv
179,75,vehicle,low,medium,0.8265216370782947,Java_low_Java_medium_results.csv
179,84,vehicle,low,medium,0.7899753634904332,Java_low_Java_medium_results.csv
179,91,vehicle,low,medium,0.7518026780997712,Java_low_Java_medium_results.csv
179,62,vehicle,low,medium,0.892983149232207,Java_low_Java_medium_results.csv
179,108,vehicle,low,medium,0.9027318256990507,Java_low_Java_medium_results.csv
179,70,vehicle,low,medium,0.8358172729021639,Java_low_Java_medium_results.csv
179,88,vehicle,low,medium,0.8860665827266817,Java_low_Java_medium_results.csv
179,105,vehicle,low,medium,0.8296409786274351,Java_low_Java_medium_results.csv
179,16,vehicle,low,medium,0.7467724132183103,Java_low_Java_medium_results.csv
176,215,vehicle,low,medium,0.8228273130106629,Java_low_Java_medium_results.csv
179,57,vehicle,low,medium,0.8216467403185241,Java_low_Java_medium_results.csv
179,24,vehicle,low,medium,0.7904492073204109,Java_low_Java_medium_results.csv
179,143,vehicle,low,medium,0.7720576709141981,Java_low_Java_medium_results.csv
179,89,vehicle,low,medium,0.7936538296362865,Java_low_Java_medium_results.csv
179,115,vehicle,low,medium,0.8105947472187102,Java_low_Java_medium_results.csv
179,135,vehicle,low,medium,0.8428414092321254,Java_low_Java_medium_results.csv
179,81,vehicle,low,medium,0.8265931957910129,Java_low_Java_medium_results.csv
179,133,vehicle,low,medium,0.7906766238794323,Java_low_Java_medium_results.csv
179,73,vehicle,low,medium,0.8093482929417735,Java_low_Java_medium_results.csv
179,169,vehicle,low,medium,0.8109558626407629,Java_low_Java_medium_results.csv
179,168,vehicle,low,medium,0.8356944347533154,Java_low_Java_medium_results.csv
179,190,vehicle,low,medium,0.8111324127492231,Java_low_Java_medium_results.csv
179,147,vehicle,low,medium,0.8198897033722559,Java_low_Java_medium_results.csv
179,203,vehicle,low,medium,0.928497575193225,Java_low_Java_medium_results.csv
179,192,vehicle,low,medium,0.842030331810646,Java_low_Java_medium_results.csv
179,210,vehicle,low,medium,0.8214008295549987,Java_low_Java_medium_results.csv
179,171,vehicle,low,medium,0.7962647570793018,Java_low_Java_medium_results.csv
179,197,vehicle,low,medium,0.8512739088830844,Java_low_Java_medium_results.csv
179,206,vehicle,low,medium,0.8350608333903442,Java_low_Java_medium_results.csv
180,4,vehicle,low,medium,0.7867302667725247,Java_low_Java_medium_results.csv
180,6,vehicle,low,medium,0.8188221702743672,Java_low_Java_medium_results.csv
180,16,vehicle,low,medium,0.805068156331885,Java_low_Java_medium_results.csv
180,19,vehicle,low,medium,0.8149676985358427,Java_low_Java_medium_results.csv
179,215,vehicle,low,medium,0.7955477596946144,Java_low_Java_medium_results.csv
180,18,vehicle,low,medium,0.7973948922193301,Java_low_Java_medium_results.csv
180,17,vehicle,low,medium,0.7660256834841415,Java_low_Java_medium_results.csv
180,24,vehicle,low,medium,0.7962034572730154,Java_low_Java_medium_results.csv
180,20,vehicle,low,medium,0.7636539807770514,Java_low_Java_medium_results.csv
180,32,vehicle,low,medium,0.7767886456290245,Java_low_Java_medium_results.csv
179,191,vehicle,low,medium,0.7548900673804338,Java_low_Java_medium_results.csv
180,25,vehicle,low,medium,0.7991275833792569,Java_low_Java_medium_results.csv
180,42,vehicle,low,medium,0.8014993298829998,Java_low_Java_medium_results.csv
179,202,vehicle,low,medium,0.8383238516633006,Java_low_Java_medium_results.csv
180,40,vehicle,low,medium,0.7785167693049481,Java_low_Java_medium_results.csv
180,51,vehicle,low,medium,0.7438653537359586,Java_low_Java_medium_results.csv
179,117,vehicle,low,medium,0.7497819181508886,Java_low_Java_medium_results.csv
180,33,vehicle,low,medium,0.8269799988213363,Java_low_Java_medium_results.csv
180,53,vehicle,low,medium,0.8211251359419726,Java_low_Java_medium_results.csv
179,155,vehicle,low,medium,0.8059819721700805,Java_low_Java_medium_results.csv
179,214,vehicle,low,medium,0.8377752472652221,Java_low_Java_medium_results.csv
180,54,vehicle,low,medium,0.7958581166385144,Java_low_Java_medium_results.csv
179,142,vehicle,low,medium,0.780065519241696,Java_low_Java_medium_results.csv
180,62,vehicle,low,medium,0.8326969427640671,Java_low_Java_medium_results.csv
180,57,vehicle,low,medium,0.8000748238136436,Java_low_Java_medium_results.csv
180,61,vehicle,low,medium,0.7426780286967961,Java_low_Java_medium_results.csv
180,70,vehicle,low,medium,0.8047671574430578,Java_low_Java_medium_results.csv
180,55,vehicle,low,medium,0.8433585726628839,Java_low_Java_medium_results.csv
179,83,vehicle,low,medium,0.7848134478786348,Java_low_Java_medium_results.csv
179,97,vehicle,low,medium,0.7509626648895672,Java_low_Java_medium_results.csv
180,75,vehicle,low,medium,0.8034396296025605,Java_low_Java_medium_results.csv
180,66,vehicle,low,medium,0.8434595597547602,Java_low_Java_medium_results.csv
180,88,vehicle,low,medium,0.8310979797354442,Java_low_Java_medium_results.csv
179,55,vehicle,low,medium,0.8188275093182295,Java_low_Java_medium_results.csv
180,72,vehicle,low,medium,0.7967179359724069,Java_low_Java_medium_results.csv
180,83,vehicle,low,medium,0.7968059770818434,Java_low_Java_medium_results.csv
180,81,vehicle,low,medium,0.8294383053315936,Java_low_Java_medium_results.csv
180,108,vehicle,low,medium,0.7721457106163546,Java_low_Java_medium_results.csv
180,84,vehicle,low,medium,0.7621497523646755,Java_low_Java_medium_results.csv
179,207,vehicle,low,medium,0.7554953864387789,Java_low_Java_medium_results.csv
179,145,vehicle,low,medium,0.8014437917583698,Java_low_Java_medium_results.csv
180,50,vehicle,low,medium,0.8342416657198255,Java_low_Java_medium_results.csv
180,97,vehicle,low,medium,0.7521963630176965,Java_low_Java_medium_results.csv
180,143,vehicle,low,medium,0.7582309313409639,Java_low_Java_medium_results.csv
180,117,vehicle,low,medium,0.7760393340093026,Java_low_Java_medium_results.csv
180,58,vehicle,low,medium,0.7771521854514101,Java_low_Java_medium_results.csv
180,142,vehicle,low,medium,0.7464945979069405,Java_low_Java_medium_results.csv
180,115,vehicle,low,medium,0.8071085445935795,Java_low_Java_medium_results.csv
179,166,vehicle,low,medium,0.8619961964900891,Java_low_Java_medium_results.csv
180,133,vehicle,low,medium,0.7395766859220175,Java_low_Java_medium_results.csv
180,169,vehicle,low,medium,0.7753215105648353,Java_low_Java_medium_results.csv
180,155,vehicle,low,medium,0.7780510690752155,Java_low_Java_medium_results.csv
180,73,vehicle,low,medium,0.8243709368614233,Java_low_Java_medium_results.csv
180,190,vehicle,low,medium,0.747377492522906,Java_low_Java_medium_results.csv
180,158,vehicle,low,medium,0.7798013514906744,Java_low_Java_medium_results.csv
180,203,vehicle,low,medium,0.8732254390174895,Java_low_Java_medium_results.csv
179,158,vehicle,low,medium,0.7902483141297791,Java_low_Java_medium_results.csv
180,192,vehicle,low,medium,0.8128974200254817,Java_low_Java_medium_results.csv
180,197,vehicle,low,medium,0.8016699795352019,Java_low_Java_medium_results.csv
180,171,vehicle,low,medium,0.8100110731250352,Java_low_Java_medium_results.csv
180,105,vehicle,low,medium,0.7917926457660268,Java_low_Java_medium_results.csv
180,206,vehicle,low,medium,0.8087676532238574,Java_low_Java_medium_results.csv
180,207,vehicle,low,medium,0.7885780776066547,Java_low_Java_medium_results.csv
180,215,vehicle,low,medium,0.8014502777393273,Java_low_Java_medium_results.csv
180,91,vehicle,low,medium,0.7838243605378039,Java_low_Java_medium_results.csv
180,147,vehicle,low,medium,0.7613579413219054,Java_low_Java_medium_results.csv
180,202,vehicle,low,medium,0.8552930293382836,Java_low_Java_medium_results.csv
180,166,vehicle,low,medium,0.8369166978861379,Java_low_Java_medium_results.csv
180,191,vehicle,low,medium,0.7637662936282185,Java_low_Java_medium_results.csv
180,214,vehicle,low,medium,0.8316885381297177,Java_low_Java_medium_results.csv
180,145,vehicle,low,medium,0.7916653049320308,Java_low_Java_medium_results.csv
180,210,vehicle,low,medium,0.7623683945023202,Java_low_Java_medium_results.csv
182,4,vehicle,low,medium,0.8401836559571315,Java_low_Java_medium_results.csv
180,135,vehicle,low,medium,0.7703724640111734,Java_low_Java_medium_results.csv
180,168,vehicle,low,medium,0.7743595695542623,Java_low_Java_medium_results.csv
182,17,vehicle,low,medium,0.8072285080200172,Java_low_Java_medium_results.csv
182,24,vehicle,low,medium,0.8031865575409681,Java_low_Java_medium_results.csv
182,16,vehicle,low,medium,0.8022837946717846,Java_low_Java_medium_results.csv
182,18,vehicle,low,medium,0.8280102527340619,Java_low_Java_medium_results.csv
180,89,vehicle,low,medium,0.7946279830706869,Java_low_Java_medium_results.csv
182,54,vehicle,low,medium,0.8382597916991205,Java_low_Java_medium_results.csv
182,33,vehicle,low,medium,0.8505790918591665,Java_low_Java_medium_results.csv
180,151,vehicle,low,medium,0.8537795697652583,Java_low_Java_medium_results.csv
179,151,vehicle,low,medium,0.7949563733447504,Java_low_Java_medium_results.csv
182,66,vehicle,low,medium,0.9039871877799136,Java_low_Java_medium_results.csv
182,58,vehicle,low,medium,0.837483127618749,Java_low_Java_medium_results.csv
182,62,vehicle,low,medium,0.8748947494958664,Java_low_Java_medium_results.csv
182,57,vehicle,low,medium,0.8440417347812298,Java_low_Java_medium_results.csv
182,50,vehicle,low,medium,0.8287059119602622,Java_low_Java_medium_results.csv
182,51,vehicle,low,medium,0.850345512828534,Java_low_Java_medium_results.csv
182,19,vehicle,low,medium,0.8696755670853122,Java_low_Java_medium_results.csv
182,61,vehicle,low,medium,0.8204229252480826,Java_low_Java_medium_results.csv
182,53,vehicle,low,medium,0.8497886135291373,Java_low_Java_medium_results.csv
182,42,vehicle,low,medium,0.8860338860932592,Java_low_Java_medium_results.csv
182,70,vehicle,low,medium,0.8472203968446115,Java_low_Java_medium_results.csv
182,6,vehicle,low,medium,0.8727762683752219,Java_low_Java_medium_results.csv
182,40,vehicle,low,medium,0.8491619817866928,Java_low_Java_medium_results.csv
182,32,vehicle,low,medium,0.7974210595386764,Java_low_Java_medium_results.csv
182,108,vehicle,low,medium,0.8868376702377677,Java_low_Java_medium_results.csv
182,20,vehicle,low,medium,0.7928836846813713,Java_low_Java_medium_results.csv
182,72,vehicle,low,medium,0.8342206500715894,Java_low_Java_medium_results.csv
182,75,vehicle,low,medium,0.8428956759464987,Java_low_Java_medium_results.csv
182,84,vehicle,low,medium,0.8142238580262975,Java_low_Java_medium_results.csv
182,73,vehicle,low,medium,0.8542409418430351,Java_low_Java_medium_results.csv
182,83,vehicle,low,medium,0.8318456047003526,Java_low_Java_medium_results.csv
182,91,vehicle,low,medium,0.7853069653721954,Java_low_Java_medium_results.csv
182,143,vehicle,low,medium,0.8134294069694114,Java_low_Java_medium_results.csv
182,88,vehicle,low,medium,0.871124923575079,Java_low_Java_medium_results.csv
182,25,vehicle,low,medium,0.8230003569782768,Java_low_Java_medium_results.csv
182,55,vehicle,low,medium,0.8328847160612158,Java_low_Java_medium_results.csv
182,147,vehicle,low,medium,0.8426367090595216,Java_low_Java_medium_results.csv
182,105,vehicle,low,medium,0.8443580353883077,Java_low_Java_medium_results.csv
182,115,vehicle,low,medium,0.8259414418926291,Java_low_Java_medium_results.csv
182,135,vehicle,low,medium,0.8438996316926526,Java_low_Java_medium_results.csv
182,81,vehicle,low,medium,0.8211812097338048,Java_low_Java_medium_results.csv
182,155,vehicle,low,medium,0.8405008248144616,Java_low_Java_medium_results.csv
182,97,vehicle,low,medium,0.7986763643280301,Java_low_Java_medium_results.csv
182,145,vehicle,low,medium,0.8104700752323905,Java_low_Java_medium_results.csv
182,190,vehicle,low,medium,0.8335427172154773,Java_low_Java_medium_results.csv
182,203,vehicle,low,medium,0.938558699651848,Java_low_Java_medium_results.csv
182,117,vehicle,low,medium,0.7849667780215696,Java_low_Java_medium_results.csv
182,142,vehicle,low,medium,0.803107687223248,Java_low_Java_medium_results.csv
182,206,vehicle,low,medium,0.8394002549016498,Java_low_Java_medium_results.csv
182,158,vehicle,low,medium,0.7929787204774242,Java_low_Java_medium_results.csv
182,89,vehicle,low,medium,0.8179284556923013,Java_low_Java_medium_results.csv
182,151,vehicle,low,medium,0.8270055785017268,Java_low_Java_medium_results.csv
182,207,vehicle,low,medium,0.8104831921419814,Java_low_Java_medium_results.csv
182,133,vehicle,low,medium,0.7997331859341434,Java_low_Java_medium_results.csv
182,215,vehicle,low,medium,0.8010217464779077,Java_low_Java_medium_results.csv
183,6,vehicle,low,medium,0.8110208902175071,Java_low_Java_medium_results.csv
182,192,vehicle,low,medium,0.8577969107031371,Java_low_Java_medium_results.csv
182,166,vehicle,low,medium,0.847105411459975,Java_low_Java_medium_results.csv
183,19,vehicle,low,medium,0.8231607800432582,Java_low_Java_medium_results.csv
183,24,vehicle,low,medium,0.7416083362270506,Java_low_Java_medium_results.csv
183,17,vehicle,low,medium,0.7407316140688671,Java_low_Java_medium_results.csv
183,16,vehicle,low,medium,0.7674804235789692,Java_low_Java_medium_results.csv
183,18,vehicle,low,medium,0.76037842058682,Java_low_Java_medium_results.csv
182,169,vehicle,low,medium,0.8432751585822553,Java_low_Java_medium_results.csv
183,25,vehicle,low,medium,0.760224070334661,Java_low_Java_medium_results.csv
182,210,vehicle,low,medium,0.8154817353484223,Java_low_Java_medium_results.csv
183,4,vehicle,low,medium,0.804529992220224,Java_low_Java_medium_results.csv
183,51,vehicle,low,medium,0.8015939725594569,Java_low_Java_medium_results.csv
183,42,vehicle,low,medium,0.8246450828790176,Java_low_Java_medium_results.csv
183,40,vehicle,low,medium,0.7954556926767246,Java_low_Java_medium_results.csv
183,53,vehicle,low,medium,0.7899554617981451,Java_low_Java_medium_results.csv
183,66,vehicle,low,medium,0.8820284796666986,Java_low_Java_medium_results.csv
183,62,vehicle,low,medium,0.8432388776257077,Java_low_Java_medium_results.csv
183,54,vehicle,low,medium,0.8090905762020317,Java_low_Java_medium_results.csv
182,197,vehicle,low,medium,0.8522159804901418,Java_low_Java_medium_results.csv
182,191,vehicle,low,medium,0.8048399096978317,Java_low_Java_medium_results.csv
183,61,vehicle,low,medium,0.7682277300506076,Java_low_Java_medium_results.csv
183,32,vehicle,low,medium,0.7673463988986396,Java_low_Java_medium_results.csv
183,50,vehicle,low,medium,0.812430071607441,Java_low_Java_medium_results.csv
183,70,vehicle,low,medium,0.7997050602110874,Java_low_Java_medium_results.csv
182,168,vehicle,low,medium,0.8348622012770406,Java_low_Java_medium_results.csv
183,58,vehicle,low,medium,0.8209693038334515,Java_low_Java_medium_results.csv
183,88,vehicle,low,medium,0.8208141880365626,Java_low_Java_medium_results.csv
183,20,vehicle,low,medium,0.7528663216446156,Java_low_Java_medium_results.csv
183,72,vehicle,low,medium,0.7771292990876592,Java_low_Java_medium_results.csv
183,55,vehicle,low,medium,0.8357167016188823,Java_low_Java_medium_results.csv
183,108,vehicle,low,medium,0.8309155464546518,Java_low_Java_medium_results.csv
183,73,vehicle,low,medium,0.8224944021082485,Java_low_Java_medium_results.csv
183,57,vehicle,low,medium,0.763090676288313,Java_low_Java_medium_results.csv
183,33,vehicle,low,medium,0.8255253158736585,Java_low_Java_medium_results.csv
183,84,vehicle,low,medium,0.7687050945068399,Java_low_Java_medium_results.csv
182,214,vehicle,low,medium,0.8179402666030173,Java_low_Java_medium_results.csv
183,91,vehicle,low,medium,0.7718465913202196,Java_low_Java_medium_results.csv
182,171,vehicle,low,medium,0.825491977642583,Java_low_Java_medium_results.csv
183,105,vehicle,low,medium,0.7809001616542888,Java_low_Java_medium_results.csv
183,147,vehicle,low,medium,0.7929448025843164,Java_low_Java_medium_results.csv
183,117,vehicle,low,medium,0.7443990791370118,Java_low_Java_medium_results.csv
182,202,vehicle,low,medium,0.8707987355136184,Java_low_Java_medium_results.csv
183,155,vehicle,low,medium,0.7745627519235075,Java_low_Java_medium_results.csv
183,81,vehicle,low,medium,0.7795487168150442,Java_low_Java_medium_results.csv
183,135,vehicle,low,medium,0.7947308300158881,Java_low_Java_medium_results.csv
183,143,vehicle,low,medium,0.7876385777957351,Java_low_Java_medium_results.csv
183,169,vehicle,low,medium,0.7995911099020697,Java_low_Java_medium_results.csv
183,190,vehicle,low,medium,0.7613575872685538,Java_low_Java_medium_results.csv
183,166,vehicle,low,medium,0.8328120304989904,Java_low_Java_medium_results.csv
183,168,vehicle,low,medium,0.7988025697518245,Java_low_Java_medium_results.csv
183,133,vehicle,low,medium,0.7399105058333603,Java_low_Java_medium_results.csv
183,203,vehicle,low,medium,0.8971713557085185,Java_low_Java_medium_results.csv
183,115,vehicle,low,medium,0.8265214506613604,Java_low_Java_medium_results.csv
183,192,vehicle,low,medium,0.8343472039366902,Java_low_Java_medium_results.csv
183,145,vehicle,low,medium,0.7484706370303631,Java_low_Java_medium_results.csv
183,75,vehicle,low,medium,0.8257319141931518,Java_low_Java_medium_results.csv
183,191,vehicle,low,medium,0.767691658357678,Java_low_Java_medium_results.csv
183,210,vehicle,low,medium,0.774438913293425,Java_low_Java_medium_results.csv
183,97,vehicle,low,medium,0.7782187236943278,Java_low_Java_medium_results.csv
183,83,vehicle,low,medium,0.7981279761193075,Java_low_Java_medium_results.csv
183,142,vehicle,low,medium,0.7668008851962337,Java_low_Java_medium_results.csv
183,151,vehicle,low,medium,0.8350017620217247,Java_low_Java_medium_results.csv
183,215,vehicle,low,medium,0.7678775592841366,Java_low_Java_medium_results.csv
183,197,vehicle,low,medium,0.8193740093535345,Java_low_Java_medium_results.csv
183,89,vehicle,low,medium,0.7845075572716604,Java_low_Java_medium_results.csv
200,6,vehicle,low,medium,0.8337335536376096,Java_low_Java_medium_results.csv
183,207,vehicle,low,medium,0.789822047976778,Java_low_Java_medium_results.csv
183,206,vehicle,low,medium,0.8310647293537563,Java_low_Java_medium_results.csv
200,42,vehicle,low,medium,0.8634484718855873,Java_low_Java_medium_results.csv
200,16,vehicle,low,medium,0.8176662680367432,Java_low_Java_medium_results.csv
200,32,vehicle,low,medium,0.8100307059472174,Java_low_Java_medium_results.csv
200,25,vehicle,low,medium,0.8355381163620563,Java_low_Java_medium_results.csv
200,40,vehicle,low,medium,0.7887570140617568,Java_low_Java_medium_results.csv
183,158,vehicle,low,medium,0.7567719616450281,Java_low_Java_medium_results.csv
200,19,vehicle,low,medium,0.8023361675468967,Java_low_Java_medium_results.csv
200,33,vehicle,low,medium,0.8425948551343503,Java_low_Java_medium_results.csv
183,202,vehicle,low,medium,0.8635687551662362,Java_low_Java_medium_results.csv
200,53,vehicle,low,medium,0.7852323805405104,Java_low_Java_medium_results.csv
200,66,vehicle,low,medium,0.8793758367265768,Java_low_Java_medium_results.csv
200,54,vehicle,low,medium,0.7799694587063348,Java_low_Java_medium_results.csv
200,51,vehicle,low,medium,0.8099842535867572,Java_low_Java_medium_results.csv
200,4,vehicle,low,medium,0.8492242537493241,Java_low_Java_medium_results.csv
183,171,vehicle,low,medium,0.8313847534035548,Java_low_Java_medium_results.csv
200,20,vehicle,low,medium,0.8004448605447484,Java_low_Java_medium_results.csv
200,58,vehicle,low,medium,0.8380676823492025,Java_low_Java_medium_results.csv
200,57,vehicle,low,medium,0.8387018365308951,Java_low_Java_medium_results.csv
200,24,vehicle,low,medium,0.8210742397586841,Java_low_Java_medium_results.csv
200,70,vehicle,low,medium,0.837704181408617,Java_low_Java_medium_results.csv
200,50,vehicle,low,medium,0.8622272095743281,Java_low_Java_medium_results.csv
200,17,vehicle,low,medium,0.814533462140679,Java_low_Java_medium_results.csv
200,88,vehicle,low,medium,0.846084778055855,Java_low_Java_medium_results.csv
200,18,vehicle,low,medium,0.8061856332120073,Java_low_Java_medium_results.csv
200,62,vehicle,low,medium,0.7963197280248692,Java_low_Java_medium_results.csv
200,108,vehicle,low,medium,0.8370487011677152,Java_low_Java_medium_results.csv
200,61,vehicle,low,medium,0.8210317332537754,Java_low_Java_medium_results.csv
200,105,vehicle,low,medium,0.792763630530521,Java_low_Java_medium_results.csv
200,91,vehicle,low,medium,0.8285955593999156,Java_low_Java_medium_results.csv
200,73,vehicle,low,medium,0.8599868680860361,Java_low_Java_medium_results.csv
200,143,vehicle,low,medium,0.8102807571521757,Java_low_Java_medium_results.csv
200,55,vehicle,low,medium,0.8887013023938445,Java_low_Java_medium_results.csv
200,117,vehicle,low,medium,0.8033944571895657,Java_low_Java_medium_results.csv
200,142,vehicle,low,medium,0.803091914258084,Java_low_Java_medium_results.csv
200,115,vehicle,low,medium,0.8596846909276723,Java_low_Java_medium_results.csv
200,89,vehicle,low,medium,0.8520624287562086,Java_low_Java_medium_results.csv
200,147,vehicle,low,medium,0.8275373588265447,Java_low_Java_medium_results.csv
200,75,vehicle,low,medium,0.8475243845188789,Java_low_Java_medium_results.csv
200,155,vehicle,low,medium,0.7813875681124958,Java_low_Java_medium_results.csv
200,190,vehicle,low,medium,0.7723857325595407,Java_low_Java_medium_results.csv
200,97,vehicle,low,medium,0.8178343645145069,Java_low_Java_medium_results.csv
200,169,vehicle,low,medium,0.8011866480609465,Java_low_Java_medium_results.csv
200,72,vehicle,low,medium,0.8431222344038708,Java_low_Java_medium_results.csv
200,203,vehicle,low,medium,0.8743919731392671,Java_low_Java_medium_results.csv
200,158,vehicle,low,medium,0.8243985604599141,Java_low_Java_medium_results.csv
200,135,vehicle,low,medium,0.8401336574718746,Java_low_Java_medium_results.csv
200,171,vehicle,low,medium,0.8595200782606034,Java_low_Java_medium_results.csv
200,166,vehicle,low,medium,0.8148420002468406,Java_low_Java_medium_results.csv
200,145,vehicle,low,medium,0.8021348485771506,Java_low_Java_medium_results.csv
200,84,vehicle,low,medium,0.8141832221430334,Java_low_Java_medium_results.csv
200,192,vehicle,low,medium,0.8126582461432388,Java_low_Java_medium_results.csv
200,83,vehicle,low,medium,0.852057218492934,Java_low_Java_medium_results.csv
200,133,vehicle,low,medium,0.8128154295428339,Java_low_Java_medium_results.csv
200,168,vehicle,low,medium,0.8377720107183055,Java_low_Java_medium_results.csv
200,210,vehicle,low,medium,0.7994158454221112,Java_low_Java_medium_results.csv
200,81,vehicle,low,medium,0.8012962025242525,Java_low_Java_medium_results.csv
200,151,vehicle,low,medium,0.8868469097862337,Java_low_Java_medium_results.csv
200,191,vehicle,low,medium,0.8107027710853028,Java_low_Java_medium_results.csv
200,197,vehicle,low,medium,0.836770629703497,Java_low_Java_medium_results.csv
200,215,vehicle,low,medium,0.8180902277081149,Java_low_Java_medium_results.csv
200,207,vehicle,low,medium,0.837295493086443,Java_low_Java_medium_results.csv
183,214,vehicle,low,medium,0.8399780058693359,Java_low_Java_medium_results.csv
200,206,vehicle,low,medium,0.8467737744450371,Java_low_Java_medium_results.csv
200,202,vehicle,low,medium,0.8955585964235819,Java_low_Java_medium_results.csv
200,214,vehicle,low,medium,0.8815129652863377,Java_low_Java_medium_results.csv
27,201,vehicle,low,none,0.8714828399987159,Java_low_Java_none_results.csv
10,106,vehicle,low,none,0.8082734640641842,Java_low_Java_none_results.csv
34,204,vehicle,low,none,0.946603224885409,Java_low_Java_none_results.csv
27,3,vehicle,low,none,0.8307410123951994,Java_low_Java_none_results.csv
27,196,vehicle,low,none,0.909799026667954,Java_low_Java_none_results.csv
34,106,vehicle,low,none,0.8552605378594613,Java_low_Java_none_results.csv
13,211,vehicle,low,none,0.7791864869627729,Java_low_Java_none_results.csv
27,204,vehicle,low,none,0.8690259055042769,Java_low_Java_none_results.csv
34,201,vehicle,low,none,0.7980043573066427,Java_low_Java_none_results.csv
21,216,vehicle,low,none,0.869770382112045,Java_low_Java_none_results.csv
34,110,vehicle,low,none,0.811081424247476,Java_low_Java_none_results.csv
34,196,vehicle,low,none,0.8205560500905307,Java_low_Java_none_results.csv
21,211,vehicle,low,none,0.7429549847902451,Java_low_Java_none_results.csv
34,96,vehicle,low,none,0.827175039207478,Java_low_Java_none_results.csv
13,110,vehicle,low,none,0.8449251826759682,Java_low_Java_none_results.csv
10,211,vehicle,low,none,0.7841546802781398,Java_low_Java_none_results.csv
34,189,vehicle,low,none,0.7867340673526569,Java_low_Java_none_results.csv
21,204,vehicle,low,none,0.9614923929471436,Java_low_Java_none_results.csv
13,204,vehicle,low,none,0.9767637391111156,Java_low_Java_none_results.csv
34,93,vehicle,low,none,0.9037814786765156,Java_low_Java_none_results.csv
31,201,vehicle,low,none,0.7772038300932561,Java_low_Java_none_results.csv
34,181,vehicle,low,none,0.8061637709655651,Java_low_Java_none_results.csv
21,201,vehicle,low,none,0.8274661075646802,Java_low_Java_none_results.csv
10,110,vehicle,low,none,0.7540764621822948,Java_low_Java_none_results.csv
10,12,vehicle,low,none,0.8357322628395962,Java_low_Java_none_results.csv
34,59,vehicle,low,none,0.8281817987244569,Java_low_Java_none_results.csv
21,196,vehicle,low,none,0.7593843902738404,Java_low_Java_none_results.csv
34,163,vehicle,low,none,0.8152629358467036,Java_low_Java_none_results.csv
10,93,vehicle,low,none,0.8743564216746504,Java_low_Java_none_results.csv
10,3,vehicle,low,none,0.8169427638861826,Java_low_Java_none_results.csv
27,189,vehicle,low,none,0.8125767022012139,Java_low_Java_none_results.csv
10,163,vehicle,low,none,0.7296993798549454,Java_low_Java_none_results.csv
21,189,vehicle,low,none,0.8222253483289411,Java_low_Java_none_results.csv
27,59,vehicle,low,none,0.8935310478912524,Java_low_Java_none_results.csv
27,181,vehicle,low,none,0.8479536039927142,Java_low_Java_none_results.csv
34,36,vehicle,low,none,0.8708657651501167,Java_low_Java_none_results.csv
10,5,vehicle,low,none,0.8103071003011953,Java_low_Java_none_results.csv
29,106,vehicle,low,none,0.7991953194324286,Java_low_Java_none_results.csv
13,116,vehicle,low,none,0.7838898808810532,Java_low_Java_none_results.csv
31,181,vehicle,low,none,0.7435649211532506,Java_low_Java_none_results.csv
27,163,vehicle,low,none,0.8220090298092856,Java_low_Java_none_results.csv
34,30,vehicle,low,none,0.8238625720758754,Java_low_Java_none_results.csv
27,154,vehicle,low,none,0.9033515887407536,Java_low_Java_none_results.csv
34,28,vehicle,low,none,0.813927092369606,Java_low_Java_none_results.csv
31,163,vehicle,low,none,0.8081179038174694,Java_low_Java_none_results.csv
31,189,vehicle,low,none,0.7583098977991753,Java_low_Java_none_results.csv
31,12,vehicle,low,none,0.766441126041678,Java_low_Java_none_results.csv
27,141,vehicle,low,none,0.8925319447100554,Java_low_Java_none_results.csv
34,12,vehicle,low,none,0.8149772591487138,Java_low_Java_none_results.csv
21,163,vehicle,low,none,0.8391528903356611,Java_low_Java_none_results.csv
31,141,vehicle,low,none,0.768721704193702,Java_low_Java_none_results.csv
27,116,vehicle,low,none,0.8476135456643813,Java_low_Java_none_results.csv
34,5,vehicle,low,none,0.8150092709414526,Java_low_Java_none_results.csv
10,59,vehicle,low,none,0.78336126296529,Java_low_Java_none_results.csv
21,36,vehicle,low,none,0.8648970779376398,Java_low_Java_none_results.csv
29,93,vehicle,low,none,0.8560832993904649,Java_low_Java_none_results.csv
10,181,vehicle,low,none,0.7933624081891568,Java_low_Java_none_results.csv
21,154,vehicle,low,none,0.768538876730806,Java_low_Java_none_results.csv
31,116,vehicle,low,none,0.6945470834697776,Java_low_Java_none_results.csv
27,110,vehicle,low,none,0.8152687763054614,Java_low_Java_none_results.csv
34,3,vehicle,low,none,0.8307850410910169,Java_low_Java_none_results.csv
29,59,vehicle,low,none,0.8495458081845748,Java_low_Java_none_results.csv
31,3,vehicle,low,none,0.7750992722461345,Java_low_Java_none_results.csv
34,154,vehicle,low,none,0.8353077134928367,Java_low_Java_none_results.csv
13,216,vehicle,low,none,0.9081121526089392,Java_low_Java_none_results.csv
10,204,vehicle,low,none,0.9158962728987032,Java_low_Java_none_results.csv
21,141,vehicle,low,none,0.7699527641109348,Java_low_Java_none_results.csv
31,110,vehicle,low,none,0.6995306019033404,Java_low_Java_none_results.csv
27,106,vehicle,low,none,0.848755335559922,Java_low_Java_none_results.csv
31,216,vehicle,low,none,0.8371179546708671,Java_low_Java_none_results.csv
29,216,vehicle,low,none,0.8554592139814413,Java_low_Java_none_results.csv
21,116,vehicle,low,none,0.7799167069702464,Java_low_Java_none_results.csv
31,106,vehicle,low,none,0.826468533170566,Java_low_Java_none_results.csv
27,96,vehicle,low,none,0.8834969048236208,Java_low_Java_none_results.csv
31,211,vehicle,low,none,0.7033158482261184,Java_low_Java_none_results.csv
29,36,vehicle,low,none,0.7846570576518318,Java_low_Java_none_results.csv
29,211,vehicle,low,none,0.8018807221228998,Java_low_Java_none_results.csv
21,110,vehicle,low,none,0.7928469422324161,Java_low_Java_none_results.csv
31,96,vehicle,low,none,0.734027273687266,Java_low_Java_none_results.csv
10,36,vehicle,low,none,0.7888852268153093,Java_low_Java_none_results.csv
29,30,vehicle,low,none,0.8182943821980968,Java_low_Java_none_results.csv
31,204,vehicle,low,none,0.9645917677876316,Java_low_Java_none_results.csv
13,30,vehicle,low,none,0.8435311108965573,Java_low_Java_none_results.csv
29,204,vehicle,low,none,0.9408812944083678,Java_low_Java_none_results.csv
21,106,vehicle,low,none,0.8461960776280718,Java_low_Java_none_results.csv
31,93,vehicle,low,none,0.8994680072162218,Java_low_Java_none_results.csv
27,36,vehicle,low,none,0.7960370822675145,Java_low_Java_none_results.csv
29,28,vehicle,low,none,0.7934520988070268,Java_low_Java_none_results.csv
13,59,vehicle,low,none,0.8244226818021838,Java_low_Java_none_results.csv
29,201,vehicle,low,none,0.8433961690988072,Java_low_Java_none_results.csv
21,96,vehicle,low,none,0.8117479395519638,Java_low_Java_none_results.csv
13,36,vehicle,low,none,0.8911425078416518,Java_low_Java_none_results.csv
31,59,vehicle,low,none,0.7887053740246889,Java_low_Java_none_results.csv
29,12,vehicle,low,none,0.8038413182091919,Java_low_Java_none_results.csv
29,196,vehicle,low,none,0.7915968179255803,Java_low_Java_none_results.csv
21,93,vehicle,low,none,0.8990283571532312,Java_low_Java_none_results.csv
29,5,vehicle,low,none,0.7734376939910168,Java_low_Java_none_results.csv
21,59,vehicle,low,none,0.8242239266857411,Java_low_Java_none_results.csv
10,96,vehicle,low,none,0.8145724177076321,Java_low_Java_none_results.csv
29,189,vehicle,low,none,0.7834575118967326,Java_low_Java_none_results.csv
31,36,vehicle,low,none,0.8311592984104966,Java_low_Java_none_results.csv
29,3,vehicle,low,none,0.7929260369126212,Java_low_Java_none_results.csv
10,141,vehicle,low,none,0.7949826460037988,Java_low_Java_none_results.csv
21,181,vehicle,low,none,0.8343822447518657,Java_low_Java_none_results.csv
13,141,vehicle,low,none,0.810323163918732,Java_low_Java_none_results.csv
29,181,vehicle,low,none,0.8140875351345261,Java_low_Java_none_results.csv
31,28,vehicle,low,none,0.7498308005557198,Java_low_Java_none_results.csv
31,5,vehicle,low,none,0.7474606847361412,Java_low_Java_none_results.csv
34,116,vehicle,low,none,0.7818182511773587,Java_low_Java_none_results.csv
27,216,vehicle,low,none,0.8664139280336667,Java_low_Java_none_results.csv
31,154,vehicle,low,none,0.7972471758628785,Java_low_Java_none_results.csv
29,163,vehicle,low,none,0.8406994482498162,Java_low_Java_none_results.csv
29,154,vehicle,low,none,0.7981822355123096,Java_low_Java_none_results.csv
10,216,vehicle,low,none,0.8551097729936176,Java_low_Java_none_results.csv
29,141,vehicle,low,none,0.7858291484250007,Java_low_Java_none_results.csv
10,28,vehicle,low,none,0.7528843937518279,Java_low_Java_none_results.csv
21,30,vehicle,low,none,0.7952932666541838,Java_low_Java_none_results.csv
27,93,vehicle,low,none,0.862842505090197,Java_low_Java_none_results.csv
10,201,vehicle,low,none,0.7972825352393297,Java_low_Java_none_results.csv
35,36,vehicle,low,none,0.8649245251326039,Java_low_Java_none_results.csv
21,28,vehicle,low,none,0.8197336163543388,Java_low_Java_none_results.csv
29,116,vehicle,low,none,0.8336603026304736,Java_low_Java_none_results.csv
10,196,vehicle,low,none,0.8577816695488341,Java_low_Java_none_results.csv
27,211,vehicle,low,none,0.8650928366385269,Java_low_Java_none_results.csv
35,30,vehicle,low,none,0.8243469755333869,Java_low_Java_none_results.csv
21,12,vehicle,low,none,0.7359446470087108,Java_low_Java_none_results.csv
10,30,vehicle,low,none,0.7760474037746362,Java_low_Java_none_results.csv
31,196,vehicle,low,none,0.7960461077431813,Java_low_Java_none_results.csv
21,5,vehicle,low,none,0.8012552447343777,Java_low_Java_none_results.csv
13,201,vehicle,low,none,0.8732085541845023,Java_low_Java_none_results.csv
35,28,vehicle,low,none,0.7650004666043299,Java_low_Java_none_results.csv
29,110,vehicle,low,none,0.7733407125270971,Java_low_Java_none_results.csv
31,30,vehicle,low,none,0.7469497952058765,Java_low_Java_none_results.csv
13,28,vehicle,low,none,0.8298680618232198,Java_low_Java_none_results.csv
13,196,vehicle,low,none,0.8324525693383568,Java_low_Java_none_results.csv
35,12,vehicle,low,none,0.788627419841019,Java_low_Java_none_results.csv
13,12,vehicle,low,none,0.7897764715503052,Java_low_Java_none_results.csv
21,3,vehicle,low,none,0.7923920153704819,Java_low_Java_none_results.csv
10,154,vehicle,low,none,0.8313061775662502,Java_low_Java_none_results.csv
10,116,vehicle,low,none,0.7847474959576177,Java_low_Java_none_results.csv
13,189,vehicle,low,none,0.8380853530334588,Java_low_Java_none_results.csv
35,5,vehicle,low,none,0.7951830277530327,Java_low_Java_none_results.csv
27,30,vehicle,low,none,0.7841326362822301,Java_low_Java_none_results.csv
10,189,vehicle,low,none,0.7644809474293565,Java_low_Java_none_results.csv
13,106,vehicle,low,none,0.8844708512316691,Java_low_Java_none_results.csv
13,154,vehicle,low,none,0.812928440941215,Java_low_Java_none_results.csv
13,3,vehicle,low,none,0.8663191813095725,Java_low_Java_none_results.csv
34,141,vehicle,low,none,0.7993235652999763,Java_low_Java_none_results.csv
35,3,vehicle,low,none,0.8410861976178196,Java_low_Java_none_results.csv
27,28,vehicle,low,none,0.8445982305544935,Java_low_Java_none_results.csv
13,163,vehicle,low,none,0.8533352302449747,Java_low_Java_none_results.csv
13,96,vehicle,low,none,0.7811360397210193,Java_low_Java_none_results.csv
13,5,vehicle,low,none,0.8372683817411015,Java_low_Java_none_results.csv
29,96,vehicle,low,none,0.8106210594234102,Java_low_Java_none_results.csv
34,216,vehicle,low,none,0.8618001532481407,Java_low_Java_none_results.csv
27,12,vehicle,low,none,0.8950689991239001,Java_low_Java_none_results.csv
13,181,vehicle,low,none,0.8352269908767218,Java_low_Java_none_results.csv
13,93,vehicle,low,none,0.9386170678654522,Java_low_Java_none_results.csv
34,211,vehicle,low,none,0.7555085776018916,Java_low_Java_none_results.csv
27,5,vehicle,low,none,0.7986637074028421,Java_low_Java_none_results.csv
35,93,vehicle,low,none,0.9255994224262214,Java_low_Java_none_results.csv
35,204,vehicle,low,none,0.9695341064450862,Java_low_Java_none_results.csv
35,110,vehicle,low,none,0.8019827763745506,Java_low_Java_none_results.csv
35,163,vehicle,low,none,0.8274192092317291,Java_low_Java_none_results.csv
35,116,vehicle,low,none,0.7615797858543403,Java_low_Java_none_results.csv
35,216,vehicle,low,none,0.8971912242503128,Java_low_Java_none_results.csv
35,141,vehicle,low,none,0.7884741148473067,Java_low_Java_none_results.csv
35,96,vehicle,low,none,0.7739391445666796,Java_low_Java_none_results.csv
37,30,vehicle,low,none,0.7753827109335365,Java_low_Java_none_results.csv
35,59,vehicle,low,none,0.8211419672684804,Java_low_Java_none_results.csv
37,36,vehicle,low,none,0.8126979919587343,Java_low_Java_none_results.csv
35,201,vehicle,low,none,0.8276126987864872,Java_low_Java_none_results.csv
35,211,vehicle,low,none,0.7313300022857734,Java_low_Java_none_results.csv
35,189,vehicle,low,none,0.8050432458298988,Java_low_Java_none_results.csv
37,93,vehicle,low,none,0.8985926864855209,Java_low_Java_none_results.csv
37,110,vehicle,low,none,0.7792652560934645,Java_low_Java_none_results.csv
37,12,vehicle,low,none,0.7475672718649453,Java_low_Java_none_results.csv
35,181,vehicle,low,none,0.809803154437327,Java_low_Java_none_results.csv
37,106,vehicle,low,none,0.8243819259567219,Java_low_Java_none_results.csv
37,28,vehicle,low,none,0.7589556246777486,Java_low_Java_none_results.csv
37,59,vehicle,low,none,0.8050885778646828,Java_low_Java_none_results.csv
37,96,vehicle,low,none,0.7220953356333989,Java_low_Java_none_results.csv
37,116,vehicle,low,none,0.7851295873237525,Java_low_Java_none_results.csv
37,163,vehicle,low,none,0.8155091551973889,Java_low_Java_none_results.csv
37,5,vehicle,low,none,0.7669249952880501,Java_low_Java_none_results.csv
37,141,vehicle,low,none,0.7446411175070179,Java_low_Java_none_results.csv
37,201,vehicle,low,none,0.8281937537307992,Java_low_Java_none_results.csv
37,204,vehicle,low,none,0.9569167643294588,Java_low_Java_none_results.csv
37,3,vehicle,low,none,0.7825446430208162,Java_low_Java_none_results.csv
35,106,vehicle,low,none,0.8591048993362006,Java_low_Java_none_results.csv
41,93,vehicle,low,none,0.9062948486526504,Java_low_Java_none_results.csv
41,28,vehicle,low,none,0.7488214375010778,Java_low_Java_none_results.csv
37,211,vehicle,low,none,0.7622636028733327,Java_low_Java_none_results.csv
37,189,vehicle,low,none,0.7986921112436914,Java_low_Java_none_results.csv
41,5,vehicle,low,none,0.752374703929899,Java_low_Java_none_results.csv
41,36,vehicle,low,none,0.8249511146031518,Java_low_Java_none_results.csv
41,3,vehicle,low,none,0.7893549824346813,Java_low_Java_none_results.csv
35,196,vehicle,low,none,0.8216782135247196,Java_low_Java_none_results.csv
41,110,vehicle,low,none,0.7248262683261302,Java_low_Java_none_results.csv
37,196,vehicle,low,none,0.8057592468164235,Java_low_Java_none_results.csv
41,204,vehicle,low,none,0.9594449693454952,Java_low_Java_none_results.csv
37,181,vehicle,low,none,0.7786742659800072,Java_low_Java_none_results.csv
35,154,vehicle,low,none,0.8329592869728446,Java_low_Java_none_results.csv
37,216,vehicle,low,none,0.8630165822703177,Java_low_Java_none_results.csv
41,189,vehicle,low,none,0.7696538337231765,Java_low_Java_none_results.csv
41,116,vehicle,low,none,0.7183343315804778,Java_low_Java_none_results.csv
41,201,vehicle,low,none,0.8093508424660868,Java_low_Java_none_results.csv
41,141,vehicle,low,none,0.7571756311790799,Java_low_Java_none_results.csv
41,12,vehicle,low,none,0.7575757637874115,Java_low_Java_none_results.csv
41,96,vehicle,low,none,0.7377594610334118,Java_low_Java_none_results.csv
41,163,vehicle,low,none,0.8088272793482492,Java_low_Java_none_results.csv
41,181,vehicle,low,none,0.744827929930883,Java_low_Java_none_results.csv
43,28,vehicle,low,none,0.8089227123894801,Java_low_Java_none_results.csv
43,93,vehicle,low,none,0.9094045803315975,Java_low_Java_none_results.csv
43,30,vehicle,low,none,0.779335239108631,Java_low_Java_none_results.csv
41,30,vehicle,low,none,0.7666199392975612,Java_low_Java_none_results.csv
43,36,vehicle,low,none,0.8435313655270772,Java_low_Java_none_results.csv
41,211,vehicle,low,none,0.7300837589144394,Java_low_Java_none_results.csv
43,110,vehicle,low,none,0.76591883821681,Java_low_Java_none_results.csv
41,216,vehicle,low,none,0.8467497611699765,Java_low_Java_none_results.csv
43,106,vehicle,low,none,0.8109012771984552,Java_low_Java_none_results.csv
43,3,vehicle,low,none,0.7782581878165983,Java_low_Java_none_results.csv
43,59,vehicle,low,none,0.8225620175493163,Java_low_Java_none_results.csv
43,12,vehicle,low,none,0.7604326122996573,Java_low_Java_none_results.csv
43,116,vehicle,low,none,0.7656108787524957,Java_low_Java_none_results.csv
43,181,vehicle,low,none,0.8018303963413878,Java_low_Java_none_results.csv
43,189,vehicle,low,none,0.7894857822919106,Java_low_Java_none_results.csv
43,141,vehicle,low,none,0.7832380651051554,Java_low_Java_none_results.csv
43,204,vehicle,low,none,0.953180848095217,Java_low_Java_none_results.csv
43,201,vehicle,low,none,0.7910306930696103,Java_low_Java_none_results.csv
43,216,vehicle,low,none,0.8484817606472964,Java_low_Java_none_results.csv
43,163,vehicle,low,none,0.832088142949988,Java_low_Java_none_results.csv
44,28,vehicle,low,none,0.7977224492569979,Java_low_Java_none_results.csv
41,106,vehicle,low,none,0.8136277193168557,Java_low_Java_none_results.csv
43,5,vehicle,low,none,0.783798205765562,Java_low_Java_none_results.csv
44,5,vehicle,low,none,0.7739842658401931,Java_low_Java_none_results.csv
44,3,vehicle,low,none,0.8019312902043535,Java_low_Java_none_results.csv
44,36,vehicle,low,none,0.8464638824799257,Java_low_Java_none_results.csv
43,211,vehicle,low,none,0.7618327414148088,Java_low_Java_none_results.csv
44,93,vehicle,low,none,0.8962457236393677,Java_low_Java_none_results.csv
37,154,vehicle,low,none,0.7684571723002349,Java_low_Java_none_results.csv
43,196,vehicle,low,none,0.7693203802718674,Java_low_Java_none_results.csv
44,30,vehicle,low,none,0.7755388489061189,Java_low_Java_none_results.csv
43,96,vehicle,low,none,0.7961434928829363,Java_low_Java_none_results.csv
44,59,vehicle,low,none,0.8201118057597636,Java_low_Java_none_results.csv
44,163,vehicle,low,none,0.8115745410313081,Java_low_Java_none_results.csv
44,12,vehicle,low,none,0.7953174060930016,Java_low_Java_none_results.csv
44,96,vehicle,low,none,0.8069195362886248,Java_low_Java_none_results.csv
44,141,vehicle,low,none,0.7737549172565035,Java_low_Java_none_results.csv
44,116,vehicle,low,none,0.745068806146962,Java_low_Java_none_results.csv
41,59,vehicle,low,none,0.8130893248473953,Java_low_Java_none_results.csv
44,204,vehicle,low,none,0.9536378206299488,Java_low_Java_none_results.csv
56,5,vehicle,low,none,0.808915815758961,Java_low_Java_none_results.csv
56,28,vehicle,low,none,0.7260055890809719,Java_low_Java_none_results.csv
56,3,vehicle,low,none,0.7990484551456124,Java_low_Java_none_results.csv
44,216,vehicle,low,none,0.8383391506476003,Java_low_Java_none_results.csv
44,110,vehicle,low,none,0.7496937374872603,Java_low_Java_none_results.csv
56,93,vehicle,low,none,0.8729000164548822,Java_low_Java_none_results.csv
44,201,vehicle,low,none,0.7873621817226442,Java_low_Java_none_results.csv
44,181,vehicle,low,none,0.7786904157348572,Java_low_Java_none_results.csv
56,12,vehicle,low,none,0.7737579340427558,Java_low_Java_none_results.csv
44,211,vehicle,low,none,0.70811102640611,Java_low_Java_none_results.csv
56,106,vehicle,low,none,0.8406234132828694,Java_low_Java_none_results.csv
56,96,vehicle,low,none,0.7732707858007069,Java_low_Java_none_results.csv
44,154,vehicle,low,none,0.7841808497944417,Java_low_Java_none_results.csv
56,59,vehicle,low,none,0.8069731272458048,Java_low_Java_none_results.csv
56,116,vehicle,low,none,0.7341849945296801,Java_low_Java_none_results.csv
56,204,vehicle,low,none,0.9467861907448282,Java_low_Java_none_results.csv
56,30,vehicle,low,none,0.7937288163575466,Java_low_Java_none_results.csv
44,189,vehicle,low,none,0.7956854500564999,Java_low_Java_none_results.csv
56,36,vehicle,low,none,0.822741859862117,Java_low_Java_none_results.csv
56,189,vehicle,low,none,0.7104051484656653,Java_low_Java_none_results.csv
56,163,vehicle,low,none,0.7694743399387026,Java_low_Java_none_results.csv
56,181,vehicle,low,none,0.7586037526603285,Java_low_Java_none_results.csv
56,201,vehicle,low,none,0.7114326022550042,Java_low_Java_none_results.csv
44,196,vehicle,low,none,0.7726904064421156,Java_low_Java_none_results.csv
44,106,vehicle,low,none,0.8297461035971814,Java_low_Java_none_results.csv
56,216,vehicle,low,none,0.8057221196130364,Java_low_Java_none_results.csv
43,154,vehicle,low,none,0.7940686434504985,Java_low_Java_none_results.csv
56,110,vehicle,low,none,0.7294546395917295,Java_low_Java_none_results.csv
56,211,vehicle,low,none,0.7568883625806266,Java_low_Java_none_results.csv
41,154,vehicle,low,none,0.7850742616917313,Java_low_Java_none_results.csv
60,28,vehicle,low,none,0.7868982352652112,Java_low_Java_none_results.csv
56,141,vehicle,low,none,0.7602587205415947,Java_low_Java_none_results.csv
56,196,vehicle,low,none,0.8171345599293034,Java_low_Java_none_results.csv
60,30,vehicle,low,none,0.7763306331110023,Java_low_Java_none_results.csv
41,196,vehicle,low,none,0.7980416355837597,Java_low_Java_none_results.csv
60,36,vehicle,low,none,0.8353017330102425,Java_low_Java_none_results.csv
56,154,vehicle,low,none,0.8224525983074282,Java_low_Java_none_results.csv
60,93,vehicle,low,none,0.9102765941309484,Java_low_Java_none_results.csv
60,106,vehicle,low,none,0.847106788718495,Java_low_Java_none_results.csv
60,189,vehicle,low,none,0.7676667469280742,Java_low_Java_none_results.csv
60,204,vehicle,low,none,0.957102254248654,Java_low_Java_none_results.csv
60,163,vehicle,low,none,0.8152971861158681,Java_low_Java_none_results.csv
60,96,vehicle,low,none,0.740741476766613,Java_low_Java_none_results.csv
60,59,vehicle,low,none,0.8020205930276515,Java_low_Java_none_results.csv
60,141,vehicle,low,none,0.7665524602953339,Java_low_Java_none_results.csv
60,216,vehicle,low,none,0.8682576941452406,Java_low_Java_none_results.csv
63,28,vehicle,low,none,0.7581136521952275,Java_low_Java_none_results.csv
60,201,vehicle,low,none,0.7993843015115286,Java_low_Java_none_results.csv
63,30,vehicle,low,none,0.7821847908270312,Java_low_Java_none_results.csv
63,5,vehicle,low,none,0.780218451881439,Java_low_Java_none_results.csv
63,36,vehicle,low,none,0.8086368427828413,Java_low_Java_none_results.csv
63,93,vehicle,low,none,0.8788248138315146,Java_low_Java_none_results.csv
60,211,vehicle,low,none,0.7236049075614235,Java_low_Java_none_results.csv
60,110,vehicle,low,none,0.7398666629579299,Java_low_Java_none_results.csv
60,196,vehicle,low,none,0.7894122175330394,Java_low_Java_none_results.csv
63,110,vehicle,low,none,0.7848057519903509,Java_low_Java_none_results.csv
63,163,vehicle,low,none,0.7863788574379061,Java_low_Java_none_results.csv
60,5,vehicle,low,none,0.7678452691081628,Java_low_Java_none_results.csv
63,116,vehicle,low,none,0.7899404475349772,Java_low_Java_none_results.csv
63,96,vehicle,low,none,0.7804404704976433,Java_low_Java_none_results.csv
60,3,vehicle,low,none,0.8276164281973676,Java_low_Java_none_results.csv
63,189,vehicle,low,none,0.8065498343131243,Java_low_Java_none_results.csv
60,12,vehicle,low,none,0.7639045912432865,Java_low_Java_none_results.csv
63,141,vehicle,low,none,0.7918298805879423,Java_low_Java_none_results.csv
60,181,vehicle,low,none,0.7601294763196578,Java_low_Java_none_results.csv
63,3,vehicle,low,none,0.79518343304864,Java_low_Java_none_results.csv
63,204,vehicle,low,none,0.9444612363045491,Java_low_Java_none_results.csv
63,201,vehicle,low,none,0.8284035909718516,Java_low_Java_none_results.csv
63,216,vehicle,low,none,0.8662739396382045,Java_low_Java_none_results.csv
63,106,vehicle,low,none,0.8270776927803395,Java_low_Java_none_results.csv
63,59,vehicle,low,none,0.7925029511016998,Java_low_Java_none_results.csv
63,211,vehicle,low,none,0.7628898628860793,Java_low_Java_none_results.csv
63,154,vehicle,low,none,0.8224958336010313,Java_low_Java_none_results.csv
60,116,vehicle,low,none,0.6898917285632232,Java_low_Java_none_results.csv
64,93,vehicle,low,none,0.9290904986533314,Java_low_Java_none_results.csv
63,196,vehicle,low,none,0.8413600211694481,Java_low_Java_none_results.csv
64,28,vehicle,low,none,0.8655272347292392,Java_low_Java_none_results.csv
63,181,vehicle,low,none,0.795736145818517,Java_low_Java_none_results.csv
63,12,vehicle,low,none,0.7791595767452825,Java_low_Java_none_results.csv
64,5,vehicle,low,none,0.8413372378240873,Java_low_Java_none_results.csv
64,204,vehicle,low,none,0.9685807970483696,Java_low_Java_none_results.csv
64,30,vehicle,low,none,0.854299015396364,Java_low_Java_none_results.csv
64,36,vehicle,low,none,0.8736154598787788,Java_low_Java_none_results.csv
64,181,vehicle,low,none,0.8522903789488054,Java_low_Java_none_results.csv
64,163,vehicle,low,none,0.8503800254562379,Java_low_Java_none_results.csv
65,3,vehicle,low,none,0.8442687848965178,Java_low_Java_none_results.csv
64,116,vehicle,low,none,0.8206159591415985,Java_low_Java_none_results.csv
65,5,vehicle,low,none,0.8131798440403739,Java_low_Java_none_results.csv
64,141,vehicle,low,none,0.800380222854562,Java_low_Java_none_results.csv
65,28,vehicle,low,none,0.8427295685475934,Java_low_Java_none_results.csv
65,30,vehicle,low,none,0.8265823872011334,Java_low_Java_none_results.csv
64,216,vehicle,low,none,0.900440096502356,Java_low_Java_none_results.csv
65,36,vehicle,low,none,0.7952178835287906,Java_low_Java_none_results.csv
65,93,vehicle,low,none,0.8134294434524597,Java_low_Java_none_results.csv
65,12,vehicle,low,none,0.9079611525375652,Java_low_Java_none_results.csv
65,110,vehicle,low,none,0.8130629468707775,Java_low_Java_none_results.csv
65,59,vehicle,low,none,0.8686666613558773,Java_low_Java_none_results.csv
65,106,vehicle,low,none,0.8239472727768274,Java_low_Java_none_results.csv
65,96,vehicle,low,none,0.8788155769277706,Java_low_Java_none_results.csv
65,116,vehicle,low,none,0.8926830502469243,Java_low_Java_none_results.csv
64,12,vehicle,low,none,0.7684461179643092,Java_low_Java_none_results.csv
65,163,vehicle,low,none,0.8328152426611334,Java_low_Java_none_results.csv
65,189,vehicle,low,none,0.8458613758446001,Java_low_Java_none_results.csv
65,181,vehicle,low,none,0.8381064384155433,Java_low_Java_none_results.csv
65,141,vehicle,low,none,0.8589525368185542,Java_low_Java_none_results.csv
65,204,vehicle,low,none,0.8614407547982282,Java_low_Java_none_results.csv
65,201,vehicle,low,none,0.8391295363301197,Java_low_Java_none_results.csv
64,201,vehicle,low,none,0.8734809541130306,Java_low_Java_none_results.csv
64,211,vehicle,low,none,0.8235996970254829,Java_low_Java_none_results.csv
64,110,vehicle,low,none,0.8423979544444135,Java_low_Java_none_results.csv
65,216,vehicle,low,none,0.8346591345018067,Java_low_Java_none_results.csv
65,211,vehicle,low,none,0.8591633363231233,Java_low_Java_none_results.csv
65,154,vehicle,low,none,0.887976892807249,Java_low_Java_none_results.csv
65,196,vehicle,low,none,0.8936264596534078,Java_low_Java_none_results.csv
64,3,vehicle,low,none,0.8323571825904003,Java_low_Java_none_results.csv
60,154,vehicle,low,none,0.7972486368316787,Java_low_Java_none_results.csv
74,28,vehicle,low,none,0.7605988885082431,Java_low_Java_none_results.csv
74,30,vehicle,low,none,0.738377196460726,Java_low_Java_none_results.csv
74,5,vehicle,low,none,0.7421229101306802,Java_low_Java_none_results.csv
74,3,vehicle,low,none,0.7943630458527497,Java_low_Java_none_results.csv
64,59,vehicle,low,none,0.842929540348718,Java_low_Java_none_results.csv
74,59,vehicle,low,none,0.8445833286608653,Java_low_Java_none_results.csv
64,106,vehicle,low,none,0.8626541649455604,Java_low_Java_none_results.csv
74,106,vehicle,low,none,0.8344908862647266,Java_low_Java_none_results.csv
74,96,vehicle,low,none,0.7913206710647849,Java_low_Java_none_results.csv
64,189,vehicle,low,none,0.8558331145381265,Java_low_Java_none_results.csv
74,93,vehicle,low,none,0.8393951558963054,Java_low_Java_none_results.csv
74,12,vehicle,low,none,0.8293794696760768,Java_low_Java_none_results.csv
74,204,vehicle,low,none,0.9258122123755036,Java_low_Java_none_results.csv
74,181,vehicle,low,none,0.7432837521927391,Java_low_Java_none_results.csv
74,163,vehicle,low,none,0.8089305185525439,Java_low_Java_none_results.csv
74,110,vehicle,low,none,0.701957111757338,Java_low_Java_none_results.csv
74,211,vehicle,low,none,0.7397257217509673,Java_low_Java_none_results.csv
74,201,vehicle,low,none,0.7635285862586195,Java_low_Java_none_results.csv
74,189,vehicle,low,none,0.7070968771147598,Java_low_Java_none_results.csv
74,36,vehicle,low,none,0.7756897045560337,Java_low_Java_none_results.csv
74,154,vehicle,low,none,0.8512972814614662,Java_low_Java_none_results.csv
77,30,vehicle,low,none,0.7977530538149396,Java_low_Java_none_results.csv
77,28,vehicle,low,none,0.7880206614568014,Java_low_Java_none_results.csv
74,141,vehicle,low,none,0.8087453503340406,Java_low_Java_none_results.csv
77,5,vehicle,low,none,0.787557968543853,Java_low_Java_none_results.csv
74,216,vehicle,low,none,0.813839648234818,Java_low_Java_none_results.csv
77,110,vehicle,low,none,0.782161985999991,Java_low_Java_none_results.csv
74,116,vehicle,low,none,0.7743449263735566,Java_low_Java_none_results.csv
77,93,vehicle,low,none,0.9259872022503256,Java_low_Java_none_results.csv
77,189,vehicle,low,none,0.7916227096685545,Java_low_Java_none_results.csv
77,163,vehicle,low,none,0.8203360767749625,Java_low_Java_none_results.csv
77,59,vehicle,low,none,0.8152534924025469,Java_low_Java_none_results.csv
77,204,vehicle,low,none,0.9702552776974592,Java_low_Java_none_results.csv
77,116,vehicle,low,none,0.7049685082909234,Java_low_Java_none_results.csv
77,36,vehicle,low,none,0.8470455076558411,Java_low_Java_none_results.csv
77,141,vehicle,low,none,0.771691483832626,Java_low_Java_none_results.csv
78,3,vehicle,low,none,0.7906401753446515,Java_low_Java_none_results.csv
77,12,vehicle,low,none,0.7400058439796592,Java_low_Java_none_results.csv
78,28,vehicle,low,none,0.7197019933922806,Java_low_Java_none_results.csv
78,5,vehicle,low,none,0.7189744902737482,Java_low_Java_none_results.csv
78,36,vehicle,low,none,0.7452187179996862,Java_low_Java_none_results.csv
78,30,vehicle,low,none,0.724388812191463,Java_low_Java_none_results.csv
78,93,vehicle,low,none,0.8031774043619984,Java_low_Java_none_results.csv
77,216,vehicle,low,none,0.8868079677771151,Java_low_Java_none_results.csv
78,110,vehicle,low,none,0.6887481906850546,Java_low_Java_none_results.csv
78,106,vehicle,low,none,0.8080025074274414,Java_low_Java_none_results.csv
78,59,vehicle,low,none,0.8413218627937322,Java_low_Java_none_results.csv
78,96,vehicle,low,none,0.7725828479740606,Java_low_Java_none_results.csv
78,116,vehicle,low,none,0.7695589455306924,Java_low_Java_none_results.csv
74,196,vehicle,low,none,0.835970416044545,Java_low_Java_none_results.csv
78,181,vehicle,low,none,0.7180850367426564,Java_low_Java_none_results.csv
77,211,vehicle,low,none,0.7574400421540499,Java_low_Java_none_results.csv
77,201,vehicle,low,none,0.8143490789484702,Java_low_Java_none_results.csv
78,189,vehicle,low,none,0.7046573368808768,Java_low_Java_none_results.csv
78,204,vehicle,low,none,0.8906282006194312,Java_low_Java_none_results.csv
78,163,vehicle,low,none,0.7613445576884508,Java_low_Java_none_results.csv
78,141,vehicle,low,none,0.7906946236981564,Java_low_Java_none_results.csv
78,201,vehicle,low,none,0.7579028150288257,Java_low_Java_none_results.csv
78,216,vehicle,low,none,0.7912319966587724,Java_low_Java_none_results.csv
78,154,vehicle,low,none,0.8351097902118527,Java_low_Java_none_results.csv
79,28,vehicle,low,none,0.7608116325762508,Java_low_Java_none_results.csv
78,211,vehicle,low,none,0.7258161728396988,Java_low_Java_none_results.csv
79,3,vehicle,low,none,0.8021516713041955,Java_low_Java_none_results.csv
79,5,vehicle,low,none,0.7515654242923109,Java_low_Java_none_results.csv
79,30,vehicle,low,none,0.7882273524219751,Java_low_Java_none_results.csv
79,93,vehicle,low,none,0.896809867864635,Java_low_Java_none_results.csv
77,96,vehicle,low,none,0.7220517566885339,Java_low_Java_none_results.csv
64,96,vehicle,low,none,0.8194572059297801,Java_low_Java_none_results.csv
79,110,vehicle,low,none,0.7400410232970207,Java_low_Java_none_results.csv
79,12,vehicle,low,none,0.7755481192121004,Java_low_Java_none_results.csv
79,106,vehicle,low,none,0.8173757445622242,Java_low_Java_none_results.csv
79,96,vehicle,low,none,0.7350744340604355,Java_low_Java_none_results.csv
78,12,vehicle,low,none,0.8376520444869764,Java_low_Java_none_results.csv
79,116,vehicle,low,none,0.7456397761460132,Java_low_Java_none_results.csv
79,36,vehicle,low,none,0.8322385365787697,Java_low_Java_none_results.csv
77,181,vehicle,low,none,0.7825174557992207,Java_low_Java_none_results.csv
79,181,vehicle,low,none,0.764505348274441,Java_low_Java_none_results.csv
77,154,vehicle,low,none,0.8147231102466737,Java_low_Java_none_results.csv
79,204,vehicle,low,none,0.9622824338154666,Java_low_Java_none_results.csv
79,189,vehicle,low,none,0.7863137370562703,Java_low_Java_none_results.csv
79,163,vehicle,low,none,0.8143516987186222,Java_low_Java_none_results.csv
77,3,vehicle,low,none,0.8280535354989741,Java_low_Java_none_results.csv
94,28,vehicle,low,none,0.7656898240342501,Java_low_Java_none_results.csv
94,5,vehicle,low,none,0.7862874817133814,Java_low_Java_none_results.csv
94,30,vehicle,low,none,0.7728301479431563,Java_low_Java_none_results.csv
94,3,vehicle,low,none,0.7547716183619619,Java_low_Java_none_results.csv
78,196,vehicle,low,none,0.8508490910112406,Java_low_Java_none_results.csv
94,93,vehicle,low,none,0.8485665955773632,Java_low_Java_none_results.csv
77,106,vehicle,low,none,0.8721217962418704,Java_low_Java_none_results.csv
94,59,vehicle,low,none,0.8501634893902416,Java_low_Java_none_results.csv
94,12,vehicle,low,none,0.7857722764539788,Java_low_Java_none_results.csv
94,106,vehicle,low,none,0.815537401435362,Java_low_Java_none_results.csv
94,116,vehicle,low,none,0.8127533261358129,Java_low_Java_none_results.csv
94,96,vehicle,low,none,0.8097974033979742,Java_low_Java_none_results.csv
94,110,vehicle,low,none,0.7832469150802205,Java_low_Java_none_results.csv
94,189,vehicle,low,none,0.8030080337032103,Java_low_Java_none_results.csv
94,181,vehicle,low,none,0.7671212453323273,Java_low_Java_none_results.csv
94,204,vehicle,low,none,0.9277836209400404,Java_low_Java_none_results.csv
94,163,vehicle,low,none,0.8289022574175882,Java_low_Java_none_results.csv
94,201,vehicle,low,none,0.8128593578250828,Java_low_Java_none_results.csv
79,141,vehicle,low,none,0.7263338071905086,Java_low_Java_none_results.csv
94,216,vehicle,low,none,0.8420914666608162,Java_low_Java_none_results.csv
79,196,vehicle,low,none,0.7645750737556545,Java_low_Java_none_results.csv
94,36,vehicle,low,none,0.8121998102256591,Java_low_Java_none_results.csv
94,211,vehicle,low,none,0.7541653314211187,Java_low_Java_none_results.csv
94,154,vehicle,low,none,0.7925096652191952,Java_low_Java_none_results.csv
79,59,vehicle,low,none,0.8191573894158535,Java_low_Java_none_results.csv
99,28,vehicle,low,none,0.8118006203528323,Java_low_Java_none_results.csv
79,201,vehicle,low,none,0.8171546294868723,Java_low_Java_none_results.csv
99,3,vehicle,low,none,0.8142109279060787,Java_low_Java_none_results.csv
99,93,vehicle,low,none,0.9084237049416422,Java_low_Java_none_results.csv
99,30,vehicle,low,none,0.7914601769534714,Java_low_Java_none_results.csv
79,216,vehicle,low,none,0.8371866251541721,Java_low_Java_none_results.csv
99,106,vehicle,low,none,0.8345852697553856,Java_low_Java_none_results.csv
99,116,vehicle,low,none,0.7261810148375795,Java_low_Java_none_results.csv
99,59,vehicle,low,none,0.8487599013649316,Java_low_Java_none_results.csv
99,12,vehicle,low,none,0.7592371509778748,Java_low_Java_none_results.csv
99,141,vehicle,low,none,0.7786480246064631,Java_low_Java_none_results.csv
94,196,vehicle,low,none,0.7860772927988636,Java_low_Java_none_results.csv
94,141,vehicle,low,none,0.7638267059118569,Java_low_Java_none_results.csv
99,5,vehicle,low,none,0.7829020904816294,Java_low_Java_none_results.csv
99,204,vehicle,low,none,0.960147638240298,Java_low_Java_none_results.csv
99,181,vehicle,low,none,0.7916126338683126,Java_low_Java_none_results.csv
99,189,vehicle,low,none,0.779361632375075,Java_low_Java_none_results.csv
99,201,vehicle,low,none,0.7883473428108215,Java_low_Java_none_results.csv
79,211,vehicle,low,none,0.7144013535817664,Java_low_Java_none_results.csv
99,36,vehicle,low,none,0.8540545916884229,Java_low_Java_none_results.csv
99,154,vehicle,low,none,0.798777290109502,Java_low_Java_none_results.csv
99,196,vehicle,low,none,0.7288646647659458,Java_low_Java_none_results.csv
101,28,vehicle,low,none,0.8836904688434107,Java_low_Java_none_results.csv
99,110,vehicle,low,none,0.7577800270135935,Java_low_Java_none_results.csv
99,96,vehicle,low,none,0.7921390102283141,Java_low_Java_none_results.csv
101,30,vehicle,low,none,0.8793376566837279,Java_low_Java_none_results.csv
101,5,vehicle,low,none,0.8924308009860842,Java_low_Java_none_results.csv
99,216,vehicle,low,none,0.8352708028006219,Java_low_Java_none_results.csv
101,93,vehicle,low,none,0.9572977356477524,Java_low_Java_none_results.csv
99,211,vehicle,low,none,0.7710322352525958,Java_low_Java_none_results.csv
99,163,vehicle,low,none,0.8260676052661029,Java_low_Java_none_results.csv
101,106,vehicle,low,none,0.9015213179878888,Java_low_Java_none_results.csv
64,196,vehicle,low,none,0.7743843519846046,Java_low_Java_none_results.csv
64,154,vehicle,low,none,0.7926072401795867,Java_low_Java_none_results.csv
101,59,vehicle,low,none,0.8580414367789027,Java_low_Java_none_results.csv
77,196,vehicle,low,none,0.8036928310111968,Java_low_Java_none_results.csv
101,12,vehicle,low,none,0.7946069215985927,Java_low_Java_none_results.csv
101,96,vehicle,low,none,0.8494392022311666,Java_low_Java_none_results.csv
101,141,vehicle,low,none,0.8522784810298187,Java_low_Java_none_results.csv
101,204,vehicle,low,none,0.9806954672922809,Java_low_Java_none_results.csv
101,201,vehicle,low,none,0.882560165330418,Java_low_Java_none_results.csv
104,5,vehicle,low,none,0.8027041854418387,Java_low_Java_none_results.csv
101,216,vehicle,low,none,0.9202292210430312,Java_low_Java_none_results.csv
104,28,vehicle,low,none,0.833390659657025,Java_low_Java_none_results.csv
104,93,vehicle,low,none,0.8734624362928508,Java_low_Java_none_results.csv
104,36,vehicle,low,none,0.817137569074631,Java_low_Java_none_results.csv
79,154,vehicle,low,none,0.7577996859150814,Java_low_Java_none_results.csv
104,12,vehicle,low,none,0.8639258753341719,Java_low_Java_none_results.csv
104,110,vehicle,low,none,0.8281469384028017,Java_low_Java_none_results.csv
101,3,vehicle,low,none,0.8822660162660789,Java_low_Java_none_results.csv
104,96,vehicle,low,none,0.8566664564093073,Java_low_Java_none_results.csv
104,30,vehicle,low,none,0.8308751955867042,Java_low_Java_none_results.csv
104,59,vehicle,low,none,0.8334000668394705,Java_low_Java_none_results.csv
104,106,vehicle,low,none,0.788904656644318,Java_low_Java_none_results.csv
104,201,vehicle,low,none,0.8549110286662369,Java_low_Java_none_results.csv
104,181,vehicle,low,none,0.8616234100598894,Java_low_Java_none_results.csv
104,204,vehicle,low,none,0.926164403674861,Java_low_Java_none_results.csv
104,141,vehicle,low,none,0.8294523274099955,Java_low_Java_none_results.csv
104,189,vehicle,low,none,0.8348058610766576,Java_low_Java_none_results.csv
104,216,vehicle,low,none,0.8556822620434616,Java_low_Java_none_results.csv
104,211,vehicle,low,none,0.8107889670575676,Java_low_Java_none_results.csv
104,154,vehicle,low,none,0.8345044679912511,Java_low_Java_none_results.csv
101,181,vehicle,low,none,0.895043146094972,Java_low_Java_none_results.csv
114,28,vehicle,low,none,0.743049341119926,Java_low_Java_none_results.csv
114,5,vehicle,low,none,0.7173023577882346,Java_low_Java_none_results.csv
114,3,vehicle,low,none,0.7934624295472421,Java_low_Java_none_results.csv
104,196,vehicle,low,none,0.8483244107262795,Java_low_Java_none_results.csv
104,3,vehicle,low,none,0.8342708653076384,Java_low_Java_none_results.csv
114,93,vehicle,low,none,0.8107344199891859,Java_low_Java_none_results.csv
114,30,vehicle,low,none,0.7204038525106088,Java_low_Java_none_results.csv
101,154,vehicle,low,none,0.8427414970390565,Java_low_Java_none_results.csv
114,96,vehicle,low,none,0.787938991662728,Java_low_Java_none_results.csv
114,106,vehicle,low,none,0.8183469996594588,Java_low_Java_none_results.csv
114,59,vehicle,low,none,0.8339660561205511,Java_low_Java_none_results.csv
114,116,vehicle,low,none,0.7586564383165059,Java_low_Java_none_results.csv
114,36,vehicle,low,none,0.7460310305938663,Java_low_Java_none_results.csv
114,141,vehicle,low,none,0.8150768569510922,Java_low_Java_none_results.csv
114,181,vehicle,low,none,0.7587968715501525,Java_low_Java_none_results.csv
114,163,vehicle,low,none,0.7860699446863331,Java_low_Java_none_results.csv
114,204,vehicle,low,none,0.8957718342776104,Java_low_Java_none_results.csv
114,189,vehicle,low,none,0.6918974354784885,Java_low_Java_none_results.csv
114,154,vehicle,low,none,0.8519627062013226,Java_low_Java_none_results.csv
114,216,vehicle,low,none,0.7836723242598767,Java_low_Java_none_results.csv
104,116,vehicle,low,none,0.8593773004413893,Java_low_Java_none_results.csv
114,211,vehicle,low,none,0.7521450513120439,Java_low_Java_none_results.csv
114,110,vehicle,low,none,0.7127763211180834,Java_low_Java_none_results.csv
114,196,vehicle,low,none,0.8546099999503968,Java_low_Java_none_results.csv
114,201,vehicle,low,none,0.7486026140397903,Java_low_Java_none_results.csv
101,36,vehicle,low,none,0.9156432752030468,Java_low_Java_none_results.csv
104,163,vehicle,low,none,0.7959177369287045,Java_low_Java_none_results.csv
124,28,vehicle,low,none,0.7807442193125717,Java_low_Java_none_results.csv
114,12,vehicle,low,none,0.8361238493842547,Java_low_Java_none_results.csv
124,5,vehicle,low,none,0.7496928770448575,Java_low_Java_none_results.csv
124,93,vehicle,low,none,0.8796825613514719,Java_low_Java_none_results.csv
124,36,vehicle,low,none,0.8304819229336352,Java_low_Java_none_results.csv
124,3,vehicle,low,none,0.7858822907912413,Java_low_Java_none_results.csv
124,116,vehicle,low,none,0.8083111479420068,Java_low_Java_none_results.csv
124,189,vehicle,low,none,0.8242797821930721,Java_low_Java_none_results.csv
124,181,vehicle,low,none,0.7751681670246015,Java_low_Java_none_results.csv
124,12,vehicle,low,none,0.8230422400571425,Java_low_Java_none_results.csv
101,189,vehicle,low,none,0.8754879147537091,Java_low_Java_none_results.csv
101,110,vehicle,low,none,0.8749894623649156,Java_low_Java_none_results.csv
124,204,vehicle,low,none,0.9339438840155224,Java_low_Java_none_results.csv
124,163,vehicle,low,none,0.8175840446368936,Java_low_Java_none_results.csv
124,201,vehicle,low,none,0.8457214535918848,Java_low_Java_none_results.csv
124,30,vehicle,low,none,0.7659802055185397,Java_low_Java_none_results.csv
124,154,vehicle,low,none,0.7575319946248786,Java_low_Java_none_results.csv
126,5,vehicle,low,none,0.7978412220437361,Java_low_Java_none_results.csv
126,28,vehicle,low,none,0.8019440633074477,Java_low_Java_none_results.csv
124,211,vehicle,low,none,0.7927091302258626,Java_low_Java_none_results.csv
124,110,vehicle,low,none,0.7827443397519163,Java_low_Java_none_results.csv
126,36,vehicle,low,none,0.8386081356192456,Java_low_Java_none_results.csv
126,93,vehicle,low,none,0.8942304285590762,Java_low_Java_none_results.csv
124,141,vehicle,low,none,0.782495535157715,Java_low_Java_none_results.csv
124,196,vehicle,low,none,0.780190367838044,Java_low_Java_none_results.csv
126,110,vehicle,low,none,0.7951707781841505,Java_low_Java_none_results.csv
126,12,vehicle,low,none,0.7706459662027246,Java_low_Java_none_results.csv
126,106,vehicle,low,none,0.8218709376741089,Java_low_Java_none_results.csv
126,3,vehicle,low,none,0.7807544771751936,Java_low_Java_none_results.csv
126,96,vehicle,low,none,0.7847121767228857,Java_low_Java_none_results.csv
126,30,vehicle,low,none,0.7943620777181434,Java_low_Java_none_results.csv
124,216,vehicle,low,none,0.8510112436401268,Java_low_Java_none_results.csv
126,116,vehicle,low,none,0.7796350239045713,Java_low_Java_none_results.csv
126,181,vehicle,low,none,0.7819918184231764,Java_low_Java_none_results.csv
126,189,vehicle,low,none,0.8180882427940862,Java_low_Java_none_results.csv
126,204,vehicle,low,none,0.9542315053203428,Java_low_Java_none_results.csv
126,201,vehicle,low,none,0.8348636700811366,Java_low_Java_none_results.csv
126,163,vehicle,low,none,0.8568909359815079,Java_low_Java_none_results.csv
126,216,vehicle,low,none,0.8593907781756843,Java_low_Java_none_results.csv
124,106,vehicle,low,none,0.7910624532773399,Java_low_Java_none_results.csv
128,28,vehicle,low,none,0.8057855418269967,Java_low_Java_none_results.csv
126,154,vehicle,low,none,0.7443650018160859,Java_low_Java_none_results.csv
128,36,vehicle,low,none,0.8882056558207102,Java_low_Java_none_results.csv
128,5,vehicle,low,none,0.8311872138615787,Java_low_Java_none_results.csv
128,3,vehicle,low,none,0.8526191528578148,Java_low_Java_none_results.csv
124,96,vehicle,low,none,0.7969420475727863,Java_low_Java_none_results.csv
126,141,vehicle,low,none,0.7402515702487795,Java_low_Java_none_results.csv
126,59,vehicle,low,none,0.8478405930438999,Java_low_Java_none_results.csv
128,93,vehicle,low,none,0.9216664293204369,Java_low_Java_none_results.csv
101,163,vehicle,low,none,0.8747930423239113,Java_low_Java_none_results.csv
124,59,vehicle,low,none,0.8458524696889854,Java_low_Java_none_results.csv
128,110,vehicle,low,none,0.8191813710532607,Java_low_Java_none_results.csv
128,106,vehicle,low,none,0.8614430980167582,Java_low_Java_none_results.csv
128,181,vehicle,low,none,0.8382268301655464,Java_low_Java_none_results.csv
128,204,vehicle,low,none,0.9703749338863464,Java_low_Java_none_results.csv
101,211,vehicle,low,none,0.8229965375971297,Java_low_Java_none_results.csv
128,163,vehicle,low,none,0.8333346096483086,Java_low_Java_none_results.csv
128,96,vehicle,low,none,0.7974712485796812,Java_low_Java_none_results.csv
128,30,vehicle,low,none,0.8537184857389437,Java_low_Java_none_results.csv
101,116,vehicle,low,none,0.8145088357619615,Java_low_Java_none_results.csv
128,116,vehicle,low,none,0.7892763102820505,Java_low_Java_none_results.csv
132,5,vehicle,low,none,0.7982104790393493,Java_low_Java_none_results.csv
128,216,vehicle,low,none,0.9108746367741172,Java_low_Java_none_results.csv
132,28,vehicle,low,none,0.8050569312862278,Java_low_Java_none_results.csv
128,201,vehicle,low,none,0.8521225367113892,Java_low_Java_none_results.csv
132,93,vehicle,low,none,0.8742889134259296,Java_low_Java_none_results.csv
128,211,vehicle,low,none,0.7558061695093966,Java_low_Java_none_results.csv
132,36,vehicle,low,none,0.8234315220370592,Java_low_Java_none_results.csv
132,110,vehicle,low,none,0.8028652300630797,Java_low_Java_none_results.csv
132,12,vehicle,low,none,0.7983459797985609,Java_low_Java_none_results.csv
126,211,vehicle,low,none,0.761995698659369,Java_low_Java_none_results.csv
132,59,vehicle,low,none,0.8336563932317176,Java_low_Java_none_results.csv
132,116,vehicle,low,none,0.7979773237972538,Java_low_Java_none_results.csv
132,141,vehicle,low,none,0.8208943291080606,Java_low_Java_none_results.csv
132,30,vehicle,low,none,0.8144604286047289,Java_low_Java_none_results.csv
132,189,vehicle,low,none,0.7949316909467282,Java_low_Java_none_results.csv
126,196,vehicle,low,none,0.7604243943680518,Java_low_Java_none_results.csv
132,163,vehicle,low,none,0.7993387357328928,Java_low_Java_none_results.csv
132,204,vehicle,low,none,0.9406221574180812,Java_low_Java_none_results.csv
132,201,vehicle,low,none,0.8034506182741298,Java_low_Java_none_results.csv
132,106,vehicle,low,none,0.8317100338858563,Java_low_Java_none_results.csv
132,3,vehicle,low,none,0.8037044419044586,Java_low_Java_none_results.csv
128,196,vehicle,low,none,0.8053050287811264,Java_low_Java_none_results.csv
139,5,vehicle,low,none,0.7484205571381622,Java_low_Java_none_results.csv
128,189,vehicle,low,none,0.8425023212945774,Java_low_Java_none_results.csv
139,36,vehicle,low,none,0.8132990397567844,Java_low_Java_none_results.csv
139,28,vehicle,low,none,0.7240478231003109,Java_low_Java_none_results.csv
132,96,vehicle,low,none,0.8391321375997439,Java_low_Java_none_results.csv
139,93,vehicle,low,none,0.8246972563942871,Java_low_Java_none_results.csv
132,211,vehicle,low,none,0.7788785438316741,Java_low_Java_none_results.csv
139,106,vehicle,low,none,0.8417317831919782,Java_low_Java_none_results.csv
139,30,vehicle,low,none,0.7413140272477184,Java_low_Java_none_results.csv
139,96,vehicle,low,none,0.7668968776285598,Java_low_Java_none_results.csv
139,116,vehicle,low,none,0.7250076548173552,Java_low_Java_none_results.csv
139,12,vehicle,low,none,0.7804474668605668,Java_low_Java_none_results.csv
139,110,vehicle,low,none,0.7162949884340115,Java_low_Java_none_results.csv
139,141,vehicle,low,none,0.7861739806004007,Java_low_Java_none_results.csv
139,181,vehicle,low,none,0.7601930989920774,Java_low_Java_none_results.csv
139,189,vehicle,low,none,0.6731321316246628,Java_low_Java_none_results.csv
139,204,vehicle,low,none,0.9294383109293052,Java_low_Java_none_results.csv
132,196,vehicle,low,none,0.813726291916556,Java_low_Java_none_results.csv
139,216,vehicle,low,none,0.7826832443385267,Java_low_Java_none_results.csv
139,154,vehicle,low,none,0.8452777030100121,Java_low_Java_none_results.csv
139,211,vehicle,low,none,0.7380609602473538,Java_low_Java_none_results.csv
139,201,vehicle,low,none,0.7134303679253471,Java_low_Java_none_results.csv
139,163,vehicle,low,none,0.772443037563623,Java_low_Java_none_results.csv
140,28,vehicle,low,none,0.7165167883504026,Java_low_Java_none_results.csv
140,3,vehicle,low,none,0.7614936277535257,Java_low_Java_none_results.csv
139,3,vehicle,low,none,0.7700894818071848,Java_low_Java_none_results.csv
140,5,vehicle,low,none,0.7329752568364587,Java_low_Java_none_results.csv
140,93,vehicle,low,none,0.8784510422376958,Java_low_Java_none_results.csv
132,216,vehicle,low,none,0.8557619984563415,Java_low_Java_none_results.csv
140,30,vehicle,low,none,0.7543954651631186,Java_low_Java_none_results.csv
128,12,vehicle,low,none,0.8017117716148209,Java_low_Java_none_results.csv
132,181,vehicle,low,none,0.8278565501848716,Java_low_Java_none_results.csv
140,110,vehicle,low,none,0.7046842760366576,Java_low_Java_none_results.csv
140,96,vehicle,low,none,0.7788884252776658,Java_low_Java_none_results.csv
140,36,vehicle,low,none,0.7979453299155476,Java_low_Java_none_results.csv
139,196,vehicle,low,none,0.8141447370308892,Java_low_Java_none_results.csv
139,59,vehicle,low,none,0.8204409051969644,Java_low_Java_none_results.csv
140,116,vehicle,low,none,0.7466586170399968,Java_low_Java_none_results.csv
140,163,vehicle,low,none,0.7636972100108979,Java_low_Java_none_results.csv
140,189,vehicle,low,none,0.7531177528159575,Java_low_Java_none_results.csv
140,12,vehicle,low,none,0.7831952522368696,Java_low_Java_none_results.csv
140,204,vehicle,low,none,0.9304905773157776,Java_low_Java_none_results.csv
140,216,vehicle,low,none,0.8174892672652152,Java_low_Java_none_results.csv
140,201,vehicle,low,none,0.768598404686861,Java_low_Java_none_results.csv
140,154,vehicle,low,none,0.7963746696794544,Java_low_Java_none_results.csv
132,154,vehicle,low,none,0.8213901030777195,Java_low_Java_none_results.csv
164,5,vehicle,low,none,0.7332078548468358,Java_low_Java_none_results.csv
164,36,vehicle,low,none,0.7890477587200095,Java_low_Java_none_results.csv
128,59,vehicle,low,none,0.8203733990367262,Java_low_Java_none_results.csv
164,30,vehicle,low,none,0.767039922749746,Java_low_Java_none_results.csv
140,59,vehicle,low,none,0.8200912475647277,Java_low_Java_none_results.csv
164,28,vehicle,low,none,0.781151941217468,Java_low_Java_none_results.csv
140,196,vehicle,low,none,0.7983733477668651,Java_low_Java_none_results.csv
128,141,vehicle,low,none,0.7699206032375165,Java_low_Java_none_results.csv
164,12,vehicle,low,none,0.8159007968108107,Java_low_Java_none_results.csv
164,59,vehicle,low,none,0.837130622068098,Java_low_Java_none_results.csv
164,106,vehicle,low,none,0.78581623462642,Java_low_Java_none_results.csv
164,96,vehicle,low,none,0.7618832064868271,Java_low_Java_none_results.csv
164,93,vehicle,low,none,0.8651587196727515,Java_low_Java_none_results.csv
164,204,vehicle,low,none,0.9284194122973032,Java_low_Java_none_results.csv
164,116,vehicle,low,none,0.7850356609747098,Java_low_Java_none_results.csv
164,163,vehicle,low,none,0.8184999155306675,Java_low_Java_none_results.csv
164,189,vehicle,low,none,0.800370172505239,Java_low_Java_none_results.csv
140,181,vehicle,low,none,0.7374948920149031,Java_low_Java_none_results.csv
164,201,vehicle,low,none,0.8558532514821262,Java_low_Java_none_results.csv
164,216,vehicle,low,none,0.828469966688181,Java_low_Java_none_results.csv
140,106,vehicle,low,none,0.7975714832262601,Java_low_Java_none_results.csv
140,211,vehicle,low,none,0.7532575586001041,Java_low_Java_none_results.csv
170,30,vehicle,low,none,0.8062118055747621,Java_low_Java_none_results.csv
170,5,vehicle,low,none,0.7806204932089742,Java_low_Java_none_results.csv
170,3,vehicle,low,none,0.8340671953220749,Java_low_Java_none_results.csv
170,36,vehicle,low,none,0.8414954622895194,Java_low_Java_none_results.csv
164,196,vehicle,low,none,0.8227320227492545,Java_low_Java_none_results.csv
164,141,vehicle,low,none,0.8119155411329447,Java_low_Java_none_results.csv
140,141,vehicle,low,none,0.7646954952172772,Java_low_Java_none_results.csv
164,110,vehicle,low,none,0.7741378169694464,Java_low_Java_none_results.csv
170,93,vehicle,low,none,0.9157164942266566,Java_low_Java_none_results.csv
164,3,vehicle,low,none,0.761231671168601,Java_low_Java_none_results.csv
170,110,vehicle,low,none,0.767249613093067,Java_low_Java_none_results.csv
170,106,vehicle,low,none,0.8670383777390123,Java_low_Java_none_results.csv
170,204,vehicle,low,none,0.963913800914074,Java_low_Java_none_results.csv
164,181,vehicle,low,none,0.7958952756258226,Java_low_Java_none_results.csv
170,201,vehicle,low,none,0.7810010491754633,Java_low_Java_none_results.csv
170,12,vehicle,low,none,0.7332564722022014,Java_low_Java_none_results.csv
170,116,vehicle,low,none,0.7043825484824301,Java_low_Java_none_results.csv
170,96,vehicle,low,none,0.7418718557506099,Java_low_Java_none_results.csv
170,141,vehicle,low,none,0.7637757438932833,Java_low_Java_none_results.csv
172,28,vehicle,low,none,0.7499111839086364,Java_low_Java_none_results.csv
172,5,vehicle,low,none,0.7661630906699869,Java_low_Java_none_results.csv
172,3,vehicle,low,none,0.7731776253913405,Java_low_Java_none_results.csv
172,30,vehicle,low,none,0.7971421331660099,Java_low_Java_none_results.csv
172,93,vehicle,low,none,0.8859128101875684,Java_low_Java_none_results.csv
172,36,vehicle,low,none,0.8197962218559073,Java_low_Java_none_results.csv
170,28,vehicle,low,none,0.7677666570232684,Java_low_Java_none_results.csv
172,12,vehicle,low,none,0.7509645341159595,Java_low_Java_none_results.csv
170,189,vehicle,low,none,0.7476563444656941,Java_low_Java_none_results.csv
170,211,vehicle,low,none,0.7193033170419975,Java_low_Java_none_results.csv
172,96,vehicle,low,none,0.7850172538681468,Java_low_Java_none_results.csv
172,110,vehicle,low,none,0.7538302288763431,Java_low_Java_none_results.csv
172,59,vehicle,low,none,0.8251044840885847,Java_low_Java_none_results.csv
172,106,vehicle,low,none,0.8371297628618717,Java_low_Java_none_results.csv
172,181,vehicle,low,none,0.7721811534713672,Java_low_Java_none_results.csv
172,189,vehicle,low,none,0.7505654104302879,Java_low_Java_none_results.csv
164,211,vehicle,low,none,0.8089393051267298,Java_low_Java_none_results.csv
172,201,vehicle,low,none,0.7897730816981594,Java_low_Java_none_results.csv
172,141,vehicle,low,none,0.7103526161040934,Java_low_Java_none_results.csv
172,204,vehicle,low,none,0.9517861105752152,Java_low_Java_none_results.csv
128,154,vehicle,low,none,0.7731381295040997,Java_low_Java_none_results.csv
172,196,vehicle,low,none,0.7719363968988867,Java_low_Java_none_results.csv
172,154,vehicle,low,none,0.7793916885348416,Java_low_Java_none_results.csv
172,211,vehicle,low,none,0.7590602681424036,Java_low_Java_none_results.csv
172,163,vehicle,low,none,0.8076327376524538,Java_low_Java_none_results.csv
170,59,vehicle,low,none,0.8121604423399649,Java_low_Java_none_results.csv
170,216,vehicle,low,none,0.876247521829041,Java_low_Java_none_results.csv
176,3,vehicle,low,none,0.8293025563928311,Java_low_Java_none_results.csv
164,154,vehicle,low,none,0.8197873133749808,Java_low_Java_none_results.csv
176,5,vehicle,low,none,0.8006267715145009,Java_low_Java_none_results.csv
170,181,vehicle,low,none,0.7862501833985822,Java_low_Java_none_results.csv
176,36,vehicle,low,none,0.8588719050904314,Java_low_Java_none_results.csv
172,216,vehicle,low,none,0.8391787244687485,Java_low_Java_none_results.csv
176,30,vehicle,low,none,0.8052612384058949,Java_low_Java_none_results.csv
176,93,vehicle,low,none,0.9141497747724582,Java_low_Java_none_results.csv
176,110,vehicle,low,none,0.787225087773108,Java_low_Java_none_results.csv
170,163,vehicle,low,none,0.796548321529333,Java_low_Java_none_results.csv
176,12,vehicle,low,none,0.7362627929464355,Java_low_Java_none_results.csv
172,116,vehicle,low,none,0.7774170301755804,Java_low_Java_none_results.csv
176,189,vehicle,low,none,0.8002161907459286,Java_low_Java_none_results.csv
101,196,vehicle,low,none,0.8426370165959014,Java_low_Java_none_results.csv
176,201,vehicle,low,none,0.7980731240498852,Java_low_Java_none_results.csv
176,141,vehicle,low,none,0.7437343630340867,Java_low_Java_none_results.csv
176,163,vehicle,low,none,0.811276324169513,Java_low_Java_none_results.csv
176,59,vehicle,low,none,0.8140085345851918,Java_low_Java_none_results.csv
170,154,vehicle,low,none,0.8130114065326398,Java_low_Java_none_results.csv
176,204,vehicle,low,none,0.9697089505098724,Java_low_Java_none_results.csv
179,36,vehicle,low,none,0.8687425313519965,Java_low_Java_none_results.csv
179,28,vehicle,low,none,0.7939214487737731,Java_low_Java_none_results.csv
179,30,vehicle,low,none,0.8272429525124292,Java_low_Java_none_results.csv
179,3,vehicle,low,none,0.8217810590889817,Java_low_Java_none_results.csv
176,211,vehicle,low,none,0.7252771189182687,Java_low_Java_none_results.csv
176,28,vehicle,low,none,0.8004566492582265,Java_low_Java_none_results.csv
179,110,vehicle,low,none,0.7852318491669597,Java_low_Java_none_results.csv
176,181,vehicle,low,none,0.8095934411414043,Java_low_Java_none_results.csv
179,5,vehicle,low,none,0.8051453977719057,Java_low_Java_none_results.csv
179,106,vehicle,low,none,0.8325859562182012,Java_low_Java_none_results.csv
179,96,vehicle,low,none,0.754472846670474,Java_low_Java_none_results.csv
179,141,vehicle,low,none,0.729954400677708,Java_low_Java_none_results.csv
176,96,vehicle,low,none,0.7436707060870935,Java_low_Java_none_results.csv
179,93,vehicle,low,none,0.9180162426817948,Java_low_Java_none_results.csv
179,204,vehicle,low,none,0.9705259310328112,Java_low_Java_none_results.csv
179,201,vehicle,low,none,0.8125421488631003,Java_low_Java_none_results.csv
179,189,vehicle,low,none,0.7937824944253804,Java_low_Java_none_results.csv
179,181,vehicle,low,none,0.7992394183120918,Java_low_Java_none_results.csv
179,163,vehicle,low,none,0.8389766590595215,Java_low_Java_none_results.csv
176,216,vehicle,low,none,0.87481155732342,Java_low_Java_none_results.csv
180,3,vehicle,low,none,0.8046816799880404,Java_low_Java_none_results.csv
180,5,vehicle,low,none,0.7251168729911582,Java_low_Java_none_results.csv
180,28,vehicle,low,none,0.7685258478805024,Java_low_Java_none_results.csv
180,93,vehicle,low,none,0.8642393427001794,Java_low_Java_none_results.csv
180,30,vehicle,low,none,0.7687749131421254,Java_low_Java_none_results.csv
179,12,vehicle,low,none,0.7741459212418553,Java_low_Java_none_results.csv
180,110,vehicle,low,none,0.7387834532497998,Java_low_Java_none_results.csv
180,106,vehicle,low,none,0.7919400107555666,Java_low_Java_none_results.csv
180,12,vehicle,low,none,0.8241553939080032,Java_low_Java_none_results.csv
180,36,vehicle,low,none,0.8073643038144129,Java_low_Java_none_results.csv
180,59,vehicle,low,none,0.824989401092436,Java_low_Java_none_results.csv
180,96,vehicle,low,none,0.7715883278931086,Java_low_Java_none_results.csv
180,141,vehicle,low,none,0.7454131512974415,Java_low_Java_none_results.csv
180,189,vehicle,low,none,0.7821811020874936,Java_low_Java_none_results.csv
180,204,vehicle,low,none,0.9196466559230554,Java_low_Java_none_results.csv
180,163,vehicle,low,none,0.7870183152595269,Java_low_Java_none_results.csv
180,201,vehicle,low,none,0.7755740728111823,Java_low_Java_none_results.csv
179,196,vehicle,low,none,0.8042954891982721,Java_low_Java_none_results.csv
180,216,vehicle,low,none,0.8153740976612622,Java_low_Java_none_results.csv
176,106,vehicle,low,none,0.8619796070395909,Java_low_Java_none_results.csv
180,154,vehicle,low,none,0.7997760441282822,Java_low_Java_none_results.csv
180,211,vehicle,low,none,0.7441726719709623,Java_low_Java_none_results.csv
180,196,vehicle,low,none,0.783911521261891,Java_low_Java_none_results.csv
180,116,vehicle,low,none,0.7625675676157664,Java_low_Java_none_results.csv
180,181,vehicle,low,none,0.7428642027828533,Java_low_Java_none_results.csv
176,116,vehicle,low,none,0.7326274846880899,Java_low_Java_none_results.csv
170,196,vehicle,low,none,0.8079142865022911,Java_low_Java_none_results.csv
182,3,vehicle,low,none,0.8242939217466047,Java_low_Java_none_results.csv
182,36,vehicle,low,none,0.8505020116217766,Java_low_Java_none_results.csv
182,5,vehicle,low,none,0.8029168443356304,Java_low_Java_none_results.csv
179,211,vehicle,low,none,0.792338876289984,Java_low_Java_none_results.csv
182,30,vehicle,low,none,0.8299185358207061,Java_low_Java_none_results.csv
179,216,vehicle,low,none,0.8760645609589315,Java_low_Java_none_results.csv
182,93,vehicle,low,none,0.9084763943133596,Java_low_Java_none_results.csv
182,106,vehicle,low,none,0.8509807449152834,Java_low_Java_none_results.csv
179,116,vehicle,low,none,0.7321914328447424,Java_low_Java_none_results.csv
182,59,vehicle,low,none,0.8321962153617828,Java_low_Java_none_results.csv
182,201,vehicle,low,none,0.8680988667211287,Java_low_Java_none_results.csv
182,181,vehicle,low,none,0.834069162320716,Java_low_Java_none_results.csv
182,116,vehicle,low,none,0.787612414328796,Java_low_Java_none_results.csv
176,196,vehicle,low,none,0.7470838194733844,Java_low_Java_none_results.csv
182,28,vehicle,low,none,0.8193350623508783,Java_low_Java_none_results.csv
182,141,vehicle,low,none,0.8117992809381498,Java_low_Java_none_results.csv
182,204,vehicle,low,none,0.957335380316094,Java_low_Java_none_results.csv
179,59,vehicle,low,none,0.8337953976657317,Java_low_Java_none_results.csv
182,216,vehicle,low,none,0.8801727095970941,Java_low_Java_none_results.csv
183,30,vehicle,low,none,0.7652421747609628,Java_low_Java_none_results.csv
183,5,vehicle,low,none,0.7082286295694459,Java_low_Java_none_results.csv
183,93,vehicle,low,none,0.8663705615145304,Java_low_Java_none_results.csv
182,211,vehicle,low,none,0.7777647285592247,Java_low_Java_none_results.csv
183,28,vehicle,low,none,0.7543450912533065,Java_low_Java_none_results.csv
183,110,vehicle,low,none,0.7500568629650604,Java_low_Java_none_results.csv
183,59,vehicle,low,none,0.7928798206348258,Java_low_Java_none_results.csv
183,106,vehicle,low,none,0.7903102516814958,Java_low_Java_none_results.csv
182,196,vehicle,low,none,0.8099169350096805,Java_low_Java_none_results.csv
182,189,vehicle,low,none,0.8222401460343016,Java_low_Java_none_results.csv
183,96,vehicle,low,none,0.7168606983491458,Java_low_Java_none_results.csv
182,110,vehicle,low,none,0.811346890541399,Java_low_Java_none_results.csv
183,189,vehicle,low,none,0.7891766141125993,Java_low_Java_none_results.csv
183,181,vehicle,low,none,0.7460387548604325,Java_low_Java_none_results.csv
183,116,vehicle,low,none,0.751659985109125,Java_low_Java_none_results.csv
183,201,vehicle,low,none,0.8318840912248845,Java_low_Java_none_results.csv
183,204,vehicle,low,none,0.9515257493339886,Java_low_Java_none_results.csv
183,163,vehicle,low,none,0.7982025156228032,Java_low_Java_none_results.csv
183,216,vehicle,low,none,0.849143580274519,Java_low_Java_none_results.csv
183,36,vehicle,low,none,0.7868207156501807,Java_low_Java_none_results.csv
183,211,vehicle,low,none,0.7373886745158198,Java_low_Java_none_results.csv
200,3,vehicle,low,none,0.8153387515156447,Java_low_Java_none_results.csv
200,5,vehicle,low,none,0.7560819020173304,Java_low_Java_none_results.csv
200,30,vehicle,low,none,0.7956755123723711,Java_low_Java_none_results.csv
200,28,vehicle,low,none,0.7748732395348787,Java_low_Java_none_results.csv
200,93,vehicle,low,none,0.8284700874047279,Java_low_Java_none_results.csv
183,3,vehicle,low,none,0.7925619890971611,Java_low_Java_none_results.csv
183,154,vehicle,low,none,0.7708772714998633,Java_low_Java_none_results.csv
176,154,vehicle,low,none,0.7654800566443121,Java_low_Java_none_results.csv
183,141,vehicle,low,none,0.7434965401334936,Java_low_Java_none_results.csv
182,163,vehicle,low,none,0.8450586535379021,Java_low_Java_none_results.csv
200,106,vehicle,low,none,0.8126495206730332,Java_low_Java_none_results.csv
200,116,vehicle,low,none,0.8052618241544841,Java_low_Java_none_results.csv
200,96,vehicle,low,none,0.7775385048283774,Java_low_Java_none_results.csv
200,59,vehicle,low,none,0.7973742629428474,Java_low_Java_none_results.csv
200,163,vehicle,low,none,0.7795086913125607,Java_low_Java_none_results.csv
200,110,vehicle,low,none,0.767530873048956,Java_low_Java_none_results.csv
183,12,vehicle,low,none,0.7795801331894466,Java_low_Java_none_results.csv
200,204,vehicle,low,none,0.9366466274944468,Java_low_Java_none_results.csv
182,154,vehicle,low,none,0.808110743564802,Java_low_Java_none_results.csv
200,201,vehicle,low,none,0.833346880409995,Java_low_Java_none_results.csv
200,36,vehicle,low,none,0.7740680217408331,Java_low_Java_none_results.csv
200,216,vehicle,low,none,0.8555552524417146,Java_low_Java_none_results.csv
182,96,vehicle,low,none,0.7884892532838204,Java_low_Java_none_results.csv
200,211,vehicle,low,none,0.787544357899532,Java_low_Java_none_results.csv
200,181,vehicle,low,none,0.7727703469166584,Java_low_Java_none_results.csv
200,196,vehicle,low,none,0.8539676963164183,Java_low_Java_none_results.csv
200,154,vehicle,low,none,0.8364306255209761,Java_low_Java_none_results.csv
200,189,vehicle,low,none,0.7778931870177437,Java_low_Java_none_results.csv
200,12,vehicle,low,none,0.8200926960706285,Java_low_Java_none_results.csv
182,12,vehicle,low,none,0.7947016409128173,Java_low_Java_none_results.csv
200,141,vehicle,low,none,0.80699345955628,Java_low_Java_none_results.csv
179,154,vehicle,low,none,0.7640826717798438,Java_low_Java_none_results.csv
183,196,vehicle,low,none,0.8039068420059025,Java_low_Java_none_results.csv
18,30,vehicle,medium,none,0.8207523419299521,Java_medium_Java_none_results.csv
16,216,vehicle,medium,none,0.8764381498910385,Java_medium_Java_none_results.csv
18,59,vehicle,medium,none,0.764387105153463,Java_medium_Java_none_results.csv
17,189,vehicle,medium,none,0.7849664487433952,Java_medium_Java_none_results.csv
4,12,vehicle,medium,none,0.7793087020482989,Java_medium_Java_none_results.csv
18,196,vehicle,medium,none,0.8459989341328198,Java_medium_Java_none_results.csv
17,181,vehicle,medium,none,0.7825566785882628,Java_medium_Java_none_results.csv
6,216,vehicle,medium,none,0.8552320651302858,Java_medium_Java_none_results.csv
6,204,vehicle,medium,none,0.9268301700830556,Java_medium_Java_none_results.csv
16,3,vehicle,medium,none,0.8085737725149126,Java_medium_Java_none_results.csv
17,5,vehicle,medium,none,0.7813583166799006,Java_medium_Java_none_results.csv
6,116,vehicle,medium,none,0.8100328307485802,Java_medium_Java_none_results.csv
17,196,vehicle,medium,none,0.7957744648665721,Java_medium_Java_none_results.csv
18,93,vehicle,medium,none,0.9004598612011737,Java_medium_Java_none_results.csv
16,116,vehicle,medium,none,0.6977818566093834,Java_medium_Java_none_results.csv
17,201,vehicle,medium,none,0.7870269342131994,Java_medium_Java_none_results.csv
17,28,vehicle,medium,none,0.7421938579240523,Java_medium_Java_none_results.csv
4,154,vehicle,medium,none,0.824934512984891,Java_medium_Java_none_results.csv
17,12,vehicle,medium,none,0.7665999994440457,Java_medium_Java_none_results.csv
18,106,vehicle,medium,none,0.8232666695239261,Java_medium_Java_none_results.csv
4,106,vehicle,medium,none,0.8575690758311287,Java_medium_Java_none_results.csv
6,30,vehicle,medium,none,0.791462676487824,Java_medium_Java_none_results.csv
18,96,vehicle,medium,none,0.8010139246783061,Java_medium_Java_none_results.csv
18,110,vehicle,medium,none,0.8178318223390586,Java_medium_Java_none_results.csv
6,59,vehicle,medium,none,0.8154309464085654,Java_medium_Java_none_results.csv
6,211,vehicle,medium,none,0.7985706424482503,Java_medium_Java_none_results.csv
18,116,vehicle,medium,none,0.8032210593046107,Java_medium_Java_none_results.csv
4,59,vehicle,medium,none,0.7992992304098697,Java_medium_Java_none_results.csv
16,141,vehicle,medium,none,0.7406742215613278,Java_medium_Java_none_results.csv
6,93,vehicle,medium,none,0.8698584726078625,Java_medium_Java_none_results.csv
17,36,vehicle,medium,none,0.8187793745657598,Java_medium_Java_none_results.csv
18,141,vehicle,medium,none,0.7741149050373506,Java_medium_Java_none_results.csv
6,36,vehicle,medium,none,0.844697270636758,Java_medium_Java_none_results.csv
4,141,vehicle,medium,none,0.8066704511540632,Java_medium_Java_none_results.csv
4,30,vehicle,medium,none,0.7949306875267589,Java_medium_Java_none_results.csv
19,93,vehicle,medium,none,0.8626980894665076,Java_medium_Java_none_results.csv
16,12,vehicle,medium,none,0.7426351973767847,Java_medium_Java_none_results.csv
4,116,vehicle,medium,none,0.7338123085108318,Java_medium_Java_none_results.csv
18,189,vehicle,medium,none,0.8245544625840437,Java_medium_Java_none_results.csv
17,216,vehicle,medium,none,0.8596229136837465,Java_medium_Java_none_results.csv
6,106,vehicle,medium,none,0.8412922595145964,Java_medium_Java_none_results.csv
4,216,vehicle,medium,none,0.8550518633699101,Java_medium_Java_none_results.csv
16,5,vehicle,medium,none,0.7759632410658325,Java_medium_Java_none_results.csv
19,59,vehicle,medium,none,0.8200459938901288,Java_medium_Java_none_results.csv
4,93,vehicle,medium,none,0.9101307383208598,Java_medium_Java_none_results.csv
16,30,vehicle,medium,none,0.7936224646369799,Java_medium_Java_none_results.csv
6,96,vehicle,medium,none,0.8391873822756962,Java_medium_Java_none_results.csv
17,59,vehicle,medium,none,0.7965016400877347,Java_medium_Java_none_results.csv
16,28,vehicle,medium,none,0.7484504778052087,Java_medium_Java_none_results.csv
6,141,vehicle,medium,none,0.8358172667806698,Java_medium_Java_none_results.csv
6,110,vehicle,medium,none,0.7959559287515731,Java_medium_Java_none_results.csv
4,110,vehicle,medium,none,0.7677183343232842,Java_medium_Java_none_results.csv
17,30,vehicle,medium,none,0.7942403081766201,Java_medium_Java_none_results.csv
4,204,vehicle,medium,none,0.9600791071112712,Java_medium_Java_none_results.csv
16,36,vehicle,medium,none,0.8385029575671572,Java_medium_Java_none_results.csv
19,36,vehicle,medium,none,0.7715694420047667,Java_medium_Java_none_results.csv
4,5,vehicle,medium,none,0.8261497141847266,Java_medium_Java_none_results.csv
18,163,vehicle,medium,none,0.761682277769318,Java_medium_Java_none_results.csv
4,163,vehicle,medium,none,0.7759874535875136,Java_medium_Java_none_results.csv
4,36,vehicle,medium,none,0.8457532985424974,Java_medium_Java_none_results.csv
16,163,vehicle,medium,none,0.7866162110698219,Java_medium_Java_none_results.csv
19,30,vehicle,medium,none,0.8114592809298764,Java_medium_Java_none_results.csv
16,59,vehicle,medium,none,0.806255533316581,Java_medium_Java_none_results.csv
4,196,vehicle,medium,none,0.8255091765345479,Java_medium_Java_none_results.csv
4,189,vehicle,medium,none,0.7654666666655038,Java_medium_Java_none_results.csv
17,96,vehicle,medium,none,0.7501127644193495,Java_medium_Java_none_results.csv
16,96,vehicle,medium,none,0.7432698284282587,Java_medium_Java_none_results.csv
17,204,vehicle,medium,none,0.9563327764590814,Java_medium_Java_none_results.csv
19,12,vehicle,medium,none,0.855824940759815,Java_medium_Java_none_results.csv
16,181,vehicle,medium,none,0.7778304823146337,Java_medium_Java_none_results.csv
16,93,vehicle,medium,none,0.9199654124050004,Java_medium_Java_none_results.csv
17,93,vehicle,medium,none,0.9050597788569192,Java_medium_Java_none_results.csv
4,201,vehicle,medium,none,0.7698280427470962,Java_medium_Java_none_results.csv
17,110,vehicle,medium,none,0.7673812399920682,Java_medium_Java_none_results.csv
19,28,vehicle,medium,none,0.8100910847392159,Java_medium_Java_none_results.csv
6,163,vehicle,medium,none,0.784948938516389,Java_medium_Java_none_results.csv
18,3,vehicle,medium,none,0.8322289649164551,Java_medium_Java_none_results.csv
16,106,vehicle,medium,none,0.8237803667953827,Java_medium_Java_none_results.csv
17,106,vehicle,medium,none,0.7903517766253362,Java_medium_Java_none_results.csv
4,181,vehicle,medium,none,0.8134017250579977,Java_medium_Java_none_results.csv
19,3,vehicle,medium,none,0.8389363318407896,Java_medium_Java_none_results.csv
16,196,vehicle,medium,none,0.8030909493701276,Java_medium_Java_none_results.csv
16,154,vehicle,medium,none,0.775706774473486,Java_medium_Java_none_results.csv
19,5,vehicle,medium,none,0.8150647975399683,Java_medium_Java_none_results.csv
16,189,vehicle,medium,none,0.771512287945829,Java_medium_Java_none_results.csv
6,181,vehicle,medium,none,0.8442726225651047,Java_medium_Java_none_results.csv
17,116,vehicle,medium,none,0.7531969297076857,Java_medium_Java_none_results.csv
18,12,vehicle,medium,none,0.8201824280323904,Java_medium_Java_none_results.csv
4,211,vehicle,medium,none,0.7281611427267218,Java_medium_Java_none_results.csv
18,216,vehicle,medium,none,0.8683138682343972,Java_medium_Java_none_results.csv
6,154,vehicle,medium,none,0.8369606386792654,Java_medium_Java_none_results.csv
18,5,vehicle,medium,none,0.8071230284595384,Java_medium_Java_none_results.csv
16,201,vehicle,medium,none,0.8043324902767902,Java_medium_Java_none_results.csv
6,5,vehicle,medium,none,0.8053547510960933,Java_medium_Java_none_results.csv
18,181,vehicle,medium,none,0.8267454566851639,Java_medium_Java_none_results.csv
4,28,vehicle,medium,none,0.7886152159342636,Java_medium_Java_none_results.csv
17,211,vehicle,medium,none,0.7509488654251963,Java_medium_Java_none_results.csv
6,196,vehicle,medium,none,0.8503454775470647,Java_medium_Java_none_results.csv
6,3,vehicle,medium,none,0.8281636480246574,Java_medium_Java_none_results.csv
16,110,vehicle,medium,none,0.7645477292320982,Java_medium_Java_none_results.csv
18,28,vehicle,medium,none,0.8010965147091027,Java_medium_Java_none_results.csv
6,189,vehicle,medium,none,0.8031868275358105,Java_medium_Java_none_results.csv
17,154,vehicle,medium,none,0.7833114503594314,Java_medium_Java_none_results.csv
6,12,vehicle,medium,none,0.8480732990421135,Java_medium_Java_none_results.csv
18,204,vehicle,medium,none,0.9437600739817552,Java_medium_Java_none_results.csv
18,154,vehicle,medium,none,0.8076456089249232,Java_medium_Java_none_results.csv
16,211,vehicle,medium,none,0.7561320269476295,Java_medium_Java_none_results.csv
17,141,vehicle,medium,none,0.7330037390325844,Java_medium_Java_none_results.csv
6,201,vehicle,medium,none,0.8207072667986358,Java_medium_Java_none_results.csv
18,211,vehicle,medium,none,0.7657794287957583,Java_medium_Java_none_results.csv
16,204,vehicle,medium,none,0.967802679784662,Java_medium_Java_none_results.csv
6,28,vehicle,medium,none,0.8223442037454629,Java_medium_Java_none_results.csv
18,36,vehicle,medium,none,0.8162443911933693,Java_medium_Java_none_results.csv
4,96,vehicle,medium,none,0.8147016531427668,Java_medium_Java_none_results.csv
17,163,vehicle,medium,none,0.7967165374235573,Java_medium_Java_none_results.csv
18,201,vehicle,medium,none,0.8325809261721089,Java_medium_Java_none_results.csv
17,3,vehicle,medium,none,0.8033459224136607,Java_medium_Java_none_results.csv
4,3,vehicle,medium,none,0.8282306160362282,Java_medium_Java_none_results.csv
19,204,vehicle,medium,none,0.9235530581299644,Java_medium_Java_none_results.csv
19,110,vehicle,medium,none,0.7971365898759379,Java_medium_Java_none_results.csv
19,189,vehicle,medium,none,0.8217827576519959,Java_medium_Java_none_results.csv
19,201,vehicle,medium,none,0.8281259162893423,Java_medium_Java_none_results.csv
19,181,vehicle,medium,none,0.8140137934915883,Java_medium_Java_none_results.csv
19,216,vehicle,medium,none,0.8409314424845284,Java_medium_Java_none_results.csv
19,163,vehicle,medium,none,0.7562221076483504,Java_medium_Java_none_results.csv
19,96,vehicle,medium,none,0.8614232429077731,Java_medium_Java_none_results.csv
19,106,vehicle,medium,none,0.8025112064722834,Java_medium_Java_none_results.csv
19,116,vehicle,medium,none,0.8324623472395215,Java_medium_Java_none_results.csv
20,28,vehicle,medium,none,0.7655556153522773,Java_medium_Java_none_results.csv
19,211,vehicle,medium,none,0.8051422094812302,Java_medium_Java_none_results.csv
20,93,vehicle,medium,none,0.8989910540935062,Java_medium_Java_none_results.csv
20,5,vehicle,medium,none,0.7397074199446458,Java_medium_Java_none_results.csv
19,141,vehicle,medium,none,0.8039862850699092,Java_medium_Java_none_results.csv
20,36,vehicle,medium,none,0.8175801856367789,Java_medium_Java_none_results.csv
20,30,vehicle,medium,none,0.7743612210275214,Java_medium_Java_none_results.csv
19,196,vehicle,medium,none,0.8629238802158135,Java_medium_Java_none_results.csv
20,110,vehicle,medium,none,0.7211214502616188,Java_medium_Java_none_results.csv
20,204,vehicle,medium,none,0.9542043639809276,Java_medium_Java_none_results.csv
20,3,vehicle,medium,none,0.8054911536928844,Java_medium_Java_none_results.csv
20,106,vehicle,medium,none,0.8363985722302266,Java_medium_Java_none_results.csv
20,189,vehicle,medium,none,0.7661562910559786,Java_medium_Java_none_results.csv
20,163,vehicle,medium,none,0.8036857017772279,Java_medium_Java_none_results.csv
20,201,vehicle,medium,none,0.8138583830224108,Java_medium_Java_none_results.csv
20,96,vehicle,medium,none,0.7316588322301403,Java_medium_Java_none_results.csv
20,216,vehicle,medium,none,0.8570725466280171,Java_medium_Java_none_results.csv
20,141,vehicle,medium,none,0.7753598000556123,Java_medium_Java_none_results.csv
20,181,vehicle,medium,none,0.7434786042971275,Java_medium_Java_none_results.csv
20,116,vehicle,medium,none,0.7200740734363223,Java_medium_Java_none_results.csv
20,59,vehicle,medium,none,0.8407798505783971,Java_medium_Java_none_results.csv
19,154,vehicle,medium,none,0.8331955057858598,Java_medium_Java_none_results.csv
20,12,vehicle,medium,none,0.7614951503130086,Java_medium_Java_none_results.csv
24,5,vehicle,medium,none,0.7658561790274311,Java_medium_Java_none_results.csv
24,3,vehicle,medium,none,0.8041610313488736,Java_medium_Java_none_results.csv
24,93,vehicle,medium,none,0.8880247341943108,Java_medium_Java_none_results.csv
24,36,vehicle,medium,none,0.8329328541708786,Java_medium_Java_none_results.csv
24,28,vehicle,medium,none,0.7611026362964761,Java_medium_Java_none_results.csv
24,30,vehicle,medium,none,0.8090115577256712,Java_medium_Java_none_results.csv
24,204,vehicle,medium,none,0.9596410116372436,Java_medium_Java_none_results.csv
20,211,vehicle,medium,none,0.7514019849811686,Java_medium_Java_none_results.csv
24,189,vehicle,medium,none,0.7338656597427694,Java_medium_Java_none_results.csv
24,110,vehicle,medium,none,0.7432266317796498,Java_medium_Java_none_results.csv
24,106,vehicle,medium,none,0.8353754526295728,Java_medium_Java_none_results.csv
24,181,vehicle,medium,none,0.7822353006507542,Java_medium_Java_none_results.csv
24,201,vehicle,medium,none,0.7934103732095709,Java_medium_Java_none_results.csv
20,154,vehicle,medium,none,0.8134964585543185,Java_medium_Java_none_results.csv
24,163,vehicle,medium,none,0.8190514245257602,Java_medium_Java_none_results.csv
24,116,vehicle,medium,none,0.765642894884638,Java_medium_Java_none_results.csv
24,96,vehicle,medium,none,0.7385324134518879,Java_medium_Java_none_results.csv
24,141,vehicle,medium,none,0.7634699946805483,Java_medium_Java_none_results.csv
20,196,vehicle,medium,none,0.795395428672344,Java_medium_Java_none_results.csv
24,59,vehicle,medium,none,0.8445400436046296,Java_medium_Java_none_results.csv
24,216,vehicle,medium,none,0.8637948248972105,Java_medium_Java_none_results.csv
25,93,vehicle,medium,none,0.8946456772320199,Java_medium_Java_none_results.csv
25,28,vehicle,medium,none,0.7970358042901879,Java_medium_Java_none_results.csv
25,30,vehicle,medium,none,0.7400694392406523,Java_medium_Java_none_results.csv
25,36,vehicle,medium,none,0.8494156089745877,Java_medium_Java_none_results.csv
24,211,vehicle,medium,none,0.7357029533057607,Java_medium_Java_none_results.csv
25,5,vehicle,medium,none,0.7341314992972617,Java_medium_Java_none_results.csv
24,12,vehicle,medium,none,0.773842849951647,Java_medium_Java_none_results.csv
25,110,vehicle,medium,none,0.724602254956549,Java_medium_Java_none_results.csv
25,204,vehicle,medium,none,0.9673276870429732,Java_medium_Java_none_results.csv
25,3,vehicle,medium,none,0.7887284995729684,Java_medium_Java_none_results.csv
25,201,vehicle,medium,none,0.7936012374279203,Java_medium_Java_none_results.csv
25,189,vehicle,medium,none,0.7948358575852714,Java_medium_Java_none_results.csv
25,106,vehicle,medium,none,0.8199620408134786,Java_medium_Java_none_results.csv
25,216,vehicle,medium,none,0.8293825952931398,Java_medium_Java_none_results.csv
25,116,vehicle,medium,none,0.7287817861543847,Java_medium_Java_none_results.csv
25,96,vehicle,medium,none,0.7588693228967501,Java_medium_Java_none_results.csv
25,141,vehicle,medium,none,0.7938009845528253,Java_medium_Java_none_results.csv
25,59,vehicle,medium,none,0.8535094248064552,Java_medium_Java_none_results.csv
24,196,vehicle,medium,none,0.8419122777708442,Java_medium_Java_none_results.csv
24,154,vehicle,medium,none,0.8153534023476203,Java_medium_Java_none_results.csv
25,181,vehicle,medium,none,0.7732925753459975,Java_medium_Java_none_results.csv
32,93,vehicle,medium,none,0.9054279944413458,Java_medium_Java_none_results.csv
25,163,vehicle,medium,none,0.8427791285438502,Java_medium_Java_none_results.csv
32,3,vehicle,medium,none,0.7621435648755372,Java_medium_Java_none_results.csv
32,28,vehicle,medium,none,0.7184613488920047,Java_medium_Java_none_results.csv
32,36,vehicle,medium,none,0.8413361258864689,Java_medium_Java_none_results.csv
25,211,vehicle,medium,none,0.7570331302841254,Java_medium_Java_none_results.csv
32,30,vehicle,medium,none,0.7465244398715707,Java_medium_Java_none_results.csv
32,5,vehicle,medium,none,0.7469709445178827,Java_medium_Java_none_results.csv
32,204,vehicle,medium,none,0.9610989820127404,Java_medium_Java_none_results.csv
32,189,vehicle,medium,none,0.7302761770931774,Java_medium_Java_none_results.csv
32,106,vehicle,medium,none,0.8297648131506846,Java_medium_Java_none_results.csv
32,201,vehicle,medium,none,0.7644020467157385,Java_medium_Java_none_results.csv
32,110,vehicle,medium,none,0.7169247566678763,Java_medium_Java_none_results.csv
32,96,vehicle,medium,none,0.7173760408417149,Java_medium_Java_none_results.csv
32,181,vehicle,medium,none,0.7514927256932944,Java_medium_Java_none_results.csv
25,12,vehicle,medium,none,0.7962047717203032,Java_medium_Java_none_results.csv
32,163,vehicle,medium,none,0.7847463507417973,Java_medium_Java_none_results.csv
32,216,vehicle,medium,none,0.8318170804514458,Java_medium_Java_none_results.csv
32,141,vehicle,medium,none,0.7690179594810328,Java_medium_Java_none_results.csv
32,116,vehicle,medium,none,0.6896467176104962,Java_medium_Java_none_results.csv
32,12,vehicle,medium,none,0.7808539900629807,Java_medium_Java_none_results.csv
33,93,vehicle,medium,none,0.8987233675145948,Java_medium_Java_none_results.csv
33,28,vehicle,medium,none,0.7902905813584142,Java_medium_Java_none_results.csv
32,59,vehicle,medium,none,0.8166658698111291,Java_medium_Java_none_results.csv
33,36,vehicle,medium,none,0.8544254415867157,Java_medium_Java_none_results.csv
33,5,vehicle,medium,none,0.8068314527424774,Java_medium_Java_none_results.csv
33,30,vehicle,medium,none,0.7808271817001562,Java_medium_Java_none_results.csv
25,154,vehicle,medium,none,0.7927677941640899,Java_medium_Java_none_results.csv
32,211,vehicle,medium,none,0.7066563172668856,Java_medium_Java_none_results.csv
33,3,vehicle,medium,none,0.8212912958173311,Java_medium_Java_none_results.csv
33,204,vehicle,medium,none,0.9599975680718664,Java_medium_Java_none_results.csv
32,154,vehicle,medium,none,0.8221182978015612,Java_medium_Java_none_results.csv
25,196,vehicle,medium,none,0.784188674098053,Java_medium_Java_none_results.csv
33,106,vehicle,medium,none,0.8395828017658578,Java_medium_Java_none_results.csv
32,196,vehicle,medium,none,0.8233746134900315,Java_medium_Java_none_results.csv
33,201,vehicle,medium,none,0.830429620377447,Java_medium_Java_none_results.csv
33,189,vehicle,medium,none,0.7977377411733645,Java_medium_Java_none_results.csv
33,110,vehicle,medium,none,0.7853094736251155,Java_medium_Java_none_results.csv
33,181,vehicle,medium,none,0.8116497699215026,Java_medium_Java_none_results.csv
33,96,vehicle,medium,none,0.7949041038304673,Java_medium_Java_none_results.csv
33,216,vehicle,medium,none,0.8594835245979868,Java_medium_Java_none_results.csv
33,116,vehicle,medium,none,0.7912875142870301,Java_medium_Java_none_results.csv
33,141,vehicle,medium,none,0.7987647891606839,Java_medium_Java_none_results.csv
33,59,vehicle,medium,none,0.8535316944093911,Java_medium_Java_none_results.csv
40,93,vehicle,medium,none,0.8788097190747152,Java_medium_Java_none_results.csv
40,3,vehicle,medium,none,0.8481648106072811,Java_medium_Java_none_results.csv
33,12,vehicle,medium,none,0.8129677765734292,Java_medium_Java_none_results.csv
40,28,vehicle,medium,none,0.7801881815331574,Java_medium_Java_none_results.csv
40,36,vehicle,medium,none,0.8069676578082616,Java_medium_Java_none_results.csv
40,30,vehicle,medium,none,0.807928742450303,Java_medium_Java_none_results.csv
40,5,vehicle,medium,none,0.7832838646866167,Java_medium_Java_none_results.csv
33,163,vehicle,medium,none,0.8554368176015302,Java_medium_Java_none_results.csv
40,110,vehicle,medium,none,0.7641333686665923,Java_medium_Java_none_results.csv
40,204,vehicle,medium,none,0.9212282551761914,Java_medium_Java_none_results.csv
33,211,vehicle,medium,none,0.7826052373913133,Java_medium_Java_none_results.csv
40,106,vehicle,medium,none,0.8112914688035121,Java_medium_Java_none_results.csv
40,181,vehicle,medium,none,0.7936192524953165,Java_medium_Java_none_results.csv
40,189,vehicle,medium,none,0.8146166263344699,Java_medium_Java_none_results.csv
40,96,vehicle,medium,none,0.8012691902111359,Java_medium_Java_none_results.csv
40,116,vehicle,medium,none,0.7956543193326158,Java_medium_Java_none_results.csv
40,201,vehicle,medium,none,0.8046348656888248,Java_medium_Java_none_results.csv
40,163,vehicle,medium,none,0.7846812525831487,Java_medium_Java_none_results.csv
40,216,vehicle,medium,none,0.8633783417784037,Java_medium_Java_none_results.csv
40,59,vehicle,medium,none,0.7929671194205191,Java_medium_Java_none_results.csv
42,93,vehicle,medium,none,0.8293318047027703,Java_medium_Java_none_results.csv
42,28,vehicle,medium,none,0.8150315065732587,Java_medium_Java_none_results.csv
42,36,vehicle,medium,none,0.815344513169447,Java_medium_Java_none_results.csv
40,141,vehicle,medium,none,0.7783955544377641,Java_medium_Java_none_results.csv
33,196,vehicle,medium,none,0.8177911898470237,Java_medium_Java_none_results.csv
42,5,vehicle,medium,none,0.7776598204315517,Java_medium_Java_none_results.csv
42,3,vehicle,medium,none,0.8295479079782332,Java_medium_Java_none_results.csv
42,110,vehicle,medium,none,0.791283994320228,Java_medium_Java_none_results.csv
33,154,vehicle,medium,none,0.8107388491661253,Java_medium_Java_none_results.csv
42,30,vehicle,medium,none,0.7784977995814997,Java_medium_Java_none_results.csv
40,12,vehicle,medium,none,0.8442647280588522,Java_medium_Java_none_results.csv
42,106,vehicle,medium,none,0.8178011960025904,Java_medium_Java_none_results.csv
42,204,vehicle,medium,none,0.8904144101683723,Java_medium_Java_none_results.csv
40,211,vehicle,medium,none,0.7766538743521335,Java_medium_Java_none_results.csv
42,96,vehicle,medium,none,0.8657102318226572,Java_medium_Java_none_results.csv
42,181,vehicle,medium,none,0.8095355833128798,Java_medium_Java_none_results.csv
42,201,vehicle,medium,none,0.7949815626044813,Java_medium_Java_none_results.csv
42,116,vehicle,medium,none,0.8360879695556496,Java_medium_Java_none_results.csv
42,12,vehicle,medium,none,0.8722776721341627,Java_medium_Java_none_results.csv
40,154,vehicle,medium,none,0.8060793894511555,Java_medium_Java_none_results.csv
42,189,vehicle,medium,none,0.7834090336359827,Java_medium_Java_none_results.csv
42,59,vehicle,medium,none,0.8803453180709929,Java_medium_Java_none_results.csv
42,141,vehicle,medium,none,0.8414732871033865,Java_medium_Java_none_results.csv
42,216,vehicle,medium,none,0.8148004145044577,Java_medium_Java_none_results.csv
40,196,vehicle,medium,none,0.8286560214902143,Java_medium_Java_none_results.csv
42,163,vehicle,medium,none,0.8535290216103146,Java_medium_Java_none_results.csv
42,211,vehicle,medium,none,0.8009646092194411,Java_medium_Java_none_results.csv
50,93,vehicle,medium,none,0.9018416615882228,Java_medium_Java_none_results.csv
42,154,vehicle,medium,none,0.8551890061629571,Java_medium_Java_none_results.csv
50,28,vehicle,medium,none,0.8375594152645062,Java_medium_Java_none_results.csv
42,196,vehicle,medium,none,0.8408537825036002,Java_medium_Java_none_results.csv
50,36,vehicle,medium,none,0.8372276694863575,Java_medium_Java_none_results.csv
50,30,vehicle,medium,none,0.8522892318480854,Java_medium_Java_none_results.csv
50,5,vehicle,medium,none,0.8386303321334504,Java_medium_Java_none_results.csv
50,204,vehicle,medium,none,0.9627200808324824,Java_medium_Java_none_results.csv
50,110,vehicle,medium,none,0.8308391024890294,Java_medium_Java_none_results.csv
50,189,vehicle,medium,none,0.8134555216357172,Java_medium_Java_none_results.csv
50,181,vehicle,medium,none,0.8497726457266326,Java_medium_Java_none_results.csv
50,201,vehicle,medium,none,0.8186713838803031,Java_medium_Java_none_results.csv
51,3,vehicle,medium,none,0.7902538668445078,Java_medium_Java_none_results.csv
51,5,vehicle,medium,none,0.7710635609679557,Java_medium_Java_none_results.csv
50,116,vehicle,medium,none,0.8381802692890309,Java_medium_Java_none_results.csv
51,93,vehicle,medium,none,0.8423451952385794,Java_medium_Java_none_results.csv
51,28,vehicle,medium,none,0.7259033190650713,Java_medium_Java_none_results.csv
51,30,vehicle,medium,none,0.7467841991768397,Java_medium_Java_none_results.csv
50,96,vehicle,medium,none,0.8326029818374834,Java_medium_Java_none_results.csv
51,36,vehicle,medium,none,0.7723413417751606,Java_medium_Java_none_results.csv
50,216,vehicle,medium,none,0.8327239363671369,Java_medium_Java_none_results.csv
50,3,vehicle,medium,none,0.8163430224240006,Java_medium_Java_none_results.csv
51,110,vehicle,medium,none,0.7248747043283325,Java_medium_Java_none_results.csv
50,59,vehicle,medium,none,0.844841114351801,Java_medium_Java_none_results.csv
50,163,vehicle,medium,none,0.8490995189775816,Java_medium_Java_none_results.csv
51,59,vehicle,medium,none,0.8349412491059737,Java_medium_Java_none_results.csv
51,106,vehicle,medium,none,0.8139899241334311,Java_medium_Java_none_results.csv
51,163,vehicle,medium,none,0.7905550085320342,Java_medium_Java_none_results.csv
51,96,vehicle,medium,none,0.796518373299236,Java_medium_Java_none_results.csv
50,141,vehicle,medium,none,0.8048980127740969,Java_medium_Java_none_results.csv
51,116,vehicle,medium,none,0.7801524749716682,Java_medium_Java_none_results.csv
51,204,vehicle,medium,none,0.9165757996902336,Java_medium_Java_none_results.csv
50,106,vehicle,medium,none,0.8324282258065913,Java_medium_Java_none_results.csv
51,141,vehicle,medium,none,0.7720680754689966,Java_medium_Java_none_results.csv
51,189,vehicle,medium,none,0.718028946023474,Java_medium_Java_none_results.csv
51,12,vehicle,medium,none,0.8304961564692792,Java_medium_Java_none_results.csv
51,201,vehicle,medium,none,0.7179409438802702,Java_medium_Java_none_results.csv
50,211,vehicle,medium,none,0.8244811310298706,Java_medium_Java_none_results.csv
51,181,vehicle,medium,none,0.7572369369007308,Java_medium_Java_none_results.csv
51,216,vehicle,medium,none,0.8085794470825617,Java_medium_Java_none_results.csv
53,93,vehicle,medium,none,0.8254710169230365,Java_medium_Java_none_results.csv
51,211,vehicle,medium,none,0.767241012781123,Java_medium_Java_none_results.csv
53,28,vehicle,medium,none,0.7310941227715865,Java_medium_Java_none_results.csv
51,154,vehicle,medium,none,0.8421306937824956,Java_medium_Java_none_results.csv
53,36,vehicle,medium,none,0.7992485870233996,Java_medium_Java_none_results.csv
51,196,vehicle,medium,none,0.8543530430447626,Java_medium_Java_none_results.csv
53,5,vehicle,medium,none,0.7995518703585197,Java_medium_Java_none_results.csv
53,3,vehicle,medium,none,0.7986253006476215,Java_medium_Java_none_results.csv
53,110,vehicle,medium,none,0.7856693026413883,Java_medium_Java_none_results.csv
53,30,vehicle,medium,none,0.797037710811751,Java_medium_Java_none_results.csv
53,106,vehicle,medium,none,0.8003592788361271,Java_medium_Java_none_results.csv
53,204,vehicle,medium,none,0.911009437843084,Java_medium_Java_none_results.csv
53,189,vehicle,medium,none,0.7874571144498497,Java_medium_Java_none_results.csv
53,116,vehicle,medium,none,0.8486716947605512,Java_medium_Java_none_results.csv
50,12,vehicle,medium,none,0.8156971950080297,Java_medium_Java_none_results.csv
53,163,vehicle,medium,none,0.755431727559108,Java_medium_Java_none_results.csv
53,201,vehicle,medium,none,0.8118294314993507,Java_medium_Java_none_results.csv
53,96,vehicle,medium,none,0.8029519378565079,Java_medium_Java_none_results.csv
53,181,vehicle,medium,none,0.7961147509852075,Java_medium_Java_none_results.csv
53,59,vehicle,medium,none,0.7964418841945018,Java_medium_Java_none_results.csv
53,141,vehicle,medium,none,0.8186321034457977,Java_medium_Java_none_results.csv
50,196,vehicle,medium,none,0.8080981225829338,Java_medium_Java_none_results.csv
53,12,vehicle,medium,none,0.8550992342510646,Java_medium_Java_none_results.csv
53,216,vehicle,medium,none,0.8208783342411685,Java_medium_Java_none_results.csv
54,93,vehicle,medium,none,0.8678663821482505,Java_medium_Java_none_results.csv
54,3,vehicle,medium,none,0.8004230816637642,Java_medium_Java_none_results.csv
54,28,vehicle,medium,none,0.767870407535102,Java_medium_Java_none_results.csv
53,211,vehicle,medium,none,0.7838720855566262,Java_medium_Java_none_results.csv
54,36,vehicle,medium,none,0.8110977853125837,Java_medium_Java_none_results.csv
54,30,vehicle,medium,none,0.741097806581627,Java_medium_Java_none_results.csv
54,110,vehicle,medium,none,0.7160163834771087,Java_medium_Java_none_results.csv
54,5,vehicle,medium,none,0.7651056327567783,Java_medium_Java_none_results.csv
54,204,vehicle,medium,none,0.9301320166064028,Java_medium_Java_none_results.csv
53,154,vehicle,medium,none,0.8567740606013625,Java_medium_Java_none_results.csv
54,189,vehicle,medium,none,0.7372876876002109,Java_medium_Java_none_results.csv
53,196,vehicle,medium,none,0.8778431324924849,Java_medium_Java_none_results.csv
54,201,vehicle,medium,none,0.7955388408273271,Java_medium_Java_none_results.csv
54,116,vehicle,medium,none,0.7345540667650564,Java_medium_Java_none_results.csv
54,163,vehicle,medium,none,0.771787734705223,Java_medium_Java_none_results.csv
54,181,vehicle,medium,none,0.7549580671401496,Java_medium_Java_none_results.csv
54,141,vehicle,medium,none,0.8084924934518575,Java_medium_Java_none_results.csv
54,106,vehicle,medium,none,0.8511978579926093,Java_medium_Java_none_results.csv
54,216,vehicle,medium,none,0.8569532013327334,Java_medium_Java_none_results.csv
54,12,vehicle,medium,none,0.7973749066696779,Java_medium_Java_none_results.csv
54,59,vehicle,medium,none,0.7935995033819656,Java_medium_Java_none_results.csv
54,211,vehicle,medium,none,0.7546013897691677,Java_medium_Java_none_results.csv
54,96,vehicle,medium,none,0.7885857775129463,Java_medium_Java_none_results.csv
50,154,vehicle,medium,none,0.7995616817273293,Java_medium_Java_none_results.csv
55,93,vehicle,medium,none,0.9433897156144392,Java_medium_Java_none_results.csv
55,28,vehicle,medium,none,0.8355851867113597,Java_medium_Java_none_results.csv
55,36,vehicle,medium,none,0.9065118327194298,Java_medium_Java_none_results.csv
55,30,vehicle,medium,none,0.8660068697598958,Java_medium_Java_none_results.csv
55,5,vehicle,medium,none,0.8755547214993971,Java_medium_Java_none_results.csv
55,3,vehicle,medium,none,0.8701091844000567,Java_medium_Java_none_results.csv
55,204,vehicle,medium,none,0.9799747519716464,Java_medium_Java_none_results.csv
54,196,vehicle,medium,none,0.8302193430238296,Java_medium_Java_none_results.csv
55,189,vehicle,medium,none,0.838194719655061,Java_medium_Java_none_results.csv
54,154,vehicle,medium,none,0.832151002496534,Java_medium_Java_none_results.csv
55,110,vehicle,medium,none,0.8407225721622473,Java_medium_Java_none_results.csv
55,201,vehicle,medium,none,0.8549405150392658,Java_medium_Java_none_results.csv
55,116,vehicle,medium,none,0.76843813557167,Java_medium_Java_none_results.csv
55,216,vehicle,medium,none,0.9168666118451564,Java_medium_Java_none_results.csv
57,5,vehicle,medium,none,0.785322109386913,Java_medium_Java_none_results.csv
57,3,vehicle,medium,none,0.8153808517440841,Java_medium_Java_none_results.csv
55,96,vehicle,medium,none,0.8125180610877879,Java_medium_Java_none_results.csv
55,106,vehicle,medium,none,0.90615313484249,Java_medium_Java_none_results.csv
55,59,vehicle,medium,none,0.8236476730002691,Java_medium_Java_none_results.csv
57,28,vehicle,medium,none,0.787747265591921,Java_medium_Java_none_results.csv
57,36,vehicle,medium,none,0.821219126451914,Java_medium_Java_none_results.csv
55,181,vehicle,medium,none,0.8507332543948134,Java_medium_Java_none_results.csv
57,93,vehicle,medium,none,0.8601397259905947,Java_medium_Java_none_results.csv
57,30,vehicle,medium,none,0.8224479452794988,Java_medium_Java_none_results.csv
55,163,vehicle,medium,none,0.8445965609924138,Java_medium_Java_none_results.csv
55,141,vehicle,medium,none,0.8194126112198662,Java_medium_Java_none_results.csv
55,12,vehicle,medium,none,0.8079589693106382,Java_medium_Java_none_results.csv
55,211,vehicle,medium,none,0.7734433838404503,Java_medium_Java_none_results.csv
57,189,vehicle,medium,none,0.7985491399040869,Java_medium_Java_none_results.csv
57,106,vehicle,medium,none,0.7501695582797607,Java_medium_Java_none_results.csv
57,204,vehicle,medium,none,0.9394450515758292,Java_medium_Java_none_results.csv
57,110,vehicle,medium,none,0.810476096468809,Java_medium_Java_none_results.csv
57,12,vehicle,medium,none,0.8551736089980586,Java_medium_Java_none_results.csv
57,163,vehicle,medium,none,0.8199131728200855,Java_medium_Java_none_results.csv
57,141,vehicle,medium,none,0.7831875548895647,Java_medium_Java_none_results.csv
57,59,vehicle,medium,none,0.8214312184211516,Java_medium_Java_none_results.csv
57,96,vehicle,medium,none,0.8176102543605955,Java_medium_Java_none_results.csv
57,181,vehicle,medium,none,0.834399402809659,Java_medium_Java_none_results.csv
57,216,vehicle,medium,none,0.8307629534817121,Java_medium_Java_none_results.csv
57,201,vehicle,medium,none,0.8493297885978538,Java_medium_Java_none_results.csv
58,28,vehicle,medium,none,0.7833067788081935,Java_medium_Java_none_results.csv
58,30,vehicle,medium,none,0.7820680237048394,Java_medium_Java_none_results.csv
57,116,vehicle,medium,none,0.8413488634234747,Java_medium_Java_none_results.csv
58,93,vehicle,medium,none,0.8779898120612136,Java_medium_Java_none_results.csv
55,154,vehicle,medium,none,0.8521164964111864,Java_medium_Java_none_results.csv
58,5,vehicle,medium,none,0.7916965202147415,Java_medium_Java_none_results.csv
57,211,vehicle,medium,none,0.8019628118011047,Java_medium_Java_none_results.csv
58,36,vehicle,medium,none,0.8340763546388738,Java_medium_Java_none_results.csv
58,110,vehicle,medium,none,0.7333886988876946,Java_medium_Java_none_results.csv
58,3,vehicle,medium,none,0.8092334567684195,Java_medium_Java_none_results.csv
58,204,vehicle,medium,none,0.9544125013025844,Java_medium_Java_none_results.csv
58,201,vehicle,medium,none,0.7603201382177889,Java_medium_Java_none_results.csv
58,96,vehicle,medium,none,0.780126243422992,Java_medium_Java_none_results.csv
55,196,vehicle,medium,none,0.8568734658658473,Java_medium_Java_none_results.csv
58,106,vehicle,medium,none,0.8587240829285266,Java_medium_Java_none_results.csv
58,216,vehicle,medium,none,0.8310780181572439,Java_medium_Java_none_results.csv
58,189,vehicle,medium,none,0.7385957077792911,Java_medium_Java_none_results.csv
58,163,vehicle,medium,none,0.8108957366325238,Java_medium_Java_none_results.csv
58,181,vehicle,medium,none,0.769309821623076,Java_medium_Java_none_results.csv
58,141,vehicle,medium,none,0.803357550029073,Java_medium_Java_none_results.csv
58,12,vehicle,medium,none,0.7903267270729606,Java_medium_Java_none_results.csv
57,154,vehicle,medium,none,0.8209565668328774,Java_medium_Java_none_results.csv
58,116,vehicle,medium,none,0.7190341875864437,Java_medium_Java_none_results.csv
57,196,vehicle,medium,none,0.8268664407736475,Java_medium_Java_none_results.csv
58,59,vehicle,medium,none,0.8246883854759254,Java_medium_Java_none_results.csv
58,211,vehicle,medium,none,0.7625989870823635,Java_medium_Java_none_results.csv
61,28,vehicle,medium,none,0.7401439474559085,Java_medium_Java_none_results.csv
61,93,vehicle,medium,none,0.8624114435752872,Java_medium_Java_none_results.csv
61,5,vehicle,medium,none,0.7553179707462662,Java_medium_Java_none_results.csv
61,36,vehicle,medium,none,0.817426628793831,Java_medium_Java_none_results.csv
61,3,vehicle,medium,none,0.7668260855804874,Java_medium_Java_none_results.csv
61,30,vehicle,medium,none,0.7382949898762666,Java_medium_Java_none_results.csv
58,196,vehicle,medium,none,0.8215734671046647,Java_medium_Java_none_results.csv
61,204,vehicle,medium,none,0.9459926228571016,Java_medium_Java_none_results.csv
61,201,vehicle,medium,none,0.7715370573956585,Java_medium_Java_none_results.csv
61,110,vehicle,medium,none,0.7261703747733377,Java_medium_Java_none_results.csv
61,181,vehicle,medium,none,0.7709669116492269,Java_medium_Java_none_results.csv
61,189,vehicle,medium,none,0.7644547824034186,Java_medium_Java_none_results.csv
61,163,vehicle,medium,none,0.7887534002910125,Java_medium_Java_none_results.csv
61,216,vehicle,medium,none,0.8076705003435971,Java_medium_Java_none_results.csv
58,154,vehicle,medium,none,0.8493663910992995,Java_medium_Java_none_results.csv
61,106,vehicle,medium,none,0.7807518627422673,Java_medium_Java_none_results.csv
62,93,vehicle,medium,none,0.8699123532667448,Java_medium_Java_none_results.csv
62,3,vehicle,medium,none,0.8330212978059566,Java_medium_Java_none_results.csv
62,5,vehicle,medium,none,0.7785588885977219,Java_medium_Java_none_results.csv
62,28,vehicle,medium,none,0.7874468904063858,Java_medium_Java_none_results.csv
62,36,vehicle,medium,none,0.7956306642052186,Java_medium_Java_none_results.csv
62,30,vehicle,medium,none,0.7689451656900498,Java_medium_Java_none_results.csv
62,106,vehicle,medium,none,0.8524585471015835,Java_medium_Java_none_results.csv
62,110,vehicle,medium,none,0.784324554331899,Java_medium_Java_none_results.csv
61,116,vehicle,medium,none,0.760725320099035,Java_medium_Java_none_results.csv
61,59,vehicle,medium,none,0.821819848857598,Java_medium_Java_none_results.csv
61,211,vehicle,medium,none,0.7056128283366567,Java_medium_Java_none_results.csv
62,204,vehicle,medium,none,0.8987683569091222,Java_medium_Java_none_results.csv
61,141,vehicle,medium,none,0.7580528981467444,Java_medium_Java_none_results.csv
62,163,vehicle,medium,none,0.8141199408321104,Java_medium_Java_none_results.csv
62,12,vehicle,medium,none,0.8793965048686555,Java_medium_Java_none_results.csv
61,96,vehicle,medium,none,0.775760633098356,Java_medium_Java_none_results.csv
62,116,vehicle,medium,none,0.8253467999887475,Java_medium_Java_none_results.csv
62,201,vehicle,medium,none,0.8256567607304284,Java_medium_Java_none_results.csv
62,59,vehicle,medium,none,0.8613727420916583,Java_medium_Java_none_results.csv
62,96,vehicle,medium,none,0.8390279613654992,Java_medium_Java_none_results.csv
62,181,vehicle,medium,none,0.7994292928475216,Java_medium_Java_none_results.csv
61,12,vehicle,medium,none,0.7968980968621863,Java_medium_Java_none_results.csv
66,5,vehicle,medium,none,0.8238633616962894,Java_medium_Java_none_results.csv
62,216,vehicle,medium,none,0.8610988159984774,Java_medium_Java_none_results.csv
62,189,vehicle,medium,none,0.7964165225097559,Java_medium_Java_none_results.csv
66,30,vehicle,medium,none,0.8032620658262217,Java_medium_Java_none_results.csv
66,93,vehicle,medium,none,0.834160402318355,Java_medium_Java_none_results.csv
66,3,vehicle,medium,none,0.8434392059285446,Java_medium_Java_none_results.csv
66,28,vehicle,medium,none,0.8319115517272319,Java_medium_Java_none_results.csv
62,141,vehicle,medium,none,0.8444634390356915,Java_medium_Java_none_results.csv
66,36,vehicle,medium,none,0.8382665587856406,Java_medium_Java_none_results.csv
62,211,vehicle,medium,none,0.8234381691264923,Java_medium_Java_none_results.csv
66,110,vehicle,medium,none,0.8079584717151143,Java_medium_Java_none_results.csv
66,116,vehicle,medium,none,0.8732076989636164,Java_medium_Java_none_results.csv
66,204,vehicle,medium,none,0.912691412333406,Java_medium_Java_none_results.csv
66,106,vehicle,medium,none,0.8436923264496414,Java_medium_Java_none_results.csv
66,141,vehicle,medium,none,0.8722921446857663,Java_medium_Java_none_results.csv
66,163,vehicle,medium,none,0.8879455174029881,Java_medium_Java_none_results.csv
61,196,vehicle,medium,none,0.8011931999103744,Java_medium_Java_none_results.csv
66,189,vehicle,medium,none,0.7989561873685063,Java_medium_Java_none_results.csv
66,201,vehicle,medium,none,0.8228205630551318,Java_medium_Java_none_results.csv
66,12,vehicle,medium,none,0.9019098736769222,Java_medium_Java_none_results.csv
66,59,vehicle,medium,none,0.9144744014943202,Java_medium_Java_none_results.csv
66,96,vehicle,medium,none,0.8648027560105318,Java_medium_Java_none_results.csv
66,181,vehicle,medium,none,0.8343921857994552,Java_medium_Java_none_results.csv
66,216,vehicle,medium,none,0.7566403942518506,Java_medium_Java_none_results.csv
62,154,vehicle,medium,none,0.8811410111802482,Java_medium_Java_none_results.csv
61,154,vehicle,medium,none,0.7964837598199027,Java_medium_Java_none_results.csv
62,196,vehicle,medium,none,0.8780884664252894,Java_medium_Java_none_results.csv
70,93,vehicle,medium,none,0.8250344963203876,Java_medium_Java_none_results.csv
66,211,vehicle,medium,none,0.8696556504201498,Java_medium_Java_none_results.csv
70,3,vehicle,medium,none,0.7724316955234785,Java_medium_Java_none_results.csv
70,36,vehicle,medium,none,0.8004061185414464,Java_medium_Java_none_results.csv
70,30,vehicle,medium,none,0.7715145943180562,Java_medium_Java_none_results.csv
70,28,vehicle,medium,none,0.795465179273472,Java_medium_Java_none_results.csv
70,5,vehicle,medium,none,0.749610311652034,Java_medium_Java_none_results.csv
66,154,vehicle,medium,none,0.9065470735305454,Java_medium_Java_none_results.csv
70,106,vehicle,medium,none,0.7998068930401907,Java_medium_Java_none_results.csv
66,196,vehicle,medium,none,0.8941145046066304,Java_medium_Java_none_results.csv
70,204,vehicle,medium,none,0.9280446415534104,Java_medium_Java_none_results.csv
70,110,vehicle,medium,none,0.7288575825435759,Java_medium_Java_none_results.csv
70,163,vehicle,medium,none,0.8478639513519266,Java_medium_Java_none_results.csv
70,201,vehicle,medium,none,0.7819341882211445,Java_medium_Java_none_results.csv
70,189,vehicle,medium,none,0.7556587129914076,Java_medium_Java_none_results.csv
70,59,vehicle,medium,none,0.8658619021755428,Java_medium_Java_none_results.csv
70,181,vehicle,medium,none,0.8006272487112863,Java_medium_Java_none_results.csv
70,116,vehicle,medium,none,0.8025844713394833,Java_medium_Java_none_results.csv
70,216,vehicle,medium,none,0.7560374166757023,Java_medium_Java_none_results.csv
70,141,vehicle,medium,none,0.8171481729896255,Java_medium_Java_none_results.csv
70,96,vehicle,medium,none,0.8069158978341077,Java_medium_Java_none_results.csv
70,12,vehicle,medium,none,0.8384707286831153,Java_medium_Java_none_results.csv
70,211,vehicle,medium,none,0.8002533807933767,Java_medium_Java_none_results.csv
72,93,vehicle,medium,none,0.8748260582867754,Java_medium_Java_none_results.csv
70,196,vehicle,medium,none,0.8464186872085373,Java_medium_Java_none_results.csv
72,36,vehicle,medium,none,0.8344691866072785,Java_medium_Java_none_results.csv
72,110,vehicle,medium,none,0.785187662280565,Java_medium_Java_none_results.csv
72,30,vehicle,medium,none,0.7928585012239323,Java_medium_Java_none_results.csv
70,154,vehicle,medium,none,0.8434338039859844,Java_medium_Java_none_results.csv
72,28,vehicle,medium,none,0.798348711367331,Java_medium_Java_none_results.csv
72,5,vehicle,medium,none,0.7750311953950331,Java_medium_Java_none_results.csv
72,204,vehicle,medium,none,0.9559554165372136,Java_medium_Java_none_results.csv
72,181,vehicle,medium,none,0.8148047199534275,Java_medium_Java_none_results.csv
72,3,vehicle,medium,none,0.7922390705676481,Java_medium_Java_none_results.csv
72,201,vehicle,medium,none,0.7979066853203013,Java_medium_Java_none_results.csv
72,189,vehicle,medium,none,0.7809289840845559,Java_medium_Java_none_results.csv
72,163,vehicle,medium,none,0.8163191553355393,Java_medium_Java_none_results.csv
72,106,vehicle,medium,none,0.8118323644624538,Java_medium_Java_none_results.csv
72,216,vehicle,medium,none,0.8411979840795621,Java_medium_Java_none_results.csv
72,116,vehicle,medium,none,0.7793169959234398,Java_medium_Java_none_results.csv
72,141,vehicle,medium,none,0.7890539254296094,Java_medium_Java_none_results.csv
73,93,vehicle,medium,none,0.9142215276720816,Java_medium_Java_none_results.csv
73,3,vehicle,medium,none,0.8103198003679793,Java_medium_Java_none_results.csv
73,5,vehicle,medium,none,0.8341863090671943,Java_medium_Java_none_results.csv
72,96,vehicle,medium,none,0.8001181501121581,Java_medium_Java_none_results.csv
73,28,vehicle,medium,none,0.8292915965122939,Java_medium_Java_none_results.csv
72,59,vehicle,medium,none,0.8269542834704054,Java_medium_Java_none_results.csv
73,36,vehicle,medium,none,0.8709128121277406,Java_medium_Java_none_results.csv
73,30,vehicle,medium,none,0.7997540410691052,Java_medium_Java_none_results.csv
72,211,vehicle,medium,none,0.7422294558229184,Java_medium_Java_none_results.csv
72,12,vehicle,medium,none,0.8025019794587182,Java_medium_Java_none_results.csv
73,110,vehicle,medium,none,0.8207967698603306,Java_medium_Java_none_results.csv
73,106,vehicle,medium,none,0.8235264329392211,Java_medium_Java_none_results.csv
73,204,vehicle,medium,none,0.956117740256034,Java_medium_Java_none_results.csv
73,189,vehicle,medium,none,0.8139132555017574,Java_medium_Java_none_results.csv
72,154,vehicle,medium,none,0.8014342767579696,Java_medium_Java_none_results.csv
73,201,vehicle,medium,none,0.8328711646278112,Java_medium_Java_none_results.csv
73,163,vehicle,medium,none,0.8183406116752603,Java_medium_Java_none_results.csv
73,96,vehicle,medium,none,0.8248411233843247,Java_medium_Java_none_results.csv
73,59,vehicle,medium,none,0.8351872104398771,Java_medium_Java_none_results.csv
73,181,vehicle,medium,none,0.8349060374470533,Java_medium_Java_none_results.csv
73,216,vehicle,medium,none,0.8533500461982345,Java_medium_Java_none_results.csv
75,5,vehicle,medium,none,0.8508932500887411,Java_medium_Java_none_results.csv
73,116,vehicle,medium,none,0.797364086292762,Java_medium_Java_none_results.csv
72,196,vehicle,medium,none,0.8069957434517703,Java_medium_Java_none_results.csv
75,28,vehicle,medium,none,0.8469029646506385,Java_medium_Java_none_results.csv
73,141,vehicle,medium,none,0.7976116632159765,Java_medium_Java_none_results.csv
73,12,vehicle,medium,none,0.811467143314992,Java_medium_Java_none_results.csv
75,93,vehicle,medium,none,0.9057588386657444,Java_medium_Java_none_results.csv
75,36,vehicle,medium,none,0.867306010218379,Java_medium_Java_none_results.csv
75,3,vehicle,medium,none,0.8447638745110917,Java_medium_Java_none_results.csv
75,30,vehicle,medium,none,0.8438115989073873,Java_medium_Java_none_results.csv
75,204,vehicle,medium,none,0.9491396117485116,Java_medium_Java_none_results.csv
73,211,vehicle,medium,none,0.7930654741926842,Java_medium_Java_none_results.csv
75,201,vehicle,medium,none,0.8458842717156839,Java_medium_Java_none_results.csv
75,110,vehicle,medium,none,0.8427956314863941,Java_medium_Java_none_results.csv
75,189,vehicle,medium,none,0.8366280869284867,Java_medium_Java_none_results.csv
75,116,vehicle,medium,none,0.8094975987332635,Java_medium_Java_none_results.csv
73,196,vehicle,medium,none,0.8119058972838804,Java_medium_Java_none_results.csv
75,96,vehicle,medium,none,0.8298056655141293,Java_medium_Java_none_results.csv
75,181,vehicle,medium,none,0.8468350136666597,Java_medium_Java_none_results.csv
75,163,vehicle,medium,none,0.8163392856111957,Java_medium_Java_none_results.csv
75,216,vehicle,medium,none,0.8950517795116907,Java_medium_Java_none_results.csv
75,106,vehicle,medium,none,0.8728362330749159,Java_medium_Java_none_results.csv
75,59,vehicle,medium,none,0.7928937703731352,Java_medium_Java_none_results.csv
75,141,vehicle,medium,none,0.8037687512720793,Java_medium_Java_none_results.csv
75,12,vehicle,medium,none,0.7997253925781809,Java_medium_Java_none_results.csv
81,5,vehicle,medium,none,0.792362141614742,Java_medium_Java_none_results.csv
73,154,vehicle,medium,none,0.7876865070316952,Java_medium_Java_none_results.csv
81,93,vehicle,medium,none,0.9008272664767512,Java_medium_Java_none_results.csv
81,28,vehicle,medium,none,0.8094112925427429,Java_medium_Java_none_results.csv
81,30,vehicle,medium,none,0.8128548988533258,Java_medium_Java_none_results.csv
75,211,vehicle,medium,none,0.7920901938022145,Java_medium_Java_none_results.csv
81,36,vehicle,medium,none,0.8208081465255003,Java_medium_Java_none_results.csv
81,3,vehicle,medium,none,0.8306587100935766,Java_medium_Java_none_results.csv
75,196,vehicle,medium,none,0.8218134753189755,Java_medium_Java_none_results.csv
81,204,vehicle,medium,none,0.9412391302632148,Java_medium_Java_none_results.csv
81,110,vehicle,medium,none,0.8146762069532898,Java_medium_Java_none_results.csv
75,154,vehicle,medium,none,0.8247587879102001,Java_medium_Java_none_results.csv
81,201,vehicle,medium,none,0.8791056394058564,Java_medium_Java_none_results.csv
81,96,vehicle,medium,none,0.7902545287296521,Java_medium_Java_none_results.csv
81,116,vehicle,medium,none,0.8068800857744312,Java_medium_Java_none_results.csv
81,189,vehicle,medium,none,0.818009799719745,Java_medium_Java_none_results.csv
81,106,vehicle,medium,none,0.8478381909001713,Java_medium_Java_none_results.csv
81,59,vehicle,medium,none,0.7831086516988879,Java_medium_Java_none_results.csv
81,181,vehicle,medium,none,0.8214803183815067,Java_medium_Java_none_results.csv
81,163,vehicle,medium,none,0.7871889770999949,Java_medium_Java_none_results.csv
81,216,vehicle,medium,none,0.8901838089369132,Java_medium_Java_none_results.csv
81,12,vehicle,medium,none,0.8166329093402193,Java_medium_Java_none_results.csv
81,141,vehicle,medium,none,0.8134725348312978,Java_medium_Java_none_results.csv
83,93,vehicle,medium,none,0.8850587953463763,Java_medium_Java_none_results.csv
83,28,vehicle,medium,none,0.8106056789459947,Java_medium_Java_none_results.csv
83,3,vehicle,medium,none,0.8389401591219675,Java_medium_Java_none_results.csv
81,211,vehicle,medium,none,0.8012306978139708,Java_medium_Java_none_results.csv
83,36,vehicle,medium,none,0.845860978647737,Java_medium_Java_none_results.csv
83,30,vehicle,medium,none,0.8312301867752621,Java_medium_Java_none_results.csv
83,204,vehicle,medium,none,0.9562660247978584,Java_medium_Java_none_results.csv
83,5,vehicle,medium,none,0.8146865752197597,Java_medium_Java_none_results.csv
83,110,vehicle,medium,none,0.7959127385410907,Java_medium_Java_none_results.csv
83,201,vehicle,medium,none,0.823651759600629,Java_medium_Java_none_results.csv
83,106,vehicle,medium,none,0.8143389220305791,Java_medium_Java_none_results.csv
81,154,vehicle,medium,none,0.8234442838359587,Java_medium_Java_none_results.csv
83,189,vehicle,medium,none,0.8045615143586105,Java_medium_Java_none_results.csv
83,116,vehicle,medium,none,0.8021198533785584,Java_medium_Java_none_results.csv
83,59,vehicle,medium,none,0.8254663560614419,Java_medium_Java_none_results.csv
83,216,vehicle,medium,none,0.8589360188848387,Java_medium_Java_none_results.csv
81,196,vehicle,medium,none,0.8428871616902736,Java_medium_Java_none_results.csv
83,181,vehicle,medium,none,0.8318351011268891,Java_medium_Java_none_results.csv
84,93,vehicle,medium,none,0.8857484331924647,Java_medium_Java_none_results.csv
84,5,vehicle,medium,none,0.7546848873100903,Java_medium_Java_none_results.csv
83,96,vehicle,medium,none,0.7915304331863547,Java_medium_Java_none_results.csv
84,28,vehicle,medium,none,0.7473209514943185,Java_medium_Java_none_results.csv
83,163,vehicle,medium,none,0.8188730150399609,Java_medium_Java_none_results.csv
83,141,vehicle,medium,none,0.7659912130491617,Java_medium_Java_none_results.csv
84,36,vehicle,medium,none,0.8176818038352179,Java_medium_Java_none_results.csv
84,3,vehicle,medium,none,0.7885383883573079,Java_medium_Java_none_results.csv
84,30,vehicle,medium,none,0.754486488636572,Java_medium_Java_none_results.csv
83,211,vehicle,medium,none,0.7947575473074432,Java_medium_Java_none_results.csv
84,204,vehicle,medium,none,0.950675598404605,Java_medium_Java_none_results.csv
84,189,vehicle,medium,none,0.7631422739272139,Java_medium_Java_none_results.csv
84,163,vehicle,medium,none,0.7836818665891105,Java_medium_Java_none_results.csv
84,110,vehicle,medium,none,0.7249416392989829,Java_medium_Java_none_results.csv
84,201,vehicle,medium,none,0.7730538094981941,Java_medium_Java_none_results.csv
84,106,vehicle,medium,none,0.8169786460517328,Java_medium_Java_none_results.csv
84,181,vehicle,medium,none,0.7492177987266936,Java_medium_Java_none_results.csv
83,12,vehicle,medium,none,0.8101980969092284,Java_medium_Java_none_results.csv
84,116,vehicle,medium,none,0.7268786256132994,Java_medium_Java_none_results.csv
84,216,vehicle,medium,none,0.8280177526218252,Java_medium_Java_none_results.csv
88,5,vehicle,medium,none,0.7740587480552696,Java_medium_Java_none_results.csv
88,28,vehicle,medium,none,0.8104297900998346,Java_medium_Java_none_results.csv
83,154,vehicle,medium,none,0.8093529718341146,Java_medium_Java_none_results.csv
88,93,vehicle,medium,none,0.8116332226013349,Java_medium_Java_none_results.csv
84,96,vehicle,medium,none,0.7573067243859286,Java_medium_Java_none_results.csv
88,36,vehicle,medium,none,0.8003457096805956,Java_medium_Java_none_results.csv
88,30,vehicle,medium,none,0.7831206936794421,Java_medium_Java_none_results.csv
84,12,vehicle,medium,none,0.7789759794398372,Java_medium_Java_none_results.csv
84,141,vehicle,medium,none,0.7866542960008455,Java_medium_Java_none_results.csv
88,3,vehicle,medium,none,0.7943893419233803,Java_medium_Java_none_results.csv
84,59,vehicle,medium,none,0.7980042862624762,Java_medium_Java_none_results.csv
83,196,vehicle,medium,none,0.8070462706721394,Java_medium_Java_none_results.csv
88,59,vehicle,medium,none,0.8847879981221483,Java_medium_Java_none_results.csv
84,211,vehicle,medium,none,0.7470305004252428,Java_medium_Java_none_results.csv
88,204,vehicle,medium,none,0.9105396206707048,Java_medium_Java_none_results.csv
88,106,vehicle,medium,none,0.775214506201701,Java_medium_Java_none_results.csv
88,181,vehicle,medium,none,0.823918849522382,Java_medium_Java_none_results.csv
88,110,vehicle,medium,none,0.7706625012494707,Java_medium_Java_none_results.csv
88,201,vehicle,medium,none,0.8206844225773722,Java_medium_Java_none_results.csv
88,189,vehicle,medium,none,0.7797912149183225,Java_medium_Java_none_results.csv
88,116,vehicle,medium,none,0.8490081481262507,Java_medium_Java_none_results.csv
88,96,vehicle,medium,none,0.8387084839554486,Java_medium_Java_none_results.csv
88,141,vehicle,medium,none,0.8345173443355434,Java_medium_Java_none_results.csv
88,216,vehicle,medium,none,0.7774612680859931,Java_medium_Java_none_results.csv
88,163,vehicle,medium,none,0.8519392536226577,Java_medium_Java_none_results.csv
88,12,vehicle,medium,none,0.8693943887186096,Java_medium_Java_none_results.csv
88,211,vehicle,medium,none,0.8299824998895874,Java_medium_Java_none_results.csv
89,93,vehicle,medium,none,0.9222232599643212,Java_medium_Java_none_results.csv
88,196,vehicle,medium,none,0.8584174561737309,Java_medium_Java_none_results.csv
84,154,vehicle,medium,none,0.8015764318325154,Java_medium_Java_none_results.csv
88,154,vehicle,medium,none,0.8723263493510297,Java_medium_Java_none_results.csv
89,28,vehicle,medium,none,0.799361909503266,Java_medium_Java_none_results.csv
84,196,vehicle,medium,none,0.7942968861148496,Java_medium_Java_none_results.csv
89,30,vehicle,medium,none,0.8463380898619721,Java_medium_Java_none_results.csv
89,36,vehicle,medium,none,0.8753063312204306,Java_medium_Java_none_results.csv
89,110,vehicle,medium,none,0.795494383180066,Java_medium_Java_none_results.csv
89,204,vehicle,medium,none,0.9722238303432552,Java_medium_Java_none_results.csv
89,3,vehicle,medium,none,0.8412163719255301,Java_medium_Java_none_results.csv
89,5,vehicle,medium,none,0.7968719630610944,Java_medium_Java_none_results.csv
89,189,vehicle,medium,none,0.8115357574174601,Java_medium_Java_none_results.csv
89,181,vehicle,medium,none,0.8205526838275701,Java_medium_Java_none_results.csv
89,201,vehicle,medium,none,0.8405013725389126,Java_medium_Java_none_results.csv
89,106,vehicle,medium,none,0.8651847970026717,Java_medium_Java_none_results.csv
89,116,vehicle,medium,none,0.7817478694775599,Java_medium_Java_none_results.csv
89,216,vehicle,medium,none,0.9052657936270548,Java_medium_Java_none_results.csv
91,3,vehicle,medium,none,0.8079729549136465,Java_medium_Java_none_results.csv
89,141,vehicle,medium,none,0.7674214526678637,Java_medium_Java_none_results.csv
91,30,vehicle,medium,none,0.7787071602108777,Java_medium_Java_none_results.csv
91,28,vehicle,medium,none,0.7526789739616834,Java_medium_Java_none_results.csv
91,5,vehicle,medium,none,0.7632832118859232,Java_medium_Java_none_results.csv
89,96,vehicle,medium,none,0.7893993609031762,Java_medium_Java_none_results.csv
89,163,vehicle,medium,none,0.8209404396628978,Java_medium_Java_none_results.csv
91,93,vehicle,medium,none,0.9165024618456163,Java_medium_Java_none_results.csv
91,36,vehicle,medium,none,0.8414008674114993,Java_medium_Java_none_results.csv
89,211,vehicle,medium,none,0.7463303045092329,Java_medium_Java_none_results.csv
91,110,vehicle,medium,none,0.7312100650250126,Java_medium_Java_none_results.csv
89,12,vehicle,medium,none,0.7729375444335405,Java_medium_Java_none_results.csv
89,59,vehicle,medium,none,0.8165372358395607,Java_medium_Java_none_results.csv
91,204,vehicle,medium,none,0.9650844923994296,Java_medium_Java_none_results.csv
91,189,vehicle,medium,none,0.7715512764591184,Java_medium_Java_none_results.csv
91,181,vehicle,medium,none,0.7619445215547721,Java_medium_Java_none_results.csv
91,106,vehicle,medium,none,0.8690376744867961,Java_medium_Java_none_results.csv
91,116,vehicle,medium,none,0.7083507450492127,Java_medium_Java_none_results.csv
91,216,vehicle,medium,none,0.8686060868163875,Java_medium_Java_none_results.csv
91,201,vehicle,medium,none,0.7920444213484006,Java_medium_Java_none_results.csv
91,141,vehicle,medium,none,0.7658793413591327,Java_medium_Java_none_results.csv
91,12,vehicle,medium,none,0.7587905989199432,Java_medium_Java_none_results.csv
91,163,vehicle,medium,none,0.8142351537053211,Java_medium_Java_none_results.csv
91,96,vehicle,medium,none,0.7101439362252193,Java_medium_Java_none_results.csv
91,59,vehicle,medium,none,0.8125103646436803,Java_medium_Java_none_results.csv
91,211,vehicle,medium,none,0.7543560239522498,Java_medium_Java_none_results.csv
97,3,vehicle,medium,none,0.820398742654324,Java_medium_Java_none_results.csv
97,30,vehicle,medium,none,0.7860268510665073,Java_medium_Java_none_results.csv
97,5,vehicle,medium,none,0.7701855064344788,Java_medium_Java_none_results.csv
97,93,vehicle,medium,none,0.9134977716146324,Java_medium_Java_none_results.csv
97,28,vehicle,medium,none,0.7741245156901486,Java_medium_Java_none_results.csv
89,154,vehicle,medium,none,0.8074401023999842,Java_medium_Java_none_results.csv
97,36,vehicle,medium,none,0.8401917595697308,Java_medium_Java_none_results.csv
97,204,vehicle,medium,none,0.962108780510529,Java_medium_Java_none_results.csv
97,189,vehicle,medium,none,0.7769801130777526,Java_medium_Java_none_results.csv
97,96,vehicle,medium,none,0.7432466577073319,Java_medium_Java_none_results.csv
91,196,vehicle,medium,none,0.8146381519235657,Java_medium_Java_none_results.csv
97,110,vehicle,medium,none,0.7394579456865646,Java_medium_Java_none_results.csv
91,154,vehicle,medium,none,0.8302183589747467,Java_medium_Java_none_results.csv
97,181,vehicle,medium,none,0.7483821261863189,Java_medium_Java_none_results.csv
89,196,vehicle,medium,none,0.8125003448281074,Java_medium_Java_none_results.csv
97,163,vehicle,medium,none,0.7890875352807944,Java_medium_Java_none_results.csv
97,106,vehicle,medium,none,0.8473174828168956,Java_medium_Java_none_results.csv
97,216,vehicle,medium,none,0.8531369922213524,Java_medium_Java_none_results.csv
97,201,vehicle,medium,none,0.7859680958611797,Java_medium_Java_none_results.csv
97,59,vehicle,medium,none,0.7938987459976331,Java_medium_Java_none_results.csv
105,3,vehicle,medium,none,0.7933352851501991,Java_medium_Java_none_results.csv
105,93,vehicle,medium,none,0.8645633609162846,Java_medium_Java_none_results.csv
97,116,vehicle,medium,none,0.7127499860381663,Java_medium_Java_none_results.csv
105,5,vehicle,medium,none,0.7393752084061693,Java_medium_Java_none_results.csv
97,141,vehicle,medium,none,0.7357846275521045,Java_medium_Java_none_results.csv
105,28,vehicle,medium,none,0.7414716901898585,Java_medium_Java_none_results.csv
105,30,vehicle,medium,none,0.7575017032459002,Java_medium_Java_none_results.csv
105,36,vehicle,medium,none,0.7483681342972548,Java_medium_Java_none_results.csv
97,12,vehicle,medium,none,0.7680871462375208,Java_medium_Java_none_results.csv
105,204,vehicle,medium,none,0.9416654533699568,Java_medium_Java_none_results.csv
105,110,vehicle,medium,none,0.7619212853377274,Java_medium_Java_none_results.csv
105,201,vehicle,medium,none,0.7735986503287731,Java_medium_Java_none_results.csv
97,211,vehicle,medium,none,0.7168942982751857,Java_medium_Java_none_results.csv
105,189,vehicle,medium,none,0.7883982754543256,Java_medium_Java_none_results.csv
105,181,vehicle,medium,none,0.7547531736321557,Java_medium_Java_none_results.csv
105,106,vehicle,medium,none,0.7877220533479655,Java_medium_Java_none_results.csv
105,141,vehicle,medium,none,0.8092847194834996,Java_medium_Java_none_results.csv
105,163,vehicle,medium,none,0.7950848335397349,Java_medium_Java_none_results.csv
105,59,vehicle,medium,none,0.824573663534663,Java_medium_Java_none_results.csv
105,96,vehicle,medium,none,0.7802794223057434,Java_medium_Java_none_results.csv
108,5,vehicle,medium,none,0.7777625223225448,Java_medium_Java_none_results.csv
108,30,vehicle,medium,none,0.8237466219743436,Java_medium_Java_none_results.csv
108,36,vehicle,medium,none,0.8040856828080457,Java_medium_Java_none_results.csv
108,28,vehicle,medium,none,0.8165516382133055,Java_medium_Java_none_results.csv
105,116,vehicle,medium,none,0.778716949733869,Java_medium_Java_none_results.csv
108,3,vehicle,medium,none,0.8392796053341158,Java_medium_Java_none_results.csv
105,216,vehicle,medium,none,0.8270967694629997,Java_medium_Java_none_results.csv
105,12,vehicle,medium,none,0.8257195495647394,Java_medium_Java_none_results.csv
108,93,vehicle,medium,none,0.8257982671013024,Java_medium_Java_none_results.csv
108,59,vehicle,medium,none,0.8709536571957905,Java_medium_Java_none_results.csv
105,211,vehicle,medium,none,0.788163109964443,Java_medium_Java_none_results.csv
108,110,vehicle,medium,none,0.8024032696590458,Java_medium_Java_none_results.csv
108,116,vehicle,medium,none,0.8680992588112437,Java_medium_Java_none_results.csv
108,12,vehicle,medium,none,0.9044029994189928,Java_medium_Java_none_results.csv
97,154,vehicle,medium,none,0.7717364108487459,Java_medium_Java_none_results.csv
108,201,vehicle,medium,none,0.8388954233634958,Java_medium_Java_none_results.csv
108,106,vehicle,medium,none,0.8269921038171834,Java_medium_Java_none_results.csv
108,204,vehicle,medium,none,0.8920511222197776,Java_medium_Java_none_results.csv
108,189,vehicle,medium,none,0.8292413926903589,Java_medium_Java_none_results.csv
108,141,vehicle,medium,none,0.8527391187588222,Java_medium_Java_none_results.csv
108,181,vehicle,medium,none,0.8046865325195893,Java_medium_Java_none_results.csv
108,96,vehicle,medium,none,0.8769032025835924,Java_medium_Java_none_results.csv
108,216,vehicle,medium,none,0.8065443104491407,Java_medium_Java_none_results.csv
105,154,vehicle,medium,none,0.8294537653221548,Java_medium_Java_none_results.csv
97,196,vehicle,medium,none,0.7865529959707164,Java_medium_Java_none_results.csv
108,163,vehicle,medium,none,0.8432687485072322,Java_medium_Java_none_results.csv
108,211,vehicle,medium,none,0.8134570889158584,Java_medium_Java_none_results.csv
108,196,vehicle,medium,none,0.8786311112558808,Java_medium_Java_none_results.csv
115,93,vehicle,medium,none,0.906501377074483,Java_medium_Java_none_results.csv
108,154,vehicle,medium,none,0.8805559851110915,Java_medium_Java_none_results.csv
115,28,vehicle,medium,none,0.8030390817698444,Java_medium_Java_none_results.csv
115,110,vehicle,medium,none,0.7925538968491863,Java_medium_Java_none_results.csv
115,36,vehicle,medium,none,0.8563458590909966,Java_medium_Java_none_results.csv
105,196,vehicle,medium,none,0.8321874092622789,Java_medium_Java_none_results.csv
115,201,vehicle,medium,none,0.8034669525895153,Java_medium_Java_none_results.csv
115,5,vehicle,medium,none,0.8140265219747,Java_medium_Java_none_results.csv
115,204,vehicle,medium,none,0.9632065605739596,Java_medium_Java_none_results.csv
115,3,vehicle,medium,none,0.8276646848004868,Java_medium_Java_none_results.csv
115,30,vehicle,medium,none,0.8014533038492919,Java_medium_Java_none_results.csv
115,116,vehicle,medium,none,0.7664558041741028,Java_medium_Java_none_results.csv
115,189,vehicle,medium,none,0.7820652931921815,Java_medium_Java_none_results.csv
115,181,vehicle,medium,none,0.8305787577874982,Java_medium_Java_none_results.csv
115,163,vehicle,medium,none,0.8385244458792857,Java_medium_Java_none_results.csv
115,141,vehicle,medium,none,0.801042689063419,Java_medium_Java_none_results.csv
115,216,vehicle,medium,none,0.8579191388341515,Java_medium_Java_none_results.csv
115,106,vehicle,medium,none,0.8479867149171452,Java_medium_Java_none_results.csv
117,93,vehicle,medium,none,0.8871915830380307,Java_medium_Java_none_results.csv
117,36,vehicle,medium,none,0.8285986266640383,Java_medium_Java_none_results.csv
117,28,vehicle,medium,none,0.7541483901588877,Java_medium_Java_none_results.csv
117,30,vehicle,medium,none,0.7863842094213912,Java_medium_Java_none_results.csv
115,59,vehicle,medium,none,0.8366421895176877,Java_medium_Java_none_results.csv
115,96,vehicle,medium,none,0.7915097636918329,Java_medium_Java_none_results.csv
117,3,vehicle,medium,none,0.7978520318927695,Java_medium_Java_none_results.csv
117,5,vehicle,medium,none,0.7684779321898116,Java_medium_Java_none_results.csv
115,12,vehicle,medium,none,0.7919794038413573,Java_medium_Java_none_results.csv
117,204,vehicle,medium,none,0.9610224087274516,Java_medium_Java_none_results.csv
115,211,vehicle,medium,none,0.7654129460156368,Java_medium_Java_none_results.csv
117,201,vehicle,medium,none,0.8008937809583692,Java_medium_Java_none_results.csv
117,110,vehicle,medium,none,0.756502366050149,Java_medium_Java_none_results.csv
117,181,vehicle,medium,none,0.7893181285263756,Java_medium_Java_none_results.csv
117,96,vehicle,medium,none,0.7239511222240289,Java_medium_Java_none_results.csv
117,106,vehicle,medium,none,0.8094453654333118,Java_medium_Java_none_results.csv
117,189,vehicle,medium,none,0.7780326924913491,Java_medium_Java_none_results.csv
117,163,vehicle,medium,none,0.8164123555034366,Java_medium_Java_none_results.csv
117,59,vehicle,medium,none,0.8146164121731263,Java_medium_Java_none_results.csv
117,216,vehicle,medium,none,0.8403261364620203,Java_medium_Java_none_results.csv
117,141,vehicle,medium,none,0.7590314534217595,Java_medium_Java_none_results.csv
115,154,vehicle,medium,none,0.8158948533120013,Java_medium_Java_none_results.csv
115,196,vehicle,medium,none,0.8018089917195748,Java_medium_Java_none_results.csv
117,116,vehicle,medium,none,0.7475580676239248,Java_medium_Java_none_results.csv
133,93,vehicle,medium,none,0.8724349704554328,Java_medium_Java_none_results.csv
117,12,vehicle,medium,none,0.7926103351862357,Java_medium_Java_none_results.csv
117,211,vehicle,medium,none,0.7275478151943731,Java_medium_Java_none_results.csv
133,28,vehicle,medium,none,0.7918386926981111,Java_medium_Java_none_results.csv
133,36,vehicle,medium,none,0.7992606801470499,Java_medium_Java_none_results.csv
133,5,vehicle,medium,none,0.7268925489281195,Java_medium_Java_none_results.csv
133,110,vehicle,medium,none,0.7422275037889202,Java_medium_Java_none_results.csv
133,30,vehicle,medium,none,0.7501432644700785,Java_medium_Java_none_results.csv
133,3,vehicle,medium,none,0.7874874283243968,Java_medium_Java_none_results.csv
117,154,vehicle,medium,none,0.8003939057836591,Java_medium_Java_none_results.csv
117,196,vehicle,medium,none,0.8117607578220495,Java_medium_Java_none_results.csv
133,106,vehicle,medium,none,0.7794724995266359,Java_medium_Java_none_results.csv
133,204,vehicle,medium,none,0.9399901524557004,Java_medium_Java_none_results.csv
133,189,vehicle,medium,none,0.7770421985986838,Java_medium_Java_none_results.csv
133,201,vehicle,medium,none,0.7858197874955368,Java_medium_Java_none_results.csv
133,116,vehicle,medium,none,0.7590805740803144,Java_medium_Java_none_results.csv
133,163,vehicle,medium,none,0.8136167543178872,Java_medium_Java_none_results.csv
133,181,vehicle,medium,none,0.7644630754289939,Java_medium_Java_none_results.csv
133,96,vehicle,medium,none,0.7599081284927774,Java_medium_Java_none_results.csv
133,59,vehicle,medium,none,0.8335255141325225,Java_medium_Java_none_results.csv
133,141,vehicle,medium,none,0.7961373363212387,Java_medium_Java_none_results.csv
133,216,vehicle,medium,none,0.8051985943563978,Java_medium_Java_none_results.csv
135,28,vehicle,medium,none,0.8151897013633767,Java_medium_Java_none_results.csv
135,93,vehicle,medium,none,0.8893890356650234,Java_medium_Java_none_results.csv
135,30,vehicle,medium,none,0.783128876596775,Java_medium_Java_none_results.csv
135,3,vehicle,medium,none,0.8228039553600928,Java_medium_Java_none_results.csv
135,110,vehicle,medium,none,0.7723393050857351,Java_medium_Java_none_results.csv
135,5,vehicle,medium,none,0.7969929040289008,Java_medium_Java_none_results.csv
133,211,vehicle,medium,none,0.7898012111055417,Java_medium_Java_none_results.csv
135,36,vehicle,medium,none,0.8512831344102315,Java_medium_Java_none_results.csv
135,204,vehicle,medium,none,0.948264474973922,Java_medium_Java_none_results.csv
135,106,vehicle,medium,none,0.8244316332392109,Java_medium_Java_none_results.csv
133,12,vehicle,medium,none,0.8154585752719936,Java_medium_Java_none_results.csv
135,189,vehicle,medium,none,0.8067901648922748,Java_medium_Java_none_results.csv
135,96,vehicle,medium,none,0.8263827532140047,Java_medium_Java_none_results.csv
135,201,vehicle,medium,none,0.777604882447277,Java_medium_Java_none_results.csv
135,116,vehicle,medium,none,0.7766541600761979,Java_medium_Java_none_results.csv
135,163,vehicle,medium,none,0.8230745286659713,Java_medium_Java_none_results.csv
135,59,vehicle,medium,none,0.8479359170770173,Java_medium_Java_none_results.csv
135,181,vehicle,medium,none,0.786143482596052,Java_medium_Java_none_results.csv
142,93,vehicle,medium,none,0.89448334840204,Java_medium_Java_none_results.csv
133,196,vehicle,medium,none,0.791312546182028,Java_medium_Java_none_results.csv
142,5,vehicle,medium,none,0.7517296008796626,Java_medium_Java_none_results.csv
133,154,vehicle,medium,none,0.8033600681793016,Java_medium_Java_none_results.csv
135,216,vehicle,medium,none,0.8224217399055304,Java_medium_Java_none_results.csv
135,141,vehicle,medium,none,0.789044790680596,Java_medium_Java_none_results.csv
142,3,vehicle,medium,none,0.805499318636789,Java_medium_Java_none_results.csv
142,28,vehicle,medium,none,0.7527451283546517,Java_medium_Java_none_results.csv
142,36,vehicle,medium,none,0.78842906389965,Java_medium_Java_none_results.csv
135,211,vehicle,medium,none,0.7567008278685097,Java_medium_Java_none_results.csv
142,30,vehicle,medium,none,0.7656346612450684,Java_medium_Java_none_results.csv
135,12,vehicle,medium,none,0.8111724583465817,Java_medium_Java_none_results.csv
142,110,vehicle,medium,none,0.7265929268770752,Java_medium_Java_none_results.csv
142,204,vehicle,medium,none,0.9497060618446432,Java_medium_Java_none_results.csv
142,189,vehicle,medium,none,0.7759590085085041,Java_medium_Java_none_results.csv
142,106,vehicle,medium,none,0.8342209583297402,Java_medium_Java_none_results.csv
142,181,vehicle,medium,none,0.728128399696386,Java_medium_Java_none_results.csv
142,201,vehicle,medium,none,0.7933993328265057,Java_medium_Java_none_results.csv
143,5,vehicle,medium,none,0.7658280146886404,Java_medium_Java_none_results.csv
142,59,vehicle,medium,none,0.8198446074634395,Java_medium_Java_none_results.csv
143,3,vehicle,medium,none,0.7722823995725554,Java_medium_Java_none_results.csv
142,96,vehicle,medium,none,0.7474228300831921,Java_medium_Java_none_results.csv
142,163,vehicle,medium,none,0.8040424790379261,Java_medium_Java_none_results.csv
142,116,vehicle,medium,none,0.7346012190057697,Java_medium_Java_none_results.csv
142,216,vehicle,medium,none,0.8302064019912321,Java_medium_Java_none_results.csv
143,28,vehicle,medium,none,0.7056550378067118,Java_medium_Java_none_results.csv
142,12,vehicle,medium,none,0.7682919549545082,Java_medium_Java_none_results.csv
143,93,vehicle,medium,none,0.8766048564193747,Java_medium_Java_none_results.csv
143,30,vehicle,medium,none,0.7532500774111714,Java_medium_Java_none_results.csv
135,196,vehicle,medium,none,0.7701420614023824,Java_medium_Java_none_results.csv
142,211,vehicle,medium,none,0.770767779532731,Java_medium_Java_none_results.csv
135,154,vehicle,medium,none,0.7953858960986192,Java_medium_Java_none_results.csv
143,36,vehicle,medium,none,0.815250489651306,Java_medium_Java_none_results.csv
142,141,vehicle,medium,none,0.7664523539291574,Java_medium_Java_none_results.csv
143,204,vehicle,medium,none,0.947805282955324,Java_medium_Java_none_results.csv
143,110,vehicle,medium,none,0.7038615703383507,Java_medium_Java_none_results.csv
143,141,vehicle,medium,none,0.7460470452800003,Java_medium_Java_none_results.csv
143,201,vehicle,medium,none,0.7722848306635902,Java_medium_Java_none_results.csv
143,106,vehicle,medium,none,0.8327687129557125,Java_medium_Java_none_results.csv
143,12,vehicle,medium,none,0.7818152958454686,Java_medium_Java_none_results.csv
143,189,vehicle,medium,none,0.6995919977028527,Java_medium_Java_none_results.csv
143,181,vehicle,medium,none,0.7391125590078965,Java_medium_Java_none_results.csv
143,116,vehicle,medium,none,0.7258353470245753,Java_medium_Java_none_results.csv
143,96,vehicle,medium,none,0.7333350731347295,Java_medium_Java_none_results.csv
143,59,vehicle,medium,none,0.8162158631251557,Java_medium_Java_none_results.csv
143,216,vehicle,medium,none,0.829391692494461,Java_medium_Java_none_results.csv
143,163,vehicle,medium,none,0.7890557784035697,Java_medium_Java_none_results.csv
142,154,vehicle,medium,none,0.8030359788985104,Java_medium_Java_none_results.csv
142,196,vehicle,medium,none,0.7873516563458414,Java_medium_Java_none_results.csv
145,3,vehicle,medium,none,0.7483155969769386,Java_medium_Java_none_results.csv
145,93,vehicle,medium,none,0.8803184001269191,Java_medium_Java_none_results.csv
143,211,vehicle,medium,none,0.7321790847864533,Java_medium_Java_none_results.csv
145,36,vehicle,medium,none,0.8113867981619749,Java_medium_Java_none_results.csv
145,28,vehicle,medium,none,0.7542821232507637,Java_medium_Java_none_results.csv
145,5,vehicle,medium,none,0.71887114623469,Java_medium_Java_none_results.csv
143,154,vehicle,medium,none,0.8227105387752996,Java_medium_Java_none_results.csv
143,196,vehicle,medium,none,0.826563704042597,Java_medium_Java_none_results.csv
145,30,vehicle,medium,none,0.7358503906547391,Java_medium_Java_none_results.csv
145,110,vehicle,medium,none,0.7133286399150552,Java_medium_Java_none_results.csv
145,204,vehicle,medium,none,0.933368305127518,Java_medium_Java_none_results.csv
145,181,vehicle,medium,none,0.7292867827223377,Java_medium_Java_none_results.csv
145,106,vehicle,medium,none,0.8022881377780703,Java_medium_Java_none_results.csv
145,201,vehicle,medium,none,0.71810756131162,Java_medium_Java_none_results.csv
145,216,vehicle,medium,none,0.8205939436166834,Java_medium_Java_none_results.csv
147,28,vehicle,medium,none,0.7851359297937633,Java_medium_Java_none_results.csv
145,189,vehicle,medium,none,0.7570840955886698,Java_medium_Java_none_results.csv
145,141,vehicle,medium,none,0.7908342758711662,Java_medium_Java_none_results.csv
147,5,vehicle,medium,none,0.7171795273715016,Java_medium_Java_none_results.csv
145,163,vehicle,medium,none,0.8092344132418334,Java_medium_Java_none_results.csv
145,59,vehicle,medium,none,0.8228183955267188,Java_medium_Java_none_results.csv
145,96,vehicle,medium,none,0.7712035216318199,Java_medium_Java_none_results.csv
145,12,vehicle,medium,none,0.7658772734679471,Java_medium_Java_none_results.csv
147,30,vehicle,medium,none,0.7131964765231616,Java_medium_Java_none_results.csv
147,3,vehicle,medium,none,0.7809112707270862,Java_medium_Java_none_results.csv
147,93,vehicle,medium,none,0.8623949634396791,Java_medium_Java_none_results.csv
147,36,vehicle,medium,none,0.8031187839294899,Java_medium_Java_none_results.csv
145,116,vehicle,medium,none,0.7118316299915538,Java_medium_Java_none_results.csv
147,204,vehicle,medium,none,0.926962301632872,Java_medium_Java_none_results.csv
147,110,vehicle,medium,none,0.7079524228045739,Java_medium_Java_none_results.csv
147,189,vehicle,medium,none,0.7383696277423271,Java_medium_Java_none_results.csv
147,201,vehicle,medium,none,0.7387342403528512,Java_medium_Java_none_results.csv
147,181,vehicle,medium,none,0.7403108376937048,Java_medium_Java_none_results.csv
147,106,vehicle,medium,none,0.8056715503111949,Java_medium_Java_none_results.csv
147,163,vehicle,medium,none,0.8038685654027368,Java_medium_Java_none_results.csv
147,59,vehicle,medium,none,0.8427129470590146,Java_medium_Java_none_results.csv
147,141,vehicle,medium,none,0.8095109772414922,Java_medium_Java_none_results.csv
145,211,vehicle,medium,none,0.7497269131671022,Java_medium_Java_none_results.csv
147,12,vehicle,medium,none,0.8145583633040326,Java_medium_Java_none_results.csv
147,216,vehicle,medium,none,0.7750785121279365,Java_medium_Java_none_results.csv
147,116,vehicle,medium,none,0.7546260627786148,Java_medium_Java_none_results.csv
147,96,vehicle,medium,none,0.7975091807431272,Java_medium_Java_none_results.csv
145,154,vehicle,medium,none,0.7931285026484833,Java_medium_Java_none_results.csv
147,211,vehicle,medium,none,0.7801858779025339,Java_medium_Java_none_results.csv
145,196,vehicle,medium,none,0.7667877178519917,Java_medium_Java_none_results.csv
147,196,vehicle,medium,none,0.8099482434573346,Java_medium_Java_none_results.csv
151,93,vehicle,medium,none,0.9384651666473718,Java_medium_Java_none_results.csv
147,154,vehicle,medium,none,0.8330676942912049,Java_medium_Java_none_results.csv
151,28,vehicle,medium,none,0.8640773237123217,Java_medium_Java_none_results.csv
151,204,vehicle,medium,none,0.9735804863974196,Java_medium_Java_none_results.csv
151,30,vehicle,medium,none,0.8503243994431083,Java_medium_Java_none_results.csv
151,36,vehicle,medium,none,0.9047010767446676,Java_medium_Java_none_results.csv
151,3,vehicle,medium,none,0.848906917479985,Java_medium_Java_none_results.csv
151,5,vehicle,medium,none,0.8646338557811767,Java_medium_Java_none_results.csv
151,110,vehicle,medium,none,0.8526286043299871,Java_medium_Java_none_results.csv
151,189,vehicle,medium,none,0.8701593730990138,Java_medium_Java_none_results.csv
155,5,vehicle,medium,none,0.7485389430008529,Java_medium_Java_none_results.csv
151,106,vehicle,medium,none,0.8576277683456525,Java_medium_Java_none_results.csv
151,201,vehicle,medium,none,0.8759074331577938,Java_medium_Java_none_results.csv
155,28,vehicle,medium,none,0.7467762775444874,Java_medium_Java_none_results.csv
151,181,vehicle,medium,none,0.8592081057843785,Java_medium_Java_none_results.csv
155,3,vehicle,medium,none,0.7644874866728517,Java_medium_Java_none_results.csv
155,30,vehicle,medium,none,0.722104895793479,Java_medium_Java_none_results.csv
155,93,vehicle,medium,none,0.8715548956208307,Java_medium_Java_none_results.csv
151,163,vehicle,medium,none,0.8694570605306705,Java_medium_Java_none_results.csv
151,141,vehicle,medium,none,0.7931840846017796,Java_medium_Java_none_results.csv
155,36,vehicle,medium,none,0.7950477826817371,Java_medium_Java_none_results.csv
151,59,vehicle,medium,none,0.8542461801648876,Java_medium_Java_none_results.csv
151,216,vehicle,medium,none,0.9009115549343932,Java_medium_Java_none_results.csv
155,110,vehicle,medium,none,0.7268728370802333,Java_medium_Java_none_results.csv
155,96,vehicle,medium,none,0.7907521602348369,Java_medium_Java_none_results.csv
151,116,vehicle,medium,none,0.817729173534064,Java_medium_Java_none_results.csv
155,189,vehicle,medium,none,0.7590280464602666,Java_medium_Java_none_results.csv
155,12,vehicle,medium,none,0.8105140869975195,Java_medium_Java_none_results.csv
155,204,vehicle,medium,none,0.9358959443070236,Java_medium_Java_none_results.csv
155,201,vehicle,medium,none,0.7685843673080389,Java_medium_Java_none_results.csv
155,181,vehicle,medium,none,0.7349878252116215,Java_medium_Java_none_results.csv
155,116,vehicle,medium,none,0.7606374189937062,Java_medium_Java_none_results.csv
155,59,vehicle,medium,none,0.8262973441282769,Java_medium_Java_none_results.csv
155,106,vehicle,medium,none,0.7787058287174088,Java_medium_Java_none_results.csv
155,163,vehicle,medium,none,0.7969918085165784,Java_medium_Java_none_results.csv
155,141,vehicle,medium,none,0.7871449178496729,Java_medium_Java_none_results.csv
155,216,vehicle,medium,none,0.8161783692975704,Java_medium_Java_none_results.csv
151,96,vehicle,medium,none,0.8224788078826599,Java_medium_Java_none_results.csv
158,93,vehicle,medium,none,0.9075136656686604,Java_medium_Java_none_results.csv
158,28,vehicle,medium,none,0.7603700679523169,Java_medium_Java_none_results.csv
158,30,vehicle,medium,none,0.7955742535038064,Java_medium_Java_none_results.csv
158,3,vehicle,medium,none,0.8131659434748496,Java_medium_Java_none_results.csv
155,154,vehicle,medium,none,0.7923249045333445,Java_medium_Java_none_results.csv
158,5,vehicle,medium,none,0.766856342998569,Java_medium_Java_none_results.csv
158,36,vehicle,medium,none,0.8430729328829066,Java_medium_Java_none_results.csv
155,211,vehicle,medium,none,0.772168760825429,Java_medium_Java_none_results.csv
151,211,vehicle,medium,none,0.8369482529205755,Java_medium_Java_none_results.csv
155,196,vehicle,medium,none,0.8035519663721922,Java_medium_Java_none_results.csv
158,110,vehicle,medium,none,0.7734477811992004,Java_medium_Java_none_results.csv
158,106,vehicle,medium,none,0.8397961482309159,Java_medium_Java_none_results.csv
158,204,vehicle,medium,none,0.9607090045735852,Java_medium_Java_none_results.csv
158,189,vehicle,medium,none,0.7653416682963029,Java_medium_Java_none_results.csv
151,12,vehicle,medium,none,0.7974872153927975,Java_medium_Java_none_results.csv
158,96,vehicle,medium,none,0.7270939023631912,Java_medium_Java_none_results.csv
158,181,vehicle,medium,none,0.8133220592532426,Java_medium_Java_none_results.csv
158,201,vehicle,medium,none,0.7877300421714397,Java_medium_Java_none_results.csv
158,163,vehicle,medium,none,0.8080064403203868,Java_medium_Java_none_results.csv
158,116,vehicle,medium,none,0.7447295791974036,Java_medium_Java_none_results.csv
151,154,vehicle,medium,none,0.7928107493802712,Java_medium_Java_none_results.csv
158,216,vehicle,medium,none,0.8820435007512378,Java_medium_Java_none_results.csv
158,59,vehicle,medium,none,0.7993705225124567,Java_medium_Java_none_results.csv
158,141,vehicle,medium,none,0.7525981375093649,Java_medium_Java_none_results.csv
158,12,vehicle,medium,none,0.7654580395241201,Java_medium_Java_none_results.csv
151,196,vehicle,medium,none,0.8124196028810751,Java_medium_Java_none_results.csv
166,93,vehicle,medium,none,0.8899851679106641,Java_medium_Java_none_results.csv
166,28,vehicle,medium,none,0.8419485211327528,Java_medium_Java_none_results.csv
166,3,vehicle,medium,none,0.8513618913229287,Java_medium_Java_none_results.csv
166,30,vehicle,medium,none,0.8548724135605923,Java_medium_Java_none_results.csv
158,211,vehicle,medium,none,0.7197974032317417,Java_medium_Java_none_results.csv
166,5,vehicle,medium,none,0.8159805183603193,Java_medium_Java_none_results.csv
166,110,vehicle,medium,none,0.8336101764651048,Java_medium_Java_none_results.csv
166,204,vehicle,medium,none,0.9364368284132925,Java_medium_Java_none_results.csv
166,36,vehicle,medium,none,0.8155646687317205,Java_medium_Java_none_results.csv
166,106,vehicle,medium,none,0.8345232815252859,Java_medium_Java_none_results.csv
166,96,vehicle,medium,none,0.8508179463331779,Java_medium_Java_none_results.csv
166,201,vehicle,medium,none,0.910666862301195,Java_medium_Java_none_results.csv
166,189,vehicle,medium,none,0.8760159254060087,Java_medium_Java_none_results.csv
158,154,vehicle,medium,none,0.8087256314041984,Java_medium_Java_none_results.csv
166,141,vehicle,medium,none,0.8352140278824561,Java_medium_Java_none_results.csv
166,163,vehicle,medium,none,0.860069875879238,Java_medium_Java_none_results.csv
158,196,vehicle,medium,none,0.8225303566095379,Java_medium_Java_none_results.csv
166,216,vehicle,medium,none,0.8866941262214765,Java_medium_Java_none_results.csv
166,116,vehicle,medium,none,0.8524567863773158,Java_medium_Java_none_results.csv
166,59,vehicle,medium,none,0.86296521128888,Java_medium_Java_none_results.csv
166,181,vehicle,medium,none,0.8438864067288608,Java_medium_Java_none_results.csv
168,93,vehicle,medium,none,0.8834142011361608,Java_medium_Java_none_results.csv
168,28,vehicle,medium,none,0.784012289446233,Java_medium_Java_none_results.csv
166,12,vehicle,medium,none,0.8426726937905615,Java_medium_Java_none_results.csv
168,30,vehicle,medium,none,0.8148717259245968,Java_medium_Java_none_results.csv
168,3,vehicle,medium,none,0.823707074013046,Java_medium_Java_none_results.csv
168,110,vehicle,medium,none,0.7974343697158734,Java_medium_Java_none_results.csv
168,36,vehicle,medium,none,0.841305003440813,Java_medium_Java_none_results.csv
168,5,vehicle,medium,none,0.7930842406424009,Java_medium_Java_none_results.csv
168,204,vehicle,medium,none,0.951317860282915,Java_medium_Java_none_results.csv
168,189,vehicle,medium,none,0.7849417721045856,Java_medium_Java_none_results.csv
168,181,vehicle,medium,none,0.8046588780312611,Java_medium_Java_none_results.csv
168,201,vehicle,medium,none,0.8144650353084967,Java_medium_Java_none_results.csv
168,163,vehicle,medium,none,0.8095229271821832,Java_medium_Java_none_results.csv
166,211,vehicle,medium,none,0.8391967834236443,Java_medium_Java_none_results.csv
168,96,vehicle,medium,none,0.8320169630891637,Java_medium_Java_none_results.csv
168,59,vehicle,medium,none,0.8193584996577302,Java_medium_Java_none_results.csv
168,141,vehicle,medium,none,0.7986066146001959,Java_medium_Java_none_results.csv
168,106,vehicle,medium,none,0.8086478476387837,Java_medium_Java_none_results.csv
166,154,vehicle,medium,none,0.8336396121239932,Java_medium_Java_none_results.csv
166,196,vehicle,medium,none,0.8401327727481381,Java_medium_Java_none_results.csv
169,3,vehicle,medium,none,0.783740078020737,Java_medium_Java_none_results.csv
168,216,vehicle,medium,none,0.8542940527301154,Java_medium_Java_none_results.csv
169,5,vehicle,medium,none,0.7878763548169283,Java_medium_Java_none_results.csv
169,93,vehicle,medium,none,0.8631812949616056,Java_medium_Java_none_results.csv
168,116,vehicle,medium,none,0.8152369356145075,Java_medium_Java_none_results.csv
168,12,vehicle,medium,none,0.8468564133867011,Java_medium_Java_none_results.csv
169,30,vehicle,medium,none,0.7694159146948845,Java_medium_Java_none_results.csv
169,28,vehicle,medium,none,0.7676279106926753,Java_medium_Java_none_results.csv
169,110,vehicle,medium,none,0.7594261950847421,Java_medium_Java_none_results.csv
169,204,vehicle,medium,none,0.9308728611431928,Java_medium_Java_none_results.csv
168,211,vehicle,medium,none,0.7838961316857297,Java_medium_Java_none_results.csv
169,36,vehicle,medium,none,0.8222373267617733,Java_medium_Java_none_results.csv
169,106,vehicle,medium,none,0.8069122509598686,Java_medium_Java_none_results.csv
169,189,vehicle,medium,none,0.7776598385479639,Java_medium_Java_none_results.csv
169,163,vehicle,medium,none,0.7986163288474112,Java_medium_Java_none_results.csv
169,59,vehicle,medium,none,0.810993669760056,Java_medium_Java_none_results.csv
169,201,vehicle,medium,none,0.8189024742189052,Java_medium_Java_none_results.csv
169,181,vehicle,medium,none,0.810830590026449,Java_medium_Java_none_results.csv
169,116,vehicle,medium,none,0.7942420849641687,Java_medium_Java_none_results.csv
169,216,vehicle,medium,none,0.8457249238662023,Java_medium_Java_none_results.csv
169,96,vehicle,medium,none,0.807438252519759,Java_medium_Java_none_results.csv
169,141,vehicle,medium,none,0.7796529974428467,Java_medium_Java_none_results.csv
169,211,vehicle,medium,none,0.7704073871422041,Java_medium_Java_none_results.csv
171,93,vehicle,medium,none,0.9302768028258774,Java_medium_Java_none_results.csv
169,12,vehicle,medium,none,0.8178769507585518,Java_medium_Java_none_results.csv
171,28,vehicle,medium,none,0.81601192659575,Java_medium_Java_none_results.csv
168,196,vehicle,medium,none,0.8123577733630312,Java_medium_Java_none_results.csv
171,30,vehicle,medium,none,0.8270736242495746,Java_medium_Java_none_results.csv
171,3,vehicle,medium,none,0.8540213716338533,Java_medium_Java_none_results.csv
171,36,vehicle,medium,none,0.8786089757796087,Java_medium_Java_none_results.csv
171,110,vehicle,medium,none,0.8012947890783885,Java_medium_Java_none_results.csv
169,196,vehicle,medium,none,0.8175061545518538,Java_medium_Java_none_results.csv
171,5,vehicle,medium,none,0.8232413284293721,Java_medium_Java_none_results.csv
171,204,vehicle,medium,none,0.9660664524640864,Java_medium_Java_none_results.csv
169,154,vehicle,medium,none,0.8121203214649122,Java_medium_Java_none_results.csv
168,154,vehicle,medium,none,0.8080377264863715,Java_medium_Java_none_results.csv
171,106,vehicle,medium,none,0.8811315456912161,Java_medium_Java_none_results.csv
171,189,vehicle,medium,none,0.8175254651487566,Java_medium_Java_none_results.csv
171,201,vehicle,medium,none,0.8328444836777622,Java_medium_Java_none_results.csv
171,116,vehicle,medium,none,0.773730329782903,Java_medium_Java_none_results.csv
171,216,vehicle,medium,none,0.8973014049232271,Java_medium_Java_none_results.csv
190,28,vehicle,medium,none,0.668590188616147,Java_medium_Java_none_results.csv
190,30,vehicle,medium,none,0.7182670601249662,Java_medium_Java_none_results.csv
171,181,vehicle,medium,none,0.8195132278507851,Java_medium_Java_none_results.csv
171,163,vehicle,medium,none,0.8437199905888563,Java_medium_Java_none_results.csv
190,36,vehicle,medium,none,0.7780316562387972,Java_medium_Java_none_results.csv
190,5,vehicle,medium,none,0.6914722469476114,Java_medium_Java_none_results.csv
171,96,vehicle,medium,none,0.787520778943739,Java_medium_Java_none_results.csv
171,141,vehicle,medium,none,0.7910624998128624,Java_medium_Java_none_results.csv
190,93,vehicle,medium,none,0.8359674458541596,Java_medium_Java_none_results.csv
190,3,vehicle,medium,none,0.7358202362214136,Java_medium_Java_none_results.csv
190,110,vehicle,medium,none,0.6099651376386725,Java_medium_Java_none_results.csv
171,12,vehicle,medium,none,0.7913880526143894,Java_medium_Java_none_results.csv
171,59,vehicle,medium,none,0.8223349479466086,Java_medium_Java_none_results.csv
190,96,vehicle,medium,none,0.7381106795543076,Java_medium_Java_none_results.csv
190,204,vehicle,medium,none,0.9178762726348916,Java_medium_Java_none_results.csv
190,189,vehicle,medium,none,0.6494815667608717,Java_medium_Java_none_results.csv
190,106,vehicle,medium,none,0.8176467299242545,Java_medium_Java_none_results.csv
190,116,vehicle,medium,none,0.7052592625879796,Java_medium_Java_none_results.csv
190,201,vehicle,medium,none,0.7122576787953145,Java_medium_Java_none_results.csv
190,181,vehicle,medium,none,0.7100821020742338,Java_medium_Java_none_results.csv
190,141,vehicle,medium,none,0.7561071225265362,Java_medium_Java_none_results.csv
190,59,vehicle,medium,none,0.8228171718823934,Java_medium_Java_none_results.csv
190,12,vehicle,medium,none,0.7879606148714164,Java_medium_Java_none_results.csv
190,163,vehicle,medium,none,0.7715188244980424,Java_medium_Java_none_results.csv
171,211,vehicle,medium,none,0.7684787510886381,Java_medium_Java_none_results.csv
190,216,vehicle,medium,none,0.8149425286387103,Java_medium_Java_none_results.csv
190,154,vehicle,medium,none,0.8247986080287276,Java_medium_Java_none_results.csv
190,211,vehicle,medium,none,0.7090111131697937,Java_medium_Java_none_results.csv
191,93,vehicle,medium,none,0.8969339717687816,Java_medium_Java_none_results.csv
190,196,vehicle,medium,none,0.8355524958549964,Java_medium_Java_none_results.csv
191,30,vehicle,medium,none,0.7553892685991077,Java_medium_Java_none_results.csv
191,36,vehicle,medium,none,0.8163654221196658,Java_medium_Java_none_results.csv
191,3,vehicle,medium,none,0.7875057035052275,Java_medium_Java_none_results.csv
171,196,vehicle,medium,none,0.8098965971567736,Java_medium_Java_none_results.csv
191,28,vehicle,medium,none,0.7389259681055529,Java_medium_Java_none_results.csv
191,5,vehicle,medium,none,0.7557322952271007,Java_medium_Java_none_results.csv
191,204,vehicle,medium,none,0.9481956562277952,Java_medium_Java_none_results.csv
191,110,vehicle,medium,none,0.7207526881416377,Java_medium_Java_none_results.csv
191,106,vehicle,medium,none,0.8311366396559341,Java_medium_Java_none_results.csv
171,154,vehicle,medium,none,0.8086327969335028,Java_medium_Java_none_results.csv
191,201,vehicle,medium,none,0.7854508874182571,Java_medium_Java_none_results.csv
191,163,vehicle,medium,none,0.7850379759585745,Java_medium_Java_none_results.csv
191,116,vehicle,medium,none,0.7118074606687218,Java_medium_Java_none_results.csv
192,3,vehicle,medium,none,0.8351308238796074,Java_medium_Java_none_results.csv
191,59,vehicle,medium,none,0.7944985206533808,Java_medium_Java_none_results.csv
192,28,vehicle,medium,none,0.7835785712949582,Java_medium_Java_none_results.csv
191,181,vehicle,medium,none,0.7729086997203337,Java_medium_Java_none_results.csv
192,30,vehicle,medium,none,0.7744545062017935,Java_medium_Java_none_results.csv
191,189,vehicle,medium,none,0.7610953028836523,Java_medium_Java_none_results.csv
191,216,vehicle,medium,none,0.845176117024984,Java_medium_Java_none_results.csv
192,5,vehicle,medium,none,0.7954650365063557,Java_medium_Java_none_results.csv
192,36,vehicle,medium,none,0.8420061756903773,Java_medium_Java_none_results.csv
191,96,vehicle,medium,none,0.7487704781008393,Java_medium_Java_none_results.csv
191,12,vehicle,medium,none,0.7583303361284669,Java_medium_Java_none_results.csv
192,93,vehicle,medium,none,0.9113695858451998,Java_medium_Java_none_results.csv
191,141,vehicle,medium,none,0.7714976621438354,Java_medium_Java_none_results.csv
191,211,vehicle,medium,none,0.7149063785617369,Java_medium_Java_none_results.csv
192,204,vehicle,medium,none,0.942220518738068,Java_medium_Java_none_results.csv
192,110,vehicle,medium,none,0.7526953554277666,Java_medium_Java_none_results.csv
192,189,vehicle,medium,none,0.7930371581555445,Java_medium_Java_none_results.csv
192,59,vehicle,medium,none,0.8073925811068468,Java_medium_Java_none_results.csv
192,106,vehicle,medium,none,0.8589982087498547,Java_medium_Java_none_results.csv
192,201,vehicle,medium,none,0.8193127158716254,Java_medium_Java_none_results.csv
192,181,vehicle,medium,none,0.7982444588368014,Java_medium_Java_none_results.csv
192,216,vehicle,medium,none,0.8857393763388464,Java_medium_Java_none_results.csv
192,96,vehicle,medium,none,0.8121613022111264,Java_medium_Java_none_results.csv
192,141,vehicle,medium,none,0.8190402040974376,Java_medium_Java_none_results.csv
192,116,vehicle,medium,none,0.7283789891015596,Java_medium_Java_none_results.csv
192,12,vehicle,medium,none,0.7881913162483922,Java_medium_Java_none_results.csv
192,163,vehicle,medium,none,0.7527799314073527,Java_medium_Java_none_results.csv
192,211,vehicle,medium,none,0.7802447635868185,Java_medium_Java_none_results.csv
197,93,vehicle,medium,none,0.9214318158892544,Java_medium_Java_none_results.csv
191,154,vehicle,medium,none,0.8133575583288527,Java_medium_Java_none_results.csv
197,28,vehicle,medium,none,0.8016042499696069,Java_medium_Java_none_results.csv
191,196,vehicle,medium,none,0.7937538090801372,Java_medium_Java_none_results.csv
197,30,vehicle,medium,none,0.8259017533976167,Java_medium_Java_none_results.csv
197,5,vehicle,medium,none,0.8301772150084515,Java_medium_Java_none_results.csv
197,110,vehicle,medium,none,0.815266489667114,Java_medium_Java_none_results.csv
197,36,vehicle,medium,none,0.8591122168571355,Java_medium_Java_none_results.csv
197,204,vehicle,medium,none,0.9521965496113604,Java_medium_Java_none_results.csv
192,196,vehicle,medium,none,0.8384902295308425,Java_medium_Java_none_results.csv
197,3,vehicle,medium,none,0.8466097338607887,Java_medium_Java_none_results.csv
192,154,vehicle,medium,none,0.8478188505761729,Java_medium_Java_none_results.csv
197,106,vehicle,medium,none,0.872747340819327,Java_medium_Java_none_results.csv
197,96,vehicle,medium,none,0.812517339055699,Java_medium_Java_none_results.csv
197,189,vehicle,medium,none,0.8221496238885359,Java_medium_Java_none_results.csv
197,201,vehicle,medium,none,0.839709682771057,Java_medium_Java_none_results.csv
197,181,vehicle,medium,none,0.8276388931245873,Java_medium_Java_none_results.csv
197,141,vehicle,medium,none,0.8089963316721768,Java_medium_Java_none_results.csv
197,59,vehicle,medium,none,0.7844145457312612,Java_medium_Java_none_results.csv
197,116,vehicle,medium,none,0.7780022036763776,Java_medium_Java_none_results.csv
197,216,vehicle,medium,none,0.9019073502096157,Java_medium_Java_none_results.csv
197,163,vehicle,medium,none,0.7792291202129978,Java_medium_Java_none_results.csv
197,211,vehicle,medium,none,0.7839493267078008,Java_medium_Java_none_results.csv
197,12,vehicle,medium,none,0.8160155986058122,Java_medium_Java_none_results.csv
202,93,vehicle,medium,none,0.9378888883131588,Java_medium_Java_none_results.csv
202,28,vehicle,medium,none,0.8664236213829135,Java_medium_Java_none_results.csv
197,154,vehicle,medium,none,0.8475964971496786,Java_medium_Java_none_results.csv
202,36,vehicle,medium,none,0.9054075030310996,Java_medium_Java_none_results.csv
202,30,vehicle,medium,none,0.8795853017958993,Java_medium_Java_none_results.csv
197,196,vehicle,medium,none,0.851475627220146,Java_medium_Java_none_results.csv
202,204,vehicle,medium,none,0.9712687720920234,Java_medium_Java_none_results.csv
202,5,vehicle,medium,none,0.8866248874450467,Java_medium_Java_none_results.csv
202,3,vehicle,medium,none,0.8732828281349718,Java_medium_Java_none_results.csv
202,110,vehicle,medium,none,0.8760611918341547,Java_medium_Java_none_results.csv
203,5,vehicle,medium,none,0.8854931482326279,Java_medium_Java_none_results.csv
203,3,vehicle,medium,none,0.8642445894796293,Java_medium_Java_none_results.csv
203,28,vehicle,medium,none,0.8493522592491473,Java_medium_Java_none_results.csv
203,30,vehicle,medium,none,0.848398173785068,Java_medium_Java_none_results.csv
202,189,vehicle,medium,none,0.8701098697749153,Java_medium_Java_none_results.csv
203,36,vehicle,medium,none,0.8241036646429344,Java_medium_Java_none_results.csv
203,93,vehicle,medium,none,0.856249790570046,Java_medium_Java_none_results.csv
203,96,vehicle,medium,none,0.9166713751095596,Java_medium_Java_none_results.csv
202,201,vehicle,medium,none,0.8743529539942538,Java_medium_Java_none_results.csv
203,110,vehicle,medium,none,0.8332607023840675,Java_medium_Java_none_results.csv
203,106,vehicle,medium,none,0.8527422461466965,Java_medium_Java_none_results.csv
203,59,vehicle,medium,none,0.8896900428154272,Java_medium_Java_none_results.csv
203,12,vehicle,medium,none,0.9192548017765332,Java_medium_Java_none_results.csv
203,116,vehicle,medium,none,0.9010598374441744,Java_medium_Java_none_results.csv
202,181,vehicle,medium,none,0.8891685731391085,Java_medium_Java_none_results.csv
203,141,vehicle,medium,none,0.880451531268254,Java_medium_Java_none_results.csv
203,189,vehicle,medium,none,0.8503464082534937,Java_medium_Java_none_results.csv
202,216,vehicle,medium,none,0.9197710263202304,Java_medium_Java_none_results.csv
203,181,vehicle,medium,none,0.853798214190597,Java_medium_Java_none_results.csv
203,201,vehicle,medium,none,0.839499962999911,Java_medium_Java_none_results.csv
203,163,vehicle,medium,none,0.8379013445171228,Java_medium_Java_none_results.csv
203,204,vehicle,medium,none,0.8267633388941533,Java_medium_Java_none_results.csv
203,216,vehicle,medium,none,0.843212514585354,Java_medium_Java_none_results.csv
203,154,vehicle,medium,none,0.9075961472466256,Java_medium_Java_none_results.csv
203,211,vehicle,medium,none,0.8865796018812285,Java_medium_Java_none_results.csv
202,163,vehicle,medium,none,0.827394233334481,Java_medium_Java_none_results.csv
202,96,vehicle,medium,none,0.8607051883197112,Java_medium_Java_none_results.csv
203,196,vehicle,medium,none,0.9132388892677588,Java_medium_Java_none_results.csv
202,116,vehicle,medium,none,0.8204319072571847,Java_medium_Java_none_results.csv
202,106,vehicle,medium,none,0.8960521308596001,Java_medium_Java_none_results.csv
206,28,vehicle,medium,none,0.7979436059046623,Java_medium_Java_none_results.csv
206,93,vehicle,medium,none,0.9068262380829888,Java_medium_Java_none_results.csv
202,59,vehicle,medium,none,0.8139488156655194,Java_medium_Java_none_results.csv
206,36,vehicle,medium,none,0.8453217705460991,Java_medium_Java_none_results.csv
206,30,vehicle,medium,none,0.7590812971072521,Java_medium_Java_none_results.csv
206,110,vehicle,medium,none,0.7475741000881551,Java_medium_Java_none_results.csv
206,5,vehicle,medium,none,0.7793586352079339,Java_medium_Java_none_results.csv
202,141,vehicle,medium,none,0.8359068912137386,Java_medium_Java_none_results.csv
206,3,vehicle,medium,none,0.7705426848930548,Java_medium_Java_none_results.csv
202,211,vehicle,medium,none,0.8176186856141858,Java_medium_Java_none_results.csv
206,204,vehicle,medium,none,0.9482751562235556,Java_medium_Java_none_results.csv
202,12,vehicle,medium,none,0.8123834908924487,Java_medium_Java_none_results.csv
206,201,vehicle,medium,none,0.7699853918664102,Java_medium_Java_none_results.csv
206,59,vehicle,medium,none,0.8293068631322199,Java_medium_Java_none_results.csv
206,106,vehicle,medium,none,0.8462633972748719,Java_medium_Java_none_results.csv
206,181,vehicle,medium,none,0.809414835765588,Java_medium_Java_none_results.csv
206,96,vehicle,medium,none,0.7986462220692143,Java_medium_Java_none_results.csv
206,189,vehicle,medium,none,0.7699176821335718,Java_medium_Java_none_results.csv
206,163,vehicle,medium,none,0.8034062290730383,Java_medium_Java_none_results.csv
206,116,vehicle,medium,none,0.7244758578770593,Java_medium_Java_none_results.csv
206,12,vehicle,medium,none,0.7602669658347847,Java_medium_Java_none_results.csv
206,141,vehicle,medium,none,0.8058951388621328,Java_medium_Java_none_results.csv
206,216,vehicle,medium,none,0.8717953559226055,Java_medium_Java_none_results.csv
206,211,vehicle,medium,none,0.7450139768680911,Java_medium_Java_none_results.csv
207,93,vehicle,medium,none,0.9242548786102582,Java_medium_Java_none_results.csv
207,28,vehicle,medium,none,0.7889458335643774,Java_medium_Java_none_results.csv
207,36,vehicle,medium,none,0.8431361018490231,Java_medium_Java_none_results.csv
207,30,vehicle,medium,none,0.8062164976528001,Java_medium_Java_none_results.csv
207,5,vehicle,medium,none,0.7964649268473828,Java_medium_Java_none_results.csv
207,110,vehicle,medium,none,0.7587070562885653,Java_medium_Java_none_results.csv
207,3,vehicle,medium,none,0.8278609369137803,Java_medium_Java_none_results.csv
207,204,vehicle,medium,none,0.9623150838643773,Java_medium_Java_none_results.csv
207,106,vehicle,medium,none,0.8393235746281169,Java_medium_Java_none_results.csv
206,196,vehicle,medium,none,0.7942545689783592,Java_medium_Java_none_results.csv
207,181,vehicle,medium,none,0.7728796569061316,Java_medium_Java_none_results.csv
207,189,vehicle,medium,none,0.787794882296361,Java_medium_Java_none_results.csv
206,154,vehicle,medium,none,0.820700862915318,Java_medium_Java_none_results.csv
207,201,vehicle,medium,none,0.7700137340007553,Java_medium_Java_none_results.csv
207,163,vehicle,medium,none,0.7997199487985761,Java_medium_Java_none_results.csv
207,116,vehicle,medium,none,0.721631050374182,Java_medium_Java_none_results.csv
207,96,vehicle,medium,none,0.776317329019103,Java_medium_Java_none_results.csv
210,28,vehicle,medium,none,0.7396194451036998,Java_medium_Java_none_results.csv
210,5,vehicle,medium,none,0.7241944749170254,Java_medium_Java_none_results.csv
210,93,vehicle,medium,none,0.861135835208359,Java_medium_Java_none_results.csv
210,3,vehicle,medium,none,0.7547812451029349,Java_medium_Java_none_results.csv
202,196,vehicle,medium,none,0.8388492430621268,Java_medium_Java_none_results.csv
207,141,vehicle,medium,none,0.7687044004816068,Java_medium_Java_none_results.csv
210,30,vehicle,medium,none,0.7226030329319159,Java_medium_Java_none_results.csv
207,59,vehicle,medium,none,0.8115180540975596,Java_medium_Java_none_results.csv
210,36,vehicle,medium,none,0.7869349877469523,Java_medium_Java_none_results.csv
207,216,vehicle,medium,none,0.8710497507056826,Java_medium_Java_none_results.csv
207,12,vehicle,medium,none,0.7577849136657809,Java_medium_Java_none_results.csv
210,110,vehicle,medium,none,0.6688147203549458,Java_medium_Java_none_results.csv
210,189,vehicle,medium,none,0.7294220775907255,Java_medium_Java_none_results.csv
210,12,vehicle,medium,none,0.8209149306083343,Java_medium_Java_none_results.csv
210,204,vehicle,medium,none,0.924182418648234,Java_medium_Java_none_results.csv
210,181,vehicle,medium,none,0.7288404692123746,Java_medium_Java_none_results.csv
210,201,vehicle,medium,none,0.7396126642773144,Java_medium_Java_none_results.csv
210,163,vehicle,medium,none,0.7946221841592631,Java_medium_Java_none_results.csv
210,106,vehicle,medium,none,0.8092691495111514,Java_medium_Java_none_results.csv
210,116,vehicle,medium,none,0.7403161383008444,Java_medium_Java_none_results.csv
210,59,vehicle,medium,none,0.844259830289195,Java_medium_Java_none_results.csv
210,141,vehicle,medium,none,0.8128383573302447,Java_medium_Java_none_results.csv
202,154,vehicle,medium,none,0.837514498235196,Java_medium_Java_none_results.csv
210,216,vehicle,medium,none,0.7822554300384088,Java_medium_Java_none_results.csv
210,96,vehicle,medium,none,0.7902529470220019,Java_medium_Java_none_results.csv
210,211,vehicle,medium,none,0.7596209448172687,Java_medium_Java_none_results.csv
207,154,vehicle,medium,none,0.7974425773004898,Java_medium_Java_none_results.csv
210,154,vehicle,medium,none,0.8519726070401875,Java_medium_Java_none_results.csv
210,196,vehicle,medium,none,0.8262509317918602,Java_medium_Java_none_results.csv
207,211,vehicle,medium,none,0.7693474804532069,Java_medium_Java_none_results.csv
214,93,vehicle,medium,none,0.9343859091369072,Java_medium_Java_none_results.csv
207,196,vehicle,medium,none,0.7877420148356166,Java_medium_Java_none_results.csv
214,36,vehicle,medium,none,0.9023167452045712,Java_medium_Java_none_results.csv
214,110,vehicle,medium,none,0.8147726905455354,Java_medium_Java_none_results.csv
214,30,vehicle,medium,none,0.8319718103318606,Java_medium_Java_none_results.csv
214,204,vehicle,medium,none,0.9676087686461584,Java_medium_Java_none_results.csv
214,5,vehicle,medium,none,0.8312617261782174,Java_medium_Java_none_results.csv
214,201,vehicle,medium,none,0.8689290419363236,Java_medium_Java_none_results.csv
214,3,vehicle,medium,none,0.8351994260583351,Java_medium_Java_none_results.csv
214,28,vehicle,medium,none,0.860458033089495,Java_medium_Java_none_results.csv
214,181,vehicle,medium,none,0.8519103682162176,Java_medium_Java_none_results.csv
214,96,vehicle,medium,none,0.8269437290538137,Java_medium_Java_none_results.csv
214,189,vehicle,medium,none,0.8620424287768564,Java_medium_Java_none_results.csv
214,141,vehicle,medium,none,0.7989830298129834,Java_medium_Java_none_results.csv
215,3,vehicle,medium,none,0.7356488497161295,Java_medium_Java_none_results.csv
214,216,vehicle,medium,none,0.8960587022298121,Java_medium_Java_none_results.csv
215,5,vehicle,medium,none,0.7753560969759498,Java_medium_Java_none_results.csv
214,163,vehicle,medium,none,0.8531188908102016,Java_medium_Java_none_results.csv
215,28,vehicle,medium,none,0.7863155634691609,Java_medium_Java_none_results.csv
215,30,vehicle,medium,none,0.7663540090733318,Java_medium_Java_none_results.csv
215,93,vehicle,medium,none,0.8715325534975263,Java_medium_Java_none_results.csv
214,106,vehicle,medium,none,0.882792428262979,Java_medium_Java_none_results.csv
215,36,vehicle,medium,none,0.8290363089108265,Java_medium_Java_none_results.csv
214,59,vehicle,medium,none,0.8414098052506401,Java_medium_Java_none_results.csv
215,110,vehicle,medium,none,0.7546335505676715,Java_medium_Java_none_results.csv
215,204,vehicle,medium,none,0.948165038485231,Java_medium_Java_none_results.csv
215,12,vehicle,medium,none,0.7906853560668592,Java_medium_Java_none_results.csv
215,201,vehicle,medium,none,0.8109510791044974,Java_medium_Java_none_results.csv
214,116,vehicle,medium,none,0.7791726777119176,Java_medium_Java_none_results.csv
214,211,vehicle,medium,none,0.7961331946748267,Java_medium_Java_none_results.csv
215,141,vehicle,medium,none,0.7845058969344695,Java_medium_Java_none_results.csv
215,189,vehicle,medium,none,0.7931683302364604,Java_medium_Java_none_results.csv
215,59,vehicle,medium,none,0.8207981152232526,Java_medium_Java_none_results.csv
215,96,vehicle,medium,none,0.7799060426632737,Java_medium_Java_none_results.csv
215,106,vehicle,medium,none,0.7953185752353545,Java_medium_Java_none_results.csv
215,116,vehicle,medium,none,0.7876964783541607,Java_medium_Java_none_results.csv
215,181,vehicle,medium,none,0.7950636647215299,Java_medium_Java_none_results.csv
215,216,vehicle,medium,none,0.8456622980112402,Java_medium_Java_none_results.csv
214,12,vehicle,medium,none,0.7825095259849082,Java_medium_Java_none_results.csv
215,163,vehicle,medium,none,0.8354575212247,Java_medium_Java_none_results.csv
214,154,vehicle,medium,none,0.8181946831910102,Java_medium_Java_none_results.csv
215,211,vehicle,medium,none,0.7681296265205363,Java_medium_Java_none_results.csv
215,196,vehicle,medium,none,0.7797408318623122,Java_medium_Java_none_results.csv
214,196,vehicle,medium,none,0.7965646233516255,Java_medium_Java_none_results.csv
215,154,vehicle,medium,none,0.7609894752954263,Java_medium_Java_none_results.csv
