exp_a,exp_b,trial_id,expertise_a,expertise_b,original_distance,original_nld
4,15,2,medium,medium,190.0,0.9313725490196079
4,73,2,medium,medium,316.0,0.9376854599406528
4,81,2,medium,medium,281.0,0.9093851132686084
4,72,2,medium,medium,299.0,0.9143730886850153
4,62,2,medium,medium,186.0,0.9117647058823529
4,54,2,medium,medium,183.0,0.8970588235294118
4,75,2,medium,medium,262.0,0.9357142857142857
4,25,2,medium,medium,335.0,0.925414364640884
4,18,2,medium,medium,276.0,0.9139072847682119
4,40,2,medium,medium,187.0,0.9166666666666666
4,97,2,medium,medium,266.0,0.95
4,33,2,medium,medium,247.0,0.96484375
4,17,2,medium,medium,189.0,0.863013698630137
4,91,2,medium,medium,214.0,0.9553571428571429
4,66,2,medium,medium,193.0,0.946078431372549
4,24,2,medium,medium,195.0,0.9375
4,89,2,medium,medium,383.0,0.916267942583732
4,83,2,medium,medium,284.0,0.9073482428115016
4,32,2,medium,medium,175.0,0.8578431372549019
4,16,2,medium,medium,202.0,0.9395348837209302
4,20,2,medium,medium,183.0,0.8970588235294118
4,88,2,medium,medium,191.0,0.9362745098039216
4,42,2,medium,medium,188.0,0.9215686274509803
4,58,2,medium,medium,192.0,0.9411764705882353
4,84,2,medium,medium,230.0,0.9163346613545816
4,61,2,medium,medium,202.0,0.9665071770334929
4,6,2,medium,medium,189.0,0.9264705882352942
4,50,2,medium,medium,299.0,0.92
4,14,2,medium,medium,186.0,0.9117647058823529
4,53,2,medium,medium,187.0,0.9166666666666666
4,57,2,medium,medium,185.0,0.9068627450980392
4,51,2,medium,medium,188.0,0.9215686274509803
4,55,2,medium,medium,333.0,0.8560411311053985
4,108,2,medium,medium,186.0,0.9117647058823529
4,125,2,medium,medium,182.0,0.8921568627450981
4,115,2,medium,medium,190.0,0.9313725490196079
4,105,2,medium,medium,188.0,0.9215686274509803
4,112,2,medium,medium,215.0,0.9684684684684685
4,120,2,medium,medium,215.0,0.9388646288209607
4,143,2,medium,medium,183.0,0.8970588235294118
4,117,2,medium,medium,220.0,0.9053497942386831
4,145,2,medium,medium,190.0,0.9313725490196079
4,142,2,medium,medium,218.0,0.9775784753363229
4,135,2,medium,medium,356.0,0.9175257731958762
4,147,2,medium,medium,245.0,0.8781362007168458
4,155,2,medium,medium,201.0,0.9852941176470589
4,158,2,medium,medium,193.0,0.946078431372549
4,169,2,medium,medium,182.0,0.8921568627450981
4,185,2,medium,medium,182.0,0.8921568627450981
4,190,2,medium,medium,180.0,0.8823529411764706
4,171,2,medium,medium,270.0,0.9574468085106383
4,191,2,medium,medium,228.0,0.9230769230769231
4,151,2,medium,medium,455.0,0.8956692913385826
4,203,2,medium,medium,182.0,0.8921568627450981
4,197,2,medium,medium,240.0,0.9486166007905138
4,168,2,medium,medium,457.0,0.9213709677419355
4,192,2,medium,medium,281.0,0.9123376623376623
4,210,2,medium,medium,184.0,0.9019607843137255
4,212,2,medium,medium,193.0,0.946078431372549
4,206,2,medium,medium,245.0,0.9176029962546817
4,194,2,medium,medium,456.0,0.8958742632612967
6,14,2,medium,medium,140.0,0.89171974522293
4,207,2,medium,medium,306.0,0.9300911854103343
6,15,2,medium,medium,158.0,0.8729281767955801
4,214,2,medium,medium,268.0,0.9403508771929825
4,215,2,medium,medium,233.0,0.9031007751937985
6,16,2,medium,medium,187.0,0.8697674418604651
4,202,2,medium,medium,544.0,0.9347079037800687
6,17,2,medium,medium,188.0,0.8584474885844748
6,20,2,medium,medium,183.0,0.9104477611940298
6,32,2,medium,medium,127.0,0.9071428571428571
6,24,2,medium,medium,200.0,0.9615384615384616
6,18,2,medium,medium,284.0,0.9403973509933775
6,42,2,medium,medium,114.0,0.890625
6,40,2,medium,medium,160.0,0.898876404494382
6,51,2,medium,medium,121.0,0.9453125
6,33,2,medium,medium,235.0,0.91796875
6,57,2,medium,medium,121.0,0.9453125
6,25,2,medium,medium,312.0,0.861878453038674
6,54,2,medium,medium,134.0,0.9241379310344827
6,53,2,medium,medium,156.0,0.9017341040462428
6,66,2,medium,medium,125.0,0.9765625
6,58,2,medium,medium,140.0,0.9032258064516129
6,50,2,medium,medium,321.0,0.9876923076923076
6,62,2,medium,medium,121.0,0.8832116788321168
6,61,2,medium,medium,189.0,0.9043062200956937
6,55,2,medium,medium,340.0,0.8740359897172236
6,88,2,medium,medium,113.0,0.8828125
6,72,2,medium,medium,307.0,0.9388379204892966
6,84,2,medium,medium,232.0,0.9243027888446215
6,75,2,medium,medium,262.0,0.9357142857142857
6,73,2,medium,medium,307.0,0.9109792284866469
6,81,2,medium,medium,290.0,0.9385113268608414
6,83,2,medium,medium,291.0,0.9297124600638977
6,108,2,medium,medium,120.0,0.9375
6,105,2,medium,medium,123.0,0.9044117647058824
6,91,2,medium,medium,207.0,0.9241071428571429
6,115,2,medium,medium,126.0,0.875
6,112,2,medium,medium,203.0,0.9144144144144144
6,97,2,medium,medium,258.0,0.9214285714285714
6,89,2,medium,medium,394.0,0.9425837320574163
6,117,2,medium,medium,222.0,0.9135802469135802
6,125,2,medium,medium,110.0,0.859375
6,120,2,medium,medium,199.0,0.868995633187773
6,143,2,medium,medium,128.0,0.9696969696969697
6,142,2,medium,medium,209.0,0.9372197309417041
6,145,2,medium,medium,164.0,0.9010989010989011
6,155,2,medium,medium,182.0,0.900990099009901
6,158,2,medium,medium,177.0,0.8719211822660099
6,147,2,medium,medium,244.0,0.8745519713261649
6,169,2,medium,medium,148.0,0.925
6,135,2,medium,medium,347.0,0.8943298969072165
6,185,2,medium,medium,113.0,0.8828125
6,190,2,medium,medium,116.0,0.90625
6,171,2,medium,medium,257.0,0.9113475177304965
6,203,2,medium,medium,118.0,0.921875
6,151,2,medium,medium,438.0,0.8622047244094488
6,168,2,medium,medium,458.0,0.9233870967741935
6,191,2,medium,medium,226.0,0.9149797570850202
6,192,2,medium,medium,276.0,0.8961038961038961
6,197,2,medium,medium,230.0,0.9090909090909091
6,210,2,medium,medium,131.0,0.9492753623188406
6,212,2,medium,medium,144.0,0.8888888888888888
6,206,2,medium,medium,243.0,0.9101123595505618
6,194,2,medium,medium,463.0,0.9096267190569745
6,207,2,medium,medium,306.0,0.9300911854103343
6,215,2,medium,medium,241.0,0.9341085271317829
6,214,2,medium,medium,252.0,0.8842105263157894
14,15,2,medium,medium,165.0,0.9116022099447514
6,202,2,medium,medium,551.0,0.9467353951890034
14,16,2,medium,medium,189.0,0.8790697674418605
14,17,2,medium,medium,199.0,0.908675799086758
14,20,2,medium,medium,183.0,0.9104477611940298
14,32,2,medium,medium,149.0,0.9490445859872612
14,24,2,medium,medium,199.0,0.9567307692307693
14,18,2,medium,medium,287.0,0.9503311258278145
14,40,2,medium,medium,165.0,0.9269662921348315
14,42,2,medium,medium,147.0,0.9363057324840764
14,51,2,medium,medium,150.0,0.9554140127388535
14,33,2,medium,medium,238.0,0.9296875
14,25,2,medium,medium,308.0,0.850828729281768
14,54,2,medium,medium,150.0,0.9554140127388535
14,57,2,medium,medium,145.0,0.9235668789808917
14,53,2,medium,medium,161.0,0.930635838150289
14,66,2,medium,medium,152.0,0.9681528662420382
14,58,2,medium,medium,139.0,0.8853503184713376
14,50,2,medium,medium,314.0,0.9661538461538461
14,62,2,medium,medium,145.0,0.9235668789808917
14,61,2,medium,medium,195.0,0.9330143540669856
14,88,2,medium,medium,142.0,0.9044585987261147
14,55,2,medium,medium,338.0,0.8688946015424165
14,72,2,medium,medium,310.0,0.9480122324159022
14,75,2,medium,medium,267.0,0.9535714285714286
14,81,2,medium,medium,283.0,0.9158576051779935
14,73,2,medium,medium,309.0,0.9169139465875371
14,84,2,medium,medium,235.0,0.9362549800796812
14,83,2,medium,medium,293.0,0.9361022364217252
14,108,2,medium,medium,145.0,0.9235668789808917
14,105,2,medium,medium,136.0,0.8662420382165605
14,91,2,medium,medium,209.0,0.9330357142857143
14,115,2,medium,medium,132.0,0.8407643312101911
14,97,2,medium,medium,258.0,0.9214285714285714
14,125,2,medium,medium,140.0,0.89171974522293
14,112,2,medium,medium,204.0,0.918918918918919
14,117,2,medium,medium,229.0,0.9423868312757202
14,120,2,medium,medium,201.0,0.8777292576419214
14,89,2,medium,medium,391.0,0.9354066985645934
14,142,2,medium,medium,208.0,0.9327354260089686
14,143,2,medium,medium,152.0,0.9681528662420382
14,145,2,medium,medium,170.0,0.9340659340659341
14,147,2,medium,medium,235.0,0.8422939068100358
14,169,2,medium,medium,152.0,0.95
14,155,2,medium,medium,185.0,0.9158415841584159
14,158,2,medium,medium,178.0,0.8768472906403941
14,135,2,medium,medium,342.0,0.8814432989690721
14,190,2,medium,medium,147.0,0.9363057324840764
14,185,2,medium,medium,134.0,0.8535031847133758
14,171,2,medium,medium,262.0,0.9290780141843972
14,191,2,medium,medium,228.0,0.9230769230769231
14,203,2,medium,medium,143.0,0.910828025477707
14,151,2,medium,medium,439.0,0.8641732283464567
14,168,2,medium,medium,446.0,0.8991935483870968
14,192,2,medium,medium,273.0,0.8863636363636364
14,197,2,medium,medium,229.0,0.9051383399209486
14,210,2,medium,medium,146.0,0.9299363057324841
14,194,2,medium,medium,455.0,0.8939096267190569
14,206,2,medium,medium,239.0,0.8951310861423221
14,212,2,medium,medium,144.0,0.8888888888888888
14,207,2,medium,medium,306.0,0.9300911854103343
14,215,2,medium,medium,243.0,0.9418604651162791
14,214,2,medium,medium,239.0,0.8385964912280702
14,202,2,medium,medium,547.0,0.9398625429553265
15,16,2,medium,medium,202.0,0.9395348837209302
15,20,2,medium,medium,190.0,0.945273631840796
15,17,2,medium,medium,205.0,0.9360730593607306
15,32,2,medium,medium,163.0,0.9005524861878453
15,24,2,medium,medium,193.0,0.9278846153846154
15,42,2,medium,medium,166.0,0.9171270718232044
15,18,2,medium,medium,280.0,0.9271523178807947
15,51,2,medium,medium,169.0,0.9337016574585635
15,40,2,medium,medium,176.0,0.9723756906077348
15,33,2,medium,medium,237.0,0.92578125
15,54,2,medium,medium,168.0,0.9281767955801105
15,53,2,medium,medium,162.0,0.8950276243093923
15,57,2,medium,medium,161.0,0.8895027624309392
15,25,2,medium,medium,323.0,0.8922651933701657
15,66,2,medium,medium,175.0,0.9668508287292817
15,58,2,medium,medium,172.0,0.9502762430939227
15,50,2,medium,medium,312.0,0.96
15,62,2,medium,medium,154.0,0.850828729281768
15,61,2,medium,medium,200.0,0.9569377990430622
15,88,2,medium,medium,165.0,0.9116022099447514
15,55,2,medium,medium,332.0,0.8534704370179949
15,72,2,medium,medium,312.0,0.9541284403669725
15,75,2,medium,medium,260.0,0.9285714285714286
15,73,2,medium,medium,317.0,0.9406528189910979
15,81,2,medium,medium,280.0,0.9061488673139159
15,84,2,medium,medium,232.0,0.9243027888446215
15,83,2,medium,medium,298.0,0.952076677316294
15,91,2,medium,medium,212.0,0.9464285714285714
15,108,2,medium,medium,171.0,0.9447513812154696
15,105,2,medium,medium,166.0,0.9171270718232044
15,115,2,medium,medium,169.0,0.9337016574585635
15,125,2,medium,medium,160.0,0.8839779005524862
15,112,2,medium,medium,209.0,0.9414414414414415
15,97,2,medium,medium,265.0,0.9464285714285714
15,117,2,medium,medium,220.0,0.9053497942386831
15,89,2,medium,medium,399.0,0.9545454545454546
15,120,2,medium,medium,188.0,0.8209606986899564
15,142,2,medium,medium,213.0,0.9551569506726457
15,143,2,medium,medium,172.0,0.9502762430939227
15,145,2,medium,medium,180.0,0.989010989010989
15,155,2,medium,medium,186.0,0.9207920792079208
15,135,2,medium,medium,349.0,0.8994845360824743
15,158,2,medium,medium,181.0,0.8916256157635468
15,147,2,medium,medium,252.0,0.9032258064516129
15,169,2,medium,medium,166.0,0.9171270718232044
15,190,2,medium,medium,163.0,0.9005524861878453
15,185,2,medium,medium,164.0,0.9060773480662984
15,171,2,medium,medium,261.0,0.925531914893617
15,191,2,medium,medium,230.0,0.9311740890688259
15,151,2,medium,medium,445.0,0.8759842519685039
15,203,2,medium,medium,164.0,0.9060773480662984
15,192,2,medium,medium,284.0,0.922077922077922
15,197,2,medium,medium,235.0,0.9288537549407114
15,168,2,medium,medium,460.0,0.9274193548387096
15,210,2,medium,medium,168.0,0.9281767955801105
15,212,2,medium,medium,168.0,0.9281767955801105
15,206,2,medium,medium,250.0,0.9363295880149812
15,194,2,medium,medium,446.0,0.8762278978388998
15,207,2,medium,medium,310.0,0.9422492401215805
15,215,2,medium,medium,234.0,0.9069767441860465
15,214,2,medium,medium,258.0,0.9052631578947369
15,202,2,medium,medium,552.0,0.9484536082474226
16,17,2,medium,medium,206.0,0.9406392694063926
16,20,2,medium,medium,203.0,0.9441860465116279
16,32,2,medium,medium,171.0,0.7953488372093023
16,24,2,medium,medium,206.0,0.958139534883721
16,42,2,medium,medium,203.0,0.9441860465116279
16,18,2,medium,medium,274.0,0.9072847682119205
16,40,2,medium,medium,192.0,0.8930232558139535
16,51,2,medium,medium,199.0,0.9255813953488372
16,33,2,medium,medium,240.0,0.9375
16,25,2,medium,medium,310.0,0.856353591160221
16,54,2,medium,medium,199.0,0.9255813953488372
16,57,2,medium,medium,197.0,0.9162790697674419
16,53,2,medium,medium,194.0,0.9023255813953488
16,66,2,medium,medium,208.0,0.9674418604651163
16,62,2,medium,medium,197.0,0.9162790697674419
16,58,2,medium,medium,197.0,0.9162790697674419
16,50,2,medium,medium,309.0,0.9507692307692308
16,61,2,medium,medium,200.0,0.9302325581395349
16,88,2,medium,medium,198.0,0.9209302325581395
16,55,2,medium,medium,336.0,0.8637532133676092
16,75,2,medium,medium,264.0,0.9428571428571428
16,72,2,medium,medium,308.0,0.9418960244648318
16,73,2,medium,medium,316.0,0.9376854599406528
16,84,2,medium,medium,233.0,0.9282868525896414
16,83,2,medium,medium,287.0,0.9169329073482428
16,81,2,medium,medium,280.0,0.9061488673139159
16,108,2,medium,medium,203.0,0.9441860465116279
16,105,2,medium,medium,191.0,0.8883720930232558
16,91,2,medium,medium,212.0,0.9464285714285714
16,115,2,medium,medium,190.0,0.8837209302325582
16,112,2,medium,medium,215.0,0.9684684684684685
16,97,2,medium,medium,263.0,0.9392857142857143
16,89,2,medium,medium,389.0,0.930622009569378
16,125,2,medium,medium,190.0,0.8837209302325582
16,117,2,medium,medium,232.0,0.9547325102880658
16,120,2,medium,medium,218.0,0.9519650655021834
16,143,2,medium,medium,196.0,0.9116279069767442
16,142,2,medium,medium,214.0,0.9596412556053812
16,145,2,medium,medium,202.0,0.9395348837209302
16,155,2,medium,medium,203.0,0.9441860465116279
16,158,2,medium,medium,196.0,0.9116279069767442
16,147,2,medium,medium,248.0,0.8888888888888888
16,135,2,medium,medium,349.0,0.8994845360824743
16,169,2,medium,medium,188.0,0.8744186046511628
16,185,2,medium,medium,181.0,0.8418604651162791
16,190,2,medium,medium,199.0,0.9255813953488372
16,171,2,medium,medium,273.0,0.9680851063829787
16,151,2,medium,medium,451.0,0.8877952755905512
16,191,2,medium,medium,230.0,0.9311740890688259
16,203,2,medium,medium,195.0,0.9069767441860465
16,168,2,medium,medium,445.0,0.8971774193548387
16,197,2,medium,medium,235.0,0.9288537549407114
16,192,2,medium,medium,271.0,0.8798701298701299
16,210,2,medium,medium,193.0,0.8976744186046511
16,206,2,medium,medium,252.0,0.9438202247191011
16,212,2,medium,medium,195.0,0.9069767441860465
16,194,2,medium,medium,450.0,0.8840864440078585
16,214,2,medium,medium,263.0,0.9228070175438596
16,207,2,medium,medium,298.0,0.9057750759878419
16,215,2,medium,medium,252.0,0.9767441860465116
16,202,2,medium,medium,550.0,0.9450171821305842
17,20,2,medium,medium,194.0,0.8858447488584474
17,24,2,medium,medium,206.0,0.9406392694063926
17,18,2,medium,medium,275.0,0.9105960264900662
17,32,2,medium,medium,181.0,0.8264840182648402
17,42,2,medium,medium,204.0,0.9315068493150684
17,51,2,medium,medium,203.0,0.9269406392694064
17,40,2,medium,medium,194.0,0.8858447488584474
17,33,2,medium,medium,248.0,0.96875
17,53,2,medium,medium,205.0,0.9360730593607306
17,57,2,medium,medium,197.0,0.8995433789954338
17,54,2,medium,medium,203.0,0.9269406392694064
17,25,2,medium,medium,332.0,0.9171270718232044
17,66,2,medium,medium,211.0,0.9634703196347032
17,58,2,medium,medium,205.0,0.9360730593607306
17,50,2,medium,medium,306.0,0.9415384615384615
17,62,2,medium,medium,194.0,0.8858447488584474
17,61,2,medium,medium,210.0,0.958904109589041
17,55,2,medium,medium,338.0,0.8688946015424165
17,88,2,medium,medium,202.0,0.9223744292237442
17,72,2,medium,medium,304.0,0.9296636085626911
17,84,2,medium,medium,237.0,0.9442231075697212
17,75,2,medium,medium,269.0,0.9607142857142857
17,81,2,medium,medium,278.0,0.8996763754045307
17,83,2,medium,medium,298.0,0.952076677316294
17,73,2,medium,medium,318.0,0.9436201780415431
17,108,2,medium,medium,204.0,0.9315068493150684
17,91,2,medium,medium,220.0,0.9821428571428571
17,105,2,medium,medium,197.0,0.8995433789954338
17,115,2,medium,medium,200.0,0.91324200913242
17,125,2,medium,medium,196.0,0.8949771689497716
17,112,2,medium,medium,220.0,0.990990990990991
17,97,2,medium,medium,272.0,0.9714285714285714
17,117,2,medium,medium,227.0,0.934156378600823
17,120,2,medium,medium,213.0,0.9301310043668122
17,89,2,medium,medium,397.0,0.9497607655502392
17,143,2,medium,medium,197.0,0.8995433789954338
17,142,2,medium,medium,220.0,0.9865470852017937
17,145,2,medium,medium,192.0,0.8767123287671232
17,147,2,medium,medium,254.0,0.910394265232975
17,155,2,medium,medium,208.0,0.9497716894977168
17,135,2,medium,medium,356.0,0.9175257731958762
17,158,2,medium,medium,194.0,0.8858447488584474
17,169,2,medium,medium,199.0,0.908675799086758
17,190,2,medium,medium,198.0,0.9041095890410958
17,185,2,medium,medium,188.0,0.8584474885844748
17,171,2,medium,medium,271.0,0.9609929078014184
17,191,2,medium,medium,231.0,0.9352226720647774
17,151,2,medium,medium,448.0,0.8818897637795275
17,192,2,medium,medium,288.0,0.935064935064935
17,203,2,medium,medium,205.0,0.9360730593607306
17,197,2,medium,medium,241.0,0.9525691699604744
17,168,2,medium,medium,456.0,0.9193548387096774
17,210,2,medium,medium,199.0,0.908675799086758
17,212,2,medium,medium,206.0,0.9406392694063926
17,206,2,medium,medium,247.0,0.9250936329588015
17,194,2,medium,medium,464.0,0.9115913555992141
17,207,2,medium,medium,316.0,0.9604863221884499
17,215,2,medium,medium,239.0,0.9263565891472868
17,214,2,medium,medium,262.0,0.9192982456140351
17,202,2,medium,medium,561.0,0.9639175257731959
18,20,2,medium,medium,277.0,0.9172185430463576
18,32,2,medium,medium,281.0,0.9304635761589404
18,24,2,medium,medium,256.0,0.847682119205298
18,42,2,medium,medium,265.0,0.8774834437086093
18,51,2,medium,medium,251.0,0.8311258278145696
18,40,2,medium,medium,279.0,0.9238410596026491
18,57,2,medium,medium,284.0,0.9403973509933775
18,33,2,medium,medium,268.0,0.8874172185430463
18,54,2,medium,medium,260.0,0.8609271523178808
18,53,2,medium,medium,279.0,0.9238410596026491
18,25,2,medium,medium,355.0,0.9806629834254144
18,66,2,medium,medium,281.0,0.9304635761589404
18,58,2,medium,medium,257.0,0.8509933774834437
18,50,2,medium,medium,299.0,0.92
18,62,2,medium,medium,287.0,0.9503311258278145
18,61,2,medium,medium,247.0,0.8178807947019867
18,55,2,medium,medium,353.0,0.9074550128534704
18,88,2,medium,medium,293.0,0.9701986754966887
18,72,2,medium,medium,295.0,0.9021406727828746
18,75,2,medium,medium,275.0,0.9105960264900662
18,73,2,medium,medium,310.0,0.9198813056379822
18,81,2,medium,medium,271.0,0.8770226537216829
18,84,2,medium,medium,248.0,0.8211920529801324
18,83,2,medium,medium,279.0,0.8913738019169329
18,105,2,medium,medium,292.0,0.9668874172185431
18,108,2,medium,medium,272.0,0.9006622516556292
18,91,2,medium,medium,249.0,0.8245033112582781
18,115,2,medium,medium,291.0,0.9635761589403974
18,125,2,medium,medium,281.0,0.9304635761589404
18,112,2,medium,medium,278.0,0.9205298013245033
18,97,2,medium,medium,280.0,0.9271523178807947
18,117,2,medium,medium,252.0,0.8344370860927153
18,120,2,medium,medium,288.0,0.9536423841059603
18,89,2,medium,medium,359.0,0.8588516746411483
18,143,2,medium,medium,256.0,0.847682119205298
18,145,2,medium,medium,290.0,0.9602649006622517
18,142,2,medium,medium,262.0,0.8675496688741722
18,147,2,medium,medium,292.0,0.9668874172185431
18,155,2,medium,medium,251.0,0.8311258278145696
18,158,2,medium,medium,279.0,0.9238410596026491
18,135,2,medium,medium,374.0,0.9639175257731959
18,169,2,medium,medium,249.0,0.8245033112582781
18,190,2,medium,medium,259.0,0.8576158940397351
18,185,2,medium,medium,285.0,0.9437086092715232
18,171,2,medium,medium,281.0,0.9304635761589404
18,203,2,medium,medium,284.0,0.9403973509933775
18,151,2,medium,medium,487.0,0.9586614173228346
18,191,2,medium,medium,262.0,0.8675496688741722
18,168,2,medium,medium,468.0,0.9435483870967742
18,197,2,medium,medium,253.0,0.8377483443708609
18,192,2,medium,medium,298.0,0.9675324675324676
18,210,2,medium,medium,264.0,0.8741721854304636
18,212,2,medium,medium,283.0,0.9370860927152318
18,206,2,medium,medium,278.0,0.9205298013245033
18,194,2,medium,medium,481.0,0.9449901768172888
18,207,2,medium,medium,298.0,0.9057750759878419
18,215,2,medium,medium,273.0,0.9039735099337748
18,214,2,medium,medium,293.0,0.9701986754966887
20,32,2,medium,medium,164.0,0.8159203980099502
20,24,2,medium,medium,198.0,0.9519230769230769
20,42,2,medium,medium,190.0,0.945273631840796
18,202,2,medium,medium,514.0,0.8831615120274914
20,51,2,medium,medium,185.0,0.9203980099502488
20,40,2,medium,medium,183.0,0.9104477611940298
20,33,2,medium,medium,249.0,0.97265625
20,57,2,medium,medium,189.0,0.9402985074626866
20,53,2,medium,medium,188.0,0.9353233830845771
20,54,2,medium,medium,190.0,0.945273631840796
20,25,2,medium,medium,342.0,0.9447513812154696
20,58,2,medium,medium,182.0,0.9054726368159204
20,66,2,medium,medium,193.0,0.9601990049751243
20,50,2,medium,medium,307.0,0.9446153846153846
20,62,2,medium,medium,184.0,0.9154228855721394
20,61,2,medium,medium,205.0,0.9808612440191388
20,55,2,medium,medium,335.0,0.8611825192802056
20,88,2,medium,medium,184.0,0.9154228855721394
20,72,2,medium,medium,305.0,0.9327217125382263
20,75,2,medium,medium,268.0,0.9571428571428572
20,81,2,medium,medium,286.0,0.9255663430420712
20,84,2,medium,medium,238.0,0.9482071713147411
20,73,2,medium,medium,322.0,0.9554896142433235
20,83,2,medium,medium,291.0,0.9297124600638977
20,108,2,medium,medium,188.0,0.9353233830845771
20,105,2,medium,medium,189.0,0.9402985074626866
20,91,2,medium,medium,220.0,0.9821428571428571
20,115,2,medium,medium,185.0,0.9203980099502488
20,112,2,medium,medium,213.0,0.9594594594594594
20,97,2,medium,medium,276.0,0.9857142857142858
20,125,2,medium,medium,183.0,0.9104477611940298
20,89,2,medium,medium,396.0,0.9473684210526315
20,117,2,medium,medium,229.0,0.9423868312757202
20,120,2,medium,medium,214.0,0.9344978165938864
20,143,2,medium,medium,190.0,0.945273631840796
20,142,2,medium,medium,220.0,0.9865470852017937
20,145,2,medium,medium,186.0,0.9253731343283582
20,147,2,medium,medium,260.0,0.931899641577061
20,155,2,medium,medium,199.0,0.9851485148514851
20,135,2,medium,medium,360.0,0.9278350515463918
20,158,2,medium,medium,201.0,0.9901477832512315
20,169,2,medium,medium,188.0,0.9353233830845771
20,185,2,medium,medium,155.0,0.7711442786069652
20,190,2,medium,medium,181.0,0.900497512437811
20,171,2,medium,medium,275.0,0.975177304964539
20,151,2,medium,medium,460.0,0.905511811023622
20,191,2,medium,medium,238.0,0.9635627530364372
20,203,2,medium,medium,189.0,0.9402985074626866
20,192,2,medium,medium,292.0,0.948051948051948
20,168,2,medium,medium,451.0,0.9092741935483871
20,197,2,medium,medium,237.0,0.9367588932806324
20,210,2,medium,medium,187.0,0.9303482587064676
20,206,2,medium,medium,247.0,0.9250936329588015
20,212,2,medium,medium,187.0,0.9303482587064676
20,194,2,medium,medium,461.0,0.9056974459724951
20,214,2,medium,medium,267.0,0.9368421052631579
20,215,2,medium,medium,245.0,0.9496124031007752
20,207,2,medium,medium,308.0,0.9361702127659575
24,32,2,medium,medium,195.0,0.9375
20,202,2,medium,medium,547.0,0.9398625429553265
24,42,2,medium,medium,183.0,0.8798076923076923
24,40,2,medium,medium,198.0,0.9519230769230769
24,51,2,medium,medium,174.0,0.8365384615384616
24,33,2,medium,medium,240.0,0.9375
24,53,2,medium,medium,192.0,0.9230769230769231
24,57,2,medium,medium,189.0,0.9086538461538461
24,54,2,medium,medium,171.0,0.8221153846153846
24,25,2,medium,medium,351.0,0.9696132596685083
24,66,2,medium,medium,180.0,0.8653846153846154
24,58,2,medium,medium,188.0,0.9038461538461539
24,50,2,medium,medium,282.0,0.8676923076923077
24,62,2,medium,medium,196.0,0.9423076923076923
24,61,2,medium,medium,202.0,0.9665071770334929
24,88,2,medium,medium,202.0,0.9711538461538461
24,55,2,medium,medium,356.0,0.9151670951156813
24,72,2,medium,medium,291.0,0.8899082568807339
24,75,2,medium,medium,252.0,0.9
24,84,2,medium,medium,223.0,0.8884462151394422
24,73,2,medium,medium,309.0,0.9169139465875371
24,81,2,medium,medium,266.0,0.86084142394822
24,83,2,medium,medium,285.0,0.9105431309904153
24,108,2,medium,medium,183.0,0.8798076923076923
24,91,2,medium,medium,213.0,0.9508928571428571
24,105,2,medium,medium,201.0,0.9663461538461539
24,115,2,medium,medium,196.0,0.9423076923076923
24,112,2,medium,medium,212.0,0.954954954954955
24,125,2,medium,medium,194.0,0.9326923076923077
24,97,2,medium,medium,250.0,0.8928571428571429
24,89,2,medium,medium,370.0,0.8851674641148325
24,120,2,medium,medium,220.0,0.9606986899563319
24,117,2,medium,medium,220.0,0.9053497942386831
24,143,2,medium,medium,178.0,0.8557692307692307
24,142,2,medium,medium,206.0,0.9237668161434978
24,145,2,medium,medium,198.0,0.9519230769230769
24,155,2,medium,medium,197.0,0.9471153846153846
24,135,2,medium,medium,367.0,0.9458762886597938
24,158,2,medium,medium,195.0,0.9375
24,147,2,medium,medium,268.0,0.9605734767025089
24,169,2,medium,medium,183.0,0.8798076923076923
24,185,2,medium,medium,197.0,0.9471153846153846
24,190,2,medium,medium,167.0,0.8028846153846154
24,171,2,medium,medium,249.0,0.8829787234042553
24,191,2,medium,medium,230.0,0.9311740890688259
24,151,2,medium,medium,484.0,0.952755905511811
24,203,2,medium,medium,197.0,0.9471153846153846
24,192,2,medium,medium,293.0,0.9512987012987013
24,168,2,medium,medium,473.0,0.9536290322580645
24,197,2,medium,medium,230.0,0.9090909090909091
24,210,2,medium,medium,181.0,0.8701923076923077
24,212,2,medium,medium,196.0,0.9423076923076923
24,206,2,medium,medium,234.0,0.8764044943820225
24,194,2,medium,medium,483.0,0.9489194499017681
24,207,2,medium,medium,296.0,0.8996960486322189
24,214,2,medium,medium,275.0,0.9649122807017544
24,215,2,medium,medium,232.0,0.8992248062015504
24,202,2,medium,medium,534.0,0.9175257731958762
25,32,2,medium,medium,314.0,0.8674033149171271
25,42,2,medium,medium,340.0,0.9392265193370166
25,51,2,medium,medium,346.0,0.9558011049723757
25,40,2,medium,medium,328.0,0.9060773480662984
25,57,2,medium,medium,334.0,0.9226519337016574
25,33,2,medium,medium,334.0,0.9226519337016574
25,53,2,medium,medium,336.0,0.9281767955801105
25,54,2,medium,medium,339.0,0.93646408839779
25,66,2,medium,medium,354.0,0.9779005524861878
25,58,2,medium,medium,323.0,0.8922651933701657
25,61,2,medium,medium,336.0,0.9281767955801105
25,50,2,medium,medium,353.0,0.9751381215469613
25,62,2,medium,medium,315.0,0.8701657458563536
25,88,2,medium,medium,333.0,0.919889502762431
25,55,2,medium,medium,374.0,0.961439588688946
25,72,2,medium,medium,348.0,0.9613259668508287
25,73,2,medium,medium,339.0,0.93646408839779
25,75,2,medium,medium,338.0,0.9337016574585635
25,84,2,medium,medium,342.0,0.9447513812154696
25,81,2,medium,medium,353.0,0.9751381215469613
25,108,2,medium,medium,342.0,0.9447513812154696
25,91,2,medium,medium,344.0,0.9502762430939227
25,83,2,medium,medium,344.0,0.9502762430939227
25,105,2,medium,medium,318.0,0.8784530386740331
25,125,2,medium,medium,321.0,0.8867403314917127
25,115,2,medium,medium,310.0,0.856353591160221
25,97,2,medium,medium,330.0,0.9116022099447514
25,112,2,medium,medium,328.0,0.9060773480662984
25,89,2,medium,medium,393.0,0.9401913875598086
25,117,2,medium,medium,342.0,0.9447513812154696
25,120,2,medium,medium,324.0,0.8950276243093923
25,143,2,medium,medium,347.0,0.9585635359116023
25,145,2,medium,medium,335.0,0.925414364640884
25,142,2,medium,medium,336.0,0.9281767955801105
25,155,2,medium,medium,333.0,0.919889502762431
25,147,2,medium,medium,336.0,0.9281767955801105
25,135,2,medium,medium,348.0,0.8969072164948454
25,158,2,medium,medium,321.0,0.8867403314917127
25,169,2,medium,medium,332.0,0.9171270718232044
25,190,2,medium,medium,337.0,0.930939226519337
25,185,2,medium,medium,305.0,0.8425414364640884
25,171,2,medium,medium,333.0,0.919889502762431
25,191,2,medium,medium,340.0,0.9392265193370166
25,151,2,medium,medium,424.0,0.8346456692913385
25,203,2,medium,medium,328.0,0.9060773480662984
25,192,2,medium,medium,338.0,0.9337016574585635
25,168,2,medium,medium,462.0,0.9314516129032258
25,197,2,medium,medium,327.0,0.9033149171270718
25,210,2,medium,medium,341.0,0.9419889502762431
25,212,2,medium,medium,324.0,0.8950276243093923
32,40,2,medium,medium,152.0,0.8539325842696629
32,33,2,medium,medium,247.0,0.96484375
25,206,2,medium,medium,330.0,0.9116022099447514
25,194,2,medium,medium,446.0,0.8762278978388998
32,51,2,medium,medium,131.0,0.9357142857142857
25,207,2,medium,medium,344.0,0.9502762430939227
32,42,2,medium,medium,135.0,0.9642857142857143
25,215,2,medium,medium,351.0,0.9696132596685083
25,214,2,medium,medium,307.0,0.8480662983425414
32,57,2,medium,medium,135.0,0.9642857142857143
32,53,2,medium,medium,163.0,0.9421965317919075
32,54,2,medium,medium,142.0,0.9793103448275862
32,66,2,medium,medium,135.0,0.9642857142857143
32,50,2,medium,medium,316.0,0.9723076923076923
32,58,2,medium,medium,148.0,0.9548387096774194
25,202,2,medium,medium,544.0,0.9347079037800687
32,62,2,medium,medium,132.0,0.9428571428571428
32,61,2,medium,medium,194.0,0.9282296650717703
32,55,2,medium,medium,332.0,0.8534704370179949
32,88,2,medium,medium,124.0,0.8857142857142857
32,72,2,medium,medium,310.0,0.9480122324159022
32,75,2,medium,medium,270.0,0.9642857142857143
32,73,2,medium,medium,323.0,0.9584569732937686
32,84,2,medium,medium,229.0,0.9123505976095617
32,83,2,medium,medium,292.0,0.9329073482428115
32,81,2,medium,medium,286.0,0.9255663430420712
32,108,2,medium,medium,132.0,0.9428571428571428
32,105,2,medium,medium,130.0,0.9285714285714286
32,91,2,medium,medium,214.0,0.9553571428571429
32,115,2,medium,medium,139.0,0.9652777777777778
32,97,2,medium,medium,266.0,0.95
32,112,2,medium,medium,206.0,0.9279279279279279
32,125,2,medium,medium,125.0,0.8928571428571429
32,89,2,medium,medium,393.0,0.9401913875598086
32,120,2,medium,medium,210.0,0.9170305676855895
32,117,2,medium,medium,226.0,0.9300411522633745
32,143,2,medium,medium,135.0,0.9642857142857143
32,145,2,medium,medium,162.0,0.8901098901098901
32,142,2,medium,medium,215.0,0.9641255605381166
32,147,2,medium,medium,233.0,0.8351254480286738
32,135,2,medium,medium,346.0,0.8917525773195877
32,155,2,medium,medium,192.0,0.9504950495049505
32,169,2,medium,medium,150.0,0.9375
32,158,2,medium,medium,173.0,0.8522167487684729
32,190,2,medium,medium,131.0,0.9357142857142857
32,185,2,medium,medium,108.0,0.7714285714285715
32,151,2,medium,medium,446.0,0.8779527559055118
32,191,2,medium,medium,225.0,0.9109311740890689
32,171,2,medium,medium,274.0,0.9716312056737588
32,203,2,medium,medium,130.0,0.9285714285714286
32,192,2,medium,medium,275.0,0.8928571428571429
32,197,2,medium,medium,242.0,0.9565217391304348
32,168,2,medium,medium,456.0,0.9193548387096774
32,210,2,medium,medium,134.0,0.9571428571428572
32,212,2,medium,medium,153.0,0.9444444444444444
32,206,2,medium,medium,253.0,0.947565543071161
32,194,2,medium,medium,451.0,0.8860510805500982
32,207,2,medium,medium,311.0,0.9452887537993921
32,202,2,medium,medium,560.0,0.9621993127147767
32,215,2,medium,medium,248.0,0.9612403100775194
32,214,2,medium,medium,257.0,0.9017543859649123
33,42,2,medium,medium,215.0,0.83984375
33,51,2,medium,medium,227.0,0.88671875
33,40,2,medium,medium,240.0,0.9375
33,57,2,medium,medium,238.0,0.9296875
33,53,2,medium,medium,241.0,0.94140625
33,54,2,medium,medium,213.0,0.83203125
33,66,2,medium,medium,236.0,0.921875
33,58,2,medium,medium,221.0,0.86328125
33,62,2,medium,medium,239.0,0.93359375
33,50,2,medium,medium,304.0,0.9353846153846154
33,61,2,medium,medium,219.0,0.85546875
33,88,2,medium,medium,252.0,0.984375
33,55,2,medium,medium,360.0,0.9254498714652957
33,75,2,medium,medium,251.0,0.8964285714285715
33,72,2,medium,medium,282.0,0.8623853211009175
33,84,2,medium,medium,238.0,0.9296875
33,73,2,medium,medium,278.0,0.8249258160237388
33,81,2,medium,medium,270.0,0.8737864077669902
33,83,2,medium,medium,281.0,0.8977635782747604
33,108,2,medium,medium,229.0,0.89453125
33,105,2,medium,medium,237.0,0.92578125
33,91,2,medium,medium,222.0,0.8671875
33,115,2,medium,medium,234.0,0.9140625
33,125,2,medium,medium,239.0,0.93359375
33,97,2,medium,medium,249.0,0.8892857142857142
33,89,2,medium,medium,382.0,0.9138755980861244
33,112,2,medium,medium,243.0,0.94921875
33,117,2,medium,medium,228.0,0.890625
33,143,2,medium,medium,221.0,0.86328125
33,120,2,medium,medium,239.0,0.93359375
33,142,2,medium,medium,223.0,0.87109375
33,145,2,medium,medium,244.0,0.953125
33,155,2,medium,medium,218.0,0.8515625
33,135,2,medium,medium,368.0,0.9484536082474226
33,147,2,medium,medium,269.0,0.96415770609319
33,158,2,medium,medium,237.0,0.92578125
33,169,2,medium,medium,215.0,0.83984375
33,185,2,medium,medium,234.0,0.9140625
33,190,2,medium,medium,227.0,0.88671875
33,171,2,medium,medium,244.0,0.8652482269503546
33,151,2,medium,medium,468.0,0.9212598425196851
33,191,2,medium,medium,235.0,0.91796875
33,203,2,medium,medium,237.0,0.92578125
33,168,2,medium,medium,470.0,0.9475806451612904
33,192,2,medium,medium,296.0,0.961038961038961
33,197,2,medium,medium,233.0,0.91015625
33,210,2,medium,medium,215.0,0.83984375
33,212,2,medium,medium,237.0,0.92578125
33,206,2,medium,medium,234.0,0.8764044943820225
40,42,2,medium,medium,169.0,0.949438202247191
40,51,2,medium,medium,166.0,0.9325842696629213
33,207,2,medium,medium,290.0,0.8814589665653495
33,194,2,medium,medium,468.0,0.9194499017681729
33,215,2,medium,medium,243.0,0.9418604651162791
33,214,2,medium,medium,275.0,0.9649122807017544
40,53,2,medium,medium,172.0,0.9662921348314607
40,57,2,medium,medium,171.0,0.9606741573033708
40,54,2,medium,medium,171.0,0.9606741573033708
33,202,2,medium,medium,505.0,0.8676975945017182
40,50,2,medium,medium,310.0,0.9538461538461539
40,66,2,medium,medium,173.0,0.9719101123595506
40,58,2,medium,medium,166.0,0.9325842696629213
40,62,2,medium,medium,163.0,0.9157303370786517
40,61,2,medium,medium,196.0,0.937799043062201
40,88,2,medium,medium,158.0,0.8876404494382022
40,55,2,medium,medium,326.0,0.8380462724935732
40,72,2,medium,medium,308.0,0.9418960244648318
40,75,2,medium,medium,266.0,0.95
40,73,2,medium,medium,314.0,0.9317507418397626
40,84,2,medium,medium,227.0,0.9043824701195219
40,81,2,medium,medium,284.0,0.919093851132686
40,83,2,medium,medium,288.0,0.9201277955271565
40,108,2,medium,medium,171.0,0.9606741573033708
40,91,2,medium,medium,213.0,0.9508928571428571
40,105,2,medium,medium,162.0,0.9101123595505618
40,115,2,medium,medium,160.0,0.898876404494382
40,97,2,medium,medium,264.0,0.9428571428571428
40,112,2,medium,medium,211.0,0.9504504504504504
40,125,2,medium,medium,158.0,0.8876404494382022
40,89,2,medium,medium,392.0,0.937799043062201
40,120,2,medium,medium,212.0,0.925764192139738
40,117,2,medium,medium,223.0,0.9176954732510288
40,143,2,medium,medium,168.0,0.9438202247191011
40,145,2,medium,medium,171.0,0.9395604395604396
40,142,2,medium,medium,217.0,0.9730941704035875
40,158,2,medium,medium,186.0,0.916256157635468
40,155,2,medium,medium,192.0,0.9504950495049505
40,147,2,medium,medium,244.0,0.8745519713261649
40,135,2,medium,medium,353.0,0.9097938144329897
40,169,2,medium,medium,168.0,0.9438202247191011
40,190,2,medium,medium,165.0,0.9269662921348315
40,185,2,medium,medium,152.0,0.8539325842696629
40,171,2,medium,medium,268.0,0.950354609929078
40,151,2,medium,medium,458.0,0.9015748031496063
40,191,2,medium,medium,228.0,0.9230769230769231
40,203,2,medium,medium,163.0,0.9157303370786517
40,168,2,medium,medium,453.0,0.9133064516129032
40,197,2,medium,medium,233.0,0.9209486166007905
40,192,2,medium,medium,279.0,0.9058441558441559
40,210,2,medium,medium,165.0,0.9269662921348315
40,212,2,medium,medium,170.0,0.9550561797752809
40,206,2,medium,medium,251.0,0.9400749063670412
40,194,2,medium,medium,456.0,0.8958742632612967
42,51,2,medium,medium,92.0,0.8214285714285714
40,207,2,medium,medium,305.0,0.9270516717325228
40,214,2,medium,medium,257.0,0.9017543859649123
40,215,2,medium,medium,245.0,0.9496124031007752
42,50,2,medium,medium,299.0,0.92
42,53,2,medium,medium,161.0,0.930635838150289
42,54,2,medium,medium,125.0,0.8620689655172413
42,57,2,medium,medium,106.0,0.9464285714285714
40,202,2,medium,medium,552.0,0.9484536082474226
42,66,2,medium,medium,105.0,0.9375
42,58,2,medium,medium,134.0,0.864516129032258
42,62,2,medium,medium,128.0,0.9343065693430657
42,61,2,medium,medium,176.0,0.8421052631578947
42,55,2,medium,medium,361.0,0.9280205655526992
42,88,2,medium,medium,109.0,0.9732142857142857
42,75,2,medium,medium,241.0,0.8607142857142858
42,72,2,medium,medium,284.0,0.8685015290519877
42,73,2,medium,medium,286.0,0.8486646884272997
42,81,2,medium,medium,277.0,0.8964401294498382
42,84,2,medium,medium,213.0,0.848605577689243
42,83,2,medium,medium,276.0,0.8817891373801917
42,108,2,medium,medium,98.0,0.875
42,105,2,medium,medium,132.0,0.9705882352941176
42,91,2,medium,medium,196.0,0.875
42,115,2,medium,medium,134.0,0.9305555555555556
42,97,2,medium,medium,247.0,0.8821428571428571
42,117,2,medium,medium,211.0,0.8683127572016461
42,89,2,medium,medium,369.0,0.8827751196172249
42,125,2,medium,medium,108.0,0.9642857142857143
42,112,2,medium,medium,211.0,0.9504504504504504
42,120,2,medium,medium,211.0,0.9213973799126638
42,143,2,medium,medium,113.0,0.8560606060606061
42,142,2,medium,medium,197.0,0.8834080717488789
42,145,2,medium,medium,170.0,0.9340659340659341
42,155,2,medium,medium,167.0,0.8267326732673267
42,135,2,medium,medium,368.0,0.9484536082474226
42,158,2,medium,medium,183.0,0.9014778325123153
42,169,2,medium,medium,129.0,0.80625
42,147,2,medium,medium,266.0,0.953405017921147
42,185,2,medium,medium,117.0,0.9512195121951219
42,190,2,medium,medium,96.0,0.8571428571428571
42,171,2,medium,medium,242.0,0.8581560283687943
42,191,2,medium,medium,202.0,0.8178137651821862
42,151,2,medium,medium,480.0,0.9448818897637795
42,203,2,medium,medium,106.0,0.9464285714285714
42,168,2,medium,medium,483.0,0.9737903225806451
42,197,2,medium,medium,215.0,0.849802371541502
42,192,2,medium,medium,292.0,0.948051948051948
42,210,2,medium,medium,122.0,0.8840579710144928
42,194,2,medium,medium,485.0,0.9528487229862476
42,212,2,medium,medium,152.0,0.9382716049382716
42,206,2,medium,medium,221.0,0.8277153558052435
42,215,2,medium,medium,222.0,0.8604651162790697
42,207,2,medium,medium,293.0,0.8905775075987842
42,214,2,medium,medium,276.0,0.968421052631579
42,202,2,medium,medium,530.0,0.9106529209621993
50,51,2,medium,medium,289.0,0.8892307692307693
50,57,2,medium,medium,308.0,0.9476923076923077
50,66,2,medium,medium,302.0,0.9292307692307692
50,54,2,medium,medium,296.0,0.9107692307692308
50,53,2,medium,medium,303.0,0.9323076923076923
50,58,2,medium,medium,298.0,0.916923076923077
50,62,2,medium,medium,313.0,0.963076923076923
50,61,2,medium,medium,301.0,0.9261538461538461
50,88,2,medium,medium,319.0,0.9815384615384616
50,55,2,medium,medium,375.0,0.9640102827763496
50,75,2,medium,medium,288.0,0.8861538461538462
50,84,2,medium,medium,301.0,0.9261538461538461
50,72,2,medium,medium,319.0,0.9755351681957186
50,81,2,medium,medium,302.0,0.9292307692307692
50,73,2,medium,medium,327.0,0.9703264094955489
50,83,2,medium,medium,306.0,0.9415384615384615
50,108,2,medium,medium,301.0,0.9261538461538461
50,105,2,medium,medium,315.0,0.9692307692307692
50,91,2,medium,medium,306.0,0.9415384615384615
50,115,2,medium,medium,314.0,0.9661538461538461
50,97,2,medium,medium,296.0,0.9107692307692308
50,125,2,medium,medium,312.0,0.96
50,112,2,medium,medium,305.0,0.9384615384615385
50,89,2,medium,medium,382.0,0.9138755980861244
50,120,2,medium,medium,311.0,0.9569230769230769
50,117,2,medium,medium,301.0,0.9261538461538461
50,143,2,medium,medium,296.0,0.9107692307692308
50,142,2,medium,medium,300.0,0.9230769230769231
50,145,2,medium,medium,315.0,0.9692307692307692
50,155,2,medium,medium,302.0,0.9292307692307692
50,135,2,medium,medium,373.0,0.961340206185567
50,169,2,medium,medium,290.0,0.8923076923076924
50,158,2,medium,medium,306.0,0.9415384615384615
50,147,2,medium,medium,318.0,0.9784615384615385
50,190,2,medium,medium,284.0,0.8738461538461538
50,185,2,medium,medium,316.0,0.9723076923076923
50,171,2,medium,medium,305.0,0.9384615384615385
50,191,2,medium,medium,312.0,0.96
50,203,2,medium,medium,306.0,0.9415384615384615
50,151,2,medium,medium,489.0,0.9625984251968503
50,168,2,medium,medium,474.0,0.9556451612903226
50,192,2,medium,medium,314.0,0.9661538461538461
50,197,2,medium,medium,310.0,0.9538461538461539
50,210,2,medium,medium,303.0,0.9323076923076923
50,212,2,medium,medium,311.0,0.9569230769230769
50,206,2,medium,medium,307.0,0.9446153846153846
51,53,2,medium,medium,162.0,0.9364161849710982
51,54,2,medium,medium,127.0,0.8758620689655172
51,57,2,medium,medium,85.0,0.9444444444444444
50,194,2,medium,medium,482.0,0.9469548133595285
51,58,2,medium,medium,131.0,0.8451612903225807
51,55,2,medium,medium,363.0,0.9331619537275064
51,62,2,medium,medium,126.0,0.9197080291970803
50,207,2,medium,medium,316.0,0.9604863221884499
51,61,2,medium,medium,167.0,0.7990430622009569
51,66,2,medium,medium,79.0,0.8777777777777778
50,214,2,medium,medium,309.0,0.9507692307692308
50,215,2,medium,medium,294.0,0.9046153846153846
51,88,2,medium,medium,88.0,0.9777777777777777
51,75,2,medium,medium,259.0,0.925
51,84,2,medium,medium,211.0,0.8406374501992032
51,72,2,medium,medium,288.0,0.8807339449541285
51,73,2,medium,medium,309.0,0.9169139465875371
50,202,2,medium,medium,527.0,0.9054982817869416
51,81,2,medium,medium,265.0,0.8576051779935275
51,83,2,medium,medium,270.0,0.8626198083067093
51,108,2,medium,medium,79.0,0.8777777777777778
51,105,2,medium,medium,132.0,0.9705882352941176
51,115,2,medium,medium,137.0,0.9513888888888888
51,91,2,medium,medium,180.0,0.8035714285714286
51,89,2,medium,medium,375.0,0.8971291866028708
51,112,2,medium,medium,206.0,0.9279279279279279
51,125,2,medium,medium,106.0,0.9636363636363636
51,97,2,medium,medium,242.0,0.8642857142857143
51,120,2,medium,medium,220.0,0.9606986899563319
51,117,2,medium,medium,204.0,0.8395061728395061
51,143,2,medium,medium,100.0,0.7575757575757576
51,145,2,medium,medium,169.0,0.9285714285714286
51,142,2,medium,medium,196.0,0.8789237668161435
51,155,2,medium,medium,172.0,0.8514851485148515
51,135,2,medium,medium,369.0,0.9510309278350515
51,158,2,medium,medium,188.0,0.9261083743842364
51,147,2,medium,medium,263.0,0.942652329749104
51,169,2,medium,medium,139.0,0.86875
51,190,2,medium,medium,76.0,0.7916666666666666
51,185,2,medium,medium,118.0,0.959349593495935
51,171,2,medium,medium,254.0,0.900709219858156
51,151,2,medium,medium,484.0,0.952755905511811
51,191,2,medium,medium,207.0,0.8380566801619433
51,168,2,medium,medium,472.0,0.9516129032258065
51,203,2,medium,medium,96.0,0.9795918367346939
51,192,2,medium,medium,295.0,0.9577922077922078
51,197,2,medium,medium,223.0,0.8814229249011858
51,210,2,medium,medium,116.0,0.8405797101449275
51,212,2,medium,medium,152.0,0.9382716049382716
51,206,2,medium,medium,236.0,0.8838951310861424
51,214,2,medium,medium,277.0,0.9719298245614035
51,207,2,medium,medium,284.0,0.8632218844984803
51,194,2,medium,medium,488.0,0.9587426326129665
51,215,2,medium,medium,222.0,0.8604651162790697
51,202,2,medium,medium,547.0,0.9398625429553265
53,57,2,medium,medium,160.0,0.9248554913294798
53,54,2,medium,medium,161.0,0.930635838150289
53,66,2,medium,medium,166.0,0.9595375722543352
53,58,2,medium,medium,168.0,0.9710982658959537
53,62,2,medium,medium,156.0,0.9017341040462428
53,61,2,medium,medium,202.0,0.9665071770334929
53,88,2,medium,medium,153.0,0.884393063583815
53,75,2,medium,medium,265.0,0.9464285714285714
53,55,2,medium,medium,342.0,0.8791773778920309
53,72,2,medium,medium,301.0,0.9204892966360856
53,81,2,medium,medium,290.0,0.9385113268608414
53,73,2,medium,medium,313.0,0.9287833827893175
53,84,2,medium,medium,234.0,0.9322709163346613
53,83,2,medium,medium,294.0,0.939297124600639
53,105,2,medium,medium,163.0,0.9421965317919075
53,108,2,medium,medium,161.0,0.930635838150289
53,115,2,medium,medium,164.0,0.9479768786127167
53,91,2,medium,medium,213.0,0.9508928571428571
53,97,2,medium,medium,260.0,0.9285714285714286
53,125,2,medium,medium,157.0,0.9075144508670521
53,112,2,medium,medium,198.0,0.8918918918918919
53,89,2,medium,medium,388.0,0.9282296650717703
53,117,2,medium,medium,219.0,0.9012345679012346
53,120,2,medium,medium,202.0,0.8820960698689956
53,143,2,medium,medium,165.0,0.953757225433526
53,142,2,medium,medium,215.0,0.9641255605381166
53,145,2,medium,medium,175.0,0.9615384615384616
53,158,2,medium,medium,182.0,0.896551724137931
53,155,2,medium,medium,187.0,0.9257425742574258
53,147,2,medium,medium,253.0,0.9068100358422939
53,169,2,medium,medium,160.0,0.9248554913294798
53,135,2,medium,medium,358.0,0.9226804123711341
53,190,2,medium,medium,160.0,0.9248554913294798
53,185,2,medium,medium,159.0,0.9190751445086706
53,171,2,medium,medium,267.0,0.9468085106382979
53,191,2,medium,medium,233.0,0.9433198380566802
53,151,2,medium,medium,466.0,0.9173228346456693
53,203,2,medium,medium,154.0,0.8901734104046243
53,168,2,medium,medium,463.0,0.9334677419354839
53,197,2,medium,medium,241.0,0.9525691699604744
53,192,2,medium,medium,279.0,0.9058441558441559
53,210,2,medium,medium,165.0,0.953757225433526
53,212,2,medium,medium,166.0,0.9595375722543352
53,206,2,medium,medium,253.0,0.947565543071161
53,194,2,medium,medium,459.0,0.9017681728880157
54,57,2,medium,medium,132.0,0.9103448275862069
53,207,2,medium,medium,315.0,0.9574468085106383
53,215,2,medium,medium,238.0,0.9224806201550387
53,214,2,medium,medium,260.0,0.9122807017543859
54,66,2,medium,medium,129.0,0.8896551724137931
54,62,2,medium,medium,138.0,0.9517241379310345
54,58,2,medium,medium,139.0,0.896774193548387
53,202,2,medium,medium,557.0,0.9570446735395189
54,61,2,medium,medium,177.0,0.84688995215311
54,55,2,medium,medium,357.0,0.9177377892030848
54,88,2,medium,medium,140.0,0.9655172413793104
54,75,2,medium,medium,244.0,0.8714285714285714
54,84,2,medium,medium,218.0,0.8685258964143426
54,72,2,medium,medium,281.0,0.8593272171253823
54,81,2,medium,medium,257.0,0.8317152103559871
54,73,2,medium,medium,290.0,0.8605341246290801
54,83,2,medium,medium,274.0,0.8753993610223643
54,108,2,medium,medium,128.0,0.8827586206896552
54,91,2,medium,medium,177.0,0.7901785714285714
54,105,2,medium,medium,141.0,0.9724137931034482
54,115,2,medium,medium,142.0,0.9793103448275862
54,125,2,medium,medium,132.0,0.9103448275862069
54,112,2,medium,medium,210.0,0.9459459459459459
54,89,2,medium,medium,368.0,0.8803827751196173
54,97,2,medium,medium,240.0,0.8571428571428571
54,117,2,medium,medium,202.0,0.831275720164609
54,120,2,medium,medium,213.0,0.9301310043668122
54,143,2,medium,medium,119.0,0.8206896551724138
54,142,2,medium,medium,187.0,0.8385650224215246
54,145,2,medium,medium,165.0,0.9065934065934066
54,147,2,medium,medium,267.0,0.956989247311828
54,135,2,medium,medium,368.0,0.9484536082474226
54,169,2,medium,medium,140.0,0.875
54,155,2,medium,medium,167.0,0.8267326732673267
54,158,2,medium,medium,182.0,0.896551724137931
54,185,2,medium,medium,138.0,0.9517241379310345
54,190,2,medium,medium,114.0,0.7862068965517242
54,171,2,medium,medium,240.0,0.851063829787234
54,151,2,medium,medium,477.0,0.9389763779527559
54,203,2,medium,medium,134.0,0.9241379310344827
54,191,2,medium,medium,209.0,0.8461538461538461
54,168,2,medium,medium,478.0,0.9637096774193549
54,192,2,medium,medium,294.0,0.9545454545454546
54,197,2,medium,medium,216.0,0.8537549407114624
54,210,2,medium,medium,130.0,0.896551724137931
54,212,2,medium,medium,157.0,0.9691358024691358
54,194,2,medium,medium,481.0,0.9449901768172888
54,206,2,medium,medium,219.0,0.8202247191011236
54,207,2,medium,medium,276.0,0.8389057750759878
54,214,2,medium,medium,273.0,0.9578947368421052
54,215,2,medium,medium,221.0,0.8565891472868217
55,57,2,medium,medium,365.0,0.9383033419023136
54,202,2,medium,medium,525.0,0.9020618556701031
55,66,2,medium,medium,377.0,0.9691516709511568
55,58,2,medium,medium,349.0,0.897172236503856
55,62,2,medium,medium,341.0,0.8766066838046273
55,61,2,medium,medium,359.0,0.922879177377892
55,88,2,medium,medium,358.0,0.9203084832904884
55,75,2,medium,medium,367.0,0.9434447300771208
55,73,2,medium,medium,358.0,0.9203084832904884
55,72,2,medium,medium,358.0,0.9203084832904884
55,81,2,medium,medium,347.0,0.8920308483290489
55,84,2,medium,medium,350.0,0.8997429305912596
55,83,2,medium,medium,360.0,0.9254498714652957
55,91,2,medium,medium,352.0,0.9048843187660668
55,108,2,medium,medium,367.0,0.9434447300771208
55,105,2,medium,medium,346.0,0.8894601542416453
55,115,2,medium,medium,342.0,0.8791773778920309
55,125,2,medium,medium,353.0,0.9074550128534704
55,112,2,medium,medium,353.0,0.9074550128534704
55,89,2,medium,medium,401.0,0.9593301435406698
55,97,2,medium,medium,360.0,0.9254498714652957
55,117,2,medium,medium,344.0,0.884318766066838
55,120,2,medium,medium,333.0,0.8560411311053985
55,143,2,medium,medium,367.0,0.9434447300771208
55,142,2,medium,medium,362.0,0.9305912596401028
55,145,2,medium,medium,340.0,0.8740359897172236
55,155,2,medium,medium,349.0,0.897172236503856
55,135,2,medium,medium,372.0,0.9562982005141388
55,158,2,medium,medium,334.0,0.8586118251928021
55,169,2,medium,medium,347.0,0.8920308483290489
55,147,2,medium,medium,332.0,0.8534704370179949
55,190,2,medium,medium,357.0,0.9177377892030848
55,185,2,medium,medium,325.0,0.8354755784061697
55,171,2,medium,medium,358.0,0.9203084832904884
55,151,2,medium,medium,455.0,0.8956692913385826
55,191,2,medium,medium,352.0,0.9048843187660668
55,203,2,medium,medium,363.0,0.9331619537275064
55,192,2,medium,medium,346.0,0.8894601542416453
55,168,2,medium,medium,461.0,0.9294354838709677
55,197,2,medium,medium,348.0,0.8946015424164524
55,210,2,medium,medium,360.0,0.9254498714652957
57,58,2,medium,medium,148.0,0.9548387096774194
55,212,2,medium,medium,351.0,0.9023136246786633
55,206,2,medium,medium,348.0,0.8946015424164524
57,61,2,medium,medium,191.0,0.9138755980861244
57,62,2,medium,medium,121.0,0.8832116788321168
57,66,2,medium,medium,78.0,0.9069767441860465
55,194,2,medium,medium,468.0,0.9194499017681729
57,72,2,medium,medium,305.0,0.9327217125382263
55,207,2,medium,medium,361.0,0.9280205655526992
57,73,2,medium,medium,312.0,0.9258160237388724
57,75,2,medium,medium,264.0,0.9428571428571428
55,215,2,medium,medium,360.0,0.9254498714652957
55,214,2,medium,medium,354.0,0.910025706940874
57,88,2,medium,medium,82.0,0.9534883720930233
57,81,2,medium,medium,282.0,0.912621359223301
57,105,2,medium,medium,127.0,0.9338235294117647
57,84,2,medium,medium,231.0,0.9203187250996016
57,83,2,medium,medium,289.0,0.9233226837060703
57,108,2,medium,medium,82.0,0.9534883720930233
57,91,2,medium,medium,212.0,0.9464285714285714
57,97,2,medium,medium,263.0,0.9392857142857143
55,202,2,medium,medium,543.0,0.9329896907216495
57,115,2,medium,medium,134.0,0.9305555555555556
57,89,2,medium,medium,394.0,0.9425837320574163
57,112,2,medium,medium,210.0,0.9459459459459459
57,125,2,medium,medium,101.0,0.9181818181818182
57,117,2,medium,medium,221.0,0.9094650205761317
57,120,2,medium,medium,208.0,0.9082969432314411
57,143,2,medium,medium,124.0,0.9393939393939394
57,142,2,medium,medium,209.0,0.9372197309417041
57,145,2,medium,medium,169.0,0.9285714285714286
57,135,2,medium,medium,366.0,0.9432989690721649
57,155,2,medium,medium,190.0,0.9405940594059405
57,169,2,medium,medium,142.0,0.8875
57,147,2,medium,medium,264.0,0.946236559139785
57,158,2,medium,medium,183.0,0.9014778325123153
57,185,2,medium,medium,120.0,0.975609756097561
57,190,2,medium,medium,86.0,0.8958333333333334
57,171,2,medium,medium,268.0,0.950354609929078
57,151,2,medium,medium,480.0,0.9448818897637795
57,191,2,medium,medium,228.0,0.9230769230769231
57,203,2,medium,medium,97.0,0.9897959183673469
57,197,2,medium,medium,237.0,0.9367588932806324
57,192,2,medium,medium,288.0,0.935064935064935
57,168,2,medium,medium,466.0,0.9395161290322581
57,210,2,medium,medium,122.0,0.8840579710144928
57,206,2,medium,medium,247.0,0.9250936329588015
57,212,2,medium,medium,151.0,0.9320987654320988
57,194,2,medium,medium,478.0,0.9390962671905697
57,207,2,medium,medium,313.0,0.9513677811550152
57,215,2,medium,medium,237.0,0.9186046511627907
58,66,2,medium,medium,143.0,0.9225806451612903
57,214,2,medium,medium,272.0,0.9543859649122807
57,202,2,medium,medium,562.0,0.9656357388316151
58,62,2,medium,medium,148.0,0.9548387096774194
58,61,2,medium,medium,173.0,0.8277511961722488
58,88,2,medium,medium,149.0,0.9612903225806452
58,84,2,medium,medium,204.0,0.8127490039840638
58,72,2,medium,medium,283.0,0.8654434250764526
58,75,2,medium,medium,238.0,0.85
58,73,2,medium,medium,284.0,0.8427299703264095
58,83,2,medium,medium,263.0,0.8402555910543131
58,81,2,medium,medium,259.0,0.8381877022653722
58,108,2,medium,medium,136.0,0.8774193548387097
58,91,2,medium,medium,180.0,0.8035714285714286
58,105,2,medium,medium,148.0,0.9548387096774194
58,115,2,medium,medium,143.0,0.9225806451612903
58,125,2,medium,medium,141.0,0.9096774193548387
58,112,2,medium,medium,212.0,0.954954954954955
58,97,2,medium,medium,234.0,0.8357142857142857
58,89,2,medium,medium,359.0,0.8588516746411483
58,117,2,medium,medium,209.0,0.8600823045267489
58,120,2,medium,medium,206.0,0.8995633187772926
58,143,2,medium,medium,137.0,0.8838709677419355
58,145,2,medium,medium,179.0,0.9835164835164835
58,142,2,medium,medium,194.0,0.8699551569506726
58,135,2,medium,medium,363.0,0.9355670103092784
58,158,2,medium,medium,185.0,0.9113300492610837
58,155,2,medium,medium,177.0,0.8762376237623762
58,147,2,medium,medium,254.0,0.910394265232975
58,169,2,medium,medium,144.0,0.9
58,185,2,medium,medium,139.0,0.896774193548387
58,190,2,medium,medium,130.0,0.8387096774193549
58,171,2,medium,medium,236.0,0.8368794326241135
58,191,2,medium,medium,202.0,0.8178137651821862
58,151,2,medium,medium,466.0,0.9173228346456693
58,203,2,medium,medium,143.0,0.9225806451612903
58,168,2,medium,medium,465.0,0.9375
58,192,2,medium,medium,290.0,0.9415584415584416
58,197,2,medium,medium,195.0,0.7707509881422925
58,210,2,medium,medium,135.0,0.8709677419354839
58,206,2,medium,medium,204.0,0.7640449438202247
58,212,2,medium,medium,155.0,0.9567901234567902
58,194,2,medium,medium,472.0,0.9273084479371316
61,66,2,medium,medium,195.0,0.9330143540669856
58,207,2,medium,medium,265.0,0.8054711246200608
58,215,2,medium,medium,226.0,0.875968992248062
61,62,2,medium,medium,194.0,0.9282296650717703
58,214,2,medium,medium,269.0,0.9438596491228071
58,202,2,medium,medium,503.0,0.8642611683848798
61,88,2,medium,medium,200.0,0.9569377990430622
61,84,2,medium,medium,219.0,0.8725099601593626
61,75,2,medium,medium,244.0,0.8714285714285714
61,73,2,medium,medium,275.0,0.8160237388724035
61,72,2,medium,medium,256.0,0.7828746177370031
61,83,2,medium,medium,265.0,0.8466453674121406
61,81,2,medium,medium,253.0,0.8187702265372169
61,91,2,medium,medium,192.0,0.8571428571428571
61,108,2,medium,medium,183.0,0.8755980861244019
61,105,2,medium,medium,199.0,0.9521531100478469
61,115,2,medium,medium,194.0,0.9282296650717703
61,89,2,medium,medium,358.0,0.8564593301435407
61,112,2,medium,medium,218.0,0.9819819819819819
61,125,2,medium,medium,195.0,0.9330143540669856
61,97,2,medium,medium,241.0,0.8607142857142858
61,120,2,medium,medium,217.0,0.9475982532751092
61,117,2,medium,medium,205.0,0.8436213991769548
61,143,2,medium,medium,174.0,0.8325358851674641
61,142,2,medium,medium,201.0,0.9013452914798207
61,145,2,medium,medium,203.0,0.9712918660287081
61,147,2,medium,medium,260.0,0.931899641577061
61,155,2,medium,medium,178.0,0.8516746411483254
61,158,2,medium,medium,198.0,0.9473684210526315
61,135,2,medium,medium,369.0,0.9510309278350515
61,169,2,medium,medium,170.0,0.8133971291866029
61,190,2,medium,medium,162.0,0.7751196172248804
61,185,2,medium,medium,191.0,0.9138755980861244
61,171,2,medium,medium,235.0,0.8333333333333334
61,151,2,medium,medium,471.0,0.9271653543307087
61,203,2,medium,medium,193.0,0.9234449760765551
61,191,2,medium,medium,199.0,0.805668016194332
61,168,2,medium,medium,470.0,0.9475806451612904
61,192,2,medium,medium,291.0,0.9448051948051948
61,197,2,medium,medium,214.0,0.8458498023715415
61,210,2,medium,medium,170.0,0.8133971291866029
62,66,2,medium,medium,132.0,0.9635036496350365
61,212,2,medium,medium,197.0,0.9425837320574163
61,194,2,medium,medium,478.0,0.9390962671905697
61,206,2,medium,medium,226.0,0.846441947565543
61,214,2,medium,medium,275.0,0.9649122807017544
61,207,2,medium,medium,276.0,0.8389057750759878
61,215,2,medium,medium,234.0,0.9069767441860465
62,88,2,medium,medium,127.0,0.927007299270073
61,202,2,medium,medium,512.0,0.8797250859106529
62,75,2,medium,medium,265.0,0.9464285714285714
62,72,2,medium,medium,305.0,0.9327217125382263
62,73,2,medium,medium,308.0,0.913946587537092
62,81,2,medium,medium,287.0,0.9288025889967637
62,108,2,medium,medium,127.0,0.927007299270073
62,84,2,medium,medium,232.0,0.9243027888446215
62,105,2,medium,medium,130.0,0.948905109489051
62,83,2,medium,medium,293.0,0.9361022364217252
62,91,2,medium,medium,203.0,0.90625
62,97,2,medium,medium,253.0,0.9035714285714286
62,115,2,medium,medium,138.0,0.9583333333333334
62,125,2,medium,medium,126.0,0.9197080291970803
62,112,2,medium,medium,207.0,0.9324324324324325
62,120,2,medium,medium,193.0,0.8427947598253275
62,89,2,medium,medium,397.0,0.9497607655502392
62,117,2,medium,medium,221.0,0.9094650205761317
62,143,2,medium,medium,133.0,0.9708029197080292
62,145,2,medium,medium,159.0,0.8736263736263736
62,142,2,medium,medium,208.0,0.9327354260089686
62,147,2,medium,medium,252.0,0.9032258064516129
62,155,2,medium,medium,182.0,0.900990099009901
62,158,2,medium,medium,182.0,0.896551724137931
62,135,2,medium,medium,350.0,0.9020618556701031
62,169,2,medium,medium,148.0,0.925
62,190,2,medium,medium,127.0,0.927007299270073
62,185,2,medium,medium,128.0,0.9343065693430657
62,171,2,medium,medium,265.0,0.9397163120567376
62,191,2,medium,medium,228.0,0.9230769230769231
62,203,2,medium,medium,130.0,0.948905109489051
62,151,2,medium,medium,449.0,0.8838582677165354
62,168,2,medium,medium,463.0,0.9334677419354839
62,192,2,medium,medium,275.0,0.8928571428571429
62,197,2,medium,medium,232.0,0.9169960474308301
62,210,2,medium,medium,130.0,0.9420289855072463
62,212,2,medium,medium,148.0,0.9135802469135802
62,206,2,medium,medium,244.0,0.9138576779026217
62,194,2,medium,medium,458.0,0.899803536345776
62,214,2,medium,medium,261.0,0.9157894736842105
66,72,2,medium,medium,310.0,0.9480122324159022
62,215,2,medium,medium,243.0,0.9418604651162791
62,207,2,medium,medium,306.0,0.9300911854103343
66,75,2,medium,medium,267.0,0.9535714285714286
66,73,2,medium,medium,319.0,0.9465875370919882
62,202,2,medium,medium,556.0,0.9553264604810997
66,88,2,medium,medium,77.0,0.9871794871794872
66,108,2,medium,medium,78.0,0.9176470588235294
66,81,2,medium,medium,286.0,0.9255663430420712
66,84,2,medium,medium,228.0,0.9083665338645418
66,83,2,medium,medium,292.0,0.9329073482428115
66,105,2,medium,medium,135.0,0.9926470588235294
66,91,2,medium,medium,200.0,0.8928571428571429
66,97,2,medium,medium,256.0,0.9142857142857143
66,115,2,medium,medium,139.0,0.9652777777777778
66,125,2,medium,medium,104.0,0.9454545454545454
66,89,2,medium,medium,397.0,0.9497607655502392
66,112,2,medium,medium,216.0,0.972972972972973
66,117,2,medium,medium,215.0,0.8847736625514403
66,120,2,medium,medium,225.0,0.982532751091703
66,143,2,medium,medium,115.0,0.8712121212121212
66,142,2,medium,medium,204.0,0.9147982062780269
66,145,2,medium,medium,176.0,0.967032967032967
66,147,2,medium,medium,270.0,0.967741935483871
66,155,2,medium,medium,182.0,0.900990099009901
66,135,2,medium,medium,373.0,0.961340206185567
66,158,2,medium,medium,194.0,0.9556650246305419
66,169,2,medium,medium,150.0,0.9375
66,190,2,medium,medium,86.0,0.8958333333333334
66,185,2,medium,medium,120.0,0.975609756097561
66,171,2,medium,medium,268.0,0.950354609929078
66,151,2,medium,medium,499.0,0.9822834645669292
66,191,2,medium,medium,225.0,0.9109311740890689
66,168,2,medium,medium,487.0,0.9818548387096774
66,192,2,medium,medium,300.0,0.974025974025974
66,203,2,medium,medium,94.0,0.9591836734693877
66,197,2,medium,medium,238.0,0.9407114624505929
66,210,2,medium,medium,122.0,0.8840579710144928
66,212,2,medium,medium,156.0,0.9629629629629629
66,206,2,medium,medium,256.0,0.9588014981273408
66,194,2,medium,medium,497.0,0.9764243614931237
66,214,2,medium,medium,280.0,0.9824561403508771
66,215,2,medium,medium,242.0,0.937984496124031
66,207,2,medium,medium,305.0,0.9270516717325228
66,202,2,medium,medium,565.0,0.9707903780068728
72,88,2,medium,medium,316.0,0.9663608562691132
72,91,2,medium,medium,290.0,0.8868501529051988
72,84,2,medium,medium,287.0,0.8776758409785933
72,75,2,medium,medium,271.0,0.8287461773700305
72,81,2,medium,medium,292.0,0.8929663608562691
72,83,2,medium,medium,303.0,0.926605504587156
72,73,2,medium,medium,301.0,0.8931750741839762
72,108,2,medium,medium,295.0,0.9021406727828746
72,105,2,medium,medium,316.0,0.9663608562691132
72,97,2,medium,medium,288.0,0.8807339449541285
72,89,2,medium,medium,348.0,0.8325358851674641
72,125,2,medium,medium,306.0,0.9357798165137615
72,115,2,medium,medium,309.0,0.944954128440367
72,112,2,medium,medium,312.0,0.9541284403669725
72,120,2,medium,medium,305.0,0.9327217125382263
72,117,2,medium,medium,289.0,0.8837920489296636
72,143,2,medium,medium,289.0,0.8837920489296636
72,142,2,medium,medium,288.0,0.8807339449541285
72,145,2,medium,medium,314.0,0.9602446483180428
72,147,2,medium,medium,312.0,0.9541284403669725
72,158,2,medium,medium,303.0,0.926605504587156
72,155,2,medium,medium,285.0,0.8715596330275229
72,135,2,medium,medium,372.0,0.9587628865979382
72,169,2,medium,medium,277.0,0.8470948012232415
72,190,2,medium,medium,278.0,0.8501529051987767
72,185,2,medium,medium,306.0,0.9357798165137615
72,171,2,medium,medium,281.0,0.8593272171253823
72,151,2,medium,medium,479.0,0.9429133858267716
72,191,2,medium,medium,274.0,0.8379204892966361
72,203,2,medium,medium,302.0,0.9235474006116208
72,168,2,medium,medium,473.0,0.9536290322580645
72,192,2,medium,medium,319.0,0.9755351681957186
72,197,2,medium,medium,274.0,0.8379204892966361
72,210,2,medium,medium,282.0,0.8623853211009175
72,212,2,medium,medium,307.0,0.9388379204892966
72,206,2,medium,medium,280.0,0.8562691131498471
72,194,2,medium,medium,476.0,0.9351669941060904
72,207,2,medium,medium,315.0,0.9574468085106383
72,215,2,medium,medium,290.0,0.8868501529051988
72,214,2,medium,medium,320.0,0.9785932721712538
72,202,2,medium,medium,488.0,0.8384879725085911
73,88,2,medium,medium,328.0,0.973293768545994
73,75,2,medium,medium,300.0,0.8902077151335311
73,81,2,medium,medium,309.0,0.9169139465875371
73,83,2,medium,medium,304.0,0.9020771513353115
73,108,2,medium,medium,313.0,0.9287833827893175
73,105,2,medium,medium,318.0,0.9436201780415431
73,84,2,medium,medium,302.0,0.8961424332344213
73,91,2,medium,medium,296.0,0.8783382789317508
73,97,2,medium,medium,290.0,0.8605341246290801
73,125,2,medium,medium,315.0,0.9347181008902077
73,115,2,medium,medium,313.0,0.9287833827893175
73,89,2,medium,medium,371.0,0.8875598086124402
73,112,2,medium,medium,313.0,0.9287833827893175
73,120,2,medium,medium,311.0,0.9228486646884273
73,117,2,medium,medium,298.0,0.884272997032641
73,143,2,medium,medium,299.0,0.887240356083086
73,145,2,medium,medium,323.0,0.9584569732937686
73,142,2,medium,medium,298.0,0.884272997032641
73,158,2,medium,medium,305.0,0.9050445103857567
73,155,2,medium,medium,285.0,0.8456973293768546
73,135,2,medium,medium,369.0,0.9510309278350515
73,147,2,medium,medium,316.0,0.9376854599406528
73,169,2,medium,medium,279.0,0.827893175074184
73,190,2,medium,medium,305.0,0.9050445103857567
73,185,2,medium,medium,310.0,0.9198813056379822
73,171,2,medium,medium,293.0,0.8694362017804155
73,191,2,medium,medium,288.0,0.8545994065281899
73,151,2,medium,medium,461.0,0.90748031496063
73,168,2,medium,medium,474.0,0.9556451612903226
73,203,2,medium,medium,316.0,0.9376854599406528
73,192,2,medium,medium,323.0,0.9584569732937686
73,197,2,medium,medium,285.0,0.8456973293768546
73,210,2,medium,medium,302.0,0.8961424332344213
73,212,2,medium,medium,314.0,0.9317507418397626
73,206,2,medium,medium,281.0,0.8338278931750742
73,194,2,medium,medium,475.0,0.9332023575638507
73,207,2,medium,medium,310.0,0.9198813056379822
75,88,2,medium,medium,275.0,0.9821428571428571
73,215,2,medium,medium,298.0,0.884272997032641
73,214,2,medium,medium,318.0,0.9436201780415431
73,202,2,medium,medium,480.0,0.8247422680412371
75,81,2,medium,medium,290.0,0.9385113268608414
75,108,2,medium,medium,251.0,0.8964285714285715
75,105,2,medium,medium,260.0,0.9285714285714286
75,84,2,medium,medium,263.0,0.9392857142857143
75,83,2,medium,medium,295.0,0.9424920127795527
75,91,2,medium,medium,261.0,0.9321428571428572
75,115,2,medium,medium,266.0,0.95
75,97,2,medium,medium,259.0,0.925
75,125,2,medium,medium,262.0,0.9357142857142857
75,112,2,medium,medium,266.0,0.95
75,120,2,medium,medium,262.0,0.9357142857142857
75,117,2,medium,medium,261.0,0.9321428571428572
75,89,2,medium,medium,352.0,0.8421052631578947
75,143,2,medium,medium,244.0,0.8714285714285714
75,142,2,medium,medium,253.0,0.9035714285714286
75,145,2,medium,medium,270.0,0.9642857142857143
75,147,2,medium,medium,277.0,0.9892857142857143
75,135,2,medium,medium,361.0,0.9304123711340206
75,155,2,medium,medium,252.0,0.9
75,158,2,medium,medium,265.0,0.9464285714285714
75,169,2,medium,medium,234.0,0.8357142857142857
75,190,2,medium,medium,250.0,0.8928571428571429
75,185,2,medium,medium,265.0,0.9464285714285714
75,171,2,medium,medium,256.0,0.9078014184397163
75,191,2,medium,medium,246.0,0.8785714285714286
75,151,2,medium,medium,465.0,0.9153543307086615
75,203,2,medium,medium,264.0,0.9428571428571428
75,168,2,medium,medium,468.0,0.9435483870967742
75,192,2,medium,medium,299.0,0.9707792207792207
75,197,2,medium,medium,244.0,0.8714285714285714
75,210,2,medium,medium,249.0,0.8892857142857142
75,212,2,medium,medium,264.0,0.9428571428571428
75,206,2,medium,medium,252.0,0.9
75,194,2,medium,medium,467.0,0.9174852652259332
75,207,2,medium,medium,298.0,0.9057750759878419
75,215,2,medium,medium,264.0,0.9428571428571428
81,88,2,medium,medium,300.0,0.970873786407767
75,214,2,medium,medium,273.0,0.9578947368421052
81,108,2,medium,medium,280.0,0.9061488673139159
75,202,2,medium,medium,483.0,0.8298969072164949
81,84,2,medium,medium,265.0,0.8576051779935275
81,105,2,medium,medium,292.0,0.9449838187702265
81,83,2,medium,medium,293.0,0.9361022364217252
81,91,2,medium,medium,246.0,0.7961165048543689
81,115,2,medium,medium,283.0,0.9158576051779935
81,125,2,medium,medium,288.0,0.9320388349514563
81,97,2,medium,medium,279.0,0.9029126213592233
81,112,2,medium,medium,290.0,0.9385113268608414
81,89,2,medium,medium,377.0,0.9019138755980861
81,120,2,medium,medium,281.0,0.9093851132686084
81,117,2,medium,medium,243.0,0.7864077669902912
81,143,2,medium,medium,258.0,0.8349514563106796
81,142,2,medium,medium,261.0,0.8446601941747572
81,145,2,medium,medium,295.0,0.9546925566343042
81,155,2,medium,medium,268.0,0.8673139158576052
81,135,2,medium,medium,375.0,0.9664948453608248
81,147,2,medium,medium,291.0,0.941747572815534
81,158,2,medium,medium,277.0,0.8964401294498382
81,169,2,medium,medium,252.0,0.8155339805825242
81,185,2,medium,medium,287.0,0.9288025889967637
81,190,2,medium,medium,250.0,0.8090614886731392
81,171,2,medium,medium,279.0,0.9029126213592233
81,191,2,medium,medium,258.0,0.8349514563106796
81,203,2,medium,medium,289.0,0.9352750809061489
81,151,2,medium,medium,469.0,0.9232283464566929
81,168,2,medium,medium,470.0,0.9475806451612904
81,192,2,medium,medium,293.0,0.948220064724919
81,197,2,medium,medium,266.0,0.86084142394822
81,210,2,medium,medium,249.0,0.8058252427184466
81,212,2,medium,medium,287.0,0.9288025889967637
81,206,2,medium,medium,264.0,0.8543689320388349
81,194,2,medium,medium,470.0,0.9233791748526523
83,88,2,medium,medium,305.0,0.9744408945686901
81,207,2,medium,medium,290.0,0.8814589665653495
81,215,2,medium,medium,273.0,0.883495145631068
81,214,2,medium,medium,299.0,0.9676375404530745
81,202,2,medium,medium,520.0,0.8934707903780069
83,108,2,medium,medium,280.0,0.8945686900958466
83,84,2,medium,medium,274.0,0.8753993610223643
83,105,2,medium,medium,297.0,0.9488817891373802
83,91,2,medium,medium,269.0,0.8594249201277955
83,115,2,medium,medium,294.0,0.939297124600639
83,125,2,medium,medium,289.0,0.9233226837060703
83,112,2,medium,medium,290.0,0.9265175718849841
83,97,2,medium,medium,284.0,0.9073482428115016
83,117,2,medium,medium,285.0,0.9105431309904153
83,120,2,medium,medium,295.0,0.9424920127795527
83,89,2,medium,medium,369.0,0.8827751196172249
83,143,2,medium,medium,268.0,0.8562300319488818
83,142,2,medium,medium,268.0,0.8562300319488818
83,145,2,medium,medium,300.0,0.9584664536741214
83,155,2,medium,medium,273.0,0.8722044728434505
83,158,2,medium,medium,287.0,0.9169329073482428
83,147,2,medium,medium,296.0,0.9456869009584664
83,135,2,medium,medium,372.0,0.9587628865979382
83,169,2,medium,medium,264.0,0.8434504792332268
83,190,2,medium,medium,282.0,0.9009584664536742
83,185,2,medium,medium,288.0,0.9201277955271565
83,171,2,medium,medium,296.0,0.9456869009584664
83,191,2,medium,medium,280.0,0.8945686900958466
83,151,2,medium,medium,480.0,0.9448818897637795
83,203,2,medium,medium,291.0,0.9297124600638977
83,192,2,medium,medium,306.0,0.9776357827476039
83,168,2,medium,medium,466.0,0.9395161290322581
83,197,2,medium,medium,278.0,0.8881789137380192
83,210,2,medium,medium,267.0,0.853035143769968
84,88,2,medium,medium,242.0,0.9641434262948207
83,212,2,medium,medium,290.0,0.9265175718849841
83,194,2,medium,medium,475.0,0.9332023575638507
83,206,2,medium,medium,283.0,0.9041533546325878
83,207,2,medium,medium,273.0,0.8297872340425532
83,215,2,medium,medium,289.0,0.9233226837060703
83,214,2,medium,medium,303.0,0.9680511182108626
84,105,2,medium,medium,240.0,0.9561752988047809
84,108,2,medium,medium,224.0,0.8924302788844621
83,202,2,medium,medium,507.0,0.8711340206185567
84,91,2,medium,medium,215.0,0.8565737051792829
84,97,2,medium,medium,259.0,0.925
84,115,2,medium,medium,238.0,0.9482071713147411
84,125,2,medium,medium,231.0,0.9203187250996016
84,89,2,medium,medium,362.0,0.8660287081339713
84,112,2,medium,medium,236.0,0.9402390438247012
84,117,2,medium,medium,217.0,0.8645418326693227
84,143,2,medium,medium,199.0,0.7928286852589641
84,120,2,medium,medium,238.0,0.9482071713147411
84,145,2,medium,medium,234.0,0.9322709163346613
84,142,2,medium,medium,226.0,0.900398406374502
84,135,2,medium,medium,360.0,0.9278350515463918
84,147,2,medium,medium,261.0,0.9354838709677419
84,155,2,medium,medium,216.0,0.8605577689243028
84,158,2,medium,medium,230.0,0.9163346613545816
84,169,2,medium,medium,203.0,0.8087649402390438
84,185,2,medium,medium,230.0,0.9163346613545816
84,190,2,medium,medium,202.0,0.8047808764940239
84,171,2,medium,medium,262.0,0.9290780141843972
84,191,2,medium,medium,221.0,0.8804780876494024
84,151,2,medium,medium,473.0,0.9311023622047244
84,203,2,medium,medium,231.0,0.9203187250996016
84,168,2,medium,medium,459.0,0.9254032258064516
84,192,2,medium,medium,284.0,0.922077922077922
84,197,2,medium,medium,218.0,0.8616600790513834
84,210,2,medium,medium,210.0,0.8366533864541833
84,212,2,medium,medium,234.0,0.9322709163346613
84,206,2,medium,medium,240.0,0.898876404494382
88,91,2,medium,medium,215.0,0.9598214285714286
88,89,2,medium,medium,407.0,0.9736842105263158
84,194,2,medium,medium,471.0,0.925343811394892
84,215,2,medium,medium,240.0,0.9302325581395349
88,108,2,medium,medium,84.0,0.9882352941176471
84,214,2,medium,medium,274.0,0.9614035087719298
88,105,2,medium,medium,129.0,0.9485294117647058
84,207,2,medium,medium,283.0,0.8601823708206687
88,115,2,medium,medium,130.0,0.9027777777777778
88,97,2,medium,medium,272.0,0.9714285714285714
88,112,2,medium,medium,207.0,0.9324324324324325
88,125,2,medium,medium,97.0,0.8818181818181818
88,117,2,medium,medium,236.0,0.9711934156378601
88,120,2,medium,medium,206.0,0.8995633187772926
88,143,2,medium,medium,127.0,0.9621212121212122
88,142,2,medium,medium,216.0,0.968609865470852
88,145,2,medium,medium,167.0,0.9175824175824175
84,202,2,medium,medium,514.0,0.8831615120274914
88,135,2,medium,medium,368.0,0.9484536082474226
88,155,2,medium,medium,195.0,0.9653465346534653
88,158,2,medium,medium,184.0,0.9064039408866995
88,147,2,medium,medium,259.0,0.9283154121863799
88,169,2,medium,medium,152.0,0.95
88,185,2,medium,medium,111.0,0.9024390243902439
88,190,2,medium,medium,91.0,0.9479166666666666
88,171,2,medium,medium,276.0,0.9787234042553191
88,151,2,medium,medium,475.0,0.9350393700787402
88,191,2,medium,medium,238.0,0.9635627530364372
88,168,2,medium,medium,469.0,0.9455645161290323
88,203,2,medium,medium,94.0,0.9591836734693877
88,192,2,medium,medium,290.0,0.9415584415584416
88,197,2,medium,medium,246.0,0.9723320158102767
88,210,2,medium,medium,133.0,0.9637681159420289
88,212,2,medium,medium,146.0,0.9012345679012346
88,206,2,medium,medium,260.0,0.9737827715355806
88,194,2,medium,medium,477.0,0.93713163064833
88,207,2,medium,medium,322.0,0.9787234042553191
88,214,2,medium,medium,261.0,0.9157894736842105
88,215,2,medium,medium,249.0,0.9651162790697675
88,202,2,medium,medium,573.0,0.9845360824742269
89,108,2,medium,medium,380.0,0.9090909090909091
89,105,2,medium,medium,395.0,0.9449760765550239
89,115,2,medium,medium,389.0,0.930622009569378
89,91,2,medium,medium,372.0,0.8899521531100478
89,125,2,medium,medium,387.0,0.9258373205741627
89,112,2,medium,medium,386.0,0.9234449760765551
89,120,2,medium,medium,402.0,0.9617224880382775
89,97,2,medium,medium,364.0,0.8708133971291866
89,117,2,medium,medium,369.0,0.8827751196172249
89,143,2,medium,medium,373.0,0.8923444976076556
89,142,2,medium,medium,378.0,0.9043062200956937
89,145,2,medium,medium,397.0,0.9497607655502392
89,158,2,medium,medium,393.0,0.9401913875598086
89,147,2,medium,medium,386.0,0.9234449760765551
89,155,2,medium,medium,374.0,0.8947368421052632
89,135,2,medium,medium,388.0,0.9282296650717703
89,169,2,medium,medium,353.0,0.8444976076555024
89,190,2,medium,medium,370.0,0.8851674641148325
89,185,2,medium,medium,397.0,0.9497607655502392
89,171,2,medium,medium,366.0,0.8755980861244019
89,191,2,medium,medium,362.0,0.8660287081339713
89,151,2,medium,medium,481.0,0.9468503937007874
89,192,2,medium,medium,397.0,0.9497607655502392
89,203,2,medium,medium,399.0,0.9545454545454546
89,197,2,medium,medium,341.0,0.8157894736842105
89,168,2,medium,medium,471.0,0.9495967741935484
89,210,2,medium,medium,364.0,0.8708133971291866
89,212,2,medium,medium,393.0,0.9401913875598086
89,206,2,medium,medium,357.0,0.854066985645933
91,108,2,medium,medium,204.0,0.9107142857142857
89,194,2,medium,medium,486.0,0.9548133595284872
91,105,2,medium,medium,213.0,0.9508928571428571
91,97,2,medium,medium,231.0,0.825
89,207,2,medium,medium,368.0,0.8803827751196173
89,214,2,medium,medium,393.0,0.9401913875598086
89,215,2,medium,medium,383.0,0.916267942583732
91,115,2,medium,medium,210.0,0.9375
91,125,2,medium,medium,212.0,0.9464285714285714
91,112,2,medium,medium,219.0,0.9776785714285714
91,120,2,medium,medium,222.0,0.9694323144104804
91,117,2,medium,medium,204.0,0.8395061728395061
91,143,2,medium,medium,164.0,0.7321428571428571
89,202,2,medium,medium,495.0,0.8505154639175257
91,145,2,medium,medium,219.0,0.9776785714285714
91,142,2,medium,medium,196.0,0.875
91,155,2,medium,medium,188.0,0.8392857142857143
91,158,2,medium,medium,209.0,0.9330357142857143
91,147,2,medium,medium,260.0,0.931899641577061
91,135,2,medium,medium,373.0,0.961340206185567
91,169,2,medium,medium,178.0,0.7946428571428571
91,190,2,medium,medium,176.0,0.7857142857142857
91,185,2,medium,medium,207.0,0.9241071428571429
91,171,2,medium,medium,246.0,0.8723404255319149
91,151,2,medium,medium,472.0,0.9291338582677166
91,191,2,medium,medium,213.0,0.8623481781376519
91,203,2,medium,medium,209.0,0.9330357142857143
91,168,2,medium,medium,470.0,0.9475806451612904
91,192,2,medium,medium,291.0,0.9448051948051948
91,197,2,medium,medium,218.0,0.8616600790513834
91,210,2,medium,medium,168.0,0.75
91,212,2,medium,medium,208.0,0.9285714285714286
91,206,2,medium,medium,234.0,0.8764044943820225
91,194,2,medium,medium,481.0,0.9449901768172888
97,105,2,medium,medium,262.0,0.9357142857142857
91,207,2,medium,medium,252.0,0.7659574468085106
97,108,2,medium,medium,244.0,0.8714285714285714
91,202,2,medium,medium,522.0,0.8969072164948454
91,214,2,medium,medium,272.0,0.9543859649122807
91,215,2,medium,medium,240.0,0.9302325581395349
97,115,2,medium,medium,253.0,0.9035714285714286
97,125,2,medium,medium,260.0,0.9285714285714286
97,143,2,medium,medium,232.0,0.8285714285714286
97,112,2,medium,medium,258.0,0.9214285714285714
97,117,2,medium,medium,245.0,0.875
97,120,2,medium,medium,260.0,0.9285714285714286
97,142,2,medium,medium,224.0,0.8
97,145,2,medium,medium,272.0,0.9714285714285714
97,155,2,medium,medium,232.0,0.8285714285714286
97,135,2,medium,medium,345.0,0.8891752577319587
97,147,2,medium,medium,268.0,0.9571428571428572
97,158,2,medium,medium,254.0,0.9071428571428571
97,169,2,medium,medium,224.0,0.8
97,185,2,medium,medium,259.0,0.925
97,190,2,medium,medium,234.0,0.8357142857142857
97,171,2,medium,medium,252.0,0.8936170212765957
97,151,2,medium,medium,460.0,0.905511811023622
97,203,2,medium,medium,261.0,0.9321428571428572
97,191,2,medium,medium,249.0,0.8892857142857142
97,168,2,medium,medium,466.0,0.9395161290322581
97,197,2,medium,medium,239.0,0.8535714285714285
97,192,2,medium,medium,291.0,0.9448051948051948
97,210,2,medium,medium,231.0,0.825
97,212,2,medium,medium,253.0,0.9035714285714286
105,108,2,medium,medium,128.0,0.9411764705882353
97,206,2,medium,medium,258.0,0.9214285714285714
97,194,2,medium,medium,460.0,0.9037328094302554
105,115,2,medium,medium,132.0,0.9166666666666666
105,112,2,medium,medium,205.0,0.9234234234234234
97,207,2,medium,medium,291.0,0.8844984802431611
97,215,2,medium,medium,265.0,0.9464285714285714
97,214,2,medium,medium,276.0,0.968421052631579
105,125,2,medium,medium,126.0,0.9264705882352942
105,120,2,medium,medium,208.0,0.9082969432314411
105,117,2,medium,medium,232.0,0.9547325102880658
97,202,2,medium,medium,505.0,0.8676975945017182
105,143,2,medium,medium,135.0,0.9926470588235294
105,145,2,medium,medium,168.0,0.9230769230769231
105,142,2,medium,medium,210.0,0.9417040358744395
105,155,2,medium,medium,195.0,0.9653465346534653
105,147,2,medium,medium,250.0,0.8960573476702509
105,135,2,medium,medium,343.0,0.884020618556701
105,158,2,medium,medium,182.0,0.896551724137931
105,169,2,medium,medium,151.0,0.94375
105,190,2,medium,medium,131.0,0.9632352941176471
105,185,2,medium,medium,121.0,0.8897058823529411
105,171,2,medium,medium,269.0,0.9539007092198581
105,151,2,medium,medium,452.0,0.889763779527559
105,191,2,medium,medium,231.0,0.9352226720647774
105,203,2,medium,medium,128.0,0.9411764705882353
105,197,2,medium,medium,234.0,0.924901185770751
105,192,2,medium,medium,273.0,0.8863636363636364
105,168,2,medium,medium,455.0,0.9173387096774194
105,210,2,medium,medium,130.0,0.9420289855072463
105,212,2,medium,medium,148.0,0.9135802469135802
105,206,2,medium,medium,247.0,0.9250936329588015
105,194,2,medium,medium,459.0,0.9017681728880157
105,207,2,medium,medium,310.0,0.9422492401215805
108,112,2,medium,medium,203.0,0.9144144144144144
105,215,2,medium,medium,249.0,0.9651162790697675
108,115,2,medium,medium,134.0,0.9305555555555556
105,214,2,medium,medium,250.0,0.8771929824561403
108,125,2,medium,medium,103.0,0.9363636363636364
108,117,2,medium,medium,218.0,0.897119341563786
105,202,2,medium,medium,553.0,0.9501718213058419
108,143,2,medium,medium,116.0,0.8787878787878788
108,120,2,medium,medium,212.0,0.925764192139738
108,145,2,medium,medium,172.0,0.945054945054945
108,142,2,medium,medium,194.0,0.8699551569506726
108,155,2,medium,medium,180.0,0.8910891089108911
108,135,2,medium,medium,370.0,0.9536082474226805
108,158,2,medium,medium,187.0,0.9211822660098522
108,169,2,medium,medium,140.0,0.875
108,147,2,medium,medium,265.0,0.9498207885304659
108,190,2,medium,medium,85.0,0.8854166666666666
108,185,2,medium,medium,114.0,0.926829268292683
108,171,2,medium,medium,257.0,0.9113475177304965
108,151,2,medium,medium,492.0,0.968503937007874
108,203,2,medium,medium,91.0,0.9285714285714286
108,191,2,medium,medium,216.0,0.8744939271255061
108,168,2,medium,medium,473.0,0.9536290322580645
108,192,2,medium,medium,290.0,0.9415584415584416
108,197,2,medium,medium,224.0,0.8853754940711462
108,210,2,medium,medium,118.0,0.855072463768116
108,212,2,medium,medium,152.0,0.9382716049382716
108,194,2,medium,medium,484.0,0.9508840864440079
108,206,2,medium,medium,241.0,0.9026217228464419
108,207,2,medium,medium,297.0,0.9027355623100304
108,214,2,medium,medium,273.0,0.9578947368421052
108,215,2,medium,medium,227.0,0.8798449612403101
108,202,2,medium,medium,544.0,0.9347079037800687
112,125,2,medium,medium,202.0,0.9099099099099099
112,115,2,medium,medium,210.0,0.9459459459459459
112,143,2,medium,medium,209.0,0.9414414414414415
112,117,2,medium,medium,228.0,0.9382716049382716
112,120,2,medium,medium,218.0,0.9519650655021834
112,142,2,medium,medium,221.0,0.9910313901345291
112,145,2,medium,medium,212.0,0.954954954954955
112,135,2,medium,medium,337.0,0.8685567010309279
112,169,2,medium,medium,201.0,0.9054054054054054
112,158,2,medium,medium,210.0,0.9459459459459459
112,147,2,medium,medium,252.0,0.9032258064516129
112,155,2,medium,medium,217.0,0.9774774774774775
112,190,2,medium,medium,211.0,0.9504504504504504
112,171,2,medium,medium,265.0,0.9397163120567376
112,185,2,medium,medium,200.0,0.9009009009009009
112,151,2,medium,medium,451.0,0.8877952755905512
112,191,2,medium,medium,239.0,0.9676113360323887
112,203,2,medium,medium,199.0,0.8963963963963963
112,168,2,medium,medium,455.0,0.9173387096774194
112,192,2,medium,medium,282.0,0.9155844155844156
112,197,2,medium,medium,236.0,0.932806324110672
112,210,2,medium,medium,213.0,0.9594594594594594
112,212,2,medium,medium,204.0,0.918918918918919
112,206,2,medium,medium,252.0,0.9438202247191011
112,194,2,medium,medium,458.0,0.899803536345776
115,125,2,medium,medium,129.0,0.8958333333333334
112,207,2,medium,medium,309.0,0.939209726443769
115,117,2,medium,medium,226.0,0.9300411522633745
115,120,2,medium,medium,202.0,0.8820960698689956
112,215,2,medium,medium,245.0,0.9496124031007752
112,214,2,medium,medium,259.0,0.9087719298245615
115,143,2,medium,medium,137.0,0.9513888888888888
115,142,2,medium,medium,208.0,0.9327354260089686
115,145,2,medium,medium,166.0,0.9120879120879121
112,202,2,medium,medium,546.0,0.9381443298969072
115,135,2,medium,medium,349.0,0.8994845360824743
115,155,2,medium,medium,187.0,0.9257425742574258
115,147,2,medium,medium,250.0,0.8960573476702509
115,158,2,medium,medium,182.0,0.896551724137931
115,169,2,medium,medium,153.0,0.95625
115,185,2,medium,medium,130.0,0.9027777777777778
115,190,2,medium,medium,136.0,0.9444444444444444
115,171,2,medium,medium,267.0,0.9468085106382979
115,151,2,medium,medium,451.0,0.8877952755905512
115,191,2,medium,medium,228.0,0.9230769230769231
115,203,2,medium,medium,136.0,0.9444444444444444
115,197,2,medium,medium,233.0,0.9209486166007905
115,168,2,medium,medium,459.0,0.9254032258064516
115,192,2,medium,medium,283.0,0.9188311688311688
115,210,2,medium,medium,138.0,0.9583333333333334
115,212,2,medium,medium,143.0,0.8827160493827161
115,206,2,medium,medium,241.0,0.9026217228464419
115,207,2,medium,medium,316.0,0.9604863221884499
115,215,2,medium,medium,245.0,0.9496124031007752
115,194,2,medium,medium,462.0,0.9076620825147348
115,214,2,medium,medium,247.0,0.8666666666666667
117,125,2,medium,medium,222.0,0.9135802469135802
115,202,2,medium,medium,552.0,0.9484536082474226
117,120,2,medium,medium,230.0,0.9465020576131687
117,143,2,medium,medium,192.0,0.7901234567901234
117,145,2,medium,medium,230.0,0.9465020576131687
117,142,2,medium,medium,221.0,0.9094650205761317
117,155,2,medium,medium,212.0,0.8724279835390947
117,147,2,medium,medium,266.0,0.953405017921147
117,158,2,medium,medium,218.0,0.897119341563786
117,135,2,medium,medium,362.0,0.9329896907216495
117,169,2,medium,medium,198.0,0.8148148148148148
117,185,2,medium,medium,230.0,0.9465020576131687
117,190,2,medium,medium,196.0,0.8065843621399177
117,171,2,medium,medium,255.0,0.9042553191489362
117,151,2,medium,medium,475.0,0.9350393700787402
117,191,2,medium,medium,228.0,0.9230769230769231
117,203,2,medium,medium,220.0,0.9053497942386831
117,192,2,medium,medium,291.0,0.9448051948051948
117,168,2,medium,medium,462.0,0.9314516129032258
117,197,2,medium,medium,229.0,0.9051383399209486
117,210,2,medium,medium,198.0,0.8148148148148148
117,206,2,medium,medium,246.0,0.9213483146067416
117,212,2,medium,medium,220.0,0.9053497942386831
117,194,2,medium,medium,468.0,0.9194499017681729
120,125,2,medium,medium,203.0,0.8864628820960698
117,207,2,medium,medium,290.0,0.8814589665653495
117,215,2,medium,medium,235.0,0.9108527131782945
117,214,2,medium,medium,275.0,0.9649122807017544
120,143,2,medium,medium,217.0,0.9475982532751092
117,202,2,medium,medium,529.0,0.9089347079037801
120,142,2,medium,medium,222.0,0.9694323144104804
120,145,2,medium,medium,216.0,0.9432314410480349
120,155,2,medium,medium,211.0,0.9213973799126638
120,147,2,medium,medium,259.0,0.9283154121863799
120,169,2,medium,medium,203.0,0.8864628820960698
120,135,2,medium,medium,360.0,0.9278350515463918
120,158,2,medium,medium,198.0,0.8646288209606987
120,190,2,medium,medium,207.0,0.9039301310043668
120,185,2,medium,medium,204.0,0.8908296943231441
120,171,2,medium,medium,268.0,0.950354609929078
120,191,2,medium,medium,229.0,0.9271255060728745
120,203,2,medium,medium,207.0,0.9039301310043668
120,151,2,medium,medium,452.0,0.889763779527559
120,192,2,medium,medium,274.0,0.8896103896103896
120,168,2,medium,medium,457.0,0.9213709677419355
120,197,2,medium,medium,229.0,0.9051383399209486
120,210,2,medium,medium,209.0,0.9126637554585153
120,212,2,medium,medium,209.0,0.9126637554585153
120,206,2,medium,medium,251.0,0.9400749063670412
120,194,2,medium,medium,438.0,0.8605108055009824
125,143,2,medium,medium,125.0,0.946969696969697
120,207,2,medium,medium,307.0,0.9331306990881459
120,215,2,medium,medium,243.0,0.9418604651162791
125,145,2,medium,medium,167.0,0.9175824175824175
125,142,2,medium,medium,209.0,0.9372197309417041
120,214,2,medium,medium,266.0,0.9333333333333333
120,202,2,medium,medium,555.0,0.9536082474226805
125,135,2,medium,medium,348.0,0.8969072164948454
125,155,2,medium,medium,187.0,0.9257425742574258
125,169,2,medium,medium,146.0,0.9125
125,147,2,medium,medium,250.0,0.8960573476702509
125,158,2,medium,medium,172.0,0.8472906403940886
125,190,2,medium,medium,106.0,0.9636363636363636
125,185,2,medium,medium,116.0,0.943089430894309
125,171,2,medium,medium,266.0,0.9432624113475178
125,151,2,medium,medium,465.0,0.9153543307086615
125,203,2,medium,medium,99.0,0.9
125,191,2,medium,medium,223.0,0.902834008097166
125,168,2,medium,medium,466.0,0.9395161290322581
125,197,2,medium,medium,233.0,0.9209486166007905
125,192,2,medium,medium,278.0,0.9025974025974026
125,210,2,medium,medium,131.0,0.9492753623188406
125,206,2,medium,medium,247.0,0.9250936329588015
125,212,2,medium,medium,148.0,0.9135802469135802
125,194,2,medium,medium,467.0,0.9174852652259332
125,207,2,medium,medium,311.0,0.9452887537993921
125,215,2,medium,medium,240.0,0.9302325581395349
125,214,2,medium,medium,260.0,0.9122807017543859
125,202,2,medium,medium,558.0,0.9587628865979382
135,143,2,medium,medium,370.0,0.9536082474226805
135,145,2,medium,medium,354.0,0.9123711340206185
135,155,2,medium,medium,366.0,0.9432989690721649
135,142,2,medium,medium,367.0,0.9458762886597938
135,158,2,medium,medium,356.0,0.9175257731958762
135,147,2,medium,medium,348.0,0.8969072164948454
135,169,2,medium,medium,356.0,0.9175257731958762
135,185,2,medium,medium,345.0,0.8891752577319587
135,190,2,medium,medium,369.0,0.9510309278350515
135,171,2,medium,medium,361.0,0.9304123711340206
135,191,2,medium,medium,369.0,0.9510309278350515
135,151,2,medium,medium,447.0,0.8799212598425197
135,168,2,medium,medium,454.0,0.9153225806451613
135,203,2,medium,medium,358.0,0.9226804123711341
135,197,2,medium,medium,361.0,0.9304123711340206
135,192,2,medium,medium,356.0,0.9175257731958762
135,210,2,medium,medium,366.0,0.9432989690721649
135,212,2,medium,medium,348.0,0.8969072164948454
142,143,2,medium,medium,186.0,0.8340807174887892
135,206,2,medium,medium,359.0,0.9252577319587629
135,194,2,medium,medium,471.0,0.925343811394892
142,145,2,medium,medium,219.0,0.9820627802690582
135,207,2,medium,medium,375.0,0.9664948453608248
135,215,2,medium,medium,366.0,0.9432989690721649
135,214,2,medium,medium,337.0,0.8685567010309279
135,202,2,medium,medium,536.0,0.9209621993127147
142,147,2,medium,medium,268.0,0.9605734767025089
142,155,2,medium,medium,197.0,0.8834080717488789
142,169,2,medium,medium,187.0,0.8385650224215246
142,158,2,medium,medium,213.0,0.9551569506726457
142,185,2,medium,medium,209.0,0.9372197309417041
142,190,2,medium,medium,187.0,0.8385650224215246
142,171,2,medium,medium,246.0,0.8723404255319149
142,151,2,medium,medium,473.0,0.9311023622047244
142,203,2,medium,medium,206.0,0.9237668161434978
142,191,2,medium,medium,209.0,0.8461538461538461
142,197,2,medium,medium,225.0,0.8893280632411067
142,192,2,medium,medium,296.0,0.961038961038961
142,168,2,medium,medium,474.0,0.9556451612903226
142,210,2,medium,medium,179.0,0.8026905829596412
142,206,2,medium,medium,239.0,0.8951310861423221
142,212,2,medium,medium,212.0,0.9506726457399103
142,194,2,medium,medium,480.0,0.9430255402750491
143,145,2,medium,medium,171.0,0.9395604395604396
142,207,2,medium,medium,269.0,0.817629179331307
142,215,2,medium,medium,244.0,0.9457364341085271
143,147,2,medium,medium,266.0,0.953405017921147
142,214,2,medium,medium,273.0,0.9578947368421052
142,202,2,medium,medium,521.0,0.8951890034364262
143,155,2,medium,medium,158.0,0.7821782178217822
143,158,2,medium,medium,186.0,0.916256157635468
143,169,2,medium,medium,135.0,0.84375
143,190,2,medium,medium,98.0,0.7424242424242424
143,185,2,medium,medium,126.0,0.9545454545454546
143,171,2,medium,medium,238.0,0.8439716312056738
143,151,2,medium,medium,489.0,0.9625984251968503
143,191,2,medium,medium,198.0,0.8016194331983806
143,197,2,medium,medium,214.0,0.8458498023715415
143,203,2,medium,medium,120.0,0.9090909090909091
143,168,2,medium,medium,472.0,0.9516129032258065
143,192,2,medium,medium,296.0,0.961038961038961
143,210,2,medium,medium,121.0,0.8768115942028986
143,212,2,medium,medium,157.0,0.9691358024691358
143,206,2,medium,medium,233.0,0.8726591760299626
143,194,2,medium,medium,482.0,0.9469548133595285
143,207,2,medium,medium,267.0,0.8115501519756839
143,215,2,medium,medium,226.0,0.875968992248062
143,214,2,medium,medium,276.0,0.968421052631579
143,202,2,medium,medium,532.0,0.9140893470790378
145,185,2,medium,medium,170.0,0.9340659340659341
145,155,2,medium,medium,196.0,0.9702970297029703
145,169,2,medium,medium,176.0,0.967032967032967
145,158,2,medium,medium,193.0,0.9507389162561576
145,147,2,medium,medium,260.0,0.931899641577061
145,190,2,medium,medium,163.0,0.8956043956043956
145,171,2,medium,medium,277.0,0.9822695035460993
145,203,2,medium,medium,171.0,0.9395604395604396
145,151,2,medium,medium,468.0,0.9212598425196851
145,191,2,medium,medium,233.0,0.9433198380566802
145,197,2,medium,medium,246.0,0.9723320158102767
145,192,2,medium,medium,293.0,0.9512987012987013
145,168,2,medium,medium,469.0,0.9455645161290323
145,210,2,medium,medium,170.0,0.9340659340659341
145,212,2,medium,medium,175.0,0.9615384615384616
145,194,2,medium,medium,468.0,0.9194499017681729
145,206,2,medium,medium,249.0,0.9325842696629213
145,207,2,medium,medium,318.0,0.9665653495440729
145,214,2,medium,medium,266.0,0.9333333333333333
145,215,2,medium,medium,241.0,0.9341085271317829
145,202,2,medium,medium,556.0,0.9553264604810997
147,155,2,medium,medium,263.0,0.942652329749104
147,185,2,medium,medium,242.0,0.8673835125448028
147,169,2,medium,medium,252.0,0.9032258064516129
147,158,2,medium,medium,249.0,0.8924731182795699
147,190,2,medium,medium,262.0,0.9390681003584229
147,171,2,medium,medium,276.0,0.9787234042553191
147,191,2,medium,medium,262.0,0.9390681003584229
147,203,2,medium,medium,254.0,0.910394265232975
147,151,2,medium,medium,454.0,0.8937007874015748
147,197,2,medium,medium,260.0,0.931899641577061
147,192,2,medium,medium,271.0,0.8798701298701299
147,168,2,medium,medium,454.0,0.9153225806451613
147,210,2,medium,medium,259.0,0.9283154121863799
147,212,2,medium,medium,243.0,0.8709677419354839
147,206,2,medium,medium,272.0,0.974910394265233
147,194,2,medium,medium,456.0,0.8958742632612967
147,207,2,medium,medium,307.0,0.9331306990881459
147,215,2,medium,medium,273.0,0.978494623655914
147,202,2,medium,medium,539.0,0.9261168384879725
147,214,2,medium,medium,272.0,0.9543859649122807
151,155,2,medium,medium,470.0,0.9251968503937008
151,190,2,medium,medium,477.0,0.9389763779527559
151,169,2,medium,medium,464.0,0.9133858267716536
151,158,2,medium,medium,449.0,0.8838582677165354
151,185,2,medium,medium,450.0,0.8858267716535433
151,203,2,medium,medium,478.0,0.9409448818897638
151,171,2,medium,medium,472.0,0.9291338582677166
151,191,2,medium,medium,472.0,0.9291338582677166
151,197,2,medium,medium,458.0,0.9015748031496063
151,192,2,medium,medium,455.0,0.8956692913385826
151,210,2,medium,medium,481.0,0.9468503937007874
151,168,2,medium,medium,482.0,0.9488188976377953
151,206,2,medium,medium,449.0,0.8838582677165354
155,158,2,medium,medium,194.0,0.9556650246305419
151,212,2,medium,medium,454.0,0.8937007874015748
151,207,2,medium,medium,471.0,0.9271653543307087
155,169,2,medium,medium,164.0,0.8118811881188119
155,190,2,medium,medium,163.0,0.806930693069307
155,185,2,medium,medium,186.0,0.9207920792079208
151,194,2,medium,medium,482.0,0.9469548133595285
155,171,2,medium,medium,246.0,0.8723404255319149
151,214,2,medium,medium,427.0,0.8405511811023622
151,215,2,medium,medium,485.0,0.9547244094488189
151,202,2,medium,medium,556.0,0.9553264604810997
155,168,2,medium,medium,475.0,0.9576612903225806
155,203,2,medium,medium,184.0,0.9108910891089109
155,191,2,medium,medium,211.0,0.854251012145749
155,197,2,medium,medium,213.0,0.841897233201581
155,192,2,medium,medium,295.0,0.9577922077922078
155,210,2,medium,medium,169.0,0.8366336633663366
155,212,2,medium,medium,188.0,0.9306930693069307
155,206,2,medium,medium,235.0,0.8801498127340824
155,194,2,medium,medium,472.0,0.9273084479371316
155,207,2,medium,medium,267.0,0.8115501519756839
155,215,2,medium,medium,227.0,0.8798449612403101
155,214,2,medium,medium,273.0,0.9578947368421052
158,169,2,medium,medium,178.0,0.8768472906403941
158,190,2,medium,medium,184.0,0.9064039408866995
158,185,2,medium,medium,182.0,0.896551724137931
155,202,2,medium,medium,530.0,0.9106529209621993
158,171,2,medium,medium,262.0,0.9290780141843972
158,191,2,medium,medium,222.0,0.8987854251012146
158,203,2,medium,medium,187.0,0.9211822660098522
158,168,2,medium,medium,455.0,0.9173387096774194
158,192,2,medium,medium,270.0,0.8766233766233766
158,197,2,medium,medium,230.0,0.9090909090909091
158,210,2,medium,medium,181.0,0.8916256157635468
158,206,2,medium,medium,247.0,0.9250936329588015
158,212,2,medium,medium,187.0,0.9211822660098522
158,194,2,medium,medium,459.0,0.9017681728880157
158,207,2,medium,medium,307.0,0.9331306990881459
158,214,2,medium,medium,256.0,0.8982456140350877
158,215,2,medium,medium,238.0,0.9224806201550387
158,202,2,medium,medium,548.0,0.9415807560137457
168,185,2,medium,medium,454.0,0.9153225806451613
168,190,2,medium,medium,470.0,0.9475806451612904
168,169,2,medium,medium,464.0,0.9354838709677419
168,203,2,medium,medium,467.0,0.9415322580645161
168,171,2,medium,medium,472.0,0.9516129032258065
168,191,2,medium,medium,471.0,0.9495967741935484
168,197,2,medium,medium,459.0,0.9254032258064516
168,192,2,medium,medium,444.0,0.8951612903225806
168,210,2,medium,medium,468.0,0.9435483870967742
168,206,2,medium,medium,462.0,0.9314516129032258
168,212,2,medium,medium,461.0,0.9294354838709677
169,185,2,medium,medium,150.0,0.9375
169,190,2,medium,medium,129.0,0.80625
169,171,2,medium,medium,222.0,0.7872340425531915
168,194,2,medium,medium,476.0,0.9351669941060904
169,191,2,medium,medium,200.0,0.8097165991902834
168,207,2,medium,medium,464.0,0.9354838709677419
169,192,2,medium,medium,287.0,0.9318181818181818
168,215,2,medium,medium,467.0,0.9415322580645161
169,203,2,medium,medium,148.0,0.925
169,197,2,medium,medium,203.0,0.8023715415019763
168,214,2,medium,medium,437.0,0.8810483870967742
169,210,2,medium,medium,132.0,0.825
169,206,2,medium,medium,219.0,0.8202247191011236
169,212,2,medium,medium,153.0,0.9444444444444444
169,194,2,medium,medium,471.0,0.925343811394892
168,202,2,medium,medium,560.0,0.9621993127147767
169,207,2,medium,medium,274.0,0.8328267477203647
169,214,2,medium,medium,267.0,0.9368421052631579
171,190,2,medium,medium,243.0,0.8617021276595744
169,202,2,medium,medium,510.0,0.8762886597938144
171,185,2,medium,medium,260.0,0.9219858156028369
169,215,2,medium,medium,223.0,0.8643410852713178
171,203,2,medium,medium,266.0,0.9432624113475178
171,191,2,medium,medium,249.0,0.8829787234042553
171,192,2,medium,medium,298.0,0.9675324675324676
171,197,2,medium,medium,241.0,0.8546099290780141
171,210,2,medium,medium,248.0,0.8794326241134752
171,206,2,medium,medium,258.0,0.9148936170212766
185,190,2,medium,medium,116.0,0.943089430894309
171,212,2,medium,medium,262.0,0.9290780141843972
171,207,2,medium,medium,287.0,0.8723404255319149
185,191,2,medium,medium,224.0,0.9068825910931174
185,192,2,medium,medium,274.0,0.8896103896103896
171,194,2,medium,medium,474.0,0.931237721021611
185,197,2,medium,medium,226.0,0.8932806324110671
171,215,2,medium,medium,260.0,0.9219858156028369
171,214,2,medium,medium,281.0,0.9859649122807017
185,203,2,medium,medium,114.0,0.926829268292683
185,210,2,medium,medium,127.0,0.9202898550724637
185,194,2,medium,medium,455.0,0.8939096267190569
171,202,2,medium,medium,484.0,0.8316151202749141
185,212,2,medium,medium,147.0,0.9074074074074074
185,206,2,medium,medium,241.0,0.9026217228464419
185,207,2,medium,medium,300.0,0.9118541033434651
185,214,2,medium,medium,244.0,0.856140350877193
190,191,2,medium,medium,204.0,0.8259109311740891
185,202,2,medium,medium,544.0,0.9347079037800687
190,192,2,medium,medium,286.0,0.9285714285714286
185,215,2,medium,medium,239.0,0.9263565891472868
190,203,2,medium,medium,96.0,0.9795918367346939
190,197,2,medium,medium,210.0,0.8300395256916996
190,210,2,medium,medium,111.0,0.8043478260869565
190,212,2,medium,medium,151.0,0.9320987654320988
190,194,2,medium,medium,482.0,0.9469548133595285
190,206,2,medium,medium,229.0,0.8576779026217228
190,214,2,medium,medium,278.0,0.9754385964912281
190,207,2,medium,medium,278.0,0.8449848024316109
190,215,2,medium,medium,209.0,0.810077519379845
190,202,2,medium,medium,539.0,0.9261168384879725
191,203,2,medium,medium,230.0,0.9311740890688259
191,210,2,medium,medium,200.0,0.8097165991902834
191,197,2,medium,medium,228.0,0.9011857707509882
191,192,2,medium,medium,296.0,0.961038961038961
191,206,2,medium,medium,233.0,0.8726591760299626
191,212,2,medium,medium,227.0,0.9190283400809717
191,207,2,medium,medium,270.0,0.8206686930091185
191,214,2,medium,medium,273.0,0.9578947368421052
191,194,2,medium,medium,473.0,0.9292730844793713
191,215,2,medium,medium,238.0,0.9224806201550387
192,203,2,medium,medium,283.0,0.9188311688311688
191,202,2,medium,medium,497.0,0.8539518900343642
192,197,2,medium,medium,286.0,0.9285714285714286
192,210,2,medium,medium,290.0,0.9415584415584416
192,212,2,medium,medium,282.0,0.9155844155844156
192,206,2,medium,medium,289.0,0.9383116883116883
192,194,2,medium,medium,449.0,0.8821218074656189
192,207,2,medium,medium,313.0,0.9513677811550152
192,215,2,medium,medium,296.0,0.961038961038961
192,214,2,medium,medium,286.0,0.9285714285714286
194,203,2,medium,medium,475.0,0.9332023575638507
192,202,2,medium,medium,556.0,0.9553264604810997
194,210,2,medium,medium,479.0,0.9410609037328095
194,197,2,medium,medium,468.0,0.9194499017681729
194,212,2,medium,medium,460.0,0.9037328094302554
197,203,2,medium,medium,236.0,0.932806324110672
194,206,2,medium,medium,464.0,0.9115913555992141
194,215,2,medium,medium,485.0,0.9528487229862476
197,206,2,medium,medium,228.0,0.8539325842696629
194,214,2,medium,medium,445.0,0.8742632612966601
197,210,2,medium,medium,213.0,0.841897233201581
194,207,2,medium,medium,474.0,0.931237721021611
197,207,2,medium,medium,276.0,0.8389057750759878
197,212,2,medium,medium,232.0,0.9169960474308301
202,203,2,medium,medium,555.0,0.9536082474226805
197,202,2,medium,medium,483.0,0.8298969072164949
197,214,2,medium,medium,271.0,0.9508771929824561
197,215,2,medium,medium,248.0,0.9612403100775194
194,202,2,medium,medium,560.0,0.9621993127147767
203,206,2,medium,medium,251.0,0.9400749063670412
202,210,2,medium,medium,526.0,0.9037800687285223
203,207,2,medium,medium,307.0,0.9331306990881459
203,210,2,medium,medium,131.0,0.9492753623188406
203,212,2,medium,medium,154.0,0.9506172839506173
203,215,2,medium,medium,238.0,0.9224806201550387
203,214,2,medium,medium,262.0,0.9192982456140351
202,212,2,medium,medium,546.0,0.9381443298969072
202,206,2,medium,medium,473.0,0.8127147766323024
206,210,2,medium,medium,233.0,0.8726591760299626
206,212,2,medium,medium,243.0,0.9101123595505618
202,207,2,medium,medium,501.0,0.8608247422680413
206,207,2,medium,medium,284.0,0.8632218844984803
202,215,2,medium,medium,529.0,0.9089347079037801
207,210,2,medium,medium,269.0,0.817629179331307
206,215,2,medium,medium,246.0,0.9213483146067416
206,214,2,medium,medium,273.0,0.9578947368421052
202,214,2,medium,medium,546.0,0.9381443298969072
207,212,2,medium,medium,308.0,0.9361702127659575
210,212,2,medium,medium,152.0,0.9382716049382716
210,215,2,medium,medium,226.0,0.875968992248062
210,214,2,medium,medium,273.0,0.9578947368421052
212,215,2,medium,medium,245.0,0.9496124031007752
212,214,2,medium,medium,250.0,0.8771929824561403
207,214,2,medium,medium,312.0,0.9483282674772037
207,215,2,medium,medium,300.0,0.9118541033434651
214,215,2,medium,medium,278.0,0.9754385964912281
