exp_a,exp_b,trial_id,expertise_a,expertise_b,Shape,Direction,Length,Position,Duration
13,3,2,low,none,0.9935885479862899,0.7548942022305339,0.990559001232916,0.892667483282792,0.6199346405228758
13,5,2,low,none,0.9930483473852744,0.7524892967278748,0.9908678728491049,0.9419905450362802,0.6071428571428572
13,36,2,low,none,0.9922884567458305,0.6853716043901782,0.9894096789258588,0.8890201303994714,0.6165158371040724
13,30,2,low,none,0.9921378040829357,0.7355014617326863,0.9897538379175598,0.9027797790985955,0.6094771241830066
13,93,2,low,none,0.9916427560080524,0.6510875883151455,0.9873122625707103,0.8824060862396919,0.6923076923076923
13,28,2,low,none,0.9913749520915626,0.6767160249198172,0.9886849625957275,0.9443662028175149,0.6456575682382134
13,38,2,low,none,0.9927294805173844,0.7285452745879601,0.9904395109466934,0.8367226215921063,0.5957446808510638
13,12,2,low,none,0.991518722328684,0.7153009791297967,0.9894789042292904,0.8938746723914541,0.6666666666666666
13,110,2,low,none,0.9932106191281702,0.7227806411715076,0.9899733107925773,0.9149527643037847,0.653846153846154
13,59,2,low,none,0.9922611363974715,0.7338147686774992,0.9888703647127478,0.8572540632911884,0.6363636363636365
13,106,2,low,none,0.9912055211508806,0.7318282144599468,0.9885103307109352,0.8666390387205837,0.6071428571428572
13,96,2,low,none,0.9920883568951715,0.7433337819227719,0.9892534975098878,0.8997248024630031,0.6071428571428572
13,116,2,low,none,0.9930490578188422,0.7736891087148777,0.9916351036524118,0.9312151559997869,0.638888888888889
13,181,2,low,none,0.9930465523140396,0.6439403216955424,0.9901189960147151,0.9301029578204976,0.629100529100529
13,141,2,low,none,0.9918762554373267,0.7455757188978204,0.9880700938584049,0.8764078102391772,0.6736912156166814
13,163,2,low,none,0.9916289047797735,0.755953866396049,0.9877152498017938,0.9094677059652476,0.6485294117647058
13,189,2,low,none,0.9925580311016221,0.7186598256016647,0.9898793024248401,0.8961897733422347,0.5942028985507246
13,204,2,low,none,0.9898235089514136,0.6363463709529558,0.9825665900887408,0.8602794748007588,0.5625
13,201,2,low,none,0.9924261803711355,0.7347591149050936,0.9892474570424603,0.9095114413290667,0.6428571428571428
13,216,2,low,none,0.9916932721536431,0.7233980923668489,0.9888426576232242,0.8823151797957516,0.5555555555555556
21,3,2,low,none,0.9933954344782965,0.7429495211546335,0.992244532837675,0.9152463649526028,0.6981132075471699
13,211,2,low,none,0.9946023030015045,0.776313788030035,0.9930071509384895,0.9217822020848881,0.6501610305958132
13,154,2,low,none,0.9915746030371992,0.6820939052507455,0.9893359473803858,0.8969963129858635,0.6318840579710145
21,36,2,low,none,0.9931740518474795,0.6417321299780877,0.9908175410830062,0.8717196057116954,0.7058823529411764
21,5,2,low,none,0.9942789025812285,0.7041577240044137,0.9931026191671554,0.9084753451116584,0.6904761904761905
13,196,2,low,none,0.9903974815661147,0.7139922377314056,0.9862989231717116,0.909398864298258,0.6153846153846154
21,30,2,low,none,0.9935771925392023,0.6908863217075814,0.9912937542095349,0.8734405885018073,0.653061224489796
21,93,2,low,none,0.9934810311495399,0.5966140342079864,0.9912155901104168,0.8762969830689191,0.7222222222222223
21,38,2,low,none,0.9928002340881223,0.6991996150673518,0.9916259990056642,0.8971137652125245,0.7083333333333334
21,28,2,low,none,0.993491800796227,0.7375847684411352,0.9917376331904302,0.8939972662401471,0.6666666666666666
21,110,2,low,none,0.9937507355584043,0.7072551273389678,0.9918331425484954,0.9128187855771892,0.7198401162790697
21,106,2,low,none,0.9916935095010777,0.6712453658021369,0.9905830923693849,0.8846439058090703,0.6956521739130435
21,59,2,low,none,0.9916310428067053,0.7285320929047804,0.9894721414441381,0.8715822694020929,0.7058823529411764
21,96,2,low,none,0.9921181333925406,0.7494048264700871,0.989372817330215,0.8602457190964955,0.626453488372093
21,12,2,low,none,0.9918829030349957,0.6960014650891274,0.989579523043937,0.9013026713463622,0.6536731634182908
21,181,2,low,none,0.992706794925324,0.6792464152792763,0.9889032158125755,0.9166225313570419,0.7
21,116,2,low,none,0.9921063871733627,0.7803219384343172,0.988757184214696,0.8912303753927584,0.6341463414634145
21,204,2,low,none,0.9909967813613942,0.5658014502391032,0.987142279530787,0.9004746130272469,0.7777777777777779
21,189,2,low,none,0.9927133393459363,0.6727696619751083,0.9909926912933842,0.8500523390016815,0.65625
21,141,2,low,none,0.9910293428051281,0.7516283041185975,0.9877118845869364,0.9220236376727418,0.6333333333333333
21,163,2,low,none,0.9926799607362692,0.7119384137917399,0.9904211387047647,0.8880074199255366,0.6785714285714286
21,201,2,low,none,0.9925965331406242,0.7011169487201396,0.9896498421652378,0.8896155835009731,0.7142857142857142
27,3,2,low,none,0.9946011939703465,0.6186204428139477,0.9923870100627792,0.9475952668224937,0.7391304347826088
27,5,2,low,none,0.9919615066341625,0.6328218341529535,0.988706064921745,0.890885248736801,0.6521739130434783
21,216,2,low,none,0.9924457647961744,0.6781030695638475,0.9899494031328844,0.8550612722042464,0.7230113636363636
27,30,2,low,none,0.9907622416441301,0.7449586850531873,0.9870243567789454,0.9540235153599428,0.7083333333333334
27,36,2,low,none,0.9907598170230465,0.7607904117090258,0.9876273740053503,0.9391915295403958,0.6666666666666666
27,28,2,low,none,0.990247401605185,0.6474286751658846,0.9848703501223772,0.9123247326336875,0.6172161172161172
27,12,2,low,none,0.9919641468007365,0.6169630171338754,0.9879731908203713,0.8810073157085796,0.6086956521739131
27,38,2,low,none,0.9929593276874727,0.6714437117794135,0.9900716477293938,0.8585108411195397,0.75
27,93,2,low,none,0.9910709088899307,0.6939291662141361,0.9866835687468812,0.9116512966621064,0.6892857142857143
27,59,2,low,none,0.9896123462107055,0.671568819036138,0.9840436143687707,0.9181483193884452,0.6363636363636365
27,96,2,low,none,0.9923811082495225,0.7579073508063384,0.9899912833809661,0.9263260488937078,0.575
21,211,2,low,none,0.9946152609025585,0.7665300693113168,0.9933877867737351,0.9457363672952008,0.695048309178744
27,106,2,low,none,0.9906256584891235,0.617012092450753,0.9858262899313148,0.9400353073283821,0.7777777777777779
27,110,2,low,none,0.9934120765052704,0.7340543784452793,0.9910760874804792,0.9343049955434277,0.7609523809523808
21,154,2,low,none,0.9929142635480456,0.6653994460682862,0.9910741420075209,0.9249916199051197,0.7272727272727273
27,116,2,low,none,0.9918076284901358,0.6568084246928994,0.9881399047836281,0.9410763917915124,0.5769230769230769
21,196,2,low,none,0.9919932466944438,0.7552006962066654,0.989078493043943,0.9194105966241226,0.6984848484848485
27,141,2,low,none,0.9900933979466509,0.790302901669108,0.9820396517091533,0.8515557317254114,0.56
27,163,2,low,none,0.988564652366618,0.780934194628485,0.9817136833203745,0.9251160530352381,0.6875
27,181,2,low,none,0.9921883188568368,0.6950590428540784,0.9884792628630297,0.9205890985820605,0.6966632962588474
27,189,2,low,none,0.9919902033103837,0.7132264022849222,0.9886205493119639,0.9291080245490554,0.606060606060606
27,154,2,low,none,0.9923213198829545,0.5451295686122677,0.9867961844965311,0.9345043175406189,0.7
27,201,2,low,none,0.9925034391517112,0.6231953336059535,0.9905970958153071,0.9244657568070903,0.7142857142857142
27,204,2,low,none,0.9869554528490441,0.6638067199035917,0.9795023349005341,0.9321801939249603,0.7727272727272728
27,196,2,low,none,0.9892519372275366,0.636353605263397,0.9819829238665493,0.8863133164187743,0.736842105263158
27,216,2,low,none,0.9887215513476596,0.7410976366517538,0.9862601296942597,0.9267096382346958,0.8
27,211,2,low,none,0.9942334288664338,0.6931078136950325,0.9917487510241552,0.8507270938234814,0.676470588235294
29,3,2,low,none,0.9922050851808057,0.7033465898242258,0.9916620812768356,0.9130094548600852,0.6666666666666666
29,5,2,low,none,0.9905317881432595,0.6688334336099633,0.9875949835856073,0.8819641030716239,0.6129032258064516
29,30,2,low,none,0.9899871866487614,0.7188841608309909,0.9880958976370193,0.8778343760177182,0.6666666666666667
29,36,2,low,none,0.9895414535228568,0.7009266185337198,0.9826255584391234,0.9240775699858198,0.6551724137931034
29,28,2,low,none,0.989144617346299,0.7298289540273166,0.986074538525926,0.910719708236944,0.6193214491086831
29,93,2,low,none,0.9895823788846394,0.6429353414014761,0.984368665848,0.9406821433403038,0.6792857142857143
29,38,2,low,none,0.9912845452561251,0.7430413753060571,0.9899917574432808,0.9115512999597747,0.6385933806146572
29,12,2,low,none,0.9914031335224583,0.7216995449310948,0.9896649010362873,0.9398229131609946,0.6666666666666666
29,59,2,low,none,0.9897343859393464,0.711512434596679,0.9873244990200483,0.9060501904519116,0.6666666666666666
29,110,2,low,none,0.9904802954462838,0.7264121170496166,0.9877707661018145,0.889908819245035,0.6948275862068966
29,106,2,low,none,0.9892932904975081,0.7318360991735877,0.9879371785303848,0.9134838779037537,0.6896551724137931
29,96,2,low,none,0.991407333930451,0.7236751072668527,0.9900152499358019,0.88830212396944,0.6071428571428572
29,116,2,low,none,0.9903651127148607,0.7108292955375777,0.9889106428531463,0.8900727210756599,0.6086956521739131
29,141,2,low,none,0.9905557633270139,0.7305317429844205,0.9868490296914092,0.8904866106868015,0.592214663643235
29,181,2,low,none,0.9904022555045389,0.7009384817493145,0.986882881408379,0.8923646567961916,0.6666666666666666
29,163,2,low,none,0.988774108096444,0.7550177596423644,0.9838317927082276,0.9057799093772491,0.6666666666666666
29,189,2,low,none,0.9899876940837653,0.723409462493108,0.9877509606695339,0.8920604379418647,0.6734693877551021
29,204,2,low,none,0.988056805526765,0.551294394835065,0.9814710908115195,0.8820734032866858,0.6961538461538461
29,201,2,low,none,0.9901096434606471,0.6804632282551157,0.9867453255135038,0.8939940822117927,0.676944971537002
29,216,2,low,none,0.9901913387279896,0.7053671228248478,0.9870985648125801,0.8823170199241165,0.6666666666666667
29,154,2,low,none,0.9914224793605818,0.6177795516777952,0.9895158756150434,0.9026474838558702,0.674916573971079
29,196,2,low,none,0.9882993872950588,0.686570575146912,0.9840692968198599,0.8966336376260218,0.6956521739130435
29,211,2,low,none,0.9928178769759979,0.7073888853411338,0.9914375108112732,0.9085508033490082,0.6363636363636365
31,3,2,low,none,0.9940189397502905,0.7044374574518975,0.9926415093638002,0.8600702956652126,0.75
31,5,2,low,none,0.9935669845788607,0.7195310620241896,0.9922501708407435,0.9405001266574258,0.7142857142857142
31,36,2,low,none,0.9925090474649962,0.6803133246109683,0.989059854273868,0.8940854920388075,0.7220689655172413
31,30,2,low,none,0.99263074124317,0.6848239754619352,0.9903665944473168,0.8969584768486997,0.7027027027027026
31,93,2,low,none,0.9928389771611119,0.6719833351864862,0.9906528595373588,0.8751993311122209,0.6875
31,28,2,low,none,0.9926221172273411,0.7057578420448017,0.9904249483744307,0.9519186626707584,0.6510869565217391
31,38,2,low,none,0.9931682562221671,0.7312665837995138,0.9908977576329986,0.8612493944758831,0.7171428571428571
31,110,2,low,none,0.9939265409654926,0.7528181435299361,0.9919101068150267,0.9326149343520631,0.7333333333333334
31,106,2,low,none,0.9924304166230888,0.7094806241766938,0.9907237076560225,0.8906146148636819,0.6870629370629371
31,59,2,low,none,0.9920003363997172,0.7567045170728547,0.9890696671397717,0.9032450982369659,0.6666666666666666
31,96,2,low,none,0.9927804204428969,0.7604320952550045,0.9907803909685913,0.9152020073519163,0.6296296296296298
31,12,2,low,none,0.9930704020810485,0.6998505862909195,0.9914060562637307,0.8984688586832306,0.6545454545454545
31,181,2,low,none,0.9929274227881231,0.7023029873970263,0.9911838552686904,0.9309124449043518,0.725705329153605
31,116,2,low,none,0.993619357674887,0.702077012982711,0.9919555291956296,0.9385245056419392,0.6363636363636364
31,141,2,low,none,0.9924009941951227,0.7276904817660537,0.9890986478530881,0.9098858815385447,0.6444444444444445
31,189,2,low,none,0.9931551464172722,0.6895416506326905,0.990954151852607,0.8919800542559249,0.6428571428571428
31,163,2,low,none,0.9914649460010818,0.6982989277874037,0.9875382025686682,0.904984173902634,0.6776927282668125
31,204,2,low,none,0.9911337707630451,0.6043633508121171,0.9859224958101462,0.9061834554526207,0.7692307692307693
31,201,2,low,none,0.9935279256892164,0.6620338503889766,0.9913496577993139,0.8832289848021192,0.6939799331103679
31,216,2,low,none,0.9915667673749813,0.6574880855076464,0.9877610225970801,0.8976773235095225,0.7071428571428571
34,3,2,low,none,0.9924072676237669,0.7316632006645893,0.9908091453707636,0.9103328257483301,0.6666666666666666
34,5,2,low,none,0.9924484987242422,0.7482124134876851,0.9890555881389712,0.9082172796027735,0.625
34,30,2,low,none,0.9916002873684725,0.6639943242046764,0.9914583004354901,0.8918856926522742,0.7060185185185186
34,36,2,low,none,0.9915706081920909,0.6548446416576954,0.988836377060311,0.9124497626365433,0.6702898550724637
31,211,2,low,none,0.9947071098609219,0.7690658870552288,0.993624046521238,0.9582366821208138,0.6428571428571428
34,93,2,low,none,0.9903638676035411,0.568005756869495,0.9844960104285313,0.9000927674833819,0.6923076923076923
31,154,2,low,none,0.9926764147313639,0.6783184518443032,0.9904861345110855,0.9179631873087362,0.7037037037037037
34,28,2,low,none,0.9912770254159391,0.7077055170032875,0.9883995226803974,0.9191868592720578,0.6111111111111112
34,38,2,low,none,0.9927932298942395,0.7304319566238298,0.9908506197190349,0.8582858823292893,0.6470588235294117
31,196,2,low,none,0.9909257925657876,0.69435529333673,0.9879605445016656,0.9102360858290125,0.7142857142857142
34,12,2,low,none,0.9924117475657621,0.6804300447443596,0.9888808018837875,0.9148565971164493,0.6107994389901823
34,59,2,low,none,0.9887502385232749,0.7610454752953397,0.9839396745528198,0.9116494222262306,0.6507936507936508
34,110,2,low,none,0.9929548384027435,0.7370108448127388,0.9905425626985713,0.9020720728635063,0.6866071428571427
34,106,2,low,none,0.9907574399271202,0.6560382915305296,0.9883642371920349,0.9111806190851666,0.6666666666666666
34,96,2,low,none,0.9922513023801391,0.7170771754218378,0.9906663389317092,0.8912261202439018,0.6153846153846154
34,116,2,low,none,0.9920791085504185,0.6864731558720456,0.989398109147334,0.9174653108279699,0.6399036531513449
34,141,2,low,none,0.9910949941660782,0.7814911012710131,0.9876373690495435,0.9156422069623622,0.6744565217391304
34,181,2,low,none,0.991633351930306,0.7067385347076642,0.9897829404241512,0.9170876485891061,0.6666666666666667
34,163,2,low,none,0.9917638451329014,0.739901294193081,0.988821688026791,0.9078518448360506,0.6499999999999999
34,189,2,low,none,0.9916428901897066,0.6826109261036855,0.988427713360483,0.9216939910174738,0.6233108108108107
34,204,2,low,none,0.9883771994220971,0.5369997526161931,0.9816956210321981,0.8888843153378058,0.7
34,201,2,low,none,0.9908408299967184,0.7000917138538518,0.9851426734122909,0.9275163209706052,0.6779953917050692
34,216,2,low,none,0.9885421092162912,0.6449424097391548,0.9828615937795739,0.919708137236815,0.6551724137931034
35,3,2,low,none,0.9942621211258341,0.6955679207505758,0.9928830610890232,0.8874240989014417,0.5853112404836542
34,154,2,low,none,0.9920056631382259,0.6601955249197418,0.9889292297197531,0.9241522730125779,0.6666666666666666
35,5,2,low,none,0.9913262727025804,0.6433950867563336,0.9893799222520757,0.9510830587628402,0.5833333333333335
34,211,2,low,none,0.9937882013280136,0.7538970480026265,0.9913071485939042,0.9098004335266286,0.675
34,196,2,low,none,0.989696917772082,0.7107845708300079,0.9847313567340842,0.9147170260180909,0.7037037037037037
35,30,2,low,none,0.9915190753329101,0.738431222003282,0.987342700923636,0.9456782661578231,0.5420094007050529
35,36,2,low,none,0.9909087706213521,0.7351565213867703,0.9847237457190928,0.8672494313093497,0.5862068965517242
35,28,2,low,none,0.9913999774364347,0.65649385407784,0.9854159195330913,0.9404772687383867,0.6153846153846154
35,93,2,low,none,0.9920268095243515,0.6470253660539814,0.9872093334004118,0.8851494542812929,0.5490196078431373
35,38,2,low,none,0.9925717816131164,0.7117930229890582,0.9898856841523879,0.83316309123501,0.6071428571428572
35,12,2,low,none,0.9921586438738974,0.7507008370813824,0.9876394366236715,0.9303466694488755,0.6092258748674444
35,59,2,low,none,0.9911370176068454,0.7237069011051447,0.9883002907297839,0.9319605834209056,0.6556324110671937
35,106,2,low,none,0.991173136605031,0.7228226468699009,0.9871925348092545,0.893280257274469,0.5384615384615385
35,110,2,low,none,0.9928076078644004,0.7864832369727811,0.9887318467928602,0.9239641723632429,0.6071428571428572
35,96,2,low,none,0.9918285043053282,0.739520609503383,0.9890453112149016,0.9176634817628283,0.606060606060606
35,116,2,low,none,0.9925610213171983,0.7459604755254594,0.9897065725238369,0.9436076621072712,0.5769230769230769
35,141,2,low,none,0.990448288503539,0.7236020544610378,0.9867368939923574,0.9168352481915164,0.6199999999999999
35,181,2,low,none,0.992523785135691,0.6794259866302523,0.9899181185243072,0.9579482280814606,0.625
35,163,2,low,none,0.9912430568052842,0.7603655597153377,0.987574623997921,0.8917535788902298,0.607843137254902
35,189,2,low,none,0.9909523822471364,0.7308546855326594,0.9863349405367567,0.8875785956360148,0.5806451612903225
35,201,2,low,none,0.9928062459223691,0.7720051926906454,0.9885092173777622,0.9260878780057932,0.5925925925925926
35,204,2,low,none,0.9888512550138421,0.5964043845620248,0.9798091281065049,0.907732342522336,0.5555555555555556
35,216,2,low,none,0.9903710298624738,0.6855142158789419,0.9856396070743328,0.9091959986514038,0.5166852057842046
35,154,2,low,none,0.9919031314138144,0.6415506680612537,0.9874061811182012,0.9100906177652692,0.6071428571428572
35,196,2,low,none,0.9899367762058883,0.6739034563683306,0.9838845281164068,0.8785513255245893,0.638888888888889
35,211,2,low,none,0.9945390265711939,0.6960292843906886,0.9921146524460328,0.9506247026461315,0.6071428571428572
37,3,2,low,none,0.993453250232883,0.6949533261925849,0.9922984903613526,0.8906161684402721,0.7409937888198758
37,5,2,low,none,0.9928189202810198,0.6724826133272191,0.9900710267507807,0.9046121170049058,0.6956521739130435
37,30,2,low,none,0.9920857268242981,0.7145364945561505,0.9906671144474979,0.9046648815075016,0.6521739130434783
37,36,2,low,none,0.9926742172717524,0.6662257477630389,0.9917508097869209,0.9172120486204638,0.6956521739130435
37,28,2,low,none,0.9914177303447549,0.6978427863705468,0.9881709097814332,0.9150409790225583,0.6363636363636365
37,93,2,low,none,0.9933038769334804,0.6365953000093665,0.991265656297654,0.8873042109694959,0.6923076923076923
37,38,2,low,none,0.9937720057469401,0.7375564177071331,0.9926345753699773,0.9268237602361165,0.7428571428571428
37,12,2,low,none,0.9926036614691168,0.7153202975372472,0.9894333236995307,0.8903470422665528,0.632996632996633
37,59,2,low,none,0.991082749692263,0.6940082295405174,0.9875163237905981,0.9132514351271099,0.6326530612244898
37,106,2,low,none,0.9911301429289747,0.733730055565859,0.9873629033674877,0.9240182800957689,0.7320574162679426
37,110,2,low,none,0.9934598740675309,0.6809828443051094,0.9917825449350061,0.9289377756126078,0.7
37,96,2,low,none,0.992425148993043,0.757565650921486,0.9903551715166824,0.9072037823241634,0.5757575757575757
37,116,2,low,none,0.9937780190053899,0.7826874936166995,0.9922289751792919,0.9296697065592671,0.6666666666666666
37,141,2,low,none,0.991490197595233,0.7762645439587078,0.9886264087581532,0.935688053874717,0.6357142857142857
37,181,2,low,none,0.993853351845429,0.6764216414657952,0.9932210588867624,0.9317216080998971,0.75
37,189,2,low,none,0.9925370364972296,0.6628331411812887,0.9908460060649957,0.9055704478324369,0.6206896551724137
37,163,2,low,none,0.9915647437346747,0.7736717726964106,0.9893733837267261,0.930697729558169,0.6399999999999999
37,204,2,low,none,0.9926195325827973,0.6060370864560816,0.9884296968853392,0.9195309241474531,0.7801932367149759
37,201,2,low,none,0.9939440635108319,0.7148979483011646,0.9913131272239756,0.9454605215558216,0.7000000000000001
37,216,2,low,none,0.9915078832875796,0.7118623151294916,0.9886750467172934,0.9111173380873296,0.75
37,154,2,low,none,0.9929263889242768,0.7078240657065075,0.990542775077372,0.9107509273180627,0.6785714285714286
37,211,2,low,none,0.99427631824396,0.7677553040311349,0.9929354342655311,0.9470489462159902,0.6363636363636365
37,196,2,low,none,0.9904650105722196,0.7186512297536074,0.9860794509118725,0.9227797215393851,0.7142857142857142
41,3,2,low,none,0.9943062778560079,0.6868820848834438,0.9933019317687384,0.867336776196436,0.6939799331103679
41,36,2,low,none,0.9937490860991256,0.6586979173364882,0.9910575455793523,0.9126645767751812,0.6715686274509803
41,5,2,low,none,0.9940918115951823,0.7000243230517399,0.9927939291777105,0.9443823149476831,0.7142857142857142
41,30,2,low,none,0.993512695254182,0.6654748086328943,0.9926544631506421,0.8983297669641688,0.7058823529411764
41,93,2,low,none,0.9941446537643697,0.651175170750744,0.991676845474164,0.8159858473098027,0.678235294117647
41,38,2,low,none,0.9937684144178717,0.7056046021738238,0.9921374974345253,0.8409742047942325,0.7250000000000001
41,28,2,low,none,0.9929379422930847,0.7241235224684108,0.9894834993994498,0.938983610015416,0.6666666666666667
41,110,2,low,none,0.994216392016131,0.6735128937412291,0.9930553852924959,0.9193931907332882,0.7231800766283525
41,59,2,low,none,0.9918539476530769,0.7683594457845974,0.9894039144814641,0.9077189163685975,0.6774193548387097
41,106,2,low,none,0.9930976535088423,0.6831018468306633,0.9909439926568437,0.8734473549347873,0.736842105263158
41,181,2,low,none,0.99431029631022,0.6527266649121168,0.9921266371248296,0.9440631821116595,0.7083333333333334
41,96,2,low,none,0.9937517373727126,0.7330652190894871,0.9918456311597166,0.8924267689756554,0.6
41,12,2,low,none,0.9927474021450239,0.7140481075844669,0.9896857784471724,0.910285512813824,0.631578947368421
41,189,2,low,none,0.9940745671633477,0.6798439733776327,0.9919182785184203,0.9026420218787774,0.6666666666666666
41,204,2,low,none,0.9933376148603846,0.5736649849317842,0.9893240081964779,0.8753767409749813,0.7826086956521738
41,116,2,low,none,0.994193385973922,0.7133227685057599,0.9928570442099032,0.9395590332176457,0.6428571428571428
41,141,2,low,none,0.9932010276107449,0.7205885943463273,0.9911855780470245,0.9068365311791091,0.6666666666666666
41,201,2,low,none,0.9936303849908475,0.6220537868645246,0.9907626276229408,0.92284927763026,0.7619047619047619
41,163,2,low,none,0.9933494818807476,0.6981135071781344,0.9917937976302296,0.904799894770913,0.6923076923076923
41,216,2,low,none,0.9939704747599386,0.683404958695063,0.9902347715229955,0.9015140680135235,0.7142857142857142
43,3,2,low,none,0.9939966552671073,0.730626114167088,0.9912481317083236,0.8808958954891419,0.7111111111111111
43,36,2,low,none,0.993110770887745,0.6660836366539267,0.9900276216593624,0.8662782392540972,0.7
43,5,2,low,none,0.9930552473437505,0.6678472039270835,0.9912169680084237,0.9244204253285708,0.7083333333333334
43,30,2,low,none,0.9927489781865303,0.6611890685233307,0.9921420401797308,0.9041007028076716,0.6576576576576576
43,93,2,low,none,0.993710515173326,0.6397904324682502,0.9905544892602308,0.8894126935586497,0.6799999999999999
41,154,2,low,none,0.9930282201024828,0.6963941865025418,0.9907278830253723,0.8938983855306791,0.7083333333333334
41,211,2,low,none,0.9947105709956663,0.7305142286598483,0.9938776121435744,0.9460061956341471,0.6521739130434783
41,196,2,low,none,0.9912766384899834,0.7321760131104523,0.9888618004454957,0.9057680612091655,0.7379862700228833
43,38,2,low,none,0.9930970412103718,0.6570363469170033,0.9914535111153847,0.9143941222753331,0.7018518518518518
43,28,2,low,none,0.9919997589883223,0.6911771558497499,0.9879718410882494,0.889407931700411,0.6666666666666667
43,110,2,low,none,0.9933489993518754,0.6830160833775327,0.9915888502823783,0.9220779177004301,0.7
43,59,2,low,none,0.9910180520397552,0.7322454307163612,0.9880160781256184,0.8993451904319315,0.625
43,96,2,low,none,0.9926804872907474,0.7019878577105316,0.990580066286524,0.9287186815470965,0.631578947368421
43,12,2,low,none,0.9924051551570354,0.7409501648480208,0.9902321029232576,0.8796862676100986,0.6363636363636365
43,106,2,low,none,0.9919973678053513,0.6863342770306008,0.9905338389068691,0.9157044739426,0.72
43,116,2,low,none,0.9930552246115264,0.7202690226366115,0.9907238819055872,0.920102539858386,0.6296296296296298
43,181,2,low,none,0.9937886477459494,0.6747259393030869,0.9927338782791499,0.8959721583386004,0.7142857142857142
43,189,2,low,none,0.9936267059585994,0.6846652681680268,0.9906686101838845,0.8727474861403489,0.6521739130434783
43,204,2,low,none,0.9919438125176921,0.49630846382577853,0.9887029182020959,0.8973991371816731,0.7777777777777779
43,201,2,low,none,0.993580856436017,0.6788473684164156,0.9901158338116621,0.9101221107592946,0.6956521739130435
43,141,2,low,none,0.992465395295157,0.7056051933916758,0.9887949506767082,0.8727455328060609,0.6449505649717514
43,163,2,low,none,0.9917274443050897,0.713130626744709,0.9892919666090105,0.8970329429503968,0.6984848484848485
43,216,2,low,none,0.9918180545625019,0.657095787877455,0.9894334923211737,0.9074529883761648,0.75
44,3,2,low,none,0.9934316501472539,0.6771330253924067,0.9918977791977959,0.8676694360081549,0.75
44,5,2,low,none,0.99333142848152,0.71057837803927,0.9908350557599951,0.9266132310944966,0.6785714285714286
43,211,2,low,none,0.9946605312893302,0.7020591125153239,0.9933297523628559,0.9208468962651376,0.6368631368631369
44,36,2,low,none,0.9931388496100415,0.6804872121277157,0.9906728287101537,0.876113845744172,0.7000000000000001
44,30,2,low,none,0.9930457436587115,0.6698025527675684,0.991260995018003,0.8760991534114434,0.6785714285714286
44,93,2,low,none,0.9935371251223504,0.6063811193991342,0.9905577554807887,0.8636059076185681,0.7021276595744681
43,154,2,low,none,0.992684899505455,0.6775195333447399,0.9899434863136662,0.8760560756493428,0.6756756756756758
43,196,2,low,none,0.9898663231025185,0.7103462738629231,0.986162261204314,0.9259818789832297,0.7073170731707317
44,28,2,low,none,0.9924007613781608,0.7784736478861503,0.988717513012107,0.9061158255520847,0.6666666666666666
44,38,2,low,none,0.9928616756983346,0.7323319059963875,0.9914215469303358,0.8568351368636455,0.7171428571428571
44,110,2,low,none,0.992938411626646,0.7023716591884741,0.9921753017415952,0.9044448732851854,0.6818181818181819
44,106,2,low,none,0.992669650090049,0.7239590221170553,0.9907412022293298,0.8801547250133999,0.75
44,59,2,low,none,0.9913030122003786,0.7388462420021211,0.9893896632790131,0.9045573890767495,0.6396103896103896
44,96,2,low,none,0.9918370310037501,0.7484959463206118,0.9897620058489549,0.8672278150774186,0.6086956521739131
44,12,2,low,none,0.9929045944895637,0.7436913798506306,0.9909870627765212,0.8751299712400513,0.6129032258064516
44,116,2,low,none,0.9928506760756894,0.7483876513239418,0.9916118071822693,0.9144218849943772,0.6082693947144076
44,181,2,low,none,0.9938552878793026,0.6601875684506724,0.9925200270855501,0.915747986125007,0.6818181818181819
44,141,2,low,none,0.9913577546831306,0.728081643126723,0.990081689650378,0.8857204016317983,0.6086956521739131
44,163,2,low,none,0.9916223294290271,0.6996017752169025,0.9889472240604388,0.8964019237593845,0.6666666666666666
44,189,2,low,none,0.9932276287611149,0.6761426735962228,0.9908754677621755,0.8767137572659645,0.6521739130434783
44,204,2,low,none,0.9923560681494235,0.47836371310939385,0.9869850931225503,0.8985762183807575,0.7777777777777779
44,201,2,low,none,0.9929457363551628,0.6005006813431522,0.9905865303794354,0.8916248128378986,0.7
44,216,2,low,none,0.9919020428237324,0.6595344501389089,0.9894435153566753,0.8916313859372368,0.7619047619047619
56,3,2,low,none,0.9943316249855338,0.6983941166435669,0.9924111180726316,0.9452962537773831,0.569047619047619
56,5,2,low,none,0.9926932674778641,0.673118954894711,0.9901800036302466,0.9100636201154396,0.6510869565217391
56,30,2,low,none,0.9923784470212287,0.7261226822755593,0.9895513499258047,0.9460164818586327,0.631578947368421
56,36,2,low,none,0.9901311742991619,0.6752897749567386,0.9844373716009689,0.9286278716892444,0.6461100569259962
56,28,2,low,none,0.9916423951041244,0.6670074589832056,0.9867676664947442,0.9130447525697589,0.6565954310980103
56,38,2,low,none,0.9922545201518836,0.7040127450938787,0.9899329207111235,0.9174830333845939,0.59375
56,93,2,low,none,0.9893183263311126,0.5938991230071269,0.9841448139403635,0.9073201670999614,0.6324675324675324
44,211,2,low,none,0.9938415221974298,0.7589134481893877,0.9917539969835766,0.9338762433299855,0.625
56,12,2,low,none,0.9921597254126523,0.6775182845013802,0.9877301312290236,0.932304051536188,0.6190476190476191
44,154,2,low,none,0.993121181650859,0.6732306015940636,0.9904006996983621,0.923480750377581,0.7272727272727273
56,59,2,low,none,0.990468673125999,0.7426980636382935,0.9856892092635372,0.9399326619586206,0.6696969696969697
44,196,2,low,none,0.9908154077575317,0.712481085833762,0.9888762617579878,0.9200283191394362,0.736842105263158
56,96,2,low,none,0.9926779915516946,0.7498976733989497,0.9901208159983855,0.9420452641473868,0.6086956521739131
56,106,2,low,none,0.9910081480033157,0.7074472291998352,0.9866526946822274,0.9328906016450277,0.6206896551724137
56,110,2,low,none,0.9935416739446196,0.7105386627699055,0.9907320385689862,0.9216857715880844,0.6666666666666667
56,116,2,low,none,0.9922117484270597,0.6934651940186095,0.9909384910374031,0.9477446480855697,0.6981132075471699
56,141,2,low,none,0.9903578213913392,0.7345427460499725,0.9860274220495344,0.9094672826726004,0.6923076923076923
56,181,2,low,none,0.9916908142674126,0.6595965662008056,0.9892869375678873,0.9165914921730447,0.6348484848484849
56,163,2,low,none,0.9902515943483825,0.7505082970629189,0.9865636483920446,0.933143135871264,0.633974358974359
56,189,2,low,none,0.9924292070308895,0.7759912624818864,0.9895451563253438,0.9544624514107479,0.5862068965517242
56,204,2,low,none,0.9879094990178807,0.648883330868213,0.9819893645507941,0.9069027615436039,0.5405405405405406
56,201,2,low,none,0.990445374683558,0.6736100366397239,0.9864502386306109,0.9428135113478765,0.6122448979591837
56,154,2,low,none,0.9924258941822379,0.6624535771532998,0.9888060011926093,0.9263656799987593,0.6086956521739131
56,216,2,low,none,0.9892619206391225,0.66691133451383,0.9854671134917775,0.9520457374760066,0.5384615384615385
56,196,2,low,none,0.9890933912569396,0.6547215731170715,0.982716482215545,0.8923321476077831,0.6578947368421053
56,211,2,low,none,0.9943121027617299,0.6556704568473233,0.992410640641866,0.9061158213342476,0.6666666666666666
60,3,2,low,none,0.9939712129635708,0.7453658251442468,0.9915690955460695,0.868861596033391,0.7142857142857142
60,5,2,low,none,0.9929352009073116,0.698537941287805,0.9908137379744986,0.931592821043855,0.6829268292682926
60,36,2,low,none,0.9915501079990671,0.6795094625105756,0.9876818721688592,0.8749853657865556,0.6799999999999999
60,30,2,low,none,0.9925599168477514,0.6957695599224547,0.9906535752373222,0.881182886807822,0.6774193548387097
60,93,2,low,none,0.991895729409076,0.6395738592687948,0.9876744158672304,0.8667880385706362,0.650997150997151
60,28,2,low,none,0.9922810696256714,0.7549115401387102,0.9896857135292585,0.9091452828170938,0.6481481481481481
60,38,2,low,none,0.9935977533362549,0.7190685419648147,0.9914408889390942,0.8409787872490689,0.6585365853658536
60,106,2,low,none,0.9913150812921258,0.7315507352159397,0.9877010315387379,0.9171095874950254,0.6904761904761905
60,110,2,low,none,0.9934249570665946,0.7246818834614673,0.9921886541261168,0.9162648702362198,0.6926536731634183
60,59,2,low,none,0.9911659489351735,0.7977148130563424,0.9885965268984461,0.9073159721644461,0.6779661016949152
60,181,2,low,none,0.9934478542155306,0.712973017879002,0.990922776633936,0.9184022447750257,0.7142857142857143
60,96,2,low,none,0.9930207729972542,0.7711566905898919,0.9907382612179233,0.8917840136588172,0.6285714285714284
60,12,2,low,none,0.9928708269620241,0.7390781702548841,0.9910649652394689,0.8695885102707208,0.6451612903225807
60,116,2,low,none,0.9940641448427638,0.7859041545183653,0.9927824328923543,0.9463119618766114,0.6785714285714286
60,204,2,low,none,0.9904826046137849,0.6174365698534052,0.9835440876999264,0.8774801085527631,0.7083333333333334
60,189,2,low,none,0.9938166640225095,0.6764980497797342,0.9898396883652634,0.8755711902953155,0.6176470588235294
60,163,2,low,none,0.991467530638134,0.7279135168377748,0.989166156459137,0.8874620859822878,0.653846153846154
60,141,2,low,none,0.9918995345897086,0.7485054803317164,0.9897338562545016,0.8995764000787883,0.6206896551724137
60,201,2,low,none,0.9935872283731504,0.7345318817736494,0.9894962469019145,0.8841298344124844,0.6923076923076923
60,216,2,low,none,0.9905285373309363,0.6854220020687192,0.9885568649567422,0.883137591565838,0.6521739130434783
63,3,2,low,none,0.9929440325960298,0.7394725055967115,0.9901794663659161,0.8642424237273345,0.7285012285012286
63,5,2,low,none,0.9926913605811565,0.752641228846014,0.990948234690029,0.9068549539573565,0.6805317324185248
63,30,2,low,none,0.9916302620736211,0.7310955033144599,0.9880185874974539,0.9522428154123902,0.6666666666666667
63,36,2,low,none,0.9924691363946949,0.6421042226708524,0.9887811625351843,0.9006370274294715,0.7
63,93,2,low,none,0.9915352905819262,0.592312752572996,0.9855893753351292,0.8883272972935934,0.6666666666666666
60,211,2,low,none,0.9945173308515539,0.7794877980364353,0.9925214306110965,0.9289860502253128,0.653846153846154
60,154,2,low,none,0.9929898724834746,0.7366183165883928,0.9910038601872613,0.8814306262040338,0.6969696969696969
63,28,2,low,none,0.9926556088285446,0.7940307073455197,0.9900464760881416,0.9061660923128546,0.6111111111111112
63,38,2,low,none,0.9913586700984194,0.7388326422774714,0.9883980619668005,0.8863246752172635,0.6521739130434783
60,196,2,low,none,0.990978468373215,0.7498388685359811,0.9873991854052145,0.8656847902886907,0.6818181818181819
63,110,2,low,none,0.9929017941814494,0.7279983717811097,0.9917227681332351,0.8920710945625221,0.6875
63,12,2,low,none,0.9917175751368779,0.7414627735243435,0.9892162872288415,0.9069308289390372,0.6785714285714286
63,106,2,low,none,0.9905645756805215,0.7289862616896621,0.9869272348063773,0.9507021073988908,0.6545092838196287
63,59,2,low,none,0.9908008210491049,0.753358406319676,0.9868420911262967,0.9351456973808727,0.6666666666666666
63,96,2,low,none,0.9922814306611167,0.7217195299131215,0.9897634803578941,0.9486943058294477,0.6578947368421053
63,141,2,low,none,0.9905801709901567,0.8210269582626262,0.9879265157314296,0.9188037936891275,0.625
63,116,2,low,none,0.9912621690107009,0.7495234946893446,0.9871769080600276,0.949629528894494,0.6170212765957447
63,181,2,low,none,0.992079611564673,0.6827323745484124,0.9884267527032621,0.923742201544189,0.6896551724137931
63,189,2,low,none,0.992051175585488,0.6778739361905728,0.988979823430443,0.9061490592943499,0.625
63,163,2,low,none,0.989626619316361,0.7282331082583315,0.9850689355661758,0.9408272038944643,0.6428571428571428
63,204,2,low,none,0.9882522329010891,0.540307979922027,0.9804326540447654,0.873647859903878,0.6666666666666667
63,201,2,low,none,0.9920795756222521,0.7391939119646626,0.9887907445352301,0.9026991838564257,0.6541958041958043
63,216,2,low,none,0.9908108020540739,0.656316607966104,0.9861803468951266,0.9041249563482088,0.6923076923076923
63,211,2,low,none,0.9938602784243006,0.7745019998869016,0.9913779720008251,0.8882958587273178,0.6896551724137931
63,154,2,low,none,0.9917707093676159,0.6711048009441477,0.9893099705496105,0.9009568576746895,0.675735294117647
63,196,2,low,none,0.9898468910453101,0.7504036787038648,0.985663722455951,0.8472226843306814,0.6956521739130435
64,36,2,low,none,0.9890410003603879,0.6417469929555001,0.9814446178701649,0.8800811155898461,0.675
64,93,2,low,none,0.9881435906359423,0.5481101306537111,0.9792936638383064,0.8568233995220877,0.6666666666666667
64,5,2,low,none,0.9895446159125768,0.6824088815633981,0.9831603429267914,0.9145458102368573,0.6944444444444445
64,30,2,low,none,0.9896986716054392,0.6384799608590966,0.9849623393128947,0.8857162839192932,0.6666666666666667
64,3,2,low,none,0.9911602413405814,0.7068130423433847,0.9857435722378239,0.8567717304507694,0.6666666666666666
64,38,2,low,none,0.9908899123180287,0.6777357641355851,0.986547296627374,0.8698267884496294,0.6913919413919414
64,106,2,low,none,0.9901113327545967,0.6788919998470017,0.9848258892839296,0.9004198651277915,0.7
64,110,2,low,none,0.9904836676902162,0.6596059117906312,0.9838920665134858,0.9032220825282747,0.7272727272727273
64,201,2,low,none,0.9896623255835129,0.653937075727025,0.9824010930980513,0.8932243658586893,0.6666666666666667
64,28,2,low,none,0.9915239272754911,0.6609715744865701,0.9877752537304627,0.8781806632590033,0.657142857142857
64,96,2,low,none,0.9906352549383081,0.6580948071338883,0.9863266497861614,0.896812363883395,0.6363636363636365
65,3,2,low,none,0.9930420663538246,0.6026303556725741,0.9893393495532066,0.9018623928710061,0.7894736842105263
65,5,2,low,none,0.9907526159309702,0.6628617820649966,0.987021995318676,0.8776076498139284,0.7142857142857142
64,204,2,low,none,0.987447404961336,0.5553932905419012,0.9774191668332913,0.8804921243910284,0.75
65,12,2,low,none,0.9905316805745834,0.6049915904776764,0.9850216078314088,0.8998407622164488,0.6774193548387097
64,163,2,low,none,0.9893845938490619,0.6396634375677318,0.9841886560517074,0.9034674817222623,0.6772183449651047
65,36,2,low,none,0.9878566042174698,0.7780655315997794,0.9831532905182242,0.9467545315974021,0.7619047619047619
65,30,2,low,none,0.9884127077850865,0.7974785775377154,0.9828389252481903,0.899766234614275,0.7250000000000001
64,189,2,low,none,0.9892158788516626,0.6195687188587184,0.9825433194959106,0.8548191754157627,0.6399999999999999
65,28,2,low,none,0.9879872196278782,0.642026700418278,0.9836111422309922,0.8623178464979865,0.6857366771159874
65,38,2,low,none,0.9897667989354313,0.6537745105806438,0.9850442730545304,0.9365472674573629,0.7250000000000001
65,93,2,low,none,0.986563198681117,0.6823066281557646,0.9824329490157728,0.9050513998893635,0.7272727272727273
65,59,2,low,none,0.9876733670473736,0.5768528130745221,0.9803466288653773,0.9146313687997434,0.6909814323607427
64,216,2,low,none,0.9876808446721489,0.6448247700278475,0.979498865932411,0.9152197956744048,0.6666666666666666
65,96,2,low,none,0.9907713885984618,0.5895447528348979,0.9853008493984409,0.8933164119298673,0.6153846153846154
65,106,2,low,none,0.9863934201201081,0.5839533315073733,0.9803689475587886,0.8732318961315235,0.7619047619047619
64,59,2,low,none,0.9903284613367703,0.6726944494401473,0.9850534864652863,0.8839838376515946,0.6666666666666666
64,181,2,low,none,0.9904959380241607,0.6269526676656825,0.9843962757228374,0.9111847783064249,0.6956521739130435
65,110,2,low,none,0.9888919476090547,0.6208239173577039,0.9846839233196321,0.8918591967696103,0.7257053291536051
65,116,2,low,none,0.9900928345421387,0.5616990860358675,0.9845034584008842,0.8594176055629638,0.6399999999999999
64,12,2,low,none,0.9911965731885185,0.7393928126393925,0.9877023638328398,0.9161003956528673,0.6521739130434783
65,141,2,low,none,0.987230977645411,0.6310327728359666,0.98265302548228,0.9188809205348845,0.625
65,163,2,low,none,0.9861215518354867,0.7368176149164527,0.9841723753615859,0.9080381009733334,0.7037037037037037
65,181,2,low,none,0.9893944703008689,0.7819149403852669,0.9855477823707157,0.8575437906515506,0.7272727272727273
65,154,2,low,none,0.9913091351540418,0.5168031262137396,0.9864555254119896,0.8745017159422019,0.7619047619047619
64,116,2,low,none,0.9912706354564709,0.697163849475006,0.9860077105710967,0.9057066365539708,0.6428571428571428
65,189,2,low,none,0.9901168449197041,0.7855556184300099,0.9840803885258154,0.942419900963308,0.625
65,201,2,low,none,0.9898651003395924,0.6242479717617666,0.9874355190591446,0.9502591974646196,0.7801932367149759
65,204,2,low,none,0.9821680280242799,0.7838151854727335,0.9779984163378816,0.9046406777278314,0.7083333333333334
65,196,2,low,none,0.9865682404181365,0.561580843781287,0.9774569801063618,0.8730194815288862,0.7575757575757576
65,211,2,low,none,0.9941814482124862,0.5904959114561348,0.9905207413574763,0.8489958826239019,0.6799999999999999
65,216,2,low,none,0.9869345036523582,0.6893659427921337,0.9817181110277777,0.9273848658954615,0.7619047619047619
64,141,2,low,none,0.9913218858745686,0.7235772603085278,0.9864602058829686,0.8781537028396844,0.6363636363636365
64,211,2,low,none,0.9928328824429141,0.6572827848097488,0.9897864018035174,0.9063957109763797,0.6666666666666666
67,3,2,low,none,0.9935553588060907,0.7243136359677281,0.9924529519537334,0.8788760540518346,0.7619047619047619
67,5,2,low,none,0.9918863183401856,0.7111253221863496,0.9897539725555001,0.95306783191244,0.7142857142857142
67,30,2,low,none,0.9918251907363832,0.7189176644612927,0.9899420196272951,0.9086650952185594,0.6818181818181819
67,36,2,low,none,0.9923915522686683,0.7599837808000891,0.9907605570732698,0.9064751326376855,0.7379862700228833
67,28,2,low,none,0.9903181374971437,0.690236256818916,0.9862173689927152,0.8960598951728759,0.653846153846154
67,93,2,low,none,0.9914392595436785,0.6407740508173125,0.9867822367718035,0.835903533338157,0.6892895015906682
67,38,2,low,none,0.9921526106531617,0.7648929751799688,0.9885414995507787,0.8542254505279179,0.736842105263158
67,12,2,low,none,0.9917090734794235,0.6879489149930589,0.9887858011467764,0.8960948085923147,0.6363636363636364
67,59,2,low,none,0.9898832566387326,0.690071485079407,0.9864842701579821,0.8807108143222925,0.6666666666666665
67,96,2,low,none,0.9923524098113158,0.7574986338494146,0.9899890680227337,0.8708937487353977,0.5714285714285714
67,106,2,low,none,0.9911695795096057,0.7151398777410698,0.9895578959870015,0.8553686816355088,0.7826086956521738
67,110,2,low,none,0.9926713080672913,0.7876425849008165,0.9916882603544983,0.916992172006653,0.72
67,116,2,low,none,0.9920186657334584,0.8109093645435799,0.9887866103484376,0.9097197123927308,0.5815649867374005
67,141,2,low,none,0.9906577454208378,0.7436285277773125,0.9868905219695742,0.8771493208334364,0.6071428571428572
64,196,2,low,none,0.9898717545309366,0.6800372347583887,0.9852917627995573,0.9422945550201962,0.7083333333333334
67,181,2,low,none,0.9917147995358543,0.7222370163995071,0.9901816503987808,0.9448049622311182,0.7096774193548387
67,163,2,low,none,0.9903915081293656,0.8056307052169671,0.9869128426982603,0.9134837449040677,0.6666666666666666
67,189,2,low,none,0.9924502193863882,0.7601802774484299,0.9896578921924414,0.8580399352495505,0.625
67,201,2,low,none,0.99199914093258,0.7405853393845523,0.9880496984510433,0.9077373231253798,0.7399355877616748
67,204,2,low,none,0.9884160584279073,0.585131358421557,0.9820396850869004,0.9031118788307789,0.7826086956521738
64,154,2,low,none,0.990530567507443,0.6934391213611328,0.9875204027656562,0.8787553525938133,0.6923076923076923
67,154,2,low,none,0.9914634684844967,0.6418617235904,0.9892623399576705,0.8767740898243142,0.7
67,216,2,low,none,0.9906661576128452,0.7227268236973112,0.9870165626748338,0.8663122639027481,0.7777777777777779
71,3,2,low,none,0.9923410732636354,0.6975504973050249,0.9916736016928349,0.8798052839762986,0.7777777777777779
71,5,2,low,none,0.9917887224034928,0.6833869160676618,0.9902968762762437,0.9087155383394976,0.7599999999999999
67,196,2,low,none,0.9888970676729765,0.6819718854045081,0.9833552860951575,0.8949256656593351,0.75
67,211,2,low,none,0.9937373537899348,0.7235315599027157,0.9929352065467498,0.9468243454588547,0.65625
71,30,2,low,none,0.9888666482011524,0.7419129849696866,0.9836728523077121,0.8676029305234512,0.7037037037037037
71,28,2,low,none,0.988759997423955,0.6093521095514197,0.9843283476386575,0.9024217206145675,0.5925925925925926
71,36,2,low,none,0.9876936964959311,0.7683706573411585,0.9835249200166558,0.8815378960038165,0.7
71,12,2,low,none,0.9902959297843924,0.666546061080523,0.984786036101437,0.9122179813720913,0.6363636363636364
71,38,2,low,none,0.9919033406479015,0.7313847658994655,0.9879697923692887,0.8919856105407319,0.75
71,93,2,low,none,0.9855427242275644,0.6731570461775376,0.9814823889178811,0.8974323780458314,0.6923076923076923
71,59,2,low,none,0.9870197540945503,0.6042360355591887,0.9808901000006823,0.916465604629017,0.6451612903225807
71,96,2,low,none,0.9910035706437393,0.7328866562973848,0.9874731600514994,0.8800587144949542,0.5714285714285714
71,106,2,low,none,0.9894050041078168,0.6349390145453543,0.9877232485214406,0.9286174882824836,0.8333333333333334
71,110,2,low,none,0.9916270627706508,0.6922756630181569,0.9884775314565641,0.9122409388786072,0.7727272727272728
71,116,2,low,none,0.9906771890088326,0.7192108545735605,0.9880540716323736,0.8822109060052763,0.6363636363636364
71,141,2,low,none,0.9883357658417866,0.7441400361622619,0.9820103579403171,0.8785921796481463,0.6073781291172595
71,163,2,low,none,0.9873519160623684,0.7151638432646008,0.9806979319375386,0.8978477867010775,0.6966632962588474
71,181,2,low,none,0.9908274742526142,0.7621079271695126,0.9881477032252437,0.8949978780787704,0.6521739130434783
71,189,2,low,none,0.98931232575666,0.7975977193638272,0.9852213170717694,0.9118613701214753,0.6363636363636365
71,154,2,low,none,0.9914873537411958,0.60611101215358,0.9889673631075399,0.896723092530443,0.7619047619047619
71,201,2,low,none,0.9912575064918054,0.730735485793474,0.9876587441819448,0.8949102421357792,0.7599999999999999
71,204,2,low,none,0.9859405233239866,0.6561628253531315,0.9790789685679661,0.9030627852715697,0.8
71,196,2,low,none,0.9871396961937686,0.6508347834453976,0.9836212569694034,0.8641464469484874,0.7752525252525253
71,216,2,low,none,0.986633935681358,0.7113423423195796,0.9824147441378517,0.8970741851008964,0.7947368421052632
71,211,2,low,none,0.992785779976215,0.6611549122408626,0.9916370373407013,0.9151122603874526,0.6521739130434783
74,3,2,low,none,0.9946095144997501,0.6673244253415145,0.9917429127546566,0.9134833987671664,0.625
74,5,2,low,none,0.9922036881046087,0.7295249959532979,0.9893232068862585,0.8893967067845517,0.7058823529411764
74,30,2,low,none,0.9909897058577511,0.7291710633605157,0.986635531103138,0.9207991435457079,0.6486676016830295
74,36,2,low,none,0.9908858610035017,0.7607627745758964,0.9892398278621567,0.953263799168914,0.6511627906976745
74,28,2,low,none,0.9907277428338598,0.6655612025524195,0.9855762141106164,0.9048719042391785,0.6666666666666667
74,12,2,low,none,0.990851464116116,0.7139339289843851,0.9855768887515303,0.9222326625358852,0.6666666666666667
74,38,2,low,none,0.9916311509586122,0.6975369179156008,0.9880552492673927,0.8926351435389648,0.6430934656741109
74,93,2,low,none,0.991485529891818,0.66230147443885,0.9864735590938682,0.8986386615674286,0.6381818181818182
74,59,2,low,none,0.9896727131022088,0.6751450283876359,0.9835375788480103,0.9241427585310396,0.6744186046511629
74,96,2,low,none,0.9920419775627121,0.6763970237451027,0.9879379860668547,0.9373877816658257,0.5945945945945945
74,106,2,low,none,0.9895738523796043,0.5930995401758751,0.9841942235282807,0.9211550683958774,0.6216216216216217
74,110,2,low,none,0.9933878919284324,0.7783383502189267,0.9896866446385127,0.887504472881014,0.6842105263157894
74,116,2,low,none,0.9922024660628539,0.7242018577330072,0.9898972440866173,0.9323021677689298,0.6153846153846154
74,141,2,low,none,0.9903216855415841,0.7567889879742431,0.9853826982810903,0.9205346787019376,0.6811868686868687
74,163,2,low,none,0.98879572689846,0.7091310276219307,0.9830263764965671,0.9201494149348977,0.6396103896103896
74,181,2,low,none,0.991921873686848,0.7827981469278197,0.9886196806532139,0.9218493439274438,0.6956521739130435
74,189,2,low,none,0.9901204800063227,0.7626397938233211,0.9865543130062061,0.9467609276775601,0.6399999999999999
74,154,2,low,none,0.9920351064272779,0.6263840439969857,0.9888512143750904,0.8803246676352325,0.7142857142857143
74,201,2,low,none,0.9917565964270431,0.6898084639576658,0.9914622055398745,0.9388392483694648,0.6576576576576577
74,204,2,low,none,0.9890365094374683,0.5998028418473759,0.9824301703709682,0.9134828717200931,0.6428571428571428
74,216,2,low,none,0.9888268806728007,0.762949204380292,0.9844493218870196,0.9371851691849572,0.6666666666666667
74,196,2,low,none,0.9889399574299607,0.6230843344177155,0.9830814219953473,0.8775407050831868,0.6346153846153847
74,211,2,low,none,0.9940856242064916,0.6859057320641819,0.9910973814100216,0.9135592993473236,0.6363636363636365
77,3,2,low,none,0.9935989514277019,0.7246601318655099,0.9919340207604803,0.920045981795011,0.5999999999999999
77,36,2,low,none,0.99247149888784,0.7336113823914925,0.9894941551505689,0.9041852287466337,0.6363636363636365
77,5,2,low,none,0.9927812756831167,0.722614454444539,0.9895058545387801,0.9186358996472633,0.625
77,30,2,low,none,0.9925486261992164,0.6516980714193185,0.9891907783920315,0.9403919521718075,0.6530100334448161
77,93,2,low,none,0.9924871883430849,0.6461573709450779,0.9877353930947386,0.885160982287361,0.6428571428571428
77,110,2,low,none,0.9930373822170719,0.7412282901778364,0.9900397626230854,0.9053480563189119,0.6451612903225807
77,38,2,low,none,0.9931487478086493,0.7359493705214626,0.9916333330889785,0.8593516555616916,0.6
77,28,2,low,none,0.992334771838353,0.7387093535864407,0.9898054018440032,0.9128600042298898,0.645497311827957
77,106,2,low,none,0.9927052670388897,0.6887882102483119,0.989785592492489,0.9034856726068883,0.5769230769230769
77,96,2,low,none,0.993183826874115,0.7846438629811585,0.989839166569493,0.9354764189518185,0.5806451612903225
77,204,2,low,none,0.9916924976061402,0.550585151845371,0.9857491628753621,0.896042883385776,0.631578947368421
77,181,2,low,none,0.9927897738590588,0.676777083291274,0.9902036995217662,0.927839021954878,0.6666666666666666
77,59,2,low,none,0.9927842829362019,0.7470832266045455,0.9910738121104931,0.9201982078690761,0.6405128205128205
77,189,2,low,none,0.9934202792085998,0.6694965100747012,0.9892543192323338,0.894842171872337,0.6521739130434783
77,141,2,low,none,0.9933203999583416,0.8115910473262136,0.991338739002104,0.9369348472539422,0.6551724137931034
77,116,2,low,none,0.9936707554729611,0.7850014223474974,0.9912362373958081,0.9312809974926914,0.6428571428571428
77,163,2,low,none,0.9926626628441877,0.7488975542859839,0.9903898626224479,0.9126421325857005,0.6046511627906976
77,12,2,low,none,0.9935354204008946,0.7621212677941236,0.9917634889036149,0.9253321823341829,0.6013698630136987
78,3,2,low,none,0.9945078988449682,0.6795431434033109,0.9923286607513203,0.9562979460587174,0.6956521739130435
77,201,2,low,none,0.9930161947883365,0.6917711547021143,0.990280241080942,0.9092274931759645,0.6296296296296298
78,5,2,low,none,0.9935561033768388,0.6974948382798078,0.9916871392216179,0.9095668224662632,0.6981132075471699
77,216,2,low,none,0.9917572333476954,0.694949172227758,0.9879027255443423,0.8957154375631677,0.6129032258064516
78,30,2,low,none,0.9915482951114805,0.7769427888810017,0.990162520244124,0.9468028140543359,0.6628787878787878
78,28,2,low,none,0.9901235745661493,0.6115173851098142,0.9847257046353097,0.9342437947849989,0.6123737373737373
78,36,2,low,none,0.9910713823552418,0.7551197085169381,0.9891766937899223,0.9164963578621335,0.6408730158730158
78,12,2,low,none,0.991982571500588,0.6748182868264045,0.9883358646587108,0.9297263279959392,0.6181818181818182
78,38,2,low,none,0.9923224221516797,0.7248733559902247,0.9893914401097523,0.897143842857415,0.6923076923076923
78,93,2,low,none,0.9920550501522785,0.6486535954007331,0.9903525533684279,0.9071555978283625,0.6666666666666666
78,59,2,low,none,0.9907545623211723,0.6426890822529625,0.985868229832478,0.9271754923114037,0.6551724137931034
78,96,2,low,none,0.9922959194432066,0.7670903872708466,0.987992892342034,0.9469496602366843,0.6086956521739131
78,106,2,low,none,0.9906818639169622,0.6907432798534897,0.9873396603276492,0.9233698374266782,0.7
78,110,2,low,none,0.993269571031458,0.7000385665546793,0.9920050720694908,0.9253266582981059,0.7
78,116,2,low,none,0.9920922482485842,0.7468739764072032,0.9890439956730497,0.9604928148907704,0.6428571428571428
78,141,2,low,none,0.9909115650560651,0.7352607628078934,0.9864864724274574,0.8855910558841136,0.6216216216216217
77,211,2,low,none,0.9939661583977648,0.7361781684138426,0.9922470985261792,0.9273781438010106,0.6666666666666666
77,154,2,low,none,0.9929645167588328,0.7253345186598616,0.9909505519155287,0.8967003680885922,0.6216216216216217
78,181,2,low,none,0.9926004231825576,0.7764252880560668,0.9910180336875768,0.9228155579358862,0.7
78,163,2,low,none,0.9894450176572304,0.7635326916138003,0.9831877306624454,0.9414358790695658,0.6869328493647913
78,189,2,low,none,0.9922736130285678,0.7733685893405953,0.9891060306934982,0.923513843890527,0.6521739130434783
77,196,2,low,none,0.9923000987971883,0.7365579918236183,0.9896389664741871,0.8959898166661803,0.6296296296296298
78,154,2,low,none,0.991868517291148,0.5995012819170329,0.9879459802086745,0.9235766699651141,0.6785714285714286
78,201,2,low,none,0.9924741820870432,0.7640452953890617,0.9910180301816724,0.9418524148348376,0.6666666666666666
78,204,2,low,none,0.9871235171365758,0.6321988034476635,0.9837223822537462,0.9052833469287526,0.7777777777777779
78,196,2,low,none,0.988635043195928,0.6116989772256918,0.9823157045024797,0.8769038752125587,0.7142857142857142
78,216,2,low,none,0.9890132363729929,0.6954019030554365,0.9853072370651876,0.9244299204728059,0.7272727272727273
78,211,2,low,none,0.9941859090913371,0.7023209063532708,0.9917721958347152,0.8813761423973095,0.6818181818181819
79,3,2,low,none,0.9937117543728583,0.7073761721733405,0.9924571913441654,0.8617631322891699,0.7058823529411764
79,5,2,low,none,0.9929610179546037,0.7478529871465132,0.9905418357962608,0.9232805634321882,0.6702898550724639
79,36,2,low,none,0.9925808058348532,0.6820203913548476,0.9899343877448438,0.8753133881556884,0.7
79,30,2,low,none,0.9930858752394712,0.6496875014454495,0.9922006553077972,0.8936257312755836,0.6774193548387097
79,93,2,low,none,0.9937738847757009,0.6691120072797372,0.9909055350116259,0.8864752750576398,0.6582156611039794
79,28,2,low,none,0.992528133308105,0.6990938487939928,0.9899035328944199,0.9256340594484154,0.6478537360890302
79,38,2,low,none,0.9932234392269568,0.7162402575602077,0.9909389670708056,0.8564756272867291,0.6857366771159874
79,110,2,low,none,0.9934087456147721,0.6744952739762399,0.9912063993848412,0.921849014763711,0.7000000000000001
79,106,2,low,none,0.9921708593951176,0.6904406975910531,0.9902583184919078,0.925354624949512,0.6818181818181819
79,59,2,low,none,0.9927053499023769,0.7231195691211842,0.9912767865811721,0.9042942381783583,0.6666666666666667
79,12,2,low,none,0.9932944486710572,0.7442566001791336,0.991329472542667,0.8753800844515082,0.6363636363636365
79,96,2,low,none,0.9933118011318265,0.730670893496072,0.9915516276692524,0.9341736049227749,0.6071428571428572
79,181,2,low,none,0.9942788830707582,0.6759533672570133,0.9926915437476966,0.9088393699361891,0.6887351778656127
79,116,2,low,none,0.9934308308501707,0.7215163861097674,0.9921517341516044,0.9373173935987917,0.6341463414634145
79,141,2,low,none,0.9929055481512461,0.7706019243138826,0.9912521209943461,0.9375642127766814,0.6153846153846154
79,189,2,low,none,0.9936720670682302,0.6815905404417328,0.9918179784919366,0.8913018908965156,0.6666666666666666
79,204,2,low,none,0.9921411565417584,0.5964427316682902,0.9878225166464136,0.8819359851457846,0.75
79,163,2,low,none,0.9920390112607536,0.7144412041577963,0.9889215008921566,0.9028755200411727,0.6956521739130435
79,201,2,low,none,0.9938701918644238,0.6386079308970993,0.9922697554318611,0.9206029925421012,0.6666666666666667
94,3,2,low,none,0.9947639528118623,0.6948630123948437,0.9937079799564439,0.9390125003361315,0.689010989010989
79,216,2,low,none,0.9924131120766462,0.6475566639814825,0.9899325002032433,0.9039449858700063,0.7
94,5,2,low,none,0.993683958547605,0.6910535689077579,0.9925357411171859,0.872051678738932,0.7073170731707317
94,30,2,low,none,0.9928426669478857,0.7851423478835432,0.9907642818943361,0.8784813457359419,0.6809090909090909
94,36,2,low,none,0.9926895427761064,0.7112444989221453,0.9906244032136216,0.9322578836511921,0.7416666666666667
94,28,2,low,none,0.9927937450833526,0.7108688406426138,0.9886873545414243,0.8820182922791474,0.6753378378378379
94,38,2,low,none,0.993179746196392,0.6933769214964957,0.9906272580788417,0.9159974291194091,0.72
94,93,2,low,none,0.994461073339739,0.653709049264195,0.9922249972532484,0.8992157667262173,0.6952837140751659
94,12,2,low,none,0.9929403786901555,0.6965138168926256,0.9901421886564628,0.9278376852455154,0.6595744680851063
79,211,2,low,none,0.9946081591304328,0.7614883428945347,0.9940138482841352,0.9245048830827685,0.6490036231884058
79,154,2,low,none,0.9933252836493499,0.7225117552536112,0.9906768382274361,0.9228394415906308,0.6905982905982906
94,59,2,low,none,0.9905812982227409,0.7199412258054854,0.9863778880848996,0.9041656422620831,0.7058823529411764
94,96,2,low,none,0.9934095409787768,0.6874109406324098,0.9898397680898126,0.8843272980265763,0.6071428571428572
79,196,2,low,none,0.9911142518522227,0.7577967542016207,0.9877215774366649,0.8892295567211216,0.6923076923076923
94,106,2,low,none,0.9916007068037568,0.6421051636530131,0.9868387702884577,0.9206197720909921,0.7236363636363636
94,110,2,low,none,0.9943294691037096,0.7148133834335954,0.9930850138756265,0.9118440134145953,0.6896551724137931
94,116,2,low,none,0.9931339686245844,0.7030154084919418,0.9908524217886846,0.8869801232974847,0.6399999999999999
94,141,2,low,none,0.9918542520838247,0.7001084927840984,0.9880832904423709,0.8892644800968061,0.59375
94,181,2,low,none,0.9949303549659189,0.7703683580169409,0.9946109325293742,0.928310491976188,0.6978260869565218
94,163,2,low,none,0.9898918477298276,0.7429061855283348,0.9869546731281621,0.9011953960655681,0.6808510638297873
94,189,2,low,none,0.9917531574004628,0.7673246196867397,0.9895024074392594,0.9322899689384919,0.6222222222222222
94,201,2,low,none,0.9932085065053519,0.7168596562473162,0.9928200549594624,0.9604517059746304,0.7142857142857143
94,204,2,low,none,0.9920418805191051,0.6255131468774014,0.9880135833298499,0.9064116600523896,0.7777777777777779
94,154,2,low,none,0.9929195923353406,0.644410267474724,0.9897909850649973,0.8940432217605049,0.6566964285714285
94,216,2,low,none,0.990422550256246,0.6690861085671369,0.9875524176489767,0.9324836829565016,0.7272727272727273
94,196,2,low,none,0.9894886279471814,0.6445507863494345,0.9829901371677935,0.9126414522521983,0.7
94,211,2,low,none,0.9946546982111689,0.6794123367474609,0.9936066923235326,0.8998183933504905,0.6216216216216217
99,3,2,low,none,0.9934765612052159,0.7719532629812892,0.9930539602154157,0.8683569537850765,0.6984848484848485
99,5,2,low,none,0.992776567588489,0.7582647034291676,0.9903099615923359,0.9597260731288411,0.719375
99,36,2,low,none,0.9903466314880867,0.7461009160089407,0.9869094167996018,0.9164750353082676,0.7445652173913043
99,30,2,low,none,0.9915346066351408,0.7082642125563617,0.9889870722845976,0.9198993728753003,0.7055180180180181
99,28,2,low,none,0.9908278920175416,0.7629190545071864,0.9875431029116418,0.928347582251121,0.6363636363636365
99,93,2,low,none,0.9899381398339401,0.6979125154247356,0.9861880752815883,0.8472049150919354,0.7307692307692308
99,38,2,low,none,0.9929055476294584,0.8070349744720626,0.9899639004605237,0.8490472015734944,0.7142857142857143
99,12,2,low,none,0.9919273446608979,0.746678829293066,0.9881050206736494,0.9242514678837327,0.65625
99,59,2,low,none,0.9911261397889289,0.7182113631434812,0.9877672804129476,0.915184132299053,0.6551724137931034
99,110,2,low,none,0.9923422535823314,0.7479186086158169,0.9905571590453783,0.9559872532765866,0.72
99,106,2,low,none,0.99054846251441,0.7375546094075717,0.988387215337837,0.9112097252679497,0.7894736842105263
99,96,2,low,none,0.9930863075499426,0.7589763338106101,0.9910157756716288,0.8778597425281374,0.6
99,116,2,low,none,0.9914708983632659,0.7242950955881509,0.9892172877237776,0.9204105115636854,0.6399999999999999
99,141,2,low,none,0.9911192866400024,0.7392952761715094,0.9888109397986119,0.915594222468401,0.6468416735028713
99,181,2,low,none,0.9932674115673544,0.727120830123583,0.9911277890079211,0.9596232964994352,0.7142857142857143
99,163,2,low,none,0.9902708909523387,0.7934916755374843,0.9861111959180151,0.9008824030601225,0.6470588235294117
99,189,2,low,none,0.9924298758665465,0.7778695942875807,0.9905768383955313,0.877234997487756,0.6381818181818182
99,204,2,low,none,0.9893654654181345,0.6128678944259623,0.9864038126079865,0.8939504037779775,0.7777777777777779
99,201,2,low,none,0.992356120530108,0.7271353136075405,0.9899060414169518,0.9166301655259612,0.7619047619047619
99,216,2,low,none,0.9898010569652281,0.7094278625630219,0.9859455937621876,0.9008852736361103,0.75
99,154,2,low,none,0.9921494747639928,0.6684927835083119,0.9902378704373039,0.9119007017082587,0.7350877192982457
101,3,2,low,none,0.9917114848595474,0.6959583986997471,0.987573182888804,0.8801607623618132,0.7559523809523809
101,5,2,low,none,0.9920525456833087,0.7507689846244806,0.9913201369602948,0.9179361083594523,0.72
99,196,2,low,none,0.9893361525396779,0.7335328076523127,0.9857057425766915,0.9079471138107212,0.7599999999999999
99,211,2,low,none,0.993828964837889,0.7214196893778374,0.9931543749895533,0.9552966707460759,0.65625
101,30,2,low,none,0.9886933185917568,0.7605545979905219,0.983682106134458,0.908454740286645,0.71875
101,36,2,low,none,0.9881277249784723,0.7658298171717869,0.9821059488084145,0.9069519308725733,0.7171428571428571
101,28,2,low,none,0.9890707991179865,0.7052280001203504,0.9835730179238193,0.9004516936181107,0.6162029459901801
101,93,2,low,none,0.987317321334583,0.7102863639990646,0.9797393773682587,0.8772049254280108,0.6486486486486487
101,38,2,low,none,0.9911624743551151,0.7811547881236294,0.9881700805155939,0.9129698430402468,0.7037037037037037
101,12,2,low,none,0.9917116661413418,0.676724290745859,0.9887186215121532,0.931362618483369,0.6086956521739131
101,59,2,low,none,0.9892424607632161,0.7192841377721552,0.9828843322711494,0.8826819025801946,0.6339712918660287
101,106,2,low,none,0.9887635353794935,0.7216322732460612,0.9836117216112895,0.8542824512816102,0.7727272727272728
101,96,2,low,none,0.9913726459849955,0.7993424239298481,0.9866707892231991,0.8824649773843076,0.591378263509411
101,110,2,low,none,0.9903196595624991,0.7580254093358316,0.9868890693115208,0.9438467353974157,0.7
101,116,2,low,none,0.9912186560130477,0.7935140020535569,0.9885622693800004,0.9110846630654148,0.6363636363636365
101,141,2,low,none,0.9897353487043166,0.7374988587931997,0.986125750736608,0.9235322221359169,0.5833333333333333
101,181,2,low,none,0.9890909013137725,0.7925807143703344,0.9846898059769241,0.9431654323974029,0.6956521739130435
101,163,2,low,none,0.9880266446241364,0.802503539001292,0.9835536395245711,0.9119093459262341,0.6428571428571428
101,189,2,low,none,0.9890379428621064,0.7560770563555288,0.9859473725339598,0.9115449567011763,0.6086956521739131
101,204,2,low,none,0.9848057679589326,0.6489106417757231,0.976230538111865,0.9179405820331143,0.7777777777777779
101,201,2,low,none,0.9900185317331184,0.7773984479453877,0.9860018744011751,0.892929933205922,0.7241379310344828
101,216,2,low,none,0.9872832781806414,0.6717579134107005,0.9782546411307933,0.9062251550021991,0.7905701754385965
101,154,2,low,none,0.9907379309294435,0.6715170790543737,0.9882736633061774,0.9301302244642495,0.7272727272727273
101,211,2,low,none,0.9932568298523776,0.7041355554465647,0.9914338588211606,0.9348357618969327,0.6262254901960784
101,196,2,low,none,0.9887622845429618,0.6595192143966944,0.9837765933323764,0.9204928990290897,0.75
104,3,2,low,none,0.9912894805819008,0.7250755655330168,0.9900152489053478,0.8657039926625308,0.75
104,5,2,low,none,0.9919455026326679,0.692552975937654,0.9904221404588338,0.9219443584524527,0.6799999999999999
104,36,2,low,none,0.9904969559559208,0.6479916884908423,0.9857849283932527,0.9325734573466988,0.7
104,30,2,low,none,0.9898629601922863,0.6444317498903146,0.9875462510313452,0.9278933778272332,0.7
104,93,2,low,none,0.990027878467352,0.5799810184337353,0.9842667766810898,0.8855966740905629,0.7777777777777779
104,38,2,low,none,0.9913885016501082,0.7161320412796611,0.9879142022499533,0.8772445097261846,0.7727272727272728
104,28,2,low,none,0.9915510378263761,0.737330863917732,0.9897033980481644,0.9224396726880526,0.6666666666666667
104,110,2,low,none,0.9917575308683169,0.7002531782096535,0.988488569889518,0.9288163195596899,0.6969696969696969
104,106,2,low,none,0.9898590419327433,0.6836332232507056,0.9871643115114432,0.9112028274874787,0.7727272727272728
104,59,2,low,none,0.9900662241915548,0.7661287717156726,0.9875757620581783,0.9031916035099756,0.6666666666666666
104,96,2,low,none,0.9910427794849261,0.7459735970253822,0.9881472208585101,0.8916645220620586,0.5833333333333333
104,12,2,low,none,0.9917001083778173,0.7542922415763148,0.9896844135705353,0.8891250371126211,0.6324561403508773
104,181,2,low,none,0.9911035354450178,0.656541104381936,0.9889794636821669,0.9235792861267822,0.7
104,116,2,low,none,0.990634325493035,0.7512166892986765,0.9878305111875498,0.9234017905831223,0.6170212765957447
104,141,2,low,none,0.9908966748535493,0.7377653222566711,0.988536506333858,0.9132378180921693,0.6052631578947368
104,189,2,low,none,0.9899564466308702,0.6951033898923678,0.9875193572240721,0.8984038390977014,0.6086956521739131
104,204,2,low,none,0.9891247750395676,0.49684894471873975,0.9815222018515617,0.8972605323187264,0.7999999999999999
104,163,2,low,none,0.9903785828005085,0.7494014233613637,0.9869038631892065,0.903710848010703,0.6666666666666667
104,201,2,low,none,0.990232248174531,0.6864209080855781,0.9870458884926858,0.8952984782139956,0.7391304347826088
104,216,2,low,none,0.9885203296604124,0.6794020105681019,0.9821562117647036,0.9099864756572587,0.8
107,3,2,low,none,0.9928941973981933,0.749623664087476,0.9892435786601579,0.8571903539909407,0.6363636363636365
107,5,2,low,none,0.9919133147910846,0.7452310566142626,0.9897477041915669,0.9336356720667984,0.6399999999999999
107,30,2,low,none,0.9914361289208503,0.7136297672158323,0.9882515373193166,0.8889851925966122,0.5925925925925926
107,36,2,low,none,0.9898162348516676,0.7360628311273263,0.9844072799129987,0.9112520930833721,0.631578947368421
107,93,2,low,none,0.9882634100313277,0.6288075300944433,0.98033201147064,0.8831973451632028,0.6521739130434783
104,211,2,low,none,0.992941205240185,0.7411021919778996,0.9919589875110483,0.9239340513106646,0.6086956521739131
107,28,2,low,none,0.9897356869950309,0.7588581783117072,0.9857577426689794,0.9386509475693346,0.6666666666666667
107,38,2,low,none,0.9914515166882014,0.7371682595147402,0.9872819338459007,0.8886249559948042,0.6086956521739131
104,154,2,low,none,0.9914500183686785,0.696859162793444,0.9881249509579481,0.8740915582473525,0.7142857142857142
104,196,2,low,none,0.9896271040853509,0.7335444596877159,0.9867712782887836,0.8722971533964086,0.7333333333333334
107,12,2,low,none,0.9918157057333509,0.6724437903922926,0.9876640771619917,0.8966661378594594,0.6382978723404256
107,110,2,low,none,0.991212901351348,0.729551918487277,0.9867404575978325,0.9287026886571644,0.625
107,59,2,low,none,0.9907363429702993,0.759258453886297,0.9854523442841614,0.9122667944821105,0.6735521235521236
107,106,2,low,none,0.9910666947910175,0.6590484734411335,0.9884152175790342,0.9117591279977316,0.625
107,96,2,low,none,0.9917184997919549,0.7651011903054954,0.9886126087152967,0.9005943468810353,0.6153846153846154
107,116,2,low,none,0.9917809050203087,0.7954748625825767,0.9893656924437588,0.906855340624775,0.6666666666666666
107,141,2,low,none,0.9907677664971343,0.8261724222255826,0.9862269009134268,0.9243775694100129,0.6363636363636365
107,181,2,low,none,0.989919444734983,0.7649453203245926,0.9837296164763164,0.9326167481731557,0.625
107,163,2,low,none,0.9905219146796997,0.7963610831167866,0.9854884388642267,0.8898490173877193,0.6181818181818182
107,189,2,low,none,0.99009325775893,0.6826109261036855,0.9874315574368463,0.8717021046849494,0.6065573770491803
107,204,2,low,none,0.9875043335901544,0.6347728636627681,0.9796954060136632,0.9143251624144613,0.5806451612903225
107,201,2,low,none,0.9911502760278839,0.7826571409009694,0.9863953221182202,0.8945903785308651,0.625
107,216,2,low,none,0.987420102597468,0.669759223517052,0.9809512680186431,0.8978680216696756,0.56
107,154,2,low,none,0.9915187449199218,0.6874075141454659,0.9888371206240825,0.9247461816904033,0.6551724137931034
107,211,2,low,none,0.9935076229266819,0.7618090507582771,0.9907567511000691,0.9265857865889028,0.6666666666666666
107,196,2,low,none,0.9896504190320541,0.6854836884941431,0.9851175528061129,0.9082108904703051,0.6153846153846154
124,3,2,low,none,0.9947066270119349,0.7257915103795864,0.9937239389747735,0.8609022810372919,0.7000000000000001
124,5,2,low,none,0.9934857708662657,0.7116789769834129,0.9920678304679991,0.8952947994012218,0.7055180180180181
124,36,2,low,none,0.9928352113578601,0.65638791703073,0.9920767133416473,0.8852702291510095,0.7391304347826088
124,30,2,low,none,0.9935347427974599,0.6751055301461105,0.9921207899599618,0.9388925089086557,0.653846153846154
124,93,2,low,none,0.9938134054215182,0.6328292339345554,0.9908908206584977,0.9060304666750137,0.7307692307692308
124,28,2,low,none,0.992852106927548,0.7069011386581256,0.9902984289303589,0.923431443091592,0.625
124,38,2,low,none,0.9933332660747791,0.6924499039581118,0.9919258642444863,0.8548036324798289,0.7272727272727273
124,110,2,low,none,0.9929423734732965,0.6440661905911689,0.9916546803490672,0.9201545870962702,0.7272727272727273
124,106,2,low,none,0.9926267547439601,0.7046595372583538,0.9919410856345263,0.9428510921553552,0.7894736842105263
124,12,2,low,none,0.9925891289457375,0.7340454256577436,0.9898234198319015,0.8555361200634137,0.6551724137931034
124,59,2,low,none,0.9925532577285363,0.6894252854999092,0.990425053958174,0.8803168597097422,0.6808510638297873
124,96,2,low,none,0.9930886209881038,0.7392808588071142,0.9891740706821298,0.9337594285598271,0.5797962648556876
124,116,2,low,none,0.9933720447191494,0.7269469551538703,0.9911031387192223,0.8931521417281708,0.596875
124,181,2,low,none,0.9948002533260911,0.67212145984666,0.9935361595799044,0.8962617010748253,0.7435897435897436
124,189,2,low,none,0.9936882220411654,0.6801842552243317,0.9922337438177464,0.870341594430732,0.6296296296296298
124,141,2,low,none,0.9921963843639976,0.7437989270963382,0.9894183918722218,0.9364911131276512,0.6073781291172595
124,163,2,low,none,0.9924614916592895,0.7259017851088485,0.9905413389037891,0.8858566569658167,0.7142857142857142
124,204,2,low,none,0.9914491882513969,0.5560282244348295,0.9891096139943368,0.878689347802894,0.8255578093306288
124,201,2,low,none,0.9931430863160813,0.5937645969536713,0.990020986143802,0.8600274935665031,0.7391304347826088
124,216,2,low,none,0.99122946343345,0.6456077835434381,0.9906637877546255,0.9298906824713445,0.7826086956521738
126,3,2,low,none,0.9927144361226854,0.6881918612138835,0.989751454514255,0.8850321391850353,0.7142857142857142
126,5,2,low,none,0.9921111682594772,0.7284679588767428,0.9899239627482418,0.8955119279336569,0.6774193548387097
124,154,2,low,none,0.9927721545509571,0.679738430913352,0.9910591042702938,0.9403641423409682,0.7391304347826088
126,36,2,low,none,0.9916107713091264,0.6442854239295039,0.986891730572561,0.8620403606123821,0.6956521739130435
126,30,2,low,none,0.9912733572455044,0.6548658942835321,0.9885181336741822,0.8631721759461103,0.6818181818181819
124,211,2,low,none,0.9954056691808146,0.6978338819869012,0.9937351206635895,0.8989738105958317,0.7018518518518518
126,93,2,low,none,0.9907370121613001,0.5902939700486458,0.9853777140109408,0.839891418890317,0.736842105263158
124,196,2,low,none,0.9904234320647084,0.7091589499272282,0.9876799070601568,0.85071810029086,0.75
126,38,2,low,none,0.9912324436555403,0.7235243568674087,0.9878835968481268,0.8820198107682503,0.6666666666666667
126,28,2,low,none,0.9915510648808786,0.7281936897545233,0.9889938817825134,0.8647636431873265,0.6310068649885584
126,110,2,low,none,0.9926317512397956,0.7169274664656689,0.9891229665608954,0.867056611033937,0.7
126,106,2,low,none,0.9899011345741138,0.7010001206381232,0.9869503279512875,0.8780677489530674,0.6969696969696969
126,181,2,low,none,0.992065522672632,0.6664362390895093,0.9886524726501567,0.9007452335802627,0.72
126,59,2,low,none,0.9903195148387999,0.7454038551386846,0.9868045330526869,0.8884454198942568,0.6584928229665072
126,96,2,low,none,0.9916033620468783,0.7932873100767734,0.9879041630142524,0.8478378427617957,0.6363636363636365
126,116,2,low,none,0.9924833033944894,0.7935729690608565,0.989727736738301,0.8965192554868368,0.6363636363636364
126,12,2,low,none,0.9921950337492248,0.7641953796905155,0.9898621460327583,0.9125956200512396,0.6744186046511629
126,204,2,low,none,0.9900729095888938,0.5824323906395973,0.982318610292287,0.8563675212611104,0.75
126,189,2,low,none,0.9919354321701286,0.642017584741571,0.989316864053222,0.8797660534652735,0.6176470588235294
126,141,2,low,none,0.9909232014716803,0.7554649001943712,0.9875581274980083,0.9308797364807186,0.632996632996633
126,163,2,low,none,0.9907657263091457,0.7232371811129379,0.988171802684186,0.8838856655566315,0.6666666666666666
126,201,2,low,none,0.9921701929889889,0.6922382995454297,0.9888895900648356,0.8703006111392396,0.7220689655172413
126,216,2,low,none,0.9901015840298795,0.6698491892664553,0.9847538411720598,0.883935537700165,0.6818181818181819
128,3,2,low,none,0.9930191295833384,0.7387297927153025,0.9921759560425407,0.8993887635153804,0.6909814323607427
128,5,2,low,none,0.9914162216085375,0.7083574599986873,0.989586386576561,0.9570438560709753,0.6785714285714286
128,36,2,low,none,0.9921431349704212,0.6903979872020107,0.9899165379964757,0.907492339852461,0.7297297297297298
128,30,2,low,none,0.9918082961689666,0.7233810313545704,0.9903241577365332,0.9265635389639233,0.6363636363636365
128,93,2,low,none,0.9915291141052555,0.6331835046682892,0.985600144808606,0.8639177248319967,0.6944444444444445
128,28,2,low,none,0.9924864771608064,0.7334646454212568,0.9902751135467226,0.9459142995791376,0.6346153846153847
126,211,2,low,none,0.994043321205365,0.7821059910193585,0.9916363005435455,0.8869766878268672,0.6666666666666667
128,38,2,low,none,0.9925229025500317,0.7065022318824212,0.9901261856792242,0.8835035565237196,0.7142857142857142
126,154,2,low,none,0.991811321240818,0.7436652160999582,0.9895146502064076,0.9459732465800954,0.6976744186046512
128,106,2,low,none,0.9909851917783721,0.6992498666936733,0.987265565436023,0.9001024914061946,0.6666666666666667
128,110,2,low,none,0.9925257199051689,0.7073866052479376,0.9896851775300686,0.9495104697713872,0.7
128,59,2,low,none,0.9910804271271063,0.7786882196513257,0.9864667885189049,0.9063992180089285,0.6956521739130435
126,196,2,low,none,0.9900711123494174,0.7338936582635351,0.9870449430016411,0.9211375764214824,0.7142857142857142
128,12,2,low,none,0.992713523852486,0.743217638201447,0.9913244646444123,0.918115134460609,0.6545092838196287
128,96,2,low,none,0.9922134824224166,0.7640843780106299,0.9901721739916653,0.9146993348173501,0.6666666666666667
128,116,2,low,none,0.992489415759225,0.7544129522857422,0.9907907408547862,0.9437777814320009,0.6181818181818182
128,181,2,low,none,0.9925539633283444,0.6832525273031734,0.9901807895453977,0.9467808559986737,0.7272727272727273
128,141,2,low,none,0.9915536928686627,0.7571781782163836,0.9886574539508228,0.9000359255928305,0.6504524886877828
128,189,2,low,none,0.9914095823521064,0.6540541434617779,0.988334712485323,0.8983380763796782,0.649616368286445
128,163,2,low,none,0.9902167294143484,0.7311086676239471,0.9878811822396851,0.8858501893532782,0.6715686274509803
128,204,2,low,none,0.9897989871192333,0.6045362119429845,0.9859069366718888,0.9120256785013321,0.75
128,201,2,low,none,0.9920218130429704,0.6794091700084859,0.989244986135024,0.8974003452332324,0.6984848484848485
128,216,2,low,none,0.9915927386306701,0.7606364301784911,0.988459818768843,0.890309846583266,0.7142857142857142
128,211,2,low,none,0.9941683925581125,0.7461331688248705,0.9926845126094314,0.9512080658283799,0.6666666666666667
128,154,2,low,none,0.9923584244504949,0.6660479182545271,0.988796344838462,0.9260761735136818,0.7
128,196,2,low,none,0.989938460277958,0.7210310962373807,0.9872403090254925,0.9002269902298091,0.7142857142857142
132,36,2,low,none,0.9918175106431931,0.5957688936413112,0.9878024273647451,0.8803807265672505,0.736842105263158
132,3,2,low,none,0.9927220074658849,0.6439783923146951,0.9907153765296557,0.8518067758313416,0.7599999999999999
132,30,2,low,none,0.9921531779602348,0.6706350040408153,0.9896001537760649,0.8495272498151114,0.6818181818181819
132,93,2,low,none,0.992630821431196,0.5958965899522659,0.9874573557816763,0.8498388064543204,0.736842105263158
132,5,2,low,none,0.9922910571797319,0.6872381224563883,0.9900597991321803,0.9143924157621937,0.75
132,38,2,low,none,0.9928735391910624,0.7196842908188601,0.990776488293814,0.8878557423027074,0.736842105263158
132,28,2,low,none,0.9919085697353028,0.6837071078917161,0.9900040345927931,0.927532983860903,0.6557112068965517
132,110,2,low,none,0.9930922443658984,0.7061489487319966,0.9905934899016008,0.8984578281830494,0.7332859174964439
132,106,2,low,none,0.9919835015233324,0.7081024734622876,0.9892654681811024,0.8632663936729766,0.7801932367149759
132,181,2,low,none,0.9924898471004328,0.6053697032389764,0.9910777633858814,0.9322594435778742,0.7333333333333334
132,189,2,low,none,0.9924203130444971,0.6344115886471647,0.9888349415487507,0.8499774163926195,0.6381818181818182
132,204,2,low,none,0.9917370697947225,0.5687806144626615,0.9866234484870768,0.9067486419884627,0.8333333333333334
132,96,2,low,none,0.9916932379534251,0.6817149231419788,0.9887022128624471,0.8522277096519959,0.6000000000000001
132,116,2,low,none,0.9926475972936273,0.752284611957657,0.9894333790305472,0.8745841842205644,0.6296296296296298
132,163,2,low,none,0.9919147239159102,0.6783279181966537,0.989473932950187,0.8891569483300197,0.7
132,59,2,low,none,0.9920773350532709,0.743051216109508,0.9897069748148004,0.877567086539239,0.6818181818181819
132,12,2,low,none,0.992238931852134,0.7633833295603302,0.9906235890487818,0.8670252468526283,0.6363636363636365
132,141,2,low,none,0.9922950037859121,0.6957859655710353,0.9899914809666532,0.9159601803213991,0.5925925925925926
138,3,2,low,none,0.9934577572392739,0.657481006170991,0.9929879024247972,0.9185553644640491,0.6521739130434783
132,201,2,low,none,0.9923266398633324,0.6213974495831618,0.9889328356382877,0.8909762074121141,0.7220689655172413
138,5,2,low,none,0.9918953961231398,0.730070504266965,0.9878602818427278,0.9037963077166166,0.639344262295082
132,216,2,low,none,0.9917908440522035,0.6097336633704077,0.989238825921198,0.8795704469941822,0.8181818181818181
138,36,2,low,none,0.9911535467659418,0.6423955159426824,0.9887334268231571,0.9473570100143899,0.6475806451612903
138,30,2,low,none,0.9908835822103134,0.7392606063480336,0.9890838356056174,0.9269677666675465,0.6218202374222724
138,28,2,low,none,0.9908208046770828,0.6583819223645961,0.9875639721981727,0.8970261802206285,0.6153846153846154
138,38,2,low,none,0.9919547465785978,0.7073810811390706,0.9910182584700736,0.8975976150348949,0.6590909090909092
138,93,2,low,none,0.9918911249003228,0.6326154504825927,0.9885147905395752,0.8959196671992065,0.6551724137931034
138,12,2,low,none,0.9924802066878953,0.6629595998123203,0.9903643801777228,0.9250299501836156,0.6666666666666665
138,59,2,low,none,0.9905830669718662,0.6561894888133146,0.986128869268669,0.9233864501639477,0.6049571603427173
138,106,2,low,none,0.9913988676818992,0.7489538376305026,0.9899534169223407,0.9391131599628816,0.6
138,110,2,low,none,0.993526943435047,0.8131297534543818,0.990318988765076,0.9312778071146556,0.6590909090909092
138,96,2,low,none,0.992768408590876,0.7874074163307634,0.9904891878681692,0.9363103666868202,0.6079192546583851
138,116,2,low,none,0.9921633163121832,0.7698123960612778,0.9893600575307256,0.9354478941880147,0.6521739130434783
138,141,2,low,none,0.9906255525387636,0.8292510616538278,0.9859066646085989,0.8940671569671985,0.6296296296296297
132,211,2,low,none,0.9938965551783634,0.7581975909583948,0.9929707257607514,0.8952985932665749,0.655048076923077
138,181,2,low,none,0.9925505663459078,0.7127148305063756,0.9888923708832168,0.9590598380372408,0.6551724137931034
138,163,2,low,none,0.9895657710439019,0.7750373577730181,0.9837883944335408,0.9312420547157905,0.5999637155297532
138,189,2,low,none,0.9907793039621055,0.7201422330650005,0.9881554876235277,0.9368945698991366,0.6361111111111112
132,196,2,low,none,0.9906514091672483,0.699919954683584,0.9884440679405161,0.9145783872425293,0.7571662571662572
138,204,2,low,none,0.9889067448326542,0.6295402919370366,0.9806426894681781,0.9129052931080173,0.5769230769230769
138,201,2,low,none,0.9920344064905096,0.7601151173510232,0.987173508039773,0.9451158976782021,0.606060606060606
132,154,2,low,none,0.9918514546762205,0.6924436060741344,0.989404758253504,0.922006141200648,0.736842105263158
138,216,2,low,none,0.9895046076244379,0.6959080111791722,0.9853814022800466,0.9482004339162688,0.6086956521739131
138,154,2,low,none,0.992505154276061,0.6897474511163302,0.9892520458021302,0.9071270054579422,0.5999999999999999
138,211,2,low,none,0.9946738976257987,0.738803651736991,0.9925745621430043,0.9515760379614702,0.6363636363636364
138,196,2,low,none,0.9898710812141565,0.7033394562178885,0.9870510863361001,0.8891148128416861,0.6521739130434783
140,3,2,low,none,0.9939247838345182,0.6832810760787497,0.9936163171642712,0.91332503246799,0.7330316742081449
140,5,2,low,none,0.9930677350194624,0.7357912489242663,0.9919953876297327,0.9316167988107873,0.6896551724137931
140,30,2,low,none,0.9934696907534324,0.7398983854321582,0.9919876566014114,0.9430615289724753,0.7037037037037037
140,36,2,low,none,0.9920287733129004,0.6412509389762309,0.990547041549936,0.9169559662027007,0.6711711711711712
140,93,2,low,none,0.9923743356537618,0.6089412765078597,0.9902032723198994,0.8320306523241002,0.7083333333333334
140,28,2,low,none,0.991935583027127,0.741827873974113,0.9903638496809583,0.9111411688433844,0.653846153846154
140,38,2,low,none,0.992871911507035,0.7499319917406295,0.9910400851159277,0.8648567418488863,0.7000000000000001
140,12,2,low,none,0.9931287550263758,0.721984334513208,0.990958038376608,0.8992401919641759,0.6448371448371448
140,59,2,low,none,0.9914767193926487,0.700758266974744,0.9871518878513468,0.9356912037281826,0.6785714285714286
140,106,2,low,none,0.9911585966768212,0.7434335512103776,0.9874658393237283,0.9403484182959378,0.75
140,110,2,low,none,0.9932638595340779,0.7095591633921106,0.9920359432738405,0.9363371873641441,0.75
140,96,2,low,none,0.9930791650986689,0.7424464264282529,0.9908304954194093,0.9455417957132494,0.5757575757575757
140,116,2,low,none,0.9933752800679011,0.7741564068946258,0.9912488771515682,0.9456305822497223,0.6363636363636365
140,181,2,low,none,0.9938072581441687,0.6751724703092693,0.9925856719180508,0.9376546548617432,0.6956521739130435
140,141,2,low,none,0.9910107406851152,0.7958165009373919,0.9878262898191543,0.8863890855201245,0.6153846153846154
140,163,2,low,none,0.9910284125607114,0.7377230755551034,0.9901504801133115,0.9111485054050423,0.6964285714285714
140,189,2,low,none,0.9932616347203822,0.7125253132322917,0.9912046611926838,0.9348900812545127,0.6530100334448161
140,204,2,low,none,0.9916063061309262,0.5523203018670515,0.9868992572749485,0.9105255369104885,0.7777777777777779
140,201,2,low,none,0.9933365822960075,0.6983973703728721,0.9907195331226001,0.9235852578475444,0.7142857142857142
140,216,2,low,none,0.9914449105575985,0.6713438645747329,0.9877269355689253,0.9287244946450894,0.7391304347826088
140,154,2,low,none,0.9923204516191082,0.6996280025793222,0.990274938392325,0.9090837232294258,0.7142857142857142
162,3,2,low,none,0.992706939034842,0.7057154573459522,0.9898126131052203,0.9118820946228553,0.6771235521235521
140,211,2,low,none,0.9946959902474045,0.7494292605235253,0.9934804436565168,0.9245954021199274,0.6557112068965517
162,5,2,low,none,0.991160033886473,0.7526554547546491,0.9880127508299357,0.9124373142204064,0.6785714285714286
140,196,2,low,none,0.990799295511314,0.6975304229531194,0.9876314091586877,0.8976949008985331,0.75
162,36,2,low,none,0.9895173047411381,0.6409092593442232,0.985127179037364,0.9095691297019266,0.7013513513513514
162,30,2,low,none,0.9897455345430799,0.7030621716731028,0.98505414151445,0.9150181925181848,0.6443243243243243
162,93,2,low,none,0.9892959073801122,0.5494363345603472,0.9829088510289807,0.8603475860487619,0.6666666666666667
162,28,2,low,none,0.9893686220793978,0.6856594896902248,0.9859921065363388,0.9184831080003647,0.6499999999999999
162,38,2,low,none,0.9913769183384153,0.6943033564138464,0.9877950779195124,0.8697514385558267,0.6296296296296298
162,110,2,low,none,0.992825953279273,0.6734337443760018,0.990495829676085,0.9159263270655059,0.6923076923076923
162,106,2,low,none,0.9892547383051457,0.6952228283497583,0.9872223853868188,0.8820798207226791,0.653846153846154
162,96,2,low,none,0.9910878742256025,0.7346616027655046,0.9889188982418887,0.8772233675847341,0.6136363636363636
162,59,2,low,none,0.9889570733385997,0.7325378841754541,0.9867629879893819,0.9025405569876354,0.6907216494845361
162,12,2,low,none,0.9906906580426316,0.707644889617515,0.9882541910236275,0.8597866454488929,0.65625
162,181,2,low,none,0.9920210592474099,0.6798129267876847,0.9870306562782951,0.9278661248587103,0.6875
162,116,2,low,none,0.9918235458205422,0.7573115839380609,0.9883281437561221,0.9191629200932346,0.6363636363636365
162,189,2,low,none,0.9901416234092734,0.7345205623816058,0.9855487016466844,0.9082369425282041,0.6228448275862069
162,141,2,low,none,0.9901287177583826,0.7147739777543556,0.9883526162699919,0.8983840317259416,0.6440092165898618
162,204,2,low,none,0.9887307836060171,0.5822793932108405,0.9801381348463839,0.8832028292729952,0.6923076923076923
162,163,2,low,none,0.9897921873145811,0.7158257952073297,0.9851845089806723,0.9188578769639946,0.6521739130434783
162,201,2,low,none,0.9921110067676134,0.7207086153788624,0.9874234972205083,0.8953631640983577,0.6909814323607427
162,216,2,low,none,0.9891248431089598,0.7072471631708106,0.9837339572440212,0.891625023362389,0.6521739130434783
164,3,2,low,none,0.9926944002080684,0.7593033440739438,0.9913581516280365,0.9147933902111282,0.7041666666666667
164,5,2,low,none,0.9923979499253659,0.7066141306744986,0.9900579590819306,0.872474736027999,0.736842105263158
164,30,2,low,none,0.9915884148977097,0.6398897903816907,0.9887458645816206,0.9527386195253579,0.6666666666666667
164,36,2,low,none,0.9916342663142375,0.70944967355,0.9902123647837773,0.9261559539960467,0.72
162,211,2,low,none,0.9936457338740763,0.6829716760578983,0.9911097629089567,0.9036585195404183,0.6666666666666667
162,154,2,low,none,0.9916801000099915,0.7104864876762566,0.9876774975654872,0.8820859761727355,0.6666666666666666
164,93,2,low,none,0.9922584059105085,0.6321279649917269,0.9873791671650173,0.9252872343342493,0.6944444444444445
162,196,2,low,none,0.9892124147041479,0.6602861132592821,0.9837370364334532,0.886343316479592,0.6666666666666666
164,28,2,low,none,0.9898648022213475,0.7265948723836797,0.9876242315849838,0.9142021841538976,0.631578947368421
164,38,2,low,none,0.991206981547059,0.7114794310497747,0.9883854946637456,0.9020511313891099,0.7142857142857143
164,12,2,low,none,0.9918000482102399,0.7370977936564137,0.9880457693265657,0.887490256909048,0.6443243243243243
164,110,2,low,none,0.992612992612427,0.7214855616305498,0.9903475503901285,0.9003944515192304,0.7142857142857142
164,106,2,low,none,0.9912372510568859,0.6721072531407897,0.988092123624194,0.921762140976709,0.7857142857142856
164,59,2,low,none,0.9896055579951606,0.7180077968906231,0.985933058218236,0.9236334893099576,0.6585365853658536
164,96,2,low,none,0.9914367909346721,0.7200889733994983,0.988244477241328,0.9436520108845162,0.541958041958042
164,116,2,low,none,0.9913735970501119,0.7145183881198534,0.9883434151515708,0.9298197887893742,0.5789473684210527
164,181,2,low,none,0.9918929223644348,0.676777083291274,0.989444596161936,0.8933953398064782,0.7241379310344828
164,141,2,low,none,0.9902926152281616,0.7234038145892787,0.9865437796630372,0.8869822767296507,0.631578947368421
164,163,2,low,none,0.9908095237735175,0.7421100985190605,0.9869805554583959,0.9292487652977308,0.6875
164,189,2,low,none,0.9916196937089832,0.6448163368464523,0.9872349737937023,0.9207812259405062,0.6666666666666666
164,204,2,low,none,0.9909250638704392,0.5416701702015478,0.9865258385293976,0.8925597644647184,0.8
164,201,2,low,none,0.9927187488028613,0.6912467777873241,0.9901740688449026,0.9125562416209699,0.7018518518518518
164,216,2,low,none,0.9914300435781597,0.7261328644525726,0.9870366656547103,0.9405634029790604,0.7860411899313501
164,154,2,low,none,0.9915331483426387,0.688971834259481,0.9890005365371731,0.8745238272881193,0.7142857142857142
164,211,2,low,none,0.9933477843226248,0.7317825878604522,0.9915673486588404,0.8985248585761645,0.6504112808460635
164,196,2,low,none,0.9890505481778017,0.6885518678373703,0.9868375092054408,0.893033963336075,0.7619047619047619
172,3,2,low,none,0.9936473043045622,0.6984734356729564,0.9921295208977382,0.8471263383504181,0.6348484848484849
172,5,2,low,none,0.9930620689968213,0.7161089724388159,0.9908581830411128,0.9206999730826435,0.6711711711711712
172,30,2,low,none,0.9929693662678346,0.7457152568868373,0.9912025968375294,0.8734214836929225,0.625
172,36,2,low,none,0.9910913814915363,0.6973167932283665,0.988616023206427,0.8533898327583416,0.5925925925925926
172,28,2,low,none,0.9920737731845961,0.7340019966262441,0.9882880658457246,0.929467731813431,0.6638418079096045
172,93,2,low,none,0.9920531526104384,0.7141062993264078,0.9888878570832371,0.8921235980947626,0.59375
172,38,2,low,none,0.9915635131540089,0.7179698282402485,0.9889647664109048,0.9283663725822427,0.625
172,12,2,low,none,0.9925687742748147,0.7523015041178256,0.9897494171783088,0.8352199238363281,0.6428571428571428
172,59,2,low,none,0.9906658724355285,0.7584254779170415,0.9865676275244047,0.9091104198258937,0.6499999999999999
172,96,2,low,none,0.9929340443918712,0.7769664804786914,0.9892335234510751,0.8791718118837389,0.6101694915254237
172,110,2,low,none,0.9934856216957402,0.7588946806632507,0.9923369762397988,0.9241584798727731,0.6449579831932772
172,106,2,low,none,0.9921257386624462,0.7616706039562895,0.9903103044308157,0.9228358695510146,0.6153846153846154
172,116,2,low,none,0.9919881128586415,0.7599490327322337,0.9885930719724829,0.9088411718623677,0.6666666666666665
172,141,2,low,none,0.9917145396832046,0.80430217108779,0.9874922216151696,0.9494315696716341,0.6428571428571428
172,181,2,low,none,0.9927884900105084,0.764702153101783,0.9892451367454351,0.9042589205063574,0.6306818181818182
172,163,2,low,none,0.9916442043076538,0.8123171596560904,0.9879241263226595,0.8879633444435342,0.6414285714285713
172,189,2,low,none,0.99227658220768,0.744469792725288,0.988295981780496,0.880325576767522,0.6140350877192983
172,204,2,low,none,0.9902647426471467,0.5916159395304379,0.9838276233237553,0.8860337655568618,0.6428571428571428
172,201,2,low,none,0.9927762559376759,0.7183118322558588,0.9893114151428235,0.9211120438680431,0.625
172,216,2,low,none,0.9907172839413431,0.6468291336502263,0.9877023212035432,0.8824493961498932,0.6296296296296298
172,154,2,low,none,0.9928055449607602,0.6676041165334725,0.990228976129874,0.9392077623361028,0.6700680272108843
172,211,2,low,none,0.9941663410486633,0.7725821255769849,0.992593021913445,0.9266781531113851,0.625
172,196,2,low,none,0.99034299438197,0.7400549086202193,0.9848030816994711,0.9302772194587462,0.6333333333333333
176,36,2,low,none,0.99239515115767,0.7043043443383652,0.9884390296171978,0.894522915322262,0.653846153846154
176,93,2,low,none,0.9918937278113193,0.6360542873477759,0.9868782384113315,0.878765205705621,0.673747763864043
176,30,2,low,none,0.9928265990277326,0.6867067809565093,0.9904232296075267,0.8997832754211248,0.7
176,3,2,low,none,0.9936451752310758,0.6647571653514344,0.9919282210689954,0.8945542800983755,0.6510869565217391
176,204,2,low,none,0.9914374750400503,0.6310708874441047,0.9859523145724036,0.9005303347789383,0.6666666666666666
176,5,2,low,none,0.993390050559643,0.6967469458391724,0.9909051985387769,0.9209101359469711,0.6698717948717949
176,110,2,low,none,0.9934401458917083,0.6893543856556391,0.9908003148930814,0.9048260545658284,0.7052139037433155
176,28,2,low,none,0.9927755982343918,0.6687878009758323,0.9904558981065632,0.8879671170106442,0.6296296296296298
176,38,2,low,none,0.9924688235108531,0.6794556617732351,0.9901060372595797,0.8715485336777754,0.6666666666666667
176,116,2,low,none,0.993419628195166,0.7486982994788246,0.9911001766370972,0.9089261880927233,0.6666666666666666
176,189,2,low,none,0.9935308859763361,0.6618339193825693,0.9898487569408944,0.9062015842050952,0.5925925925925926
176,96,2,low,none,0.9927473820397706,0.7368762061343095,0.9906159979523578,0.8713526066918972,0.6557377049180328
176,106,2,low,none,0.9918728049257192,0.6659410638703309,0.9883229147875032,0.890303864863387,0.65625
176,216,2,low,none,0.9920887833066745,0.6470571102086522,0.9878522638389763,0.8902125362866978,0.6399999999999999
176,59,2,low,none,0.9918298829015992,0.716771820358186,0.9887778325837123,0.9016397922605953,0.639672131147541
176,163,2,low,none,0.9922913534650158,0.6696347976481873,0.9892029338630355,0.8989331183091154,0.6181818181818182
179,5,2,low,none,0.992644749422299,0.7138607983391416,0.9898687472439454,0.9144722299168244,0.6363636363636364
176,181,2,low,none,0.9935038789254373,0.679224541753132,0.9905176646291273,0.9355165058023771,0.6666666666666666
179,36,2,low,none,0.991770594477001,0.6693687743740038,0.9874136810667912,0.8948378862019816,0.6363636363636364
179,93,2,low,none,0.9911271474522216,0.5842347444084506,0.9853556173665245,0.8905494210868543,0.6521739130434783
179,30,2,low,none,0.991804542048893,0.6773489202023437,0.9884770550633907,0.9118397849255423,0.6153846153846154
179,3,2,low,none,0.9927460795124696,0.7440240503239148,0.9909406724890594,0.8655354765195735,0.5833333333333333
176,201,2,low,none,0.9930834785347784,0.6611200690095315,0.9894923436931592,0.8933135182795812,0.6956521739130435
179,38,2,low,none,0.9918509624366807,0.7468784129715035,0.9891799461144231,0.8975423682937846,0.6399999999999999
176,211,2,low,none,0.9938964619024879,0.7506330875065031,0.9920779332994707,0.9239312763043706,0.6666666666666666
179,106,2,low,none,0.9916723261989279,0.7659276615218773,0.9885001378609685,0.9286037240208608,0.6066017316017316
179,181,2,low,none,0.9921475725416498,0.5900536135787576,0.9896715639153889,0.8920188803797126,0.6451612903225807
179,12,2,low,none,0.9928384393899872,0.7464073511493006,0.9904084503757496,0.8441299978821324,0.644256120527307
179,28,2,low,none,0.9922634182574935,0.7583112763297921,0.9889876435981679,0.9202536773183904,0.5962594371997254
179,96,2,low,none,0.9921400683194941,0.7183343289844195,0.9899839837804026,0.9374345149077552,0.6666666666666665
179,204,2,low,none,0.9899686110307476,0.598753552910521,0.9830226718162177,0.8678691799115611,0.6
179,163,2,low,none,0.9905283001221086,0.7146609071239087,0.9865015010628966,0.9059316077681261,0.5989278752436648
179,141,2,low,none,0.992365710233679,0.8127834473876917,0.9905533234530834,0.9558531890986515,0.6410256410256411
179,201,2,low,none,0.99210433807616,0.6709790482068767,0.9892161687680612,0.8644810574231493,0.59375
176,141,2,low,none,0.993126245453357,0.7948579226203937,0.9909607657065413,0.8688976753497551,0.6333333333333333
179,110,2,low,none,0.992793732032483,0.7298148619907231,0.9898090804289086,0.9016133545413559,0.6765475152571927
180,5,2,low,none,0.9925204262818234,0.7481905794199946,0.9896728755476956,0.9206103798237437,0.6666666666666666
176,154,2,low,none,0.9923397771642049,0.7196657030844711,0.9910422731814835,0.9129103420063727,0.6666666666666666
180,36,2,low,none,0.9906749304353762,0.7366307124570761,0.9872774130176287,0.8844367970418078,0.6666666666666667
180,30,2,low,none,0.9917628342205755,0.7523443489837993,0.9889404747865667,0.8922310826051315,0.6869328493647913
176,196,2,low,none,0.9915787734870775,0.7558102808786464,0.9888722594307703,0.9203620694817256,0.6666666666666667
180,3,2,low,none,0.9938625161200227,0.7283357206807195,0.9911545817370778,0.8598651322145485,0.7
179,189,2,low,none,0.9922114375363449,0.6445951394290746,0.989093684611523,0.8769978721103934,0.6521739130434783
176,12,2,low,none,0.9929644072579347,0.7652552619004597,0.9905578596922056,0.9313328475219114,0.6666666666666666
179,59,2,low,none,0.9909069111766977,0.7609345697123457,0.9872039033627202,0.9070410439520422,0.6333333333333333
180,93,2,low,none,0.9908814118077731,0.5611229235802173,0.9864827041592066,0.886208937497047,0.6799999999999999
180,28,2,low,none,0.9902853912114806,0.7002252238799747,0.9848426246489335,0.9365254172463209,0.6071428571428572
179,116,2,low,none,0.9934031532710522,0.7527978857977258,0.9907101670304825,0.9044702212208499,0.6363636363636364
180,12,2,low,none,0.9919306249550803,0.7620008519242774,0.9888419190321799,0.9263939382847562,0.6449579831932772
179,216,2,low,none,0.9907005433131439,0.5637203393831975,0.9864367321097879,0.8952137556728196,0.625
180,38,2,low,none,0.9923262784252772,0.7486643794395802,0.9899812027126079,0.8605975104267967,0.653846153846154
180,110,2,low,none,0.9926150330904654,0.7198971562162756,0.9896634320008216,0.9115835398484333,0.653846153846154
180,106,2,low,none,0.9901046199368543,0.7152025320566706,0.9868058092789027,0.8920592313533635,0.6530100334448161
180,59,2,low,none,0.9890150473069123,0.7024358191334148,0.9842040763565882,0.9130336931369825,0.6666666666666666
180,96,2,low,none,0.9917447267387739,0.7552205355818163,0.9876569349237231,0.88873439724465,0.581989247311828
180,116,2,low,none,0.9921563273627005,0.7531420507373845,0.9899289354191965,0.9491285809420769,0.6461100569259962
180,141,2,low,none,0.9913572964756274,0.7518538855135701,0.9875371702704817,0.9435682787198512,0.6165158371040724
180,181,2,low,none,0.99189898085877,0.7789379704613577,0.9895775159756859,0.9175477276323645,0.6363636363636365
180,163,2,low,none,0.9902770174697524,0.7763792098681748,0.9857391648265685,0.9294302117906126,0.6311413454270598
180,189,2,low,none,0.9910569196239655,0.7086294567034727,0.9894850826518913,0.8771517046179319,0.6574129651860744
179,211,2,low,none,0.9940308113347266,0.7855991285971617,0.9926367767209657,0.9184044424874518,0.644614543466375
180,204,2,low,none,0.9884686666312513,0.6382151351965992,0.9824005379597482,0.8896932632262506,0.6923076923076923
180,201,2,low,none,0.99239376550288,0.7332603402828621,0.9898443776609511,0.9155844043271145,0.676470588235294
179,154,2,low,none,0.9917133852210184,0.7189543122336526,0.989410858479922,0.9437291377470782,0.6521739130434783
179,196,2,low,none,0.990752556046215,0.7279372409385045,0.9878358410739592,0.8353494020761212,0.6363636363636364
180,216,2,low,none,0.9891215968091955,0.7731675736257242,0.9845826210214907,0.9172967680663595,0.6818181818181819
180,154,2,low,none,0.9917299636686184,0.6749813342891628,0.9882528504601495,0.9269466914419415,0.6399999999999999
180,211,2,low,none,0.9936868594924994,0.701229887339681,0.9919853817537522,0.9279445419507184,0.674234693877551
180,196,2,low,none,0.98930876293428,0.7066191629840028,0.984516467026991,0.9212526784056205,0.6666666666666666
182,3,2,low,none,0.9922520067430187,0.7060053213530041,0.9872800673665204,0.8668953875114127,0.7
182,36,2,low,none,0.9903490917477463,0.6281753757760036,0.9845266690978003,0.9017089047191603,0.6956521739130435
182,30,2,low,none,0.9916303127231152,0.6875094225440821,0.9891292270468736,0.878338035345969,0.676944971537002
182,5,2,low,none,0.9914975611692602,0.6658230211170337,0.9880397707402625,0.8326308415120858,0.6823725055432373
182,93,2,low,none,0.9894417477288704,0.572763057580161,0.9816253687642204,0.8291835980874254,0.7032032032032032
182,38,2,low,none,0.9913803581570826,0.6865789268614053,0.9885327833340735,0.8938247801375349,0.6666666666666667
182,28,2,low,none,0.9915579866471853,0.7060285290374151,0.9871576071454422,0.8602953119458165,0.625
182,110,2,low,none,0.9916858812373136,0.6417050803608553,0.9881559536063259,0.8994850043208976,0.6888888888888889
182,12,2,low,none,0.991055890133682,0.7084355435763721,0.9888816611100198,0.9081793319560869,0.6666666666666666
182,96,2,low,none,0.9912798384677158,0.6749542097251584,0.987656528234962,0.8592842079485276,0.639672131147541
182,106,2,low,none,0.9906129318370142,0.6580994705329078,0.9889992899076657,0.9200096047950155,0.6530100334448161
182,59,2,low,none,0.9913861719605297,0.6913071824913364,0.9889632889950993,0.9129406229338586,0.6666666666666667
182,181,2,low,none,0.991273625642853,0.6295351021025668,0.9860348267498393,0.891730892624584,0.6956521739130435
182,116,2,low,none,0.9920276901706769,0.7224696653684852,0.9891146207892436,0.8918835219156457,0.6415094339622642
182,189,2,low,none,0.9907055939525726,0.5982695005335166,0.9863514916939292,0.8815487031021375,0.6206896551724137
182,204,2,low,none,0.9882365001196807,0.5496265937330683,0.9781130611167216,0.8646529596285255,0.75
182,163,2,low,none,0.9897252221752565,0.6547616567133145,0.9866443202355586,0.8860237007590867,0.6310068649885584
182,141,2,low,none,0.9917620810128686,0.7424650464802501,0.9882703214778272,0.9106583736968156,0.6666666666666666
182,201,2,low,none,0.9909238775500585,0.6844002437007288,0.987668057179165,0.8901187815817095,0.6938775510204083
182,216,2,low,none,0.9892186237585124,0.6839790434146718,0.9834439573407401,0.9147986280478383,0.676470588235294
183,3,2,low,none,0.9926574841461917,0.7462697508695875,0.9916618227206079,0.890275209445909,0.7407407407407407
183,5,2,low,none,0.9924480998002628,0.6870368306613897,0.9906603332842313,0.9181447499008654,0.6785714285714286
183,30,2,low,none,0.9919032604613063,0.7026786881931106,0.9908449327229121,0.9159001462990809,0.6399999999999999
183,36,2,low,none,0.9921687962060323,0.6618232119325153,0.9882228864517302,0.9144324157341377,0.7
182,154,2,low,none,0.9913128478015457,0.7149999672840164,0.986851094030131,0.9095267904728064,0.6698717948717949
183,93,2,low,none,0.9921253909111819,0.6438096410865717,0.9871173248921171,0.9051129060512688,0.7083333333333334
183,28,2,low,none,0.9912538484506368,0.742540387572594,0.989072860576694,0.9083212997475781,0.6428571428571428
182,211,2,low,none,0.992996531845458,0.6932404414161025,0.9891604591567001,0.8865453568141384,0.6956521739130435
183,38,2,low,none,0.9923014594787696,0.7255937938010331,0.9898309195009497,0.8938536157785409,0.7
183,12,2,low,none,0.9918532728504261,0.7642173890145448,0.9889203600240762,0.8949062425122668,0.6779953917050692
183,106,2,low,none,0.9922504499432386,0.7009660642159001,0.9895945638667991,0.9462382221870524,0.7272727272727273
182,196,2,low,none,0.9908404394835172,0.7123341079754719,0.9883894943663928,0.9088278712793183,0.6666666666666667
183,59,2,low,none,0.9912936378886756,0.700141587995482,0.9895331210250129,0.9314413696266937,0.6799999999999999
183,110,2,low,none,0.9933099678564332,0.6807917083715264,0.990845691622051,0.9160851344091391,0.7407407407407407
183,96,2,low,none,0.9925982326549152,0.759566507416893,0.9905507153052795,0.95608507318184,0.6499999999999999
183,116,2,low,none,0.9920829250597856,0.7377786222940205,0.9899348499619967,0.8961956311877232,0.6274509803921569
183,181,2,low,none,0.9924247476278217,0.6240457247042553,0.9900809375988725,0.9076916034723342,0.75
183,141,2,low,none,0.9911925520592237,0.7301014334804803,0.9894128543587599,0.8852315132525578,0.6046511627906976
183,163,2,low,none,0.9905612329550273,0.7007496041071168,0.9866104510349997,0.9325519607937119,0.6666666666666666
183,189,2,low,none,0.9920572097548235,0.6779504152855125,0.9897069565236061,0.9347190094649067,0.6296296296296298
183,204,2,low,none,0.9912694192567914,0.5681732299253468,0.985532289838509,0.8818370741507647,0.7596153846153846
183,201,2,low,none,0.9924965329861362,0.7128742243772719,0.9912756691765882,0.9273873953677444,0.6666666666666666
183,216,2,low,none,0.991328085802512,0.7048250697273819,0.9872477655842858,0.9271753087301406,0.72
186,5,2,low,none,0.9932575525851289,0.7123967394012918,0.9897776751694328,0.9548010270927453,0.657142857142857
186,3,2,low,none,0.9938724811361506,0.7782098843368465,0.9928335776422632,0.8533191515568508,0.6896551724137931
183,154,2,low,none,0.991625575754246,0.6890651167360285,0.9885532131427529,0.9213509615950757,0.7000000000000001
183,211,2,low,none,0.9935370462261748,0.7359424613338501,0.9936059128490963,0.9190174037886916,0.653846153846154
186,30,2,low,none,0.9925769620620836,0.7224773900282406,0.9909586858964894,0.903917694795018,0.65625
186,36,2,low,none,0.9923349962979721,0.6688248615549285,0.9904127876867138,0.8664256901138523,0.6666666666666666
186,28,2,low,none,0.9922781621113808,0.755527070831869,0.9892183231372602,0.9383409777288517,0.6170212765957447
183,196,2,low,none,0.9900943767929272,0.7128541892968108,0.9879780521691289,0.8801625028287832,0.7307692307692308
186,93,2,low,none,0.9917848719705453,0.6406270447268396,0.9887314309482527,0.8666451080486505,0.653846153846154
186,38,2,low,none,0.9936139709066513,0.7615853051714797,0.9914035740989352,0.8384084088482635,0.625
186,12,2,low,none,0.9925594151157613,0.7368797550830106,0.9900584762396554,0.9007255917943332,0.6379310344827586
186,59,2,low,none,0.9912801329189859,0.7424409514253467,0.9871358405841175,0.9048283509736947,0.6792857142857143
186,110,2,low,none,0.9936088752706617,0.7132927705656272,0.9911165900361337,0.9518304651726481,0.6799999999999999
186,106,2,low,none,0.9915051922114678,0.7191597069194695,0.989992870921394,0.8654569292912216,0.6545092838196287
186,96,2,low,none,0.993083451050315,0.7674226473315905,0.9911931290621661,0.9047835221254558,0.6086956521739131
186,116,2,low,none,0.9935481865126117,0.7922718730184254,0.9911914733615337,0.9092679138934674,0.6282392026578073
186,141,2,low,none,0.9914742817566606,0.794259676039764,0.9880535612969565,0.9063779454550408,0.6329931972789116
186,181,2,low,none,0.9938249964012853,0.7239377738187005,0.9931971193398323,0.9643107060106355,0.6774193548387097
186,163,2,low,none,0.9925184216286824,0.7453563071593032,0.9899648498932346,0.9000101487219878,0.6262254901960784
186,189,2,low,none,0.9932134297278296,0.7147316267564897,0.9890771654416217,0.8780092627211861,0.588235294117647
186,204,2,low,none,0.9895091025222188,0.5998104653536142,0.987571899564705,0.8945197359364968,0.6666666666666666
186,201,2,low,none,0.993514114640476,0.7077226566347652,0.9909635441116977,0.8910099909053584,0.6407624633431086
186,216,2,low,none,0.9919404766706457,0.6196826938388252,0.9880197102688953,0.891499478845412,0.6153846153846154
186,154,2,low,none,0.9927620851377871,0.6311362733309889,0.9909019364941588,0.8918955368120235,0.6857142857142857
200,3,2,low,none,0.9921064365348753,0.7143421502421644,0.9894357046867848,0.875694316643857,0.7142857142857142
200,5,2,low,none,0.992561266423259,0.678580840640645,0.990046419476183,0.8888210249849738,0.6708860759493671
186,196,2,low,none,0.9904994303479481,0.7188457902514405,0.9858788378110425,0.8817188600974792,0.6440092165898618
186,211,2,low,none,0.9941158742461061,0.7868480425962812,0.9924145883101321,0.9349606567886506,0.6514837819185646
200,30,2,low,none,0.9902019046457599,0.7361109773408889,0.9871273125602462,0.9183569567681502,0.6875
200,36,2,low,none,0.988829081690857,0.7178990426311597,0.9839207919509889,0.9064326756282817,0.6666666666666667
200,28,2,low,none,0.9903366813793606,0.7123432646756422,0.9872122351472847,0.9117012862827912,0.6363636363636364
200,12,2,low,none,0.9921298936323635,0.7252852780467302,0.9884314276422453,0.8544897153884856,0.6666666666666666
200,93,2,low,none,0.9885579129364811,0.6822646073799116,0.9805775474545256,0.912884671995529,0.7315315315315316
200,38,2,low,none,0.9921933133848032,0.7306848332484097,0.9903956557133528,0.8384237970363091,0.6923076923076923
200,59,2,low,none,0.9886748520268723,0.701219167647076,0.9836186340413487,0.910718908042799,0.6666666666666667
200,96,2,low,none,0.9915922051414081,0.7277569970044933,0.9896897180677705,0.9369813007527025,0.625
200,106,2,low,none,0.987931280301274,0.6857072581793282,0.984853836357237,0.9336651427301941,0.7142857142857142
200,110,2,low,none,0.9909197552806548,0.7088379623105123,0.988278502362361,0.8750521957544702,0.7142857142857142
200,116,2,low,none,0.9926274184219541,0.7728224962023905,0.9897587326351257,0.9067410939107907,0.6086956521739131
200,141,2,low,none,0.9890457791225821,0.7527359318108957,0.9854789029356772,0.9187658209372005,0.6333333333333333
200,181,2,low,none,0.9904295210762459,0.7701719979865436,0.9865868457359314,0.895881362924044,0.6896551724137931
200,163,2,low,none,0.9895952194096561,0.7544945022564526,0.9863105753193357,0.9281664198973557,0.6799999999999999
200,189,2,low,none,0.9906319954510635,0.8114880461338472,0.9859316231898967,0.9008028337402305,0.5593339587242027
200,204,2,low,none,0.986567880898853,0.6159234009180132,0.980752840392682,0.8942921116610049,0.7
200,201,2,low,none,0.9900776776211795,0.7435616873327451,0.987186037595677,0.8932082556077562,0.6896551724137931
200,154,2,low,none,0.9914348979525063,0.6408469384679027,0.9874000778489846,0.8629413330318906,0.7333333333333334
200,216,2,low,none,0.9877115869601263,0.7380558346735058,0.9847449366078637,0.9012856953605738,0.6799999999999999
200,196,2,low,none,0.988510929042351,0.6467472896083166,0.9843707833845241,0.8684108181241537,0.7073170731707317
200,211,2,low,none,0.9928130327869367,0.7212218809615298,0.9910601896984742,0.8923917459536361,0.65625
